property_id,valuation_uncertainty_risk,developer_risk,locality_quality_risk,market_liquidity_risk,price_volatility_risk,risk_score,risk_band
1,6.12,35.8,67.09,69.3,9.98,37.47,MODERATE
2,23.41,30.5,38.77,75.74,3.32,35.35,MODERATE
3,2.59,45.69,41.04,21.17,0.05,22.24,LOW
4,10.22,27.6,55.38,71.74,7.53,34.63,MODERATE
5,23.07,46.27,52.06,66.65,0.0,38.76,MODERATE
6,44.68,28.79,46.43,78.47,6.48,42.88,MODERATE
7,50.44,50.98,40.07,84.98,2.17,48.14,MODERATE
8,55.38,32.66,44.94,41.99,4.2,38.39,MODERATE
9,37.88,30.65,54.8,54.62,4.34,38.13,MODERATE
10,25.27,55.29,37.2,33.49,4.35,32.16,MODERATE
11,23.17,7.4,36.79,73.54,2.69,29.74,LOW
12,13.49,55.29,43.41,62.07,2.53,35.9,MODERATE
13,9.82,7.4,56.62,50.18,100.0,40.29,MODERATE
14,52.44,47.08,43.87,39.72,19.26,42.13,MODERATE
15,12.84,47.08,49.08,53.12,1.49,33.29,MODERATE
16,3.53,27.8,40.07,84.98,2.17,31.78,MODERATE
17,17.75,13.5,37.2,33.49,4.35,21.93,LOW
18,76.6,13.5,37.97,85.55,7.91,47.74,MODERATE
19,15.7,39.19,53.49,50.77,10.04,34.12,MODERATE
20,28.45,35.8,43.21,37.75,6.15,31.39,MODERATE
21,10.86,92.37,34.3,19.13,10.61,33.47,MODERATE
22,24.6,22.06,33.99,44.43,2.53,26.63,LOW
23,31.73,9.17,74.84,21.52,9.31,30.44,MODERATE
24,1.43,50.43,49.28,20.61,8.21,25.65,LOW
25,80.16,13.5,37.2,33.49,4.35,37.53,MODERATE
26,22.16,9.3,54.8,54.62,4.34,29.93,LOW
27,34.55,81.03,49.06,88.54,1.51,52.59,MODERATE
28,12.58,39.87,27.73,28.53,9.45,23.79,LOW
29,30.03,30.5,52.61,51.56,6.38,35.4,MODERATE
30,62.62,50.43,62.34,56.72,6.72,50.56,MODERATE
31,18.47,54.51,43.21,37.75,6.15,32.63,MODERATE
32,28.46,30.5,50.05,54.59,6.49,35.12,MODERATE
33,25.83,39.19,53.94,66.16,1.04,38.47,MODERATE
34,23.19,28.79,41.04,21.17,0.05,24.01,LOW
35,16.84,30.65,47.71,75.92,5.14,35.84,MODERATE
36,13.47,9.17,40.22,58.67,10.3,26.52,LOW
37,22.21,30.5,38.77,75.74,3.32,35.05,MODERATE
38,51.46,33.91,42.71,43.66,6.29,37.86,MODERATE
39,7.46,13.5,37.97,85.55,7.91,30.45,MODERATE
40,33.28,50.43,49.08,53.12,1.49,39.07,MODERATE
41,22.45,54.51,45.17,43.38,7.55,35.36,MODERATE
42,14.39,13.5,69.63,63.49,5.5,33.74,MODERATE
43,16.39,13.5,45.17,43.38,7.55,25.64,LOW
44,28.08,45.61,55.16,54.74,3.55,38.65,MODERATE
45,3.89,45.61,62.03,35.4,11.62,31.32,MODERATE
46,19.01,31.05,47.75,23.78,2.21,25.6,LOW
47,6.87,27.8,49.06,88.54,1.51,35.02,MODERATE
48,2.81,39.19,69.63,63.49,5.5,35.99,MODERATE
49,42.85,81.78,59.46,42.01,6.98,48.41,MODERATE
50,33.93,30.5,34.09,22.41,5.31,26.68,LOW
51,3.19,38.81,61.69,65.14,8.5,35.2,MODERATE
52,100.0,39.87,64.62,62.23,1.45,58.56,ELEVATED
53,78.15,9.17,40.22,58.67,10.3,42.69,MODERATE
54,42.19,55.28,44.14,84.78,4.01,47.99,MODERATE
55,54.1,9.17,49.79,22.56,7.83,31.0,MODERATE
56,15.46,9.3,74.34,80.87,5.45,37.58,MODERATE
57,14.47,7.4,56.62,50.18,100.0,41.46,MODERATE
58,21.24,9.3,40.07,84.98,2.17,32.51,MODERATE
59,5.17,30.65,49.08,53.12,1.49,28.09,LOW
60,7.17,31.05,47.71,75.92,5.14,33.5,MODERATE
61,26.63,30.65,54.59,66.05,6.77,37.93,MODERATE
62,15.3,50.98,62.34,56.72,6.72,38.84,MODERATE
63,26.98,45.69,62.96,56.72,14.21,41.95,MODERATE
64,16.02,47.08,64.62,62.23,1.45,39.01,MODERATE
65,6.41,55.28,45.14,30.75,2.65,28.23,LOW
66,8.21,27.8,64.25,82.95,6.21,37.99,MODERATE
67,0.35,41.92,62.83,59.7,4.82,33.7,MODERATE
68,55.13,39.87,54.59,66.05,6.77,46.9,MODERATE
69,28.45,21.89,61.51,50.38,8.86,35.2,MODERATE
70,43.58,81.78,62.23,24.09,4.71,45.22,MODERATE
71,48.14,39.87,44.39,16.48,3.54,32.71,MODERATE
72,13.1,9.17,37.97,85.55,7.91,31.0,MODERATE
73,24.55,54.51,41.57,33.83,3.77,32.69,MODERATE
74,9.58,47.08,23.77,18.02,4.26,20.81,LOW
75,37.95,7.4,43.41,62.07,2.53,32.44,MODERATE
76,4.98,31.05,44.94,41.99,4.2,25.47,LOW
77,9.55,39.87,54.59,66.05,6.77,35.5,MODERATE
78,18.19,9.17,61.63,40.68,4.75,27.56,LOW
79,19.69,13.5,44.65,72.77,3.22,31.59,MODERATE
80,26.68,52.85,47.81,43.54,7.25,36.6,MODERATE
81,27.34,46.27,50.05,54.59,6.49,37.99,MODERATE
82,24.54,77.67,52.06,66.65,0.0,45.41,MODERATE
83,2.7,30.65,43.42,67.64,5.36,29.82,LOW
84,43.06,28.79,40.22,58.67,10.3,37.84,MODERATE
85,41.32,50.43,28.14,37.62,28.48,37.84,MODERATE
86,35.5,38.81,34.09,22.41,5.31,28.73,LOW
87,10.17,55.28,49.86,55.73,6.34,35.67,MODERATE
88,2.84,52.85,40.22,58.67,10.3,32.6,MODERATE
89,56.8,30.65,44.14,84.78,4.01,46.72,MODERATE
90,6.58,35.8,44.39,16.48,3.54,21.51,LOW
91,7.53,79.62,46.47,69.35,1.31,41.17,MODERATE
92,41.1,39.87,64.62,62.23,1.45,43.84,MODERATE
93,13.99,30.65,27.39,79.52,5.52,31.84,MODERATE
94,9.25,39.87,54.59,66.05,6.77,35.43,MODERATE
95,63.13,55.28,45.14,30.75,2.65,42.41,MODERATE
96,39.17,70.78,64.62,62.23,1.45,49.54,MODERATE
97,4.87,50.43,44.65,72.77,3.22,35.27,MODERATE
98,7.69,45.61,49.06,88.54,1.51,38.79,MODERATE
99,0.23,9.3,74.34,80.87,5.45,33.78,MODERATE
100,13.35,9.17,37.97,85.55,7.91,31.06,MODERATE
101,39.96,77.67,66.25,44.11,5.32,48.39,MODERATE
102,45.84,39.19,53.49,50.77,10.04,41.65,MODERATE
103,9.61,44.85,42.71,43.66,6.29,29.59,LOW
104,3.07,50.98,67.09,69.3,9.98,39.74,MODERATE
105,11.11,52.85,62.96,56.72,14.21,39.41,MODERATE
106,10.62,49.18,44.14,84.78,4.01,38.88,MODERATE
107,7.76,81.78,56.62,50.18,100.0,54.66,MODERATE
108,100.0,9.3,62.34,56.72,6.72,51.68,MODERATE
109,12.03,33.91,27.73,28.53,9.45,22.46,LOW
110,22.82,52.85,48.0,31.83,2.74,32.65,MODERATE
111,1.72,7.4,28.14,37.62,28.48,19.34,LOW
112,15.12,28.79,41.04,21.17,0.05,21.99,LOW
113,26.1,45.69,37.2,33.49,4.35,30.45,MODERATE
114,37.36,49.18,43.87,39.72,19.26,38.78,MODERATE
115,13.16,67.71,52.06,66.65,0.0,40.57,MODERATE
116,14.32,44.85,46.74,32.43,8.08,29.6,LOW
117,9.88,27.6,43.21,37.75,6.15,25.11,LOW
118,53.17,9.17,50.05,54.59,6.49,37.03,MODERATE
119,12.97,27.6,55.38,71.74,7.53,35.32,MODERATE
120,30.97,44.42,36.69,13.35,13.11,28.6,LOW
121,22.77,9.17,49.33,36.19,8.62,25.92,LOW
122,46.48,81.78,37.2,33.49,4.35,42.77,MODERATE
123,65.29,54.51,41.57,33.83,3.77,42.87,MODERATE
124,5.07,50.43,28.14,37.62,28.48,28.78,LOW
125,6.34,46.27,53.94,66.16,1.04,35.01,MODERATE
126,5.64,30.5,50.05,54.59,6.49,29.41,LOW
127,60.35,45.69,38.77,75.74,3.32,47.62,MODERATE
128,6.45,13.5,61.34,75.53,1.78,31.95,MODERATE
129,20.16,31.05,44.94,41.99,4.2,29.26,LOW
130,26.35,9.3,64.55,94.57,7.93,41.46,MODERATE
131,8.06,9.17,49.33,36.19,8.62,22.25,LOW
132,9.8,39.87,62.23,24.09,4.71,28.39,LOW
133,18.59,45.69,38.77,75.74,3.32,37.18,MODERATE
134,5.81,30.65,40.22,58.67,10.3,28.9,LOW
135,43.12,28.79,66.25,44.11,5.32,39.41,MODERATE
136,4.96,77.67,66.25,44.11,5.32,39.64,MODERATE
137,37.35,9.3,63.25,50.14,3.97,34.47,MODERATE
138,0.51,39.87,44.39,16.48,3.54,20.81,LOW
139,12.9,55.29,43.87,39.72,19.26,33.89,MODERATE
140,1.54,45.61,46.74,32.43,8.08,26.55,LOW
141,37.56,45.61,61.51,50.38,8.86,42.22,MODERATE
142,14.33,50.43,44.65,72.77,3.22,37.64,MODERATE
143,9.73,21.89,74.34,80.87,5.45,38.67,MODERATE
144,33.21,44.42,45.14,30.75,2.65,32.76,MODERATE
145,22.88,13.5,44.65,72.77,3.22,32.39,MODERATE
146,49.14,32.66,23.77,18.02,4.26,27.81,LOW
147,17.67,13.5,45.17,43.38,7.55,25.96,LOW
148,9.84,55.29,43.41,62.07,2.53,34.99,MODERATE
149,4.39,27.6,45.17,43.38,7.55,25.46,LOW
150,19.26,45.61,46.74,32.43,8.08,30.98,MODERATE
151,16.5,30.65,44.14,84.78,4.01,36.64,MODERATE
152,13.7,45.69,35.93,38.19,7.67,28.54,LOW
153,72.02,30.5,52.61,51.56,6.38,45.89,MODERATE
154,83.45,30.65,40.07,84.98,2.17,52.33,MODERATE
155,12.94,28.79,49.08,53.12,1.49,29.66,LOW
156,19.71,13.5,61.69,65.14,8.5,34.27,MODERATE
157,3.73,44.85,46.74,32.43,8.08,26.95,LOW
158,49.84,41.92,63.25,50.14,3.97,44.12,MODERATE
159,17.53,52.85,40.22,58.67,10.3,36.27,MODERATE
160,2.58,50.98,43.42,67.64,5.36,33.85,MODERATE
161,29.82,32.66,44.94,41.99,4.2,32.0,MODERATE
162,34.28,81.78,45.96,28.05,13.05,41.69,MODERATE
163,13.52,54.69,36.79,73.54,2.69,36.79,MODERATE
164,19.39,44.42,40.22,58.67,10.3,35.06,MODERATE
165,11.41,45.69,37.2,33.49,4.35,26.78,LOW
166,17.38,13.5,44.65,72.77,3.22,31.01,MODERATE
167,15.5,92.37,34.3,19.13,10.61,34.63,MODERATE
168,3.77,13.5,45.17,43.38,7.55,22.48,LOW
169,10.06,22.06,33.99,44.43,2.53,22.99,LOW
170,22.61,52.85,23.77,18.02,4.26,25.22,LOW
171,11.55,79.62,62.83,59.7,4.82,44.04,MODERATE
172,58.43,30.5,50.05,54.59,6.49,42.61,MODERATE
173,18.51,50.98,35.93,38.19,7.67,30.8,MODERATE
174,1.28,13.5,36.69,13.35,13.11,14.99,LOW
175,9.89,81.78,45.96,28.05,13.05,35.59,MODERATE
176,4.83,81.03,61.34,75.53,1.78,45.06,MODERATE
177,37.39,46.27,32.94,31.9,6.06,32.48,MODERATE
178,9.81,35.8,33.99,44.43,2.53,25.68,LOW
179,10.98,27.6,49.06,88.54,1.51,36.01,MODERATE
180,23.87,44.85,46.74,32.43,8.08,31.98,MODERATE
181,5.61,70.78,64.62,62.23,1.45,41.15,MODERATE
182,16.17,22.06,48.0,31.83,2.74,24.83,LOW
183,24.06,81.03,64.25,82.95,6.21,52.59,MODERATE
184,21.05,35.8,43.21,37.75,6.15,29.54,LOW
185,54.87,55.29,45.17,43.38,7.55,43.62,MODERATE
186,11.0,22.06,33.99,44.43,2.53,23.22,LOW
187,32.32,54.51,47.75,23.78,2.21,33.62,MODERATE
188,38.38,31.05,26.54,32.88,8.7,29.0,LOW
189,3.23,35.8,37.97,85.55,7.91,33.86,MODERATE
190,38.34,39.19,69.63,63.49,5.5,44.87,MODERATE
191,13.48,9.17,50.05,54.59,6.49,27.11,LOW
192,34.77,54.51,62.83,59.7,4.82,44.82,MODERATE
193,14.82,45.69,35.93,38.19,7.67,28.82,LOW
194,16.75,39.19,52.61,51.56,6.38,33.82,MODERATE
195,9.56,81.03,37.97,85.55,7.91,44.49,MODERATE
196,0.87,67.71,26.54,32.88,8.7,26.95,LOW
197,39.71,55.29,37.2,33.49,4.35,35.77,MODERATE
198,66.12,9.3,54.8,54.62,4.34,40.92,MODERATE
199,1.09,38.81,46.47,69.35,1.31,31.4,MODERATE
200,8.71,32.66,36.79,73.54,2.69,31.18,MODERATE
201,19.18,50.43,64.55,94.57,7.93,47.89,MODERATE
202,46.13,35.8,43.21,37.75,6.15,35.81,MODERATE
203,20.97,38.81,46.47,69.35,1.31,36.36,MODERATE
204,4.93,9.3,44.14,84.78,4.01,29.48,LOW
205,40.45,7.4,41.57,33.83,3.77,27.24,LOW
206,33.45,67.71,62.96,56.72,14.21,47.97,MODERATE
207,29.61,52.85,61.4,60.31,7.14,43.39,MODERATE
208,37.2,27.8,49.06,88.54,1.51,42.61,MODERATE
209,47.9,35.8,37.97,85.55,7.91,45.03,MODERATE
210,29.81,27.6,64.55,94.57,7.93,45.99,MODERATE
211,13.68,50.43,49.08,53.12,1.49,34.17,MODERATE
212,13.01,92.37,37.2,33.49,4.35,36.51,MODERATE
213,1.92,50.98,41.44,31.24,6.52,26.19,LOW
214,4.69,79.62,46.47,69.35,1.31,40.46,MODERATE
215,39.92,39.87,34.3,19.13,10.61,30.23,MODERATE
216,17.03,50.98,26.82,39.87,3.59,28.33,LOW
217,4.08,45.69,62.96,56.72,14.21,36.22,MODERATE
218,13.57,67.71,55.74,73.6,6.83,43.83,MODERATE
219,52.36,49.18,44.14,84.78,4.01,49.31,MODERATE
220,0.28,41.92,46.14,60.26,0.85,29.86,LOW
221,4.72,44.85,46.74,32.43,8.08,27.2,LOW
222,8.18,92.37,67.74,76.58,5.54,50.21,MODERATE
223,30.19,50.43,63.25,50.14,3.97,40.91,MODERATE
224,25.8,39.19,67.09,69.3,9.98,43.06,MODERATE
225,24.6,52.85,64.62,62.23,1.45,42.31,MODERATE
226,27.79,28.79,49.79,22.56,7.83,28.35,LOW
227,28.23,35.8,37.97,85.55,7.91,40.11,MODERATE
228,1.62,28.79,66.25,44.11,5.32,29.03,LOW
229,6.68,54.51,43.21,37.75,6.15,29.69,LOW
230,1.73,81.78,63.25,50.14,3.97,40.06,MODERATE
231,1.82,50.43,64.55,94.57,7.93,43.55,MODERATE
232,38.95,39.87,50.05,54.59,6.49,39.61,MODERATE
233,3.55,33.91,43.41,62.07,2.53,29.15,LOW
234,18.53,9.3,40.07,84.98,2.17,31.83,MODERATE
235,11.62,35.8,41.44,31.24,6.52,25.58,LOW
236,28.8,54.51,74.34,80.87,5.45,49.96,MODERATE
237,23.5,67.71,63.25,50.14,3.97,42.69,MODERATE
238,12.79,39.19,28.14,37.62,28.48,28.46,LOW
239,13.11,39.87,61.4,60.31,7.14,36.67,MODERATE
240,9.22,44.85,43.21,37.75,6.15,28.39,LOW
241,59.44,33.91,37.7,35.87,3.28,36.85,MODERATE
242,12.42,38.81,59.24,22.75,11.82,29.04,LOW
243,3.97,38.81,46.47,69.35,1.31,32.12,MODERATE
244,63.42,41.92,34.09,22.41,5.31,36.34,MODERATE
245,9.37,30.5,46.03,96.31,7.43,38.03,MODERATE
246,2.46,27.8,53.94,66.16,1.04,30.35,MODERATE
247,3.71,50.98,49.08,53.12,1.49,31.79,MODERATE
248,55.0,45.61,43.21,37.75,6.15,39.98,MODERATE
249,10.63,44.42,37.7,35.87,3.28,26.75,LOW
250,11.31,30.5,43.41,62.07,2.53,30.4,MODERATE
251,7.01,52.85,61.4,60.31,7.14,37.74,MODERATE
252,4.12,47.08,64.62,62.23,1.45,36.03,MODERATE
253,7.27,39.19,28.14,37.62,28.48,27.08,LOW
254,19.86,33.91,49.79,22.56,7.83,27.39,LOW
255,9.79,52.85,55.16,54.74,3.55,35.53,MODERATE
256,24.59,92.37,37.2,33.49,4.35,39.41,MODERATE
257,12.5,22.06,49.28,20.61,8.21,22.75,LOW
258,48.38,55.28,27.73,28.53,9.45,35.82,MODERATE
259,5.31,44.42,61.51,50.38,8.86,33.92,MODERATE
260,2.08,55.29,43.41,62.07,2.53,33.05,MODERATE
261,24.18,9.17,34.49,52.59,6.05,26.2,LOW
262,35.86,30.65,40.07,84.98,2.17,40.43,MODERATE
263,25.95,39.87,27.73,28.53,9.45,27.13,LOW
264,23.81,39.87,34.3,19.13,10.61,26.2,LOW
265,100.0,31.05,34.3,19.13,10.61,43.49,MODERATE
266,29.8,44.85,43.21,37.75,6.15,33.53,MODERATE
267,31.49,13.5,37.2,33.49,4.35,25.36,LOW
268,5.79,41.92,37.97,85.55,7.91,35.72,MODERATE
269,4.26,49.18,40.07,84.98,2.17,36.24,MODERATE
270,52.14,9.3,44.14,84.78,4.01,41.28,MODERATE
271,31.9,13.5,34.09,22.41,5.31,22.77,LOW
272,22.2,31.05,47.71,75.92,5.14,37.26,MODERATE
273,43.85,49.18,53.49,50.77,10.04,43.16,MODERATE
274,19.71,28.79,62.83,59.7,4.82,35.92,MODERATE
275,84.86,92.37,34.3,19.13,10.61,51.97,MODERATE
276,52.69,31.05,43.87,39.72,19.26,38.99,MODERATE
277,11.51,41.92,37.97,85.55,7.91,37.15,MODERATE
278,65.03,7.4,62.34,56.72,6.72,42.56,MODERATE
279,27.29,33.91,49.79,22.56,7.83,29.25,LOW
280,28.6,32.66,67.09,69.3,9.98,42.46,MODERATE
281,58.07,9.17,40.22,58.67,10.3,37.67,MODERATE
282,19.58,67.71,26.54,32.88,8.7,31.63,MODERATE
283,37.41,47.08,49.08,53.12,1.49,39.43,MODERATE
284,9.25,9.3,54.8,54.62,4.34,26.71,LOW
285,7.73,44.42,44.94,41.99,4.2,28.83,LOW
286,19.17,47.08,43.87,39.72,19.26,33.82,MODERATE
287,7.5,55.28,49.86,55.73,6.34,35.0,MODERATE
288,10.62,31.05,47.75,23.78,2.21,23.5,LOW
289,8.06,9.3,64.55,94.57,7.93,36.89,MODERATE
290,7.35,27.8,50.05,54.59,6.49,29.3,LOW
291,31.69,39.19,49.06,88.54,1.51,43.51,MODERATE
292,7.72,32.66,44.94,41.99,4.2,26.48,LOW
293,100.0,33.91,42.71,43.66,6.29,50.0,MODERATE
294,6.07,28.79,48.0,31.83,2.74,23.65,LOW
295,37.62,67.71,63.25,50.14,3.97,46.22,MODERATE
296,1.36,77.67,55.38,71.74,7.53,42.43,MODERATE
297,22.6,9.17,32.94,31.9,6.06,21.36,LOW
298,5.8,52.85,62.96,56.72,14.21,38.09,MODERATE
299,11.15,22.06,49.28,20.61,8.21,22.41,LOW
300,12.0,28.79,41.04,21.17,0.05,21.21,LOW
301,19.99,28.79,41.04,21.17,0.05,23.2,LOW
302,28.13,27.8,40.07,84.98,2.17,37.93,MODERATE
303,3.81,30.65,40.22,58.67,10.3,28.4,LOW
304,49.52,41.92,41.44,31.24,6.52,36.28,MODERATE
305,16.3,31.05,49.28,20.61,8.21,25.49,LOW
306,87.55,55.28,61.63,40.68,4.75,54.12,MODERATE
307,16.33,45.61,49.06,88.54,1.51,40.95,MODERATE
308,5.02,7.4,28.14,37.62,28.48,20.16,LOW
309,91.16,44.85,46.74,32.43,8.08,48.81,MODERATE
310,36.64,54.69,53.94,66.16,1.04,44.27,MODERATE
311,1.65,39.87,50.05,54.59,6.49,30.29,MODERATE
312,20.73,55.28,49.86,55.73,6.34,38.31,MODERATE
313,3.57,54.51,43.21,37.75,6.15,28.91,LOW
314,13.34,44.42,45.14,30.75,2.65,27.79,LOW
315,9.66,30.65,40.07,84.98,2.17,33.88,MODERATE
316,70.47,9.17,37.97,85.55,7.91,45.34,MODERATE
317,37.44,46.27,53.94,66.16,1.04,42.79,MODERATE
318,33.67,30.5,52.61,51.56,6.38,36.31,MODERATE
319,17.44,67.71,26.54,32.88,8.7,31.09,MODERATE
320,72.5,32.66,67.09,69.3,9.98,53.43,MODERATE
321,24.2,45.61,41.04,21.17,0.05,27.62,LOW
322,5.11,67.71,62.96,56.72,14.21,40.89,MODERATE
323,39.19,30.5,52.61,51.56,6.38,37.69,MODERATE
324,10.47,45.69,44.94,41.99,4.2,29.77,LOW
325,46.97,54.69,53.94,66.16,1.04,46.86,MODERATE
326,18.06,45.69,38.77,75.74,3.32,37.05,MODERATE
327,15.67,45.69,35.93,38.19,7.67,29.03,LOW
328,21.46,22.06,37.7,35.87,3.28,24.98,LOW
329,5.45,39.87,44.39,16.48,3.54,22.04,LOW
330,18.12,45.69,38.77,75.74,3.32,37.07,MODERATE
331,9.92,46.27,46.47,69.35,1.31,35.09,MODERATE
332,5.75,30.5,47.75,23.78,2.21,22.18,LOW
333,4.98,9.3,64.55,94.57,7.93,36.12,MODERATE
334,10.33,50.43,27.39,79.52,5.52,34.88,MODERATE
335,23.96,27.6,36.51,72.54,8.54,34.6,MODERATE
336,65.51,46.27,50.05,54.59,6.49,47.53,MODERATE
337,36.81,47.08,61.63,40.68,4.75,39.79,MODERATE
338,34.54,27.8,53.94,66.16,1.04,38.37,MODERATE
339,20.8,44.42,61.51,50.38,8.86,37.79,MODERATE
340,60.23,44.42,54.8,54.62,4.34,46.48,MODERATE
341,19.25,9.3,74.34,80.87,5.45,38.53,MODERATE
342,25.94,39.19,69.63,63.49,5.5,41.77,MODERATE
343,31.36,31.05,34.49,52.59,6.05,32.37,MODERATE
344,0.72,38.81,62.96,56.72,14.21,34.01,MODERATE
345,3.07,50.43,32.94,31.9,6.06,24.73,LOW
346,24.05,54.69,45.17,43.38,7.55,35.79,MODERATE
347,83.8,31.05,26.54,32.88,8.7,40.35,MODERATE
348,19.43,27.6,37.2,33.49,4.35,25.17,LOW
349,26.87,35.8,33.99,44.43,2.53,29.94,LOW
350,40.86,22.06,37.7,35.87,3.28,29.83,LOW
351,7.4,9.3,35.93,38.19,7.67,19.68,LOW
352,1.78,22.06,54.8,54.62,4.34,27.39,LOW
353,1.35,50.98,35.93,38.19,7.67,26.51,LOW
354,5.82,54.51,45.17,43.38,7.55,31.2,MODERATE
355,8.32,44.85,46.74,32.43,8.08,28.09,LOW
356,1.83,39.19,42.71,43.66,6.29,26.51,LOW
357,26.42,31.05,26.54,32.88,8.7,26.01,LOW
358,12.2,9.17,49.33,36.19,8.62,23.28,LOW
359,100.0,33.91,43.41,62.07,2.53,53.26,MODERATE
360,35.76,44.42,44.94,41.99,4.2,35.84,MODERATE
361,41.28,47.08,56.62,50.18,100.0,56.09,ELEVATED
362,2.37,79.62,62.83,59.7,4.82,41.75,MODERATE
363,11.93,55.29,26.54,32.88,8.7,27.23,LOW
364,11.98,30.65,44.14,84.78,4.01,35.51,MODERATE
365,8.72,22.06,48.0,31.83,2.74,22.97,LOW
366,31.7,30.65,67.74,76.58,5.54,43.75,MODERATE
367,30.51,31.05,47.75,23.78,2.21,28.47,LOW
368,13.35,21.89,44.65,72.77,3.22,31.68,MODERATE
369,34.57,52.85,61.4,60.31,7.14,44.63,MODERATE
370,29.15,31.05,43.87,39.72,19.26,33.11,MODERATE
371,11.5,28.79,66.25,44.11,5.32,31.5,MODERATE
372,8.58,45.69,59.24,22.75,11.82,29.45,LOW
373,19.16,27.6,37.2,33.49,4.35,25.1,LOW
374,17.6,7.4,56.62,50.18,100.0,42.24,MODERATE
375,0.74,32.66,34.3,19.13,10.61,19.0,LOW
376,17.41,81.78,74.84,21.52,9.31,41.38,MODERATE
377,5.5,13.5,37.97,85.55,7.91,29.97,LOW
378,8.03,32.66,27.39,79.52,5.52,30.75,MODERATE
379,35.08,21.89,42.71,43.66,6.29,31.36,MODERATE
380,32.23,45.61,43.21,37.75,6.15,34.29,MODERATE
381,10.63,39.19,43.72,62.22,4.4,32.34,MODERATE
382,7.64,50.98,62.34,56.72,6.72,36.92,MODERATE
383,16.01,44.42,40.22,58.67,10.3,34.21,MODERATE
384,13.53,49.18,44.14,84.78,4.01,39.61,MODERATE
385,40.89,27.8,50.05,54.59,6.49,37.68,MODERATE
386,45.5,9.17,34.49,52.59,6.05,31.53,MODERATE
387,3.47,50.43,49.06,88.54,1.51,38.7,MODERATE
388,18.28,55.29,37.2,33.49,4.35,30.42,MODERATE
389,31.22,9.17,34.49,52.59,6.05,27.96,LOW
390,23.77,44.85,32.58,28.53,7.36,28.24,LOW
391,8.9,49.18,34.3,19.13,10.61,24.34,LOW
392,9.46,30.65,64.25,82.95,6.21,38.87,MODERATE
393,29.03,9.3,46.14,60.26,0.85,30.52,MODERATE
394,20.24,30.65,43.41,62.07,2.53,32.66,MODERATE
395,10.8,92.37,43.21,37.75,6.15,38.29,MODERATE
396,34.23,54.69,34.49,52.59,6.05,37.82,MODERATE
397,22.61,22.06,45.17,43.38,7.55,28.91,LOW
398,0.33,9.17,49.33,36.19,8.62,20.31,LOW
399,28.89,28.79,49.79,22.56,7.83,28.62,LOW
400,12.55,7.4,41.44,31.24,6.52,20.13,LOW
401,13.56,49.18,49.33,36.19,8.62,31.62,MODERATE
402,17.95,70.78,59.46,42.01,6.98,39.98,MODERATE
403,40.21,55.29,47.75,23.78,2.21,35.75,MODERATE
404,18.57,79.62,54.8,54.62,4.34,43.1,MODERATE
405,15.2,39.87,67.09,69.3,9.98,40.55,MODERATE
406,42.6,67.71,63.25,50.14,3.97,47.46,MODERATE
407,38.86,92.37,32.58,28.53,7.36,41.51,MODERATE
408,22.82,92.37,32.58,28.53,7.36,37.5,MODERATE
409,19.75,92.37,32.58,28.53,7.36,36.74,MODERATE
410,3.39,54.51,74.34,80.87,5.45,43.61,MODERATE
411,2.69,55.29,43.87,39.72,19.26,31.34,MODERATE
412,10.97,39.19,56.62,50.18,100.0,46.94,MODERATE
413,1.31,13.5,26.82,39.87,3.59,16.9,LOW
414,0.95,54.51,64.55,94.57,7.93,44.15,MODERATE
415,35.87,44.42,28.14,37.62,28.48,35.28,MODERATE
416,12.58,55.29,55.74,73.6,6.83,41.1,MODERATE
417,2.33,77.67,38.77,75.74,3.32,39.52,MODERATE
418,4.2,13.5,45.17,43.38,7.55,22.59,LOW
419,5.76,49.18,49.33,36.19,8.62,29.67,LOW
420,3.64,30.65,33.99,44.43,2.53,23.1,LOW
421,37.03,44.85,43.21,37.75,6.15,35.34,MODERATE
422,7.24,92.37,34.3,19.13,10.61,32.56,MODERATE
423,44.59,54.69,41.04,21.17,0.05,34.54,MODERATE
424,33.79,35.8,67.09,69.3,9.98,44.38,MODERATE
425,3.54,30.5,43.72,62.22,4.4,28.84,LOW
426,25.13,44.85,42.71,43.66,6.29,33.47,MODERATE
427,21.65,39.87,35.93,38.19,7.67,29.36,LOW
428,14.2,81.78,37.2,33.49,4.35,34.7,MODERATE
429,6.65,30.65,54.59,66.05,6.77,32.94,MODERATE
430,46.37,30.5,56.62,50.18,100.0,54.05,MODERATE
431,34.44,50.98,43.42,67.64,5.36,41.82,MODERATE
432,10.66,70.78,54.8,54.62,4.34,39.36,MODERATE
433,38.07,52.85,64.62,62.23,1.45,45.67,MODERATE
434,20.18,55.29,46.47,69.35,1.31,39.46,MODERATE
435,20.79,67.71,63.25,50.14,3.97,42.01,MODERATE
436,18.4,47.08,45.14,30.75,2.65,29.59,LOW
437,34.11,9.3,32.94,31.9,6.06,24.26,LOW
438,3.83,49.18,43.87,39.72,19.26,30.4,MODERATE
439,18.48,13.5,49.28,20.61,8.21,22.53,LOW
440,0.17,9.17,46.47,69.35,1.31,25.24,LOW
441,20.53,55.28,62.83,59.7,4.82,41.42,MODERATE
442,62.54,45.61,62.03,35.4,11.62,45.98,MODERATE
443,16.21,49.18,36.51,72.54,8.54,36.98,MODERATE
444,97.0,39.87,61.4,60.31,7.14,57.64,ELEVATED
445,21.71,41.92,63.25,50.14,3.97,37.09,MODERATE
446,10.14,45.69,38.77,75.74,3.32,35.07,MODERATE
447,12.54,7.4,64.25,82.95,6.21,34.99,MODERATE
448,3.56,38.81,45.17,43.38,7.55,27.49,LOW
449,6.3,39.87,27.73,28.53,9.45,22.22,LOW
450,60.85,45.61,61.51,50.38,8.86,48.04,MODERATE
451,18.54,54.51,43.21,37.75,6.15,32.65,MODERATE
452,12.53,39.19,56.62,50.18,100.0,47.33,MODERATE
453,5.91,54.51,47.81,43.54,7.25,31.74,MODERATE
454,14.53,45.61,55.16,54.74,3.55,35.27,MODERATE
455,60.31,31.05,26.54,32.88,8.7,34.48,MODERATE
456,7.48,92.37,67.74,76.58,5.54,50.04,MODERATE
457,2.43,44.85,34.09,22.41,5.31,21.67,LOW
458,6.86,45.61,61.51,50.38,8.86,34.54,MODERATE
459,11.8,41.92,41.44,31.24,6.52,26.85,LOW
460,20.06,46.27,64.62,62.23,1.45,39.86,MODERATE
461,23.45,31.05,36.51,72.54,8.54,35.16,MODERATE
462,41.9,81.78,63.25,50.14,3.97,50.1,MODERATE
463,31.79,41.92,46.14,60.26,0.85,37.74,MODERATE
464,28.91,31.05,45.68,70.55,5.22,37.47,MODERATE
465,4.94,41.92,63.25,50.14,3.97,32.89,MODERATE
466,0.78,38.81,43.21,37.75,6.15,25.07,LOW
467,26.12,70.78,40.07,84.98,2.17,46.02,MODERATE
468,26.73,27.8,50.05,54.59,6.49,34.15,MODERATE
469,1.59,7.4,64.25,82.95,6.21,32.25,MODERATE
470,3.67,44.42,44.94,41.99,4.2,27.82,LOW
471,43.46,50.98,44.65,72.77,3.22,45.03,MODERATE
472,16.21,67.71,62.96,56.72,14.21,43.66,MODERATE
473,12.95,44.42,40.22,58.67,10.3,33.44,MODERATE
474,9.21,54.51,43.21,37.75,6.15,30.32,MODERATE
475,42.91,41.92,37.7,35.87,3.28,34.32,MODERATE
476,77.19,45.61,62.03,35.4,11.62,49.65,MODERATE
477,35.86,28.79,50.05,54.59,6.49,36.62,MODERATE
478,30.6,22.06,38.77,75.74,3.32,35.46,MODERATE
479,9.09,32.66,67.09,69.3,9.98,37.58,MODERATE
480,11.55,13.5,49.79,22.56,7.83,21.23,LOW
481,11.96,39.87,54.59,66.05,6.77,36.11,MODERATE
482,21.37,21.89,61.51,50.38,8.86,33.43,MODERATE
483,40.08,39.87,49.28,20.61,8.21,33.2,MODERATE
484,56.03,45.61,23.77,18.02,4.26,32.13,MODERATE
485,59.33,41.92,63.25,50.14,3.97,46.49,MODERATE
486,1.25,45.69,69.63,63.49,5.5,36.9,MODERATE
487,53.32,45.61,38.07,12.64,8.6,33.88,MODERATE
488,16.18,55.29,45.17,43.38,7.55,33.94,MODERATE
489,15.71,39.87,35.93,38.19,7.67,27.87,LOW
490,29.55,9.3,64.55,94.57,7.93,42.26,MODERATE
491,61.48,13.5,36.69,13.35,13.11,30.04,MODERATE
492,18.54,30.65,49.79,22.56,7.83,26.41,LOW
493,38.19,39.19,26.82,39.87,3.59,31.26,MODERATE
494,100.0,50.43,36.79,73.54,2.69,57.56,ELEVATED
495,8.5,49.18,38.77,75.74,3.32,35.36,MODERATE
496,25.46,7.4,56.62,50.18,100.0,44.21,MODERATE
497,5.7,52.85,48.0,31.83,2.74,28.37,LOW
498,34.37,22.06,38.77,75.74,3.32,36.4,MODERATE
499,80.28,35.8,67.09,69.3,9.98,56.0,ELEVATED
500,16.93,33.91,34.49,52.59,6.05,29.34,LOW
501,50.45,70.78,27.39,79.52,5.52,48.98,MODERATE
502,31.51,50.43,37.2,33.49,4.35,32.75,MODERATE
503,20.73,55.29,46.47,69.35,1.31,39.6,MODERATE
504,85.03,67.71,62.96,56.72,14.21,60.87,ELEVATED
505,48.91,54.69,36.79,73.54,2.69,45.64,MODERATE
506,22.63,30.65,63.25,50.14,3.97,35.06,MODERATE
507,17.95,46.27,46.43,78.47,6.48,39.69,MODERATE
508,41.35,50.43,54.79,31.06,8.54,38.88,MODERATE
509,16.17,9.17,46.47,69.35,1.31,29.24,LOW
510,4.56,9.3,44.14,84.78,4.01,29.39,LOW
511,3.47,39.87,44.39,16.48,3.54,21.55,LOW
512,1.7,55.28,49.86,55.73,6.34,33.55,MODERATE
513,5.8,92.37,34.49,52.59,6.05,38.25,MODERATE
514,7.49,47.08,56.62,50.18,100.0,47.65,MODERATE
515,5.69,81.03,36.79,73.54,2.69,40.1,MODERATE
516,21.17,39.19,43.72,62.22,4.4,34.98,MODERATE
517,38.57,39.19,43.72,62.22,4.4,39.33,MODERATE
518,11.65,67.71,62.96,56.72,14.21,42.52,MODERATE
519,5.76,45.69,43.87,39.72,19.26,30.19,MODERATE
520,26.21,54.51,43.21,37.75,6.15,34.57,MODERATE
521,21.27,9.3,62.83,59.7,4.82,32.41,MODERATE
522,6.52,30.65,43.41,62.07,2.53,29.23,LOW
523,13.62,54.51,64.55,94.57,7.93,47.32,MODERATE
524,33.84,27.8,40.07,84.98,2.17,39.36,MODERATE
525,23.49,21.89,42.71,43.66,6.29,28.47,LOW
526,14.1,30.65,43.41,62.07,2.53,31.13,MODERATE
527,15.69,79.62,62.83,59.7,4.82,45.08,MODERATE
528,100.0,30.65,27.39,79.52,5.52,53.34,MODERATE
529,78.76,81.03,37.97,85.55,7.91,61.79,ELEVATED
530,7.06,44.42,63.25,50.14,3.97,33.92,MODERATE
531,24.99,35.8,55.74,73.6,6.83,40.3,MODERATE
532,33.81,27.6,55.38,71.74,7.53,40.53,MODERATE
533,5.83,79.62,62.83,59.7,4.82,42.61,MODERATE
534,30.39,55.29,26.54,32.88,8.7,31.84,MODERATE
535,7.99,30.5,32.58,28.53,7.36,21.43,LOW
536,42.3,31.05,45.68,70.55,5.22,40.81,MODERATE
537,27.29,27.8,50.05,54.59,6.49,34.28,MODERATE
538,31.32,44.42,28.14,37.62,28.48,34.14,MODERATE
539,19.06,28.79,49.79,22.56,7.83,26.17,LOW
540,9.45,39.19,53.94,66.16,1.04,34.38,MODERATE
541,14.85,67.71,49.79,22.56,7.83,32.9,MODERATE
542,37.59,39.87,49.28,20.61,8.21,32.58,MODERATE
543,57.94,79.62,54.8,54.62,4.34,52.94,MODERATE
544,33.55,45.69,69.63,63.49,5.5,44.97,MODERATE
545,62.82,92.37,34.49,52.59,6.05,52.5,MODERATE
546,29.04,54.69,59.46,42.01,6.98,39.54,MODERATE
547,74.25,33.91,37.97,85.55,7.91,51.24,MODERATE
548,17.4,41.92,37.97,85.55,7.91,38.62,MODERATE
549,41.17,55.28,61.63,40.68,4.75,42.52,MODERATE
550,100.0,45.69,41.04,21.17,0.05,46.59,MODERATE
551,25.57,39.19,69.63,63.49,5.5,41.68,MODERATE
552,47.09,30.5,34.09,22.41,5.31,29.97,LOW
553,18.86,46.27,52.06,66.65,0.0,37.71,MODERATE
554,45.39,81.03,64.25,82.95,6.21,57.93,ELEVATED
555,4.52,39.19,43.41,62.07,2.53,30.44,MODERATE
556,15.26,9.17,34.49,52.59,6.05,23.97,LOW
557,4.85,39.19,28.14,37.62,28.48,26.47,LOW
558,18.82,13.5,45.17,43.38,7.55,26.25,LOW
559,28.87,28.79,37.7,35.87,3.28,28.18,LOW
560,20.73,55.29,46.47,69.35,1.31,39.6,MODERATE
561,0.11,54.51,41.57,33.83,3.77,26.58,LOW
562,39.03,32.66,61.4,60.31,7.14,41.7,MODERATE
563,26.24,81.03,64.25,82.95,6.21,53.14,MODERATE
564,12.83,55.29,44.94,41.99,4.2,32.28,MODERATE
565,33.99,44.42,45.14,30.75,2.65,32.96,MODERATE
566,33.84,39.19,52.61,51.56,6.38,38.09,MODERATE
567,10.18,9.17,61.63,40.68,4.75,25.55,LOW
568,7.21,50.98,48.0,31.83,2.74,28.37,LOW
569,7.06,39.19,69.63,63.49,5.5,37.05,MODERATE
570,12.2,54.51,64.55,94.57,7.93,46.97,MODERATE
571,8.54,30.65,35.93,38.19,7.67,24.24,LOW
572,18.7,13.5,49.79,22.56,7.83,23.02,LOW
573,20.02,47.08,59.24,22.75,11.82,32.59,MODERATE
574,9.98,21.89,44.65,72.77,3.22,30.84,MODERATE
575,27.07,67.71,55.74,73.6,6.83,47.2,MODERATE
576,2.4,28.79,50.05,54.59,6.49,28.26,LOW
577,29.52,39.19,49.06,88.54,1.51,42.96,MODERATE
578,32.28,70.78,40.07,84.98,2.17,47.56,MODERATE
579,26.92,50.98,67.09,69.3,9.98,45.7,MODERATE
580,16.3,55.28,55.38,71.74,7.53,41.68,MODERATE
581,22.73,30.5,41.57,33.83,3.77,27.43,LOW
582,27.59,39.19,36.51,72.54,8.54,37.83,MODERATE
583,60.86,38.81,62.96,56.72,14.21,49.04,MODERATE
584,46.92,27.6,45.17,43.38,7.55,36.09,MODERATE
585,25.28,92.37,34.3,19.13,10.61,37.07,MODERATE
586,5.57,30.5,46.03,96.31,7.43,37.07,MODERATE
587,44.72,52.85,64.62,62.23,1.45,47.34,MODERATE
588,3.5,81.03,35.93,38.19,7.67,33.05,MODERATE
589,31.48,33.91,43.41,62.07,2.53,36.13,MODERATE
590,5.07,50.98,49.08,53.12,1.49,32.13,MODERATE
591,30.44,13.5,45.17,43.38,7.55,29.15,LOW
592,14.3,55.29,43.87,39.72,19.26,34.24,MODERATE
593,4.62,41.92,62.83,59.7,4.82,34.77,MODERATE
594,15.25,70.78,40.07,84.98,2.17,43.31,MODERATE
595,16.88,45.61,62.03,35.4,11.62,34.57,MODERATE
596,16.43,7.4,62.34,56.72,6.72,30.41,MODERATE
597,1.49,27.6,43.21,37.75,6.15,23.01,LOW
598,21.54,55.29,43.87,39.72,19.26,36.05,MODERATE
599,4.83,27.6,64.55,94.57,7.93,39.74,MODERATE
600,3.09,44.42,40.22,58.67,10.3,30.98,MODERATE
601,28.54,28.79,40.22,58.67,10.3,34.22,MODERATE
602,17.97,50.43,64.55,94.57,7.93,47.59,MODERATE
603,16.91,9.17,37.97,85.55,7.91,31.95,MODERATE
604,20.67,52.85,40.22,58.67,10.3,37.06,MODERATE
605,2.6,9.17,34.49,52.59,6.05,20.81,LOW
606,8.09,13.5,37.97,85.55,7.91,30.61,MODERATE
607,85.4,13.5,45.17,43.38,7.55,42.89,MODERATE
608,18.03,70.78,54.8,54.62,4.34,41.2,MODERATE
609,13.93,81.03,61.34,75.53,1.78,47.33,MODERATE
610,11.4,70.78,27.39,79.52,5.52,39.22,MODERATE
611,21.6,54.51,64.55,94.57,7.93,49.32,MODERATE
612,5.27,39.19,53.94,66.16,1.04,33.33,MODERATE
613,7.39,35.8,26.82,39.87,3.59,22.88,LOW
614,23.65,32.66,43.21,37.75,6.15,29.56,LOW
615,28.16,52.85,37.97,85.55,7.91,43.5,MODERATE
616,5.54,92.37,67.74,76.58,5.54,49.55,MODERATE
617,28.59,92.37,46.47,69.35,1.31,48.98,MODERATE
618,30.06,21.89,74.34,80.87,5.45,43.75,MODERATE
619,35.95,30.65,43.41,62.07,2.53,36.59,MODERATE
620,20.37,47.08,45.14,30.75,2.65,30.08,MODERATE
621,35.46,55.29,47.75,23.78,2.21,34.56,MODERATE
622,11.18,50.98,35.93,38.19,7.67,28.96,LOW
623,22.06,46.27,32.94,31.9,6.06,28.64,LOW
624,13.16,28.79,50.05,54.59,6.49,30.95,MODERATE
625,3.33,30.5,47.75,23.78,2.21,21.57,LOW
626,29.91,7.4,74.34,80.87,5.45,40.82,MODERATE
627,28.12,81.78,28.14,37.62,28.48,40.81,MODERATE
628,3.29,30.65,27.39,79.52,5.52,29.16,LOW
629,39.15,50.43,64.55,94.57,7.93,52.89,MODERATE
630,14.31,9.3,62.23,24.09,4.71,23.41,LOW
631,40.9,39.87,44.39,16.48,3.54,30.9,MODERATE
632,10.79,46.27,46.47,69.35,1.31,35.31,MODERATE
633,1.41,44.85,34.09,22.41,5.31,21.42,LOW
634,28.36,77.67,63.25,50.14,3.97,45.9,MODERATE
635,23.49,45.61,64.25,82.95,6.21,45.37,MODERATE
636,2.3,9.17,40.22,58.67,10.3,23.73,LOW
637,31.62,9.3,32.94,31.9,6.06,23.64,LOW
638,11.88,92.37,37.2,33.49,4.35,36.23,MODERATE
639,5.86,39.19,36.51,72.54,8.54,32.39,MODERATE
640,2.51,33.91,62.03,35.4,11.62,28.64,LOW
641,22.9,46.27,46.47,69.35,1.31,38.34,MODERATE
642,14.57,50.43,54.79,31.06,8.54,32.18,MODERATE
643,26.24,55.28,34.09,22.41,5.31,29.71,LOW
644,4.52,30.65,63.25,50.14,3.97,30.53,MODERATE
645,20.25,9.17,61.63,40.68,4.75,28.07,LOW
646,1.73,55.29,37.2,33.49,4.35,26.28,LOW
647,59.24,81.78,46.74,32.43,8.08,48.21,MODERATE
648,19.01,30.65,67.74,76.58,5.54,40.58,MODERATE
649,22.6,50.43,49.06,88.54,1.51,43.48,MODERATE
650,5.94,33.91,23.77,18.02,4.26,17.26,LOW
651,37.04,67.71,52.06,66.65,0.0,46.54,MODERATE
652,27.58,50.43,54.79,31.06,8.54,35.43,MODERATE
653,47.31,54.51,62.83,59.7,4.82,47.96,MODERATE
654,29.42,27.6,44.14,84.78,4.01,39.26,MODERATE
655,20.72,35.8,41.44,31.24,6.52,27.86,LOW
656,15.58,21.89,44.65,72.77,3.22,32.24,MODERATE
657,16.49,28.79,50.05,54.59,6.49,31.78,MODERATE
658,23.26,27.6,45.17,43.38,7.55,30.18,MODERATE
659,27.52,44.42,67.09,69.3,9.98,44.54,MODERATE
660,100.0,81.03,36.79,73.54,2.69,63.68,ELEVATED
661,10.15,41.92,34.09,22.41,5.31,23.02,LOW
662,31.24,38.81,45.17,43.38,7.55,34.41,MODERATE
663,13.52,9.17,74.84,21.52,9.31,25.88,LOW
664,7.32,9.17,40.22,58.67,10.3,24.99,LOW
665,19.79,52.85,48.0,31.83,2.74,31.89,MODERATE
666,1.2,30.65,33.99,44.43,2.53,22.49,LOW
667,7.66,50.98,67.09,69.3,9.98,40.89,MODERATE
668,23.17,33.91,62.03,35.4,11.62,33.8,MODERATE
669,46.22,22.06,45.17,43.38,7.55,34.81,MODERATE
670,12.55,70.78,46.47,69.35,1.31,40.66,MODERATE
671,34.53,47.08,45.14,30.75,2.65,33.62,MODERATE
672,26.42,45.69,38.77,75.74,3.32,39.14,MODERATE
673,28.02,39.87,50.05,54.59,6.49,36.88,MODERATE
674,0.55,39.19,36.51,72.54,8.54,31.07,MODERATE
675,25.01,39.19,67.09,69.3,9.98,42.87,MODERATE
676,34.27,50.43,37.2,33.49,4.35,33.44,MODERATE
677,87.52,39.19,45.68,70.55,5.22,53.75,MODERATE
678,25.72,50.43,59.24,22.75,11.82,34.69,MODERATE
679,19.15,67.71,55.74,73.6,6.83,45.22,MODERATE
680,8.27,9.3,62.34,56.72,6.72,28.75,LOW
681,12.66,32.66,67.09,69.3,9.98,38.47,MODERATE
682,6.28,9.3,35.93,38.19,7.67,19.4,LOW
683,13.43,77.67,55.38,71.74,7.53,45.44,MODERATE
684,18.96,55.29,45.17,43.38,7.55,34.64,MODERATE
685,14.38,27.6,55.38,71.74,7.53,35.67,MODERATE
686,29.24,55.29,34.3,19.13,10.61,30.64,MODERATE
687,6.51,47.08,45.14,30.75,2.65,26.62,LOW
688,26.16,32.66,67.09,69.3,9.98,41.85,MODERATE
689,48.49,54.51,41.57,33.83,3.77,38.67,MODERATE
690,14.82,27.8,40.07,84.98,2.17,34.6,MODERATE
691,6.28,28.79,50.05,54.59,6.49,29.23,LOW
692,19.41,30.65,37.2,33.49,4.35,25.77,LOW
693,15.43,67.71,64.25,82.95,6.21,47.77,MODERATE
694,4.84,35.8,44.39,16.48,3.54,21.08,LOW
695,1.42,45.61,43.21,37.75,6.15,26.59,LOW
696,25.47,30.65,27.39,79.52,5.52,34.71,MODERATE
697,21.6,55.28,49.86,55.73,6.34,38.53,MODERATE
698,100.0,9.3,62.83,59.7,4.82,52.09,MODERATE
699,73.06,32.66,34.3,19.13,10.61,37.07,MODERATE
700,19.08,77.67,46.14,60.26,0.85,41.71,MODERATE
701,12.77,52.85,55.16,54.74,3.55,36.27,MODERATE
702,44.04,92.37,43.21,37.75,6.15,46.6,MODERATE
703,45.94,33.91,37.97,85.55,7.91,44.16,MODERATE
704,0.31,30.5,47.75,23.78,2.21,20.81,LOW
705,41.12,21.89,27.73,28.53,9.45,27.33,LOW
706,7.08,41.92,63.25,50.14,3.97,33.43,MODERATE
707,6.8,9.17,32.94,31.9,6.06,17.41,LOW
708,0.97,55.28,45.14,30.75,2.65,26.88,LOW
709,5.64,38.81,59.24,22.75,11.82,27.34,LOW
710,100.0,38.81,45.17,43.38,7.55,51.6,MODERATE
711,2.05,55.29,47.75,23.78,2.21,26.21,LOW
712,40.49,28.79,40.22,58.67,10.3,37.2,MODERATE
713,10.4,81.78,63.25,50.14,3.97,42.23,MODERATE
714,8.3,39.19,55.16,54.74,3.55,32.43,MODERATE
715,1.84,77.67,55.38,71.74,7.53,42.55,MODERATE
716,25.21,50.43,67.09,69.3,9.98,45.16,MODERATE
717,1.02,81.78,46.74,32.43,8.08,33.66,MODERATE
718,13.62,30.65,49.28,20.61,8.21,24.74,LOW
719,33.18,30.65,33.99,44.43,2.53,30.49,MODERATE
720,9.13,70.78,64.62,62.23,1.45,42.03,MODERATE
721,31.78,30.65,64.25,82.95,6.21,44.45,MODERATE
722,18.25,39.19,69.63,63.49,5.5,39.85,MODERATE
723,11.56,81.78,59.46,42.01,6.98,40.59,MODERATE
724,19.82,49.18,67.09,69.3,9.98,43.57,MODERATE
725,13.39,50.43,27.39,79.52,5.52,35.64,MODERATE
726,37.32,30.65,67.74,76.58,5.54,45.16,MODERATE
727,19.04,13.5,27.73,28.53,9.45,20.13,LOW
728,10.06,77.67,46.14,60.26,0.85,39.46,MODERATE
729,13.68,50.43,32.94,31.9,6.06,27.38,LOW
730,11.88,44.85,46.74,32.43,8.08,28.99,LOW
731,8.27,45.61,55.38,71.74,7.53,37.74,MODERATE
732,48.53,30.65,33.99,44.43,2.53,34.32,MODERATE
733,17.25,79.62,43.42,67.64,5.36,43.25,MODERATE
734,4.58,52.85,48.0,31.83,2.74,28.09,LOW
735,28.96,67.71,49.79,22.56,7.83,36.43,MODERATE
736,11.05,9.3,63.25,50.14,3.97,27.89,LOW
737,34.99,31.05,41.04,21.17,0.05,27.41,LOW
738,8.53,77.67,63.25,50.14,3.97,40.94,MODERATE
739,59.68,39.87,27.73,28.53,9.45,35.56,MODERATE
740,35.77,50.98,26.82,39.87,3.59,33.01,MODERATE
741,4.23,13.5,66.25,44.11,5.32,26.63,LOW
742,23.63,9.3,62.34,56.72,6.72,32.59,MODERATE
743,24.45,9.3,62.23,24.09,4.71,25.94,LOW
744,1.08,13.5,45.96,28.05,13.05,19.73,LOW
745,15.55,9.17,40.22,58.67,10.3,27.04,LOW
746,57.34,81.03,36.51,72.54,8.54,53.63,MODERATE
747,3.72,54.51,47.81,43.54,7.25,31.19,MODERATE
748,3.21,39.87,35.93,38.19,7.67,24.75,LOW
749,30.88,52.85,48.0,31.83,2.74,34.67,MODERATE
750,24.5,70.78,66.25,44.11,5.32,43.15,MODERATE
751,65.15,47.08,49.08,53.12,1.49,46.37,MODERATE
752,57.91,7.4,61.4,60.31,7.14,41.37,MODERATE
753,16.63,70.78,27.39,79.52,5.52,40.52,MODERATE
754,5.37,28.79,41.04,21.17,0.05,19.55,LOW
755,5.72,41.92,41.44,31.24,6.52,25.33,LOW
756,38.39,44.42,54.8,54.62,4.34,41.02,MODERATE
757,15.78,9.17,49.33,36.19,8.62,24.17,LOW
758,54.3,31.05,61.34,75.53,1.78,47.43,MODERATE
759,4.72,39.87,52.61,51.56,6.38,30.94,MODERATE
760,22.31,81.03,40.22,58.67,10.3,43.11,MODERATE
761,38.89,54.69,34.49,52.59,6.05,38.98,MODERATE
762,66.8,22.06,38.77,75.74,3.32,44.51,MODERATE
763,33.63,55.28,49.86,55.73,6.34,41.53,MODERATE
764,13.56,33.91,44.65,72.77,3.22,34.14,MODERATE
765,51.27,35.8,44.94,41.99,4.2,37.99,MODERATE
766,8.9,41.92,41.57,33.83,3.77,26.26,LOW
767,12.22,38.81,54.59,66.05,6.77,35.96,MODERATE
768,26.88,32.66,43.21,37.75,6.15,30.37,MODERATE
769,9.46,44.85,55.16,54.74,3.55,33.85,MODERATE
770,3.67,38.81,46.47,69.35,1.31,32.04,MODERATE
771,23.03,22.06,49.28,20.61,8.21,25.38,LOW
772,15.96,9.17,32.94,31.9,6.06,19.7,LOW
773,7.19,77.67,27.73,28.53,9.45,30.0,MODERATE
774,2.15,9.3,54.8,54.62,4.34,24.93,LOW
775,20.95,44.42,67.09,69.3,9.98,42.9,MODERATE
776,16.14,49.18,53.49,50.77,10.04,36.23,MODERATE
777,65.34,22.06,49.28,20.61,8.21,35.96,MODERATE
778,30.3,81.03,37.97,85.55,7.91,49.67,MODERATE
779,41.57,54.69,45.17,43.38,7.55,40.17,MODERATE
780,48.37,39.19,56.62,50.18,100.0,56.29,ELEVATED
781,2.68,47.08,45.14,30.75,2.65,25.66,LOW
782,6.92,9.3,44.14,84.78,4.01,29.98,LOW
783,71.13,52.85,37.97,85.55,7.91,54.24,MODERATE
784,25.05,55.29,46.47,69.35,1.31,40.68,MODERATE
785,22.42,46.27,52.06,66.65,0.0,38.6,MODERATE
786,26.32,33.91,27.73,28.53,9.45,26.03,LOW
787,14.91,55.28,49.86,55.73,6.34,36.85,MODERATE
788,9.78,54.51,62.83,59.7,4.82,38.58,MODERATE
789,22.8,45.61,43.21,37.75,6.15,31.94,MODERATE
790,2.05,67.71,62.96,56.72,14.21,40.12,MODERATE
791,11.52,79.62,62.83,59.7,4.82,44.03,MODERATE
792,29.49,45.61,43.21,37.75,6.15,33.61,MODERATE
793,20.45,35.8,37.97,85.55,7.91,38.16,MODERATE
794,0.92,9.3,74.34,80.87,5.45,33.95,MODERATE
795,9.25,13.5,37.2,33.49,4.35,19.8,LOW
796,6.55,30.65,63.25,50.14,3.97,31.04,MODERATE
797,11.51,27.6,44.14,84.78,4.01,34.78,MODERATE
798,39.39,39.87,52.61,51.56,6.38,39.61,MODERATE
799,52.02,70.78,27.39,79.52,5.52,49.37,MODERATE
800,17.16,30.5,32.58,28.53,7.36,23.72,LOW
801,21.25,46.27,32.94,31.9,6.06,28.44,LOW
802,14.21,77.67,63.25,50.14,3.97,42.36,MODERATE
803,57.72,50.43,49.28,20.61,8.21,39.73,MODERATE
804,1.18,49.18,40.07,84.98,2.17,35.47,MODERATE
805,3.03,7.4,36.79,73.54,2.69,24.71,LOW
806,22.32,54.51,47.75,23.78,2.21,31.12,MODERATE
807,31.46,30.5,41.57,33.83,3.77,29.61,LOW
808,11.69,44.42,63.25,50.14,3.97,35.08,MODERATE
809,15.52,52.85,64.62,62.23,1.45,40.04,MODERATE
810,5.64,46.27,64.62,62.23,1.45,36.25,MODERATE
811,21.57,55.29,43.41,62.07,2.53,37.93,MODERATE
812,60.66,81.78,28.14,37.62,28.48,48.95,MODERATE
813,23.22,30.65,54.8,54.62,4.34,34.47,MODERATE
814,8.65,49.18,54.8,54.62,4.34,34.53,MODERATE
815,16.24,39.87,62.23,24.09,4.71,30.0,MODERATE
816,19.84,33.91,42.71,43.66,6.29,29.96,LOW
817,8.16,44.42,45.14,30.75,2.65,26.5,LOW
818,58.49,32.66,23.77,18.02,4.26,30.15,MODERATE
819,4.23,55.28,49.86,55.73,6.34,34.18,MODERATE
820,17.26,81.78,45.96,28.05,13.05,37.43,MODERATE
821,21.08,46.27,74.84,21.52,9.31,35.19,MODERATE
822,39.13,41.92,43.87,39.72,19.26,37.78,MODERATE
823,14.08,81.03,54.59,66.05,6.77,44.87,MODERATE
824,6.58,27.6,49.06,88.54,1.51,34.91,MODERATE
825,1.59,46.27,46.14,60.26,0.85,31.06,MODERATE
826,37.91,33.91,27.73,28.53,9.45,28.93,LOW
827,35.02,30.5,50.05,54.59,6.49,36.76,MODERATE
828,9.5,55.29,55.74,73.6,6.83,40.32,MODERATE
829,10.82,31.05,47.75,23.78,2.21,23.55,LOW
830,0.23,81.78,46.47,69.35,1.31,39.77,MODERATE
831,0.74,13.5,34.09,22.41,5.31,14.98,LOW
832,35.08,45.69,41.04,21.17,0.05,30.36,MODERATE
833,2.8,67.71,49.79,22.56,7.83,29.89,LOW
834,26.45,81.78,46.47,69.35,1.31,46.33,MODERATE
835,17.29,50.98,62.34,56.72,6.72,39.34,MODERATE
836,29.37,47.08,23.77,18.02,4.26,25.75,LOW
837,19.86,55.29,43.72,62.22,4.4,37.87,MODERATE
838,38.17,49.18,53.49,50.77,10.04,41.74,MODERATE
839,1.33,33.91,37.7,35.87,3.28,22.32,LOW
840,24.67,45.61,43.21,37.75,6.15,32.4,MODERATE
841,22.14,50.98,44.65,72.77,3.22,39.7,MODERATE
842,0.22,28.79,41.04,21.17,0.05,18.26,LOW
843,17.4,39.19,49.06,88.54,1.51,39.93,MODERATE
844,14.74,13.5,49.28,20.61,8.21,21.59,LOW
845,58.62,30.65,37.2,33.49,4.35,35.57,MODERATE
846,5.52,31.05,34.3,19.13,10.61,19.87,LOW
847,13.3,39.87,50.05,54.59,6.49,33.2,MODERATE
848,50.53,30.65,27.39,79.52,5.52,40.97,MODERATE
849,21.23,55.28,62.83,59.7,4.82,41.59,MODERATE
850,11.25,55.28,44.14,84.78,4.01,40.26,MODERATE
851,32.14,13.5,45.96,28.05,13.05,27.49,LOW
852,10.64,39.19,43.41,62.07,2.53,31.97,MODERATE
853,38.24,50.43,64.55,94.57,7.93,52.66,MODERATE
854,1.09,9.3,40.07,84.98,2.17,27.47,LOW
855,13.44,81.03,46.47,69.35,1.31,42.93,MODERATE
856,11.58,45.61,38.77,75.74,3.32,35.42,MODERATE
857,7.32,46.27,50.05,54.59,6.49,32.98,MODERATE
858,2.4,55.29,34.3,19.13,10.61,23.93,LOW
859,17.73,39.19,67.09,69.3,9.98,41.04,MODERATE
860,32.26,39.87,64.62,62.23,1.45,41.63,MODERATE
861,4.6,33.91,37.7,35.87,3.28,23.14,LOW
862,7.55,31.05,49.28,20.61,8.21,23.31,LOW
863,15.24,67.71,69.63,63.49,5.5,44.8,MODERATE
864,38.66,38.81,43.21,37.75,6.15,34.54,MODERATE
865,90.31,9.3,74.34,80.87,5.45,56.3,ELEVATED
866,24.83,9.3,32.94,31.9,6.06,21.94,LOW
867,32.34,30.65,27.39,79.52,5.52,36.43,MODERATE
868,7.76,27.8,28.14,37.62,28.48,24.92,LOW
869,13.73,44.85,46.74,32.43,8.08,29.45,LOW
870,20.22,81.03,61.34,75.53,1.78,48.9,MODERATE
871,21.44,35.8,33.99,44.43,2.53,28.58,LOW
872,13.04,9.3,64.55,94.57,7.93,38.13,MODERATE
873,22.48,79.62,54.8,54.62,4.34,44.08,MODERATE
874,46.15,32.66,36.79,73.54,2.69,40.54,MODERATE
875,44.67,52.85,23.77,18.02,4.26,30.73,MODERATE
876,1.58,92.37,32.58,28.53,7.36,32.19,MODERATE
877,42.68,46.27,46.47,69.35,1.31,43.28,MODERATE
878,15.9,70.78,61.51,50.38,8.86,41.84,MODERATE
879,18.13,33.91,37.97,85.55,7.91,37.21,MODERATE
880,92.58,67.71,64.25,82.95,6.21,67.06,ELEVATED
881,8.27,7.4,41.57,33.83,3.77,19.2,LOW
882,45.21,70.78,63.25,50.14,3.97,48.73,MODERATE
883,7.92,31.05,34.49,52.59,6.05,26.51,LOW
884,30.99,54.69,36.51,72.54,8.54,41.78,MODERATE
885,40.02,54.51,43.21,37.75,6.15,38.02,MODERATE
886,60.09,13.5,69.63,63.49,5.5,45.17,MODERATE
887,10.08,28.79,49.08,53.12,1.49,28.94,LOW
888,28.56,50.98,44.65,72.77,3.22,41.3,MODERATE
889,6.1,55.28,34.49,52.59,6.05,30.9,MODERATE
890,9.68,49.18,53.49,50.77,10.04,34.62,MODERATE
891,1.28,77.67,49.06,88.54,1.51,43.6,MODERATE
892,18.74,30.65,40.07,84.98,2.17,36.15,MODERATE
893,29.51,70.78,54.8,54.62,4.34,44.07,MODERATE
894,27.97,81.78,46.47,69.35,1.31,46.71,MODERATE
895,48.41,45.61,53.49,50.77,10.04,43.58,MODERATE
896,21.45,13.5,27.73,28.53,9.45,20.73,LOW
897,3.6,77.67,43.41,62.07,2.53,37.91,MODERATE
898,15.9,55.28,27.73,28.53,9.45,27.7,LOW
899,30.55,30.65,49.79,22.56,7.83,29.41,LOW
900,100.0,50.98,35.93,38.19,7.67,51.17,MODERATE
901,2.06,9.3,40.07,84.98,2.17,27.71,LOW
902,4.03,31.05,43.87,39.72,19.26,26.83,LOW
903,4.44,47.08,27.73,28.53,9.45,23.19,LOW
904,30.52,31.05,61.34,75.53,1.78,41.48,MODERATE
905,1.48,47.08,27.73,28.53,9.45,22.46,LOW
906,43.22,49.18,38.77,75.74,3.32,44.04,MODERATE
907,15.82,55.29,43.72,62.22,4.4,36.86,MODERATE
908,1.68,30.65,54.59,66.05,6.77,31.69,MODERATE
909,7.76,81.03,54.59,66.05,6.77,43.29,MODERATE
910,26.76,44.42,40.22,58.67,10.3,36.9,MODERATE
911,21.61,13.5,49.79,22.56,7.83,23.75,LOW
912,14.18,39.19,43.41,62.07,2.53,32.86,MODERATE
913,55.12,81.78,74.84,21.52,9.31,50.81,MODERATE
914,16.12,35.8,61.51,50.38,8.86,34.9,MODERATE
915,6.84,38.81,62.03,35.4,11.62,30.7,MODERATE
916,100.0,45.61,43.21,37.75,6.15,51.24,MODERATE
917,55.82,33.91,49.79,22.56,7.83,36.38,MODERATE
918,17.74,45.61,49.06,88.54,1.51,41.3,MODERATE
919,40.82,81.03,64.25,82.95,6.21,56.78,ELEVATED
920,56.8,22.06,38.77,75.74,3.32,42.01,MODERATE
921,34.84,55.28,36.69,13.35,13.11,31.74,MODERATE
922,4.98,54.51,45.17,43.38,7.55,30.99,MODERATE
923,21.01,7.4,28.14,37.62,28.48,24.16,LOW
924,7.34,50.43,32.94,31.9,6.06,25.8,LOW
925,13.77,54.69,54.79,31.06,8.54,32.83,MODERATE
926,22.27,77.67,46.14,60.26,0.85,42.51,MODERATE
927,12.0,77.67,27.73,28.53,9.45,31.2,MODERATE
928,17.03,46.27,53.94,66.16,1.04,37.69,MODERATE
929,38.43,27.6,44.14,84.78,4.01,41.51,MODERATE
930,22.42,45.69,44.94,41.99,4.2,32.76,MODERATE
931,20.45,39.19,55.16,54.74,3.55,35.46,MODERATE
932,20.22,30.65,49.79,22.56,7.83,26.83,LOW
933,16.18,35.8,37.97,85.55,7.91,37.09,MODERATE
934,0.13,79.62,46.47,69.35,1.31,39.32,MODERATE
935,29.74,52.85,61.4,60.31,7.14,43.42,MODERATE
936,32.65,50.98,41.44,31.24,6.52,33.87,MODERATE
937,9.78,55.29,43.87,39.72,19.26,33.11,MODERATE
938,12.22,70.78,61.51,50.38,8.86,40.92,MODERATE
939,27.71,30.5,38.77,75.74,3.32,36.43,MODERATE
940,36.14,70.78,40.07,84.98,2.17,48.53,MODERATE
941,16.3,39.19,42.71,43.66,6.29,30.13,MODERATE
942,58.35,13.5,45.17,43.38,7.55,36.13,MODERATE
943,11.71,81.78,37.2,33.49,4.35,34.07,MODERATE
944,2.22,50.98,48.0,31.83,2.74,27.13,LOW
945,34.24,7.4,62.34,56.72,6.72,34.86,MODERATE
946,11.32,45.69,69.63,63.49,5.5,39.42,MODERATE
947,20.0,30.5,47.75,23.78,2.21,25.74,LOW
948,1.61,50.43,62.34,56.72,6.72,35.31,MODERATE
949,12.04,52.85,55.16,54.74,3.55,36.09,MODERATE
950,1.81,47.08,64.62,62.23,1.45,35.46,MODERATE
951,22.37,79.62,62.83,59.7,4.82,46.75,MODERATE
952,29.43,13.5,34.09,22.41,5.31,22.15,LOW
953,2.62,27.8,53.94,66.16,1.04,30.39,MODERATE
954,34.6,31.05,26.54,32.88,8.7,28.05,LOW
955,12.1,55.29,43.72,62.22,4.4,35.93,MODERATE
956,1.01,77.67,43.41,62.07,2.53,37.26,MODERATE
957,30.02,54.51,43.21,37.75,6.15,35.52,MODERATE
958,16.56,38.81,61.69,65.14,8.5,38.54,MODERATE
959,9.15,7.4,49.06,88.54,1.51,31.52,MODERATE
960,17.03,50.43,27.39,79.52,5.52,36.55,MODERATE
961,18.03,27.8,40.07,84.98,2.17,35.41,MODERATE
962,25.58,45.61,41.04,21.17,0.05,27.97,LOW
963,4.58,79.62,62.83,59.7,4.82,42.3,MODERATE
964,18.33,70.78,63.25,50.14,3.97,42.01,MODERATE
965,6.15,55.28,62.83,59.7,4.82,37.82,MODERATE
966,40.99,52.85,23.77,18.02,4.26,29.81,LOW
967,2.02,13.5,49.79,22.56,7.83,18.85,LOW
968,3.11,30.65,49.28,20.61,8.21,22.12,LOW
969,7.97,79.62,46.47,69.35,1.31,41.28,MODERATE
970,26.11,30.65,43.42,67.64,5.36,35.67,MODERATE
971,42.31,50.98,35.93,38.19,7.67,36.75,MODERATE
972,31.41,30.65,43.72,62.22,4.4,35.83,MODERATE
973,16.42,32.66,36.51,72.54,8.54,33.73,MODERATE
974,22.01,22.06,45.17,43.38,7.55,28.76,LOW
975,7.26,30.65,49.79,22.56,7.83,23.59,LOW
976,6.05,55.28,36.69,13.35,13.11,24.54,LOW
977,14.5,33.91,42.71,43.66,6.29,28.63,LOW
978,25.88,50.98,41.44,31.24,6.52,32.18,MODERATE
979,22.98,39.87,35.93,38.19,7.67,29.69,LOW
980,22.19,32.66,67.09,69.3,9.98,40.85,MODERATE
981,6.99,39.19,69.63,63.49,5.5,37.03,MODERATE
982,22.18,39.19,42.71,43.66,6.29,31.6,MODERATE
983,34.73,54.69,45.17,43.38,7.55,38.46,MODERATE
984,13.4,50.43,28.14,37.62,28.48,30.86,MODERATE
985,23.75,44.85,46.74,32.43,8.08,31.95,MODERATE
986,9.17,13.5,45.96,28.05,13.05,21.75,LOW
987,2.59,50.98,62.34,56.72,6.72,35.66,MODERATE
988,70.84,41.92,62.83,59.7,4.82,51.32,MODERATE
989,21.1,27.8,28.14,37.62,28.48,28.26,LOW
990,31.13,54.69,53.94,66.16,1.04,42.9,MODERATE
991,9.19,70.78,61.51,50.38,8.86,40.16,MODERATE
992,4.59,67.71,63.25,50.14,3.97,37.96,MODERATE
993,12.75,31.05,26.54,32.88,8.7,22.59,LOW
994,6.42,30.65,64.25,82.95,6.21,38.11,MODERATE
995,13.16,13.5,37.97,85.55,7.91,31.88,MODERATE
996,35.53,52.85,64.62,62.23,1.45,45.04,MODERATE
997,15.26,46.27,32.94,31.9,6.06,26.95,LOW
998,12.94,39.19,69.63,63.49,5.5,38.52,MODERATE
999,15.48,45.61,38.77,75.74,3.32,36.39,MODERATE
1000,12.09,45.61,38.07,12.64,8.6,23.58,LOW
1001,13.78,35.8,26.82,39.87,3.59,24.48,LOW
1002,18.7,54.51,64.55,94.57,7.93,48.59,MODERATE
1003,0.02,67.71,64.25,82.95,6.21,43.92,MODERATE
1004,40.7,81.78,74.84,21.52,9.31,47.2,MODERATE
1005,14.79,31.05,36.51,72.54,8.54,33.0,MODERATE
1006,13.89,52.85,62.96,56.72,14.21,40.11,MODERATE
1007,25.1,13.5,27.73,28.53,9.45,21.64,LOW
1008,50.27,28.79,49.08,53.12,1.49,38.99,MODERATE
1009,6.02,50.98,45.68,70.55,5.22,35.73,MODERATE
1010,5.1,47.08,49.08,53.12,1.49,31.35,MODERATE
1011,15.3,39.87,49.28,20.61,8.21,27.01,LOW
1012,25.56,7.4,56.62,50.18,100.0,44.23,MODERATE
1013,16.31,50.43,49.08,53.12,1.49,34.83,MODERATE
1014,19.72,35.8,52.61,51.56,6.38,33.88,MODERATE
1015,32.3,13.5,37.2,33.49,4.35,25.56,LOW
1016,6.95,39.19,53.49,50.77,10.04,31.93,MODERATE
1017,2.68,55.29,43.72,62.22,4.4,33.58,MODERATE
1018,21.13,27.6,37.2,33.49,4.35,25.59,LOW
1019,13.18,27.6,37.2,33.49,4.35,23.6,LOW
1020,11.66,38.81,45.17,43.38,7.55,29.52,LOW
1021,11.0,35.8,55.74,73.6,6.83,36.8,MODERATE
1022,16.07,13.5,37.2,33.49,4.35,21.51,LOW
1023,11.83,33.91,34.49,52.59,6.05,28.06,LOW
1024,60.58,50.43,59.24,22.75,11.82,43.4,MODERATE
1025,25.71,39.87,52.61,51.56,6.38,36.19,MODERATE
1026,31.55,21.89,43.72,62.22,4.4,34.11,MODERATE
1027,35.81,21.89,44.65,72.77,3.22,37.3,MODERATE
1028,2.42,45.61,44.39,16.48,3.54,22.43,LOW
1029,36.04,49.18,67.09,69.3,9.98,47.62,MODERATE
1030,24.35,41.92,41.57,33.83,3.77,30.12,MODERATE
1031,17.61,70.78,63.25,50.14,3.97,41.83,MODERATE
1032,5.3,31.05,61.34,75.53,1.78,35.17,MODERATE
1033,4.9,70.78,64.62,62.23,1.45,40.97,MODERATE
1034,12.16,81.03,37.97,85.55,7.91,45.14,MODERATE
1035,40.57,7.4,28.14,37.62,28.48,29.05,LOW
1036,3.6,30.65,47.71,75.92,5.14,32.53,MODERATE
1037,3.59,45.69,38.77,75.74,3.32,33.44,MODERATE
1038,17.56,50.98,41.44,31.24,6.52,30.1,MODERATE
1039,44.88,30.65,37.2,33.49,4.35,32.14,MODERATE
1040,16.57,54.51,45.17,43.38,7.55,33.89,MODERATE
1041,19.7,30.65,43.42,67.64,5.36,34.07,MODERATE
1042,5.24,13.5,45.17,43.38,7.55,22.85,LOW
1043,11.64,52.85,64.62,62.23,1.45,39.07,MODERATE
1044,16.22,13.5,45.17,43.38,7.55,25.6,LOW
1045,27.39,46.27,53.94,66.16,1.04,40.28,MODERATE
1046,17.07,81.03,54.59,66.05,6.77,45.62,MODERATE
1047,15.54,92.37,67.74,76.58,5.54,52.06,MODERATE
1048,47.49,27.6,36.51,72.54,8.54,40.48,MODERATE
1049,25.77,70.78,74.84,21.52,9.31,41.27,MODERATE
1050,20.3,77.67,43.41,62.07,2.53,42.08,MODERATE
1051,24.61,30.5,43.72,62.22,4.4,34.1,MODERATE
1052,24.32,47.08,56.62,50.18,100.0,51.85,MODERATE
1053,10.53,30.65,33.99,44.43,2.53,24.82,LOW
1054,26.28,39.87,27.73,28.53,9.45,27.21,LOW
1055,6.56,50.98,40.07,84.98,2.17,37.17,MODERATE
1056,1.77,47.08,64.62,62.23,1.45,35.44,MODERATE
1057,10.16,9.17,46.47,69.35,1.31,27.73,LOW
1058,15.51,54.51,43.21,37.75,6.15,31.89,MODERATE
1059,6.03,50.98,45.68,70.55,5.22,35.73,MODERATE
1060,25.19,54.69,59.46,42.01,6.98,38.58,MODERATE
1061,37.79,52.85,55.16,54.74,3.55,42.53,MODERATE
1062,16.41,67.71,62.96,56.72,14.21,43.71,MODERATE
1063,39.32,9.3,46.14,60.26,0.85,33.1,MODERATE
1064,8.3,41.92,34.09,22.41,5.31,22.56,LOW
1065,34.27,54.51,40.22,58.67,10.3,40.79,MODERATE
1066,19.4,35.8,55.74,73.6,6.83,38.9,MODERATE
1067,8.82,32.66,34.3,19.13,10.61,21.02,LOW
1068,7.58,46.27,53.94,66.16,1.04,35.32,MODERATE
1069,18.85,9.3,62.83,59.7,4.82,31.8,MODERATE
1070,45.71,67.71,26.54,32.88,8.7,38.16,MODERATE
1071,20.77,30.65,40.22,58.67,10.3,32.65,MODERATE
1072,28.0,49.18,53.49,50.77,10.04,39.19,MODERATE
1073,21.54,31.05,47.75,23.78,2.21,26.23,LOW
1074,16.27,39.19,36.51,72.54,8.54,35.0,MODERATE
1075,18.53,81.78,40.07,84.98,2.17,46.32,MODERATE
1076,9.62,81.78,56.62,50.18,100.0,55.12,ELEVATED
1077,51.78,81.03,40.22,58.67,10.3,50.47,MODERATE
1078,2.44,39.19,43.72,62.22,4.4,30.3,MODERATE
1079,12.23,44.42,61.51,50.38,8.86,35.65,MODERATE
1080,20.33,55.29,43.87,39.72,19.26,35.75,MODERATE
1081,53.06,54.51,41.57,33.83,3.77,39.82,MODERATE
1082,13.87,22.06,45.17,43.38,7.55,26.72,LOW
1083,35.19,55.29,37.2,33.49,4.35,34.64,MODERATE
1084,7.57,13.5,37.97,85.55,7.91,30.48,MODERATE
1085,30.38,52.85,45.17,43.38,7.55,37.01,MODERATE
1086,15.2,9.3,40.07,84.98,2.17,31.0,MODERATE
1087,14.57,39.87,50.05,54.59,6.49,33.52,MODERATE
1088,1.61,81.78,59.46,42.01,6.98,38.1,MODERATE
1089,16.56,45.69,38.77,75.74,3.32,36.68,MODERATE
1090,5.24,46.27,46.47,69.35,1.31,33.92,MODERATE
1091,76.16,67.71,62.96,56.72,14.21,58.65,ELEVATED
1092,34.68,39.19,49.06,88.54,1.51,44.26,MODERATE
1093,4.86,67.71,26.54,32.88,8.7,27.95,LOW
1094,5.08,67.71,55.74,73.6,6.83,41.7,MODERATE
1095,43.49,50.98,67.09,69.3,9.98,49.84,MODERATE
1096,8.52,33.91,42.71,43.66,6.29,27.13,LOW
1097,20.46,54.51,43.21,37.75,6.15,33.13,MODERATE
1098,67.22,22.06,33.99,44.43,2.53,37.28,MODERATE
1099,16.58,9.3,44.14,84.78,4.01,32.39,MODERATE
1100,13.91,54.69,59.46,42.01,6.98,35.76,MODERATE
1101,52.53,7.4,61.34,75.53,1.78,42.25,MODERATE
1102,7.44,44.42,40.22,58.67,10.3,32.07,MODERATE
1103,15.84,38.81,62.03,35.4,11.62,32.95,MODERATE
1104,1.38,31.05,61.34,75.53,1.78,34.19,MODERATE
1105,5.85,7.4,49.06,88.54,1.51,30.69,MODERATE
1106,18.13,49.18,44.14,84.78,4.01,40.76,MODERATE
1107,8.53,30.65,49.79,22.56,7.83,23.91,LOW
1108,44.47,77.67,27.73,28.53,9.45,39.32,MODERATE
1109,46.88,31.05,34.3,19.13,10.61,30.21,MODERATE
1110,19.91,50.98,67.09,69.3,9.98,43.95,MODERATE
1111,19.81,39.19,52.61,51.56,6.38,34.58,MODERATE
1112,17.3,92.37,34.49,52.59,6.05,41.12,MODERATE
1113,5.22,39.87,62.23,24.09,4.71,27.25,LOW
1114,3.11,47.08,27.73,28.53,9.45,22.86,LOW
1115,1.84,45.69,62.96,56.72,14.21,35.66,MODERATE
1116,0.24,54.69,41.04,21.17,0.05,23.45,LOW
1117,19.47,70.78,74.84,21.52,9.31,39.69,MODERATE
1118,7.43,54.69,45.17,43.38,7.55,31.64,MODERATE
1119,1.94,38.81,34.09,22.41,5.31,20.34,LOW
1120,0.65,77.67,43.41,62.07,2.53,37.17,MODERATE
1121,11.73,50.43,44.65,72.77,3.22,36.99,MODERATE
1122,0.75,81.03,40.22,58.67,10.3,37.72,MODERATE
1123,3.85,79.62,26.82,39.87,3.59,30.76,MODERATE
1124,12.79,45.61,55.38,71.74,7.53,38.87,MODERATE
1125,15.32,49.18,40.07,84.98,2.17,39.0,MODERATE
1126,20.61,30.65,45.96,28.05,13.05,28.04,LOW
1127,30.9,9.17,32.94,31.9,6.06,23.44,LOW
1128,11.31,70.78,27.39,79.52,5.52,39.19,MODERATE
1129,9.89,70.78,66.25,44.11,5.32,39.5,MODERATE
1130,29.05,28.79,48.0,31.83,2.74,29.4,LOW
1131,10.73,7.4,56.62,50.18,100.0,40.52,MODERATE
1132,19.26,7.4,41.57,33.83,3.77,21.94,LOW
1133,8.33,55.29,47.75,23.78,2.21,27.78,LOW
1134,1.36,92.37,44.14,84.78,4.01,45.2,MODERATE
1135,9.31,21.89,42.71,43.66,6.29,24.92,LOW
1136,11.71,52.85,61.4,60.31,7.14,38.91,MODERATE
1137,6.46,81.03,36.51,72.54,8.54,40.91,MODERATE
1138,18.08,38.81,59.24,22.75,11.82,30.45,MODERATE
1139,21.77,50.98,49.08,53.12,1.49,36.3,MODERATE
1140,28.85,9.17,40.22,58.67,10.3,30.37,MODERATE
1141,7.66,79.62,26.82,39.87,3.59,31.71,MODERATE
1142,17.64,44.42,43.21,37.75,6.15,30.41,MODERATE
1143,8.09,30.5,43.72,62.22,4.4,29.97,LOW
1144,20.88,9.3,44.14,84.78,4.01,33.47,MODERATE
1145,19.37,70.78,46.47,69.35,1.31,42.36,MODERATE
1146,16.4,27.6,36.51,72.54,8.54,32.71,MODERATE
1147,45.35,55.28,55.38,71.74,7.53,48.95,MODERATE
1148,33.5,44.42,63.25,50.14,3.97,40.53,MODERATE
1149,21.79,39.87,52.61,51.56,6.38,35.21,MODERATE
1150,52.18,77.67,66.25,44.11,5.32,51.45,MODERATE
1151,5.91,28.79,50.05,54.59,6.49,29.14,LOW
1152,10.98,54.51,40.22,58.67,10.3,34.97,MODERATE
1153,18.41,7.4,41.57,33.83,3.77,21.73,LOW
1154,49.71,81.03,40.22,58.67,10.3,49.96,MODERATE
1155,7.14,27.8,53.94,66.16,1.04,31.52,MODERATE
1156,0.67,7.4,74.34,80.87,5.45,33.51,MODERATE
1157,3.93,50.98,26.82,39.87,3.59,25.05,LOW
1158,8.22,30.65,64.25,82.95,6.21,38.56,MODERATE
1159,29.06,30.65,37.2,33.49,4.35,28.18,LOW
1160,51.99,13.5,66.25,44.11,5.32,38.57,MODERATE
1161,35.35,27.6,61.51,50.38,8.86,38.06,MODERATE
1162,100.0,21.89,61.51,50.38,8.86,53.08,MODERATE
1163,18.15,50.43,59.24,22.75,11.82,32.79,MODERATE
1164,11.37,55.28,49.33,36.19,8.62,32.3,MODERATE
1165,0.12,13.5,61.69,65.14,8.5,29.37,LOW
1166,7.2,52.85,64.62,62.23,1.45,37.96,MODERATE
1167,41.04,70.78,40.07,84.98,2.17,49.75,MODERATE
1168,16.83,39.19,43.72,62.22,4.4,33.89,MODERATE
1169,14.34,77.67,49.06,88.54,1.51,46.87,MODERATE
1170,90.68,31.05,47.75,23.78,2.21,43.52,MODERATE
1171,3.92,50.98,41.44,31.24,6.52,26.69,LOW
1172,10.57,33.91,23.77,18.02,4.26,18.42,LOW
1173,3.83,44.85,46.74,32.43,8.08,26.97,LOW
1174,29.54,55.28,45.14,30.75,2.65,34.02,MODERATE
1175,18.74,41.92,34.09,22.41,5.31,25.16,LOW
1176,14.59,13.5,45.96,28.05,13.05,23.11,LOW
1177,26.26,27.6,74.34,80.87,5.45,43.95,MODERATE
1178,31.75,31.05,41.04,21.17,0.05,26.6,LOW
1179,1.12,50.43,27.39,79.52,5.52,32.58,MODERATE
1180,28.74,30.65,40.07,84.98,2.17,38.65,MODERATE
1181,5.68,30.65,49.08,53.12,1.49,28.21,LOW
1182,5.79,44.42,63.25,50.14,3.97,33.61,MODERATE
1183,47.62,54.51,27.73,28.53,9.45,35.48,MODERATE
1184,29.0,30.65,49.79,22.56,7.83,29.02,LOW
1185,6.38,44.85,46.74,32.43,8.08,27.61,LOW
1186,11.37,30.65,44.14,84.78,4.01,35.36,MODERATE
1187,3.07,52.85,61.4,60.31,7.14,36.75,MODERATE
1188,6.05,33.91,62.03,35.4,11.62,29.52,LOW
1189,18.76,9.3,35.93,38.19,7.67,22.52,LOW
1190,35.23,30.65,40.22,58.67,10.3,36.26,MODERATE
1191,31.34,50.43,49.08,53.12,1.49,38.59,MODERATE
1192,92.51,31.05,34.49,52.59,6.05,47.66,MODERATE
1193,5.23,54.51,27.73,28.53,9.45,24.88,LOW
1194,38.68,55.28,64.25,82.95,6.21,51.1,MODERATE
1195,13.43,13.5,45.17,43.38,7.55,24.9,LOW
1196,48.65,13.5,34.09,22.41,5.31,26.96,LOW
1197,29.96,35.8,41.57,33.83,3.77,30.3,MODERATE
1198,2.56,44.42,55.74,73.6,6.83,36.42,MODERATE
1199,22.16,7.4,41.57,33.83,3.77,22.67,LOW
1200,2.83,67.71,49.79,22.56,7.83,29.9,LOW
1201,9.76,55.28,49.33,36.19,8.62,31.89,MODERATE
1202,2.52,31.05,44.94,41.99,4.2,24.86,LOW
1203,15.49,27.8,50.05,54.59,6.49,31.33,MODERATE
1204,19.76,52.85,37.97,85.55,7.91,41.4,MODERATE
1205,14.47,9.3,63.25,50.14,3.97,28.75,LOW
1206,20.11,30.65,37.2,33.49,4.35,25.95,LOW
1207,17.45,70.78,59.46,42.01,6.98,39.86,MODERATE
1208,7.78,35.8,41.44,31.24,6.52,24.62,LOW
1209,4.36,45.61,38.07,12.64,8.6,21.64,LOW
1210,48.29,39.19,69.63,63.49,5.5,47.36,MODERATE
1211,6.63,41.92,37.2,33.49,4.35,24.83,LOW
1212,12.13,9.17,46.47,69.35,1.31,28.23,LOW
1213,40.08,32.66,34.3,19.13,10.61,28.83,LOW
1214,32.03,33.91,44.65,72.77,3.22,38.76,MODERATE
1215,8.69,45.69,38.77,75.74,3.32,34.71,MODERATE
1216,40.77,30.5,41.57,33.83,3.77,31.94,MODERATE
1217,50.55,27.8,40.07,84.98,2.17,43.53,MODERATE
1218,38.45,31.05,43.87,39.72,19.26,35.43,MODERATE
1219,29.3,38.81,62.96,56.72,14.21,41.15,MODERATE
1220,3.66,67.71,55.74,73.6,6.83,41.35,MODERATE
1221,30.62,50.43,27.39,79.52,5.52,39.95,MODERATE
1222,4.02,52.85,23.77,18.02,4.26,20.57,LOW
1223,28.98,28.79,49.08,53.12,1.49,33.67,MODERATE
1224,4.68,81.78,46.47,69.35,1.31,40.89,MODERATE
1225,70.6,92.37,46.47,69.35,1.31,59.48,ELEVATED
1226,51.22,47.08,56.62,50.18,100.0,58.58,ELEVATED
1227,16.52,13.5,45.96,28.05,13.05,23.59,LOW
1228,0.34,30.65,54.8,54.62,4.34,28.75,LOW
1229,8.39,39.19,52.61,51.56,6.38,31.73,MODERATE
1230,18.83,13.5,61.34,75.53,1.78,35.05,MODERATE
1231,30.51,54.69,34.49,52.59,6.05,36.89,MODERATE
1232,63.18,49.18,43.87,39.72,19.26,45.24,MODERATE
1233,9.55,67.71,64.25,82.95,6.21,46.3,MODERATE
1234,24.65,49.18,38.77,75.74,3.32,39.4,MODERATE
1235,22.66,81.78,46.74,32.43,8.08,39.07,MODERATE
1236,27.27,13.5,37.97,85.55,7.91,35.41,MODERATE
1237,45.43,77.67,52.06,66.65,0.0,50.63,MODERATE
1238,12.42,35.8,61.51,50.38,8.86,33.97,MODERATE
1239,7.96,54.51,47.81,43.54,7.25,32.25,MODERATE
1240,18.1,39.19,69.63,63.49,5.5,39.81,MODERATE
1241,9.15,38.81,54.59,66.05,6.77,35.19,MODERATE
1242,3.82,35.8,33.99,44.43,2.53,24.18,LOW
1243,12.57,35.8,67.09,69.3,9.98,39.08,MODERATE
1244,11.21,30.65,49.28,20.61,8.21,24.14,LOW
1245,1.57,27.8,34.09,22.41,5.31,18.05,LOW
1246,37.49,27.6,45.17,43.38,7.55,33.74,MODERATE
1247,23.54,47.08,27.73,28.53,9.45,27.97,LOW
1248,3.38,70.78,46.47,69.35,1.31,38.36,MODERATE
1249,39.46,28.79,49.08,53.12,1.49,36.29,MODERATE
1250,4.0,9.17,49.33,36.19,8.62,21.23,LOW
1251,34.94,28.79,40.22,58.67,10.3,35.81,MODERATE
1252,15.49,45.61,41.04,21.17,0.05,25.44,LOW
1253,13.51,49.18,38.77,75.74,3.32,36.61,MODERATE
1254,27.87,52.85,64.62,62.23,1.45,43.13,MODERATE
1255,31.22,81.03,54.59,66.05,6.77,49.16,MODERATE
1256,3.02,41.92,37.97,85.55,7.91,35.03,MODERATE
1257,11.49,21.89,55.38,71.74,7.53,33.8,MODERATE
1258,6.51,35.8,37.97,85.55,7.91,34.68,MODERATE
1259,1.33,30.5,46.03,96.31,7.43,36.01,MODERATE
1260,10.94,50.43,49.28,20.61,8.21,28.03,LOW
1261,1.13,9.3,35.93,38.19,7.67,18.11,LOW
1262,6.13,81.03,35.93,38.19,7.67,33.71,MODERATE
1263,17.3,50.43,27.39,79.52,5.52,36.62,MODERATE
1264,26.5,92.37,32.58,28.53,7.36,38.43,MODERATE
1265,11.56,33.91,27.73,28.53,9.45,22.34,LOW
1266,6.66,44.42,26.82,39.87,3.59,24.42,LOW
1267,69.07,45.61,43.21,37.75,6.15,43.5,MODERATE
1268,25.85,44.42,67.09,69.3,9.98,44.12,MODERATE
1269,21.45,39.87,50.05,54.59,6.49,35.24,MODERATE
1270,17.27,44.85,32.58,28.53,7.36,26.61,LOW
1271,9.03,55.29,43.41,62.07,2.53,34.79,MODERATE
1272,100.0,49.18,34.3,19.13,10.61,47.11,MODERATE
1273,40.87,30.5,52.61,51.56,6.38,38.11,MODERATE
1274,28.44,39.19,52.61,51.56,6.38,36.74,MODERATE
1275,10.02,67.71,55.74,73.6,6.83,42.94,MODERATE
1276,33.4,41.92,37.7,35.87,3.28,31.94,MODERATE
1277,14.7,35.8,44.94,41.99,4.2,28.85,LOW
1278,7.29,50.43,32.94,31.9,6.06,25.79,LOW
1279,14.52,79.62,62.83,59.7,4.82,44.78,MODERATE
1280,48.19,79.62,54.8,54.62,4.34,50.5,MODERATE
1281,41.51,45.61,44.39,16.48,3.54,32.21,MODERATE
1282,21.27,39.19,45.68,70.55,5.22,37.18,MODERATE
1283,5.53,54.51,45.17,43.38,7.55,31.13,MODERATE
1284,1.13,81.78,62.23,24.09,4.71,34.61,MODERATE
1285,22.74,45.69,44.94,41.99,4.2,32.84,MODERATE
1286,2.22,81.03,64.25,82.95,6.21,47.13,MODERATE
1287,22.81,9.17,61.63,40.68,4.75,28.71,LOW
1288,44.79,38.81,61.69,65.14,8.5,45.6,MODERATE
1289,4.39,38.81,61.69,65.14,8.5,35.5,MODERATE
1290,21.64,52.85,23.77,18.02,4.26,24.98,LOW
1291,4.15,30.65,54.8,54.62,4.34,29.7,LOW
1292,10.2,30.5,47.75,23.78,2.21,23.29,LOW
1293,34.01,13.5,36.69,13.35,13.11,23.18,LOW
1294,9.61,50.43,64.55,94.57,7.93,45.5,MODERATE
1295,2.23,9.3,46.14,60.26,0.85,23.82,LOW
1296,17.71,55.28,55.38,71.74,7.53,42.03,MODERATE
1297,100.0,52.85,61.4,60.31,7.14,60.98,ELEVATED
1298,25.99,13.5,61.34,75.53,1.78,36.84,MODERATE
1299,20.68,67.71,55.74,73.6,6.83,45.6,MODERATE
1300,14.1,55.28,26.82,39.87,3.59,28.46,LOW
1301,29.59,27.8,64.25,82.95,6.21,43.33,MODERATE
1302,13.18,35.8,67.09,69.3,9.98,39.23,MODERATE
1303,3.77,7.4,41.44,31.24,6.52,17.94,LOW
1304,28.61,35.8,44.39,16.48,3.54,27.02,LOW
1305,36.56,44.85,46.74,32.43,8.08,35.16,MODERATE
1306,13.5,30.5,50.05,54.59,6.49,31.38,MODERATE
1307,27.12,45.69,35.93,38.19,7.67,31.89,MODERATE
1308,26.63,54.51,43.21,37.75,6.15,34.67,MODERATE
1309,25.7,45.61,55.38,71.74,7.53,42.1,MODERATE
1310,35.35,35.8,41.44,31.24,6.52,31.51,MODERATE
1311,33.66,67.71,36.79,73.54,2.69,44.43,MODERATE
1312,20.78,67.71,52.06,66.65,0.0,42.48,MODERATE
1313,10.05,52.85,37.97,85.55,7.91,38.97,MODERATE
1314,51.75,44.85,43.21,37.75,6.15,39.02,MODERATE
1315,14.09,41.92,41.44,31.24,6.52,27.42,LOW
1316,40.13,7.4,62.34,56.72,6.72,36.33,MODERATE
1317,24.76,50.43,32.94,31.9,6.06,30.15,MODERATE
1318,8.9,67.71,67.74,76.58,5.54,45.46,MODERATE
1319,19.88,30.65,33.99,44.43,2.53,27.16,LOW
1320,9.04,7.4,28.14,37.62,28.48,21.17,LOW
1321,17.94,13.5,45.17,43.38,7.55,26.03,LOW
1322,42.66,54.51,47.71,75.92,5.14,47.06,MODERATE
1323,31.88,55.28,28.14,37.62,28.48,36.45,MODERATE
1324,17.49,77.67,38.77,75.74,3.32,43.31,MODERATE
1325,33.33,38.81,45.17,43.38,7.55,34.94,MODERATE
1326,10.47,9.17,74.84,21.52,9.31,25.12,LOW
1327,21.8,28.79,46.43,78.47,6.48,37.16,MODERATE
1328,39.57,54.51,43.21,37.75,6.15,37.91,MODERATE
1329,12.62,33.91,27.73,28.53,9.45,22.61,LOW
1330,55.61,81.78,46.74,32.43,8.08,47.31,MODERATE
1331,3.06,46.27,46.43,78.47,6.48,35.97,MODERATE
1332,0.19,47.08,64.62,62.23,1.45,35.05,MODERATE
1333,9.99,47.08,59.24,22.75,11.82,30.08,MODERATE
1334,43.5,44.85,34.09,22.41,5.31,31.94,MODERATE
1335,13.48,44.42,43.21,37.75,6.15,29.37,LOW
1336,30.05,54.51,47.75,23.78,2.21,33.05,MODERATE
1337,1.84,30.5,43.41,62.07,2.53,28.04,LOW
1338,8.38,30.5,34.09,22.41,5.31,20.29,LOW
1339,27.72,50.98,45.68,70.55,5.22,41.15,MODERATE
1340,5.59,81.78,59.46,42.01,6.98,39.09,MODERATE
1341,2.98,44.42,61.51,50.38,8.86,33.33,MODERATE
1342,26.12,21.89,74.34,80.87,5.45,42.77,MODERATE
1343,21.29,81.78,61.4,60.31,7.14,47.09,MODERATE
1344,100.0,45.61,41.04,21.17,0.05,46.57,MODERATE
1345,54.99,50.43,49.08,53.12,1.49,44.5,MODERATE
1346,25.45,39.19,43.72,62.22,4.4,36.05,MODERATE
1347,2.2,9.17,46.47,69.35,1.31,25.74,LOW
1348,33.85,67.71,52.06,66.65,0.0,45.75,MODERATE
1349,1.14,81.03,36.51,72.54,8.54,39.58,MODERATE
1350,37.85,45.61,38.77,75.74,3.32,41.99,MODERATE
1351,6.79,70.78,63.25,50.14,3.97,39.13,MODERATE
1352,6.81,30.5,34.09,22.41,5.31,19.9,LOW
1353,24.95,39.87,67.09,69.3,9.98,42.98,MODERATE
1354,5.65,70.78,46.47,69.35,1.31,38.93,MODERATE
1355,100.0,28.79,40.22,58.67,10.3,52.08,MODERATE
1356,47.4,55.29,52.06,66.65,0.0,46.65,MODERATE
1357,23.8,92.37,34.3,19.13,10.61,36.7,MODERATE
1358,21.84,81.78,46.47,69.35,1.31,45.18,MODERATE
1359,7.49,44.85,46.74,32.43,8.08,27.89,LOW
1360,2.43,33.91,23.77,18.02,4.26,16.39,LOW
1361,7.75,38.81,61.69,65.14,8.5,36.34,MODERATE
1362,21.44,92.37,43.21,37.75,6.15,40.95,MODERATE
1363,41.45,41.92,41.57,33.83,3.77,34.39,MODERATE
1364,41.4,28.79,40.22,58.67,10.3,37.43,MODERATE
1365,19.34,32.66,23.77,18.02,4.26,20.36,LOW
1366,0.53,27.8,50.05,54.59,6.49,27.6,LOW
1367,51.74,45.61,23.77,18.02,4.26,31.05,MODERATE
1368,5.34,50.43,27.39,79.52,5.52,33.63,MODERATE
1369,23.42,50.98,35.93,38.19,7.67,32.02,MODERATE
1370,12.66,27.6,44.14,84.78,4.01,35.07,MODERATE
1371,1.42,9.3,44.14,84.78,4.01,28.6,LOW
1372,32.37,9.3,55.38,71.74,7.53,36.5,MODERATE
1373,39.7,46.27,32.94,31.9,6.06,33.06,MODERATE
1374,3.81,52.85,37.97,85.55,7.91,37.41,MODERATE
1375,1.2,21.89,42.71,43.66,6.29,22.9,LOW
1376,5.54,9.17,46.03,96.31,7.43,32.8,MODERATE
1377,26.59,9.17,74.84,21.52,9.31,29.15,LOW
1378,12.51,55.29,26.54,32.88,8.7,27.37,LOW
1379,14.09,67.71,36.79,73.54,2.69,39.53,MODERATE
1380,22.2,9.17,34.49,52.59,6.05,25.71,LOW
1381,10.87,30.65,27.39,79.52,5.52,31.06,MODERATE
1382,77.07,41.92,46.14,60.26,0.85,49.06,MODERATE
1383,39.52,50.43,54.79,31.06,8.54,38.42,MODERATE
1384,36.19,81.03,54.59,66.05,6.77,50.4,MODERATE
1385,5.9,27.6,61.51,50.38,8.86,30.7,MODERATE
1386,40.64,50.98,45.68,70.55,5.22,44.39,MODERATE
1387,2.44,21.89,44.65,72.77,3.22,28.96,LOW
1388,4.24,79.62,26.82,39.87,3.59,30.86,MODERATE
1389,4.87,50.98,62.34,56.72,6.72,36.23,MODERATE
1390,9.2,30.65,44.14,84.78,4.01,34.82,MODERATE
1391,32.38,35.8,61.51,50.38,8.86,38.96,MODERATE
1392,15.12,30.65,44.14,84.78,4.01,36.3,MODERATE
1393,45.89,21.89,44.65,72.77,3.22,39.82,MODERATE
1394,62.49,47.08,23.77,18.02,4.26,34.04,MODERATE
1395,24.05,45.61,38.07,12.64,8.6,26.57,LOW
1396,32.93,7.4,64.25,82.95,6.21,40.09,MODERATE
1397,38.32,35.8,41.57,33.83,3.77,32.39,MODERATE
1398,38.43,30.5,41.57,33.83,3.77,31.36,MODERATE
1399,5.36,9.3,44.14,84.78,4.01,29.59,LOW
1400,17.24,67.71,69.63,63.49,5.5,45.3,MODERATE
1401,8.57,54.51,40.22,58.67,10.3,34.37,MODERATE
1402,48.8,27.8,50.05,54.59,6.49,39.66,MODERATE
1403,10.58,50.43,54.79,31.06,8.54,31.18,MODERATE
1404,100.0,70.78,74.84,21.52,9.31,59.83,ELEVATED
1405,23.58,30.65,40.07,84.98,2.17,37.36,MODERATE
1406,19.89,22.06,49.28,20.61,8.21,24.6,LOW
1407,18.21,50.98,49.08,53.12,1.49,35.41,MODERATE
1408,15.93,55.28,34.09,22.41,5.31,27.14,LOW
1409,32.91,13.5,34.09,22.41,5.31,23.02,LOW
1410,11.79,77.67,43.41,62.07,2.53,39.96,MODERATE
1411,16.37,41.92,37.2,33.49,4.35,27.27,LOW
1412,12.3,33.91,37.97,85.55,7.91,35.75,MODERATE
1413,2.07,92.37,44.14,84.78,4.01,45.38,MODERATE
1414,4.43,7.4,62.34,56.72,6.72,27.41,LOW
1415,4.01,77.67,43.41,62.07,2.53,38.01,MODERATE
1416,4.04,30.65,54.59,66.05,6.77,32.28,MODERATE
1417,33.05,38.81,61.69,65.14,8.5,42.67,MODERATE
1418,31.33,55.29,43.87,39.72,19.26,38.5,MODERATE
1419,50.59,30.5,34.09,22.41,5.31,30.85,MODERATE
1420,17.22,54.51,41.57,33.83,3.77,30.86,MODERATE
1421,16.48,27.8,64.25,82.95,6.21,40.05,MODERATE
1422,14.39,31.05,67.09,69.3,9.98,38.58,MODERATE
1423,35.13,31.05,34.49,52.59,6.05,33.31,MODERATE
1424,87.52,47.08,49.08,53.12,1.49,51.96,MODERATE
1425,43.08,30.5,41.57,33.83,3.77,32.52,MODERATE
1426,22.56,27.8,49.06,88.54,1.51,38.95,MODERATE
1427,34.76,67.71,49.79,22.56,7.83,37.88,MODERATE
1428,11.68,81.78,63.25,50.14,3.97,42.55,MODERATE
1429,6.62,22.06,33.99,44.43,2.53,22.13,LOW
1430,9.1,27.8,50.05,54.59,6.49,29.74,LOW
1431,5.63,47.08,56.62,50.18,100.0,47.18,MODERATE
1432,24.96,41.92,43.87,39.72,19.26,34.23,MODERATE
1433,39.95,49.18,36.51,72.54,8.54,42.91,MODERATE
1434,4.09,32.66,27.39,79.52,5.52,29.77,LOW
1435,42.51,31.05,26.54,32.88,8.7,30.03,MODERATE
1436,15.26,28.79,37.7,35.87,3.28,24.78,LOW
1437,18.08,55.29,26.54,32.88,8.7,28.77,LOW
1438,23.74,79.62,45.17,43.38,7.55,40.7,MODERATE
1439,3.22,39.19,56.62,50.18,100.0,45.0,MODERATE
1440,10.95,67.71,69.63,63.49,5.5,43.73,MODERATE
1441,25.67,44.42,44.94,41.99,4.2,33.32,MODERATE
1442,13.5,13.5,45.96,28.05,13.05,22.84,LOW
1443,19.35,28.79,46.43,78.47,6.48,36.55,MODERATE
1444,29.65,55.28,28.14,37.62,28.48,35.89,MODERATE
1445,7.91,50.98,43.42,67.64,5.36,35.19,MODERATE
1446,8.05,9.3,62.34,56.72,6.72,28.69,LOW
1447,24.36,54.69,36.79,73.54,2.69,39.5,MODERATE
1448,1.13,67.71,63.25,50.14,3.97,37.1,MODERATE
1449,14.68,54.69,45.17,43.38,7.55,33.45,MODERATE
1450,23.03,55.28,34.09,22.41,5.31,28.91,LOW
1451,5.68,39.87,50.05,54.59,6.49,31.3,MODERATE
1452,31.79,45.61,34.09,22.41,5.31,29.16,LOW
1453,53.75,52.85,61.4,60.31,7.14,49.42,MODERATE
1454,33.37,22.06,48.0,31.83,2.74,29.13,LOW
1455,10.76,55.28,64.25,82.95,6.21,44.12,MODERATE
1456,37.86,9.17,49.79,22.56,7.83,26.94,LOW
1457,22.99,30.65,43.72,62.22,4.4,33.73,MODERATE
1458,84.07,13.5,56.62,50.18,100.0,60.08,ELEVATED
1459,2.53,28.79,41.04,21.17,0.05,18.84,LOW
1460,0.09,9.17,50.05,54.59,6.49,23.76,LOW
1461,25.69,67.71,36.79,73.54,2.69,42.43,MODERATE
1462,18.72,30.65,54.8,54.62,4.34,33.34,MODERATE
1463,15.84,45.61,34.09,22.41,5.31,25.18,LOW
1464,0.27,30.65,45.96,28.05,13.05,22.96,LOW
1465,21.33,54.51,47.75,23.78,2.21,30.87,MODERATE
1466,17.74,45.61,62.03,35.4,11.62,34.78,MODERATE
1467,13.6,79.62,62.83,59.7,4.82,44.55,MODERATE
1468,24.13,55.29,47.75,23.78,2.21,31.73,MODERATE
1469,13.74,30.5,52.61,51.56,6.38,31.33,MODERATE
1470,2.91,50.43,63.25,50.14,3.97,34.09,MODERATE
1471,9.43,39.19,28.14,37.62,28.48,27.62,LOW
1472,25.74,45.69,41.04,21.17,0.05,28.02,LOW
1473,29.98,30.65,63.25,50.14,3.97,36.9,MODERATE
1474,8.6,92.37,34.3,19.13,10.61,32.9,MODERATE
1475,100.0,32.66,67.09,69.3,9.98,60.31,ELEVATED
1476,23.02,81.78,59.46,42.01,6.98,43.45,MODERATE
1477,14.07,31.05,67.09,69.3,9.98,38.5,MODERATE
1478,100.0,32.66,43.21,37.75,6.15,48.65,MODERATE
1479,3.22,22.06,38.77,75.74,3.32,28.62,LOW
1480,32.03,9.17,40.22,58.67,10.3,31.16,MODERATE
1481,0.59,13.5,66.25,44.11,5.32,25.72,LOW
1482,17.33,45.61,56.62,50.18,100.0,49.81,MODERATE
1483,36.78,45.69,41.04,21.17,0.05,30.78,MODERATE
1484,51.55,28.79,37.7,35.87,3.28,33.85,MODERATE
1485,27.89,41.92,37.7,35.87,3.28,30.56,MODERATE
1486,12.29,38.81,61.69,65.14,8.5,37.48,MODERATE
1487,2.68,39.87,61.4,60.31,7.14,34.06,MODERATE
1488,39.79,7.4,74.34,80.87,5.45,43.29,MODERATE
1489,59.15,50.98,62.34,56.72,6.72,49.8,MODERATE
1490,20.38,30.65,49.28,20.61,8.21,26.44,LOW
1491,8.23,31.05,36.51,72.54,8.54,31.36,MODERATE
1492,0.6,55.28,27.73,28.53,9.45,23.88,LOW
1493,10.17,46.27,46.43,78.47,6.48,37.75,MODERATE
1494,24.62,30.65,37.2,33.49,4.35,27.07,LOW
1495,14.76,79.62,54.8,54.62,4.34,42.15,MODERATE
1496,26.95,50.43,49.79,22.56,7.83,32.47,MODERATE
1497,8.95,50.43,67.09,69.3,9.98,41.1,MODERATE
1498,51.95,31.05,26.54,32.88,8.7,32.39,MODERATE
1499,15.53,33.91,37.97,85.55,7.91,36.55,MODERATE
1500,27.58,31.05,26.54,32.88,8.7,26.29,LOW
1501,43.6,49.18,44.14,84.78,4.01,47.12,MODERATE
1502,20.1,81.78,46.47,69.35,1.31,44.74,MODERATE
1503,55.34,22.06,54.8,54.62,4.34,40.78,MODERATE
1504,39.14,30.65,43.72,62.22,4.4,37.76,MODERATE
1505,32.54,44.85,46.74,32.43,8.08,34.15,MODERATE
1506,6.98,27.6,37.2,33.49,4.35,22.05,LOW
1507,24.82,81.03,40.22,58.67,10.3,43.73,MODERATE
1508,28.73,33.91,44.65,72.77,3.22,37.93,MODERATE
1509,54.85,31.05,47.75,23.78,2.21,34.56,MODERATE
1510,31.49,45.69,38.77,75.74,3.32,40.41,MODERATE
1511,17.63,92.37,61.4,60.31,7.14,48.3,MODERATE
1512,45.6,81.03,36.79,73.54,2.69,50.08,MODERATE
1513,33.92,30.5,41.57,33.83,3.77,30.23,MODERATE
1514,3.92,30.65,43.41,62.07,2.53,28.58,LOW
1515,32.54,30.65,33.99,44.43,2.53,30.33,MODERATE
1516,9.73,13.5,61.51,50.38,8.86,28.84,LOW
1517,50.99,70.78,46.47,69.35,1.31,50.27,MODERATE
1518,30.56,33.91,34.49,52.59,6.05,32.75,MODERATE
1519,23.9,9.17,46.47,69.35,1.31,31.17,MODERATE
1520,19.15,54.69,54.79,31.06,8.54,34.18,MODERATE
1521,1.16,70.78,27.39,79.52,5.52,36.66,MODERATE
1522,15.27,46.27,64.62,62.23,1.45,38.66,MODERATE
1523,30.49,81.03,36.51,72.54,8.54,46.92,MODERATE
1524,9.18,44.85,43.21,37.75,6.15,28.38,LOW
1525,13.51,32.66,49.86,55.73,6.34,31.98,MODERATE
1526,13.03,9.3,32.94,31.9,6.06,18.99,LOW
1527,5.45,67.71,49.79,22.56,7.83,30.55,MODERATE
1528,23.5,41.92,62.83,59.7,4.82,39.49,MODERATE
1529,34.34,32.66,34.3,19.13,10.61,27.4,LOW
1530,9.09,32.66,67.09,69.3,9.98,37.58,MODERATE
1531,64.19,50.43,49.28,20.61,8.21,41.34,MODERATE
1532,40.45,28.79,62.83,59.7,4.82,41.1,MODERATE
1533,7.16,47.08,45.14,30.75,2.65,26.78,LOW
1534,16.37,39.87,44.39,16.48,3.54,24.77,LOW
1535,78.8,31.05,67.09,69.3,9.98,54.68,MODERATE
1536,41.53,33.91,62.03,35.4,11.62,38.39,MODERATE
1537,17.22,31.05,41.04,21.17,0.05,22.96,LOW
1538,9.7,81.03,35.93,38.19,7.67,34.6,MODERATE
1539,10.21,28.79,48.0,31.83,2.74,24.69,LOW
1540,11.27,44.42,26.82,39.87,3.59,25.58,LOW
1541,19.53,7.4,64.25,82.95,6.21,36.74,MODERATE
1542,8.5,39.19,52.61,51.56,6.38,31.75,MODERATE
1543,39.01,50.43,63.25,50.14,3.97,43.11,MODERATE
1544,22.66,35.8,41.57,33.83,3.77,28.47,LOW
1545,26.2,9.3,74.34,80.87,5.45,40.27,MODERATE
1546,6.23,50.98,26.82,39.87,3.59,25.63,LOW
1547,14.71,81.78,56.62,50.18,100.0,56.39,ELEVATED
1548,31.85,7.4,41.57,33.83,3.77,25.09,LOW
1549,6.19,41.92,37.97,85.55,7.91,35.82,MODERATE
1550,19.7,47.08,23.77,18.02,4.26,23.34,LOW
1551,24.11,31.05,34.49,52.59,6.05,30.56,MODERATE
1552,13.7,30.65,64.25,82.95,6.21,39.93,MODERATE
1553,28.26,9.3,64.55,94.57,7.93,41.94,MODERATE
1554,26.57,55.29,43.41,62.07,2.53,39.17,MODERATE
1555,47.81,55.29,43.87,39.72,19.26,42.62,MODERATE
1556,10.19,67.71,69.63,63.49,5.5,43.54,MODERATE
1557,5.9,55.28,28.14,37.62,28.48,29.96,LOW
1558,9.3,41.92,41.44,31.24,6.52,26.22,LOW
1559,5.34,81.03,35.93,38.19,7.67,33.51,MODERATE
1560,28.69,13.5,66.25,44.11,5.32,32.74,MODERATE
1561,11.71,30.65,45.96,28.05,13.05,25.82,LOW
1562,7.31,47.08,45.14,30.75,2.65,26.82,LOW
1563,13.7,30.65,63.25,50.14,3.97,32.83,MODERATE
1564,12.28,44.42,55.74,73.6,6.83,38.85,MODERATE
1565,20.76,30.5,46.03,96.31,7.43,40.87,MODERATE
1566,6.61,47.08,59.24,22.75,11.82,29.24,LOW
1567,31.38,54.69,34.49,52.59,6.05,37.1,MODERATE
1568,42.8,47.08,23.77,18.02,4.26,29.11,LOW
1569,17.0,92.37,38.77,75.74,3.32,46.12,MODERATE
1570,17.96,50.43,32.94,31.9,6.06,28.45,LOW
1571,22.89,50.98,49.08,53.12,1.49,36.58,MODERATE
1572,15.82,92.37,61.4,60.31,7.14,47.84,MODERATE
1573,16.68,30.65,49.08,53.12,1.49,30.96,MODERATE
1574,15.54,81.78,45.96,28.05,13.05,37.0,MODERATE
1575,1.24,27.6,44.14,84.78,4.01,32.22,MODERATE
1576,19.56,32.66,27.39,79.52,5.52,33.63,MODERATE
1577,18.51,27.6,44.14,84.78,4.01,36.53,MODERATE
1578,5.92,21.89,74.34,80.87,5.45,37.72,MODERATE
1579,19.56,30.5,34.09,22.41,5.31,23.09,LOW
1580,18.56,54.69,54.79,31.06,8.54,34.03,MODERATE
1581,0.02,38.81,46.47,69.35,1.31,31.13,MODERATE
1582,8.35,77.67,49.06,88.54,1.51,45.37,MODERATE
1583,29.23,50.43,62.34,56.72,6.72,42.21,MODERATE
1584,4.68,49.18,43.87,39.72,19.26,30.62,MODERATE
1585,79.65,30.65,27.39,79.52,5.52,48.25,MODERATE
1586,24.11,32.66,49.86,55.73,6.34,34.63,MODERATE
1587,31.43,47.08,49.06,88.54,1.51,45.02,MODERATE
1588,18.58,9.3,63.25,50.14,3.97,29.78,LOW
1589,10.41,50.98,44.65,72.77,3.22,36.76,MODERATE
1590,50.69,55.29,46.47,69.35,1.31,47.09,MODERATE
1591,26.12,30.65,64.25,82.95,6.21,43.03,MODERATE
1592,24.6,44.42,63.25,50.14,3.97,38.31,MODERATE
1593,17.27,52.85,47.81,43.54,7.25,34.24,MODERATE
1594,14.69,79.62,46.47,69.35,1.31,42.96,MODERATE
1595,7.88,13.5,34.09,22.41,5.31,16.77,LOW
1596,33.61,41.92,37.7,35.87,3.28,31.99,MODERATE
1597,8.52,50.43,27.39,79.52,5.52,34.43,MODERATE
1598,7.51,45.69,62.96,56.72,14.21,37.08,MODERATE
1599,51.32,54.51,40.22,58.67,10.3,45.06,MODERATE
1600,13.99,28.79,62.83,59.7,4.82,34.48,MODERATE
1601,90.0,46.27,64.62,62.23,1.45,57.34,ELEVATED
1602,9.51,49.18,44.14,84.78,4.01,38.6,MODERATE
1603,33.02,45.61,55.16,54.74,3.55,39.89,MODERATE
1604,75.26,54.69,41.04,21.17,0.05,42.2,MODERATE
1605,14.56,39.87,50.05,54.59,6.49,33.52,MODERATE
1606,39.32,49.18,53.49,50.77,10.04,42.02,MODERATE
1607,37.7,33.91,27.73,28.53,9.45,28.88,LOW
1608,24.85,27.6,43.21,37.75,6.15,28.85,LOW
1609,19.77,9.17,37.97,85.55,7.91,32.67,MODERATE
1610,4.74,45.69,43.87,39.72,19.26,29.93,LOW
1611,14.4,41.92,34.09,22.41,5.31,24.08,LOW
1612,28.01,28.79,48.0,31.83,2.74,29.14,LOW
1613,3.35,45.61,64.25,82.95,6.21,40.33,MODERATE
1614,18.35,92.37,34.49,52.59,6.05,41.38,MODERATE
1615,8.86,50.43,59.24,22.75,11.82,30.47,MODERATE
1616,5.75,55.28,49.86,55.73,6.34,34.56,MODERATE
1617,17.04,81.78,61.4,60.31,7.14,46.03,MODERATE
1618,26.56,81.78,61.4,60.31,7.14,48.41,MODERATE
1619,2.51,52.85,62.96,56.72,14.21,37.26,MODERATE
1620,19.98,81.78,46.47,69.35,1.31,44.71,MODERATE
1621,19.7,39.19,45.68,70.55,5.22,36.79,MODERATE
1622,17.44,9.17,40.22,58.67,10.3,27.52,LOW
1623,11.36,47.08,45.14,30.75,2.65,27.83,LOW
1624,4.83,35.8,33.99,44.43,2.53,24.43,LOW
1625,19.94,27.8,53.94,66.16,1.04,34.72,MODERATE
1626,56.43,27.6,45.17,43.38,7.55,38.47,MODERATE
1627,18.18,55.28,34.49,52.59,6.05,33.92,MODERATE
1628,43.34,44.85,32.58,28.53,7.36,33.13,MODERATE
1629,1.68,50.43,32.94,31.9,6.06,24.38,LOW
1630,17.84,13.5,37.97,85.55,7.91,33.05,MODERATE
1631,16.24,50.98,44.65,72.77,3.22,38.22,MODERATE
1632,6.01,47.08,61.34,75.53,1.78,38.56,MODERATE
1633,0.55,41.92,63.25,50.14,3.97,31.8,MODERATE
1634,31.55,31.05,34.3,19.13,10.61,26.37,LOW
1635,31.69,13.5,27.73,28.53,9.45,23.29,LOW
1636,1.27,45.61,44.39,16.48,3.54,22.15,LOW
1637,19.93,7.4,62.34,56.72,6.72,31.28,MODERATE
1638,13.64,44.42,61.51,50.38,8.86,36.0,MODERATE
1639,63.11,30.65,49.28,20.61,8.21,37.12,MODERATE
1640,9.01,50.98,35.93,38.19,7.67,28.42,LOW
1641,5.31,55.28,64.25,82.95,6.21,42.76,MODERATE
1642,6.93,52.85,64.62,62.23,1.45,37.89,MODERATE
1643,19.67,39.19,28.14,37.62,28.48,30.18,MODERATE
1644,11.05,39.87,44.39,16.48,3.54,23.44,LOW
1645,51.41,44.42,55.74,73.6,6.83,48.63,MODERATE
1646,39.71,9.3,55.38,71.74,7.53,38.34,MODERATE
1647,30.87,45.61,43.21,37.75,6.15,33.95,MODERATE
1648,36.19,13.5,44.65,72.77,3.22,35.71,MODERATE
1649,24.86,39.87,52.61,51.56,6.38,35.98,MODERATE
1650,32.7,50.98,62.34,56.72,6.72,43.19,MODERATE
1651,2.79,13.5,37.2,33.49,4.35,18.19,LOW
1652,9.71,55.29,43.41,62.07,2.53,34.96,MODERATE
1653,14.28,41.92,37.97,85.55,7.91,37.85,MODERATE
1654,7.41,44.85,46.74,32.43,8.08,27.87,LOW
1655,68.87,44.42,63.25,50.14,3.97,49.38,MODERATE
1656,12.15,67.71,52.06,66.65,0.0,40.32,MODERATE
1657,37.47,81.03,61.34,75.53,1.78,53.21,MODERATE
1658,29.7,50.98,35.93,38.19,7.67,33.59,MODERATE
1659,20.14,39.19,36.51,72.54,8.54,35.96,MODERATE
1660,22.86,31.05,44.94,41.99,4.2,29.94,LOW
1661,100.0,35.8,37.97,85.55,7.91,58.05,ELEVATED
1662,38.48,39.87,50.05,54.59,6.49,39.49,MODERATE
1663,0.83,44.42,44.94,41.99,4.2,27.11,LOW
1664,32.85,28.79,62.83,59.7,4.82,39.2,MODERATE
1665,8.86,55.29,34.3,19.13,10.61,25.55,LOW
1666,10.25,30.5,50.05,54.59,6.49,30.56,MODERATE
1667,34.96,50.43,49.28,20.61,8.21,34.04,MODERATE
1668,35.89,9.17,46.47,69.35,1.31,34.17,MODERATE
1669,50.97,13.5,37.2,33.49,4.35,30.23,MODERATE
1670,4.35,39.19,43.72,62.22,4.4,30.78,MODERATE
1671,5.94,13.5,27.73,28.53,9.45,16.85,LOW
1672,71.69,13.5,61.69,65.14,8.5,47.26,MODERATE
1673,34.63,30.5,50.05,54.59,6.49,36.66,MODERATE
1674,36.19,67.71,64.25,82.95,6.21,52.96,MODERATE
1675,100.0,13.5,45.96,28.05,13.05,44.46,MODERATE
1676,22.3,70.78,66.25,44.11,5.32,42.6,MODERATE
1677,54.98,46.27,53.94,66.16,1.04,47.17,MODERATE
1678,4.18,38.81,54.59,66.05,6.77,33.95,MODERATE
1679,5.74,55.28,27.73,28.53,9.45,25.16,LOW
1680,35.7,55.29,45.17,43.38,7.55,38.83,MODERATE
1681,3.87,77.67,38.77,75.74,3.32,39.9,MODERATE
1682,27.5,35.8,43.21,37.75,6.15,31.15,MODERATE
1683,90.42,13.5,49.79,22.56,7.83,40.95,MODERATE
1684,22.76,41.92,62.83,59.7,4.82,39.3,MODERATE
1685,9.39,45.69,35.93,38.19,7.67,27.46,LOW
1686,15.38,38.81,45.17,43.38,7.55,30.45,MODERATE
1687,18.91,81.78,46.47,69.35,1.31,44.44,MODERATE
1688,0.73,30.5,50.05,54.59,6.49,28.19,LOW
1689,0.31,54.69,53.94,66.16,1.04,35.19,MODERATE
1690,4.57,49.18,40.07,84.98,2.17,36.32,MODERATE
1691,27.18,41.92,43.87,39.72,19.26,34.79,MODERATE
1692,20.01,81.03,54.59,66.05,6.77,46.35,MODERATE
1693,17.89,13.5,44.65,72.77,3.22,31.14,MODERATE
1694,5.71,30.65,27.39,79.52,5.52,29.77,LOW
1695,74.81,54.51,74.34,80.87,5.45,61.46,ELEVATED
1696,21.37,13.5,36.69,13.35,13.11,20.02,LOW
1697,28.39,92.37,38.77,75.74,3.32,48.97,MODERATE
1698,8.88,50.98,62.34,56.72,6.72,37.23,MODERATE
1699,38.34,39.19,53.49,50.77,10.04,39.78,MODERATE
1700,2.47,54.51,47.71,75.92,5.14,37.02,MODERATE
1701,16.78,21.89,74.34,80.87,5.45,40.43,MODERATE
1702,13.01,81.03,53.94,66.16,1.04,43.63,MODERATE
1703,29.16,31.05,47.71,75.92,5.14,39.0,MODERATE
1704,33.98,54.51,47.75,23.78,2.21,34.03,MODERATE
1705,13.2,31.05,61.34,75.53,1.78,37.15,MODERATE
1706,31.98,45.69,43.87,39.72,19.26,36.74,MODERATE
1707,0.45,9.3,54.8,54.62,4.34,24.51,LOW
1708,36.82,54.51,47.75,23.78,2.21,34.74,MODERATE
1709,17.27,39.87,54.59,66.05,6.77,37.43,MODERATE
1710,33.02,54.51,27.73,28.53,9.45,31.83,MODERATE
1711,15.32,55.29,46.47,69.35,1.31,38.25,MODERATE
1712,67.02,9.3,44.14,84.78,4.01,45.0,MODERATE
1713,4.0,45.61,34.09,22.41,5.31,22.22,LOW
1714,78.5,9.3,32.94,31.9,6.06,35.36,MODERATE
1715,7.28,45.61,55.38,71.74,7.53,37.49,MODERATE
1716,88.51,92.37,32.58,28.53,7.36,53.93,MODERATE
1717,50.29,81.03,64.25,82.95,6.21,59.15,ELEVATED
1718,53.5,9.3,62.23,24.09,4.71,33.2,MODERATE
1719,47.96,33.91,46.74,32.43,8.08,35.82,MODERATE
1720,18.42,70.78,54.8,54.62,4.34,41.3,MODERATE
1721,10.42,52.85,64.62,62.23,1.45,38.76,MODERATE
1722,100.0,30.65,49.08,53.12,1.49,51.79,MODERATE
1723,18.89,7.4,61.34,75.53,1.78,33.84,MODERATE
1724,24.1,81.03,54.59,66.05,6.77,47.37,MODERATE
1725,31.68,30.65,45.96,28.05,13.05,30.81,MODERATE
1726,18.36,30.65,63.25,50.14,3.97,33.99,MODERATE
1727,8.38,54.51,27.73,28.53,9.45,25.67,LOW
1728,75.07,38.81,43.21,37.75,6.15,43.64,MODERATE
1729,11.26,67.71,62.96,56.72,14.21,42.42,MODERATE
1730,15.82,7.4,49.06,88.54,1.51,33.18,MODERATE
1731,9.16,67.71,62.96,56.72,14.21,41.9,MODERATE
1732,25.09,38.81,61.69,65.14,8.5,40.68,MODERATE
1733,0.46,54.69,53.94,66.16,1.04,35.23,MODERATE
1734,13.71,45.69,62.96,56.72,14.21,38.63,MODERATE
1735,43.38,81.03,36.79,73.54,2.69,49.52,MODERATE
1736,18.2,30.5,47.75,23.78,2.21,25.29,LOW
1737,20.29,50.43,59.24,22.75,11.82,33.33,MODERATE
1738,54.78,35.8,55.74,73.6,6.83,47.75,MODERATE
1739,50.33,39.87,44.39,16.48,3.54,33.26,MODERATE
1740,10.61,32.66,36.79,73.54,2.69,31.66,MODERATE
1741,0.05,30.65,43.72,62.22,4.4,27.99,LOW
1742,17.53,27.8,50.05,54.59,6.49,31.85,MODERATE
1743,6.01,50.98,43.42,67.64,5.36,34.71,MODERATE
1744,20.0,45.69,44.94,41.99,4.2,32.15,MODERATE
1745,28.04,54.51,41.57,33.83,3.77,33.56,MODERATE
1746,38.8,44.42,63.25,50.14,3.97,41.86,MODERATE
1747,35.25,38.81,45.17,43.38,7.55,35.41,MODERATE
1748,6.05,47.08,49.06,88.54,1.51,38.67,MODERATE
1749,4.24,9.3,62.34,56.72,6.72,27.74,LOW
1750,35.5,49.18,38.77,75.74,3.32,42.11,MODERATE
1751,14.66,28.79,49.79,22.56,7.83,25.07,LOW
1752,0.13,7.4,49.06,88.54,1.51,29.26,LOW
1753,28.12,31.05,34.49,52.59,6.05,31.56,MODERATE
1754,20.68,28.79,66.25,44.11,5.32,33.8,MODERATE
1755,31.36,54.69,36.79,73.54,2.69,41.25,MODERATE
1756,0.59,30.65,47.71,75.92,5.14,31.77,MODERATE
1757,23.34,28.79,48.0,31.83,2.74,27.97,LOW
1758,17.1,41.92,41.44,31.24,6.52,28.17,LOW
1759,42.91,55.28,36.69,13.35,13.11,33.76,MODERATE
1760,39.51,47.08,61.34,75.53,1.78,46.93,MODERATE
1761,17.12,81.78,74.84,21.52,9.31,41.3,MODERATE
1762,5.57,46.27,50.05,54.59,6.49,32.55,MODERATE
1763,20.46,45.69,38.77,75.74,3.32,37.65,MODERATE
1764,28.89,30.5,34.09,22.41,5.31,25.42,LOW
1765,5.53,7.4,62.34,56.72,6.72,27.68,LOW
1766,34.68,50.98,48.0,31.83,2.74,35.24,MODERATE
1767,71.11,39.19,53.94,66.16,1.04,49.79,MODERATE
1768,21.44,7.4,28.14,37.62,28.48,24.27,LOW
1769,20.08,13.5,37.97,85.55,7.91,33.61,MODERATE
1770,15.97,30.65,54.59,66.05,6.77,35.27,MODERATE
1771,4.98,21.89,61.51,50.38,8.86,29.33,LOW
1772,28.13,13.5,45.96,28.05,13.05,26.49,LOW
1773,9.55,47.08,49.06,88.54,1.51,39.55,MODERATE
1774,22.83,30.65,44.14,84.78,4.01,38.22,MODERATE
1775,16.78,30.65,47.71,75.92,5.14,35.82,MODERATE
1776,11.16,41.92,63.25,50.14,3.97,34.45,MODERATE
1777,31.15,52.85,62.96,56.72,14.21,44.43,MODERATE
1778,28.25,9.3,64.55,94.57,7.93,41.93,MODERATE
1779,52.74,47.08,61.34,75.53,1.78,50.24,MODERATE
1780,10.4,35.8,67.09,69.3,9.98,38.53,MODERATE
1781,35.64,35.8,43.21,37.75,6.15,33.18,MODERATE
1782,15.0,33.91,23.77,18.02,4.26,19.53,LOW
1783,33.99,45.61,55.38,71.74,7.53,44.17,MODERATE
1784,8.61,30.65,43.41,62.07,2.53,29.76,LOW
1785,50.08,21.89,74.34,80.87,5.45,48.76,MODERATE
1786,25.14,13.5,45.96,28.05,13.05,25.75,LOW
1787,27.63,44.42,37.7,35.87,3.28,31.0,MODERATE
1788,24.29,55.28,55.38,71.74,7.53,43.68,MODERATE
1789,9.03,77.67,55.38,71.74,7.53,44.34,MODERATE
1790,99.44,39.87,27.73,28.53,9.45,45.5,MODERATE
1791,0.93,46.27,46.14,60.26,0.85,30.89,MODERATE
1792,7.91,45.69,35.93,38.19,7.67,27.09,LOW
1793,27.74,41.92,37.7,35.87,3.28,30.52,MODERATE
1794,44.41,38.81,54.59,66.05,6.77,44.01,MODERATE
1795,20.97,81.78,46.47,69.35,1.31,44.96,MODERATE
1796,41.02,45.69,62.96,56.72,14.21,45.46,MODERATE
1797,21.39,67.71,36.79,73.54,2.69,41.36,MODERATE
1798,2.51,9.3,44.14,84.78,4.01,28.87,LOW
1799,16.04,81.03,61.34,75.53,1.78,47.86,MODERATE
1800,32.01,45.69,59.24,22.75,11.82,35.31,MODERATE
1801,32.01,45.61,41.04,21.17,0.05,29.57,LOW
1802,15.17,39.19,28.14,37.62,28.48,29.06,LOW
1803,1.8,81.78,56.62,50.18,100.0,53.17,MODERATE
1804,40.83,30.65,43.41,62.07,2.53,37.81,MODERATE
1805,9.27,55.29,46.47,69.35,1.31,36.73,MODERATE
1806,29.93,55.29,44.94,41.99,4.2,36.56,MODERATE
1807,49.69,39.19,53.49,50.77,10.04,42.62,MODERATE
1808,29.63,32.66,34.3,19.13,10.61,26.22,LOW
1809,0.19,67.71,64.25,82.95,6.21,43.96,MODERATE
1810,24.55,47.08,61.63,40.68,4.75,36.73,MODERATE
1811,15.67,30.65,43.42,67.64,5.36,33.06,MODERATE
1812,15.04,67.71,63.25,50.14,3.97,40.58,MODERATE
1813,15.01,30.5,50.05,54.59,6.49,31.75,MODERATE
1814,2.02,32.66,43.21,37.75,6.15,24.15,LOW
1815,57.52,47.08,64.62,62.23,1.45,49.38,MODERATE
1816,36.3,7.4,61.4,60.31,7.14,35.97,MODERATE
1817,0.26,67.71,36.79,73.54,2.69,36.08,MODERATE
1818,7.03,55.28,27.73,28.53,9.45,25.48,LOW
1819,15.07,81.78,46.47,69.35,1.31,43.49,MODERATE
1820,1.71,67.71,64.25,82.95,6.21,44.34,MODERATE
1821,13.61,39.19,45.68,70.55,5.22,35.27,MODERATE
1822,24.34,45.69,37.2,33.49,4.35,30.01,MODERATE
1823,76.61,55.29,43.72,62.22,4.4,52.06,MODERATE
1824,17.02,33.91,44.65,72.77,3.22,35.01,MODERATE
1825,9.05,55.29,44.94,41.99,4.2,31.34,MODERATE
1826,10.65,67.71,52.06,66.65,0.0,39.95,MODERATE
1827,19.48,32.66,36.51,72.54,8.54,34.49,MODERATE
1828,17.58,67.71,26.54,32.88,8.7,31.13,MODERATE
1829,4.01,39.19,43.72,62.22,4.4,30.69,MODERATE
1830,26.28,39.87,34.3,19.13,10.61,26.82,LOW
1831,9.96,44.42,36.69,13.35,13.11,23.35,LOW
1832,29.32,70.78,64.62,62.23,1.45,47.07,MODERATE
1833,5.61,27.8,34.09,22.41,5.31,19.06,LOW
1834,0.29,30.65,35.93,38.19,7.67,22.17,LOW
1835,10.34,47.08,64.62,62.23,1.45,37.59,MODERATE
1836,11.2,67.71,67.74,76.58,5.54,46.04,MODERATE
1837,46.54,30.65,35.93,38.19,7.67,33.74,MODERATE
1838,40.25,45.61,49.06,88.54,1.51,46.93,MODERATE
1839,19.98,27.6,74.34,80.87,5.45,42.38,MODERATE
1840,17.99,44.42,26.82,39.87,3.59,27.26,LOW
1841,28.43,55.29,47.75,23.78,2.21,32.8,MODERATE
1842,3.1,35.8,61.51,50.38,8.86,31.64,MODERATE
1843,24.73,92.37,34.49,52.59,6.05,42.98,MODERATE
1844,43.3,28.79,41.04,21.17,0.05,29.03,LOW
1845,3.35,28.79,66.25,44.11,5.32,29.47,LOW
1846,4.22,44.42,67.09,69.3,9.98,38.71,MODERATE
1847,4.31,30.65,27.39,79.52,5.52,29.42,LOW
1848,72.99,55.29,52.06,66.65,0.0,53.05,MODERATE
1849,19.0,50.43,44.65,72.77,3.22,38.8,MODERATE
1850,33.73,81.03,36.79,73.54,2.69,47.11,MODERATE
1851,89.34,50.43,49.79,22.56,7.83,48.07,MODERATE
1852,33.61,44.42,45.14,30.75,2.65,32.86,MODERATE
1853,52.42,44.42,67.09,69.3,9.98,50.76,MODERATE
1854,12.08,13.5,45.17,43.38,7.55,24.56,LOW
1855,8.97,28.79,48.0,31.83,2.74,24.38,LOW
1856,41.34,81.78,59.46,42.01,6.98,48.03,MODERATE
1857,18.21,55.29,43.87,39.72,19.26,35.22,MODERATE
1858,17.64,13.5,45.96,28.05,13.05,23.87,LOW
1859,10.85,67.71,55.74,73.6,6.83,43.15,MODERATE
1860,10.84,9.3,46.14,60.26,0.85,25.98,LOW
1861,11.62,30.65,37.2,33.49,4.35,23.82,LOW
1862,9.75,81.78,46.47,69.35,1.31,42.15,MODERATE
1863,45.99,38.81,62.03,35.4,11.62,40.49,MODERATE
1864,100.0,39.87,49.28,20.61,8.21,48.18,MODERATE
1865,7.03,55.29,43.72,62.22,4.4,34.66,MODERATE
1866,6.52,35.8,55.74,73.6,6.83,35.68,MODERATE
1867,27.01,30.65,67.74,76.58,5.54,42.58,MODERATE
1868,49.81,31.05,47.71,75.92,5.14,44.16,MODERATE
1869,30.23,44.85,42.71,43.66,6.29,34.74,MODERATE
1870,89.59,52.85,23.77,18.02,4.26,41.96,MODERATE
1871,19.36,7.4,61.34,75.53,1.78,33.96,MODERATE
1872,17.08,52.85,23.77,18.02,4.26,23.84,LOW
1873,3.49,45.69,62.96,56.72,14.21,36.08,MODERATE
1874,24.97,33.91,34.49,52.59,6.05,31.35,MODERATE
1875,17.97,77.67,52.06,66.65,0.0,43.77,MODERATE
1876,41.49,7.4,41.57,33.83,3.77,27.5,LOW
1877,27.6,54.51,27.73,28.53,9.45,30.47,MODERATE
1878,4.39,30.5,43.41,62.07,2.53,28.67,LOW
1879,24.76,55.29,47.75,23.78,2.21,31.89,MODERATE
1880,51.94,38.81,62.03,35.4,11.62,41.98,MODERATE
1881,30.31,30.65,49.28,20.61,8.21,28.92,LOW
1882,15.86,77.67,52.06,66.65,0.0,43.24,MODERATE
1883,58.57,35.8,67.09,69.3,9.98,50.58,MODERATE
1884,14.64,13.5,26.82,39.87,3.59,20.24,LOW
1885,43.3,22.06,48.0,31.83,2.74,31.61,MODERATE
1886,11.92,9.17,32.94,31.9,6.06,18.69,LOW
1887,44.79,44.42,37.7,35.87,3.28,35.29,MODERATE
1888,9.62,45.61,56.62,50.18,100.0,47.89,MODERATE
1889,2.75,32.66,36.51,72.54,8.54,30.31,MODERATE
1890,30.89,54.51,27.73,28.53,9.45,31.29,MODERATE
1891,46.59,52.85,64.62,62.23,1.45,47.8,MODERATE
1892,3.59,30.65,49.79,22.56,7.83,22.67,LOW
1893,5.12,44.85,43.21,37.75,6.15,27.36,LOW
1894,35.71,47.08,45.14,30.75,2.65,33.92,MODERATE
1895,4.19,13.5,36.69,13.35,13.11,15.72,LOW
1896,5.26,35.8,55.74,73.6,6.83,35.37,MODERATE
1897,23.14,31.05,45.68,70.55,5.22,36.02,MODERATE
1898,11.19,33.91,34.49,52.59,6.05,27.9,LOW
1899,30.31,45.61,61.51,50.38,8.86,40.4,MODERATE
1900,0.83,67.71,49.79,22.56,7.83,29.4,LOW
1901,10.16,30.5,47.75,23.78,2.21,23.28,LOW
1902,14.51,70.78,54.8,54.62,4.34,40.32,MODERATE
1903,12.54,39.19,67.09,69.3,9.98,39.75,MODERATE
1904,6.38,92.37,32.58,28.53,7.36,33.4,MODERATE
1905,13.09,44.42,37.7,35.87,3.28,27.36,LOW
1906,37.86,55.28,36.69,13.35,13.11,32.5,MODERATE
1907,5.71,41.92,62.83,59.7,4.82,35.04,MODERATE
1908,13.57,45.61,23.77,18.02,4.26,21.51,LOW
1909,25.67,44.42,45.14,30.75,2.65,30.88,MODERATE
1910,6.51,39.19,43.72,62.22,4.4,31.31,MODERATE
1911,5.77,27.6,34.49,52.59,6.05,25.28,LOW
1912,25.44,22.06,55.16,54.74,3.55,33.29,MODERATE
1913,33.24,31.05,44.94,41.99,4.2,32.54,MODERATE
1914,34.2,67.71,55.74,73.6,6.83,48.98,MODERATE
1915,3.37,46.27,74.84,21.52,9.31,30.76,MODERATE
1916,10.88,13.5,61.69,65.14,8.5,32.06,MODERATE
1917,5.54,7.4,41.44,31.24,6.52,18.38,LOW
1918,17.03,47.08,61.63,40.68,4.75,34.85,MODERATE
1919,9.49,81.78,59.46,42.01,6.98,40.07,MODERATE
1920,53.34,52.85,64.62,62.23,1.45,49.49,MODERATE
1921,18.19,13.5,27.73,28.53,9.45,19.92,LOW
1922,82.21,70.78,59.46,42.01,6.98,56.05,ELEVATED
1923,77.17,32.66,67.09,69.3,9.98,54.6,MODERATE
1924,10.13,92.37,34.3,19.13,10.61,33.28,MODERATE
1925,9.52,45.61,55.38,71.74,7.53,38.05,MODERATE
1926,8.71,45.61,55.16,54.74,3.55,33.81,MODERATE
1927,69.53,47.08,61.63,40.68,4.75,47.97,MODERATE
1928,7.72,45.61,41.04,21.17,0.05,23.5,LOW
1929,25.64,77.67,66.25,44.11,5.32,44.81,MODERATE
1930,19.9,45.69,59.24,22.75,11.82,32.28,MODERATE
1931,37.89,47.08,64.62,62.23,1.45,44.48,MODERATE
1932,22.26,45.61,61.51,50.38,8.86,38.39,MODERATE
1933,11.18,7.4,43.41,62.07,2.53,25.75,LOW
1934,21.79,55.29,43.41,62.07,2.53,37.98,MODERATE
1935,28.55,81.78,28.14,37.62,28.48,40.92,MODERATE
1936,29.22,77.67,66.25,44.11,5.32,45.71,MODERATE
1937,11.57,55.28,44.14,84.78,4.01,40.34,MODERATE
1938,24.29,81.03,40.22,58.67,10.3,43.6,MODERATE
1939,21.27,31.05,61.34,75.53,1.78,39.17,MODERATE
1940,1.68,9.17,61.63,40.68,4.75,23.43,LOW
1941,14.05,13.5,36.69,13.35,13.11,18.19,LOW
1942,28.39,92.37,34.3,19.13,10.61,37.85,MODERATE
1943,35.26,32.66,34.3,19.13,10.61,27.63,LOW
1944,13.76,45.61,42.71,43.66,6.29,30.78,MODERATE
1945,18.2,13.5,27.73,28.53,9.45,19.92,LOW
1946,0.26,44.85,46.74,32.43,8.08,26.08,LOW
1947,19.1,30.65,43.42,67.64,5.36,33.92,MODERATE
1948,43.12,27.6,64.55,94.57,7.93,49.31,MODERATE
1949,5.12,28.79,50.05,54.59,6.49,28.94,LOW
1950,44.26,13.5,56.62,50.18,100.0,50.12,MODERATE
1951,17.47,55.29,43.41,62.07,2.53,36.9,MODERATE
1952,11.83,81.03,49.06,88.54,1.51,46.91,MODERATE
1953,37.02,47.08,56.62,50.18,100.0,55.03,ELEVATED
1954,13.13,21.89,43.72,62.22,4.4,29.51,LOW
1955,16.79,50.43,64.55,94.57,7.93,47.3,MODERATE
1956,7.35,54.69,41.04,21.17,0.05,25.23,LOW
1957,15.86,92.37,44.14,84.78,4.01,48.82,MODERATE
1958,22.65,35.8,52.61,51.56,6.38,34.61,MODERATE
1959,0.9,81.03,53.94,66.16,1.04,40.61,MODERATE
1960,8.42,67.71,26.54,32.88,8.7,28.84,LOW
1961,44.06,45.61,56.62,50.18,100.0,56.5,ELEVATED
1962,39.04,13.5,66.25,44.11,5.32,35.33,MODERATE
1963,22.64,54.51,41.57,33.83,3.77,32.21,MODERATE
1964,22.65,55.28,27.73,28.53,9.45,29.39,LOW
1965,17.46,47.08,49.06,88.54,1.51,41.53,MODERATE
1966,58.52,9.17,32.94,31.9,6.06,30.34,MODERATE
1967,5.21,81.03,49.06,88.54,1.51,45.26,MODERATE
1968,11.61,27.6,37.2,33.49,4.35,23.21,LOW
1969,5.08,44.42,40.22,58.67,10.3,31.48,MODERATE
1970,22.96,46.27,32.94,31.9,6.06,28.87,LOW
1971,1.2,9.3,40.07,84.98,2.17,27.5,LOW
1972,33.53,54.51,41.57,33.83,3.77,34.93,MODERATE
1973,39.68,38.81,43.21,37.75,6.15,34.8,MODERATE
1974,15.29,67.71,55.74,73.6,6.83,44.26,MODERATE
1975,20.47,32.66,36.51,72.54,8.54,34.74,MODERATE
1976,3.29,54.69,54.79,31.06,8.54,30.21,MODERATE
1977,20.15,7.4,36.79,73.54,2.69,28.99,LOW
1978,15.93,67.71,69.63,63.49,5.5,44.97,MODERATE
1979,36.81,30.65,33.99,44.43,2.53,31.39,MODERATE
1980,13.92,81.78,37.2,33.49,4.35,34.62,MODERATE
1981,31.29,67.71,63.25,50.14,3.97,44.64,MODERATE
1982,18.31,22.06,54.8,54.62,4.34,31.52,MODERATE
1983,22.76,45.69,43.87,39.72,19.26,34.44,MODERATE
1984,8.52,35.8,52.61,51.56,6.38,31.08,MODERATE
1985,28.09,54.69,34.49,52.59,6.05,36.28,MODERATE
1986,22.77,45.69,44.94,41.99,4.2,32.85,MODERATE
1987,36.55,46.27,46.14,60.26,0.85,39.8,MODERATE
1988,25.89,38.81,62.96,56.72,14.21,40.3,MODERATE
1989,39.43,35.8,67.09,69.3,9.98,45.79,MODERATE
1990,54.46,79.62,62.83,59.7,4.82,54.77,MODERATE
1991,16.77,39.19,36.51,72.54,8.54,35.12,MODERATE
1992,31.86,9.17,37.97,85.55,7.91,35.69,MODERATE
1993,56.01,9.3,35.93,38.19,7.67,31.84,MODERATE
1994,16.01,55.28,26.82,39.87,3.59,28.94,LOW
1995,9.02,55.29,43.41,62.07,2.53,34.79,MODERATE
1996,64.82,92.37,67.74,76.58,5.54,64.37,ELEVATED
1997,66.94,47.08,43.87,39.72,19.26,45.76,MODERATE
1998,5.77,67.71,49.79,22.56,7.83,30.63,MODERATE
1999,21.64,44.85,34.09,22.41,5.31,26.48,LOW
2000,16.27,35.8,61.51,50.38,8.86,34.93,MODERATE
2001,0.92,31.05,49.28,20.61,8.21,21.65,LOW
2002,4.88,30.65,33.99,44.43,2.53,23.41,LOW
2003,40.51,55.28,49.33,36.19,8.62,39.58,MODERATE
2004,10.93,31.05,67.09,69.3,9.98,37.72,MODERATE
2005,7.26,9.3,32.94,31.9,6.06,17.55,LOW
2006,100.0,31.05,47.75,23.78,2.21,45.85,MODERATE
2007,5.87,28.79,49.79,22.56,7.83,22.87,LOW
2008,21.35,81.78,63.25,50.14,3.97,44.97,MODERATE
2009,18.49,47.08,27.73,28.53,9.45,26.71,LOW
2010,21.93,35.8,44.94,41.99,4.2,30.66,MODERATE
2011,8.11,54.69,59.46,42.01,6.98,34.31,MODERATE
2012,4.65,50.43,64.55,94.57,7.93,44.26,MODERATE
2013,58.06,9.17,50.05,54.59,6.49,38.25,MODERATE
2014,61.43,49.18,34.3,19.13,10.61,37.47,MODERATE
2015,60.19,9.17,46.03,96.31,7.43,46.46,MODERATE
2016,31.19,35.8,44.39,16.48,3.54,27.67,LOW
2017,12.84,50.43,27.39,79.52,5.52,35.51,MODERATE
2018,35.55,33.91,43.41,62.07,2.53,37.14,MODERATE
2019,11.54,27.6,74.34,80.87,5.45,40.27,MODERATE
2020,46.56,30.5,38.77,75.74,3.32,41.14,MODERATE
2021,78.3,28.79,37.7,35.87,3.28,40.54,MODERATE
2022,8.01,50.98,35.93,38.19,7.67,28.17,LOW
2023,2.34,30.65,43.72,62.22,4.4,28.56,LOW
2024,7.36,52.85,64.62,62.23,1.45,38.0,MODERATE
2025,16.91,70.78,74.84,21.52,9.31,39.05,MODERATE
2026,23.04,52.85,64.62,62.23,1.45,41.92,MODERATE
2027,8.48,41.92,41.57,33.83,3.77,26.15,LOW
2028,22.44,47.08,56.62,50.18,100.0,51.39,MODERATE
2029,22.42,41.92,37.2,33.49,4.35,28.78,LOW
2030,16.17,50.43,62.34,56.72,6.72,38.95,MODERATE
2031,47.65,7.4,28.14,37.62,28.48,30.82,MODERATE
2032,11.09,21.89,27.73,28.53,9.45,19.82,LOW
2033,33.25,38.81,59.24,22.75,11.82,34.25,MODERATE
2034,5.04,54.51,40.22,58.67,10.3,33.49,MODERATE
2035,6.04,50.43,36.79,73.54,2.69,34.07,MODERATE
2036,33.12,55.29,46.47,69.35,1.31,42.7,MODERATE
2037,7.04,81.03,36.79,73.54,2.69,40.44,MODERATE
2038,18.52,33.91,37.7,35.87,3.28,26.62,LOW
2039,36.55,35.8,67.09,69.3,9.98,45.07,MODERATE
2040,6.74,77.67,46.14,60.26,0.85,38.63,MODERATE
2041,20.8,9.3,63.25,50.14,3.97,30.33,MODERATE
2042,20.1,9.17,37.97,85.55,7.91,32.75,MODERATE
2043,14.51,70.78,63.25,50.14,3.97,41.06,MODERATE
2044,7.93,33.91,37.7,35.87,3.28,23.97,LOW
2045,2.34,81.78,61.4,60.31,7.14,42.35,MODERATE
2046,20.53,33.91,34.49,52.59,6.05,30.24,MODERATE
2047,49.0,81.03,36.79,73.54,2.69,50.93,MODERATE
2048,8.78,30.65,44.14,84.78,4.01,34.71,MODERATE
2049,28.57,9.3,46.14,60.26,0.85,30.41,MODERATE
2050,23.22,7.4,43.41,62.07,2.53,28.76,LOW
2051,54.4,47.08,61.63,40.68,4.75,44.19,MODERATE
2052,18.61,50.43,54.79,31.06,8.54,33.19,MODERATE
2053,17.78,50.43,67.09,69.3,9.98,43.31,MODERATE
2054,37.88,30.5,64.62,62.23,1.45,41.16,MODERATE
2055,2.0,39.87,35.93,38.19,7.67,24.45,LOW
2056,85.27,9.17,50.05,54.59,6.49,45.05,MODERATE
2057,33.58,46.27,74.84,21.52,9.31,38.32,MODERATE
2058,17.71,13.5,37.97,85.55,7.91,33.02,MODERATE
2059,18.87,9.17,34.49,52.59,6.05,24.87,LOW
2060,15.63,92.37,61.4,60.31,7.14,47.79,MODERATE
2061,41.33,22.06,49.28,20.61,8.21,29.95,LOW
2062,7.38,35.8,67.09,69.3,9.98,37.78,MODERATE
2063,34.95,38.81,59.24,22.75,11.82,34.67,MODERATE
2064,31.92,9.3,40.07,84.98,2.17,35.18,MODERATE
2065,12.81,30.65,43.42,67.64,5.36,32.35,MODERATE
2066,9.15,13.5,45.17,43.38,7.55,23.83,LOW
2067,76.0,31.05,44.94,41.99,4.2,43.23,MODERATE
2068,7.05,30.65,67.74,76.58,5.54,37.59,MODERATE
2069,21.48,35.8,33.99,44.43,2.53,28.59,LOW
2070,14.45,41.92,37.2,33.49,4.35,26.79,LOW
2071,11.88,41.92,63.25,50.14,3.97,34.63,MODERATE
2072,4.33,31.05,47.75,23.78,2.21,21.93,LOW
2073,24.01,54.69,36.79,73.54,2.69,39.41,MODERATE
2074,20.57,27.8,28.14,37.62,28.48,28.13,LOW
2075,29.78,67.71,69.63,63.49,5.5,48.44,MODERATE
2076,0.41,28.79,46.43,78.47,6.48,31.81,MODERATE
2077,31.3,7.4,49.06,88.54,1.51,37.05,MODERATE
2078,4.28,7.4,61.4,60.31,7.14,27.96,LOW
2079,1.94,45.61,44.39,16.48,3.54,22.31,LOW
2080,24.51,9.17,50.05,54.59,6.49,29.86,LOW
2081,20.06,44.85,46.74,32.43,8.08,31.03,MODERATE
2082,14.63,13.5,45.17,43.38,7.55,25.2,LOW
2083,33.18,81.03,35.93,38.19,7.67,40.47,MODERATE
2084,31.83,47.08,45.14,30.75,2.65,32.95,MODERATE
2085,41.46,27.8,64.25,82.95,6.21,46.3,MODERATE
2086,33.1,46.27,26.82,39.87,3.59,31.4,MODERATE
2087,1.04,45.61,42.71,43.66,6.29,27.6,LOW
2088,3.39,27.6,36.51,72.54,8.54,29.46,LOW
2089,20.12,30.65,49.08,53.12,1.49,31.82,MODERATE
2090,6.52,13.5,37.97,85.55,7.91,30.22,MODERATE
2091,71.3,30.5,32.58,28.53,7.36,37.25,MODERATE
2092,17.87,39.19,45.68,70.55,5.22,36.33,MODERATE
2093,10.91,70.78,64.62,62.23,1.45,42.47,MODERATE
2094,19.89,39.19,49.06,88.54,1.51,40.56,MODERATE
2095,15.71,28.79,62.83,59.7,4.82,34.91,MODERATE
2096,18.88,50.43,27.39,79.52,5.52,37.02,MODERATE
2097,19.6,9.3,63.25,50.14,3.97,30.03,MODERATE
2098,1.43,50.98,44.65,72.77,3.22,34.52,MODERATE
2099,13.19,27.6,74.34,80.87,5.45,40.68,MODERATE
2100,15.98,9.3,64.55,94.57,7.93,38.87,MODERATE
2101,12.67,77.67,52.06,66.65,0.0,42.44,MODERATE
2102,50.06,77.67,52.06,66.65,0.0,51.79,MODERATE
2103,3.75,41.92,62.83,59.7,4.82,34.55,MODERATE
2104,28.73,81.78,46.47,69.35,1.31,46.9,MODERATE
2105,25.56,30.65,43.41,62.07,2.53,34.0,MODERATE
2106,27.85,55.29,43.87,39.72,19.26,37.63,MODERATE
2107,42.01,30.65,64.25,82.95,6.21,47.01,MODERATE
2108,13.2,9.17,50.05,54.59,6.49,27.03,LOW
2109,23.22,45.61,41.04,21.17,0.05,27.38,LOW
2110,16.91,39.87,67.09,69.3,9.98,40.97,MODERATE
2111,36.15,70.78,63.25,50.14,3.97,46.47,MODERATE
2112,28.72,44.42,44.94,41.99,4.2,34.08,MODERATE
2113,18.12,27.6,34.49,52.59,6.05,28.37,LOW
2114,1.38,55.29,43.87,39.72,19.26,31.01,MODERATE
2115,13.29,27.6,37.2,33.49,4.35,23.63,LOW
2116,6.79,39.19,36.51,72.54,8.54,32.63,MODERATE
2117,22.82,49.18,49.33,36.19,8.62,33.94,MODERATE
2118,31.6,39.19,49.06,88.54,1.51,43.48,MODERATE
2119,11.58,54.51,47.71,75.92,5.14,39.29,MODERATE
2120,0.07,50.98,67.09,69.3,9.98,38.99,MODERATE
2121,40.63,81.78,62.23,24.09,4.71,44.48,MODERATE
2122,36.19,9.3,44.14,84.78,4.01,37.29,MODERATE
2123,13.35,39.19,55.16,54.74,3.55,33.69,MODERATE
2124,28.57,35.8,26.82,39.87,3.59,28.18,LOW
2125,0.73,55.28,36.69,13.35,13.11,23.21,LOW
2126,24.44,55.28,34.49,52.59,6.05,35.49,MODERATE
2127,15.26,41.92,37.2,33.49,4.35,26.99,LOW
2128,22.13,54.51,27.73,28.53,9.45,29.1,LOW
2129,26.09,92.37,32.58,28.53,7.36,38.32,MODERATE
2130,17.84,47.08,49.06,88.54,1.51,41.62,MODERATE
2131,73.68,35.8,41.57,33.83,3.77,41.23,MODERATE
2132,33.27,50.43,59.24,22.75,11.82,36.57,MODERATE
2133,43.85,9.17,37.97,85.55,7.91,38.69,MODERATE
2134,13.88,46.27,74.84,21.52,9.31,33.39,MODERATE
2135,14.19,30.5,34.09,22.41,5.31,21.74,LOW
2136,0.24,45.61,43.21,37.75,6.15,26.3,LOW
2137,31.24,46.27,50.05,54.59,6.49,38.96,MODERATE
2138,1.03,22.06,37.7,35.87,3.28,19.87,LOW
2139,17.83,27.6,49.06,88.54,1.51,37.72,MODERATE
2140,2.5,38.81,62.03,35.4,11.62,29.61,LOW
2141,26.23,33.91,61.4,60.31,7.14,38.75,MODERATE
2142,23.74,22.06,45.17,43.38,7.55,29.19,LOW
2143,14.64,35.8,44.39,16.48,3.54,23.53,LOW
2144,22.53,44.42,67.09,69.3,9.98,43.29,MODERATE
2145,48.63,39.87,49.28,20.61,8.21,35.34,MODERATE
2146,8.33,27.8,50.05,54.59,6.49,29.54,LOW
2147,32.83,30.65,40.07,84.98,2.17,39.67,MODERATE
2148,24.73,13.5,36.69,13.35,13.11,20.86,LOW
2149,7.95,27.6,74.34,80.87,5.45,39.37,MODERATE
2150,31.41,39.87,34.3,19.13,10.61,28.1,LOW
2151,51.42,30.65,49.28,20.61,8.21,34.2,MODERATE
2152,73.13,79.62,46.47,69.35,1.31,57.57,ELEVATED
2153,17.22,30.5,34.09,22.41,5.31,22.5,LOW
2154,0.37,30.5,64.62,62.23,1.45,31.78,MODERATE
2155,4.55,39.19,49.06,88.54,1.51,36.72,MODERATE
2156,6.75,81.78,59.46,42.01,6.98,39.38,MODERATE
2157,12.46,55.29,43.41,62.07,2.53,35.65,MODERATE
2158,12.64,7.4,61.4,60.31,7.14,30.06,MODERATE
2159,15.79,27.8,53.94,66.16,1.04,33.68,MODERATE
2160,14.12,7.4,56.62,50.18,100.0,41.37,MODERATE
2161,19.29,44.85,62.34,56.72,6.72,38.61,MODERATE
2162,14.29,50.43,27.39,79.52,5.52,35.87,MODERATE
2163,12.05,49.18,36.51,72.54,8.54,35.94,MODERATE
2164,39.4,50.98,49.08,53.12,1.49,40.71,MODERATE
2165,5.92,67.71,36.79,73.54,2.69,37.49,MODERATE
2166,14.65,13.5,45.17,43.38,7.55,25.2,LOW
2167,1.22,45.61,34.09,22.41,5.31,21.52,LOW
2168,48.34,52.85,61.4,60.31,7.14,48.07,MODERATE
2169,0.03,55.29,45.17,43.38,7.55,29.91,LOW
2170,6.92,7.4,41.44,31.24,6.52,18.72,LOW
2171,20.67,9.3,40.07,84.98,2.17,32.36,MODERATE
2172,21.16,13.5,66.25,44.11,5.32,30.86,MODERATE
2173,12.24,44.85,62.34,56.72,6.72,36.85,MODERATE
2174,27.49,44.42,54.8,54.62,4.34,38.29,MODERATE
2175,17.57,52.85,61.4,60.31,7.14,40.38,MODERATE
2176,2.53,47.08,56.62,50.18,100.0,46.41,MODERATE
2177,0.39,35.8,41.57,33.83,3.77,22.91,LOW
2178,23.17,44.42,61.51,50.38,8.86,38.38,MODERATE
2179,9.35,27.6,36.51,72.54,8.54,30.95,MODERATE
2180,12.34,27.6,55.38,71.74,7.53,35.16,MODERATE
2181,16.31,27.6,64.55,94.57,7.93,42.61,MODERATE
2182,51.71,7.4,43.41,62.07,2.53,35.88,MODERATE
2183,11.59,30.5,46.03,96.31,7.43,38.58,MODERATE
2184,15.24,54.69,41.04,21.17,0.05,27.2,LOW
2185,23.53,44.85,34.09,22.41,5.31,26.95,LOW
2186,48.68,39.87,34.3,19.13,10.61,32.42,MODERATE
2187,19.43,50.43,28.14,37.62,28.48,32.37,MODERATE
2188,0.74,50.43,37.2,33.49,4.35,25.06,LOW
2189,47.97,45.61,34.09,22.41,5.31,33.21,MODERATE
2190,10.87,7.4,41.44,31.24,6.52,19.71,LOW
2191,30.84,81.78,63.25,50.14,3.97,47.34,MODERATE
2192,43.53,55.29,55.74,73.6,6.83,48.83,MODERATE
2193,0.2,45.69,38.77,75.74,3.32,32.59,MODERATE
2194,33.2,33.91,34.49,52.59,6.05,33.41,MODERATE
2195,11.87,27.6,34.49,52.59,6.05,26.81,LOW
2196,15.8,77.67,38.77,75.74,3.32,42.88,MODERATE
2197,23.58,38.81,62.96,56.72,14.21,39.72,MODERATE
2198,19.91,46.27,74.84,21.52,9.31,34.9,MODERATE
2199,14.36,52.85,62.96,56.72,14.21,40.23,MODERATE
2200,10.31,30.5,43.41,62.07,2.53,30.15,MODERATE
2201,73.44,21.89,55.38,71.74,7.53,49.29,MODERATE
2202,13.74,9.17,32.94,31.9,6.06,19.15,LOW
2203,4.26,67.71,26.54,32.88,8.7,27.8,LOW
2204,39.67,33.91,43.41,62.07,2.53,38.18,MODERATE
2205,18.17,33.91,46.74,32.43,8.08,28.37,LOW
2206,24.98,81.03,46.47,69.35,1.31,45.81,MODERATE
2207,23.37,55.28,55.38,71.74,7.53,43.45,MODERATE
2208,3.56,47.08,43.87,39.72,19.26,29.91,LOW
2209,18.24,13.5,37.97,85.55,7.91,33.15,MODERATE
2210,13.0,21.89,42.71,43.66,6.29,25.84,LOW
2211,0.5,49.18,67.09,69.3,9.98,38.74,MODERATE
2212,13.24,70.78,64.62,62.23,1.45,43.05,MODERATE
2213,58.37,33.91,43.41,62.07,2.53,42.85,MODERATE
2214,0.95,44.42,54.8,54.62,4.34,31.66,MODERATE
2215,28.74,39.19,28.14,37.62,28.48,32.45,MODERATE
2216,11.86,49.18,67.09,69.3,9.98,41.58,MODERATE
2217,8.52,81.03,54.59,66.05,6.77,43.48,MODERATE
2218,26.82,55.29,32.94,31.9,6.06,31.64,MODERATE
2219,3.83,27.8,28.14,37.62,28.48,23.94,LOW
2220,26.35,54.69,36.79,73.54,2.69,40.0,MODERATE
2221,45.25,46.27,46.43,78.47,6.48,46.52,MODERATE
2222,0.62,30.5,46.03,96.31,7.43,35.84,MODERATE
2223,25.13,28.79,62.83,59.7,4.82,37.27,MODERATE
2224,24.8,47.08,23.77,18.02,4.26,24.61,LOW
2225,28.26,45.61,38.07,12.64,8.6,27.62,LOW
2226,23.68,27.6,74.34,80.87,5.45,43.3,MODERATE
2227,41.98,27.6,64.55,94.57,7.93,49.03,MODERATE
2228,1.71,30.65,27.39,79.52,5.52,28.77,LOW
2229,42.12,55.28,62.83,59.7,4.82,46.82,MODERATE
2230,21.1,47.08,59.24,22.75,11.82,32.86,MODERATE
2231,21.62,77.67,63.25,50.14,3.97,44.21,MODERATE
2232,1.02,9.17,74.84,21.52,9.31,22.76,LOW
2233,23.9,30.5,32.58,28.53,7.36,25.4,LOW
2234,11.11,55.28,44.14,84.78,4.01,40.22,MODERATE
2235,3.54,46.27,46.43,78.47,6.48,36.09,MODERATE
2236,6.5,31.05,34.49,52.59,6.05,26.16,LOW
2237,5.33,54.51,47.75,23.78,2.21,26.87,LOW
2238,27.51,50.98,40.07,84.98,2.17,42.41,MODERATE
2239,2.6,44.42,26.82,39.87,3.59,23.41,LOW
2240,64.12,81.78,61.4,60.31,7.14,57.8,ELEVATED
2241,28.93,49.18,55.38,71.74,7.53,43.62,MODERATE
2242,9.85,31.05,61.34,75.53,1.78,36.31,MODERATE
2243,9.54,46.27,74.84,21.52,9.31,32.31,MODERATE
2244,18.03,81.78,40.07,84.98,2.17,46.2,MODERATE
2245,1.09,39.19,69.63,63.49,5.5,35.56,MODERATE
2246,4.05,54.51,43.21,37.75,6.15,29.03,LOW
2247,4.53,46.27,46.47,69.35,1.31,33.75,MODERATE
2248,14.44,54.51,47.75,23.78,2.21,29.15,LOW
2249,13.39,55.28,34.49,52.59,6.05,32.73,MODERATE
2250,6.4,79.62,54.8,54.62,4.34,40.06,MODERATE
2251,5.07,55.29,37.2,33.49,4.35,27.12,LOW
2252,4.72,92.37,46.47,69.35,1.31,43.01,MODERATE
2253,11.28,54.69,54.79,31.06,8.54,32.21,MODERATE
2254,29.35,50.98,26.82,39.87,3.59,31.41,MODERATE
2255,60.19,55.29,47.75,23.78,2.21,40.74,MODERATE
2256,32.12,28.79,49.08,53.12,1.49,34.45,MODERATE
2257,6.07,28.79,66.25,44.11,5.32,30.14,MODERATE
2258,25.7,27.8,34.09,22.41,5.31,24.08,LOW
2259,100.0,49.18,67.09,69.3,9.98,63.61,ELEVATED
2260,13.86,13.5,45.96,28.05,13.05,22.93,LOW
2261,32.89,7.4,62.34,56.72,6.72,34.52,MODERATE
2262,17.94,9.17,49.79,22.56,7.83,21.96,LOW
2263,47.34,22.06,49.28,20.61,8.21,31.46,MODERATE
2264,1.09,50.43,49.08,53.12,1.49,31.02,MODERATE
2265,78.21,45.61,56.62,50.18,100.0,65.03,ELEVATED
2266,33.58,27.6,36.51,72.54,8.54,37.01,MODERATE
2267,22.21,39.87,64.62,62.23,1.45,39.11,MODERATE
2268,44.78,77.67,63.25,50.14,3.97,50.0,MODERATE
2269,12.41,33.91,42.71,43.66,6.29,28.1,LOW
2270,28.34,9.17,74.84,21.52,9.31,29.59,LOW
2271,3.14,39.19,53.49,50.77,10.04,30.98,MODERATE
2272,13.8,7.4,49.06,88.54,1.51,32.68,MODERATE
2273,27.75,21.89,44.65,72.77,3.22,35.28,MODERATE
2274,31.92,44.42,28.14,37.62,28.48,34.29,MODERATE
2275,39.06,92.37,34.49,52.59,6.05,46.56,MODERATE
2276,0.33,21.89,43.72,62.22,4.4,26.31,LOW
2277,27.56,47.08,49.08,53.12,1.49,36.97,MODERATE
2278,9.78,81.78,37.2,33.49,4.35,33.59,MODERATE
2279,4.18,45.61,43.21,37.75,6.15,27.28,LOW
2280,1.19,13.5,69.63,63.49,5.5,30.45,MODERATE
2281,13.44,47.08,59.24,22.75,11.82,30.95,MODERATE
2282,6.36,38.81,62.96,56.72,14.21,35.42,MODERATE
2283,1.42,55.28,28.14,37.62,28.48,28.84,LOW
2284,6.2,54.69,54.79,31.06,8.54,30.94,MODERATE
2285,57.21,31.05,34.3,19.13,10.61,32.79,MODERATE
2286,20.2,52.85,55.16,54.74,3.55,38.13,MODERATE
2287,23.66,49.18,34.3,19.13,10.61,28.03,LOW
2288,20.21,35.8,44.39,16.48,3.54,24.92,LOW
2289,40.8,70.78,27.39,79.52,5.52,46.57,MODERATE
2290,14.19,30.5,56.62,50.18,100.0,46.01,MODERATE
2291,11.79,30.65,45.96,28.05,13.05,25.84,LOW
2292,28.68,39.19,42.71,43.66,6.29,33.23,MODERATE
2293,22.48,92.37,44.14,84.78,4.01,50.48,MODERATE
2294,20.89,55.29,44.94,41.99,4.2,34.29,MODERATE
2295,6.66,31.05,61.34,75.53,1.78,35.52,MODERATE
2296,40.33,35.8,43.21,37.75,6.15,34.36,MODERATE
2297,9.64,50.98,45.68,70.55,5.22,36.64,MODERATE
2298,54.04,9.3,62.34,56.72,6.72,40.19,MODERATE
2299,26.24,77.67,63.25,50.14,3.97,45.37,MODERATE
2300,10.44,22.06,45.17,43.38,7.55,25.86,LOW
2301,18.19,70.78,74.84,21.52,9.31,39.37,MODERATE
2302,56.29,27.6,36.51,72.54,8.54,42.68,MODERATE
2303,31.37,45.61,38.07,12.64,8.6,28.4,LOW
2304,10.7,30.65,43.72,62.22,4.4,30.65,MODERATE
2305,22.64,45.69,35.93,38.19,7.67,30.77,MODERATE
2306,15.44,30.65,49.79,22.56,7.83,25.64,LOW
2307,34.39,54.51,43.21,37.75,6.15,36.61,MODERATE
2308,26.01,50.43,49.79,22.56,7.83,32.23,MODERATE
2309,7.7,39.19,67.09,69.3,9.98,38.54,MODERATE
2310,32.13,49.18,44.14,84.78,4.01,44.26,MODERATE
2311,7.58,77.67,43.41,62.07,2.53,38.9,MODERATE
2312,12.29,13.5,69.63,63.49,5.5,33.22,MODERATE
2313,22.58,39.19,55.16,54.74,3.55,36.0,MODERATE
2314,2.72,77.67,63.25,50.14,3.97,39.49,MODERATE
2315,17.58,30.5,43.72,62.22,4.4,32.34,MODERATE
2316,0.48,30.65,35.93,38.19,7.67,22.22,LOW
2317,9.0,44.42,62.96,56.72,14.21,37.2,MODERATE
2318,5.44,28.79,49.08,53.12,1.49,27.78,LOW
2319,17.34,81.78,46.47,69.35,1.31,44.05,MODERATE
2320,21.1,31.05,67.09,69.3,9.98,40.26,MODERATE
2321,0.09,49.18,36.51,72.54,8.54,32.95,MODERATE
2322,21.64,67.71,63.25,50.14,3.97,42.23,MODERATE
2323,54.61,55.28,55.38,71.74,7.53,51.26,MODERATE
2324,26.1,39.19,43.72,62.22,4.4,36.21,MODERATE
2325,26.76,45.61,42.71,43.66,6.29,34.03,MODERATE
2326,8.98,9.17,49.79,22.56,7.83,19.72,LOW
2327,1.34,13.5,26.82,39.87,3.59,16.91,LOW
2328,15.18,50.43,32.94,31.9,6.06,27.76,LOW
2329,42.44,44.85,55.16,54.74,3.55,42.09,MODERATE
2330,3.13,79.62,26.82,39.87,3.59,30.58,MODERATE
2331,43.04,28.79,49.08,53.12,1.49,37.18,MODERATE
2332,5.69,30.65,54.8,54.62,4.34,30.09,MODERATE
2333,4.18,21.89,43.72,62.22,4.4,27.27,LOW
2334,47.24,39.87,35.93,38.19,7.67,35.76,MODERATE
2335,17.06,50.98,40.07,84.98,2.17,39.8,MODERATE
2336,23.08,49.18,44.14,84.78,4.01,41.99,MODERATE
2337,25.91,31.05,44.94,41.99,4.2,30.7,MODERATE
2338,2.89,49.18,43.87,39.72,19.26,30.17,MODERATE
2339,40.1,55.28,34.09,22.41,5.31,33.18,MODERATE
2340,24.47,33.91,44.65,72.77,3.22,36.87,MODERATE
2341,8.49,7.4,36.79,73.54,2.69,26.07,LOW
2342,13.97,38.81,61.69,65.14,8.5,37.9,MODERATE
2343,8.79,92.37,61.4,60.31,7.14,46.09,MODERATE
2344,9.34,39.87,49.28,20.61,8.21,25.52,LOW
2345,0.78,49.18,36.51,72.54,8.54,33.12,MODERATE
2346,31.4,31.05,34.3,19.13,10.61,26.34,LOW
2347,5.49,13.5,61.51,50.38,8.86,27.78,LOW
2348,7.79,7.4,36.79,73.54,2.69,25.9,LOW
2349,15.73,27.6,37.2,33.49,4.35,24.24,LOW
2350,16.77,39.19,43.41,62.07,2.53,33.51,MODERATE
2351,15.07,30.65,64.25,82.95,6.21,40.27,MODERATE
2352,2.65,39.87,49.28,20.61,8.21,23.85,LOW
2353,42.51,41.92,37.2,33.49,4.35,33.8,MODERATE
2354,41.08,55.28,36.69,13.35,13.11,33.3,MODERATE
2355,11.98,30.5,50.05,54.59,6.49,31.0,MODERATE
2356,24.73,45.61,38.77,75.74,3.32,38.7,MODERATE
2357,23.95,92.37,34.3,19.13,10.61,36.74,MODERATE
2358,0.82,27.8,34.09,22.41,5.31,17.86,LOW
2359,29.51,45.61,49.06,88.54,1.51,44.25,MODERATE
2360,17.58,41.92,41.57,33.83,3.77,28.43,LOW
2361,33.32,41.92,62.83,59.7,4.82,41.94,MODERATE
2362,14.2,47.08,64.62,62.23,1.45,38.55,MODERATE
2363,13.49,7.4,74.34,80.87,5.45,36.71,MODERATE
2364,24.98,30.65,33.99,44.43,2.53,28.44,LOW
2365,21.12,52.85,64.62,62.23,1.45,41.44,MODERATE
2366,14.14,47.08,43.87,39.72,19.26,32.56,MODERATE
2367,25.43,7.4,41.44,31.24,6.52,23.35,LOW
2368,32.85,81.78,61.4,60.31,7.14,49.98,MODERATE
2369,4.87,31.05,61.34,75.53,1.78,35.07,MODERATE
2370,33.51,50.43,44.65,72.77,3.22,42.43,MODERATE
2371,38.49,9.17,49.33,36.19,8.62,29.85,LOW
2372,66.21,35.8,52.61,51.56,6.38,45.5,MODERATE
2373,6.0,9.3,46.14,60.26,0.85,24.77,LOW
2374,33.38,50.43,28.14,37.62,28.48,35.86,MODERATE
2375,34.15,79.62,54.8,54.62,4.34,47.0,MODERATE
2376,24.32,9.3,62.83,59.7,4.82,33.17,MODERATE
2377,5.82,47.08,45.14,30.75,2.65,26.45,LOW
2378,18.62,39.87,52.61,51.56,6.38,34.42,MODERATE
2379,15.85,30.65,37.2,33.49,4.35,24.88,LOW
2380,79.66,39.87,62.23,24.09,4.71,45.86,MODERATE
2381,28.36,44.85,32.58,28.53,7.36,29.38,LOW
2382,25.86,67.71,67.74,76.58,5.54,49.7,MODERATE
2383,9.87,28.79,62.83,59.7,4.82,33.45,MODERATE
2384,16.46,54.69,53.94,66.16,1.04,39.23,MODERATE
2385,20.09,45.61,44.39,16.48,3.54,26.85,LOW
2386,47.77,55.29,43.41,62.07,2.53,44.47,MODERATE
2387,38.69,39.87,35.93,38.19,7.67,33.62,MODERATE
2388,50.49,92.37,61.4,60.31,7.14,56.51,ELEVATED
2389,9.08,45.61,44.39,16.48,3.54,24.1,LOW
2390,12.07,50.43,27.39,79.52,5.52,35.31,MODERATE
2391,6.74,7.4,49.06,88.54,1.51,30.91,MODERATE
2392,5.79,70.78,74.84,21.52,9.31,36.27,MODERATE
2393,20.78,67.71,62.96,56.72,14.21,44.81,MODERATE
2394,10.78,47.08,49.08,53.12,1.49,32.78,MODERATE
2395,32.6,50.43,37.2,33.49,4.35,33.03,MODERATE
2396,31.75,81.78,61.4,60.31,7.14,49.71,MODERATE
2397,7.59,77.67,52.06,66.65,0.0,41.17,MODERATE
2398,24.4,7.4,61.4,60.31,7.14,33.0,MODERATE
2399,100.0,41.92,43.87,39.72,19.26,52.99,MODERATE
2400,31.78,67.71,52.06,66.65,0.0,45.23,MODERATE
2401,39.54,38.81,59.24,22.75,11.82,35.82,MODERATE
2402,9.29,77.67,49.06,88.54,1.51,45.6,MODERATE
2403,14.31,47.08,61.63,40.68,4.75,34.17,MODERATE
2404,26.27,67.71,55.74,73.6,6.83,47.0,MODERATE
2405,12.01,55.29,52.06,66.65,0.0,37.8,MODERATE
2406,12.11,46.27,53.94,66.16,1.04,36.46,MODERATE
2407,1.55,13.5,37.97,85.55,7.91,28.98,LOW
2408,34.08,54.51,74.34,80.87,5.45,51.28,MODERATE
2409,5.53,44.42,43.21,37.75,6.15,27.38,LOW
2410,13.7,44.42,40.22,58.67,10.3,33.63,MODERATE
2411,0.7,46.27,46.14,60.26,0.85,30.83,MODERATE
2412,25.13,7.4,43.41,62.07,2.53,29.24,LOW
2413,34.13,77.67,27.73,28.53,9.45,36.74,MODERATE
2414,43.53,55.29,46.47,69.35,1.31,45.3,MODERATE
2415,5.7,7.4,61.34,75.53,1.78,30.55,MODERATE
2416,11.49,52.85,47.81,43.54,7.25,32.8,MODERATE
2417,24.59,7.4,56.62,50.18,100.0,43.99,MODERATE
2418,12.4,45.69,59.24,22.75,11.82,30.41,MODERATE
2419,16.98,44.42,43.21,37.75,6.15,30.24,MODERATE
2420,2.44,81.78,45.96,28.05,13.05,33.73,MODERATE
2421,2.13,22.06,55.16,54.74,3.55,27.46,LOW
2422,38.49,31.05,34.3,19.13,10.61,28.11,LOW
2423,100.0,70.78,63.25,50.14,3.97,62.43,ELEVATED
2424,42.37,49.18,36.51,72.54,8.54,43.52,MODERATE
2425,1.96,44.42,63.25,50.14,3.97,32.65,MODERATE
2426,17.83,70.78,64.62,62.23,1.45,44.2,MODERATE
2427,13.89,50.98,45.68,70.55,5.22,37.7,MODERATE
2428,7.36,55.29,47.75,23.78,2.21,27.53,LOW
2429,29.04,9.3,35.93,38.19,7.67,25.09,LOW
2430,18.1,45.61,55.38,71.74,7.53,40.2,MODERATE
2431,5.38,47.08,49.08,53.12,1.49,31.43,MODERATE
2432,46.64,9.3,64.55,94.57,7.93,46.53,MODERATE
2433,15.19,27.6,34.09,22.41,5.31,21.41,LOW
2434,17.91,50.98,49.08,53.12,1.49,35.34,MODERATE
2435,3.93,54.51,47.75,23.78,2.21,26.52,LOW
2436,22.28,92.37,67.74,76.58,5.54,53.74,MODERATE
2437,1.72,44.42,40.22,58.67,10.3,30.64,MODERATE
2438,12.76,49.18,55.38,71.74,7.53,39.58,MODERATE
2439,1.77,81.78,28.14,37.62,28.48,34.22,MODERATE
2440,7.32,38.81,46.47,69.35,1.31,32.95,MODERATE
2441,37.4,44.42,26.82,39.87,3.59,32.11,MODERATE
2442,17.0,49.18,67.09,69.3,9.98,42.86,MODERATE
2443,29.0,81.78,74.84,21.52,9.31,44.28,MODERATE
2444,14.47,13.5,34.09,22.41,5.31,18.41,LOW
2445,3.4,54.69,54.79,31.06,8.54,30.24,MODERATE
2446,26.8,33.91,61.4,60.31,7.14,38.9,MODERATE
2447,9.77,39.19,36.51,72.54,8.54,33.37,MODERATE
2448,11.13,9.3,55.38,71.74,7.53,31.19,MODERATE
2449,6.32,45.61,55.38,71.74,7.53,37.26,MODERATE
2450,25.6,50.98,35.93,38.19,7.67,32.57,MODERATE
2451,39.14,50.43,64.55,94.57,7.93,52.89,MODERATE
2452,18.52,13.5,45.17,43.38,7.55,26.17,LOW
2453,25.34,30.5,56.62,50.18,100.0,48.79,MODERATE
2454,3.51,46.27,46.14,60.26,0.85,31.54,MODERATE
2455,29.67,22.06,48.0,31.83,2.74,28.21,LOW
2456,26.94,30.65,64.25,82.95,6.21,43.24,MODERATE
2457,2.35,31.05,44.94,41.99,4.2,24.81,LOW
2458,6.56,55.29,34.3,19.13,10.61,24.98,LOW
2459,45.12,45.69,43.87,39.72,19.26,40.03,MODERATE
2460,12.92,33.91,49.79,22.56,7.83,25.66,LOW
2461,18.91,81.03,35.93,38.19,7.67,36.91,MODERATE
2462,33.85,9.17,61.63,40.68,4.75,31.47,MODERATE
2463,12.75,27.6,34.49,52.59,6.05,27.03,LOW
2464,6.31,7.4,28.14,37.62,28.48,20.48,LOW
2465,13.09,79.62,54.8,54.62,4.34,41.73,MODERATE
2466,29.91,33.91,62.03,35.4,11.62,35.49,MODERATE
2467,16.28,22.06,37.7,35.87,3.28,23.69,LOW
2468,67.47,27.8,50.05,54.59,6.49,44.33,MODERATE
2469,82.66,30.5,43.72,62.22,4.4,48.61,MODERATE
2470,26.13,22.06,37.7,35.87,3.28,26.15,LOW
2471,28.72,33.91,37.7,35.87,3.28,29.17,LOW
2472,24.19,9.17,40.22,58.67,10.3,29.2,LOW
2473,9.09,13.5,37.97,85.55,7.91,30.86,MODERATE
2474,37.67,27.6,64.55,94.57,7.93,47.95,MODERATE
2475,31.78,22.06,55.16,54.74,3.55,34.87,MODERATE
2476,100.0,46.27,46.47,69.35,1.31,57.61,ELEVATED
2477,2.88,13.5,45.96,28.05,13.05,20.18,LOW
2478,17.79,32.66,44.94,41.99,4.2,29.0,LOW
2479,27.61,70.78,54.8,54.62,4.34,43.59,MODERATE
2480,66.73,27.8,64.25,82.95,6.21,52.62,MODERATE
2481,1.72,41.92,41.44,31.24,6.52,24.33,LOW
2482,6.23,31.05,47.75,23.78,2.21,22.4,LOW
2483,1.28,81.78,59.46,42.01,6.98,38.02,MODERATE
2484,14.4,7.4,56.62,50.18,100.0,41.44,MODERATE
2485,15.13,30.65,54.8,54.62,4.34,32.45,MODERATE
2486,4.62,47.08,23.77,18.02,4.26,19.57,LOW
2487,23.43,28.79,50.05,54.59,6.49,33.52,MODERATE
2488,54.09,44.42,54.8,54.62,4.34,44.94,MODERATE
2489,20.24,28.79,49.79,22.56,7.83,26.46,LOW
2490,35.36,45.61,53.49,50.77,10.04,40.32,MODERATE
2491,36.8,54.51,47.81,43.54,7.25,39.46,MODERATE
2492,12.49,44.42,62.96,56.72,14.21,38.07,MODERATE
2493,26.51,33.91,46.74,32.43,8.08,30.46,MODERATE
2494,33.06,52.85,61.4,60.31,7.14,44.25,MODERATE
2495,9.44,38.81,46.47,69.35,1.31,33.48,MODERATE
2496,79.07,35.8,55.74,73.6,6.83,53.82,MODERATE
2497,1.67,50.98,48.0,31.83,2.74,26.99,LOW
2498,6.85,30.65,67.74,76.58,5.54,37.54,MODERATE
2499,15.21,30.65,33.99,44.43,2.53,26.0,LOW
2500,17.81,27.8,53.94,66.16,1.04,34.19,MODERATE
2501,100.0,55.29,52.06,66.65,0.0,59.8,ELEVATED
2502,34.84,81.78,63.25,50.14,3.97,48.34,MODERATE
2503,3.21,31.05,36.51,72.54,8.54,30.1,MODERATE
2504,5.94,31.05,43.87,39.72,19.26,27.3,LOW
2505,2.75,54.51,45.17,43.38,7.55,30.43,MODERATE
2506,51.82,13.5,45.17,43.38,7.55,34.5,MODERATE
2507,34.34,77.67,46.14,60.26,0.85,45.53,MODERATE
2508,24.92,9.3,44.14,84.78,4.01,34.48,MODERATE
2509,100.0,9.17,46.03,96.31,7.43,56.42,ELEVATED
2510,2.08,39.87,44.39,16.48,3.54,21.2,LOW
2511,19.49,7.4,43.41,62.07,2.53,27.83,LOW
2512,4.85,30.65,43.42,67.64,5.36,30.36,MODERATE
2513,0.67,52.85,37.97,85.55,7.91,36.63,MODERATE
2514,11.79,22.06,49.28,20.61,8.21,22.57,LOW
2515,43.09,39.19,53.94,66.16,1.04,42.79,MODERATE
2516,51.07,46.27,32.94,31.9,6.06,35.9,MODERATE
2517,13.72,49.18,40.07,84.98,2.17,38.6,MODERATE
2518,31.8,81.03,36.79,73.54,2.69,46.63,MODERATE
2519,27.6,77.67,52.06,66.65,0.0,46.18,MODERATE
2520,16.26,50.43,49.06,88.54,1.51,41.9,MODERATE
2521,9.27,28.79,49.79,22.56,7.83,23.72,LOW
2522,71.77,27.6,74.34,80.87,5.45,55.32,ELEVATED
2523,18.6,13.5,45.96,28.05,13.05,24.11,LOW
2524,18.94,22.06,49.28,20.61,8.21,24.36,LOW
2525,2.81,55.29,26.54,32.88,8.7,24.95,LOW
2526,31.72,55.28,34.09,22.41,5.31,31.08,MODERATE
2527,14.88,13.5,26.82,39.87,3.59,20.3,LOW
2528,13.11,55.29,46.47,69.35,1.31,37.7,MODERATE
2529,16.41,47.08,45.14,30.75,2.65,29.09,LOW
2530,67.76,55.28,64.25,82.95,6.21,58.37,ELEVATED
2531,62.17,50.43,62.34,56.72,6.72,50.45,MODERATE
2532,50.84,39.19,42.71,43.66,6.29,38.76,MODERATE
2533,22.35,27.8,40.07,84.98,2.17,36.49,MODERATE
2534,34.43,50.98,40.07,84.98,2.17,44.14,MODERATE
2535,29.44,9.17,40.22,58.67,10.3,30.51,MODERATE
2536,30.9,30.65,27.39,79.52,5.52,36.07,MODERATE
2537,5.57,33.91,27.73,28.53,9.45,20.84,LOW
2538,10.99,13.5,61.34,75.53,1.78,33.09,MODERATE
2539,24.31,54.51,43.21,37.75,6.15,34.09,MODERATE
2540,8.72,38.81,62.96,56.72,14.21,36.01,MODERATE
2541,30.25,52.85,37.97,85.55,7.91,44.02,MODERATE
2542,4.79,50.43,49.06,88.54,1.51,39.03,MODERATE
2543,1.93,9.3,54.8,54.62,4.34,24.87,LOW
2544,8.13,50.43,28.14,37.62,28.48,29.54,LOW
2545,100.0,39.87,35.93,38.19,7.67,48.95,MODERATE
2546,65.27,77.67,63.25,50.14,3.97,55.13,ELEVATED
2547,0.88,22.06,55.16,54.74,3.55,27.14,LOW
2548,54.68,39.87,61.4,60.31,7.14,47.06,MODERATE
2549,2.78,9.17,49.33,36.19,8.62,20.93,LOW
2550,20.58,39.19,43.72,62.22,4.4,34.83,MODERATE
2551,10.51,21.89,74.34,80.87,5.45,38.87,MODERATE
2552,5.04,45.69,59.24,22.75,11.82,28.57,LOW
2553,30.97,45.61,41.04,21.17,0.05,29.31,LOW
2554,0.29,7.4,43.41,62.07,2.53,23.03,LOW
2555,30.24,81.78,28.14,37.62,28.48,41.34,MODERATE
2556,6.22,38.81,62.96,56.72,14.21,35.38,MODERATE
2557,3.12,49.18,36.51,72.54,8.54,33.71,MODERATE
2558,34.99,39.87,67.09,69.3,9.98,45.49,MODERATE
2559,12.47,13.5,61.34,75.53,1.78,33.46,MODERATE
2560,12.11,81.03,36.79,73.54,2.69,41.7,MODERATE
2561,15.57,35.8,26.82,39.87,3.59,24.93,LOW
2562,7.71,81.78,45.96,28.05,13.05,35.04,MODERATE
2563,25.53,54.69,53.94,66.16,1.04,41.5,MODERATE
2564,20.06,41.92,62.83,59.7,4.82,38.63,MODERATE
2565,12.69,30.65,47.71,75.92,5.14,34.8,MODERATE
2566,8.03,35.8,43.21,37.75,6.15,26.28,LOW
2567,40.63,52.85,64.62,62.23,1.45,46.31,MODERATE
2568,15.35,32.66,36.79,73.54,2.69,32.84,MODERATE
2569,20.7,32.66,61.4,60.31,7.14,37.12,MODERATE
2570,16.55,30.65,64.25,82.95,6.21,40.64,MODERATE
2571,23.04,35.8,67.09,69.3,9.98,41.7,MODERATE
2572,4.86,38.81,62.96,56.72,14.21,35.04,MODERATE
2573,23.47,55.29,43.87,39.72,19.26,36.53,MODERATE
2574,0.41,55.29,45.17,43.38,7.55,30.0,MODERATE
2575,28.72,27.8,53.94,66.16,1.04,36.92,MODERATE
2576,48.72,50.43,37.2,33.49,4.35,37.06,MODERATE
2577,22.63,38.81,46.47,69.35,1.31,36.78,MODERATE
2578,35.58,7.4,56.62,50.18,100.0,46.73,MODERATE
2579,12.47,44.42,45.14,30.75,2.65,27.58,LOW
2580,32.25,31.05,34.49,52.59,6.05,32.59,MODERATE
2581,31.86,21.89,42.71,43.66,6.29,30.56,MODERATE
2582,22.04,7.4,61.34,75.53,1.78,34.63,MODERATE
2583,1.59,30.65,54.59,66.05,6.77,31.67,MODERATE
2584,8.44,27.8,53.94,66.16,1.04,31.85,MODERATE
2585,11.78,55.28,62.83,59.7,4.82,39.23,MODERATE
2586,8.97,9.3,63.25,50.14,3.97,27.38,LOW
2587,31.09,39.19,52.61,51.56,6.38,37.4,MODERATE
2588,100.0,47.08,61.63,40.68,4.75,55.59,ELEVATED
2589,6.8,30.65,43.42,67.64,5.36,30.84,MODERATE
2590,100.0,28.79,37.7,35.87,3.28,45.96,MODERATE
2591,10.99,35.8,44.39,16.48,3.54,22.61,LOW
2592,0.12,9.17,49.33,36.19,8.62,20.26,LOW
2593,4.61,13.5,36.69,13.35,13.11,15.83,LOW
2594,21.27,45.61,61.51,50.38,8.86,38.14,MODERATE
2595,8.55,27.6,36.51,72.54,8.54,30.75,MODERATE
2596,23.78,45.69,43.87,39.72,19.26,34.69,MODERATE
2597,33.77,52.85,23.77,18.02,4.26,28.01,LOW
2598,29.42,27.6,61.51,50.38,8.86,36.58,MODERATE
2599,37.49,27.6,64.55,94.57,7.93,47.91,MODERATE
2600,10.41,46.27,32.94,31.9,6.06,25.73,LOW
2601,38.09,28.79,37.7,35.87,3.28,30.48,MODERATE
2602,11.68,55.29,43.72,62.22,4.4,35.83,MODERATE
2603,27.44,39.19,52.61,51.56,6.38,36.49,MODERATE
2604,7.09,81.78,61.4,60.31,7.14,43.54,MODERATE
2605,11.71,30.65,43.42,67.64,5.36,32.07,MODERATE
2606,18.74,33.91,44.65,72.77,3.22,35.44,MODERATE
2607,9.74,54.69,53.94,66.16,1.04,37.55,MODERATE
2608,16.11,54.69,36.51,72.54,8.54,38.06,MODERATE
2609,31.42,9.17,40.22,58.67,10.3,31.01,MODERATE
2610,24.7,39.87,35.93,38.19,7.67,30.12,MODERATE
2611,10.2,70.78,64.62,62.23,1.45,42.29,MODERATE
2612,17.69,54.51,41.57,33.83,3.77,30.97,MODERATE
2613,36.35,30.65,43.42,67.64,5.36,38.23,MODERATE
2614,13.97,30.65,44.14,84.78,4.01,36.01,MODERATE
2615,24.37,67.71,26.54,32.88,8.7,32.82,MODERATE
2616,53.78,39.87,27.73,28.53,9.45,34.09,MODERATE
2617,6.91,45.61,43.21,37.75,6.15,27.96,LOW
2618,17.88,92.37,34.49,52.59,6.05,41.27,MODERATE
2619,75.7,31.05,45.68,70.55,5.22,49.16,MODERATE
2620,3.73,13.5,37.2,33.49,4.35,18.42,LOW
2621,4.75,38.81,46.47,69.35,1.31,32.31,MODERATE
2622,56.52,81.03,54.59,66.05,6.77,55.48,ELEVATED
2623,18.0,54.51,40.22,58.67,10.3,36.72,MODERATE
2624,56.43,30.5,38.77,75.74,3.32,43.61,MODERATE
2625,3.47,67.71,64.25,82.95,6.21,44.78,MODERATE
2626,73.12,28.79,50.05,54.59,6.49,45.94,MODERATE
2627,12.11,32.66,61.4,60.31,7.14,34.98,MODERATE
2628,23.69,35.8,33.99,44.43,2.53,29.15,LOW
2629,18.71,44.42,63.25,50.14,3.97,36.84,MODERATE
2630,1.38,54.69,36.79,73.54,2.69,33.75,MODERATE
2631,4.51,44.42,26.82,39.87,3.59,23.89,LOW
2632,23.98,52.85,61.4,60.31,7.14,41.98,MODERATE
2633,24.98,50.98,26.82,39.87,3.59,30.32,MODERATE
2634,37.63,9.17,40.22,58.67,10.3,32.56,MODERATE
2635,39.9,55.28,62.83,59.7,4.82,46.26,MODERATE
2636,32.61,81.78,56.62,50.18,100.0,60.87,ELEVATED
2637,7.84,54.69,53.94,66.16,1.04,37.07,MODERATE
2638,48.92,32.66,43.21,37.75,6.15,35.88,MODERATE
2639,4.67,41.92,46.14,60.26,0.85,30.96,MODERATE
2640,21.65,41.92,34.09,22.41,5.31,25.89,LOW
2641,18.41,70.78,27.39,79.52,5.52,40.97,MODERATE
2642,29.95,44.42,63.25,50.14,3.97,39.65,MODERATE
2643,10.83,13.5,36.69,13.35,13.11,17.38,LOW
2644,5.47,39.87,62.23,24.09,4.71,27.31,LOW
2645,34.11,77.67,55.38,71.74,7.53,50.61,MODERATE
2646,7.0,22.06,38.77,75.74,3.32,29.56,LOW
2647,9.24,7.4,41.44,31.24,6.52,19.31,LOW
2648,67.67,50.43,64.55,94.57,7.93,60.02,ELEVATED
2649,54.94,27.6,49.06,88.54,1.51,47.0,MODERATE
2650,17.46,81.78,46.47,69.35,1.31,44.08,MODERATE
2651,13.77,28.79,62.83,59.7,4.82,34.43,MODERATE
2652,30.04,31.05,47.75,23.78,2.21,28.36,LOW
2653,15.01,47.08,61.63,40.68,4.75,34.34,MODERATE
2654,3.11,30.5,43.72,62.22,4.4,28.73,LOW
2655,49.34,54.69,54.79,31.06,8.54,41.72,MODERATE
2656,31.23,30.65,43.41,62.07,2.53,35.41,MODERATE
2657,16.15,92.37,44.14,84.78,4.01,48.9,MODERATE
2658,42.5,77.67,46.14,60.26,0.85,47.57,MODERATE
2659,7.91,92.37,67.74,76.58,5.54,50.15,MODERATE
2660,58.13,13.5,61.34,75.53,1.78,44.87,MODERATE
2661,13.82,9.17,46.47,69.35,1.31,28.65,LOW
2662,38.62,54.51,62.83,59.7,4.82,45.79,MODERATE
2663,18.52,52.85,40.22,58.67,10.3,36.52,MODERATE
2664,19.75,38.81,45.17,43.38,7.55,31.54,MODERATE
2665,22.61,30.5,56.62,50.18,100.0,48.11,MODERATE
2666,5.37,39.19,43.72,62.22,4.4,31.03,MODERATE
2667,49.81,44.42,55.74,73.6,6.83,48.23,MODERATE
2668,34.47,35.8,37.97,85.55,7.91,41.67,MODERATE
2669,23.55,41.92,41.57,33.83,3.77,29.92,LOW
2670,27.56,55.28,49.86,55.73,6.34,40.02,MODERATE
2671,4.9,70.78,74.84,21.52,9.31,36.05,MODERATE
2672,47.47,30.65,40.22,58.67,10.3,39.32,MODERATE
2673,57.96,9.17,50.05,54.59,6.49,38.22,MODERATE
2674,23.28,9.3,62.34,56.72,6.72,32.5,MODERATE
2675,21.0,67.71,62.96,56.72,14.21,44.86,MODERATE
2676,13.23,50.43,37.2,33.49,4.35,28.18,LOW
2677,11.92,70.78,74.84,21.52,9.31,37.81,MODERATE
2678,26.98,35.8,52.61,51.56,6.38,35.7,MODERATE
2679,38.98,7.4,28.14,37.62,28.48,28.65,LOW
2680,17.64,44.42,37.7,35.87,3.28,28.5,LOW
2681,24.1,39.19,49.06,88.54,1.51,41.61,MODERATE
2682,32.78,45.61,34.09,22.41,5.31,29.41,LOW
2683,41.58,38.81,61.69,65.14,8.5,44.8,MODERATE
2684,1.65,9.17,34.49,52.59,6.05,20.57,LOW
2685,29.86,28.79,62.83,59.7,4.82,38.45,MODERATE
2686,32.08,9.17,46.47,69.35,1.31,33.21,MODERATE
2687,19.67,81.78,62.23,24.09,4.71,39.24,MODERATE
2688,18.36,45.61,56.62,50.18,100.0,50.07,MODERATE
2689,29.11,9.3,44.14,84.78,4.01,35.52,MODERATE
2690,13.06,44.42,54.8,54.62,4.34,34.68,MODERATE
2691,64.35,35.8,44.39,16.48,3.54,35.95,MODERATE
2692,7.55,50.43,49.28,20.61,8.21,27.19,LOW
2693,3.71,31.05,49.28,20.61,8.21,22.35,LOW
2694,17.37,50.98,35.93,38.19,7.67,30.51,MODERATE
2695,24.1,33.91,27.73,28.53,9.45,25.48,LOW
2696,32.49,39.87,64.62,62.23,1.45,41.68,MODERATE
2697,15.67,55.29,43.41,62.07,2.53,36.45,MODERATE
2698,32.03,39.87,61.4,60.31,7.14,41.39,MODERATE
2699,20.55,41.92,43.87,39.72,19.26,33.13,MODERATE
2700,43.81,54.51,47.75,23.78,2.21,36.49,MODERATE
2701,8.73,39.19,53.94,66.16,1.04,34.2,MODERATE
2702,71.9,38.81,43.21,37.75,6.15,42.85,MODERATE
2703,29.66,39.19,67.09,69.3,9.98,44.03,MODERATE
2704,2.44,50.43,36.79,73.54,2.69,33.17,MODERATE
2705,25.78,31.05,34.3,19.13,10.61,24.93,LOW
2706,20.01,39.87,49.28,20.61,8.21,28.19,LOW
2707,8.0,45.61,62.03,35.4,11.62,32.35,MODERATE
2708,15.73,77.67,63.25,50.14,3.97,42.74,MODERATE
2709,17.45,13.5,27.73,28.53,9.45,19.73,LOW
2710,2.67,7.4,64.25,82.95,6.21,32.52,MODERATE
2711,31.68,54.69,59.46,42.01,6.98,40.2,MODERATE
2712,10.48,39.87,64.62,62.23,1.45,36.18,MODERATE
2713,7.16,49.18,47.71,75.92,5.14,37.12,MODERATE
2714,29.55,45.61,44.39,16.48,3.54,29.22,LOW
2715,16.89,55.29,43.41,62.07,2.53,36.76,MODERATE
2716,4.81,81.03,64.25,82.95,6.21,47.78,MODERATE
2717,17.38,45.61,46.74,32.43,8.08,30.51,MODERATE
2718,15.26,77.67,55.38,71.74,7.53,45.9,MODERATE
2719,26.69,50.43,49.06,88.54,1.51,44.51,MODERATE
2720,23.56,30.65,33.99,44.43,2.53,28.08,LOW
2721,6.68,27.6,45.17,43.38,7.55,26.03,LOW
2722,3.71,9.3,74.34,80.87,5.45,34.65,MODERATE
2723,24.91,13.5,36.69,13.35,13.11,20.9,LOW
2724,19.21,77.67,49.06,88.54,1.51,48.08,MODERATE
2725,14.76,7.4,49.06,88.54,1.51,32.92,MODERATE
2726,6.47,9.17,46.03,96.31,7.43,33.03,MODERATE
2727,0.28,9.3,64.55,94.57,7.93,34.94,MODERATE
2728,27.92,45.69,37.2,33.49,4.35,30.91,MODERATE
2729,8.24,35.8,44.39,16.48,3.54,21.93,LOW
2730,13.27,45.61,38.07,12.64,8.6,23.87,LOW
2731,14.53,44.85,43.21,37.75,6.15,29.72,LOW
2732,2.43,7.4,74.34,80.87,5.45,33.95,MODERATE
2733,48.68,81.78,61.4,60.31,7.14,53.94,MODERATE
2734,14.78,35.8,52.61,51.56,6.38,32.65,MODERATE
2735,6.5,9.3,62.34,56.72,6.72,28.3,LOW
2736,17.65,28.79,66.25,44.11,5.32,33.04,MODERATE
2737,3.57,55.29,43.41,62.07,2.53,33.42,MODERATE
2738,37.43,13.5,49.79,22.56,7.83,27.7,LOW
2739,22.92,79.62,43.42,67.64,5.36,44.67,MODERATE
2740,24.61,50.98,26.82,39.87,3.59,30.22,MODERATE
2741,7.45,30.5,43.41,62.07,2.53,29.44,LOW
2742,3.58,30.65,37.2,33.49,4.35,21.81,LOW
2743,24.75,28.79,49.08,53.12,1.49,32.61,MODERATE
2744,35.74,33.91,27.73,28.53,9.45,28.39,LOW
2745,39.59,47.08,27.73,28.53,9.45,31.98,MODERATE
2746,27.72,33.91,44.65,72.77,3.22,37.68,MODERATE
2747,9.36,39.19,45.68,70.55,5.22,34.21,MODERATE
2748,0.04,9.3,40.07,84.98,2.17,27.21,LOW
2749,11.81,92.37,46.47,69.35,1.31,44.79,MODERATE
2750,17.46,33.91,37.7,35.87,3.28,26.35,LOW
2751,8.35,28.79,40.22,58.67,10.3,29.17,LOW
2752,63.78,28.79,46.43,78.47,6.48,47.66,MODERATE
2753,8.4,47.08,49.08,53.12,1.49,32.18,MODERATE
2754,3.48,45.61,42.71,43.66,6.29,28.21,LOW
2755,21.21,50.43,27.39,79.52,5.52,37.6,MODERATE
2756,28.79,67.71,26.54,32.88,8.7,33.93,MODERATE
2757,6.04,46.27,46.43,78.47,6.48,36.72,MODERATE
2758,30.05,45.61,42.71,43.66,6.29,34.85,MODERATE
2759,16.64,32.66,43.21,37.75,6.15,27.81,LOW
2760,13.84,55.29,43.41,62.07,2.53,35.99,MODERATE
2761,5.61,52.85,45.17,43.38,7.55,30.81,MODERATE
2762,33.05,92.37,34.49,52.59,6.05,45.06,MODERATE
2763,15.74,13.5,49.79,22.56,7.83,22.28,LOW
2764,61.78,55.28,45.14,30.75,2.65,42.08,MODERATE
2765,100.0,49.18,53.49,50.77,10.04,57.19,ELEVATED
2766,18.31,77.67,38.77,75.74,3.32,43.51,MODERATE
2767,11.42,9.17,40.22,58.67,10.3,26.01,LOW
2768,13.73,45.61,38.77,75.74,3.32,35.95,MODERATE
2769,20.48,27.6,64.55,94.57,7.93,43.65,MODERATE
2770,16.01,49.18,44.14,84.78,4.01,40.23,MODERATE
2771,6.19,22.06,48.0,31.83,2.74,22.34,LOW
2772,29.08,38.81,46.47,69.35,1.31,38.39,MODERATE
2773,6.81,55.28,34.09,22.41,5.31,24.85,LOW
2774,23.93,77.67,63.25,50.14,3.97,44.79,MODERATE
2775,30.44,30.5,47.75,23.78,2.21,28.35,LOW
2776,11.46,7.4,56.62,50.18,100.0,40.7,MODERATE
2777,20.4,30.65,43.42,67.64,5.36,34.24,MODERATE
2778,32.15,39.87,67.09,69.3,9.98,44.78,MODERATE
2779,0.67,49.18,55.38,71.74,7.53,36.56,MODERATE
2780,4.7,13.5,66.25,44.11,5.32,26.74,LOW
2781,12.72,30.5,50.05,54.59,6.49,31.18,MODERATE
2782,4.97,81.78,59.46,42.01,6.98,38.94,MODERATE
2783,2.19,44.85,62.34,56.72,6.72,34.34,MODERATE
2784,8.0,44.85,55.16,54.74,3.55,33.48,MODERATE
2785,10.79,54.51,47.75,23.78,2.21,28.24,LOW
2786,49.8,7.4,41.44,31.24,6.52,29.45,LOW
2787,21.96,9.17,40.22,58.67,10.3,28.65,LOW
2788,19.68,50.43,32.94,31.9,6.06,28.88,LOW
2789,26.58,22.06,33.99,44.43,2.53,27.12,LOW
2790,32.87,55.29,55.74,73.6,6.83,46.17,MODERATE
2791,17.84,13.5,37.97,85.55,7.91,33.05,MODERATE
2792,4.88,54.69,36.51,72.54,8.54,35.25,MODERATE
2793,28.5,31.05,34.3,19.13,10.61,25.61,LOW
2794,27.31,92.37,43.21,37.75,6.15,42.42,MODERATE
2795,11.51,77.67,66.25,44.11,5.32,41.28,MODERATE
2796,69.94,70.78,63.25,50.14,3.97,54.91,MODERATE
2797,1.51,21.89,55.38,71.74,7.53,31.31,MODERATE
2798,69.91,31.05,34.49,52.59,6.05,42.01,MODERATE
2799,46.92,13.5,45.17,43.38,7.55,33.27,MODERATE
2800,21.15,55.28,45.14,30.75,2.65,31.92,MODERATE
2801,1.08,54.69,59.46,42.01,6.98,32.55,MODERATE
2802,11.42,49.18,49.33,36.19,8.62,31.09,MODERATE
2803,5.85,33.91,62.03,35.4,11.62,29.47,LOW
2804,60.76,70.78,64.62,62.23,1.45,54.93,MODERATE
2805,59.42,27.8,40.07,84.98,2.17,45.75,MODERATE
2806,90.06,55.28,34.09,22.41,5.31,45.67,MODERATE
2807,10.56,31.05,45.68,70.55,5.22,32.88,MODERATE
2808,34.63,9.3,35.93,38.19,7.67,26.49,LOW
2809,9.16,33.91,43.41,62.07,2.53,30.55,MODERATE
2810,11.63,47.08,56.62,50.18,100.0,48.68,MODERATE
2811,3.86,81.03,53.94,66.16,1.04,41.35,MODERATE
2812,10.24,7.4,56.62,50.18,100.0,40.4,MODERATE
2813,7.9,13.5,61.69,65.14,8.5,31.32,MODERATE
2814,30.74,77.67,46.14,60.26,0.85,44.63,MODERATE
2815,8.41,21.89,44.65,72.77,3.22,30.45,MODERATE
2816,34.55,39.19,28.14,37.62,28.48,33.9,MODERATE
2817,52.43,45.69,59.24,22.75,11.82,40.42,MODERATE
2818,14.25,45.61,41.04,21.17,0.05,25.14,LOW
2819,51.59,35.8,41.44,31.24,6.52,35.57,MODERATE
2820,7.34,27.8,34.09,22.41,5.31,19.49,LOW
2821,0.09,41.92,37.7,35.87,3.28,23.61,LOW
2822,41.71,45.69,44.94,41.99,4.2,37.58,MODERATE
2823,23.83,81.03,37.97,85.55,7.91,48.05,MODERATE
2824,3.44,39.87,49.28,20.61,8.21,24.04,LOW
2825,8.81,67.71,55.74,73.6,6.83,42.64,MODERATE
2826,47.36,92.37,67.74,76.58,5.54,60.01,ELEVATED
2827,76.01,47.08,61.34,75.53,1.78,56.06,ELEVATED
2828,23.5,39.87,61.4,60.31,7.14,39.26,MODERATE
2829,20.85,9.3,46.14,60.26,0.85,28.48,LOW
2830,20.37,9.17,32.94,31.9,6.06,20.8,LOW
2831,46.67,32.66,49.86,55.73,6.34,40.27,MODERATE
2832,28.03,45.61,38.07,12.64,8.6,27.56,LOW
2833,10.37,9.3,62.34,56.72,6.72,29.27,LOW
2834,23.19,31.05,36.51,72.54,8.54,35.1,MODERATE
2835,8.89,81.78,59.46,42.01,6.98,39.92,MODERATE
2836,8.99,13.5,61.69,65.14,8.5,31.59,MODERATE
2837,28.2,31.05,34.3,19.13,10.61,25.54,LOW
2838,19.39,50.98,35.93,38.19,7.67,31.02,MODERATE
2839,3.41,39.87,52.61,51.56,6.38,30.62,MODERATE
2840,2.63,45.69,43.87,39.72,19.26,29.4,LOW
2841,33.68,39.19,45.68,70.55,5.22,40.29,MODERATE
2842,64.81,28.79,66.25,44.11,5.32,44.83,MODERATE
2843,21.92,49.18,23.77,18.02,4.26,24.31,LOW
2844,1.92,13.5,45.17,43.38,7.55,22.02,LOW
2845,61.32,81.78,59.46,42.01,6.98,53.03,MODERATE
2846,6.23,50.43,64.55,94.57,7.93,44.66,MODERATE
2847,2.5,81.03,35.93,38.19,7.67,32.8,MODERATE
2848,12.92,77.67,52.06,66.65,0.0,42.51,MODERATE
2849,37.1,30.65,49.28,20.61,8.21,30.62,MODERATE
2850,76.51,22.06,38.77,75.74,3.32,46.94,MODERATE
2851,34.2,47.08,49.06,88.54,1.51,45.71,MODERATE
2852,18.25,13.5,36.69,13.35,13.11,19.24,LOW
2853,16.52,38.81,62.96,56.72,14.21,37.96,MODERATE
2854,17.95,39.19,52.61,51.56,6.38,34.12,MODERATE
2855,45.43,77.67,64.62,62.23,1.45,52.48,MODERATE
2856,35.67,38.81,62.96,56.72,14.21,42.75,MODERATE
2857,25.6,79.62,54.8,54.62,4.34,44.86,MODERATE
2858,24.11,55.28,44.14,84.78,4.01,43.47,MODERATE
2859,8.66,31.05,34.3,19.13,10.61,20.65,LOW
2860,47.54,27.6,36.51,72.54,8.54,40.5,MODERATE
2861,26.99,70.78,74.84,21.52,9.31,41.57,MODERATE
2862,8.95,54.51,27.73,28.53,9.45,25.81,LOW
2863,27.35,55.29,55.74,73.6,6.83,44.79,MODERATE
2864,0.01,92.37,67.74,76.58,5.54,48.17,MODERATE
2865,58.84,35.8,41.44,31.24,6.52,37.38,MODERATE
2866,12.49,81.78,61.4,60.31,7.14,44.89,MODERATE
2867,19.2,27.6,55.38,71.74,7.53,36.87,MODERATE
2868,1.82,39.19,53.94,66.16,1.04,32.47,MODERATE
2869,38.92,39.19,45.68,70.55,5.22,41.6,MODERATE
2870,20.23,33.91,49.79,22.56,7.83,27.49,LOW
2871,5.7,7.4,61.4,60.31,7.14,28.32,LOW
2872,83.45,55.29,43.87,39.72,19.26,51.53,MODERATE
2873,14.1,92.37,32.58,28.53,7.36,35.32,MODERATE
2874,25.37,55.28,61.63,40.68,4.75,38.57,MODERATE
2875,31.83,49.18,43.87,39.72,19.26,37.4,MODERATE
2876,12.19,55.29,45.17,43.38,7.55,32.95,MODERATE
2877,28.96,81.03,61.34,75.53,1.78,51.09,MODERATE
2878,22.16,55.28,62.83,59.7,4.82,41.83,MODERATE
2879,58.21,39.87,52.61,51.56,6.38,44.32,MODERATE
2880,47.73,39.87,67.09,69.3,9.98,48.68,MODERATE
2881,21.53,67.71,52.06,66.65,0.0,42.67,MODERATE
2882,34.54,55.28,34.09,22.41,5.31,31.79,MODERATE
2883,45.44,27.6,43.21,37.75,6.15,33.99,MODERATE
2884,10.55,41.92,41.44,31.24,6.52,26.54,LOW
2885,1.59,13.5,61.34,75.53,1.78,30.74,MODERATE
2886,17.28,55.28,61.63,40.68,4.75,36.55,MODERATE
2887,10.11,77.67,38.77,75.74,3.32,41.46,MODERATE
2888,43.09,33.91,37.7,35.87,3.28,32.76,MODERATE
2889,17.71,30.5,56.62,50.18,100.0,46.89,MODERATE
2890,30.95,32.66,67.09,69.3,9.98,43.04,MODERATE
2891,61.54,35.8,61.51,50.38,8.86,46.25,MODERATE
2892,17.65,22.06,55.16,54.74,3.55,31.34,MODERATE
2893,48.32,9.17,61.63,40.68,4.75,35.09,MODERATE
2894,13.4,46.27,74.84,21.52,9.31,33.27,MODERATE
2895,11.06,31.05,43.87,39.72,19.26,28.58,LOW
2896,31.53,27.6,34.49,52.59,6.05,31.73,MODERATE
2897,9.14,50.98,67.09,69.3,9.98,41.25,MODERATE
2898,21.97,31.05,36.51,72.54,8.54,34.79,MODERATE
2899,17.88,27.8,49.06,88.54,1.51,37.78,MODERATE
2900,38.76,67.71,69.63,63.49,5.5,50.68,MODERATE
2901,59.67,46.27,52.06,66.65,0.0,47.91,MODERATE
2902,11.83,30.65,49.79,22.56,7.83,24.73,LOW
2903,27.02,33.91,42.71,43.66,6.29,31.76,MODERATE
2904,40.0,13.5,45.17,43.38,7.55,31.54,MODERATE
2905,36.98,55.29,43.72,62.22,4.4,42.15,MODERATE
2906,12.89,31.05,67.09,69.3,9.98,38.21,MODERATE
2907,13.63,55.29,32.94,31.9,6.06,28.34,LOW
2908,0.38,67.71,64.25,82.95,6.21,44.01,MODERATE
2909,14.97,52.85,64.62,62.23,1.45,39.9,MODERATE
2910,6.01,52.85,64.62,62.23,1.45,37.66,MODERATE
2911,19.12,54.51,41.57,33.83,3.77,31.33,MODERATE
2912,14.14,21.89,42.71,43.66,6.29,26.13,LOW
2913,5.63,9.3,46.14,60.26,0.85,24.67,LOW
2914,10.52,81.03,40.22,58.67,10.3,40.16,MODERATE
2915,3.26,7.4,41.57,33.83,3.77,17.94,LOW
2916,8.11,9.3,40.07,84.98,2.17,29.22,LOW
2917,16.52,67.71,69.63,63.49,5.5,45.12,MODERATE
2918,7.71,47.08,61.34,75.53,1.78,38.98,MODERATE
2919,15.12,50.43,64.55,94.57,7.93,46.88,MODERATE
2920,17.14,30.65,44.14,84.78,4.01,36.8,MODERATE
2921,33.67,54.69,54.79,31.06,8.54,37.81,MODERATE
2922,32.28,38.81,45.17,43.38,7.55,34.67,MODERATE
2923,9.02,50.98,35.93,38.19,7.67,28.42,LOW
2924,19.66,39.87,67.09,69.3,9.98,41.66,MODERATE
2925,14.7,54.51,41.57,33.83,3.77,30.22,MODERATE
2926,5.93,47.08,23.77,18.02,4.26,19.89,LOW
2927,60.8,52.85,45.17,43.38,7.55,44.61,MODERATE
2928,1.48,45.61,55.16,54.74,3.55,32.01,MODERATE
2929,37.81,30.65,43.41,62.07,2.53,37.06,MODERATE
2930,39.58,45.61,23.77,18.02,4.26,28.01,LOW
2931,9.4,7.4,28.14,37.62,28.48,21.25,LOW
2932,33.71,50.98,49.08,53.12,1.49,39.29,MODERATE
2933,28.41,44.42,67.09,69.3,9.98,44.76,MODERATE
2934,1.72,70.78,54.8,54.62,4.34,37.12,MODERATE
2935,5.5,67.71,63.25,50.14,3.97,38.19,MODERATE
2936,37.27,30.65,54.59,66.05,6.77,40.59,MODERATE
2937,36.35,92.37,43.21,37.75,6.15,44.67,MODERATE
2938,7.31,54.51,74.34,80.87,5.45,44.59,MODERATE
2939,1.36,77.67,52.06,66.65,0.0,39.62,MODERATE
2940,39.59,35.8,55.74,73.6,6.83,43.95,MODERATE
2941,5.7,52.85,45.17,43.38,7.55,30.84,MODERATE
2942,16.43,39.87,44.39,16.48,3.54,24.79,LOW
2943,41.44,81.78,56.62,50.18,100.0,63.07,ELEVATED
2944,8.25,39.19,43.72,62.22,4.4,31.75,MODERATE
2945,7.44,30.65,47.71,75.92,5.14,33.49,MODERATE
2946,0.57,30.65,67.74,76.58,5.54,35.97,MODERATE
2947,33.83,41.92,41.57,33.83,3.77,32.49,MODERATE
2948,8.14,81.78,62.23,24.09,4.71,36.36,MODERATE
2949,40.32,70.78,74.84,21.52,9.31,44.91,MODERATE
2950,6.92,44.42,54.8,54.62,4.34,33.15,MODERATE
2951,10.66,32.66,43.21,37.75,6.15,26.31,LOW
2952,14.13,47.08,43.87,39.72,19.26,32.56,MODERATE
2953,49.57,9.3,62.34,56.72,6.72,39.07,MODERATE
2954,5.39,92.37,67.74,76.58,5.54,49.52,MODERATE
2955,37.76,35.8,41.57,33.83,3.77,32.25,MODERATE
2956,59.34,81.03,54.59,66.05,6.77,56.19,ELEVATED
2957,14.74,77.67,27.73,28.53,9.45,31.89,MODERATE
2958,56.01,45.61,56.62,50.18,100.0,59.48,ELEVATED
2959,13.75,7.4,41.44,31.24,6.52,20.43,LOW
2960,29.66,67.71,64.25,82.95,6.21,51.33,MODERATE
2961,0.24,27.6,61.51,50.38,8.86,29.29,LOW
2962,16.87,79.62,46.47,69.35,1.31,43.5,MODERATE
2963,2.42,67.71,55.74,73.6,6.83,41.04,MODERATE
2964,0.17,32.66,23.77,18.02,4.26,15.57,LOW
2965,8.13,52.85,23.77,18.02,4.26,21.6,LOW
2966,46.13,81.78,61.4,60.31,7.14,53.3,MODERATE
2967,28.28,45.69,44.94,41.99,4.2,34.22,MODERATE
2968,0.81,44.85,46.74,32.43,8.08,26.22,LOW
2969,2.44,39.87,67.09,69.3,9.98,37.36,MODERATE
2970,0.38,9.3,64.55,94.57,7.93,34.97,MODERATE
2971,5.78,30.65,43.42,67.64,5.36,30.59,MODERATE
2972,63.31,46.27,53.94,66.16,1.04,49.26,MODERATE
2973,0.31,55.29,43.41,62.07,2.53,32.61,MODERATE
2974,10.07,70.78,61.51,50.38,8.86,40.38,MODERATE
2975,13.04,30.65,40.22,58.67,10.3,30.71,MODERATE
2976,20.28,55.28,34.49,52.59,6.05,34.45,MODERATE
2977,6.97,45.69,59.24,22.75,11.82,29.05,LOW
2978,28.49,52.85,47.81,43.54,7.25,37.05,MODERATE
2979,30.33,7.4,41.44,31.24,6.52,24.58,LOW
2980,35.28,49.18,23.77,18.02,4.26,27.65,LOW
2981,35.73,55.28,27.73,28.53,9.45,32.66,MODERATE
2982,15.15,35.8,55.74,73.6,6.83,37.84,MODERATE
2983,11.57,55.29,52.06,66.65,0.0,37.69,MODERATE
2984,5.32,44.42,61.51,50.38,8.86,33.92,MODERATE
2985,55.91,35.8,33.99,44.43,2.53,37.2,MODERATE
2986,23.92,30.65,44.14,84.78,4.01,38.5,MODERATE
2987,1.86,30.65,54.8,54.62,4.34,29.13,LOW
2988,20.23,41.92,63.25,50.14,3.97,36.71,MODERATE
2989,18.75,41.92,37.97,85.55,7.91,38.96,MODERATE
2990,27.39,50.43,64.55,94.57,7.93,49.95,MODERATE
2991,5.2,50.98,49.08,53.12,1.49,32.16,MODERATE
2992,26.55,41.92,41.57,33.83,3.77,30.67,MODERATE
2993,47.16,67.71,63.25,50.14,3.97,48.61,MODERATE
2994,67.99,81.78,63.25,50.14,3.97,56.63,ELEVATED
2995,4.47,39.87,27.73,28.53,9.45,21.76,LOW
2996,7.56,49.18,36.51,72.54,8.54,34.82,MODERATE
2997,21.12,81.78,61.4,60.31,7.14,47.05,MODERATE
2998,42.65,45.69,62.96,56.72,14.21,45.87,MODERATE
2999,12.55,33.91,62.03,35.4,11.62,31.15,MODERATE
3000,13.19,47.08,45.14,30.75,2.65,28.29,LOW
3001,54.68,32.66,23.77,18.02,4.26,29.2,LOW
3002,20.31,28.79,40.22,58.67,10.3,32.16,MODERATE
3003,6.02,49.18,40.07,84.98,2.17,36.68,MODERATE
3004,19.88,50.98,40.07,84.98,2.17,40.5,MODERATE
3005,89.87,39.19,69.63,63.49,5.5,57.75,ELEVATED
3006,9.38,27.6,74.34,80.87,5.45,39.73,MODERATE
3007,32.53,30.65,49.28,20.61,8.21,29.47,LOW
3008,13.81,9.17,37.97,85.55,7.91,31.18,MODERATE
3009,21.65,55.29,37.2,33.49,4.35,31.26,MODERATE
3010,36.52,81.03,36.51,72.54,8.54,48.43,MODERATE
3011,22.99,33.91,43.41,62.07,2.53,34.01,MODERATE
3012,12.04,21.89,55.38,71.74,7.53,33.94,MODERATE
3013,22.7,41.92,37.7,35.87,3.28,29.26,LOW
3014,35.74,50.43,27.39,79.52,5.52,41.23,MODERATE
3015,34.04,50.43,64.55,94.57,7.93,51.61,MODERATE
3016,20.28,28.79,66.25,44.11,5.32,33.7,MODERATE
3017,9.31,50.43,27.39,79.52,5.52,34.63,MODERATE
3018,1.28,13.5,49.79,22.56,7.83,18.67,LOW
3019,12.84,45.69,62.96,56.72,14.21,38.41,MODERATE
3020,19.63,47.08,49.08,53.12,1.49,34.99,MODERATE
3021,39.08,50.43,67.09,69.3,9.98,48.63,MODERATE
3022,62.34,38.81,46.47,69.35,1.31,46.71,MODERATE
3023,54.2,55.28,27.73,28.53,9.45,37.28,MODERATE
3024,9.61,55.28,61.63,40.68,4.75,34.63,MODERATE
3025,6.38,67.71,63.25,50.14,3.97,38.41,MODERATE
3026,24.11,7.4,28.14,37.62,28.48,24.93,LOW
3027,29.96,45.61,42.71,43.66,6.29,34.83,MODERATE
3028,28.36,13.5,45.17,43.38,7.55,28.63,LOW
3029,20.53,44.42,28.14,37.62,28.48,31.44,MODERATE
3030,5.22,13.5,45.17,43.38,7.55,22.85,LOW
3031,95.69,70.78,27.39,79.52,5.52,60.29,ELEVATED
3032,12.17,67.71,49.79,22.56,7.83,32.23,MODERATE
3033,42.15,55.28,61.63,40.68,4.75,42.77,MODERATE
3034,21.71,55.29,43.41,62.07,2.53,37.96,MODERATE
3035,19.25,44.42,67.09,69.3,9.98,42.47,MODERATE
3036,37.59,33.91,44.65,72.77,3.22,40.15,MODERATE
3037,30.9,54.51,47.81,43.54,7.25,37.98,MODERATE
3038,6.74,13.5,66.25,44.11,5.32,27.25,LOW
3039,4.28,81.78,61.4,60.31,7.14,42.84,MODERATE
3040,32.67,44.42,28.14,37.62,28.48,34.48,MODERATE
3041,53.28,22.06,49.28,20.61,8.21,32.94,MODERATE
3042,3.42,92.37,67.74,76.58,5.54,49.02,MODERATE
3043,18.18,9.3,46.14,60.26,0.85,27.81,LOW
3044,33.8,81.78,74.84,21.52,9.31,45.48,MODERATE
3045,63.11,35.8,41.57,33.83,3.77,38.59,MODERATE
3046,29.35,81.03,36.79,73.54,2.69,46.01,MODERATE
3047,15.89,41.92,63.25,50.14,3.97,35.63,MODERATE
3048,7.28,92.37,67.74,76.58,5.54,49.99,MODERATE
3049,54.82,13.5,44.65,72.77,3.22,40.37,MODERATE
3050,28.45,13.5,45.96,28.05,13.05,26.57,LOW
3051,13.14,41.92,46.14,60.26,0.85,33.08,MODERATE
3052,49.04,9.3,62.34,56.72,6.72,38.94,MODERATE
3053,7.12,22.06,33.99,44.43,2.53,22.26,LOW
3054,1.47,55.28,49.33,36.19,8.62,29.82,LOW
3055,69.44,46.27,32.94,31.9,6.06,40.49,MODERATE
3056,16.89,31.05,61.34,75.53,1.78,38.07,MODERATE
3057,10.79,38.81,62.96,56.72,14.21,36.53,MODERATE
3058,38.68,79.62,54.8,54.62,4.34,48.13,MODERATE
3059,27.21,13.5,61.51,50.38,8.86,33.21,MODERATE
3060,42.41,38.81,46.47,69.35,1.31,41.73,MODERATE
3061,10.1,39.87,44.39,16.48,3.54,23.2,LOW
3062,0.28,81.03,37.97,85.55,7.91,42.17,MODERATE
3063,100.0,27.8,40.07,84.98,2.17,55.9,ELEVATED
3064,7.04,38.81,34.09,22.41,5.31,21.62,LOW
3065,45.01,30.65,49.28,20.61,8.21,32.59,MODERATE
3066,14.06,77.67,55.38,71.74,7.53,45.6,MODERATE
3067,6.18,39.19,56.62,50.18,100.0,45.74,MODERATE
3068,41.75,70.78,66.25,44.11,5.32,47.46,MODERATE
3069,29.89,7.4,61.34,75.53,1.78,36.59,MODERATE
3070,13.87,27.8,50.05,54.59,6.49,30.93,MODERATE
3071,34.47,44.85,55.16,54.74,3.55,40.1,MODERATE
3072,1.13,30.65,44.14,84.78,4.01,32.8,MODERATE
3073,41.15,7.4,74.34,80.87,5.45,43.63,MODERATE
3074,19.08,32.66,49.86,55.73,6.34,33.37,MODERATE
3075,14.87,50.43,59.24,22.75,11.82,31.97,MODERATE
3076,7.09,81.78,74.84,21.52,9.31,38.8,MODERATE
3077,100.0,39.87,61.4,60.31,7.14,58.39,ELEVATED
3078,1.57,39.87,50.05,54.59,6.49,30.27,MODERATE
3079,26.63,9.3,44.14,84.78,4.01,34.9,MODERATE
3080,36.02,13.5,34.09,22.41,5.31,23.8,LOW
3081,38.58,9.3,40.07,84.98,2.17,36.84,MODERATE
3082,3.3,49.18,44.14,84.78,4.01,37.05,MODERATE
3083,42.5,55.28,55.38,71.74,7.53,48.23,MODERATE
3084,19.3,44.42,26.82,39.87,3.59,27.58,LOW
3085,24.91,13.5,69.63,63.49,5.5,36.37,MODERATE
3086,20.95,44.42,26.82,39.87,3.59,28.0,LOW
3087,15.44,35.8,26.82,39.87,3.59,24.9,LOW
3088,2.54,52.85,61.4,60.31,7.14,36.62,MODERATE
3089,4.79,9.3,64.55,94.57,7.93,36.07,MODERATE
3090,6.58,50.43,44.65,72.77,3.22,35.7,MODERATE
3091,8.91,44.42,54.8,54.62,4.34,33.65,MODERATE
3092,80.52,54.51,62.83,59.7,4.82,56.26,ELEVATED
3093,29.06,44.42,43.21,37.75,6.15,33.26,MODERATE
3094,5.88,52.85,62.96,56.72,14.21,38.11,MODERATE
3095,15.29,46.27,64.62,62.23,1.45,38.66,MODERATE
3096,25.95,77.67,55.38,71.74,7.53,48.57,MODERATE
3097,0.58,55.28,28.14,37.62,28.48,28.62,LOW
3098,1.79,35.8,41.57,33.83,3.77,23.26,LOW
3099,36.76,45.61,53.49,50.77,10.04,40.67,MODERATE
3100,14.74,49.18,54.8,54.62,4.34,36.05,MODERATE
3101,4.62,21.89,61.51,50.38,8.86,29.24,LOW
3102,14.64,46.27,64.62,62.23,1.45,38.5,MODERATE
3103,0.8,27.6,34.49,52.59,6.05,24.04,LOW
3104,19.68,30.65,43.72,62.22,4.4,32.9,MODERATE
3105,14.4,50.43,49.08,53.12,1.49,34.35,MODERATE
3106,19.01,77.67,64.62,62.23,1.45,45.87,MODERATE
3107,27.57,30.65,33.99,44.43,2.53,29.08,LOW
3108,30.54,55.28,27.73,28.53,9.45,31.36,MODERATE
3109,1.94,30.65,45.96,28.05,13.05,23.37,LOW
3110,39.91,77.67,27.73,28.53,9.45,38.18,MODERATE
3111,35.15,55.29,43.72,62.22,4.4,41.69,MODERATE
3112,9.22,55.28,27.73,28.53,9.45,26.03,LOW
3113,10.4,45.61,44.39,16.48,3.54,24.43,LOW
3114,1.97,39.87,49.28,20.61,8.21,23.68,LOW
3115,33.62,31.05,61.34,75.53,1.78,42.25,MODERATE
3116,49.38,50.43,49.08,53.12,1.49,43.1,MODERATE
3117,36.56,70.78,74.84,21.52,9.31,43.97,MODERATE
3118,11.77,77.67,46.14,60.26,0.85,39.88,MODERATE
3119,31.2,70.78,63.25,50.14,3.97,45.23,MODERATE
3120,13.97,28.79,46.43,78.47,6.48,35.2,MODERATE
3121,4.55,52.85,64.62,62.23,1.45,37.3,MODERATE
3122,21.54,77.67,43.41,62.07,2.53,42.39,MODERATE
3123,32.48,21.89,44.65,72.77,3.22,36.46,MODERATE
3124,3.23,33.91,27.73,28.53,9.45,20.26,LOW
3125,0.58,27.8,34.09,22.41,5.31,17.8,LOW
3126,54.14,30.65,43.72,62.22,4.4,41.51,MODERATE
3127,23.31,52.85,64.62,62.23,1.45,41.99,MODERATE
3128,3.62,39.87,49.28,20.61,8.21,24.09,LOW
3129,21.62,46.27,64.62,62.23,1.45,40.25,MODERATE
3130,100.0,21.89,74.34,80.87,5.45,61.24,ELEVATED
3131,43.77,9.17,40.22,58.67,10.3,34.1,MODERATE
3132,18.82,22.06,49.28,20.61,8.21,24.33,LOW
3133,100.0,39.87,49.28,20.61,8.21,48.18,MODERATE
3134,22.19,27.6,49.06,88.54,1.51,38.82,MODERATE
3135,28.34,27.6,45.17,43.38,7.55,31.45,MODERATE
3136,16.73,54.69,54.79,31.06,8.54,33.57,MODERATE
3137,27.45,45.61,38.07,12.64,8.6,27.42,LOW
3138,35.46,13.5,27.73,28.53,9.45,24.23,LOW
3139,55.62,7.4,62.34,56.72,6.72,40.21,MODERATE
3140,22.99,27.6,55.38,71.74,7.53,37.82,MODERATE
3141,49.97,31.05,34.3,19.13,10.61,30.98,MODERATE
3142,7.69,52.85,64.62,62.23,1.45,38.08,MODERATE
3143,1.27,79.62,46.47,69.35,1.31,39.6,MODERATE
3144,7.6,52.85,62.96,56.72,14.21,38.54,MODERATE
3145,99.93,49.18,34.3,19.13,10.61,47.1,MODERATE
3146,36.81,39.87,44.39,16.48,3.54,29.88,LOW
3147,23.53,50.43,59.24,22.75,11.82,34.14,MODERATE
3148,71.3,50.43,32.94,31.9,6.06,41.79,MODERATE
3149,5.48,13.5,37.97,85.55,7.91,29.96,LOW
3150,11.85,30.5,50.05,54.59,6.49,30.97,MODERATE
3151,19.81,9.17,46.47,69.35,1.31,30.15,MODERATE
3152,3.49,39.87,67.09,69.3,9.98,37.62,MODERATE
3153,49.52,50.98,40.07,84.98,2.17,47.91,MODERATE
3154,33.71,52.85,64.62,62.23,1.45,44.58,MODERATE
3155,13.37,46.27,64.62,62.23,1.45,38.18,MODERATE
3156,48.88,54.69,54.79,31.06,8.54,41.61,MODERATE
3157,14.79,55.29,55.74,73.6,6.83,41.65,MODERATE
3158,34.61,9.3,35.93,38.19,7.67,26.49,LOW
3159,18.82,30.5,50.05,54.59,6.49,32.71,MODERATE
3160,6.79,7.4,61.4,60.31,7.14,28.59,LOW
3161,12.57,45.61,64.25,82.95,6.21,42.64,MODERATE
3162,11.07,38.81,54.59,66.05,6.77,35.67,MODERATE
3163,7.13,32.66,27.39,79.52,5.52,30.53,MODERATE
3164,53.36,44.42,43.21,37.75,6.15,39.34,MODERATE
3165,26.35,27.6,45.17,43.38,7.55,30.95,MODERATE
3166,9.97,27.6,36.51,72.54,8.54,31.1,MODERATE
3167,26.04,38.81,62.96,56.72,14.21,40.34,MODERATE
3168,21.53,32.66,27.39,79.52,5.52,34.13,MODERATE
3169,17.67,30.5,32.58,28.53,7.36,23.85,LOW
3170,46.55,28.79,46.43,78.47,6.48,43.35,MODERATE
3171,14.7,39.19,43.72,62.22,4.4,33.36,MODERATE
3172,59.75,54.51,47.71,75.92,5.14,51.34,MODERATE
3173,47.71,55.28,36.69,13.35,13.11,34.96,MODERATE
3174,4.21,9.3,62.83,59.7,4.82,28.14,LOW
3175,29.94,39.19,49.06,88.54,1.51,43.07,MODERATE
3176,6.79,28.79,49.79,22.56,7.83,23.1,LOW
3177,21.47,55.28,26.82,39.87,3.59,30.3,MODERATE
3178,38.51,22.06,55.16,54.74,3.55,36.55,MODERATE
3179,14.07,92.37,61.4,60.31,7.14,47.41,MODERATE
3180,10.24,45.69,62.96,56.72,14.21,37.76,MODERATE
3181,4.91,46.27,53.94,66.16,1.04,34.66,MODERATE
3182,22.59,13.5,45.17,43.38,7.55,27.19,LOW
3183,30.33,52.85,64.62,62.23,1.45,43.74,MODERATE
3184,51.84,35.8,61.51,50.38,8.86,43.83,MODERATE
3185,17.32,32.66,49.86,55.73,6.34,32.93,MODERATE
3186,3.82,92.37,46.47,69.35,1.31,42.79,MODERATE
3187,9.11,46.27,46.14,60.26,0.85,32.94,MODERATE
3188,8.22,41.92,41.57,33.83,3.77,26.09,LOW
3189,27.66,49.18,23.77,18.02,4.26,25.75,LOW
3190,3.26,54.51,40.22,58.67,10.3,33.04,MODERATE
3191,1.85,30.5,38.77,75.74,3.32,29.96,LOW
3192,4.71,38.81,46.47,69.35,1.31,32.3,MODERATE
3193,23.26,81.78,40.07,84.98,2.17,47.51,MODERATE
3194,28.66,67.71,52.06,66.65,0.0,44.45,MODERATE
3195,34.3,50.98,35.93,38.19,7.67,34.74,MODERATE
3196,24.61,39.19,28.14,37.62,28.48,31.42,MODERATE
3197,21.42,45.69,62.96,56.72,14.21,40.56,MODERATE
3198,1.12,7.4,56.62,50.18,100.0,38.12,MODERATE
3199,26.6,30.65,49.28,20.61,8.21,27.99,LOW
3200,29.81,39.87,49.28,20.61,8.21,30.64,MODERATE
3201,28.65,50.98,35.93,38.19,7.67,33.33,MODERATE
3202,3.18,44.42,43.21,37.75,6.15,26.79,LOW
3203,53.43,38.81,34.09,22.41,5.31,33.22,MODERATE
3204,81.13,52.85,64.62,62.23,1.45,56.44,ELEVATED
3205,22.58,55.29,26.54,32.88,8.7,29.89,LOW
3206,21.05,45.61,63.25,50.14,3.97,37.66,MODERATE
3207,3.79,31.05,34.3,19.13,10.61,19.43,LOW
3208,15.25,30.65,49.08,53.12,1.49,30.61,MODERATE
3209,31.56,67.71,55.74,73.6,6.83,48.33,MODERATE
3210,54.51,27.6,37.2,33.49,4.35,33.94,MODERATE
3211,51.49,27.6,36.51,72.54,8.54,41.48,MODERATE
3212,44.2,45.69,69.63,63.49,5.5,47.63,MODERATE
3213,48.76,81.78,61.4,60.31,7.14,53.96,MODERATE
3214,3.84,30.65,49.79,22.56,7.83,22.73,LOW
3215,67.99,49.18,55.38,71.74,7.53,53.39,MODERATE
3216,23.57,22.06,45.17,43.38,7.55,29.15,LOW
3217,9.3,33.91,43.41,62.07,2.53,30.58,MODERATE
3218,12.23,30.65,47.71,75.92,5.14,34.68,MODERATE
3219,1.67,9.3,62.34,56.72,6.72,27.1,LOW
3220,31.57,55.28,49.86,55.73,6.34,41.02,MODERATE
3221,10.05,22.06,55.16,54.74,3.55,29.44,LOW
3222,1.3,47.08,61.63,40.68,4.75,30.91,MODERATE
3223,2.59,50.98,35.93,38.19,7.67,26.82,LOW
3224,5.84,30.65,54.59,66.05,6.77,32.73,MODERATE
3225,4.35,54.69,53.94,66.16,1.04,36.2,MODERATE
3226,26.07,9.17,50.05,54.59,6.49,30.25,MODERATE
3227,31.27,81.78,46.47,69.35,1.31,47.53,MODERATE
3228,25.69,41.92,41.57,33.83,3.77,30.45,MODERATE
3229,25.72,77.67,46.14,60.26,0.85,43.37,MODERATE
3230,18.86,9.17,40.22,58.67,10.3,27.87,LOW
3231,19.25,31.05,36.51,72.54,8.54,34.11,MODERATE
3232,20.85,9.17,49.33,36.19,8.62,25.44,LOW
3233,1.2,44.42,43.21,37.75,6.15,26.3,LOW
3234,17.13,27.6,34.49,52.59,6.05,28.12,LOW
3235,21.01,13.5,49.79,22.56,7.83,23.6,LOW
3236,60.36,54.69,36.79,73.54,2.69,48.5,MODERATE
3237,19.23,50.43,49.28,20.61,8.21,30.11,MODERATE
3238,2.15,49.18,40.07,84.98,2.17,35.71,MODERATE
3239,3.64,31.05,45.68,70.55,5.22,31.15,MODERATE
3240,19.83,31.05,26.54,32.88,8.7,24.36,LOW
3241,8.63,44.42,61.51,50.38,8.86,34.75,MODERATE
3242,9.29,92.37,37.2,33.49,4.35,35.58,MODERATE
3243,23.95,39.19,49.06,88.54,1.51,41.57,MODERATE
3244,36.64,52.85,23.77,18.02,4.26,28.73,LOW
3245,53.7,44.42,36.69,13.35,13.11,34.28,MODERATE
3246,33.15,35.8,52.61,51.56,6.38,37.24,MODERATE
3247,10.95,44.42,62.96,56.72,14.21,37.69,MODERATE
3248,3.43,46.27,32.94,31.9,6.06,23.99,LOW
3249,28.85,50.43,64.55,94.57,7.93,50.31,MODERATE
3250,32.81,79.62,62.83,59.7,4.82,49.36,MODERATE
3251,21.9,55.29,47.75,23.78,2.21,31.17,MODERATE
3252,9.31,54.69,36.51,72.54,8.54,36.36,MODERATE
3253,7.69,22.06,54.8,54.62,4.34,28.87,LOW
3254,39.54,49.18,40.07,84.98,2.17,45.06,MODERATE
3255,11.56,13.5,26.82,39.87,3.59,19.47,LOW
3256,14.17,22.06,49.28,20.61,8.21,23.16,LOW
3257,2.76,28.79,66.25,44.11,5.32,29.32,LOW
3258,25.15,54.51,43.21,37.75,6.15,34.3,MODERATE
3259,23.74,30.65,49.79,22.56,7.83,27.71,LOW
3260,3.86,45.61,43.21,37.75,6.15,27.2,LOW
3261,0.0,46.27,32.94,31.9,6.06,23.13,LOW
3262,34.82,39.19,67.09,69.3,9.98,45.32,MODERATE
3263,18.65,33.91,42.71,43.66,6.29,29.66,LOW
3264,49.58,39.19,43.72,62.22,4.4,42.08,MODERATE
3265,30.55,41.92,37.7,35.87,3.28,31.23,MODERATE
3266,20.03,81.03,36.79,73.54,2.69,43.68,MODERATE
3267,13.29,30.65,33.99,44.43,2.53,25.51,LOW
3268,16.49,9.17,46.03,96.31,7.43,35.54,MODERATE
3269,27.77,52.85,23.77,18.02,4.26,26.51,LOW
3270,7.22,44.42,28.14,37.62,28.48,28.11,LOW
3271,3.36,77.67,49.06,88.54,1.51,44.12,MODERATE
3272,1.69,39.19,67.09,69.3,9.98,37.03,MODERATE
3273,37.25,9.3,44.14,84.78,4.01,37.56,MODERATE
3274,16.8,46.27,53.94,66.16,1.04,37.63,MODERATE
3275,30.75,79.62,46.47,69.35,1.31,46.97,MODERATE
3276,43.28,54.51,47.81,43.54,7.25,41.08,MODERATE
3277,18.05,46.27,52.06,66.65,0.0,37.51,MODERATE
3278,10.42,47.08,61.63,40.68,4.75,33.2,MODERATE
3279,8.48,45.61,41.04,21.17,0.05,23.69,LOW
3280,7.83,49.18,40.07,84.98,2.17,37.13,MODERATE
3281,3.45,44.85,32.58,28.53,7.36,23.16,LOW
3282,9.29,50.98,41.44,31.24,6.52,28.03,LOW
3283,37.04,30.65,63.25,50.14,3.97,38.66,MODERATE
3284,22.32,35.8,61.51,50.38,8.86,36.45,MODERATE
3285,80.06,7.4,41.44,31.24,6.52,37.01,MODERATE
3286,14.36,55.29,43.87,39.72,19.26,34.26,MODERATE
3287,3.73,54.51,45.17,43.38,7.55,30.68,MODERATE
3288,42.25,44.42,43.21,37.75,6.15,36.56,MODERATE
3289,8.69,50.43,37.2,33.49,4.35,27.05,LOW
3290,19.62,55.28,61.63,40.68,4.75,37.14,MODERATE
3291,56.29,28.79,66.25,44.11,5.32,42.7,MODERATE
3292,25.65,54.69,45.17,43.38,7.55,36.19,MODERATE
3293,5.97,9.17,40.22,58.67,10.3,24.65,LOW
3294,10.16,81.78,46.74,32.43,8.08,35.94,MODERATE
3295,35.2,22.06,33.99,44.43,2.53,29.28,LOW
3296,30.67,52.85,62.96,56.72,14.21,44.3,MODERATE
3297,23.22,81.78,46.47,69.35,1.31,45.52,MODERATE
3298,1.09,27.6,44.14,84.78,4.01,32.18,MODERATE
3299,21.3,13.5,45.96,28.05,13.05,24.78,LOW
3300,16.88,92.37,46.47,69.35,1.31,46.05,MODERATE
3301,8.84,31.05,43.87,39.72,19.26,28.03,LOW
3302,0.12,9.17,32.94,31.9,6.06,15.74,LOW
3303,16.53,81.03,64.25,82.95,6.21,50.71,MODERATE
3304,4.76,77.67,55.38,71.74,7.53,43.28,MODERATE
3305,8.04,81.78,61.4,60.31,7.14,43.78,MODERATE
3306,2.08,55.28,49.86,55.73,6.34,33.65,MODERATE
3307,56.35,41.92,41.44,31.24,6.52,37.99,MODERATE
3308,4.2,45.61,56.62,50.18,100.0,46.53,MODERATE
3309,34.3,9.17,46.47,69.35,1.31,33.77,MODERATE
3310,9.06,39.19,52.61,51.56,6.38,31.89,MODERATE
3311,11.96,30.65,45.96,28.05,13.05,25.88,LOW
3312,2.74,39.87,44.39,16.48,3.54,21.37,LOW
3313,2.79,77.67,38.77,75.74,3.32,39.63,MODERATE
3314,21.13,45.61,41.04,21.17,0.05,26.85,LOW
3315,8.22,39.19,43.72,62.22,4.4,31.74,MODERATE
3316,26.46,67.71,49.79,22.56,7.83,35.8,MODERATE
3317,3.15,81.03,46.47,69.35,1.31,40.35,MODERATE
3318,41.3,28.79,41.04,21.17,0.05,28.53,LOW
3319,47.96,55.28,34.09,22.41,5.31,35.14,MODERATE
3320,22.17,44.42,28.14,37.62,28.48,31.85,MODERATE
3321,16.35,67.71,36.79,73.54,2.69,40.1,MODERATE
3322,4.06,30.65,45.96,28.05,13.05,23.91,LOW
3323,29.39,27.6,64.55,94.57,7.93,45.88,MODERATE
3324,36.73,35.8,67.09,69.3,9.98,45.12,MODERATE
3325,31.68,81.03,37.97,85.55,7.91,50.02,MODERATE
3326,19.85,55.28,49.33,36.19,8.62,34.41,MODERATE
3327,33.63,22.06,38.77,75.74,3.32,36.22,MODERATE
3328,15.55,45.61,46.74,32.43,8.08,30.06,MODERATE
3329,23.52,9.3,35.93,38.19,7.67,23.71,LOW
3330,29.84,22.06,38.77,75.74,3.32,35.27,MODERATE
3331,23.63,28.79,49.08,53.12,1.49,32.33,MODERATE
3332,24.88,38.81,61.69,65.14,8.5,40.62,MODERATE
3333,18.94,35.8,43.21,37.75,6.15,29.01,LOW
3334,24.3,35.8,44.39,16.48,3.54,25.94,LOW
3335,1.71,81.78,62.23,24.09,4.71,34.75,MODERATE
3336,22.53,45.61,64.25,82.95,6.21,45.13,MODERATE
3337,21.84,7.4,61.34,75.53,1.78,34.58,MODERATE
3338,20.53,50.98,62.34,56.72,6.72,40.15,MODERATE
3339,0.67,44.42,40.22,58.67,10.3,30.37,MODERATE
3340,1.69,33.91,62.03,35.4,11.62,28.43,LOW
3341,0.36,39.19,49.06,88.54,1.51,35.67,MODERATE
3342,1.83,30.65,47.71,75.92,5.14,32.08,MODERATE
3343,2.23,28.79,48.0,31.83,2.74,22.69,LOW
3344,26.87,67.71,63.25,50.14,3.97,43.53,MODERATE
3345,11.78,30.5,38.77,75.74,3.32,32.45,MODERATE
3346,13.25,77.67,66.25,44.11,5.32,41.72,MODERATE
3347,16.71,38.81,62.03,35.4,11.62,33.17,MODERATE
3348,18.49,38.81,46.47,69.35,1.31,35.75,MODERATE
3349,34.02,52.85,62.96,56.72,14.21,45.14,MODERATE
3350,9.67,52.85,48.0,31.83,2.74,29.36,LOW
3351,14.05,41.92,43.87,39.72,19.26,31.51,MODERATE
3352,30.04,39.87,35.93,38.19,7.67,31.46,MODERATE
3353,5.06,21.89,44.65,72.77,3.22,29.61,LOW
3354,27.25,47.08,23.77,18.02,4.26,25.22,LOW
3355,1.08,70.78,74.84,21.52,9.31,35.09,MODERATE
3356,39.29,21.89,44.65,72.77,3.22,38.17,MODERATE
3357,43.3,50.98,44.65,72.77,3.22,44.99,MODERATE
3358,13.47,7.4,61.34,75.53,1.78,32.49,MODERATE
3359,26.82,27.6,37.2,33.49,4.35,27.01,LOW
3360,29.94,45.61,55.38,71.74,7.53,43.16,MODERATE
3361,46.2,55.28,49.33,36.19,8.62,41.0,MODERATE
3362,11.79,55.29,34.3,19.13,10.61,26.28,LOW
3363,28.49,21.89,55.38,71.74,7.53,38.05,MODERATE
3364,2.91,9.3,55.38,71.74,7.53,29.14,LOW
3365,40.32,54.51,43.21,37.75,6.15,38.1,MODERATE
3366,26.73,9.3,62.23,24.09,4.71,26.51,LOW
3367,16.95,27.6,49.06,88.54,1.51,37.5,MODERATE
3368,7.38,31.05,34.49,52.59,6.05,26.38,LOW
3369,27.93,45.61,34.09,22.41,5.31,28.2,LOW
3370,17.52,27.6,55.38,71.74,7.53,36.45,MODERATE
3371,18.15,38.81,43.21,37.75,6.15,29.41,LOW
3372,35.82,21.89,42.71,43.66,6.29,31.55,MODERATE
3373,30.15,39.19,53.49,50.77,10.04,37.73,MODERATE
3374,26.75,21.89,27.73,28.53,9.45,23.73,LOW
3375,40.43,81.78,56.62,50.18,100.0,62.82,ELEVATED
3376,9.16,49.18,55.38,71.74,7.53,38.68,MODERATE
3377,66.28,46.27,32.94,31.9,6.06,39.7,MODERATE
3378,3.89,38.81,59.24,22.75,11.82,26.9,LOW
3379,15.02,70.78,63.25,50.14,3.97,41.18,MODERATE
3380,21.7,39.19,43.72,62.22,4.4,35.11,MODERATE
3381,26.11,33.91,61.4,60.31,7.14,38.73,MODERATE
3382,16.33,50.43,64.55,94.57,7.93,47.18,MODERATE
3383,9.0,7.4,62.34,56.72,6.72,28.55,LOW
3384,11.47,52.85,61.4,60.31,7.14,38.85,MODERATE
3385,6.68,81.78,46.74,32.43,8.08,35.07,MODERATE
3386,32.02,81.78,45.96,28.05,13.05,41.12,MODERATE
3387,61.22,31.05,44.94,41.99,4.2,39.53,MODERATE
3388,11.18,33.91,46.74,32.43,8.08,26.62,LOW
3389,23.9,30.65,43.42,67.64,5.36,35.12,MODERATE
3390,6.66,47.08,27.73,28.53,9.45,23.75,LOW
3391,2.77,47.08,43.87,39.72,19.26,29.72,LOW
3392,52.43,35.8,44.94,41.99,4.2,38.28,MODERATE
3393,13.19,45.61,62.03,35.4,11.62,33.65,MODERATE
3394,53.46,39.87,49.28,20.61,8.21,36.55,MODERATE
3395,31.11,28.79,49.79,22.56,7.83,29.18,LOW
3396,6.25,30.65,35.93,38.19,7.67,23.66,LOW
3397,0.07,50.43,62.34,56.72,6.72,34.92,MODERATE
3398,22.09,81.78,46.74,32.43,8.08,38.92,MODERATE
3399,31.45,41.92,63.25,50.14,3.97,39.52,MODERATE
3400,22.44,52.85,48.0,31.83,2.74,32.55,MODERATE
3401,7.96,45.61,38.77,75.74,3.32,34.51,MODERATE
3402,9.14,45.61,61.51,50.38,8.86,35.11,MODERATE
3403,46.94,35.8,41.44,31.24,6.52,34.41,MODERATE
3404,12.83,81.78,63.25,50.14,3.97,42.84,MODERATE
3405,40.39,21.89,27.73,28.53,9.45,27.14,LOW
3406,26.32,9.17,49.33,36.19,8.62,26.81,LOW
3407,52.33,30.5,32.58,28.53,7.36,32.51,MODERATE
3408,52.55,31.05,34.49,52.59,6.05,37.67,MODERATE
3409,8.36,44.42,45.14,30.75,2.65,26.55,LOW
3410,33.47,39.19,67.09,69.3,9.98,44.98,MODERATE
3411,24.43,45.61,38.77,75.74,3.32,38.63,MODERATE
3412,18.32,47.08,27.73,28.53,9.45,26.66,LOW
3413,5.0,28.79,41.04,21.17,0.05,19.46,LOW
3414,22.86,27.8,49.06,88.54,1.51,39.02,MODERATE
3415,1.59,28.79,49.79,22.56,7.83,21.8,LOW
3416,19.96,9.17,32.94,31.9,6.06,20.7,LOW
3417,20.99,41.92,46.14,60.26,0.85,35.04,MODERATE
3418,14.71,50.43,44.65,72.77,3.22,37.73,MODERATE
3419,2.16,28.79,49.08,53.12,1.49,26.96,LOW
3420,22.41,38.81,61.69,65.14,8.5,40.0,MODERATE
3421,8.87,27.8,28.14,37.62,28.48,25.2,LOW
3422,6.83,55.28,44.14,84.78,4.01,39.15,MODERATE
3423,14.1,52.85,64.62,62.23,1.45,39.68,MODERATE
3424,22.89,30.5,32.58,28.53,7.36,25.15,LOW
3425,2.75,49.18,43.87,39.72,19.26,30.13,MODERATE
3426,8.19,13.5,45.17,43.38,7.55,23.59,LOW
3427,39.07,46.27,32.94,31.9,6.06,32.9,MODERATE
3428,9.02,13.5,44.65,72.77,3.22,28.92,LOW
3429,36.69,27.6,34.09,22.41,5.31,26.79,LOW
3430,21.53,41.92,63.25,50.14,3.97,37.04,MODERATE
3431,19.72,9.17,40.22,58.67,10.3,28.09,LOW
3432,14.97,67.71,69.63,63.49,5.5,44.73,MODERATE
3433,17.95,52.85,61.4,60.31,7.14,40.47,MODERATE
3434,37.2,47.08,64.62,62.23,1.45,44.3,MODERATE
3435,39.23,50.43,54.79,31.06,8.54,38.35,MODERATE
3436,37.52,44.42,44.94,41.99,4.2,36.28,MODERATE
3437,27.61,31.05,36.51,72.54,8.54,36.2,MODERATE
3438,36.99,9.3,62.83,59.7,4.82,36.34,MODERATE
3439,5.26,41.92,43.87,39.72,19.26,29.31,LOW
3440,13.8,49.18,53.49,50.77,10.04,35.64,MODERATE
3441,8.39,45.69,35.93,38.19,7.67,27.21,LOW
3442,21.6,81.03,36.51,72.54,8.54,44.7,MODERATE
3443,16.32,81.03,36.79,73.54,2.69,42.76,MODERATE
3444,36.24,28.79,49.79,22.56,7.83,30.46,MODERATE
3445,5.82,30.65,54.59,66.05,6.77,32.73,MODERATE
3446,26.67,39.19,53.94,66.16,1.04,38.68,MODERATE
3447,9.02,55.28,62.83,59.7,4.82,38.54,MODERATE
3448,38.39,9.3,74.34,80.87,5.45,43.32,MODERATE
3449,46.54,81.03,37.97,85.55,7.91,53.73,MODERATE
3450,38.48,45.61,44.39,16.48,3.54,31.45,MODERATE
3451,49.86,55.29,43.72,62.22,4.4,45.37,MODERATE
3452,15.37,67.71,49.79,22.56,7.83,33.03,MODERATE
3453,25.52,13.5,61.51,50.38,8.86,32.78,MODERATE
3454,27.79,27.6,49.06,88.54,1.51,40.22,MODERATE
3455,6.08,22.06,54.8,54.62,4.34,28.47,LOW
3456,11.17,9.17,34.49,52.59,6.05,22.95,LOW
3457,2.64,38.81,59.24,22.75,11.82,26.59,LOW
3458,18.88,81.78,61.4,60.31,7.14,46.49,MODERATE
3459,7.51,67.71,62.96,56.72,14.21,41.49,MODERATE
3460,24.28,49.18,44.14,84.78,4.01,42.29,MODERATE
3461,16.95,22.06,37.7,35.87,3.28,23.86,LOW
3462,54.17,7.4,28.14,37.62,28.48,32.45,MODERATE
3463,6.8,30.5,52.61,51.56,6.38,29.59,LOW
3464,9.21,22.06,49.28,20.61,8.21,21.92,LOW
3465,100.0,70.78,59.46,42.01,6.98,60.5,ELEVATED
3466,14.87,45.69,62.96,56.72,14.21,38.92,MODERATE
3467,13.5,32.66,64.55,94.57,7.93,42.92,MODERATE
3468,8.48,39.19,42.71,43.66,6.29,28.17,LOW
3469,15.59,39.19,69.63,63.49,5.5,39.18,MODERATE
3470,32.18,45.69,62.96,56.72,14.21,43.25,MODERATE
3471,10.39,33.91,61.4,60.31,7.14,34.79,MODERATE
3472,15.53,70.78,63.25,50.14,3.97,41.31,MODERATE
3473,20.81,45.69,38.77,75.74,3.32,37.74,MODERATE
3474,22.19,33.91,62.03,35.4,11.62,33.56,MODERATE
3475,24.94,44.42,54.8,54.62,4.34,37.65,MODERATE
3476,9.48,30.65,43.72,62.22,4.4,30.35,MODERATE
3477,49.85,39.87,50.05,54.59,6.49,42.34,MODERATE
3478,18.43,50.43,62.34,56.72,6.72,39.51,MODERATE
3479,12.1,55.29,26.54,32.88,8.7,27.27,LOW
3480,59.96,7.4,56.62,50.18,100.0,52.83,MODERATE
3481,11.86,27.6,61.51,50.38,8.86,32.19,MODERATE
3482,34.28,38.81,34.09,22.41,5.31,28.43,LOW
3483,12.45,50.98,62.34,56.72,6.72,38.13,MODERATE
3484,51.2,50.43,36.79,73.54,2.69,45.36,MODERATE
3485,47.39,9.3,63.25,50.14,3.97,36.98,MODERATE
3486,11.41,41.92,63.25,50.14,3.97,34.51,MODERATE
3487,64.96,30.5,41.57,33.83,3.77,37.99,MODERATE
3488,29.0,9.3,62.34,56.72,6.72,33.93,MODERATE
3489,41.36,45.61,43.21,37.75,6.15,36.58,MODERATE
3490,7.98,31.05,45.68,70.55,5.22,32.23,MODERATE
3491,2.58,9.17,74.84,21.52,9.31,23.15,LOW
3492,0.67,27.6,34.49,52.59,6.05,24.01,LOW
3493,27.29,30.5,47.75,23.78,2.21,27.56,LOW
3494,9.2,30.65,27.39,79.52,5.52,30.64,MODERATE
3495,1.86,79.62,54.8,54.62,4.34,38.92,MODERATE
3496,26.26,55.29,43.41,62.07,2.53,39.1,MODERATE
3497,13.21,67.71,62.96,56.72,14.21,42.91,MODERATE
3498,34.03,35.8,37.97,85.55,7.91,41.56,MODERATE
3499,19.08,54.51,41.57,33.83,3.77,31.32,MODERATE
3500,2.05,70.78,64.62,62.23,1.45,40.26,MODERATE
3501,19.15,50.43,64.55,94.57,7.93,47.89,MODERATE
3502,4.87,77.67,49.06,88.54,1.51,44.5,MODERATE
3503,63.78,45.69,69.63,63.49,5.5,52.53,MODERATE
3504,43.76,81.03,61.34,75.53,1.78,54.79,MODERATE
3505,47.23,28.79,41.04,21.17,0.05,30.01,MODERATE
3506,23.18,30.65,49.08,53.12,1.49,32.59,MODERATE
3507,16.18,27.6,43.21,37.75,6.15,26.68,LOW
3508,27.01,92.37,43.21,37.75,6.15,42.34,MODERATE
3509,43.8,31.05,49.28,20.61,8.21,32.37,MODERATE
3510,34.9,47.08,61.34,75.53,1.78,45.78,MODERATE
3511,34.26,44.85,55.16,54.74,3.55,40.05,MODERATE
3512,10.12,27.6,44.14,84.78,4.01,34.44,MODERATE
3513,33.36,39.19,42.71,43.66,6.29,34.4,MODERATE
3514,25.24,22.06,54.8,54.62,4.34,33.26,MODERATE
3515,13.28,70.78,27.39,79.52,5.52,39.69,MODERATE
3516,5.61,46.27,64.62,62.23,1.45,36.24,MODERATE
3517,35.93,55.28,55.38,71.74,7.53,46.59,MODERATE
3518,2.91,55.29,43.41,62.07,2.53,33.26,MODERATE
3519,3.27,30.5,32.58,28.53,7.36,20.24,LOW
3520,4.61,52.85,23.77,18.02,4.26,20.72,LOW
3521,52.13,54.69,36.79,73.54,2.69,46.44,MODERATE
3522,9.88,13.5,66.25,44.11,5.32,28.04,LOW
3523,11.03,41.92,63.25,50.14,3.97,34.42,MODERATE
3524,26.57,33.91,46.74,32.43,8.08,30.47,MODERATE
3525,5.94,27.6,74.34,80.87,5.45,38.87,MODERATE
3526,16.11,21.89,55.38,71.74,7.53,34.96,MODERATE
3527,32.9,28.79,66.25,44.11,5.32,36.85,MODERATE
3528,29.24,45.61,49.06,88.54,1.51,44.18,MODERATE
3529,21.65,9.3,44.14,84.78,4.01,33.66,MODERATE
3530,50.08,32.66,27.39,79.52,5.52,41.26,MODERATE
3531,8.68,70.78,46.47,69.35,1.31,39.69,MODERATE
3532,19.11,22.06,48.0,31.83,2.74,25.57,LOW
3533,15.09,67.71,52.06,66.65,0.0,41.06,MODERATE
3534,30.99,39.19,69.63,63.49,5.5,43.03,MODERATE
3535,27.94,81.03,36.51,72.54,8.54,46.28,MODERATE
3536,0.42,54.51,45.17,43.38,7.55,29.85,LOW
3537,9.19,81.03,61.34,75.53,1.78,46.14,MODERATE
3538,21.5,52.85,48.0,31.83,2.74,32.32,MODERATE
3539,19.61,30.65,35.93,38.19,7.67,27.0,LOW
3540,34.8,54.69,41.04,21.17,0.05,32.09,MODERATE
3541,35.47,44.42,26.82,39.87,3.59,31.63,MODERATE
3542,2.83,38.81,59.24,22.75,11.82,26.64,LOW
3543,24.39,54.51,47.75,23.78,2.21,31.64,MODERATE
3544,2.42,46.27,52.06,66.65,0.0,33.6,MODERATE
3545,8.54,7.4,62.34,56.72,6.72,28.43,LOW
3546,7.96,50.43,27.39,79.52,5.52,34.29,MODERATE
3547,19.39,50.43,64.55,94.57,7.93,47.95,MODERATE
3548,10.1,50.43,62.34,56.72,6.72,37.43,MODERATE
3549,28.02,7.4,49.06,88.54,1.51,36.23,MODERATE
3550,51.74,31.05,49.28,20.61,8.21,34.35,MODERATE
3551,76.41,55.29,43.41,62.07,2.53,51.63,MODERATE
3552,9.42,35.8,61.51,50.38,8.86,33.22,MODERATE
3553,9.05,79.62,26.82,39.87,3.59,32.06,MODERATE
3554,1.31,39.87,61.4,60.31,7.14,33.72,MODERATE
3555,61.88,13.5,49.79,22.56,7.83,33.81,MODERATE
3556,52.45,50.43,49.08,53.12,1.49,43.86,MODERATE
3557,40.47,7.4,41.57,33.83,3.77,27.25,LOW
3558,39.03,70.78,46.47,69.35,1.31,47.27,MODERATE
3559,1.13,50.43,32.94,31.9,6.06,24.24,LOW
3560,18.13,30.5,46.03,96.31,7.43,40.21,MODERATE
3561,2.78,28.79,41.04,21.17,0.05,18.9,LOW
3562,9.48,50.98,41.44,31.24,6.52,28.08,LOW
3563,18.12,92.37,61.4,60.31,7.14,48.42,MODERATE
3564,20.53,13.5,66.25,44.11,5.32,30.7,MODERATE
3565,2.21,39.19,43.72,62.22,4.4,30.24,MODERATE
3566,20.6,54.69,45.17,43.38,7.55,34.93,MODERATE
3567,55.64,81.78,61.4,60.31,7.14,55.68,ELEVATED
3568,41.16,9.17,32.94,31.9,6.06,26.0,LOW
3569,29.61,35.8,44.39,16.48,3.54,27.27,LOW
3570,83.77,22.06,37.7,35.87,3.28,40.56,MODERATE
3571,12.95,39.19,26.82,39.87,3.59,24.95,LOW
3572,30.16,77.67,55.38,71.74,7.53,49.63,MODERATE
3573,9.87,35.8,43.21,37.75,6.15,26.74,LOW
3574,21.26,77.67,38.77,75.74,3.32,44.25,MODERATE
3575,20.01,70.78,54.8,54.62,4.34,41.69,MODERATE
3576,27.2,39.19,26.82,39.87,3.59,28.51,LOW
3577,7.67,9.17,49.33,36.19,8.62,22.15,LOW
3578,32.7,70.78,74.84,21.52,9.31,43.0,MODERATE
3579,21.77,27.6,55.38,71.74,7.53,37.52,MODERATE
3580,13.24,49.18,23.77,18.02,4.26,22.14,LOW
3581,46.61,50.43,32.94,31.9,6.06,35.62,MODERATE
3582,66.74,39.87,34.3,19.13,10.61,36.94,MODERATE
3583,49.82,81.03,64.25,82.95,6.21,59.03,ELEVATED
3584,13.34,44.85,34.09,22.41,5.31,24.4,LOW
3585,13.93,47.08,43.87,39.72,19.26,32.51,MODERATE
3586,1.89,54.69,54.79,31.06,8.54,29.86,LOW
3587,3.06,45.61,55.38,71.74,7.53,36.44,MODERATE
3588,100.0,79.62,46.47,69.35,1.31,64.28,ELEVATED
3589,19.83,39.19,36.51,72.54,8.54,35.88,MODERATE
3590,3.19,9.17,46.47,69.35,1.31,25.99,LOW
3591,35.03,79.62,62.83,59.7,4.82,49.91,MODERATE
3592,11.75,30.5,46.03,96.31,7.43,38.62,MODERATE
3593,41.21,9.17,61.63,40.68,4.75,33.31,MODERATE
3594,1.98,79.62,43.42,67.64,5.36,39.43,MODERATE
3595,23.48,45.61,64.25,82.95,6.21,45.36,MODERATE
3596,55.3,13.5,26.82,39.87,3.59,30.4,MODERATE
3597,31.87,44.42,63.25,50.14,3.97,40.13,MODERATE
3598,16.74,46.27,46.47,69.35,1.31,36.8,MODERATE
3599,9.83,81.78,56.62,50.18,100.0,55.17,ELEVATED
3600,14.39,44.85,55.16,54.74,3.55,35.08,MODERATE
3601,5.52,81.78,61.4,60.31,7.14,43.15,MODERATE
3602,47.76,13.5,49.79,22.56,7.83,30.29,MODERATE
3603,37.17,35.8,52.61,51.56,6.38,38.24,MODERATE
3604,11.04,45.61,43.21,37.75,6.15,29.0,LOW
3605,24.19,47.08,64.62,62.23,1.45,41.05,MODERATE
3606,19.42,50.98,35.93,38.19,7.67,31.02,MODERATE
3607,7.12,39.87,27.73,28.53,9.45,22.42,LOW
3608,9.05,50.43,62.34,56.72,6.72,37.17,MODERATE
3609,31.78,32.66,36.51,72.54,8.54,37.57,MODERATE
3610,33.48,49.18,23.77,18.02,4.26,27.2,LOW
3611,23.07,45.61,38.07,12.64,8.6,26.32,LOW
3612,99.93,55.28,44.14,84.78,4.01,62.43,ELEVATED
3613,6.55,54.69,59.46,42.01,6.98,33.92,MODERATE
3614,18.43,49.18,44.14,84.78,4.01,40.83,MODERATE
3615,3.59,67.71,49.79,22.56,7.83,30.08,MODERATE
3616,0.22,81.78,56.62,50.18,100.0,52.77,MODERATE
3617,29.98,81.78,40.07,84.98,2.17,49.19,MODERATE
3618,19.24,27.8,64.25,82.95,6.21,40.74,MODERATE
3619,0.17,33.91,49.79,22.56,7.83,22.47,LOW
3620,19.64,55.29,44.94,41.99,4.2,33.98,MODERATE
3621,7.56,13.5,45.17,43.38,7.55,23.43,LOW
3622,1.71,7.4,62.34,56.72,6.72,26.73,LOW
3623,21.84,27.8,49.06,88.54,1.51,38.77,MODERATE
3624,20.25,45.61,38.07,12.64,8.6,25.62,LOW
3625,9.46,54.69,36.79,73.54,2.69,35.77,MODERATE
3626,10.78,30.5,41.57,33.83,3.77,24.44,LOW
3627,38.24,52.85,64.62,62.23,1.45,45.72,MODERATE
3628,22.51,9.17,40.22,58.67,10.3,28.78,LOW
3629,35.51,27.8,49.06,88.54,1.51,42.18,MODERATE
3630,3.43,52.85,61.4,60.31,7.14,36.84,MODERATE
3631,15.28,50.98,40.07,84.98,2.17,39.35,MODERATE
3632,11.67,39.19,67.09,69.3,9.98,39.53,MODERATE
3633,13.27,81.03,54.59,66.05,6.77,44.67,MODERATE
3634,7.05,9.17,50.05,54.59,6.49,25.5,LOW
3635,9.27,92.37,44.14,84.78,4.01,47.18,MODERATE
3636,1.5,35.8,37.97,85.55,7.91,33.42,MODERATE
3637,45.56,55.29,34.3,19.13,10.61,34.72,MODERATE
3638,46.19,45.61,55.16,54.74,3.55,43.18,MODERATE
3639,9.76,30.65,49.79,22.56,7.83,24.21,LOW
3640,24.5,46.27,26.82,39.87,3.59,29.25,LOW
3641,22.04,49.18,40.07,84.98,2.17,40.68,MODERATE
3642,29.47,9.17,50.05,54.59,6.49,31.1,MODERATE
3643,9.02,46.27,53.94,66.16,1.04,35.68,MODERATE
3644,24.93,46.27,46.43,78.47,6.48,41.44,MODERATE
3645,24.45,55.28,27.73,28.53,9.45,29.84,LOW
3646,42.85,22.06,49.28,20.61,8.21,30.33,MODERATE
3647,2.69,50.43,32.94,31.9,6.06,24.63,LOW
3648,20.36,21.89,43.72,62.22,4.4,31.32,MODERATE
3649,9.15,7.4,74.34,80.87,5.45,35.63,MODERATE
3650,6.91,35.8,67.09,69.3,9.98,37.66,MODERATE
3651,7.28,22.06,38.77,75.74,3.32,29.63,LOW
3652,6.93,55.29,34.3,19.13,10.61,25.07,LOW
3653,2.19,55.29,43.72,62.22,4.4,33.45,MODERATE
3654,28.08,49.18,47.71,75.92,5.14,42.35,MODERATE
3655,16.76,27.6,34.49,52.59,6.05,28.03,LOW
3656,5.8,39.87,49.28,20.61,8.21,24.63,LOW
3657,5.8,28.79,37.7,35.87,3.28,22.41,LOW
3658,55.72,55.29,55.74,73.6,6.83,51.88,MODERATE
3659,100.0,54.51,47.81,43.54,7.25,55.26,ELEVATED
3660,57.38,30.5,34.09,22.41,5.31,32.54,MODERATE
3661,45.48,92.37,34.3,19.13,10.61,42.12,MODERATE
3662,26.45,49.18,55.38,71.74,7.53,43.0,MODERATE
3663,17.26,33.91,49.79,22.56,7.83,26.74,LOW
3664,27.88,70.78,74.84,21.52,9.31,41.8,MODERATE
3665,0.4,9.3,62.83,59.7,4.82,27.19,LOW
3666,4.92,44.42,26.82,39.87,3.59,23.99,LOW
3667,19.65,70.78,63.25,50.14,3.97,42.34,MODERATE
3668,11.0,38.81,34.09,22.41,5.31,22.61,LOW
3669,17.6,30.5,41.57,33.83,3.77,26.15,LOW
3670,10.84,30.5,64.62,62.23,1.45,34.4,MODERATE
3671,1.34,50.43,49.08,53.12,1.49,31.09,MODERATE
3672,2.56,30.65,37.2,33.49,4.35,21.56,LOW
3673,26.76,55.28,62.83,59.7,4.82,42.98,MODERATE
3674,46.04,92.37,43.21,37.75,6.15,47.1,MODERATE
3675,29.83,52.85,40.22,58.67,10.3,39.35,MODERATE
3676,2.35,22.06,33.99,44.43,2.53,21.06,LOW
3677,5.63,21.89,43.72,62.22,4.4,27.63,LOW
3678,20.86,81.78,63.25,50.14,3.97,44.85,MODERATE
3679,19.5,81.78,46.47,69.35,1.31,44.59,MODERATE
3680,40.59,70.78,40.07,84.98,2.17,49.64,MODERATE
3681,5.09,27.6,55.38,71.74,7.53,33.35,MODERATE
3682,21.1,44.42,36.69,13.35,13.11,26.13,LOW
3683,63.76,50.98,48.0,31.83,2.74,42.51,MODERATE
3684,50.86,30.65,44.14,84.78,4.01,45.23,MODERATE
3685,34.57,92.37,46.47,69.35,1.31,50.48,MODERATE
3686,47.05,9.17,49.33,36.19,8.62,31.99,MODERATE
3687,25.07,30.65,63.25,50.14,3.97,35.67,MODERATE
3688,2.2,92.37,43.21,37.75,6.15,36.14,MODERATE
3689,64.01,52.85,64.62,62.23,1.45,52.16,MODERATE
3690,4.43,46.27,53.94,66.16,1.04,34.54,MODERATE
3691,42.05,13.5,56.62,50.18,100.0,49.57,MODERATE
3692,29.28,55.29,43.72,62.22,4.4,40.23,MODERATE
3693,20.43,81.03,36.51,72.54,8.54,44.4,MODERATE
3694,10.77,50.43,49.28,20.61,8.21,27.99,LOW
3695,25.7,7.4,49.06,88.54,1.51,35.65,MODERATE
3696,8.92,47.08,64.62,62.23,1.45,37.23,MODERATE
3697,32.67,79.62,43.42,67.64,5.36,47.1,MODERATE
3698,27.69,39.19,67.09,69.3,9.98,43.54,MODERATE
3699,30.79,47.08,61.34,75.53,1.78,44.76,MODERATE
3700,7.54,30.65,63.25,50.14,3.97,31.29,MODERATE
3701,30.21,81.03,49.06,88.54,1.51,51.5,MODERATE
3702,47.8,45.61,44.39,16.48,3.54,33.78,MODERATE
3703,41.13,50.98,35.93,38.19,7.67,36.45,MODERATE
3704,27.63,7.4,56.62,50.18,100.0,44.75,MODERATE
3705,5.26,55.28,62.83,59.7,4.82,37.6,MODERATE
3706,2.93,44.42,28.14,37.62,28.48,27.04,LOW
3707,10.68,92.37,34.3,19.13,10.61,33.42,MODERATE
3708,13.58,81.03,36.51,72.54,8.54,42.69,MODERATE
3709,9.35,50.98,40.07,84.98,2.17,37.87,MODERATE
3710,22.64,45.61,42.71,43.66,6.29,33.0,MODERATE
3711,13.51,49.18,54.8,54.62,4.34,35.75,MODERATE
3712,18.07,54.69,53.94,66.16,1.04,39.63,MODERATE
3713,0.56,33.91,46.74,32.43,8.08,23.97,LOW
3714,38.0,77.67,63.25,50.14,3.97,48.31,MODERATE
3715,9.13,33.91,27.73,28.53,9.45,21.74,LOW
3716,76.14,35.8,67.09,69.3,9.98,54.97,MODERATE
3717,33.77,38.81,61.69,65.14,8.5,42.85,MODERATE
3718,28.29,45.61,44.39,16.48,3.54,28.9,LOW
3719,52.36,55.29,46.47,69.35,1.31,47.51,MODERATE
3720,3.63,50.98,26.82,39.87,3.59,24.98,LOW
3721,25.31,30.5,32.58,28.53,7.36,25.75,LOW
3722,14.72,45.61,46.74,32.43,8.08,29.85,LOW
3723,17.93,30.65,35.93,38.19,7.67,26.58,LOW
3724,24.55,46.27,46.47,69.35,1.31,38.75,MODERATE
3725,13.7,46.27,32.94,31.9,6.06,26.56,LOW
3726,65.99,52.85,61.4,60.31,7.14,52.48,MODERATE
3727,100.0,45.69,41.04,21.17,0.05,46.59,MODERATE
3728,31.41,50.43,37.2,33.49,4.35,32.73,MODERATE
3729,3.79,31.05,43.87,39.72,19.26,26.77,LOW
3730,33.72,55.28,62.83,59.7,4.82,44.72,MODERATE
3731,43.37,35.8,52.61,51.56,6.38,39.79,MODERATE
3732,100.0,35.8,55.74,73.6,6.83,59.05,ELEVATED
3733,4.21,7.4,43.41,62.07,2.53,24.01,LOW
3734,8.65,35.8,44.39,16.48,3.54,22.03,LOW
3735,51.88,44.42,45.14,30.75,2.65,37.43,MODERATE
3736,23.18,45.61,43.21,37.75,6.15,32.03,MODERATE
3737,8.34,50.43,27.39,79.52,5.52,34.38,MODERATE
3738,7.12,47.08,64.62,62.23,1.45,36.78,MODERATE
3739,18.76,41.92,37.7,35.87,3.28,28.28,LOW
3740,8.06,39.19,53.49,50.77,10.04,32.21,MODERATE
3741,11.23,79.62,62.83,59.7,4.82,43.96,MODERATE
3742,46.44,92.37,61.4,60.31,7.14,55.5,ELEVATED
3743,39.65,81.78,46.47,69.35,1.31,49.63,MODERATE
3744,94.85,77.67,63.25,50.14,3.97,62.52,ELEVATED
3745,2.45,50.43,44.65,72.77,3.22,34.67,MODERATE
3746,3.88,47.08,61.63,40.68,4.75,31.56,MODERATE
3747,17.39,39.19,43.72,62.22,4.4,34.03,MODERATE
3748,26.75,50.43,44.65,72.77,3.22,40.74,MODERATE
3749,13.14,9.3,46.14,60.26,0.85,26.55,LOW
3750,45.25,32.66,61.4,60.31,7.14,43.26,MODERATE
3751,51.17,9.3,62.83,59.7,4.82,39.88,MODERATE
3752,38.29,50.43,62.34,56.72,6.72,44.48,MODERATE
3753,23.03,49.18,49.33,36.19,8.62,33.99,MODERATE
3754,14.04,55.29,34.3,19.13,10.61,26.84,LOW
3755,34.72,54.51,74.34,80.87,5.45,51.44,MODERATE
3756,17.74,27.6,45.17,43.38,7.55,28.8,LOW
3757,39.38,44.42,61.51,50.38,8.86,42.44,MODERATE
3758,82.69,79.62,45.17,43.38,7.55,55.44,ELEVATED
3759,5.2,39.87,62.23,24.09,4.71,27.24,LOW
3760,6.47,81.78,45.96,28.05,13.05,34.73,MODERATE
3761,2.83,30.65,43.72,62.22,4.4,28.69,LOW
3762,1.84,55.29,43.72,62.22,4.4,33.37,MODERATE
3763,12.58,81.03,35.93,38.19,7.67,35.32,MODERATE
3764,47.3,55.29,34.3,19.13,10.61,35.16,MODERATE
3765,29.52,67.71,49.79,22.56,7.83,36.57,MODERATE
3766,49.09,27.6,36.51,72.54,8.54,40.88,MODERATE
3767,24.69,45.61,64.25,82.95,6.21,45.67,MODERATE
3768,33.78,45.69,62.96,56.72,14.21,43.65,MODERATE
3769,32.21,39.87,54.59,66.05,6.77,41.17,MODERATE
3770,34.35,50.98,35.93,38.19,7.67,34.76,MODERATE
3771,100.0,13.5,61.34,75.53,1.78,55.34,ELEVATED
3772,7.06,50.43,49.79,22.56,7.83,27.5,LOW
3773,32.17,32.66,64.55,94.57,7.93,47.59,MODERATE
3774,9.83,27.6,44.14,84.78,4.01,34.36,MODERATE
3775,21.61,92.37,34.3,19.13,10.61,36.15,MODERATE
3776,11.86,52.85,61.4,60.31,7.14,38.95,MODERATE
3777,4.3,46.27,26.82,39.87,3.59,24.2,LOW
3778,22.6,30.5,47.75,23.78,2.21,26.39,LOW
3779,17.17,7.4,56.62,50.18,100.0,42.13,MODERATE
3780,16.15,44.85,55.16,54.74,3.55,35.52,MODERATE
3781,4.41,21.89,43.72,62.22,4.4,27.33,LOW
3782,5.19,41.92,37.97,85.55,7.91,35.57,MODERATE
3783,24.09,45.61,55.38,71.74,7.53,41.7,MODERATE
3784,24.78,39.19,67.09,69.3,9.98,42.81,MODERATE
3785,22.59,81.78,59.46,42.01,6.98,43.34,MODERATE
3786,16.85,50.98,62.34,56.72,6.72,39.23,MODERATE
3787,15.45,67.71,26.54,32.88,8.7,30.59,MODERATE
3788,18.9,7.4,41.44,31.24,6.52,21.72,LOW
3789,87.0,45.69,62.96,56.72,14.21,56.95,ELEVATED
3790,3.51,50.43,64.55,94.57,7.93,43.98,MODERATE
3791,95.44,30.5,38.77,75.74,3.32,53.36,MODERATE
3792,18.11,39.19,67.09,69.3,9.98,41.14,MODERATE
3793,26.57,55.28,55.38,71.74,7.53,44.25,MODERATE
3794,0.54,67.71,36.79,73.54,2.69,36.15,MODERATE
3795,36.09,77.67,63.25,50.14,3.97,47.83,MODERATE
3796,2.45,9.17,37.97,85.55,7.91,28.34,LOW
3797,5.46,45.61,38.77,75.74,3.32,33.89,MODERATE
3798,14.92,50.98,44.65,72.77,3.22,37.89,MODERATE
3799,30.19,45.61,56.62,50.18,100.0,53.03,MODERATE
3800,5.72,28.79,49.79,22.56,7.83,22.83,LOW
3801,100.0,13.5,61.51,50.38,8.86,51.41,MODERATE
3802,27.92,70.78,66.25,44.11,5.32,44.01,MODERATE
3803,100.0,31.05,44.94,41.99,4.2,49.22,MODERATE
3804,25.25,55.28,34.49,52.59,6.05,35.69,MODERATE
3805,10.52,27.8,50.05,54.59,6.49,30.09,MODERATE
3806,59.19,35.8,67.09,69.3,9.98,50.73,MODERATE
3807,17.58,39.19,28.14,37.62,28.48,29.66,LOW
3808,3.08,30.65,49.79,22.56,7.83,22.54,LOW
3809,100.0,46.27,52.06,66.65,0.0,58.0,ELEVATED
3810,7.92,30.65,33.99,44.43,2.53,24.17,LOW
3811,16.31,49.18,54.8,54.62,4.34,36.45,MODERATE
3812,13.9,50.98,41.44,31.24,6.52,29.18,LOW
3813,8.07,35.8,37.97,85.55,7.91,35.07,MODERATE
3814,17.9,55.29,43.41,62.07,2.53,37.01,MODERATE
3815,1.51,22.06,48.0,31.83,2.74,21.17,LOW
3816,17.21,79.62,62.83,59.7,4.82,45.46,MODERATE
3817,28.83,35.8,26.82,39.87,3.59,28.24,LOW
3818,2.25,55.28,61.63,40.68,4.75,32.79,MODERATE
3819,26.43,7.4,56.62,50.18,100.0,44.45,MODERATE
3820,5.3,50.43,64.55,94.57,7.93,44.42,MODERATE
3821,60.27,31.05,34.3,19.13,10.61,33.55,MODERATE
3822,23.48,13.5,37.97,85.55,7.91,34.46,MODERATE
3823,51.22,44.42,44.94,41.99,4.2,39.7,MODERATE
3824,28.92,32.66,49.86,55.73,6.34,35.83,MODERATE
3825,4.4,30.5,52.61,51.56,6.38,28.99,LOW
3826,50.1,9.3,62.83,59.7,4.82,39.62,MODERATE
3827,33.14,67.71,55.74,73.6,6.83,48.72,MODERATE
3828,4.68,47.08,59.24,22.75,11.82,28.76,LOW
3829,22.75,55.29,43.72,62.22,4.4,38.59,MODERATE
3830,8.03,33.91,42.71,43.66,6.29,27.01,LOW
3831,0.35,52.85,40.22,58.67,10.3,31.98,MODERATE
3832,23.54,9.17,40.22,58.67,10.3,29.04,LOW
3833,18.53,92.37,46.47,69.35,1.31,46.47,MODERATE
3834,31.4,52.85,61.4,60.31,7.14,43.83,MODERATE
3835,33.93,7.4,49.06,88.54,1.51,37.71,MODERATE
3836,18.13,41.92,37.7,35.87,3.28,28.12,LOW
3837,12.76,70.78,66.25,44.11,5.32,40.22,MODERATE
3838,30.99,44.42,40.22,58.67,10.3,37.95,MODERATE
3839,11.3,77.67,63.25,50.14,3.97,41.63,MODERATE
3840,17.09,81.78,61.4,60.31,7.14,46.04,MODERATE
3841,18.09,47.08,64.62,62.23,1.45,39.53,MODERATE
3842,19.87,31.05,26.54,32.88,8.7,24.37,LOW
3843,39.17,54.69,36.51,72.54,8.54,43.82,MODERATE
3844,32.97,44.42,28.14,37.62,28.48,34.55,MODERATE
3845,48.49,77.67,64.62,62.23,1.45,53.24,MODERATE
3846,24.91,30.5,43.41,62.07,2.53,33.8,MODERATE
3847,1.47,27.6,64.55,94.57,7.93,38.9,MODERATE
3848,29.66,7.4,49.06,88.54,1.51,36.64,MODERATE
3849,63.62,54.69,54.79,31.06,8.54,45.29,MODERATE
3850,7.51,52.85,64.62,62.23,1.45,38.03,MODERATE
3851,6.13,30.65,40.07,84.98,2.17,33.0,MODERATE
3852,29.37,39.87,35.93,38.19,7.67,31.29,MODERATE
3853,16.95,46.27,52.06,66.65,0.0,37.23,MODERATE
3854,22.73,27.6,36.51,72.54,8.54,34.29,MODERATE
3855,17.25,81.03,35.93,38.19,7.67,36.49,MODERATE
3856,34.44,27.8,28.14,37.62,28.48,31.59,MODERATE
3857,18.74,22.06,55.16,54.74,3.55,31.61,MODERATE
3858,14.6,47.08,27.73,28.53,9.45,25.74,LOW
3859,7.23,70.78,63.25,50.14,3.97,39.24,MODERATE
3860,52.93,77.67,52.06,66.65,0.0,52.51,MODERATE
3861,11.44,77.67,66.25,44.11,5.32,41.26,MODERATE
3862,32.23,30.65,49.79,22.56,7.83,29.83,LOW
3863,19.59,55.29,26.54,32.88,8.7,29.15,LOW
3864,9.19,7.4,41.44,31.24,6.52,19.29,LOW
3865,12.24,47.08,56.62,50.18,100.0,48.83,MODERATE
3866,40.24,9.3,62.83,59.7,4.82,37.15,MODERATE
3867,9.44,50.43,27.39,79.52,5.52,34.66,MODERATE
3868,31.75,49.18,47.71,75.92,5.14,43.27,MODERATE
3869,5.28,33.91,49.79,22.56,7.83,23.75,LOW
3870,42.67,49.18,49.33,36.19,8.62,38.9,MODERATE
3871,2.4,81.78,28.14,37.62,28.48,34.38,MODERATE
3872,21.68,77.67,63.25,50.14,3.97,44.23,MODERATE
3873,11.3,39.19,43.41,62.07,2.53,32.14,MODERATE
3874,37.49,33.91,62.03,35.4,11.62,37.38,MODERATE
3875,9.01,50.43,49.06,88.54,1.51,40.08,MODERATE
3876,61.94,30.65,63.25,50.14,3.97,44.89,MODERATE
3877,19.56,49.18,34.3,19.13,10.61,27.0,LOW
3878,8.2,45.61,42.71,43.66,6.29,29.39,LOW
3879,0.78,44.42,26.82,39.87,3.59,22.95,LOW
3880,18.14,79.62,43.42,67.64,5.36,43.47,MODERATE
3881,19.26,47.08,64.62,62.23,1.45,39.82,MODERATE
3882,74.71,55.28,28.14,37.62,28.48,47.16,MODERATE
3883,13.58,30.65,47.71,75.92,5.14,35.02,MODERATE
3884,15.84,50.98,35.93,38.19,7.67,30.13,MODERATE
3885,3.76,45.61,53.49,50.77,10.04,32.42,MODERATE
3886,24.33,13.5,34.09,22.41,5.31,20.88,LOW
3887,2.28,41.92,37.97,85.55,7.91,34.84,MODERATE
3888,33.2,28.79,41.04,21.17,0.05,26.51,LOW
3889,38.65,27.8,53.94,66.16,1.04,39.4,MODERATE
3890,21.8,54.69,36.79,73.54,2.69,38.86,MODERATE
3891,30.41,55.29,43.41,62.07,2.53,40.13,MODERATE
3892,51.06,41.92,37.2,33.49,4.35,35.94,MODERATE
3893,9.95,45.61,63.25,50.14,3.97,34.88,MODERATE
3894,27.28,55.29,43.72,62.22,4.4,39.73,MODERATE
3895,10.85,92.37,37.2,33.49,4.35,35.98,MODERATE
3896,5.84,47.08,49.08,53.12,1.49,31.54,MODERATE
3897,8.79,50.98,48.0,31.83,2.74,28.77,LOW
3898,28.53,32.66,34.3,19.13,10.61,25.94,LOW
3899,20.21,39.19,56.62,50.18,100.0,49.25,MODERATE
3900,0.9,45.69,62.96,56.72,14.21,35.43,MODERATE
3901,13.23,44.42,37.7,35.87,3.28,27.4,LOW
3902,1.18,27.6,34.09,22.41,5.31,17.91,LOW
3903,0.82,13.5,37.97,85.55,7.91,28.8,LOW
3904,17.03,44.42,62.96,56.72,14.21,39.21,MODERATE
3905,6.19,27.8,28.14,37.62,28.48,24.53,LOW
3906,6.5,44.42,28.14,37.62,28.48,27.93,LOW
3907,10.81,39.19,53.49,50.77,10.04,32.9,MODERATE
3908,7.46,39.87,44.39,16.48,3.54,22.54,LOW
3909,28.24,81.78,61.4,60.31,7.14,48.83,MODERATE
3910,52.58,81.78,61.4,60.31,7.14,54.92,MODERATE
3911,11.97,52.85,61.4,60.31,7.14,38.98,MODERATE
3912,10.64,44.42,61.51,50.38,8.86,35.25,MODERATE
3913,9.45,45.61,41.04,21.17,0.05,23.94,LOW
3914,21.12,39.19,53.49,50.77,10.04,35.48,MODERATE
3915,13.53,49.18,40.07,84.98,2.17,38.56,MODERATE
3916,34.71,21.89,55.38,71.74,7.53,39.61,MODERATE
3917,29.95,31.05,61.34,75.53,1.78,41.34,MODERATE
3918,7.6,77.67,55.38,71.74,7.53,43.99,MODERATE
3919,35.75,9.17,46.03,96.31,7.43,40.35,MODERATE
3920,14.96,41.92,37.97,85.55,7.91,38.01,MODERATE
3921,13.24,52.85,64.62,62.23,1.45,39.47,MODERATE
3922,13.25,35.8,52.61,51.56,6.38,32.26,MODERATE
3923,27.54,31.05,34.49,52.59,6.05,31.42,MODERATE
3924,33.23,79.62,62.83,59.7,4.82,49.46,MODERATE
3925,10.88,39.19,52.61,51.56,6.38,32.35,MODERATE
3926,29.18,50.43,63.25,50.14,3.97,40.66,MODERATE
3927,20.13,45.69,38.77,75.74,3.32,37.57,MODERATE
3928,87.13,39.87,50.05,54.59,6.49,51.66,MODERATE
3929,3.53,31.05,45.68,70.55,5.22,31.12,MODERATE
3930,57.06,81.78,63.25,50.14,3.97,53.89,MODERATE
3931,17.91,9.3,35.93,38.19,7.67,22.31,LOW
3932,17.96,55.29,55.74,73.6,6.83,42.44,MODERATE
3933,14.87,47.08,59.24,22.75,11.82,31.31,MODERATE
3934,1.99,35.8,26.82,39.87,3.59,21.53,LOW
3935,22.01,33.91,23.77,18.02,4.26,21.28,LOW
3936,36.07,38.81,61.69,65.14,8.5,43.42,MODERATE
3937,76.64,27.6,61.51,50.38,8.86,48.39,MODERATE
3938,35.06,49.18,49.33,36.19,8.62,37.0,MODERATE
3939,21.06,49.18,44.14,84.78,4.01,41.49,MODERATE
3940,21.73,30.5,41.57,33.83,3.77,27.18,LOW
3941,48.86,44.42,55.74,73.6,6.83,47.99,MODERATE
3942,5.68,50.43,49.06,88.54,1.51,39.25,MODERATE
3943,19.39,7.4,49.06,88.54,1.51,34.07,MODERATE
3944,16.65,70.78,61.51,50.38,8.86,42.03,MODERATE
3945,16.65,54.51,40.22,58.67,10.3,36.39,MODERATE
3946,8.75,44.42,62.96,56.72,14.21,37.14,MODERATE
3947,31.77,9.3,35.93,38.19,7.67,25.77,LOW
3948,30.38,31.05,34.3,19.13,10.61,26.08,LOW
3949,9.23,41.92,46.14,60.26,0.85,32.1,MODERATE
3950,21.23,44.42,62.96,56.72,14.21,40.26,MODERATE
3951,26.54,50.98,35.93,38.19,7.67,32.8,MODERATE
3952,25.1,44.85,34.09,22.41,5.31,27.34,LOW
3953,27.39,50.43,44.65,72.77,3.22,40.9,MODERATE
3954,24.82,67.71,63.25,50.14,3.97,43.02,MODERATE
3955,15.25,30.65,64.25,82.95,6.21,40.31,MODERATE
3956,30.35,54.69,54.79,31.06,8.54,36.98,MODERATE
3957,34.38,46.27,46.14,60.26,0.85,39.25,MODERATE
3958,16.27,7.4,56.62,50.18,100.0,41.91,MODERATE
3959,26.03,41.92,41.44,31.24,6.52,30.41,MODERATE
3960,9.06,39.87,64.62,62.23,1.45,35.83,MODERATE
3961,24.85,55.29,46.47,69.35,1.31,40.63,MODERATE
3962,35.43,39.87,67.09,69.3,9.98,45.61,MODERATE
3963,3.46,30.65,67.74,76.58,5.54,36.69,MODERATE
3964,11.51,22.06,49.28,20.61,8.21,22.5,LOW
3965,12.71,22.06,54.8,54.62,4.34,30.12,MODERATE
3966,17.36,55.28,26.82,39.87,3.59,29.27,LOW
3967,3.91,45.69,41.04,21.17,0.05,22.57,LOW
3968,14.37,13.5,26.82,39.87,3.59,20.17,LOW
3969,29.17,44.42,36.69,13.35,13.11,28.15,LOW
3970,18.95,13.5,56.62,50.18,100.0,43.8,MODERATE
3971,38.26,9.3,40.07,84.98,2.17,36.76,MODERATE
3972,3.17,50.43,27.39,79.52,5.52,33.09,MODERATE
3973,15.57,27.6,44.14,84.78,4.01,35.8,MODERATE
3974,24.35,45.69,59.24,22.75,11.82,33.4,MODERATE
3975,3.85,39.19,26.82,39.87,3.59,22.68,LOW
3976,8.98,41.92,41.44,31.24,6.52,26.14,LOW
3977,5.95,38.81,62.03,35.4,11.62,30.48,MODERATE
3978,0.81,9.3,63.25,50.14,3.97,25.34,LOW
3979,7.43,31.05,61.34,75.53,1.78,35.71,MODERATE
3980,26.25,55.29,52.06,66.65,0.0,41.36,MODERATE
3981,26.17,45.61,38.77,75.74,3.32,39.06,MODERATE
3982,10.18,13.5,37.97,85.55,7.91,31.14,MODERATE
3983,40.19,21.89,44.65,72.77,3.22,38.39,MODERATE
3984,21.0,77.67,49.06,88.54,1.51,48.53,MODERATE
3985,21.54,35.8,52.61,51.56,6.38,34.33,MODERATE
3986,29.84,39.19,52.61,51.56,6.38,37.09,MODERATE
3987,12.42,7.4,74.34,80.87,5.45,36.45,MODERATE
3988,19.56,45.69,38.77,75.74,3.32,37.43,MODERATE
3989,22.54,70.78,27.39,79.52,5.52,42.0,MODERATE
3990,2.47,92.37,38.77,75.74,3.32,42.49,MODERATE
3991,14.9,28.79,41.04,21.17,0.05,21.93,LOW
3992,43.05,81.03,36.79,73.54,2.69,49.44,MODERATE
3993,18.51,52.85,47.81,43.54,7.25,34.55,MODERATE
3994,25.94,13.5,36.69,13.35,13.11,21.16,LOW
3995,25.98,35.8,67.09,69.3,9.98,42.43,MODERATE
3996,2.03,77.67,52.06,66.65,0.0,39.78,MODERATE
3997,10.91,7.4,61.4,60.31,7.14,29.62,LOW
3998,12.89,46.27,52.06,66.65,0.0,36.22,MODERATE
3999,34.62,30.5,34.09,22.41,5.31,26.85,LOW
4000,11.51,46.27,46.43,78.47,6.48,38.08,MODERATE
4001,20.34,45.61,53.49,50.77,10.04,36.56,MODERATE
4002,8.76,38.81,62.96,56.72,14.21,36.02,MODERATE
4003,21.01,49.18,38.77,75.74,3.32,38.49,MODERATE
4004,4.64,67.71,36.79,73.54,2.69,37.17,MODERATE
4005,13.28,81.78,59.46,42.01,6.98,41.02,MODERATE
4006,28.61,31.05,34.49,52.59,6.05,31.68,MODERATE
4007,0.88,44.42,37.7,35.87,3.28,24.31,LOW
4008,63.13,44.42,62.96,56.72,14.21,50.73,MODERATE
4009,38.91,54.69,45.17,43.38,7.55,39.51,MODERATE
4010,3.41,81.78,46.47,69.35,1.31,40.57,MODERATE
4011,22.29,27.6,55.38,71.74,7.53,37.65,MODERATE
4012,25.14,13.5,69.63,63.49,5.5,36.43,MODERATE
4013,2.97,41.92,63.25,50.14,3.97,32.4,MODERATE
4014,16.35,13.5,66.25,44.11,5.32,29.66,LOW
4015,22.12,45.61,23.77,18.02,4.26,23.65,LOW
4016,6.03,55.29,52.06,66.65,0.0,36.31,MODERATE
4017,2.05,81.78,46.47,69.35,1.31,40.23,MODERATE
4018,4.04,50.43,64.55,94.57,7.93,44.11,MODERATE
4019,10.05,9.3,46.14,60.26,0.85,25.78,LOW
4020,17.57,30.65,43.42,67.64,5.36,33.54,MODERATE
4021,15.39,55.29,43.41,62.07,2.53,36.38,MODERATE
4022,1.11,27.8,64.25,82.95,6.21,36.21,MODERATE
4023,2.81,44.42,40.22,58.67,10.3,30.91,MODERATE
4024,5.33,79.62,45.17,43.38,7.55,36.1,MODERATE
4025,36.48,39.87,27.73,28.53,9.45,29.76,LOW
4026,0.2,27.6,64.55,94.57,7.93,38.58,MODERATE
4027,6.52,54.69,53.94,66.16,1.04,36.74,MODERATE
4028,78.11,30.65,44.14,84.78,4.01,52.04,MODERATE
4029,12.57,55.28,36.69,13.35,13.11,26.17,LOW
4030,32.88,30.65,33.99,44.43,2.53,30.41,MODERATE
4031,2.36,47.08,23.77,18.02,4.26,19.0,LOW
4032,15.28,70.78,63.25,50.14,3.97,41.25,MODERATE
4033,4.8,41.92,37.7,35.87,3.28,24.79,LOW
4034,32.94,92.37,34.3,19.13,10.61,38.99,MODERATE
4035,1.08,9.3,64.55,94.57,7.93,35.14,MODERATE
4036,46.6,54.69,54.79,31.06,8.54,41.04,MODERATE
4037,17.97,30.65,35.93,38.19,7.67,26.6,LOW
4038,14.93,13.5,26.82,39.87,3.59,20.31,LOW
4039,21.07,35.8,33.99,44.43,2.53,28.49,LOW
4040,9.21,9.17,40.22,58.67,10.3,25.46,LOW
4041,7.12,54.51,43.21,37.75,6.15,29.8,LOW
4042,17.69,44.42,61.51,50.38,8.86,37.01,MODERATE
4043,8.42,13.5,49.79,22.56,7.83,20.45,LOW
4044,13.46,70.78,27.39,79.52,5.52,39.73,MODERATE
4045,14.64,54.51,40.22,58.67,10.3,35.88,MODERATE
4046,31.83,35.8,55.74,73.6,6.83,42.01,MODERATE
4047,2.69,28.79,62.83,59.7,4.82,31.66,MODERATE
4048,39.56,31.05,47.75,23.78,2.21,30.74,MODERATE
4049,3.41,30.5,52.61,51.56,6.38,28.74,LOW
4050,10.47,50.98,26.82,39.87,3.59,26.69,LOW
4051,21.68,30.65,40.22,58.67,10.3,32.87,MODERATE
4052,14.01,33.91,42.71,43.66,6.29,28.5,LOW
4053,19.29,81.03,37.97,85.55,7.91,46.92,MODERATE
4054,1.55,33.91,42.71,43.66,6.29,25.39,LOW
4055,19.52,44.42,26.82,39.87,3.59,27.64,LOW
4056,28.8,81.03,64.25,82.95,6.21,53.78,MODERATE
4057,33.37,35.8,43.21,37.75,6.15,32.62,MODERATE
4058,14.74,32.66,61.4,60.31,7.14,35.63,MODERATE
4059,38.01,33.91,49.79,22.56,7.83,31.93,MODERATE
4060,37.4,55.28,26.82,39.87,3.59,34.28,MODERATE
4061,3.12,27.6,49.06,88.54,1.51,34.05,MODERATE
4062,20.62,45.69,35.93,38.19,7.67,30.27,MODERATE
4063,3.95,35.8,55.74,73.6,6.83,35.04,MODERATE
4064,6.19,13.5,49.79,22.56,7.83,19.89,LOW
4065,20.15,54.69,36.51,72.54,8.54,39.07,MODERATE
4066,24.03,30.5,47.75,23.78,2.21,26.74,LOW
4067,4.45,52.85,37.97,85.55,7.91,37.57,MODERATE
4068,7.25,13.5,44.65,72.77,3.22,28.48,LOW
4069,17.31,45.69,38.77,75.74,3.32,36.87,MODERATE
4070,28.35,7.4,36.79,73.54,2.69,31.04,MODERATE
4071,26.11,35.8,43.21,37.75,6.15,30.8,MODERATE
4072,14.27,55.28,28.14,37.62,28.48,32.05,MODERATE
4073,30.03,54.51,64.55,94.57,7.93,51.42,MODERATE
4074,32.75,55.29,43.72,62.22,4.4,41.09,MODERATE
4075,25.46,50.98,41.44,31.24,6.52,32.07,MODERATE
4076,10.57,30.65,33.99,44.43,2.53,24.83,LOW
4077,58.81,54.69,59.46,42.01,6.98,46.98,MODERATE
4078,38.66,35.8,44.94,41.99,4.2,34.84,MODERATE
4079,51.99,81.03,49.06,88.54,1.51,56.95,ELEVATED
4080,22.45,45.69,38.77,75.74,3.32,38.15,MODERATE
4081,65.82,7.4,74.34,80.87,5.45,49.8,MODERATE
4082,25.72,35.8,33.99,44.43,2.53,29.65,LOW
4083,9.34,81.03,54.59,66.05,6.77,43.69,MODERATE
4084,33.76,44.85,34.09,22.41,5.31,29.5,LOW
4085,13.19,32.66,36.51,72.54,8.54,32.92,MODERATE
4086,23.02,45.61,23.77,18.02,4.26,23.87,LOW
4087,49.08,52.85,62.96,56.72,14.21,48.91,MODERATE
4088,67.63,30.65,37.2,33.49,4.35,37.83,MODERATE
4089,40.08,7.4,56.62,50.18,100.0,47.86,MODERATE
4090,21.66,28.79,49.79,22.56,7.83,26.82,LOW
4091,8.32,31.05,47.71,75.92,5.14,33.78,MODERATE
4092,5.16,9.3,40.07,84.98,2.17,28.49,LOW
4093,22.82,45.61,38.77,75.74,3.32,38.23,MODERATE
4094,35.84,39.87,34.3,19.13,10.61,29.21,LOW
4095,47.13,70.78,27.39,79.52,5.52,48.15,MODERATE
4096,13.08,13.5,36.69,13.35,13.11,17.94,LOW
4097,2.35,30.5,52.61,51.56,6.38,28.48,LOW
4098,23.0,77.67,46.14,60.26,0.85,42.69,MODERATE
4099,26.29,22.06,38.77,75.74,3.32,34.38,MODERATE
4100,13.39,32.66,34.3,19.13,10.61,22.16,LOW
4101,30.0,54.51,41.57,33.83,3.77,34.05,MODERATE
4102,15.48,33.91,42.71,43.66,6.29,28.87,LOW
4103,2.32,30.65,49.79,22.56,7.83,22.36,LOW
4104,26.92,27.6,45.17,43.38,7.55,31.09,MODERATE
4105,6.37,35.8,61.51,50.38,8.86,32.46,MODERATE
4106,38.49,54.51,62.83,59.7,4.82,45.75,MODERATE
4107,21.25,50.43,67.09,69.3,9.98,44.17,MODERATE
4108,29.25,49.18,54.8,54.62,4.34,39.68,MODERATE
4109,2.8,38.81,59.24,22.75,11.82,26.63,LOW
4110,2.64,44.85,55.16,54.74,3.55,32.14,MODERATE
4111,13.5,35.8,37.97,85.55,7.91,36.43,MODERATE
4112,40.27,39.19,42.71,43.66,6.29,36.12,MODERATE
4113,46.38,92.37,37.2,33.49,4.35,44.86,MODERATE
4114,10.7,44.42,36.69,13.35,13.11,23.53,LOW
4115,2.27,44.85,46.74,32.43,8.08,26.58,LOW
4116,50.7,9.17,74.84,21.52,9.31,35.18,MODERATE
4117,58.71,70.78,54.8,54.62,4.34,51.37,MODERATE
4118,4.7,55.28,62.83,59.7,4.82,37.46,MODERATE
4119,13.01,27.8,64.25,82.95,6.21,39.19,MODERATE
4120,25.38,77.67,66.25,44.11,5.32,44.75,MODERATE
4121,2.52,50.98,35.93,38.19,7.67,26.8,LOW
4122,38.11,81.78,46.47,69.35,1.31,49.24,MODERATE
4123,1.65,33.91,49.79,22.56,7.83,22.84,LOW
4124,37.3,54.51,40.22,58.67,10.3,41.55,MODERATE
4125,30.78,54.69,34.49,52.59,6.05,36.95,MODERATE
4126,48.3,39.19,28.14,37.62,28.48,37.34,MODERATE
4127,33.08,33.91,49.79,22.56,7.83,30.7,MODERATE
4128,40.86,39.19,49.06,88.54,1.51,45.8,MODERATE
4129,2.0,9.3,62.34,56.72,6.72,27.18,LOW
4130,12.55,32.66,64.55,94.57,7.93,42.68,MODERATE
4131,1.16,44.42,67.09,69.3,9.98,37.95,MODERATE
4132,10.42,45.61,56.62,50.18,100.0,48.09,MODERATE
4133,24.97,13.5,26.82,39.87,3.59,22.82,LOW
4134,37.08,35.8,37.97,85.55,7.91,42.32,MODERATE
4135,25.65,52.85,64.62,62.23,1.45,42.57,MODERATE
4136,22.86,30.65,40.07,84.98,2.17,37.18,MODERATE
4137,53.65,13.5,45.17,43.38,7.55,34.95,MODERATE
4138,0.92,35.8,55.74,73.6,6.83,34.28,MODERATE
4139,6.1,21.89,43.72,62.22,4.4,27.75,LOW
4140,4.2,52.85,55.16,54.74,3.55,34.13,MODERATE
4141,14.32,92.37,34.3,19.13,10.61,34.33,MODERATE
4142,3.64,39.19,67.09,69.3,9.98,37.52,MODERATE
4143,11.92,50.98,41.44,31.24,6.52,28.69,LOW
4144,24.79,45.69,43.87,39.72,19.26,34.94,MODERATE
4145,2.61,54.51,45.17,43.38,7.55,30.4,MODERATE
4146,6.73,45.61,44.39,16.48,3.54,23.51,LOW
4147,19.21,55.28,27.73,28.53,9.45,28.53,LOW
4148,17.05,70.78,66.25,44.11,5.32,41.29,MODERATE
4149,17.92,31.05,43.87,39.72,19.26,30.3,MODERATE
4150,9.17,38.81,34.09,22.41,5.31,22.15,LOW
4151,18.24,39.87,50.05,54.59,6.49,34.44,MODERATE
4152,42.61,39.87,49.28,20.61,8.21,33.84,MODERATE
4153,4.71,81.03,35.93,38.19,7.67,33.36,MODERATE
4154,31.97,44.42,44.94,41.99,4.2,34.89,MODERATE
4155,7.08,46.27,50.05,54.59,6.49,32.92,MODERATE
4156,18.96,46.27,74.84,21.52,9.31,34.66,MODERATE
4157,0.55,31.05,41.04,21.17,0.05,18.8,LOW
4158,11.33,50.43,49.79,22.56,7.83,28.56,LOW
4159,69.95,9.17,40.22,58.67,10.3,40.64,MODERATE
4160,1.92,30.65,44.14,84.78,4.01,33.0,MODERATE
4161,24.13,44.42,45.14,30.75,2.65,30.49,MODERATE
4162,43.39,55.29,45.17,43.38,7.55,40.75,MODERATE
4163,20.69,52.85,37.97,85.55,7.91,41.63,MODERATE
4164,9.14,31.05,34.3,19.13,10.61,20.77,LOW
4165,9.52,39.87,67.09,69.3,9.98,39.13,MODERATE
4166,7.63,44.42,63.25,50.14,3.97,34.07,MODERATE
4167,25.4,30.5,47.75,23.78,2.21,27.09,LOW
4168,27.74,81.03,49.06,88.54,1.51,50.89,MODERATE
4169,12.83,92.37,37.2,33.49,4.35,36.47,MODERATE
4170,7.34,13.5,37.97,85.55,7.91,30.43,MODERATE
4171,20.55,44.42,36.69,13.35,13.11,25.99,LOW
4172,22.94,9.3,74.34,80.87,5.45,39.45,MODERATE
4173,6.66,33.91,46.74,32.43,8.08,25.49,LOW
4174,32.59,41.92,34.09,22.41,5.31,28.63,LOW
4175,19.37,13.5,66.25,44.11,5.32,30.41,MODERATE
4176,6.68,44.85,46.74,32.43,8.08,27.68,LOW
4177,9.12,13.5,56.62,50.18,100.0,41.34,MODERATE
4178,11.37,67.71,69.63,63.49,5.5,43.83,MODERATE
4179,3.42,67.71,63.25,50.14,3.97,37.67,MODERATE
4180,13.45,45.61,34.09,22.41,5.31,24.58,LOW
4181,10.97,28.79,46.43,78.47,6.48,34.45,MODERATE
4182,40.65,45.69,69.63,63.49,5.5,46.75,MODERATE
4183,24.33,22.06,38.77,75.74,3.32,33.9,MODERATE
4184,81.36,9.17,61.63,40.68,4.75,43.35,MODERATE
4185,28.35,55.28,44.14,84.78,4.01,44.53,MODERATE
4186,1.37,21.89,42.71,43.66,6.29,22.94,LOW
4187,21.92,30.5,47.75,23.78,2.21,26.22,LOW
4188,36.85,41.92,37.97,85.55,7.91,43.49,MODERATE
4189,21.09,54.51,41.57,33.83,3.77,31.82,MODERATE
4190,2.06,30.65,49.28,20.61,8.21,21.85,LOW
4191,4.81,67.71,26.54,32.88,8.7,27.93,LOW
4192,5.65,77.67,55.38,71.74,7.53,43.5,MODERATE
4193,43.76,54.51,47.81,43.54,7.25,41.2,MODERATE
4194,23.42,44.42,43.21,37.75,6.15,31.85,MODERATE
4195,77.96,33.91,44.65,72.77,3.22,50.24,MODERATE
4196,22.97,9.3,63.25,50.14,3.97,30.88,MODERATE
4197,3.4,81.78,56.62,50.18,100.0,53.56,MODERATE
4198,35.75,55.29,47.75,23.78,2.21,34.63,MODERATE
4199,28.03,9.17,40.22,58.67,10.3,30.16,MODERATE
4200,12.13,30.65,63.25,50.14,3.97,32.43,MODERATE
4201,14.94,32.66,64.55,94.57,7.93,43.28,MODERATE
4202,32.37,38.81,62.96,56.72,14.21,41.92,MODERATE
4203,55.05,13.5,45.17,43.38,7.55,35.3,MODERATE
4204,24.85,7.4,41.44,31.24,6.52,23.21,LOW
4205,46.77,39.19,45.68,70.55,5.22,43.56,MODERATE
4206,34.34,27.6,64.55,94.57,7.93,47.12,MODERATE
4207,40.65,49.18,43.87,39.72,19.26,39.61,MODERATE
4208,26.39,38.81,46.47,69.35,1.31,37.72,MODERATE
4209,21.47,81.03,40.22,58.67,10.3,42.9,MODERATE
4210,26.91,7.4,61.4,60.31,7.14,33.62,MODERATE
4211,20.77,35.8,44.94,41.99,4.2,30.37,MODERATE
4212,1.84,55.29,26.54,32.88,8.7,24.71,LOW
4213,43.06,47.08,49.08,53.12,1.49,40.84,MODERATE
4214,16.03,13.5,26.82,39.87,3.59,20.58,LOW
4215,12.11,54.51,47.75,23.78,2.21,28.57,LOW
4216,21.94,30.5,32.58,28.53,7.36,24.91,LOW
4217,16.48,28.79,41.04,21.17,0.05,22.33,LOW
4218,14.16,55.28,49.86,55.73,6.34,36.66,MODERATE
4219,9.02,9.17,61.63,40.68,4.75,25.26,LOW
4220,9.42,30.5,50.05,54.59,6.49,30.36,MODERATE
4221,7.61,67.71,52.06,66.65,0.0,39.19,MODERATE
4222,26.01,13.5,61.34,75.53,1.78,36.84,MODERATE
4223,14.55,30.65,44.14,84.78,4.01,36.15,MODERATE
4224,6.43,7.4,62.34,56.72,6.72,27.91,LOW
4225,13.63,38.81,54.59,66.05,6.77,36.31,MODERATE
4226,46.47,27.6,45.17,43.38,7.55,35.98,MODERATE
4227,23.47,38.81,34.09,22.41,5.31,25.73,LOW
4228,10.18,27.6,49.06,88.54,1.51,35.81,MODERATE
4229,50.41,38.81,62.03,35.4,11.62,41.59,MODERATE
4230,4.19,33.91,34.49,52.59,6.05,26.15,LOW
4231,20.24,45.69,38.77,75.74,3.32,37.6,MODERATE
4232,35.88,81.03,40.22,58.67,10.3,46.5,MODERATE
4233,10.2,30.65,33.99,44.43,2.53,24.74,LOW
4234,32.52,52.85,64.62,62.23,1.45,44.29,MODERATE
4235,55.19,35.8,41.44,31.24,6.52,36.47,MODERATE
4236,2.43,47.08,64.62,62.23,1.45,35.61,MODERATE
4237,16.81,50.43,49.28,20.61,8.21,29.5,LOW
4238,3.64,32.66,61.4,60.31,7.14,32.86,MODERATE
4239,7.92,44.42,36.69,13.35,13.11,22.84,LOW
4240,3.11,33.91,61.4,60.31,7.14,32.97,MODERATE
4241,2.96,7.4,61.4,60.31,7.14,27.64,LOW
4242,33.79,92.37,34.49,52.59,6.05,45.24,MODERATE
4243,1.99,54.69,54.79,31.06,8.54,29.89,LOW
4244,5.06,39.19,56.62,50.18,100.0,45.46,MODERATE
4245,41.22,70.78,66.25,44.11,5.32,47.33,MODERATE
4246,3.13,44.85,32.58,28.53,7.36,23.08,LOW
4247,21.23,45.69,37.2,33.49,4.35,29.23,LOW
4248,11.75,81.78,74.84,21.52,9.31,39.96,MODERATE
4249,22.18,54.51,47.71,75.92,5.14,41.94,MODERATE
4250,21.97,79.62,62.83,59.7,4.82,46.65,MODERATE
4251,13.64,31.05,47.71,75.92,5.14,35.12,MODERATE
4252,11.0,35.8,44.94,41.99,4.2,27.93,LOW
4253,22.25,44.42,63.25,50.14,3.97,37.72,MODERATE
4254,23.17,7.4,62.34,56.72,6.72,32.09,MODERATE
4255,27.73,55.28,28.14,37.62,28.48,35.41,MODERATE
4256,0.81,30.5,64.62,62.23,1.45,31.89,MODERATE
4257,16.8,45.61,53.49,50.77,10.04,35.68,MODERATE
4258,17.35,30.5,32.58,28.53,7.36,23.77,LOW
4259,24.83,54.69,54.79,31.06,8.54,35.6,MODERATE
4260,20.24,55.29,32.94,31.9,6.06,29.99,LOW
4261,23.82,30.65,49.28,20.61,8.21,27.3,LOW
4262,24.44,55.28,49.33,36.19,8.62,35.56,MODERATE
4263,28.89,46.27,46.43,78.47,6.48,42.43,MODERATE
4264,4.25,33.91,44.65,72.77,3.22,31.81,MODERATE
4265,31.69,21.89,43.72,62.22,4.4,34.15,MODERATE
4266,23.74,55.29,45.17,43.38,7.55,35.83,MODERATE
4267,25.06,28.79,66.25,44.11,5.32,34.89,MODERATE
4268,12.36,50.43,64.55,94.57,7.93,46.19,MODERATE
4269,30.29,27.6,55.38,71.74,7.53,39.65,MODERATE
4270,36.95,70.78,74.84,21.52,9.31,44.06,MODERATE
4271,13.16,35.8,41.44,31.24,6.52,25.96,LOW
4272,34.18,27.6,34.49,52.59,6.05,32.39,MODERATE
4273,12.85,77.67,55.38,71.74,7.53,45.3,MODERATE
4274,1.3,38.81,45.17,43.38,7.55,26.93,LOW
4275,17.08,9.17,37.97,85.55,7.91,31.99,MODERATE
4276,13.36,44.42,61.51,50.38,8.86,35.93,MODERATE
4277,20.35,22.06,37.7,35.87,3.28,24.7,LOW
4278,9.19,77.67,66.25,44.11,5.32,40.7,MODERATE
4279,69.85,47.08,49.08,53.12,1.49,47.54,MODERATE
4280,2.39,31.05,36.51,72.54,8.54,29.9,LOW
4281,8.65,81.03,64.25,82.95,6.21,48.74,MODERATE
4282,19.17,9.17,46.47,69.35,1.31,29.99,LOW
4283,10.51,41.92,37.7,35.87,3.28,26.22,LOW
4284,21.33,50.98,67.09,69.3,9.98,44.3,MODERATE
4285,4.23,44.42,55.74,73.6,6.83,36.84,MODERATE
4286,17.81,9.17,40.22,58.67,10.3,27.61,LOW
4287,5.12,30.5,43.41,62.07,2.53,28.86,LOW
4288,4.17,7.4,61.34,75.53,1.78,30.16,MODERATE
4289,1.57,30.5,47.75,23.78,2.21,21.13,LOW
4290,35.95,70.78,46.47,69.35,1.31,46.5,MODERATE
4291,16.25,47.08,56.62,50.18,100.0,49.84,MODERATE
4292,16.65,45.69,37.2,33.49,4.35,28.09,LOW
4293,15.4,39.87,34.3,19.13,10.61,24.1,LOW
4294,0.12,28.79,49.79,22.56,7.83,21.43,LOW
4295,31.65,67.71,62.96,56.72,14.21,47.52,MODERATE
4296,13.0,13.5,56.62,50.18,100.0,42.31,MODERATE
4297,5.55,9.3,74.34,80.87,5.45,35.11,MODERATE
4298,21.33,9.3,46.14,60.26,0.85,28.6,LOW
4299,25.77,67.71,52.06,66.65,0.0,43.73,MODERATE
4300,0.39,13.5,34.09,22.41,5.31,14.89,LOW
4301,6.45,79.62,46.47,69.35,1.31,40.9,MODERATE
4302,2.58,44.42,28.14,37.62,28.48,26.95,LOW
4303,14.05,92.37,38.77,75.74,3.32,45.39,MODERATE
4304,17.15,39.19,52.61,51.56,6.38,33.92,MODERATE
4305,14.67,39.19,43.72,62.22,4.4,33.35,MODERATE
4306,8.32,32.66,23.77,18.02,4.26,17.61,LOW
4307,53.61,44.42,54.8,54.62,4.34,44.82,MODERATE
4308,49.33,77.67,44.14,84.78,4.01,54.25,MODERATE
4309,63.2,13.5,45.17,43.38,7.55,37.34,MODERATE
4310,0.52,50.43,27.39,79.52,5.52,32.43,MODERATE
4311,1.51,44.42,63.25,50.14,3.97,32.54,MODERATE
4312,15.11,39.87,64.62,62.23,1.45,37.34,MODERATE
4313,3.87,81.03,53.94,66.16,1.04,41.35,MODERATE
4314,17.57,7.4,43.41,62.07,2.53,27.35,LOW
4315,23.8,31.05,61.34,75.53,1.78,39.8,MODERATE
4316,16.28,44.85,55.16,54.74,3.55,35.55,MODERATE
4317,8.66,27.6,43.21,37.75,6.15,24.8,LOW
4318,20.09,50.98,49.08,53.12,1.49,35.88,MODERATE
4319,79.93,55.28,34.49,52.59,6.05,49.36,MODERATE
4320,19.13,30.65,49.08,53.12,1.49,31.58,MODERATE
4321,19.06,77.67,38.77,75.74,3.32,43.7,MODERATE
4322,5.35,55.29,43.72,62.22,4.4,34.24,MODERATE
4323,19.0,9.3,44.14,84.78,4.01,32.99,MODERATE
4324,42.55,7.4,41.44,31.24,6.52,27.63,LOW
4325,28.14,30.65,27.39,79.52,5.52,35.38,MODERATE
4326,3.17,49.18,36.51,72.54,8.54,33.72,MODERATE
4327,18.65,77.67,27.73,28.53,9.45,32.87,MODERATE
4328,31.7,45.61,38.07,12.64,8.6,28.48,LOW
4329,5.34,39.19,45.68,70.55,5.22,33.2,MODERATE
4330,12.18,44.85,32.58,28.53,7.36,25.34,LOW
4331,68.04,9.17,49.33,36.19,8.62,37.24,MODERATE
4332,7.91,67.71,49.79,22.56,7.83,31.16,MODERATE
4333,26.97,28.79,41.04,21.17,0.05,24.95,LOW
4334,6.99,33.91,62.03,35.4,11.62,29.76,LOW
4335,9.51,55.28,26.82,39.87,3.59,27.31,LOW
4336,64.12,33.91,37.97,85.55,7.91,48.7,MODERATE
4337,73.07,30.65,44.14,84.78,4.01,50.78,MODERATE
4338,68.77,30.65,54.59,66.05,6.77,48.47,MODERATE
4339,29.67,39.87,34.3,19.13,10.61,27.67,LOW
4340,5.54,77.67,38.77,75.74,3.32,40.32,MODERATE
4341,41.25,30.5,46.03,96.31,7.43,46.0,MODERATE
4342,0.26,13.5,61.34,75.53,1.78,30.41,MODERATE
4343,10.77,81.78,56.62,50.18,100.0,55.41,ELEVATED
4344,38.3,39.87,44.39,16.48,3.54,30.26,MODERATE
4345,2.5,81.78,62.23,24.09,4.71,34.95,MODERATE
4346,13.32,38.81,59.24,22.75,11.82,29.26,LOW
4347,13.31,50.43,49.79,22.56,7.83,29.06,LOW
4348,26.81,9.17,37.97,85.55,7.91,34.43,MODERATE
4349,27.2,7.4,43.41,62.07,2.53,29.76,LOW
4350,8.63,50.43,28.14,37.62,28.48,29.67,LOW
4351,7.56,27.6,43.21,37.75,6.15,24.52,LOW
4352,2.55,27.6,34.49,52.59,6.05,24.48,LOW
4353,46.98,49.18,23.77,18.02,4.26,30.58,MODERATE
4354,15.27,33.91,37.7,35.87,3.28,25.8,LOW
4355,6.75,77.67,66.25,44.11,5.32,40.09,MODERATE
4356,23.21,30.5,38.77,75.74,3.32,35.3,MODERATE
4357,27.28,27.6,74.34,80.87,5.45,44.2,MODERATE
4358,5.09,54.51,47.75,23.78,2.21,26.81,LOW
4359,82.9,30.65,35.93,38.19,7.67,42.83,MODERATE
4360,8.93,54.69,36.51,72.54,8.54,36.26,MODERATE
4361,19.54,81.03,37.97,85.55,7.91,46.98,MODERATE
4362,39.95,49.18,40.07,84.98,2.17,45.16,MODERATE
4363,25.42,35.8,41.57,33.83,3.77,29.16,LOW
4364,8.9,30.65,33.99,44.43,2.53,24.42,LOW
4365,16.26,81.03,35.93,38.19,7.67,36.24,MODERATE
4366,37.78,77.67,44.14,84.78,4.01,51.37,MODERATE
4367,23.87,9.17,74.84,21.52,9.31,28.47,LOW
4368,0.0,79.62,45.17,43.38,7.55,34.77,MODERATE
4369,29.83,46.27,74.84,21.52,9.31,37.38,MODERATE
4370,18.28,35.8,55.74,73.6,6.83,38.62,MODERATE
4371,44.58,55.28,27.73,28.53,9.45,34.87,MODERATE
4372,25.38,13.5,34.09,22.41,5.31,21.14,LOW
4373,43.44,45.69,43.87,39.72,19.26,39.61,MODERATE
4374,6.83,9.17,49.79,22.56,7.83,19.19,LOW
4375,59.92,31.05,47.75,23.78,2.21,35.83,MODERATE
4376,11.81,47.08,61.63,40.68,4.75,33.54,MODERATE
4377,5.71,47.08,59.24,22.75,11.82,29.01,LOW
4378,33.55,9.17,40.22,58.67,10.3,31.54,MODERATE
4379,33.15,35.8,44.39,16.48,3.54,28.15,LOW
4380,32.35,45.69,44.94,41.99,4.2,35.24,MODERATE
4381,20.82,22.06,54.8,54.62,4.34,32.15,MODERATE
4382,25.76,92.37,67.74,76.58,5.54,54.61,MODERATE
4383,13.04,44.85,55.16,54.74,3.55,34.74,MODERATE
4384,3.99,46.27,46.14,60.26,0.85,31.66,MODERATE
4385,2.29,55.28,49.86,55.73,6.34,33.7,MODERATE
4386,4.77,70.78,74.84,21.52,9.31,36.02,MODERATE
4387,6.66,9.17,40.22,58.67,10.3,24.82,LOW
4388,11.77,55.28,61.63,40.68,4.75,35.17,MODERATE
4389,27.38,39.87,34.3,19.13,10.61,27.09,LOW
4390,47.46,7.4,56.62,50.18,100.0,49.71,MODERATE
4391,71.96,30.65,49.28,20.61,8.21,39.33,MODERATE
4392,26.12,9.3,44.14,84.78,4.01,34.78,MODERATE
4393,71.9,13.5,66.25,44.11,5.32,43.54,MODERATE
4394,17.81,41.92,37.7,35.87,3.28,28.04,LOW
4395,30.76,52.85,61.4,60.31,7.14,43.68,MODERATE
4396,47.13,31.05,44.94,41.99,4.2,36.01,MODERATE
4397,10.07,50.43,64.55,94.57,7.93,45.62,MODERATE
4398,43.58,46.27,53.94,66.16,1.04,44.32,MODERATE
4399,11.38,50.43,32.94,31.9,6.06,26.81,LOW
4400,28.15,30.65,63.25,50.14,3.97,36.44,MODERATE
4401,30.74,31.05,43.87,39.72,19.26,33.5,MODERATE
4402,25.56,54.69,53.94,66.16,1.04,41.5,MODERATE
4403,21.79,55.29,34.3,19.13,10.61,28.78,LOW
4404,32.35,47.08,27.73,28.53,9.45,30.17,MODERATE
4405,2.34,55.29,43.72,62.22,4.4,33.49,MODERATE
4406,13.83,79.62,26.82,39.87,3.59,33.26,MODERATE
4407,27.09,55.29,43.87,39.72,19.26,37.44,MODERATE
4408,4.14,28.79,66.25,44.11,5.32,29.66,LOW
4409,38.84,55.28,34.09,22.41,5.31,32.86,MODERATE
4410,38.26,30.5,43.41,62.07,2.53,37.14,MODERATE
4411,1.79,9.17,40.22,58.67,10.3,23.6,LOW
4412,6.83,31.05,67.09,69.3,9.98,36.69,MODERATE
4413,5.33,31.05,34.49,52.59,6.05,25.86,LOW
4414,18.08,55.28,61.63,40.68,4.75,36.75,MODERATE
4415,14.68,39.87,67.09,69.3,9.98,40.42,MODERATE
4416,4.19,44.42,55.74,73.6,6.83,36.83,MODERATE
4417,6.61,30.5,41.57,33.83,3.77,23.4,LOW
4418,12.03,54.69,36.79,73.54,2.69,36.42,MODERATE
4419,22.21,45.61,43.21,37.75,6.15,31.79,MODERATE
4420,92.57,22.06,38.77,75.74,3.32,50.96,MODERATE
4421,2.08,27.8,50.05,54.59,6.49,27.98,LOW
4422,6.49,13.5,49.79,22.56,7.83,19.97,LOW
4423,34.31,9.17,46.47,69.35,1.31,33.77,MODERATE
4424,5.59,81.03,37.97,85.55,7.91,43.49,MODERATE
4425,34.04,81.78,46.47,69.35,1.31,48.23,MODERATE
4426,0.04,13.5,45.17,43.38,7.55,21.55,LOW
4427,32.83,81.78,37.2,33.49,4.35,39.35,MODERATE
4428,30.35,31.05,43.87,39.72,19.26,33.41,MODERATE
4429,26.17,7.4,49.06,88.54,1.51,35.77,MODERATE
4430,27.94,41.92,43.87,39.72,19.26,34.98,MODERATE
4431,30.93,35.8,61.51,50.38,8.86,38.6,MODERATE
4432,21.89,92.37,67.74,76.58,5.54,53.64,MODERATE
4433,12.93,45.61,61.51,50.38,8.86,36.06,MODERATE
4434,11.66,39.87,61.4,60.31,7.14,36.3,MODERATE
4435,36.64,33.91,61.4,60.31,7.14,41.36,MODERATE
4436,10.21,54.69,59.46,42.01,6.98,34.83,MODERATE
4437,26.14,39.19,52.61,51.56,6.38,36.16,MODERATE
4438,36.81,81.78,61.4,60.31,7.14,50.97,MODERATE
4439,0.48,50.98,35.93,38.19,7.67,26.29,LOW
4440,15.11,54.69,36.79,73.54,2.69,37.19,MODERATE
4441,4.39,81.78,46.47,69.35,1.31,40.82,MODERATE
4442,56.87,35.8,33.99,44.43,2.53,37.44,MODERATE
4443,0.34,55.28,44.14,84.78,4.01,37.53,MODERATE
4444,27.61,54.69,34.49,52.59,6.05,36.16,MODERATE
4445,39.6,44.42,44.94,41.99,4.2,36.8,MODERATE
4446,18.17,30.65,43.72,62.22,4.4,32.52,MODERATE
4447,23.0,13.5,61.51,50.38,8.86,32.16,MODERATE
4448,14.62,55.28,36.69,13.35,13.11,26.68,LOW
4449,2.04,45.61,34.09,22.41,5.31,21.73,LOW
4450,13.82,32.66,34.3,19.13,10.61,22.26,LOW
4451,25.07,9.3,62.83,59.7,4.82,33.36,MODERATE
4452,4.26,9.17,61.63,40.68,4.75,24.07,LOW
4453,13.1,55.29,43.72,62.22,4.4,36.18,MODERATE
4454,20.14,49.18,47.71,75.92,5.14,40.37,MODERATE
4455,23.35,55.29,43.41,62.07,2.53,38.37,MODERATE
4456,10.99,9.3,44.14,84.78,4.01,30.99,MODERATE
4457,28.32,50.98,35.93,38.19,7.67,33.25,MODERATE
4458,18.08,45.69,41.04,21.17,0.05,26.11,LOW
4459,18.41,39.19,49.06,88.54,1.51,40.19,MODERATE
4460,12.33,44.42,36.69,13.35,13.11,23.94,LOW
4461,36.41,54.69,53.94,66.16,1.04,44.22,MODERATE
4462,22.95,44.42,63.25,50.14,3.97,37.89,MODERATE
4463,33.96,50.43,37.2,33.49,4.35,33.36,MODERATE
4464,15.58,54.51,43.21,37.75,6.15,31.91,MODERATE
4465,4.56,13.5,49.28,20.61,8.21,19.05,LOW
4466,25.41,81.78,74.84,21.52,9.31,43.38,MODERATE
4467,14.94,30.65,27.39,79.52,5.52,32.08,MODERATE
4468,51.69,30.65,43.41,62.07,2.53,40.53,MODERATE
4469,66.89,79.62,46.47,69.35,1.31,56.01,ELEVATED
4470,15.33,77.67,63.25,50.14,3.97,42.64,MODERATE
4471,12.01,50.98,45.68,70.55,5.22,37.23,MODERATE
4472,5.24,21.89,27.73,28.53,9.45,18.36,LOW
4473,79.6,41.92,37.97,85.55,7.91,54.17,MODERATE
4474,20.19,33.91,37.97,85.55,7.91,37.72,MODERATE
4475,9.19,77.67,64.62,62.23,1.45,43.42,MODERATE
4476,13.03,21.89,43.72,62.22,4.4,29.48,LOW
4477,4.97,33.91,62.03,35.4,11.62,29.25,LOW
4478,12.31,50.98,35.93,38.19,7.67,29.25,LOW
4479,15.89,32.66,64.55,94.57,7.93,43.52,MODERATE
4480,23.45,77.67,55.38,71.74,7.53,47.95,MODERATE
4481,31.63,44.42,37.7,35.87,3.28,32.0,MODERATE
4482,11.47,13.5,45.17,43.38,7.55,24.41,LOW
4483,1.05,81.03,49.06,88.54,1.51,44.22,MODERATE
4484,11.58,67.71,69.63,63.49,5.5,43.89,MODERATE
4485,10.12,9.3,44.14,84.78,4.01,30.78,MODERATE
4486,24.31,39.87,34.3,19.13,10.61,26.33,LOW
4487,11.46,22.06,54.8,54.62,4.34,29.81,LOW
4488,6.45,50.98,48.0,31.83,2.74,28.18,LOW
4489,18.64,70.78,40.07,84.98,2.17,44.15,MODERATE
4490,60.64,45.61,44.39,16.48,3.54,36.99,MODERATE
4491,10.79,33.91,42.71,43.66,6.29,27.7,LOW
4492,30.25,38.81,59.24,22.75,11.82,33.5,MODERATE
4493,4.66,45.69,69.63,63.49,5.5,37.75,MODERATE
4494,16.6,28.79,49.08,53.12,1.49,30.57,MODERATE
4495,10.91,33.91,37.97,85.55,7.91,35.4,MODERATE
4496,33.96,30.65,49.28,20.61,8.21,29.83,LOW
4497,27.29,50.98,35.93,38.19,7.67,32.99,MODERATE
4498,10.68,13.5,26.82,39.87,3.59,19.25,LOW
4499,4.85,55.28,34.09,22.41,5.31,24.37,LOW
4500,8.18,39.19,26.82,39.87,3.59,23.76,LOW
4501,12.51,50.43,44.65,72.77,3.22,37.18,MODERATE
4502,10.78,13.5,56.62,50.18,100.0,41.75,MODERATE
4503,19.24,27.6,34.09,22.41,5.31,22.43,LOW
4504,2.06,46.27,64.62,62.23,1.45,35.36,MODERATE
4505,39.17,54.69,36.79,73.54,2.69,43.2,MODERATE
4506,47.46,28.79,62.83,59.7,4.82,42.85,MODERATE
4507,3.78,39.19,69.63,63.49,5.5,36.23,MODERATE
4508,32.41,67.71,52.06,66.65,0.0,45.39,MODERATE
4509,58.06,50.98,35.93,38.19,7.67,40.68,MODERATE
4510,26.16,54.69,34.49,52.59,6.05,35.8,MODERATE
4511,14.88,7.4,43.41,62.07,2.53,26.68,LOW
4512,34.23,55.28,55.38,71.74,7.53,46.17,MODERATE
4513,23.75,50.43,32.94,31.9,6.06,29.9,LOW
4514,18.84,31.05,34.49,52.59,6.05,29.24,LOW
4515,5.67,32.66,36.51,72.54,8.54,31.04,MODERATE
4516,39.29,31.05,47.75,23.78,2.21,30.67,MODERATE
4517,4.76,39.19,26.82,39.87,3.59,22.91,LOW
4518,87.56,50.43,49.06,88.54,1.51,59.72,ELEVATED
4519,7.39,27.8,28.14,37.62,28.48,24.83,LOW
4520,12.32,27.8,50.05,54.59,6.49,30.54,MODERATE
4521,4.57,81.03,40.22,58.67,10.3,38.67,MODERATE
4522,11.04,39.87,27.73,28.53,9.45,23.4,LOW
4523,14.94,77.67,66.25,44.11,5.32,42.14,MODERATE
4524,1.15,27.8,34.09,22.41,5.31,17.94,LOW
4525,15.11,44.85,62.34,56.72,6.72,37.57,MODERATE
4526,14.71,39.19,26.82,39.87,3.59,25.39,LOW
4527,14.34,35.8,33.99,44.43,2.53,26.81,LOW
4528,15.99,38.81,59.24,22.75,11.82,29.93,LOW
4529,11.82,41.92,62.83,59.7,4.82,36.57,MODERATE
4530,15.6,30.65,40.22,58.67,10.3,31.35,MODERATE
4531,8.1,46.27,74.84,21.52,9.31,31.95,MODERATE
4532,33.26,7.4,41.44,31.24,6.52,25.31,LOW
4533,43.0,38.81,34.09,22.41,5.31,30.61,MODERATE
4534,13.82,13.5,45.17,43.38,7.55,25.0,LOW
4535,21.37,9.17,40.22,58.67,10.3,28.5,LOW
4536,3.49,35.8,33.99,44.43,2.53,24.09,LOW
4537,11.35,9.17,61.63,40.68,4.75,25.85,LOW
4538,14.8,79.62,45.17,43.38,7.55,38.47,MODERATE
4539,6.91,21.89,27.73,28.53,9.45,18.78,LOW
4540,11.53,49.18,23.77,18.02,4.26,21.72,LOW
4541,23.16,81.78,46.74,32.43,8.08,39.19,MODERATE
4542,46.11,44.42,55.74,73.6,6.83,47.3,MODERATE
4543,0.67,55.28,64.25,82.95,6.21,41.6,MODERATE
4544,1.46,30.5,46.03,96.31,7.43,36.05,MODERATE
4545,28.07,9.3,46.14,60.26,0.85,30.28,MODERATE
4546,0.42,45.69,35.93,38.19,7.67,25.22,LOW
4547,42.55,31.05,49.28,20.61,8.21,32.06,MODERATE
4548,14.32,35.8,33.99,44.43,2.53,26.8,LOW
4549,11.18,47.08,27.73,28.53,9.45,24.88,LOW
4550,27.02,32.66,34.3,19.13,10.61,25.57,LOW
4551,16.11,47.08,43.87,39.72,19.26,33.05,MODERATE
4552,4.59,50.98,43.42,67.64,5.36,34.36,MODERATE
4553,2.7,9.3,74.34,80.87,5.45,34.39,MODERATE
4554,5.28,55.28,61.63,40.68,4.75,33.55,MODERATE
4555,39.68,52.85,64.62,62.23,1.45,46.08,MODERATE
4556,12.22,27.8,28.14,37.62,28.48,26.04,LOW
4557,24.95,77.67,55.38,71.74,7.53,48.32,MODERATE
4558,17.63,81.03,40.22,58.67,10.3,41.94,MODERATE
4559,42.52,55.29,43.87,39.72,19.26,41.3,MODERATE
4560,9.06,50.43,64.55,94.57,7.93,45.36,MODERATE
4561,11.02,44.42,62.96,56.72,14.21,37.71,MODERATE
4562,25.46,47.08,61.63,40.68,4.75,36.95,MODERATE
4563,17.15,7.4,43.41,62.07,2.53,27.24,LOW
4564,21.51,45.61,38.77,75.74,3.32,37.9,MODERATE
4565,55.1,39.87,61.4,60.31,7.14,47.16,MODERATE
4566,8.95,7.4,28.14,37.62,28.48,21.14,LOW
4567,9.57,67.71,62.96,56.72,14.21,42.0,MODERATE
4568,28.14,39.19,36.51,72.54,8.54,37.96,MODERATE
4569,39.7,47.08,61.63,40.68,4.75,40.51,MODERATE
4570,26.17,55.28,27.73,28.53,9.45,30.27,MODERATE
4571,43.38,32.66,44.94,41.99,4.2,35.39,MODERATE
4572,9.76,55.28,62.83,59.7,4.82,38.73,MODERATE
4573,15.36,81.78,56.62,50.18,100.0,56.55,ELEVATED
4574,18.74,13.5,37.2,33.49,4.35,22.18,LOW
4575,2.59,7.4,41.44,31.24,6.52,17.64,LOW
4576,7.89,27.6,74.34,80.87,5.45,39.35,MODERATE
4577,10.88,50.98,26.82,39.87,3.59,26.79,LOW
4578,7.41,13.5,66.25,44.11,5.32,27.42,LOW
4579,50.09,27.8,40.07,84.98,2.17,43.42,MODERATE
4580,17.28,22.06,49.28,20.61,8.21,23.94,LOW
4581,27.35,55.29,46.47,69.35,1.31,41.26,MODERATE
4582,4.74,38.81,45.17,43.38,7.55,27.79,LOW
4583,0.07,49.18,55.38,71.74,7.53,36.41,MODERATE
4584,27.91,54.69,54.79,31.06,8.54,36.37,MODERATE
4585,44.95,44.42,54.8,54.62,4.34,42.66,MODERATE
4586,89.14,79.62,62.83,59.7,4.82,63.44,ELEVATED
4587,9.34,31.05,26.54,32.88,8.7,21.73,LOW
4588,20.65,92.37,67.74,76.58,5.54,53.33,MODERATE
4589,4.28,55.29,43.87,39.72,19.26,31.74,MODERATE
4590,16.94,28.79,49.79,22.56,7.83,25.64,LOW
4591,29.11,32.66,36.51,72.54,8.54,36.9,MODERATE
4592,8.66,50.98,48.0,31.83,2.74,28.74,LOW
4593,33.55,7.4,56.62,50.18,100.0,46.23,MODERATE
4594,21.69,35.8,44.94,41.99,4.2,30.6,MODERATE
4595,28.45,30.5,50.05,54.59,6.49,35.11,MODERATE
4596,15.76,41.92,37.97,85.55,7.91,38.21,MODERATE
4597,34.73,13.5,44.65,72.77,3.22,35.35,MODERATE
4598,10.27,35.8,44.94,41.99,4.2,27.74,LOW
4599,29.27,27.8,50.05,54.59,6.49,34.78,MODERATE
4600,32.3,46.27,46.43,78.47,6.48,43.28,MODERATE
4601,2.75,67.71,64.25,82.95,6.21,44.6,MODERATE
4602,15.94,7.4,43.41,62.07,2.53,26.94,LOW
4603,3.05,27.6,34.09,22.41,5.31,18.38,LOW
4604,27.83,70.78,66.25,44.11,5.32,43.98,MODERATE
4605,21.73,33.91,46.74,32.43,8.08,29.26,LOW
4606,6.83,13.5,66.25,44.11,5.32,27.28,LOW
4607,18.66,44.42,43.21,37.75,6.15,30.66,MODERATE
4608,55.48,45.61,42.71,43.66,6.29,41.21,MODERATE
4609,28.44,35.8,41.57,33.83,3.77,29.92,LOW
4610,12.26,31.05,44.94,41.99,4.2,27.29,LOW
4611,10.14,55.29,34.3,19.13,10.61,25.87,LOW
4612,30.86,81.78,61.4,60.31,7.14,49.48,MODERATE
4613,87.97,55.28,34.49,52.59,6.05,51.37,MODERATE
4614,2.79,13.5,37.2,33.49,4.35,18.19,LOW
4615,44.3,49.18,36.51,72.54,8.54,44.0,MODERATE
4616,21.32,9.17,50.05,54.59,6.49,29.07,LOW
4617,39.97,81.03,36.79,73.54,2.69,48.67,MODERATE
4618,23.19,33.91,42.71,43.66,6.29,30.8,MODERATE
4619,100.0,13.5,56.62,50.18,100.0,64.06,ELEVATED
4620,36.13,81.78,74.84,21.52,9.31,46.06,MODERATE
4621,45.54,13.5,61.34,75.53,1.78,41.73,MODERATE
4622,7.11,45.61,43.21,37.75,6.15,28.01,LOW
4623,7.32,9.3,63.25,50.14,3.97,26.96,LOW
4624,33.12,32.66,34.3,19.13,10.61,27.09,LOW
4625,11.31,38.81,43.21,37.75,6.15,27.7,LOW
4626,18.29,46.27,50.05,54.59,6.49,35.73,MODERATE
4627,13.19,50.43,63.25,50.14,3.97,36.66,MODERATE
4628,53.44,49.18,38.77,75.74,3.32,46.6,MODERATE
4629,46.33,55.29,26.54,32.88,8.7,35.83,MODERATE
4630,12.14,44.42,45.14,30.75,2.65,27.49,LOW
4631,5.21,79.62,45.17,43.38,7.55,36.07,MODERATE
4632,8.7,55.29,43.72,62.22,4.4,35.08,MODERATE
4633,17.49,41.92,43.87,39.72,19.26,32.37,MODERATE
4634,16.27,79.62,26.82,39.87,3.59,33.87,MODERATE
4635,5.41,9.17,50.05,54.59,6.49,25.09,LOW
4636,32.73,21.89,44.65,72.77,3.22,36.53,MODERATE
4637,53.08,30.5,34.09,22.41,5.31,31.47,MODERATE
4638,28.04,50.43,36.79,73.54,2.69,39.57,MODERATE
4639,56.43,45.61,42.71,43.66,6.29,41.45,MODERATE
4640,23.71,30.65,49.28,20.61,8.21,27.27,LOW
4641,33.79,21.89,27.73,28.53,9.45,25.49,LOW
4642,10.17,9.17,74.84,21.52,9.31,25.04,LOW
4643,22.93,50.98,49.08,53.12,1.49,36.59,MODERATE
4644,23.71,55.29,37.2,33.49,4.35,31.77,MODERATE
4645,8.25,45.61,38.07,12.64,8.6,22.62,LOW
4646,19.25,67.71,69.63,63.49,5.5,45.8,MODERATE
4647,21.69,79.62,45.17,43.38,7.55,40.19,MODERATE
4648,24.24,31.05,26.54,32.88,8.7,25.46,LOW
4649,10.73,22.06,37.7,35.87,3.28,22.3,LOW
4650,30.06,30.65,47.71,75.92,5.14,39.14,MODERATE
4651,29.41,81.78,59.46,42.01,6.98,45.05,MODERATE
4652,29.88,50.98,67.09,69.3,9.98,46.44,MODERATE
4653,6.42,92.37,67.74,76.58,5.54,49.77,MODERATE
4654,27.03,35.8,67.09,69.3,9.98,42.69,MODERATE
4655,6.41,39.19,42.71,43.66,6.29,27.66,LOW
4656,15.37,31.05,61.34,75.53,1.78,37.69,MODERATE
4657,29.3,41.92,62.83,59.7,4.82,40.94,MODERATE
4658,0.69,39.19,45.68,70.55,5.22,32.04,MODERATE
4659,27.81,38.81,62.96,56.72,14.21,40.78,MODERATE
4660,12.71,28.79,49.79,22.56,7.83,24.58,LOW
4661,24.46,55.29,44.94,41.99,4.2,35.19,MODERATE
4662,19.66,52.85,61.4,60.31,7.14,40.9,MODERATE
4663,17.15,27.6,74.34,80.87,5.45,41.67,MODERATE
4664,4.6,81.03,40.22,58.67,10.3,38.68,MODERATE
4665,15.42,22.06,54.8,54.62,4.34,30.8,MODERATE
4666,3.42,13.5,61.69,65.14,8.5,30.2,MODERATE
4667,36.79,44.42,62.96,56.72,14.21,44.15,MODERATE
4668,34.17,21.89,42.71,43.66,6.29,31.14,MODERATE
4669,32.99,44.42,55.74,73.6,6.83,44.03,MODERATE
4670,2.99,46.27,46.14,60.26,0.85,31.41,MODERATE
4671,35.1,77.67,55.38,71.74,7.53,50.86,MODERATE
4672,2.83,35.8,67.09,69.3,9.98,36.64,MODERATE
4673,8.23,50.43,49.06,88.54,1.51,39.89,MODERATE
4674,15.57,9.3,35.93,38.19,7.67,21.73,LOW
4675,15.08,50.98,44.65,72.77,3.22,37.93,MODERATE
4676,21.95,39.19,69.63,63.49,5.5,40.77,MODERATE
4677,41.79,54.51,64.55,94.57,7.93,54.36,MODERATE
4678,25.28,30.5,46.03,96.31,7.43,42.0,MODERATE
4679,22.73,32.66,61.4,60.31,7.14,37.63,MODERATE
4680,11.34,44.42,40.22,58.67,10.3,33.04,MODERATE
4681,9.41,46.27,52.06,66.65,0.0,35.35,MODERATE
4682,34.43,49.18,38.77,75.74,3.32,41.84,MODERATE
4683,2.38,81.03,40.22,58.67,10.3,38.12,MODERATE
4684,38.93,44.85,55.16,54.74,3.55,41.21,MODERATE
4685,41.75,31.05,41.04,21.17,0.05,29.1,LOW
4686,61.92,47.08,45.14,30.75,2.65,40.47,MODERATE
4687,24.61,92.37,37.2,33.49,4.35,39.42,MODERATE
4688,23.15,46.27,74.84,21.52,9.31,35.71,MODERATE
4689,88.25,32.66,64.55,94.57,7.93,61.61,ELEVATED
4690,13.15,30.65,47.71,75.92,5.14,34.91,MODERATE
4691,11.29,50.98,49.08,53.12,1.49,33.68,MODERATE
4692,26.21,45.61,56.62,50.18,100.0,52.03,MODERATE
4693,3.96,81.78,62.23,24.09,4.71,35.32,MODERATE
4694,26.56,81.78,46.47,69.35,1.31,46.36,MODERATE
4695,13.74,35.8,44.39,16.48,3.54,23.3,LOW
4696,39.18,45.69,44.94,41.99,4.2,36.95,MODERATE
4697,21.41,35.8,52.61,51.56,6.38,34.3,MODERATE
4698,25.83,54.51,40.22,58.67,10.3,38.68,MODERATE
4699,44.47,30.65,54.59,66.05,6.77,42.39,MODERATE
4700,12.98,45.61,61.51,50.38,8.86,36.07,MODERATE
4701,37.44,39.19,53.94,66.16,1.04,41.37,MODERATE
4702,17.07,22.06,54.8,54.62,4.34,31.21,MODERATE
4703,23.3,54.51,41.57,33.83,3.77,32.38,MODERATE
4704,52.76,32.66,34.3,19.13,10.61,32.0,MODERATE
4705,44.61,32.66,61.4,60.31,7.14,43.1,MODERATE
4706,1.65,47.08,59.24,22.75,11.82,28.0,LOW
4707,17.69,45.61,55.38,71.74,7.53,40.1,MODERATE
4708,26.19,67.71,62.96,56.72,14.21,46.16,MODERATE
4709,20.06,27.8,50.05,54.59,6.49,32.48,MODERATE
4710,7.38,81.78,61.4,60.31,7.14,43.62,MODERATE
4711,8.41,35.8,43.21,37.75,6.15,26.38,LOW
4712,3.66,27.6,34.49,52.59,6.05,24.76,LOW
4713,21.96,30.65,43.72,62.22,4.4,33.47,MODERATE
4714,37.54,32.66,61.4,60.31,7.14,41.33,MODERATE
4715,40.67,45.61,49.06,88.54,1.51,47.04,MODERATE
4716,17.22,79.62,62.83,59.7,4.82,45.46,MODERATE
4717,3.73,32.66,36.79,73.54,2.69,29.93,LOW
4718,35.48,9.17,61.63,40.68,4.75,31.88,MODERATE
4719,49.08,9.3,74.34,80.87,5.45,45.99,MODERATE
4720,1.09,44.85,46.74,32.43,8.08,26.29,LOW
4721,49.56,45.61,64.25,82.95,6.21,51.88,MODERATE
4722,47.88,32.66,27.39,79.52,5.52,40.71,MODERATE
4723,12.63,28.79,40.22,58.67,10.3,30.24,MODERATE
4724,14.03,44.42,40.22,58.67,10.3,33.71,MODERATE
4725,10.4,9.3,32.94,31.9,6.06,18.34,LOW
4726,2.14,7.4,56.62,50.18,100.0,38.37,MODERATE
4727,20.75,67.71,49.79,22.56,7.83,34.37,MODERATE
4728,9.23,55.28,28.14,37.62,28.48,30.79,MODERATE
4729,4.01,55.29,34.3,19.13,10.61,24.34,LOW
4730,43.48,13.5,45.17,43.38,7.55,32.41,MODERATE
4731,17.26,39.19,67.09,69.3,9.98,40.93,MODERATE
4732,27.87,81.03,36.51,72.54,8.54,46.26,MODERATE
4733,24.77,33.91,23.77,18.02,4.26,21.97,LOW
4734,22.09,67.71,64.25,82.95,6.21,49.44,MODERATE
4735,2.59,55.28,28.14,37.62,28.48,29.13,LOW
4736,4.78,28.79,37.7,35.87,3.28,22.16,LOW
4737,74.19,77.67,27.73,28.53,9.45,46.75,MODERATE
4738,44.91,22.06,55.16,54.74,3.55,38.15,MODERATE
4739,33.67,39.19,45.68,70.55,5.22,40.28,MODERATE
4740,15.68,67.71,69.63,63.49,5.5,44.91,MODERATE
4741,36.96,13.5,44.65,72.77,3.22,35.91,MODERATE
4742,31.55,13.5,45.17,43.38,7.55,29.43,LOW
4743,92.63,44.85,55.16,54.74,3.55,54.64,MODERATE
4744,49.71,92.37,43.21,37.75,6.15,48.01,MODERATE
4745,27.53,22.06,55.16,54.74,3.55,33.81,MODERATE
4746,15.9,55.28,27.73,28.53,9.45,27.7,LOW
4747,28.59,39.19,67.09,69.3,9.98,43.76,MODERATE
4748,0.25,27.6,45.17,43.38,7.55,24.42,LOW
4749,31.98,38.81,45.17,43.38,7.55,34.6,MODERATE
4750,1.33,27.8,53.94,66.16,1.04,30.07,MODERATE
4751,0.04,7.4,28.14,37.62,28.48,18.92,LOW
4752,22.85,55.28,28.14,37.62,28.48,34.19,MODERATE
4753,41.95,22.06,38.77,75.74,3.32,38.3,MODERATE
4754,26.18,67.71,63.25,50.14,3.97,43.36,MODERATE
4755,7.12,35.8,44.94,41.99,4.2,26.95,LOW
4756,32.52,50.98,40.07,84.98,2.17,43.66,MODERATE
4757,15.07,54.69,53.94,66.16,1.04,38.88,MODERATE
4758,42.9,31.05,47.75,23.78,2.21,31.57,MODERATE
4759,2.52,27.8,53.94,66.16,1.04,30.37,MODERATE
4760,5.35,13.5,49.79,22.56,7.83,19.68,LOW
4761,7.58,55.28,36.69,13.35,13.11,24.92,LOW
4762,42.16,35.8,55.74,73.6,6.83,44.59,MODERATE
4763,1.16,27.6,49.06,88.54,1.51,33.56,MODERATE
4764,16.33,50.43,49.06,88.54,1.51,41.92,MODERATE
4765,32.65,7.4,36.79,73.54,2.69,32.11,MODERATE
4766,18.49,50.43,36.79,73.54,2.69,37.18,MODERATE
4767,39.01,50.98,49.08,53.12,1.49,40.61,MODERATE
4768,31.27,30.5,47.75,23.78,2.21,28.56,LOW
4769,0.11,41.92,46.14,60.26,0.85,29.82,LOW
4770,64.94,39.19,56.62,50.18,100.0,60.43,ELEVATED
4771,20.88,44.85,34.09,22.41,5.31,26.29,LOW
4772,46.77,45.69,44.94,41.99,4.2,38.84,MODERATE
4773,33.8,77.67,27.73,28.53,9.45,36.65,MODERATE
4774,2.89,13.5,61.69,65.14,8.5,30.06,MODERATE
4775,11.19,7.4,28.14,37.62,28.48,21.7,LOW
4776,29.55,38.81,62.03,35.4,11.62,36.38,MODERATE
4777,23.44,54.51,64.55,94.57,7.93,49.78,MODERATE
4778,20.2,46.27,53.94,66.16,1.04,38.48,MODERATE
4779,27.48,39.19,53.49,50.77,10.04,37.07,MODERATE
4780,95.52,50.43,64.55,94.57,7.93,66.98,ELEVATED
4781,16.07,46.27,46.43,78.47,6.48,39.23,MODERATE
4782,13.68,49.18,36.51,72.54,8.54,36.35,MODERATE
4783,23.73,55.28,62.83,59.7,4.82,42.22,MODERATE
4784,72.39,30.65,40.07,84.98,2.17,49.56,MODERATE
4785,25.53,39.87,64.62,62.23,1.45,39.94,MODERATE
4786,32.63,30.5,56.62,50.18,100.0,50.62,MODERATE
4787,15.44,52.85,45.17,43.38,7.55,33.27,MODERATE
4788,29.78,50.43,63.25,50.14,3.97,40.81,MODERATE
4789,24.58,39.19,43.72,62.22,4.4,35.83,MODERATE
4790,25.62,32.66,64.55,94.57,7.93,45.95,MODERATE
4791,4.43,30.65,49.79,22.56,7.83,22.88,LOW
4792,53.05,44.42,63.25,50.14,3.97,45.42,MODERATE
4793,5.25,54.51,41.57,33.83,3.77,27.86,LOW
4794,69.88,21.89,74.34,80.87,5.45,53.71,MODERATE
4795,80.04,30.65,37.2,33.49,4.35,40.93,MODERATE
4796,23.43,28.79,49.79,22.56,7.83,27.26,LOW
4797,9.52,50.43,49.28,20.61,8.21,27.68,LOW
4798,16.21,52.85,61.4,60.31,7.14,40.04,MODERATE
4799,19.54,35.8,52.61,51.56,6.38,33.84,MODERATE
4800,26.64,31.05,61.34,75.53,1.78,40.51,MODERATE
4801,16.64,30.65,43.72,62.22,4.4,32.14,MODERATE
4802,18.73,79.62,62.83,59.7,4.82,45.84,MODERATE
4803,20.46,13.5,61.69,65.14,8.5,34.46,MODERATE
4804,2.51,54.69,54.79,31.06,8.54,30.02,MODERATE
4805,38.77,13.5,56.62,50.18,100.0,48.75,MODERATE
4806,30.38,70.78,54.8,54.62,4.34,44.28,MODERATE
4807,15.36,49.18,49.33,36.19,8.62,32.07,MODERATE
4808,17.37,55.29,37.2,33.49,4.35,30.19,MODERATE
4809,16.27,50.43,63.25,50.14,3.97,37.43,MODERATE
4810,29.96,67.71,67.74,76.58,5.54,50.73,MODERATE
4811,29.54,39.19,53.94,66.16,1.04,39.4,MODERATE
4812,53.08,30.65,45.96,28.05,13.05,36.16,MODERATE
4813,24.55,46.27,46.43,78.47,6.48,41.34,MODERATE
4814,2.25,54.69,36.79,73.54,2.69,33.97,MODERATE
4815,15.51,7.4,36.79,73.54,2.69,27.83,LOW
4816,5.11,28.79,49.79,22.56,7.83,22.68,LOW
4817,6.25,44.85,43.21,37.75,6.15,27.65,LOW
4818,9.6,13.5,26.82,39.87,3.59,18.98,LOW
4819,100.0,52.85,45.17,43.38,7.55,54.41,MODERATE
4820,44.53,52.85,62.96,56.72,14.21,47.77,MODERATE
4821,50.63,39.19,53.49,50.77,10.04,42.85,MODERATE
4822,57.79,54.69,45.17,43.38,7.55,44.23,MODERATE
4823,18.25,39.87,61.4,60.31,7.14,37.95,MODERATE
4824,41.69,28.79,41.04,21.17,0.05,28.63,LOW
4825,83.65,92.37,67.74,76.58,5.54,69.08,ELEVATED
4826,7.25,28.79,66.25,44.11,5.32,30.44,MODERATE
4827,70.78,28.79,49.08,53.12,1.49,44.12,MODERATE
4828,19.04,39.87,49.28,20.61,8.21,27.94,LOW
4829,28.3,77.67,43.41,62.07,2.53,44.09,MODERATE
4830,24.77,50.43,49.79,22.56,7.83,31.92,MODERATE
4831,22.07,55.28,49.33,36.19,8.62,34.97,MODERATE
4832,18.79,13.5,37.2,33.49,4.35,22.19,LOW
4833,46.41,33.91,49.79,22.56,7.83,34.03,MODERATE
4834,1.4,9.17,61.63,40.68,4.75,23.36,LOW
4835,34.4,31.05,44.94,41.99,4.2,32.83,MODERATE
4836,2.64,28.79,49.79,22.56,7.83,22.06,LOW
4837,100.0,7.4,41.57,33.83,3.77,42.13,MODERATE
4838,26.06,50.98,44.65,72.77,3.22,40.68,MODERATE
4839,0.08,50.98,26.82,39.87,3.59,24.09,LOW
4840,16.88,70.78,40.07,84.98,2.17,43.71,MODERATE
4841,10.74,55.29,43.72,62.22,4.4,35.59,MODERATE
4842,12.95,31.05,67.09,69.3,9.98,38.22,MODERATE
4843,15.69,30.5,50.05,54.59,6.49,31.93,MODERATE
4844,35.94,92.37,37.2,33.49,4.35,42.25,MODERATE
4845,2.16,30.5,47.75,23.78,2.21,21.28,LOW
4846,20.98,9.17,49.79,22.56,7.83,22.72,LOW
4847,29.99,54.51,64.55,94.57,7.93,51.41,MODERATE
4848,9.28,9.3,62.34,56.72,6.72,29.0,LOW
4849,5.74,9.3,40.07,84.98,2.17,28.63,LOW
4850,4.88,39.87,49.28,20.61,8.21,24.4,LOW
4851,14.3,77.67,27.73,28.53,9.45,31.78,MODERATE
4852,13.98,67.71,49.79,22.56,7.83,32.68,MODERATE
4853,21.61,31.05,47.71,75.92,5.14,37.11,MODERATE
4854,22.77,52.85,37.97,85.55,7.91,42.15,MODERATE
4855,51.25,67.71,69.63,63.49,5.5,53.8,MODERATE
4856,30.09,13.5,49.79,22.56,7.83,25.87,LOW
4857,1.55,54.51,47.75,23.78,2.21,25.93,LOW
4858,1.7,55.28,61.63,40.68,4.75,32.66,MODERATE
4859,6.94,44.85,46.74,32.43,8.08,27.75,LOW
4860,7.64,81.78,74.84,21.52,9.31,38.93,MODERATE
4861,1.62,55.29,55.74,73.6,6.83,38.36,MODERATE
4862,0.75,41.92,43.87,39.72,19.26,28.18,LOW
4863,41.76,38.81,62.96,56.72,14.21,44.27,MODERATE
4864,29.86,81.78,62.23,24.09,4.71,41.79,MODERATE
4865,1.59,32.66,36.79,73.54,2.69,29.4,LOW
4866,23.65,30.65,64.25,82.95,6.21,42.41,MODERATE
4867,18.76,55.28,34.09,22.41,5.31,27.84,LOW
4868,12.47,30.65,43.72,62.22,4.4,31.1,MODERATE
4869,19.2,32.66,67.09,69.3,9.98,40.11,MODERATE
4870,2.05,41.92,37.97,85.55,7.91,34.79,MODERATE
4871,32.28,39.19,28.14,37.62,28.48,33.33,MODERATE
4872,6.8,13.5,34.09,22.41,5.31,16.5,LOW
4873,47.19,52.85,37.97,85.55,7.91,48.26,MODERATE
4874,15.84,49.18,44.14,84.78,4.01,40.18,MODERATE
4875,17.66,38.81,59.24,22.75,11.82,30.35,MODERATE
4876,59.32,9.3,62.83,59.7,4.82,41.92,MODERATE
4877,21.9,79.62,54.8,54.62,4.34,43.93,MODERATE
4878,28.49,32.66,34.3,19.13,10.61,25.93,LOW
4879,19.92,39.87,49.28,20.61,8.21,28.16,LOW
4880,34.13,27.8,50.05,54.59,6.49,35.99,MODERATE
4881,29.73,28.79,49.08,53.12,1.49,33.85,MODERATE
4882,5.49,39.19,53.94,66.16,1.04,33.39,MODERATE
4883,66.84,67.71,64.25,82.95,6.21,60.62,ELEVATED
4884,12.94,22.06,37.7,35.87,3.28,22.85,LOW
4885,8.02,30.65,47.71,75.92,5.14,33.63,MODERATE
4886,58.99,41.92,62.83,59.7,4.82,48.36,MODERATE
4887,32.16,55.29,37.2,33.49,4.35,33.89,MODERATE
4888,43.99,54.51,74.34,80.87,5.45,53.76,MODERATE
4889,6.12,54.51,74.34,80.87,5.45,44.29,MODERATE
4890,44.36,50.43,63.25,50.14,3.97,44.45,MODERATE
4891,6.17,32.66,27.39,79.52,5.52,30.29,MODERATE
4892,23.99,21.89,27.73,28.53,9.45,23.04,LOW
4893,24.33,33.91,44.65,72.77,3.22,36.83,MODERATE
4894,3.24,47.08,49.06,88.54,1.51,37.97,MODERATE
4895,0.62,32.66,67.09,69.3,9.98,35.46,MODERATE
4896,12.37,49.18,53.49,50.77,10.04,35.29,MODERATE
4897,5.92,9.17,61.63,40.68,4.75,24.49,LOW
4898,29.35,50.43,49.08,53.12,1.49,38.09,MODERATE
4899,34.73,9.3,35.93,38.19,7.67,26.51,LOW
4900,59.95,70.78,46.47,69.35,1.31,52.51,MODERATE
4901,46.97,50.98,62.34,56.72,6.72,46.76,MODERATE
4902,3.53,13.5,37.97,85.55,7.91,29.47,LOW
4903,18.3,52.85,55.16,54.74,3.55,37.66,MODERATE
4904,28.45,55.28,61.63,40.68,4.75,39.34,MODERATE
4905,41.25,81.78,46.47,69.35,1.31,50.03,MODERATE
4906,9.1,44.42,61.51,50.38,8.86,34.87,MODERATE
4907,38.57,44.42,37.7,35.87,3.28,33.73,MODERATE
4908,8.04,9.3,46.14,60.26,0.85,25.28,LOW
4909,42.48,55.29,43.41,62.07,2.53,43.15,MODERATE
4910,2.47,39.19,53.49,50.77,10.04,30.81,MODERATE
4911,9.71,41.92,41.44,31.24,6.52,26.33,LOW
4912,2.62,30.65,44.14,84.78,4.01,33.17,MODERATE
4913,4.67,27.8,50.05,54.59,6.49,28.63,LOW
4914,34.96,35.8,44.39,16.48,3.54,28.61,LOW
4915,51.92,9.3,32.94,31.9,6.06,28.72,LOW
4916,19.56,92.37,44.14,84.78,4.01,49.75,MODERATE
4917,46.04,30.5,41.57,33.83,3.77,33.26,MODERATE
4918,26.92,81.78,46.47,69.35,1.31,46.45,MODERATE
4919,2.43,67.71,67.74,76.58,5.54,43.84,MODERATE
4920,4.59,54.69,36.51,72.54,8.54,35.18,MODERATE
4921,21.85,41.92,37.7,35.87,3.28,29.05,LOW
4922,35.5,21.89,27.73,28.53,9.45,25.92,LOW
4923,31.19,27.6,43.21,37.75,6.15,30.43,MODERATE
4924,37.94,81.03,36.79,73.54,2.69,48.16,MODERATE
4925,6.47,70.78,61.51,50.38,8.86,39.48,MODERATE
4926,17.32,9.17,74.84,21.52,9.31,26.83,LOW
4927,21.17,31.05,34.3,19.13,10.61,23.78,LOW
4928,2.75,50.43,28.14,37.62,28.48,28.2,LOW
4929,58.0,55.29,52.06,66.65,0.0,49.3,MODERATE
4930,42.12,55.29,43.41,62.07,2.53,43.06,MODERATE
4931,0.6,28.79,40.22,58.67,10.3,27.23,LOW
4932,35.44,30.5,43.72,62.22,4.4,36.81,MODERATE
4933,48.53,27.6,36.51,72.54,8.54,40.74,MODERATE
4934,21.5,81.78,63.25,50.14,3.97,45.01,MODERATE
4935,3.38,31.05,61.34,75.53,1.78,34.7,MODERATE
4936,17.08,49.18,47.71,75.92,5.14,39.6,MODERATE
4937,2.4,67.71,67.74,76.58,5.54,43.84,MODERATE
4938,6.17,13.5,45.17,43.38,7.55,23.08,LOW
4939,7.8,39.19,43.72,62.22,4.4,31.64,MODERATE
4940,13.28,13.5,27.73,28.53,9.45,18.69,LOW
4941,29.67,45.61,38.07,12.64,8.6,27.97,LOW
4942,81.2,41.92,63.25,50.14,3.97,51.96,MODERATE
4943,1.59,77.67,66.25,44.11,5.32,38.8,MODERATE
4944,14.84,32.66,43.21,37.75,6.15,27.36,LOW
4945,21.45,46.27,64.62,62.23,1.45,40.2,MODERATE
4946,6.17,9.3,55.38,71.74,7.53,29.95,LOW
4947,27.86,22.06,49.28,20.61,8.21,26.59,LOW
4948,10.83,54.69,45.17,43.38,7.55,32.49,MODERATE
4949,3.71,28.79,40.22,58.67,10.3,28.01,LOW
4950,86.9,67.71,67.74,76.58,5.54,64.96,ELEVATED
4951,10.19,49.18,47.71,75.92,5.14,37.88,MODERATE
4952,56.34,39.87,64.62,62.23,1.45,47.64,MODERATE
4953,20.8,54.51,43.21,37.75,6.15,33.22,MODERATE
4954,32.91,31.05,43.87,39.72,19.26,34.05,MODERATE
4955,14.24,55.28,64.25,82.95,6.21,44.99,MODERATE
4956,31.28,27.6,37.2,33.49,4.35,28.13,LOW
4957,39.01,55.29,45.17,43.38,7.55,39.65,MODERATE
4958,28.47,39.87,34.3,19.13,10.61,27.37,LOW
4959,5.53,79.62,62.83,59.7,4.82,42.54,MODERATE
4960,59.81,30.65,37.2,33.49,4.35,35.87,MODERATE
4961,60.11,13.5,56.62,50.18,100.0,54.09,MODERATE
4962,0.43,46.27,74.84,21.52,9.31,30.03,MODERATE
4963,27.29,22.06,55.16,54.74,3.55,33.75,MODERATE
4964,33.79,81.78,74.84,21.52,9.31,45.47,MODERATE
4965,17.4,30.5,64.62,62.23,1.45,36.04,MODERATE
4966,34.22,92.37,32.58,28.53,7.36,40.35,MODERATE
4967,12.3,45.61,23.77,18.02,4.26,21.19,LOW
4968,3.7,30.5,43.41,62.07,2.53,28.5,LOW
4969,11.13,21.89,55.38,71.74,7.53,33.71,MODERATE
4970,24.45,46.27,52.06,66.65,0.0,39.11,MODERATE
4971,39.46,49.18,44.14,84.78,4.01,46.09,MODERATE
4972,28.16,44.42,37.7,35.87,3.28,31.13,MODERATE
4973,6.18,50.43,54.79,31.06,8.54,30.08,MODERATE
4974,1.29,49.18,49.33,36.19,8.62,28.56,LOW
4975,42.37,39.87,64.62,62.23,1.45,44.15,MODERATE
4976,5.82,81.78,28.14,37.62,28.48,35.24,MODERATE
4977,59.08,70.78,27.39,79.52,5.52,51.14,MODERATE
4978,10.33,39.87,61.4,60.31,7.14,35.97,MODERATE
4979,52.84,33.91,43.41,62.07,2.53,41.47,MODERATE
4980,28.46,32.66,27.39,79.52,5.52,35.86,MODERATE
4981,32.55,30.5,38.77,75.74,3.32,37.64,MODERATE
4982,14.85,81.03,36.79,73.54,2.69,42.39,MODERATE
4983,10.5,27.8,28.14,37.62,28.48,25.61,LOW
4984,39.92,81.78,74.84,21.52,9.31,47.0,MODERATE
4985,26.52,55.29,32.94,31.9,6.06,31.56,MODERATE
4986,21.63,9.17,50.05,54.59,6.49,29.14,LOW
4987,12.68,67.71,26.54,32.88,8.7,29.9,LOW
4988,20.16,70.78,54.8,54.62,4.34,41.73,MODERATE
4989,24.38,81.78,37.2,33.49,4.35,37.24,MODERATE
4990,35.94,81.03,37.97,85.55,7.91,51.08,MODERATE
4991,4.61,31.05,41.04,21.17,0.05,19.81,LOW
4992,7.87,45.61,46.74,32.43,8.08,28.14,LOW
4993,7.01,79.62,43.42,67.64,5.36,40.69,MODERATE
4994,31.93,50.43,49.28,20.61,8.21,33.28,MODERATE
4995,25.44,46.27,32.94,31.9,6.06,29.49,LOW
4996,12.6,27.8,49.06,88.54,1.51,36.46,MODERATE
4997,17.37,30.65,44.14,84.78,4.01,36.86,MODERATE
4998,66.48,67.71,52.06,66.65,0.0,53.9,MODERATE
4999,30.88,9.17,37.97,85.55,7.91,35.44,MODERATE
5000,3.29,22.06,54.8,54.62,4.34,27.77,LOW
5001,7.53,30.65,40.07,84.98,2.17,33.35,MODERATE
5002,9.11,81.78,37.2,33.49,4.35,33.42,MODERATE
5003,32.34,28.79,49.79,22.56,7.83,29.49,LOW
5004,24.31,45.61,42.71,43.66,6.29,33.42,MODERATE
5005,15.13,44.85,46.74,32.43,8.08,29.8,LOW
5006,14.0,38.81,61.69,65.14,8.5,37.9,MODERATE
5007,23.69,67.71,62.96,56.72,14.21,45.53,MODERATE
5008,32.87,30.5,52.61,51.56,6.38,36.11,MODERATE
5009,22.48,30.5,41.57,33.83,3.77,27.37,LOW
5010,33.52,52.85,64.62,62.23,1.45,44.54,MODERATE
5011,25.06,35.8,52.61,51.56,6.38,35.22,MODERATE
5012,62.56,55.28,55.38,71.74,7.53,53.25,MODERATE
5013,32.63,13.5,61.34,75.53,1.78,38.5,MODERATE
5014,24.6,39.87,50.05,54.59,6.49,36.03,MODERATE
5015,11.28,50.43,37.2,33.49,4.35,27.7,LOW
5016,22.35,67.71,63.25,50.14,3.97,42.4,MODERATE
5017,28.26,52.85,64.62,62.23,1.45,43.22,MODERATE
5018,16.79,67.71,36.79,73.54,2.69,40.21,MODERATE
5019,55.89,54.51,74.34,80.87,5.45,56.74,ELEVATED
5020,27.41,33.91,61.4,60.31,7.14,39.05,MODERATE
5021,9.77,54.51,47.71,75.92,5.14,38.84,MODERATE
5022,40.64,45.61,38.07,12.64,8.6,30.71,MODERATE
5023,30.74,39.19,45.68,70.55,5.22,39.55,MODERATE
5024,16.37,9.17,37.97,85.55,7.91,31.82,MODERATE
5025,4.59,70.78,61.51,50.38,8.86,39.01,MODERATE
5026,69.39,35.8,61.51,50.38,8.86,48.21,MODERATE
5027,15.08,27.6,34.49,52.59,6.05,27.61,LOW
5028,21.69,45.69,62.96,56.72,14.21,40.63,MODERATE
5029,30.39,39.19,43.41,62.07,2.53,36.91,MODERATE
5030,49.41,44.42,36.69,13.35,13.11,33.21,MODERATE
5031,31.73,50.43,54.79,31.06,8.54,36.47,MODERATE
5032,3.94,50.98,44.65,72.77,3.22,35.15,MODERATE
5033,1.65,22.06,54.8,54.62,4.34,27.36,LOW
5034,22.99,81.03,36.51,72.54,8.54,45.04,MODERATE
5035,4.31,55.29,43.72,62.22,4.4,33.98,MODERATE
5036,19.9,70.78,40.07,84.98,2.17,44.47,MODERATE
5037,3.64,33.91,37.97,85.55,7.91,33.58,MODERATE
5038,18.48,30.65,40.22,58.67,10.3,32.07,MODERATE
5039,2.88,27.8,40.07,84.98,2.17,31.62,MODERATE
5040,13.15,30.5,43.72,62.22,4.4,31.24,MODERATE
5041,2.4,35.8,41.44,31.24,6.52,23.27,LOW
5042,26.13,46.27,50.05,54.59,6.49,37.69,MODERATE
5043,7.71,45.61,38.07,12.64,8.6,22.48,LOW
5044,4.3,7.4,62.34,56.72,6.72,27.38,LOW
5045,47.12,81.03,54.59,66.05,6.77,53.13,MODERATE
5046,21.86,46.27,52.06,66.65,0.0,38.46,MODERATE
5047,0.54,30.5,43.72,62.22,4.4,28.08,LOW
5048,40.72,50.43,49.79,22.56,7.83,35.91,MODERATE
5049,9.64,30.65,40.22,58.67,10.3,29.86,LOW
5050,11.49,55.28,44.14,84.78,4.01,40.32,MODERATE
5051,32.8,22.06,49.28,20.61,8.21,27.82,LOW
5052,11.73,13.5,45.17,43.38,7.55,24.47,LOW
5053,21.67,32.66,23.77,18.02,4.26,20.95,LOW
5054,53.66,9.17,74.84,21.52,9.31,35.92,MODERATE
5055,2.15,77.67,64.62,62.23,1.45,41.66,MODERATE
5056,16.64,39.87,61.4,60.31,7.14,37.55,MODERATE
5057,3.53,55.28,26.82,39.87,3.59,25.81,LOW
5058,25.44,13.5,66.25,44.11,5.32,31.93,MODERATE
5059,26.8,50.98,41.44,31.24,6.52,32.41,MODERATE
5060,33.32,39.19,26.82,39.87,3.59,30.04,MODERATE
5061,11.62,55.28,49.33,36.19,8.62,32.36,MODERATE
5062,32.49,54.51,47.81,43.54,7.25,38.38,MODERATE
5063,3.68,77.67,64.62,62.23,1.45,42.04,MODERATE
5064,35.66,30.65,54.59,66.05,6.77,40.19,MODERATE
5065,25.01,77.67,64.62,62.23,1.45,47.38,MODERATE
5066,0.53,9.17,61.63,40.68,4.75,23.14,LOW
5067,4.94,30.65,49.08,53.12,1.49,28.03,LOW
5068,28.3,52.85,61.4,60.31,7.14,43.06,MODERATE
5069,6.22,39.19,36.51,72.54,8.54,32.48,MODERATE
5070,12.82,45.61,46.74,32.43,8.08,29.37,LOW
5071,11.05,81.03,35.93,38.19,7.67,34.94,MODERATE
5072,22.59,28.79,49.79,22.56,7.83,27.05,LOW
5073,3.56,79.62,45.17,43.38,7.55,35.66,MODERATE
5074,6.0,55.29,43.72,62.22,4.4,34.41,MODERATE
5075,31.75,50.43,37.2,33.49,4.35,32.81,MODERATE
5076,22.03,27.8,49.06,88.54,1.51,38.82,MODERATE
5077,30.73,22.06,48.0,31.83,2.74,28.47,LOW
5078,4.1,54.51,41.57,33.83,3.77,27.57,LOW
5079,1.11,39.19,43.72,62.22,4.4,29.96,LOW
5080,7.31,32.66,43.21,37.75,6.15,25.47,LOW
5081,28.73,39.19,52.61,51.56,6.38,36.81,MODERATE
5082,19.81,50.98,26.82,39.87,3.59,29.02,LOW
5083,19.58,55.28,64.25,82.95,6.21,46.32,MODERATE
5084,18.86,35.8,44.94,41.99,4.2,29.89,LOW
5085,62.36,31.05,44.94,41.99,4.2,39.81,MODERATE
5086,10.41,30.65,49.08,53.12,1.49,29.4,LOW
5087,42.33,50.98,40.07,84.98,2.17,46.11,MODERATE
5088,7.0,81.78,46.47,69.35,1.31,41.47,MODERATE
5089,15.7,50.43,37.2,33.49,4.35,28.8,LOW
5090,3.39,35.8,67.09,69.3,9.98,36.78,MODERATE
5091,13.02,30.5,50.05,54.59,6.49,31.26,MODERATE
5092,25.44,30.65,49.08,53.12,1.49,33.15,MODERATE
5093,4.24,81.03,61.34,75.53,1.78,44.91,MODERATE
5094,26.71,45.61,43.21,37.75,6.15,32.91,MODERATE
5095,1.05,47.08,64.62,62.23,1.45,35.26,MODERATE
5096,79.72,79.62,62.83,59.7,4.82,61.08,ELEVATED
5097,12.06,35.8,67.09,69.3,9.98,38.95,MODERATE
5098,0.54,27.8,53.94,66.16,1.04,29.87,LOW
5099,20.87,50.43,36.79,73.54,2.69,37.77,MODERATE
5100,3.47,54.69,36.79,73.54,2.69,34.27,MODERATE
5101,6.6,54.51,40.22,58.67,10.3,33.87,MODERATE
5102,3.14,67.71,49.79,22.56,7.83,29.97,LOW
5103,0.36,30.65,43.72,62.22,4.4,28.07,LOW
5104,65.96,45.61,55.38,71.74,7.53,52.16,MODERATE
5105,25.02,13.5,45.17,43.38,7.55,27.8,LOW
5106,11.38,81.78,45.96,28.05,13.05,35.96,MODERATE
5107,21.36,45.61,23.77,18.02,4.26,23.46,LOW
5108,12.57,30.5,52.61,51.56,6.38,31.03,MODERATE
5109,28.29,27.6,45.17,43.38,7.55,31.43,MODERATE
5110,22.72,35.8,41.44,31.24,6.52,28.36,LOW
5111,13.56,46.27,46.14,60.26,0.85,34.05,MODERATE
5112,3.17,41.92,37.2,33.49,4.35,23.96,LOW
5113,28.49,54.69,36.79,73.54,2.69,40.53,MODERATE
5114,13.2,9.3,40.07,84.98,2.17,30.5,MODERATE
5115,0.35,45.69,44.94,41.99,4.2,27.24,LOW
5116,3.21,79.62,46.47,69.35,1.31,40.09,MODERATE
5117,36.79,70.78,54.8,54.62,4.34,45.89,MODERATE
5118,19.1,30.5,43.72,62.22,4.4,32.73,MODERATE
5119,15.36,92.37,38.77,75.74,3.32,45.72,MODERATE
5120,24.18,45.61,34.09,22.41,5.31,27.26,LOW
5121,95.92,70.78,40.07,84.98,2.17,63.47,ELEVATED
5122,2.82,41.92,43.87,39.72,19.26,28.7,LOW
5123,4.86,9.17,50.05,54.59,6.49,24.95,LOW
5124,17.63,7.4,56.62,50.18,100.0,42.25,MODERATE
5125,25.34,7.4,28.14,37.62,28.48,25.24,LOW
5126,34.55,81.78,63.25,50.14,3.97,48.27,MODERATE
5127,17.2,30.65,64.25,82.95,6.21,40.8,MODERATE
5128,40.57,50.43,67.09,69.3,9.98,49.0,MODERATE
5129,2.59,30.5,43.41,62.07,2.53,28.22,LOW
5130,52.94,77.67,43.41,62.07,2.53,50.25,MODERATE
5131,4.69,27.8,53.94,66.16,1.04,30.91,MODERATE
5132,24.92,50.43,44.65,72.77,3.22,40.28,MODERATE
5133,24.14,54.51,43.21,37.75,6.15,34.05,MODERATE
5134,55.81,22.06,54.8,54.62,4.34,40.9,MODERATE
5135,1.66,54.51,47.75,23.78,2.21,25.95,LOW
5136,13.69,31.05,44.94,41.99,4.2,27.65,LOW
5137,33.45,44.85,46.74,32.43,8.08,34.38,MODERATE
5138,12.38,32.66,36.79,73.54,2.69,32.1,MODERATE
5139,25.7,50.98,43.42,67.64,5.36,39.64,MODERATE
5140,14.17,13.5,26.82,39.87,3.59,20.12,LOW
5141,11.23,77.67,27.73,28.53,9.45,31.01,MODERATE
5142,6.77,33.91,37.7,35.87,3.28,23.68,LOW
5143,31.96,30.65,43.72,62.22,4.4,35.97,MODERATE
5144,8.12,92.37,46.47,69.35,1.31,43.86,MODERATE
5145,29.94,39.19,43.41,62.07,2.53,36.8,MODERATE
5146,18.38,30.5,46.03,96.31,7.43,40.28,MODERATE
5147,13.59,31.05,45.68,70.55,5.22,33.64,MODERATE
5148,16.74,55.28,64.25,82.95,6.21,45.61,MODERATE
5149,44.71,39.87,52.61,51.56,6.38,40.94,MODERATE
5150,1.53,27.8,40.07,84.98,2.17,31.28,MODERATE
5151,61.39,9.3,40.07,84.98,2.17,42.54,MODERATE
5152,34.85,39.19,67.09,69.3,9.98,45.32,MODERATE
5153,6.8,54.51,64.55,94.57,7.93,45.61,MODERATE
5154,13.44,39.19,55.16,54.74,3.55,33.71,MODERATE
5155,13.12,50.43,62.34,56.72,6.72,38.19,MODERATE
5156,3.08,44.42,36.69,13.35,13.11,21.63,LOW
5157,5.56,39.19,67.09,69.3,9.98,38.0,MODERATE
5158,5.69,31.05,34.3,19.13,10.61,19.91,LOW
5159,21.08,70.78,66.25,44.11,5.32,42.3,MODERATE
5160,20.04,44.42,44.94,41.99,4.2,31.91,MODERATE
5161,20.15,9.17,74.84,21.52,9.31,27.54,LOW
5162,29.12,33.91,34.49,52.59,6.05,32.39,MODERATE
5163,9.77,27.6,45.17,43.38,7.55,26.8,LOW
5164,24.68,30.65,35.93,38.19,7.67,28.27,LOW
5165,2.37,7.4,61.34,75.53,1.78,29.71,LOW
5166,32.03,13.5,61.69,65.14,8.5,37.35,MODERATE
5167,14.67,27.8,50.05,54.59,6.49,31.13,MODERATE
5168,30.04,32.66,23.77,18.02,4.26,23.04,LOW
5169,17.6,55.29,52.06,66.65,0.0,39.2,MODERATE
5170,9.12,21.89,55.38,71.74,7.53,33.21,MODERATE
5171,0.14,77.67,27.73,28.53,9.45,28.24,LOW
5172,94.29,46.27,52.06,66.65,0.0,56.57,ELEVATED
5173,11.27,50.98,43.42,67.64,5.36,36.03,MODERATE
5174,15.77,45.61,42.71,43.66,6.29,31.28,MODERATE
5175,14.37,92.37,43.21,37.75,6.15,39.18,MODERATE
5176,7.73,92.37,38.77,75.74,3.32,43.81,MODERATE
5177,16.07,52.85,61.4,60.31,7.14,40.0,MODERATE
5178,80.05,50.98,35.93,38.19,7.67,46.18,MODERATE
5179,36.67,46.27,52.06,66.65,0.0,42.16,MODERATE
5180,22.66,38.81,34.09,22.41,5.31,25.52,LOW
5181,16.0,49.18,23.77,18.02,4.26,22.83,LOW
5182,6.89,21.89,44.65,72.77,3.22,30.07,MODERATE
5183,13.2,50.43,49.79,22.56,7.83,29.03,LOW
5184,17.68,21.89,61.51,50.38,8.86,32.5,MODERATE
5185,5.88,45.61,38.77,75.74,3.32,33.99,MODERATE
5186,6.19,30.65,54.8,54.62,4.34,30.21,MODERATE
5187,17.45,9.17,49.79,22.56,7.83,21.84,LOW
5188,7.42,50.43,49.08,53.12,1.49,32.61,MODERATE
5189,12.01,31.05,45.68,70.55,5.22,33.24,MODERATE
5190,11.78,44.42,40.22,58.67,10.3,33.15,MODERATE
5191,42.59,7.4,28.14,37.62,28.48,29.55,LOW
5192,5.22,55.28,49.33,36.19,8.62,30.76,MODERATE
5193,9.81,49.18,23.77,18.02,4.26,21.29,LOW
5194,8.21,81.78,74.84,21.52,9.31,39.08,MODERATE
5195,21.25,92.37,34.49,52.59,6.05,42.11,MODERATE
5196,27.41,9.3,32.94,31.9,6.06,22.59,LOW
5197,19.78,50.43,32.94,31.9,6.06,28.91,LOW
5198,14.51,55.28,64.25,82.95,6.21,45.06,MODERATE
5199,26.68,50.43,64.55,94.57,7.93,49.77,MODERATE
5200,4.44,77.67,46.14,60.26,0.85,38.05,MODERATE
5201,10.11,21.89,44.65,72.77,3.22,30.87,MODERATE
5202,8.99,13.5,37.97,85.55,7.91,30.84,MODERATE
5203,33.55,44.85,43.21,37.75,6.15,34.47,MODERATE
5204,57.88,81.78,40.07,84.98,2.17,56.16,ELEVATED
5205,40.64,39.19,36.51,72.54,8.54,41.09,MODERATE
5206,9.63,50.43,36.79,73.54,2.69,34.96,MODERATE
5207,67.36,39.19,36.51,72.54,8.54,47.77,MODERATE
5208,26.13,45.69,41.04,21.17,0.05,28.12,LOW
5209,0.88,30.65,35.93,38.19,7.67,22.32,LOW
5210,23.21,81.03,36.51,72.54,8.54,45.1,MODERATE
5211,2.39,13.5,26.82,39.87,3.59,17.17,LOW
5212,9.61,92.37,67.74,76.58,5.54,50.57,MODERATE
5213,5.77,33.91,23.77,18.02,4.26,17.22,LOW
5214,96.13,52.85,61.4,60.31,7.14,60.02,ELEVATED
5215,8.64,30.65,35.93,38.19,7.67,24.26,LOW
5216,36.68,49.18,55.38,71.74,7.53,45.56,MODERATE
5217,73.8,39.19,43.72,62.22,4.4,48.14,MODERATE
5218,29.31,50.43,49.79,22.56,7.83,33.06,MODERATE
5219,28.01,79.62,43.42,67.64,5.36,45.94,MODERATE
5220,8.05,81.03,35.93,38.19,7.67,34.19,MODERATE
5221,32.11,70.78,54.8,54.62,4.34,44.72,MODERATE
5222,20.09,49.18,40.07,84.98,2.17,40.2,MODERATE
5223,11.35,81.78,61.4,60.31,7.14,44.61,MODERATE
5224,44.29,41.92,41.57,33.83,3.77,35.1,MODERATE
5225,47.71,44.42,26.82,39.87,3.59,34.69,MODERATE
5226,36.07,33.91,62.03,35.4,11.62,37.03,MODERATE
5227,20.95,33.91,37.97,85.55,7.91,37.91,MODERATE
5228,46.52,54.69,54.79,31.06,8.54,41.02,MODERATE
5229,16.73,27.8,28.14,37.62,28.48,27.17,LOW
5230,100.0,45.61,63.25,50.14,3.97,57.4,ELEVATED
5231,2.47,27.8,53.94,66.16,1.04,30.35,MODERATE
5232,72.87,54.51,47.75,23.78,2.21,43.76,MODERATE
5233,15.51,55.29,46.47,69.35,1.31,38.3,MODERATE
5234,15.74,55.29,43.87,39.72,19.26,34.6,MODERATE
5235,4.88,70.78,66.25,44.11,5.32,38.24,MODERATE
5236,41.62,9.3,62.23,24.09,4.71,30.23,MODERATE
5237,13.58,46.27,32.94,31.9,6.06,26.53,LOW
5238,29.47,50.98,41.44,31.24,6.52,33.08,MODERATE
5239,4.99,54.51,64.55,94.57,7.93,45.16,MODERATE
5240,39.34,7.4,56.62,50.18,100.0,47.68,MODERATE
5241,12.68,50.98,48.0,31.83,2.74,29.74,LOW
5242,39.06,33.91,49.79,22.56,7.83,32.19,MODERATE
5243,1.06,50.43,62.34,56.72,6.72,35.17,MODERATE
5244,23.05,52.85,62.96,56.72,14.21,42.4,MODERATE
5245,1.45,77.67,55.38,71.74,7.53,42.45,MODERATE
5246,13.41,35.8,26.82,39.87,3.59,24.39,LOW
5247,16.41,39.19,56.62,50.18,100.0,48.3,MODERATE
5248,16.61,9.3,55.38,71.74,7.53,32.56,MODERATE
5249,23.49,55.29,43.72,62.22,4.4,38.78,MODERATE
5250,1.44,27.6,45.17,43.38,7.55,24.72,LOW
5251,16.04,33.91,43.41,62.07,2.53,32.27,MODERATE
5252,1.89,47.08,23.77,18.02,4.26,18.89,LOW
5253,6.54,35.8,33.99,44.43,2.53,24.86,LOW
5254,48.2,52.85,61.4,60.31,7.14,48.03,MODERATE
5255,16.56,9.17,49.79,22.56,7.83,21.62,LOW
5256,34.92,39.19,53.49,50.77,10.04,38.93,MODERATE
5257,60.21,50.43,67.09,69.3,9.98,53.91,MODERATE
5258,28.44,46.27,64.62,62.23,1.45,41.95,MODERATE
5259,49.81,92.37,61.4,60.31,7.14,56.34,ELEVATED
5260,1.68,81.78,61.4,60.31,7.14,42.19,MODERATE
5261,20.59,28.79,49.79,22.56,7.83,26.55,LOW
5262,12.35,47.08,56.62,50.18,100.0,48.86,MODERATE
5263,22.0,39.19,69.63,63.49,5.5,40.79,MODERATE
5264,19.13,30.65,54.8,54.62,4.34,33.45,MODERATE
5265,15.27,13.5,26.82,39.87,3.59,20.39,LOW
5266,11.64,50.98,40.07,84.98,2.17,38.44,MODERATE
5267,8.59,47.08,61.34,75.53,1.78,39.2,MODERATE
5268,25.97,30.5,50.05,54.59,6.49,34.5,MODERATE
5269,18.12,30.65,40.07,84.98,2.17,36.0,MODERATE
5270,0.22,28.79,50.05,54.59,6.49,27.72,LOW
5271,5.93,22.06,45.17,43.38,7.55,24.74,LOW
5272,67.23,13.5,66.25,44.11,5.32,42.38,MODERATE
5273,26.38,41.92,37.7,35.87,3.28,30.18,MODERATE
5274,16.9,31.05,26.54,32.88,8.7,23.62,LOW
5275,41.96,54.51,74.34,80.87,5.45,53.25,MODERATE
5276,2.23,27.8,28.14,37.62,28.48,23.54,LOW
5277,8.42,9.3,32.94,31.9,6.06,17.84,LOW
5278,7.73,39.19,26.82,39.87,3.59,23.65,LOW
5279,7.19,39.19,36.51,72.54,8.54,32.73,MODERATE
5280,16.35,52.85,55.16,54.74,3.55,37.17,MODERATE
5281,10.21,55.28,34.49,52.59,6.05,31.93,MODERATE
5282,47.53,55.28,49.86,55.73,6.34,45.01,MODERATE
5283,21.07,30.5,34.09,22.41,5.31,23.46,LOW
5284,24.9,9.17,37.97,85.55,7.91,33.95,MODERATE
5285,0.21,54.69,34.49,52.59,6.05,29.31,LOW
5286,5.26,39.19,26.82,39.87,3.59,23.03,LOW
5287,11.57,44.42,54.8,54.62,4.34,34.31,MODERATE
5288,26.16,39.19,53.49,50.77,10.04,36.74,MODERATE
5289,6.03,9.3,32.94,31.9,6.06,17.24,LOW
5290,36.26,39.19,43.72,62.22,4.4,38.75,MODERATE
5291,6.8,39.19,36.51,72.54,8.54,32.63,MODERATE
5292,37.16,54.51,47.71,75.92,5.14,45.69,MODERATE
5293,9.59,55.29,37.2,33.49,4.35,28.24,LOW
5294,19.08,39.19,36.51,72.54,8.54,35.7,MODERATE
5295,40.83,33.91,34.49,52.59,6.05,35.31,MODERATE
5296,1.95,30.65,44.14,84.78,4.01,33.0,MODERATE
5297,9.36,50.43,67.09,69.3,9.98,41.2,MODERATE
5298,0.69,46.27,26.82,39.87,3.59,23.3,LOW
5299,10.51,41.92,63.25,50.14,3.97,34.29,MODERATE
5300,54.64,79.62,54.8,54.62,4.34,52.12,MODERATE
5301,35.46,31.05,34.3,19.13,10.61,27.35,LOW
5302,20.47,50.43,54.79,31.06,8.54,33.66,MODERATE
5303,22.9,13.5,45.17,43.38,7.55,27.27,LOW
5304,0.97,50.98,35.93,38.19,7.67,26.41,LOW
5305,17.38,21.89,43.72,62.22,4.4,30.57,MODERATE
5306,41.96,45.61,46.74,32.43,8.08,36.66,MODERATE
5307,54.66,44.85,62.34,56.72,6.72,47.45,MODERATE
5308,13.33,45.61,43.21,37.75,6.15,29.57,LOW
5309,11.82,13.5,49.28,20.61,8.21,20.87,LOW
5310,8.15,44.42,45.14,30.75,2.65,26.5,LOW
5311,19.8,7.4,36.79,73.54,2.69,28.9,LOW
5312,21.46,30.65,67.74,76.58,5.54,41.19,MODERATE
5313,1.85,77.67,43.41,62.07,2.53,37.47,MODERATE
5314,26.82,55.28,34.49,52.59,6.05,36.08,MODERATE
5315,21.54,30.5,32.58,28.53,7.36,24.81,LOW
5316,6.1,44.42,63.25,50.14,3.97,33.68,MODERATE
5317,7.74,45.61,55.16,54.74,3.55,33.57,MODERATE
5318,65.55,55.28,34.49,52.59,6.05,45.77,MODERATE
5319,13.41,46.27,46.43,78.47,6.48,38.56,MODERATE
5320,65.63,31.05,34.3,19.13,10.61,34.89,MODERATE
5321,42.75,45.61,63.25,50.14,3.97,43.08,MODERATE
5322,2.59,70.78,46.47,69.35,1.31,38.17,MODERATE
5323,2.85,9.3,55.38,71.74,7.53,29.12,LOW
5324,5.0,50.43,67.09,69.3,9.98,40.11,MODERATE
5325,56.08,45.69,59.24,22.75,11.82,41.33,MODERATE
5326,10.8,9.3,62.34,56.72,6.72,29.38,LOW
5327,21.14,22.06,45.17,43.38,7.55,28.54,LOW
5328,48.81,31.05,36.51,72.54,8.54,41.5,MODERATE
5329,24.27,47.08,45.14,30.75,2.65,31.06,MODERATE
5330,55.08,7.4,36.79,73.54,2.69,37.72,MODERATE
5331,2.89,67.71,69.63,63.49,5.5,41.71,MODERATE
5332,22.0,46.27,74.84,21.52,9.31,35.42,MODERATE
5333,19.71,30.5,43.72,62.22,4.4,32.88,MODERATE
5334,19.48,81.78,61.4,60.31,7.14,46.64,MODERATE
5335,3.48,35.8,52.61,51.56,6.38,29.82,LOW
5336,13.55,47.08,56.62,50.18,100.0,49.16,MODERATE
5337,28.94,41.92,37.97,85.55,7.91,41.51,MODERATE
5338,34.41,55.29,34.3,19.13,10.61,31.94,MODERATE
5339,6.79,77.67,52.06,66.65,0.0,40.97,MODERATE
5340,5.35,50.98,35.93,38.19,7.67,27.51,LOW
5341,11.05,67.71,69.63,63.49,5.5,43.75,MODERATE
5342,20.42,54.51,47.81,43.54,7.25,35.36,MODERATE
5343,39.23,27.6,45.17,43.38,7.55,34.17,MODERATE
5344,11.69,45.69,62.96,56.72,14.21,38.13,MODERATE
5345,23.7,41.92,63.25,50.14,3.97,37.58,MODERATE
5346,54.13,31.05,67.09,69.3,9.98,48.52,MODERATE
5347,7.69,47.08,45.14,30.75,2.65,26.91,LOW
5348,16.58,39.19,43.72,62.22,4.4,33.83,MODERATE
5349,17.22,39.19,67.09,69.3,9.98,40.92,MODERATE
5350,29.28,39.87,62.23,24.09,4.71,33.26,MODERATE
5351,4.21,27.6,45.17,43.38,7.55,25.41,LOW
5352,3.33,27.8,64.25,82.95,6.21,36.76,MODERATE
5353,20.27,79.62,54.8,54.62,4.34,43.53,MODERATE
5354,42.62,67.71,64.25,82.95,6.21,54.57,MODERATE
5355,41.83,49.18,40.07,84.98,2.17,45.63,MODERATE
5356,11.67,45.61,64.25,82.95,6.21,42.41,MODERATE
5357,17.96,50.98,26.82,39.87,3.59,28.56,LOW
5358,94.52,46.27,26.82,39.87,3.59,46.76,MODERATE
5359,22.79,45.61,64.25,82.95,6.21,45.19,MODERATE
5360,26.26,32.66,23.77,18.02,4.26,22.09,LOW
5361,29.31,55.28,27.73,28.53,9.45,31.05,MODERATE
5362,22.25,32.66,61.4,60.31,7.14,37.51,MODERATE
5363,19.26,41.92,41.44,31.24,6.52,28.71,LOW
5364,28.24,30.65,49.28,20.61,8.21,28.4,LOW
5365,30.21,70.78,63.25,50.14,3.97,44.98,MODERATE
5366,9.01,55.29,47.75,23.78,2.21,27.95,LOW
5367,54.77,13.5,49.28,20.61,8.21,31.6,MODERATE
5368,4.85,39.87,34.3,19.13,10.61,21.46,LOW
5369,4.36,28.79,46.43,78.47,6.48,32.8,MODERATE
5370,5.41,55.28,64.25,82.95,6.21,42.78,MODERATE
5371,9.25,70.78,74.84,21.52,9.31,37.14,MODERATE
5372,17.4,55.29,52.06,66.65,0.0,39.15,MODERATE
5373,24.91,45.61,62.03,35.4,11.62,36.58,MODERATE
5374,30.49,33.91,34.49,52.59,6.05,32.73,MODERATE
5375,9.28,9.17,74.84,21.52,9.31,24.82,LOW
5376,18.54,7.4,61.34,75.53,1.78,33.76,MODERATE
5377,18.57,9.17,49.79,22.56,7.83,22.12,LOW
5378,21.65,67.71,26.54,32.88,8.7,32.14,MODERATE
5379,11.49,9.3,44.14,84.78,4.01,31.12,MODERATE
5380,37.47,30.65,54.59,66.05,6.77,40.64,MODERATE
5381,14.14,32.66,49.86,55.73,6.34,32.14,MODERATE
5382,17.36,46.27,26.82,39.87,3.59,27.47,LOW
5383,22.11,9.17,40.22,58.67,10.3,28.68,LOW
5384,9.12,77.67,49.06,88.54,1.51,45.56,MODERATE
5385,53.36,45.61,49.06,88.54,1.51,50.21,MODERATE
5386,18.32,21.89,74.34,80.87,5.45,40.82,MODERATE
5387,3.35,38.81,45.17,43.38,7.55,27.44,LOW
5388,3.04,39.19,69.63,63.49,5.5,36.05,MODERATE
5389,10.78,9.3,40.07,84.98,2.17,29.89,LOW
5390,26.3,35.8,33.99,44.43,2.53,29.8,LOW
5391,6.94,67.71,49.79,22.56,7.83,30.92,MODERATE
5392,19.49,41.92,62.83,59.7,4.82,38.49,MODERATE
5393,51.57,38.81,59.24,22.75,11.82,38.83,MODERATE
5394,2.7,81.78,46.74,32.43,8.08,34.08,MODERATE
5395,8.34,39.87,62.23,24.09,4.71,28.03,LOW
5396,6.28,45.69,37.2,33.49,4.35,25.5,LOW
5397,14.92,92.37,38.77,75.74,3.32,45.61,MODERATE
5398,19.74,22.06,33.99,44.43,2.53,25.41,LOW
5399,29.83,54.51,47.71,75.92,5.14,43.86,MODERATE
5400,3.83,41.92,46.14,60.26,0.85,30.75,MODERATE
5401,6.98,49.18,38.77,75.74,3.32,34.98,MODERATE
5402,20.99,35.8,44.39,16.48,3.54,25.11,LOW
5403,17.87,30.5,32.58,28.53,7.36,23.89,LOW
5404,10.98,70.78,59.46,42.01,6.98,38.24,MODERATE
5405,50.75,49.18,47.71,75.92,5.14,48.02,MODERATE
5406,4.65,45.61,41.04,21.17,0.05,22.73,LOW
5407,8.73,50.98,67.09,69.3,9.98,41.15,MODERATE
5408,30.8,39.87,49.28,20.61,8.21,30.88,MODERATE
5409,35.57,39.19,69.63,63.49,5.5,44.18,MODERATE
5410,2.57,39.19,43.41,62.07,2.53,29.95,LOW
5411,13.31,45.61,38.77,75.74,3.32,35.85,MODERATE
5412,0.39,31.05,45.68,70.55,5.22,30.34,MODERATE
5413,27.66,44.85,34.09,22.41,5.31,27.98,LOW
5414,31.01,50.43,27.39,79.52,5.52,40.05,MODERATE
5415,5.44,55.29,46.47,69.35,1.31,35.78,MODERATE
5416,2.36,30.5,43.72,62.22,4.4,28.54,LOW
5417,34.14,55.28,62.83,59.7,4.82,44.82,MODERATE
5418,43.68,55.28,49.33,36.19,8.62,40.37,MODERATE
5419,8.39,9.3,44.14,84.78,4.01,30.34,MODERATE
5420,2.18,30.65,54.59,66.05,6.77,31.82,MODERATE
5421,18.31,9.3,46.14,60.26,0.85,27.84,LOW
5422,5.83,45.61,55.38,71.74,7.53,37.13,MODERATE
5423,96.69,55.29,43.41,62.07,2.53,56.7,ELEVATED
5424,22.08,55.28,62.83,59.7,4.82,41.81,MODERATE
5425,7.49,39.87,67.09,69.3,9.98,38.62,MODERATE
5426,2.72,33.91,46.74,32.43,8.08,24.51,LOW
5427,21.73,46.27,46.47,69.35,1.31,38.05,MODERATE
5428,11.49,9.17,74.84,21.52,9.31,25.38,LOW
5429,0.14,44.42,63.25,50.14,3.97,32.19,MODERATE
5430,7.96,32.66,49.86,55.73,6.34,30.59,MODERATE
5431,30.62,81.78,37.2,33.49,4.35,38.8,MODERATE
5432,15.87,70.78,61.51,50.38,8.86,41.83,MODERATE
5433,13.52,81.78,46.47,69.35,1.31,43.1,MODERATE
5434,0.78,54.51,27.73,28.53,9.45,23.77,LOW
5435,40.83,30.65,43.41,62.07,2.53,37.81,MODERATE
5436,26.75,22.06,38.77,75.74,3.32,34.5,MODERATE
5437,54.25,35.8,67.09,69.3,9.98,49.5,MODERATE
5438,6.22,47.08,27.73,28.53,9.45,23.64,LOW
5439,14.37,55.28,64.25,82.95,6.21,45.02,MODERATE
5440,31.97,35.8,41.57,33.83,3.77,30.8,MODERATE
5441,24.61,81.78,61.4,60.31,7.14,47.92,MODERATE
5442,100.0,28.79,62.83,59.7,4.82,55.99,ELEVATED
5443,18.99,81.03,54.59,66.05,6.77,46.1,MODERATE
5444,7.09,39.19,43.72,62.22,4.4,31.46,MODERATE
5445,79.02,77.67,63.25,50.14,3.97,58.56,ELEVATED
5446,28.6,9.3,44.14,84.78,4.01,35.4,MODERATE
5447,31.36,55.28,49.86,55.73,6.34,40.96,MODERATE
5448,29.25,46.27,50.05,54.59,6.49,38.47,MODERATE
5449,5.57,41.92,62.83,59.7,4.82,35.01,MODERATE
5450,42.26,81.03,46.47,69.35,1.31,50.13,MODERATE
5451,2.04,33.91,37.97,85.55,7.91,33.18,MODERATE
5452,17.3,55.29,32.94,31.9,6.06,29.26,LOW
5453,58.78,39.87,67.09,69.3,9.98,51.44,MODERATE
5454,30.96,49.18,55.38,71.74,7.53,44.13,MODERATE
5455,43.95,50.43,27.39,79.52,5.52,43.28,MODERATE
5456,44.47,50.43,49.08,53.12,1.49,41.87,MODERATE
5457,0.68,9.17,34.49,52.59,6.05,20.33,LOW
5458,30.85,32.66,23.77,18.02,4.26,23.24,LOW
5459,5.9,77.67,52.06,66.65,0.0,40.75,MODERATE
5460,15.84,81.03,53.94,66.16,1.04,44.34,MODERATE
5461,41.9,49.18,36.51,72.54,8.54,43.4,MODERATE
5462,44.84,7.4,41.57,33.83,3.77,28.34,LOW
5463,22.27,27.6,45.17,43.38,7.55,29.93,LOW
5464,18.27,35.8,41.44,31.24,6.52,27.24,LOW
5465,13.17,49.18,23.77,18.02,4.26,22.13,LOW
5466,5.2,35.8,52.61,51.56,6.38,30.25,MODERATE
5467,22.21,49.18,53.49,50.77,10.04,37.75,MODERATE
5468,7.45,41.92,43.87,39.72,19.26,29.86,LOW
5469,10.44,44.42,36.69,13.35,13.11,23.47,LOW
5470,0.75,50.43,62.34,56.72,6.72,35.09,MODERATE
5471,15.41,30.5,47.75,23.78,2.21,24.59,LOW
5472,15.27,33.91,42.71,43.66,6.29,28.82,LOW
5473,1.59,46.27,50.05,54.59,6.49,31.55,MODERATE
5474,24.81,67.71,69.63,63.49,5.5,47.19,MODERATE
5475,10.07,9.17,50.05,54.59,6.49,26.25,LOW
5476,75.26,41.92,41.44,31.24,6.52,42.71,MODERATE
5477,47.16,67.71,49.79,22.56,7.83,40.98,MODERATE
5478,64.03,50.43,54.79,31.06,8.54,44.55,MODERATE
5479,42.46,41.92,34.09,22.41,5.31,31.1,MODERATE
5480,39.07,55.28,34.09,22.41,5.31,32.92,MODERATE
5481,6.35,54.51,47.81,43.54,7.25,31.85,MODERATE
5482,15.91,39.87,50.05,54.59,6.49,33.85,MODERATE
5483,25.87,39.19,43.41,62.07,2.53,35.78,MODERATE
5484,21.71,35.8,37.97,85.55,7.91,38.48,MODERATE
5485,13.93,33.91,43.41,62.07,2.53,31.74,MODERATE
5486,3.12,47.08,49.06,88.54,1.51,37.94,MODERATE
5487,37.89,50.43,63.25,50.14,3.97,42.83,MODERATE
5488,1.61,13.5,69.63,63.49,5.5,30.55,MODERATE
5489,4.41,52.85,64.62,62.23,1.45,37.26,MODERATE
5490,84.66,92.37,43.21,37.75,6.15,56.75,ELEVATED
5491,10.4,38.81,62.96,56.72,14.21,36.43,MODERATE
5492,16.44,47.08,59.24,22.75,11.82,31.7,MODERATE
5493,8.12,45.69,41.04,21.17,0.05,23.62,LOW
5494,1.73,77.67,63.25,50.14,3.97,39.24,MODERATE
5495,10.16,41.92,62.83,59.7,4.82,36.15,MODERATE
5496,13.59,7.4,61.34,75.53,1.78,32.52,MODERATE
5497,9.36,70.78,40.07,84.98,2.17,41.83,MODERATE
5498,47.19,67.71,63.25,50.14,3.97,48.61,MODERATE
5499,30.0,31.05,44.94,41.99,4.2,31.73,MODERATE
5500,10.08,55.29,45.17,43.38,7.55,32.42,MODERATE
5501,12.06,9.3,62.83,59.7,4.82,30.1,MODERATE
5502,3.23,9.17,61.63,40.68,4.75,23.82,LOW
5503,45.67,13.5,66.25,44.11,5.32,36.99,MODERATE
5504,6.77,35.8,52.61,51.56,6.38,30.64,MODERATE
5505,18.64,31.05,34.3,19.13,10.61,23.15,LOW
5506,5.02,67.71,49.79,22.56,7.83,30.44,MODERATE
5507,14.08,27.8,40.07,84.98,2.17,34.42,MODERATE
5508,12.24,55.28,44.14,84.78,4.01,40.5,MODERATE
5509,25.71,39.19,36.51,72.54,8.54,37.36,MODERATE
5510,16.63,45.61,38.07,12.64,8.6,24.71,LOW
5511,18.12,22.06,48.0,31.83,2.74,25.32,LOW
5512,1.7,33.91,37.7,35.87,3.28,22.41,LOW
5513,3.14,52.85,64.62,62.23,1.45,36.94,MODERATE
5514,33.73,39.87,67.09,69.3,9.98,45.18,MODERATE
5515,10.38,30.5,56.62,50.18,100.0,45.06,MODERATE
5516,17.17,9.17,61.63,40.68,4.75,27.3,LOW
5517,24.35,81.03,40.22,58.67,10.3,43.61,MODERATE
5518,32.14,55.29,34.3,19.13,10.61,31.37,MODERATE
5519,18.65,67.71,52.06,66.65,0.0,41.95,MODERATE
5520,62.03,55.28,28.14,37.62,28.48,43.99,MODERATE
5521,13.84,32.66,67.09,69.3,9.98,38.77,MODERATE
5522,44.52,39.19,53.49,50.77,10.04,41.33,MODERATE
5523,14.59,33.91,44.65,72.77,3.22,34.4,MODERATE
5524,33.22,7.4,56.62,50.18,100.0,46.14,MODERATE
5525,30.52,54.51,45.17,43.38,7.55,37.37,MODERATE
5526,45.78,30.65,35.93,38.19,7.67,33.55,MODERATE
5527,6.14,38.81,45.17,43.38,7.55,28.14,LOW
5528,14.21,39.19,55.16,54.74,3.55,33.9,MODERATE
5529,3.93,54.69,36.79,73.54,2.69,34.39,MODERATE
5530,37.57,27.8,40.07,84.98,2.17,40.29,MODERATE
5531,14.66,55.29,45.17,43.38,7.55,33.57,MODERATE
5532,4.93,67.71,63.25,50.14,3.97,38.05,MODERATE
5533,8.43,22.06,33.99,44.43,2.53,22.58,LOW
5534,22.44,45.69,59.24,22.75,11.82,32.92,MODERATE
5535,41.7,41.92,37.2,33.49,4.35,33.6,MODERATE
5536,36.39,79.62,62.83,59.7,4.82,50.25,MODERATE
5537,11.88,21.89,44.65,72.77,3.22,31.32,MODERATE
5538,9.04,77.67,63.25,50.14,3.97,41.07,MODERATE
5539,3.72,54.51,47.81,43.54,7.25,31.19,MODERATE
5540,20.58,47.08,61.34,75.53,1.78,42.2,MODERATE
5541,12.1,39.19,53.49,50.77,10.04,33.22,MODERATE
5542,22.01,45.69,43.87,39.72,19.26,34.25,MODERATE
5543,13.79,77.67,43.41,62.07,2.53,40.46,MODERATE
5544,27.81,41.92,41.44,31.24,6.52,30.85,MODERATE
5545,2.49,79.62,26.82,39.87,3.59,30.42,MODERATE
5546,17.87,46.27,53.94,66.16,1.04,37.9,MODERATE
5547,3.55,50.98,45.68,70.55,5.22,35.11,MODERATE
5548,35.43,70.78,63.25,50.14,3.97,46.29,MODERATE
5549,68.76,30.65,43.72,62.22,4.4,45.17,MODERATE
5550,23.69,70.78,61.51,50.38,8.86,43.79,MODERATE
5551,36.47,55.29,55.74,73.6,6.83,47.07,MODERATE
5552,18.43,46.27,32.94,31.9,6.06,27.74,LOW
5553,35.17,22.06,37.7,35.87,3.28,28.41,LOW
5554,56.82,44.42,45.14,30.75,2.65,38.66,MODERATE
5555,47.97,52.85,40.22,58.67,10.3,43.88,MODERATE
5556,20.95,41.92,34.09,22.41,5.31,25.72,LOW
5557,24.98,21.89,55.38,71.74,7.53,37.18,MODERATE
5558,1.69,55.28,26.82,39.87,3.59,25.35,LOW
5559,37.72,30.5,47.75,23.78,2.21,30.17,MODERATE
5560,13.88,22.06,55.16,54.74,3.55,30.4,MODERATE
5561,30.96,13.5,36.69,13.35,13.11,22.41,LOW
5562,56.91,28.79,37.7,35.87,3.28,35.19,MODERATE
5563,22.43,13.5,37.97,85.55,7.91,34.2,MODERATE
5564,28.79,30.65,43.42,67.64,5.36,36.34,MODERATE
5565,27.15,77.67,49.06,88.54,1.51,50.07,MODERATE
5566,13.37,39.87,64.62,62.23,1.45,36.9,MODERATE
5567,100.0,27.6,64.55,94.57,7.93,63.53,ELEVATED
5568,39.59,47.08,43.87,39.72,19.26,38.92,MODERATE
5569,18.83,41.92,41.57,33.83,3.77,28.74,LOW
5570,6.39,33.91,49.79,22.56,7.83,24.02,LOW
5571,14.12,39.19,43.72,62.22,4.4,33.22,MODERATE
5572,32.15,28.79,66.25,44.11,5.32,36.66,MODERATE
5573,32.29,44.85,62.34,56.72,6.72,41.86,MODERATE
5574,4.3,70.78,54.8,54.62,4.34,37.77,MODERATE
5575,6.08,32.66,34.3,19.13,10.61,20.33,LOW
5576,72.55,27.8,34.09,22.41,5.31,35.79,MODERATE
5577,26.12,50.98,62.34,56.72,6.72,41.55,MODERATE
5578,14.56,92.37,38.77,75.74,3.32,45.51,MODERATE
5579,26.63,28.79,66.25,44.11,5.32,35.28,MODERATE
5580,36.54,38.81,59.24,22.75,11.82,35.07,MODERATE
5581,11.98,13.5,49.79,22.56,7.83,21.34,LOW
5582,27.91,77.67,46.14,60.26,0.85,43.92,MODERATE
5583,3.24,44.85,34.09,22.41,5.31,21.88,LOW
5584,6.47,33.91,27.73,28.53,9.45,21.07,LOW
5585,46.07,92.37,43.21,37.75,6.15,47.1,MODERATE
5586,9.95,39.19,45.68,70.55,5.22,34.35,MODERATE
5587,4.4,46.27,26.82,39.87,3.59,24.23,LOW
5588,2.08,67.71,69.63,63.49,5.5,41.51,MODERATE
5589,24.18,28.79,40.22,58.67,10.3,33.12,MODERATE
5590,37.88,27.8,53.94,66.16,1.04,39.21,MODERATE
5591,14.28,92.37,46.47,69.35,1.31,45.4,MODERATE
5592,19.5,13.5,36.69,13.35,13.11,19.55,LOW
5593,15.07,30.65,40.22,58.67,10.3,31.22,MODERATE
5594,12.55,45.69,62.96,56.72,14.21,38.34,MODERATE
5595,9.92,30.65,47.71,75.92,5.14,34.11,MODERATE
5596,42.3,35.8,44.39,16.48,3.54,30.44,MODERATE
5597,22.91,46.27,74.84,21.52,9.31,35.65,MODERATE
5598,12.19,77.67,64.62,62.23,1.45,44.17,MODERATE
5599,19.98,39.87,44.39,16.48,3.54,25.67,LOW
5600,24.26,35.8,41.57,33.83,3.77,28.87,LOW
5601,15.12,54.69,34.49,52.59,6.05,33.04,MODERATE
5602,2.82,21.89,44.65,72.77,3.22,29.05,LOW
5603,23.19,77.67,44.14,84.78,4.01,47.72,MODERATE
5604,19.48,54.51,47.75,23.78,2.21,30.41,MODERATE
5605,15.88,46.27,46.43,78.47,6.48,39.18,MODERATE
5606,33.76,9.3,74.34,80.87,5.45,42.16,MODERATE
5607,20.45,28.79,48.0,31.83,2.74,27.25,LOW
5608,7.85,44.42,55.74,73.6,6.83,37.74,MODERATE
5609,100.0,47.08,64.62,62.23,1.45,60.0,ELEVATED
5610,37.16,55.29,34.3,19.13,10.61,32.63,MODERATE
5611,27.97,9.3,62.23,24.09,4.71,26.82,LOW
5612,17.52,50.43,49.06,88.54,1.51,42.21,MODERATE
5613,59.19,50.43,36.79,73.54,2.69,47.35,MODERATE
5614,5.96,9.17,49.79,22.56,7.83,18.97,LOW
5615,21.78,28.79,50.05,54.59,6.49,33.1,MODERATE
5616,4.27,35.8,41.57,33.83,3.77,23.88,LOW
5617,17.34,13.5,45.17,43.38,7.55,25.88,LOW
5618,5.79,44.85,43.21,37.75,6.15,27.53,LOW
5619,4.81,44.42,67.09,69.3,9.98,38.86,MODERATE
5620,20.87,21.89,43.72,62.22,4.4,31.44,MODERATE
5621,12.9,77.67,43.41,62.07,2.53,40.23,MODERATE
5622,6.67,30.5,38.77,75.74,3.32,31.17,MODERATE
5623,98.21,28.79,37.7,35.87,3.28,45.51,MODERATE
5624,29.92,21.89,55.38,71.74,7.53,38.41,MODERATE
5625,18.85,31.05,36.51,72.54,8.54,34.01,MODERATE
5626,1.6,52.85,64.62,62.23,1.45,36.56,MODERATE
5627,10.65,55.28,45.14,30.75,2.65,29.29,LOW
5628,24.64,31.05,67.09,69.3,9.98,41.14,MODERATE
5629,3.15,92.37,32.58,28.53,7.36,32.59,MODERATE
5630,39.56,55.29,32.94,31.9,6.06,34.82,MODERATE
5631,3.1,13.5,49.79,22.56,7.83,19.12,LOW
5632,19.12,50.43,67.09,69.3,9.98,43.64,MODERATE
5633,24.89,31.05,67.09,69.3,9.98,41.21,MODERATE
5634,3.58,32.66,36.51,72.54,8.54,30.52,MODERATE
5635,11.78,52.85,61.4,60.31,7.14,38.93,MODERATE
5636,13.25,41.92,46.14,60.26,0.85,33.1,MODERATE
5637,9.02,92.37,44.14,84.78,4.01,47.12,MODERATE
5638,21.61,22.06,37.7,35.87,3.28,25.02,LOW
5639,24.57,49.18,53.49,50.77,10.04,38.34,MODERATE
5640,25.15,81.78,62.23,24.09,4.71,40.61,MODERATE
5641,13.44,50.98,35.93,38.19,7.67,29.53,LOW
5642,9.39,39.19,43.72,62.22,4.4,32.03,MODERATE
5643,5.34,31.05,67.09,69.3,9.98,36.32,MODERATE
5644,9.18,55.29,32.94,31.9,6.06,27.23,LOW
5645,22.06,55.29,43.72,62.22,4.4,38.42,MODERATE
5646,21.02,39.19,43.72,62.22,4.4,34.94,MODERATE
5647,63.32,31.05,41.04,21.17,0.05,34.49,MODERATE
5648,34.06,27.8,50.05,54.59,6.49,35.98,MODERATE
5649,2.6,7.4,56.62,50.18,100.0,38.49,MODERATE
5650,57.17,31.05,36.51,72.54,8.54,43.59,MODERATE
5651,20.44,33.91,37.7,35.87,3.28,27.1,LOW
5652,21.2,27.8,53.94,66.16,1.04,35.04,MODERATE
5653,44.84,44.42,28.14,37.62,28.48,37.52,MODERATE
5654,11.67,7.4,61.34,75.53,1.78,32.04,MODERATE
5655,6.76,39.19,43.72,62.22,4.4,31.38,MODERATE
5656,61.91,81.78,61.4,60.31,7.14,57.25,ELEVATED
5657,4.58,67.71,55.74,73.6,6.83,41.58,MODERATE
5658,11.77,27.8,28.14,37.62,28.48,25.93,LOW
5659,2.27,46.27,50.05,54.59,6.49,31.72,MODERATE
5660,7.49,44.42,28.14,37.62,28.48,28.18,LOW
5661,23.41,70.78,27.39,79.52,5.52,42.22,MODERATE
5662,30.91,45.61,23.77,18.02,4.26,25.85,LOW
5663,46.75,77.67,66.25,44.11,5.32,50.09,MODERATE
5664,18.14,92.37,43.21,37.75,6.15,40.12,MODERATE
5665,72.61,41.92,34.09,22.41,5.31,38.63,MODERATE
5666,14.06,21.89,55.38,71.74,7.53,34.44,MODERATE
5667,40.08,7.4,41.57,33.83,3.77,27.15,LOW
5668,12.54,50.43,27.39,79.52,5.52,35.43,MODERATE
5669,34.52,28.79,66.25,44.11,5.32,37.26,MODERATE
5670,48.92,32.66,27.39,79.52,5.52,40.97,MODERATE
5671,34.84,70.78,74.84,21.52,9.31,43.53,MODERATE
5672,32.71,50.43,37.2,33.49,4.35,33.05,MODERATE
5673,29.39,31.05,26.54,32.88,8.7,26.75,LOW
5674,1.48,13.5,66.25,44.11,5.32,25.94,LOW
5675,25.89,21.89,61.51,50.38,8.86,34.56,MODERATE
5676,16.46,50.43,49.08,53.12,1.49,34.87,MODERATE
5677,9.1,33.91,46.74,32.43,8.08,26.1,LOW
5678,64.95,49.18,54.8,54.62,4.34,48.61,MODERATE
5679,4.99,45.61,63.25,50.14,3.97,33.64,MODERATE
5680,16.35,81.78,28.14,37.62,28.48,37.87,MODERATE
5681,7.11,55.29,43.41,62.07,2.53,34.31,MODERATE
5682,4.44,35.8,44.94,41.99,4.2,26.28,LOW
5683,7.91,27.8,28.14,37.62,28.48,24.96,LOW
5684,10.2,35.8,44.39,16.48,3.54,22.42,LOW
5685,6.92,70.78,66.25,44.11,5.32,38.76,MODERATE
5686,19.94,44.42,61.51,50.38,8.86,37.57,MODERATE
5687,5.47,55.28,36.69,13.35,13.11,24.4,LOW
5688,33.08,47.08,27.73,28.53,9.45,30.36,MODERATE
5689,89.02,45.61,56.62,50.18,100.0,67.74,ELEVATED
5690,48.37,81.78,59.46,42.01,6.98,49.79,MODERATE
5691,1.76,45.69,69.63,63.49,5.5,37.03,MODERATE
5692,24.54,32.66,49.86,55.73,6.34,34.74,MODERATE
5693,2.02,31.05,43.87,39.72,19.26,26.32,LOW
5694,17.57,35.8,44.94,41.99,4.2,29.57,LOW
5695,44.05,45.69,35.93,38.19,7.67,36.12,MODERATE
5696,0.11,9.3,54.8,54.62,4.34,24.42,LOW
5697,6.03,27.8,34.09,22.41,5.31,19.16,LOW
5698,60.4,50.98,43.42,67.64,5.36,48.31,MODERATE
5699,12.58,33.91,46.74,32.43,8.08,26.98,LOW
5700,8.23,39.19,55.16,54.74,3.55,32.41,MODERATE
5701,1.18,9.3,62.34,56.72,6.72,26.97,LOW
5702,13.33,44.85,46.74,32.43,8.08,29.35,LOW
5703,72.34,49.18,55.38,71.74,7.53,54.48,MODERATE
5704,36.48,9.17,61.63,40.68,4.75,32.13,MODERATE
5705,14.45,30.5,41.57,33.83,3.77,25.36,LOW
5706,11.02,13.5,56.62,50.18,100.0,41.82,MODERATE
5707,15.77,27.6,55.38,71.74,7.53,36.02,MODERATE
5708,17.15,41.92,37.97,85.55,7.91,38.56,MODERATE
5709,6.58,39.19,28.14,37.62,28.48,26.91,LOW
5710,44.25,39.19,52.61,51.56,6.38,40.69,MODERATE
5711,24.11,39.87,62.23,24.09,4.71,31.97,MODERATE
5712,0.13,28.79,41.04,21.17,0.05,18.24,LOW
5713,22.18,44.42,40.22,58.67,10.3,35.75,MODERATE
5714,9.54,55.29,47.75,23.78,2.21,28.08,LOW
5715,93.43,45.61,49.06,88.54,1.51,60.23,ELEVATED
5716,18.63,38.81,62.03,35.4,11.62,33.65,MODERATE
5717,40.61,38.81,46.47,69.35,1.31,41.28,MODERATE
5718,29.23,30.5,34.09,22.41,5.31,25.5,LOW
5719,23.49,81.78,63.25,50.14,3.97,45.5,MODERATE
5720,4.44,50.43,64.55,94.57,7.93,44.21,MODERATE
5721,97.83,9.3,35.93,38.19,7.67,42.29,MODERATE
5722,19.59,32.66,27.39,79.52,5.52,33.64,MODERATE
5723,29.82,27.6,55.38,71.74,7.53,39.53,MODERATE
5724,3.83,7.4,56.62,50.18,100.0,38.8,MODERATE
5725,5.43,33.91,27.73,28.53,9.45,20.81,LOW
5726,9.84,52.85,64.62,62.23,1.45,38.62,MODERATE
5727,27.38,67.71,62.96,56.72,14.21,46.45,MODERATE
5728,18.6,52.85,45.17,43.38,7.55,34.06,MODERATE
5729,13.11,44.42,63.25,50.14,3.97,35.44,MODERATE
5730,22.64,9.17,61.63,40.68,4.75,28.67,LOW
5731,1.25,54.69,34.49,52.59,6.05,29.57,LOW
5732,44.25,38.81,62.96,56.72,14.21,44.89,MODERATE
5733,55.09,81.03,53.94,66.16,1.04,54.15,MODERATE
5734,27.62,46.27,26.82,39.87,3.59,30.03,MODERATE
5735,4.21,44.42,67.09,69.3,9.98,38.71,MODERATE
5736,9.47,45.69,44.94,41.99,4.2,29.52,LOW
5737,28.51,77.67,63.25,50.14,3.97,45.93,MODERATE
5738,21.09,30.65,43.42,67.64,5.36,34.42,MODERATE
5739,5.81,55.28,62.83,59.7,4.82,37.74,MODERATE
5740,35.02,46.27,46.14,60.26,0.85,39.41,MODERATE
5741,11.72,21.89,43.72,62.22,4.4,29.16,LOW
5742,37.85,45.61,61.51,50.38,8.86,42.29,MODERATE
5743,22.22,44.85,32.58,28.53,7.36,27.85,LOW
5744,0.45,45.69,44.94,41.99,4.2,27.27,LOW
5745,20.67,54.51,43.21,37.75,6.15,33.18,MODERATE
5746,41.09,13.5,69.63,63.49,5.5,40.42,MODERATE
5747,16.05,70.78,46.47,69.35,1.31,41.53,MODERATE
5748,21.63,70.78,54.8,54.62,4.34,42.1,MODERATE
5749,57.0,30.5,43.72,62.22,4.4,42.2,MODERATE
5750,36.12,30.65,27.39,79.52,5.52,37.37,MODERATE
5751,18.29,44.85,46.74,32.43,8.08,30.59,MODERATE
5752,21.18,77.67,55.38,71.74,7.53,47.38,MODERATE
5753,87.1,55.28,49.86,55.73,6.34,54.9,MODERATE
5754,5.05,32.66,61.4,60.31,7.14,33.21,MODERATE
5755,47.69,21.89,74.34,80.87,5.45,48.16,MODERATE
5756,25.39,9.17,61.63,40.68,4.75,29.35,LOW
5757,10.24,81.03,46.47,69.35,1.31,42.13,MODERATE
5758,13.53,33.91,46.74,32.43,8.08,27.21,LOW
5759,20.97,49.18,40.07,84.98,2.17,40.42,MODERATE
5760,66.95,35.8,44.39,16.48,3.54,36.6,MODERATE
5761,0.39,27.6,36.51,72.54,8.54,28.71,LOW
5762,13.71,39.87,54.59,66.05,6.77,36.54,MODERATE
5763,100.0,22.06,38.77,75.74,3.32,52.81,MODERATE
5764,11.44,50.98,26.82,39.87,3.59,26.93,LOW
5765,35.63,45.69,59.24,22.75,11.82,36.21,MODERATE
5766,26.37,44.85,42.71,43.66,6.29,33.78,MODERATE
5767,21.82,54.69,41.04,21.17,0.05,28.84,LOW
5768,16.91,32.66,44.94,41.99,4.2,28.78,LOW
5769,29.81,81.78,46.47,69.35,1.31,47.17,MODERATE
5770,1.64,47.08,56.62,50.18,100.0,46.18,MODERATE
5771,23.76,44.85,46.74,32.43,8.08,31.96,MODERATE
5772,8.38,21.89,55.38,71.74,7.53,33.03,MODERATE
5773,10.65,52.85,45.17,43.38,7.55,32.07,MODERATE
5774,2.47,39.19,43.41,62.07,2.53,29.93,LOW
5775,4.95,27.6,61.51,50.38,8.86,30.46,MODERATE
5776,36.87,22.06,55.16,54.74,3.55,36.14,MODERATE
5777,12.34,28.79,46.43,78.47,6.48,34.79,MODERATE
5778,1.74,54.51,64.55,94.57,7.93,44.35,MODERATE
5779,8.58,54.51,64.55,94.57,7.93,46.06,MODERATE
5780,29.97,92.37,43.21,37.75,6.15,43.08,MODERATE
5781,77.57,77.67,63.25,50.14,3.97,58.2,ELEVATED
5782,7.73,31.05,43.87,39.72,19.26,27.75,LOW
5783,7.39,92.37,44.14,84.78,4.01,46.71,MODERATE
5784,5.72,50.98,62.34,56.72,6.72,36.45,MODERATE
5785,0.13,13.5,61.34,75.53,1.78,30.37,MODERATE
5786,20.14,13.5,36.69,13.35,13.11,19.71,LOW
5787,19.8,45.69,59.24,22.75,11.82,32.26,MODERATE
5788,15.68,9.3,35.93,38.19,7.67,21.75,LOW
5789,27.91,55.29,52.06,66.65,0.0,41.78,MODERATE
5790,13.25,45.61,44.39,16.48,3.54,25.14,LOW
5791,13.93,13.5,34.09,22.41,5.31,18.28,LOW
5792,68.12,21.89,27.73,28.53,9.45,34.08,MODERATE
5793,32.62,52.85,64.62,62.23,1.45,44.31,MODERATE
5794,24.9,32.66,64.55,94.57,7.93,45.77,MODERATE
5795,0.29,30.65,54.59,66.05,6.77,31.35,MODERATE
5796,7.25,30.65,45.96,28.05,13.05,24.7,LOW
5797,22.38,92.37,34.49,52.59,6.05,42.39,MODERATE
5798,12.76,81.03,37.97,85.55,7.91,45.29,MODERATE
5799,15.11,27.6,74.34,80.87,5.45,41.16,MODERATE
5800,14.26,9.3,74.34,80.87,5.45,37.28,MODERATE
5801,21.72,70.78,46.47,69.35,1.31,42.95,MODERATE
5802,17.44,39.87,52.61,51.56,6.38,34.12,MODERATE
5803,25.22,45.61,43.21,37.75,6.15,32.54,MODERATE
5804,10.51,9.17,37.97,85.55,7.91,30.35,MODERATE
5805,14.98,49.18,43.87,39.72,19.26,33.19,MODERATE
5806,46.55,81.78,46.74,32.43,8.08,45.04,MODERATE
5807,11.33,44.42,61.51,50.38,8.86,35.42,MODERATE
5808,2.25,33.91,37.97,85.55,7.91,33.24,MODERATE
5809,14.07,35.8,52.61,51.56,6.38,32.47,MODERATE
5810,37.19,28.79,62.83,59.7,4.82,40.29,MODERATE
5811,55.08,92.37,67.74,76.58,5.54,61.94,ELEVATED
5812,19.88,30.65,67.74,76.58,5.54,40.8,MODERATE
5813,8.16,27.6,74.34,80.87,5.45,39.42,MODERATE
5814,0.28,7.4,62.34,56.72,6.72,26.37,LOW
5815,43.92,30.65,27.39,79.52,5.52,39.32,MODERATE
5816,12.21,45.61,38.07,12.64,8.6,23.61,LOW
5817,18.89,81.78,61.4,60.31,7.14,46.49,MODERATE
5818,12.75,32.66,61.4,60.31,7.14,35.13,MODERATE
5819,20.91,45.69,43.87,39.72,19.26,33.97,MODERATE
5820,14.69,13.5,26.82,39.87,3.59,20.25,LOW
5821,0.21,9.17,49.79,22.56,7.83,17.53,LOW
5822,22.91,49.18,55.38,71.74,7.53,42.12,MODERATE
5823,0.31,54.69,59.46,42.01,6.98,32.36,MODERATE
5824,3.89,70.78,63.25,50.14,3.97,38.4,MODERATE
5825,2.98,45.69,59.24,22.75,11.82,28.05,LOW
5826,16.81,54.51,64.55,94.57,7.93,48.12,MODERATE
5827,7.5,45.69,69.63,63.49,5.5,38.46,MODERATE
5828,10.24,92.37,44.14,84.78,4.01,47.42,MODERATE
5829,22.5,77.67,38.77,75.74,3.32,44.56,MODERATE
5830,12.08,30.65,64.25,82.95,6.21,39.52,MODERATE
5831,33.12,30.5,38.77,75.74,3.32,37.78,MODERATE
5832,12.5,41.92,34.09,22.41,5.31,23.61,LOW
5833,3.39,46.27,52.06,66.65,0.0,33.84,MODERATE
5834,5.09,50.98,35.93,38.19,7.67,27.44,LOW
5835,11.89,81.78,62.23,24.09,4.71,37.3,MODERATE
5836,36.62,28.79,49.08,53.12,1.49,35.58,MODERATE
5837,30.93,45.69,41.04,21.17,0.05,29.32,LOW
5838,21.89,35.8,41.57,33.83,3.77,28.28,LOW
5839,47.01,44.85,32.58,28.53,7.36,34.05,MODERATE
5840,59.33,39.87,64.62,62.23,1.45,48.39,MODERATE
5841,16.75,21.89,61.51,50.38,8.86,32.27,MODERATE
5842,85.58,55.29,43.72,62.22,4.4,54.3,MODERATE
5843,21.66,27.6,55.38,71.74,7.53,37.49,MODERATE
5844,11.39,39.87,67.09,69.3,9.98,39.59,MODERATE
5845,18.43,30.65,27.39,79.52,5.52,32.95,MODERATE
5846,29.46,28.79,37.7,35.87,3.28,28.33,LOW
5847,32.21,46.27,46.14,60.26,0.85,38.71,MODERATE
5848,56.0,13.5,61.34,75.53,1.78,44.34,MODERATE
5849,31.72,38.81,45.17,43.38,7.55,34.53,MODERATE
5850,40.47,39.87,67.09,69.3,9.98,46.86,MODERATE
5851,7.07,45.61,34.09,22.41,5.31,22.99,LOW
5852,53.7,45.61,61.51,50.38,8.86,46.25,MODERATE
5853,31.92,33.91,23.77,18.02,4.26,23.76,LOW
5854,20.4,41.92,43.87,39.72,19.26,33.09,MODERATE
5855,45.33,55.29,43.72,62.22,4.4,44.24,MODERATE
5856,4.0,50.43,27.39,79.52,5.52,33.3,MODERATE
5857,29.01,49.18,49.33,36.19,8.62,35.49,MODERATE
5858,52.36,28.79,62.83,59.7,4.82,44.08,MODERATE
5859,29.44,67.71,36.79,73.54,2.69,43.37,MODERATE
5860,41.25,22.06,45.17,43.38,7.55,33.57,MODERATE
5861,20.95,81.03,36.79,73.54,2.69,43.91,MODERATE
5862,19.37,49.18,54.8,54.62,4.34,37.21,MODERATE
5863,42.86,70.78,27.39,79.52,5.52,47.08,MODERATE
5864,35.2,77.67,27.73,28.53,9.45,37.0,MODERATE
5865,9.16,30.65,43.42,67.64,5.36,31.43,MODERATE
5866,23.91,39.19,26.82,39.87,3.59,27.69,LOW
5867,18.91,46.27,46.47,69.35,1.31,37.34,MODERATE
5868,2.78,81.78,61.4,60.31,7.14,42.47,MODERATE
5869,6.31,30.65,44.14,84.78,4.01,34.09,MODERATE
5870,24.27,30.65,44.14,84.78,4.01,38.58,MODERATE
5871,18.73,92.37,38.77,75.74,3.32,46.56,MODERATE
5872,19.59,54.69,59.46,42.01,6.98,37.18,MODERATE
5873,1.8,92.37,34.3,19.13,10.61,31.2,MODERATE
5874,21.2,54.51,43.21,37.75,6.15,33.32,MODERATE
5875,15.36,38.81,59.24,22.75,11.82,29.77,LOW
5876,17.75,7.4,56.62,50.18,100.0,42.28,MODERATE
5877,45.93,21.89,44.65,72.77,3.22,39.83,MODERATE
5878,4.18,45.69,59.24,22.75,11.82,28.35,LOW
5879,11.53,81.03,49.06,88.54,1.51,46.83,MODERATE
5880,8.25,28.79,48.0,31.83,2.74,24.2,LOW
5881,45.51,39.19,43.41,62.07,2.53,40.69,MODERATE
5882,6.9,35.8,41.57,33.83,3.77,24.53,LOW
5883,14.65,35.8,44.39,16.48,3.54,23.53,LOW
5884,74.27,77.67,66.25,44.11,5.32,56.97,ELEVATED
5885,13.86,22.06,48.0,31.83,2.74,24.25,LOW
5886,28.1,81.78,56.62,50.18,100.0,59.74,ELEVATED
5887,27.98,67.71,52.06,66.65,0.0,44.28,MODERATE
5888,20.57,50.98,67.09,69.3,9.98,44.11,MODERATE
5889,13.07,50.43,27.39,79.52,5.52,35.57,MODERATE
5890,24.84,67.71,26.54,32.88,8.7,32.94,MODERATE
5891,19.83,7.4,36.79,73.54,2.69,28.91,LOW
5892,2.41,67.71,64.25,82.95,6.21,44.52,MODERATE
5893,76.54,32.66,36.79,73.54,2.69,48.14,MODERATE
5894,23.09,52.85,64.62,62.23,1.45,41.93,MODERATE
5895,42.27,55.29,45.17,43.38,7.55,40.47,MODERATE
5896,22.61,79.62,62.83,59.7,4.82,46.81,MODERATE
5897,5.68,39.19,52.61,51.56,6.38,31.05,MODERATE
5898,39.52,77.67,66.25,44.11,5.32,48.28,MODERATE
5899,12.15,54.69,41.04,21.17,0.05,26.43,LOW
5900,24.46,30.65,49.79,22.56,7.83,27.89,LOW
5901,72.98,50.98,45.68,70.55,5.22,52.47,MODERATE
5902,13.79,55.28,61.63,40.68,4.75,35.68,MODERATE
5903,2.23,46.27,32.94,31.9,6.06,23.69,LOW
5904,19.26,39.87,67.09,69.3,9.98,41.56,MODERATE
5905,20.17,27.6,45.17,43.38,7.55,29.4,LOW
5906,12.06,33.91,37.7,35.87,3.28,25.0,LOW
5907,23.22,50.43,28.14,37.62,28.48,33.32,MODERATE
5908,14.96,28.79,66.25,44.11,5.32,32.37,MODERATE
5909,11.04,22.06,48.0,31.83,2.74,23.55,LOW
5910,15.3,55.29,43.41,62.07,2.53,36.36,MODERATE
5911,26.0,54.69,45.17,43.38,7.55,36.28,MODERATE
5912,7.02,44.42,54.8,54.62,4.34,33.17,MODERATE
5913,49.34,55.28,45.14,30.75,2.65,38.97,MODERATE
5914,34.96,54.51,62.83,59.7,4.82,44.87,MODERATE
5915,1.41,55.28,49.86,55.73,6.34,33.48,MODERATE
5916,0.47,35.8,44.94,41.99,4.2,25.29,LOW
5917,5.99,30.65,33.99,44.43,2.53,23.69,LOW
5918,21.08,27.8,53.94,66.16,1.04,35.01,MODERATE
5919,9.35,44.42,45.14,30.75,2.65,26.8,LOW
5920,3.99,13.5,36.69,13.35,13.11,15.67,LOW
5921,0.6,7.4,41.44,31.24,6.52,17.14,LOW
5922,8.16,52.85,61.4,60.31,7.14,38.02,MODERATE
5923,41.33,54.69,53.94,66.16,1.04,45.45,MODERATE
5924,21.36,55.28,62.83,59.7,4.82,41.63,MODERATE
5925,27.49,92.37,43.21,37.75,6.15,42.46,MODERATE
5926,24.08,49.18,23.77,18.02,4.26,24.85,LOW
5927,19.58,77.67,52.06,66.65,0.0,44.17,MODERATE
5928,22.08,49.18,53.49,50.77,10.04,37.71,MODERATE
5929,95.43,27.6,36.51,72.54,8.54,52.47,MODERATE
5930,16.62,67.71,67.74,76.58,5.54,47.39,MODERATE
5931,10.11,9.3,64.55,94.57,7.93,37.4,MODERATE
5932,25.29,39.19,53.94,66.16,1.04,38.34,MODERATE
5933,1.05,67.71,69.63,63.49,5.5,41.25,MODERATE
5934,0.77,81.03,49.06,88.54,1.51,44.15,MODERATE
5935,16.55,41.92,63.25,50.14,3.97,35.79,MODERATE
5936,51.06,81.78,45.96,28.05,13.05,45.88,MODERATE
5937,25.89,9.17,40.22,58.67,10.3,29.63,LOW
5938,100.0,9.3,62.34,56.72,6.72,51.68,MODERATE
5939,16.72,13.5,49.79,22.56,7.83,22.53,LOW
5940,19.4,30.65,33.99,44.43,2.53,27.04,LOW
5941,46.55,44.85,42.71,43.66,6.29,38.82,MODERATE
5942,18.91,81.78,61.4,60.31,7.14,46.5,MODERATE
5943,26.01,28.79,49.08,53.12,1.49,32.92,MODERATE
5944,68.77,52.85,64.62,62.23,1.45,53.35,MODERATE
5945,18.78,13.5,49.28,20.61,8.21,22.61,LOW
5946,11.06,39.19,43.72,62.22,4.4,32.45,MODERATE
5947,33.08,70.78,27.39,79.52,5.52,44.64,MODERATE
5948,22.56,49.18,47.71,75.92,5.14,40.97,MODERATE
5949,39.11,50.43,64.55,94.57,7.93,52.88,MODERATE
5950,27.92,79.62,45.17,43.38,7.55,41.74,MODERATE
5951,8.66,50.43,27.39,79.52,5.52,34.46,MODERATE
5952,33.93,50.43,49.08,53.12,1.49,39.23,MODERATE
5953,0.21,54.69,36.51,72.54,8.54,34.08,MODERATE
5954,13.82,81.78,46.47,69.35,1.31,43.17,MODERATE
5955,16.28,30.5,56.62,50.18,100.0,46.53,MODERATE
5956,0.29,30.65,35.93,38.19,7.67,22.18,LOW
5957,2.91,50.43,59.24,22.75,11.82,28.99,LOW
5958,21.53,38.81,62.03,35.4,11.62,34.37,MODERATE
5959,34.81,33.91,37.97,85.55,7.91,41.37,MODERATE
5960,53.81,30.65,64.25,82.95,6.21,49.95,MODERATE
5961,20.84,55.29,43.72,62.22,4.4,38.12,MODERATE
5962,1.85,70.78,27.39,79.52,5.52,36.83,MODERATE
5963,7.62,38.81,34.09,22.41,5.31,21.76,LOW
5964,8.92,50.98,35.93,38.19,7.67,28.4,LOW
5965,16.86,54.51,27.73,28.53,9.45,27.79,LOW
5966,1.23,31.05,43.87,39.72,19.26,26.13,LOW
5967,11.51,31.05,67.09,69.3,9.98,37.86,MODERATE
5968,9.85,30.65,67.74,76.58,5.54,38.29,MODERATE
5969,12.3,30.65,27.39,79.52,5.52,31.41,MODERATE
5970,8.72,70.78,63.25,50.14,3.97,39.61,MODERATE
5971,0.11,9.17,49.33,36.19,8.62,20.26,LOW
5972,15.7,13.5,56.62,50.18,100.0,42.98,MODERATE
5973,59.58,45.61,62.03,35.4,11.62,45.24,MODERATE
5974,13.6,77.67,66.25,44.11,5.32,41.8,MODERATE
5975,3.98,67.71,63.25,50.14,3.97,37.81,MODERATE
5976,29.76,9.17,49.79,22.56,7.83,24.92,LOW
5977,10.39,92.37,38.77,75.74,3.32,44.47,MODERATE
5978,2.58,33.91,37.97,85.55,7.91,33.32,MODERATE
5979,21.38,52.85,64.62,62.23,1.45,41.5,MODERATE
5980,6.12,13.5,61.34,75.53,1.78,31.87,MODERATE
5981,14.13,77.67,27.73,28.53,9.45,31.74,MODERATE
5982,11.42,54.51,43.21,37.75,6.15,30.87,MODERATE
5983,6.12,7.4,64.25,82.95,6.21,33.38,MODERATE
5984,18.33,39.87,61.4,60.31,7.14,37.97,MODERATE
5985,8.95,30.5,46.03,96.31,7.43,37.92,MODERATE
5986,3.06,92.37,37.2,33.49,4.35,34.03,MODERATE
5987,20.43,70.78,59.46,42.01,6.98,40.6,MODERATE
5988,13.29,7.4,41.44,31.24,6.52,20.32,LOW
5989,2.87,35.8,41.44,31.24,6.52,23.39,LOW
5990,12.49,30.65,44.14,84.78,4.01,35.64,MODERATE
5991,22.37,30.5,43.72,62.22,4.4,33.54,MODERATE
5992,23.18,81.78,61.4,60.31,7.14,47.56,MODERATE
5993,11.48,54.69,45.17,43.38,7.55,32.65,MODERATE
5994,2.71,9.3,64.55,94.57,7.93,35.55,MODERATE
5995,73.64,39.87,67.09,69.3,9.98,55.16,ELEVATED
5996,33.8,30.65,40.22,58.67,10.3,35.9,MODERATE
5997,27.28,44.42,63.25,50.14,3.97,38.98,MODERATE
5998,31.12,7.4,36.79,73.54,2.69,31.73,MODERATE
5999,17.76,41.92,63.25,50.14,3.97,36.1,MODERATE
6000,12.14,81.03,54.59,66.05,6.77,44.38,MODERATE
6001,20.38,32.66,23.77,18.02,4.26,20.62,LOW
6002,24.59,55.29,32.94,31.9,6.06,31.08,MODERATE
6003,39.62,35.8,44.39,16.48,3.54,29.77,LOW
6004,17.3,50.43,44.65,72.77,3.22,38.38,MODERATE
6005,16.33,35.8,52.61,51.56,6.38,33.03,MODERATE
6006,16.8,52.85,62.96,56.72,14.21,40.84,MODERATE
6007,4.5,77.67,38.77,75.74,3.32,40.06,MODERATE
6008,21.0,31.05,44.94,41.99,4.2,29.47,LOW
6009,3.72,9.3,55.38,71.74,7.53,29.34,LOW
6010,6.15,32.66,23.77,18.02,4.26,17.07,LOW
6011,20.74,45.69,35.93,38.19,7.67,30.29,MODERATE
6012,22.05,50.43,62.34,56.72,6.72,40.42,MODERATE
6013,18.83,46.27,46.43,78.47,6.48,39.92,MODERATE
6014,52.85,47.08,49.08,53.12,1.49,43.29,MODERATE
6015,1.3,28.79,62.83,59.7,4.82,31.31,MODERATE
6016,26.84,30.65,44.14,84.78,4.01,39.23,MODERATE
6017,45.28,67.71,52.06,66.65,0.0,48.6,MODERATE
6018,2.74,70.78,66.25,44.11,5.32,37.71,MODERATE
6019,5.94,41.92,37.97,85.55,7.91,35.76,MODERATE
6020,24.52,55.29,32.94,31.9,6.06,31.06,MODERATE
6021,3.53,77.67,63.25,50.14,3.97,39.69,MODERATE
6022,3.16,67.71,36.79,73.54,2.69,36.8,MODERATE
6023,46.32,45.61,46.74,32.43,8.08,37.75,MODERATE
6024,5.77,81.03,36.51,72.54,8.54,40.74,MODERATE
6025,42.74,7.4,41.44,31.24,6.52,27.68,LOW
6026,6.85,30.65,49.08,53.12,1.49,28.51,LOW
6027,6.41,35.8,61.51,50.38,8.86,32.47,MODERATE
6028,16.04,39.19,43.72,62.22,4.4,33.7,MODERATE
6029,10.63,30.5,43.72,62.22,4.4,30.61,MODERATE
6030,0.98,67.71,52.06,66.65,0.0,37.53,MODERATE
6031,50.02,35.8,41.57,33.83,3.77,35.31,MODERATE
6032,31.88,31.05,36.51,72.54,8.54,37.27,MODERATE
6033,19.04,39.87,27.73,28.53,9.45,25.4,LOW
6034,48.88,35.8,37.97,85.55,7.91,45.27,MODERATE
6035,10.39,49.18,47.71,75.92,5.14,37.93,MODERATE
6036,12.54,32.66,49.86,55.73,6.34,31.74,MODERATE
6037,12.33,44.42,40.22,58.67,10.3,33.29,MODERATE
6038,73.22,54.51,27.73,28.53,9.45,41.88,MODERATE
6039,100.0,47.08,45.14,30.75,2.65,49.99,MODERATE
6040,31.14,13.5,66.25,44.11,5.32,33.35,MODERATE
6041,40.9,55.29,43.41,62.07,2.53,42.76,MODERATE
6042,43.2,39.19,42.71,43.66,6.29,36.85,MODERATE
6043,13.26,9.17,32.94,31.9,6.06,19.03,LOW
6044,17.51,44.42,26.82,39.87,3.59,27.14,LOW
6045,30.79,9.3,62.83,59.7,4.82,34.79,MODERATE
6046,12.98,50.43,54.79,31.06,8.54,31.78,MODERATE
6047,85.05,55.28,55.38,71.74,7.53,58.87,ELEVATED
6048,28.79,9.3,63.25,50.14,3.97,32.33,MODERATE
6049,33.85,32.66,36.79,73.54,2.69,37.47,MODERATE
6050,28.69,55.29,43.41,62.07,2.53,39.71,MODERATE
6051,25.38,50.98,67.09,69.3,9.98,45.31,MODERATE
6052,35.71,7.4,56.62,50.18,100.0,46.77,MODERATE
6053,25.58,50.43,64.55,94.57,7.93,49.5,MODERATE
6054,18.53,39.19,69.63,63.49,5.5,39.92,MODERATE
6055,24.62,9.3,62.34,56.72,6.72,32.83,MODERATE
6056,64.17,13.5,45.17,43.38,7.55,37.58,MODERATE
6057,27.34,30.65,47.71,75.92,5.14,38.46,MODERATE
6058,52.74,32.66,34.3,19.13,10.61,32.0,MODERATE
6059,19.93,27.6,64.55,94.57,7.93,43.52,MODERATE
6060,55.55,44.42,44.94,41.99,4.2,40.79,MODERATE
6061,0.98,21.89,42.71,43.66,6.29,22.84,LOW
6062,16.01,45.69,37.2,33.49,4.35,27.93,LOW
6063,49.85,27.8,28.14,37.62,28.48,35.45,MODERATE
6064,53.62,30.65,43.42,67.64,5.36,42.55,MODERATE
6065,12.15,50.98,26.82,39.87,3.59,27.11,LOW
6066,9.42,52.85,61.4,60.31,7.14,38.34,MODERATE
6067,16.89,27.8,53.94,66.16,1.04,33.96,MODERATE
6068,26.59,47.08,61.63,40.68,4.75,37.24,MODERATE
6069,21.87,35.8,26.82,39.87,3.59,26.5,LOW
6070,16.52,9.17,49.79,22.56,7.83,21.61,LOW
6071,10.7,54.69,54.79,31.06,8.54,32.06,MODERATE
6072,15.0,44.85,46.74,32.43,8.08,29.77,LOW
6073,16.12,35.8,33.99,44.43,2.53,27.25,LOW
6074,15.04,55.28,36.69,13.35,13.11,26.79,LOW
6075,6.79,46.27,46.47,69.35,1.31,34.31,MODERATE
6076,16.82,81.03,64.25,82.95,6.21,50.78,MODERATE
6077,8.45,32.66,36.79,73.54,2.69,31.12,MODERATE
6078,29.96,50.98,35.93,38.19,7.67,33.66,MODERATE
6079,76.55,67.71,69.63,63.49,5.5,60.13,ELEVATED
6080,27.58,31.05,61.34,75.53,1.78,40.75,MODERATE
6081,36.55,9.17,34.49,52.59,6.05,29.29,LOW
6082,30.89,39.87,27.73,28.53,9.45,28.37,LOW
6083,21.13,38.81,54.59,66.05,6.77,38.19,MODERATE
6084,12.16,9.17,49.33,36.19,8.62,23.27,LOW
6085,12.77,33.91,61.4,60.31,7.14,35.39,MODERATE
6086,8.1,39.87,64.62,62.23,1.45,35.59,MODERATE
6087,22.74,45.69,35.93,38.19,7.67,30.8,MODERATE
6088,7.37,9.3,40.07,84.98,2.17,29.04,LOW
6089,30.37,33.91,62.03,35.4,11.62,35.6,MODERATE
6090,46.74,41.92,41.44,31.24,6.52,35.58,MODERATE
6091,9.62,9.17,50.05,54.59,6.49,26.14,LOW
6092,27.57,50.43,28.14,37.62,28.48,34.4,MODERATE
6093,84.51,13.5,61.69,65.14,8.5,50.47,MODERATE
6094,14.06,77.67,46.14,60.26,0.85,40.46,MODERATE
6095,20.67,22.06,45.17,43.38,7.55,28.42,LOW
6096,6.58,70.78,27.39,79.52,5.52,38.01,MODERATE
6097,16.4,30.65,43.42,67.64,5.36,33.24,MODERATE
6098,57.92,47.08,45.14,30.75,2.65,39.47,MODERATE
6099,0.21,22.06,37.7,35.87,3.28,19.67,LOW
6100,22.15,35.8,26.82,39.87,3.59,26.57,LOW
6101,0.94,21.89,43.72,62.22,4.4,26.46,LOW
6102,3.76,46.27,53.94,66.16,1.04,34.37,MODERATE
6103,3.1,9.3,55.38,71.74,7.53,29.19,LOW
6104,9.22,67.71,52.06,66.65,0.0,39.59,MODERATE
6105,14.76,45.69,62.96,56.72,14.21,38.89,MODERATE
6106,10.86,7.4,56.62,50.18,100.0,40.55,MODERATE
6107,12.09,32.66,67.09,69.3,9.98,38.33,MODERATE
6108,28.65,33.91,44.65,72.77,3.22,37.91,MODERATE
6109,14.44,46.27,32.94,31.9,6.06,26.74,LOW
6110,20.77,54.51,43.21,37.75,6.15,33.21,MODERATE
6111,2.25,47.08,59.24,22.75,11.82,28.15,LOW
6112,23.48,67.71,36.79,73.54,2.69,41.88,MODERATE
6113,23.01,44.42,63.25,50.14,3.97,37.91,MODERATE
6114,24.29,70.78,61.51,50.38,8.86,43.93,MODERATE
6115,34.4,81.78,61.4,60.31,7.14,50.37,MODERATE
6116,13.24,32.66,36.51,72.54,8.54,32.93,MODERATE
6117,17.11,54.69,54.79,31.06,8.54,33.67,MODERATE
6118,5.44,67.71,55.74,73.6,6.83,41.79,MODERATE
6119,16.26,44.85,46.74,32.43,8.08,30.08,MODERATE
6120,21.13,13.5,34.09,22.41,5.31,20.08,LOW
6121,0.68,27.8,28.14,37.62,28.48,23.16,LOW
6122,26.33,92.37,34.49,52.59,6.05,43.38,MODERATE
6123,29.35,31.05,34.3,19.13,10.61,25.82,LOW
6124,34.98,13.5,37.97,85.55,7.91,37.33,MODERATE
6125,11.01,54.51,74.34,80.87,5.45,45.51,MODERATE
6126,23.53,39.19,53.94,66.16,1.04,37.9,MODERATE
6127,5.1,79.62,54.8,54.62,4.34,39.73,MODERATE
6128,46.27,33.91,44.65,72.77,3.22,42.32,MODERATE
6129,0.9,45.61,38.07,12.64,8.6,20.78,LOW
6130,39.28,55.29,43.41,62.07,2.53,42.35,MODERATE
6131,17.19,22.06,49.28,20.61,8.21,23.92,LOW
6132,10.58,45.61,62.03,35.4,11.62,32.99,MODERATE
6133,1.08,30.65,64.25,82.95,6.21,36.77,MODERATE
6134,9.83,44.42,54.8,54.62,4.34,33.87,MODERATE
6135,15.58,81.78,62.23,24.09,4.71,38.22,MODERATE
6136,14.0,45.61,61.51,50.38,8.86,36.33,MODERATE
6137,8.52,33.91,46.74,32.43,8.08,25.96,LOW
6138,22.36,39.87,34.3,19.13,10.61,25.84,LOW
6139,14.63,79.62,45.17,43.38,7.55,38.42,MODERATE
6140,1.88,45.61,55.16,54.74,3.55,32.1,MODERATE
6141,23.78,9.17,34.49,52.59,6.05,26.1,LOW
6142,9.87,47.08,49.06,88.54,1.51,39.63,MODERATE
6143,8.01,30.5,43.72,62.22,4.4,29.95,LOW
6144,64.25,9.17,49.79,22.56,7.83,33.54,MODERATE
6145,45.16,35.8,33.99,44.43,2.53,34.51,MODERATE
6146,13.43,13.5,37.97,85.55,7.91,31.95,MODERATE
6147,87.42,55.29,43.41,62.07,2.53,54.39,MODERATE
6148,24.11,47.08,27.73,28.53,9.45,28.11,LOW
6149,12.48,54.69,59.46,42.01,6.98,35.4,MODERATE
6150,23.09,13.5,56.62,50.18,100.0,44.83,MODERATE
6151,10.87,13.5,45.17,43.38,7.55,24.26,LOW
6152,16.9,44.42,43.21,37.75,6.15,30.22,MODERATE
6153,9.42,49.18,55.38,71.74,7.53,38.75,MODERATE
6154,49.54,33.91,23.77,18.02,4.26,28.16,LOW
6155,17.29,39.87,49.28,20.61,8.21,27.51,LOW
6156,22.39,55.29,43.41,62.07,2.53,38.13,MODERATE
6157,7.89,92.37,43.21,37.75,6.15,37.56,MODERATE
6158,36.5,9.3,55.38,71.74,7.53,37.54,MODERATE
6159,19.3,28.79,49.08,53.12,1.49,31.25,MODERATE
6160,9.02,44.42,40.22,58.67,10.3,32.46,MODERATE
6161,26.05,35.8,55.74,73.6,6.83,40.57,MODERATE
6162,40.03,77.67,55.38,71.74,7.53,52.1,MODERATE
6163,50.79,50.43,64.55,94.57,7.93,55.8,ELEVATED
6164,16.95,28.79,46.43,78.47,6.48,35.95,MODERATE
6165,9.79,44.42,54.8,54.62,4.34,33.87,MODERATE
6166,100.0,31.05,26.54,32.88,8.7,44.4,MODERATE
6167,36.88,55.28,45.14,30.75,2.65,35.85,MODERATE
6168,46.06,7.4,56.62,50.18,100.0,49.35,MODERATE
6169,48.18,44.42,45.14,30.75,2.65,36.5,MODERATE
6170,20.3,55.29,47.75,23.78,2.21,30.77,MODERATE
6171,18.99,45.69,35.93,38.19,7.67,29.86,LOW
6172,14.95,44.42,28.14,37.62,28.48,30.05,MODERATE
6173,9.95,50.43,67.09,69.3,9.98,41.35,MODERATE
6174,2.92,47.08,27.73,28.53,9.45,22.82,LOW
6175,11.28,55.28,26.82,39.87,3.59,27.75,LOW
6176,29.83,67.71,63.25,50.14,3.97,44.27,MODERATE
6177,42.49,9.17,32.94,31.9,6.06,26.33,LOW
6178,30.13,27.8,53.94,66.16,1.04,37.27,MODERATE
6179,6.75,13.5,45.17,43.38,7.55,23.23,LOW
6180,0.38,50.43,49.08,53.12,1.49,30.84,MODERATE
6181,64.71,28.79,50.05,54.59,6.49,43.84,MODERATE
6182,30.49,92.37,61.4,60.31,7.14,51.51,MODERATE
6183,17.02,33.91,37.97,85.55,7.91,36.93,MODERATE
6184,7.96,44.42,44.94,41.99,4.2,28.89,LOW
6185,27.43,22.06,33.99,44.43,2.53,27.33,LOW
6186,32.48,92.37,38.77,75.74,3.32,49.99,MODERATE
6187,4.35,70.78,59.46,42.01,6.98,36.58,MODERATE
6188,65.36,30.5,64.62,62.23,1.45,48.03,MODERATE
6189,42.0,55.28,61.63,40.68,4.75,42.73,MODERATE
6190,33.32,41.92,34.09,22.41,5.31,28.81,LOW
6191,14.83,28.79,40.22,58.67,10.3,30.79,MODERATE
6192,28.06,44.85,62.34,56.72,6.72,40.8,MODERATE
6193,25.05,81.78,61.4,60.31,7.14,48.03,MODERATE
6194,1.49,54.69,54.79,31.06,8.54,29.76,LOW
6195,1.85,52.85,48.0,31.83,2.74,27.41,LOW
6196,40.34,92.37,67.74,76.58,5.54,58.25,ELEVATED
6197,100.0,39.87,35.93,38.19,7.67,48.95,MODERATE
6198,12.13,44.42,43.21,37.75,6.15,29.03,LOW
6199,54.35,46.27,32.94,31.9,6.06,36.72,MODERATE
6200,100.0,44.85,55.16,54.74,3.55,56.48,ELEVATED
6201,2.34,50.98,49.08,53.12,1.49,31.44,MODERATE
6202,6.18,55.28,34.09,22.41,5.31,24.7,LOW
6203,97.74,32.66,36.51,72.54,8.54,54.06,MODERATE
6204,0.33,41.92,62.83,59.7,4.82,33.7,MODERATE
6205,30.46,52.85,37.97,85.55,7.91,44.07,MODERATE
6206,29.36,77.67,63.25,50.14,3.97,46.15,MODERATE
6207,39.38,30.5,56.62,50.18,100.0,52.31,MODERATE
6208,39.48,27.8,34.09,22.41,5.31,27.53,LOW
6209,23.6,50.43,32.94,31.9,6.06,29.86,LOW
6210,52.59,49.18,55.38,71.74,7.53,49.54,MODERATE
6211,29.38,45.61,64.25,82.95,6.21,46.84,MODERATE
6212,25.67,28.79,41.04,21.17,0.05,24.63,LOW
6213,15.24,13.5,49.28,20.61,8.21,21.72,LOW
6214,42.72,52.85,61.4,60.31,7.14,46.66,MODERATE
6215,3.1,55.29,37.2,33.49,4.35,26.62,LOW
6216,0.62,52.85,61.4,60.31,7.14,36.14,MODERATE
6217,1.51,67.71,49.79,22.56,7.83,29.56,LOW
6218,74.97,44.42,44.94,41.99,4.2,45.64,MODERATE
6219,22.21,81.78,59.46,42.01,6.98,43.25,MODERATE
6220,35.5,9.3,62.34,56.72,6.72,35.55,MODERATE
6221,5.44,77.67,66.25,44.11,5.32,39.76,MODERATE
6222,17.76,44.85,55.16,54.74,3.55,35.92,MODERATE
6223,1.16,46.27,26.82,39.87,3.59,23.42,LOW
6224,28.21,92.37,34.49,52.59,6.05,43.85,MODERATE
6225,24.54,30.65,49.28,20.61,8.21,27.48,LOW
6226,32.94,54.51,64.55,94.57,7.93,52.15,MODERATE
6227,59.14,7.4,74.34,80.87,5.45,48.13,MODERATE
6228,12.31,81.78,28.14,37.62,28.48,36.86,MODERATE
6229,48.99,81.78,37.2,33.49,4.35,43.39,MODERATE
6230,3.23,52.85,47.81,43.54,7.25,30.73,MODERATE
6231,2.36,50.98,45.68,70.55,5.22,34.81,MODERATE
6232,52.48,32.66,36.79,73.54,2.69,42.12,MODERATE
6233,7.16,27.6,44.14,84.78,4.01,33.7,MODERATE
6234,9.28,46.27,74.84,21.52,9.31,32.24,MODERATE
6235,33.5,46.27,46.47,69.35,1.31,40.99,MODERATE
6236,12.01,45.61,55.38,71.74,7.53,38.68,MODERATE
6237,30.61,30.65,37.2,33.49,4.35,28.57,LOW
6238,4.85,52.85,62.96,56.72,14.21,37.85,MODERATE
6239,23.55,81.03,53.94,66.16,1.04,46.27,MODERATE
6240,32.55,45.69,43.87,39.72,19.26,36.88,MODERATE
6241,50.33,70.78,61.51,50.38,8.86,50.44,MODERATE
6242,9.51,67.71,26.54,32.88,8.7,29.11,LOW
6243,0.98,55.29,34.3,19.13,10.61,23.58,LOW
6244,31.89,44.85,32.58,28.53,7.36,30.27,MODERATE
6245,4.31,39.19,67.09,69.3,9.98,37.69,MODERATE
6246,31.38,9.3,40.07,84.98,2.17,35.04,MODERATE
6247,3.51,38.81,59.24,22.75,11.82,26.81,LOW
6248,26.48,55.28,49.86,55.73,6.34,39.75,MODERATE
6249,59.1,21.89,55.38,71.74,7.53,45.71,MODERATE
6250,5.12,52.85,48.0,31.83,2.74,28.23,LOW
6251,7.9,31.05,67.09,69.3,9.98,36.96,MODERATE
6252,17.67,79.62,43.42,67.64,5.36,43.35,MODERATE
6253,28.99,81.03,35.93,38.19,7.67,39.43,MODERATE
6254,46.75,81.03,36.51,72.54,8.54,50.98,MODERATE
6255,9.57,30.65,35.93,38.19,7.67,24.49,LOW
6256,18.66,55.29,45.17,43.38,7.55,34.56,MODERATE
6257,4.31,22.06,48.0,31.83,2.74,21.87,LOW
6258,24.35,27.8,40.07,84.98,2.17,36.99,MODERATE
6259,16.72,47.08,45.14,30.75,2.65,29.17,LOW
6260,11.18,55.29,47.75,23.78,2.21,28.49,LOW
6261,16.71,47.08,49.06,88.54,1.51,41.34,MODERATE
6262,2.76,39.87,35.93,38.19,7.67,24.64,LOW
6263,1.45,28.79,37.7,35.87,3.28,21.32,LOW
6264,8.83,45.61,46.74,32.43,8.08,28.37,LOW
6265,19.42,52.85,45.17,43.38,7.55,34.27,MODERATE
6266,4.97,39.19,67.09,69.3,9.98,37.86,MODERATE
6267,14.94,9.3,32.94,31.9,6.06,19.47,LOW
6268,41.67,70.78,46.47,69.35,1.31,47.94,MODERATE
6269,86.72,77.67,27.73,28.53,9.45,49.88,MODERATE
6270,67.35,28.79,48.0,31.83,2.74,38.97,MODERATE
6271,42.59,27.6,34.09,22.41,5.31,28.27,LOW
6272,53.92,7.4,61.34,75.53,1.78,42.6,MODERATE
6273,2.75,79.62,62.83,59.7,4.82,41.84,MODERATE
6274,36.33,7.4,41.44,31.24,6.52,26.08,LOW
6275,26.39,81.03,54.59,66.05,6.77,47.95,MODERATE
6276,23.19,50.98,35.93,38.19,7.67,31.97,MODERATE
6277,38.32,39.19,69.63,63.49,5.5,44.87,MODERATE
6278,30.23,9.3,32.94,31.9,6.06,23.29,LOW
6279,14.3,13.5,36.69,13.35,13.11,18.25,LOW
6280,39.73,46.27,53.94,66.16,1.04,43.36,MODERATE
6281,23.16,39.19,43.72,62.22,4.4,35.48,MODERATE
6282,22.93,55.29,26.54,32.88,8.7,29.98,LOW
6283,33.29,31.05,34.49,52.59,6.05,32.85,MODERATE
6284,42.14,55.29,44.94,41.99,4.2,39.61,MODERATE
6285,100.0,44.42,62.96,56.72,14.21,59.95,ELEVATED
6286,20.63,33.91,44.65,72.77,3.22,35.91,MODERATE
6287,3.63,30.65,63.25,50.14,3.97,30.31,MODERATE
6288,4.8,55.29,46.47,69.35,1.31,35.62,MODERATE
6289,10.65,67.71,63.25,50.14,3.97,39.48,MODERATE
6290,19.58,13.5,44.65,72.77,3.22,31.56,MODERATE
6291,15.13,33.91,46.74,32.43,8.08,27.61,LOW
6292,4.25,81.03,35.93,38.19,7.67,33.24,MODERATE
6293,23.75,49.18,34.3,19.13,10.61,28.05,LOW
6294,21.72,30.65,40.22,58.67,10.3,32.88,MODERATE
6295,30.96,52.85,40.22,58.67,10.3,39.63,MODERATE
6296,44.93,41.92,37.7,35.87,3.28,34.82,MODERATE
6297,9.64,55.29,44.94,41.99,4.2,31.48,MODERATE
6298,14.75,27.8,53.94,66.16,1.04,33.42,MODERATE
6299,5.77,21.89,27.73,28.53,9.45,18.49,LOW
6300,0.09,21.89,42.71,43.66,6.29,22.62,LOW
6301,8.85,13.5,49.28,20.61,8.21,20.12,LOW
6302,4.61,47.08,23.77,18.02,4.26,19.57,LOW
6303,30.36,28.79,37.7,35.87,3.28,28.55,LOW
6304,14.25,81.03,35.93,38.19,7.67,35.74,MODERATE
6305,34.99,92.37,37.2,33.49,4.35,42.01,MODERATE
6306,13.49,39.87,64.62,62.23,1.45,36.93,MODERATE
6307,28.49,7.4,49.06,88.54,1.51,36.35,MODERATE
6308,41.37,55.28,34.09,22.41,5.31,33.5,MODERATE
6309,21.81,31.05,49.28,20.61,8.21,26.87,LOW
6310,17.44,39.19,53.94,66.16,1.04,36.37,MODERATE
6311,26.59,13.5,36.69,13.35,13.11,21.32,LOW
6312,26.78,30.65,63.25,50.14,3.97,36.1,MODERATE
6313,1.72,52.85,61.4,60.31,7.14,36.41,MODERATE
6314,1.22,28.79,41.04,21.17,0.05,18.51,LOW
6315,0.44,39.19,67.09,69.3,9.98,36.72,MODERATE
6316,5.01,44.42,36.69,13.35,13.11,22.11,LOW
6317,6.48,47.08,61.34,75.53,1.78,38.68,MODERATE
6318,15.73,32.66,61.4,60.31,7.14,35.88,MODERATE
6319,21.09,50.98,49.08,53.12,1.49,36.13,MODERATE
6320,26.26,55.28,45.14,30.75,2.65,33.2,MODERATE
6321,26.32,7.4,36.79,73.54,2.69,30.53,MODERATE
6322,14.56,47.08,59.24,22.75,11.82,31.23,MODERATE
6323,12.46,39.19,52.61,51.56,6.38,32.74,MODERATE
6324,35.37,32.66,23.77,18.02,4.26,24.37,LOW
6325,68.46,39.19,36.51,72.54,8.54,48.04,MODERATE
6326,0.61,30.65,54.59,66.05,6.77,31.43,MODERATE
6327,16.82,9.3,63.25,50.14,3.97,29.34,LOW
6328,21.67,50.98,40.07,84.98,2.17,40.95,MODERATE
6329,34.66,52.85,64.62,62.23,1.45,44.82,MODERATE
6330,73.56,39.87,61.4,60.31,7.14,51.78,MODERATE
6331,47.87,54.69,54.79,31.06,8.54,41.36,MODERATE
6332,1.35,44.42,67.09,69.3,9.98,37.99,MODERATE
6333,48.05,41.92,37.2,33.49,4.35,35.19,MODERATE
6334,2.33,45.69,37.2,33.49,4.35,24.51,LOW
6335,2.71,47.08,56.62,50.18,100.0,46.45,MODERATE
6336,25.74,44.85,32.58,28.53,7.36,28.73,LOW
6337,42.01,49.18,23.77,18.02,4.26,29.34,LOW
6338,34.51,49.18,53.49,50.77,10.04,40.82,MODERATE
6339,0.55,33.91,49.79,22.56,7.83,22.57,LOW
6340,7.56,49.18,53.49,50.77,10.04,34.08,MODERATE
6341,14.71,44.42,36.69,13.35,13.11,24.53,LOW
6342,60.66,79.62,46.47,69.35,1.31,54.45,MODERATE
6343,15.54,55.29,47.75,23.78,2.21,29.58,LOW
6344,100.0,22.06,55.16,54.74,3.55,51.93,MODERATE
6345,10.42,27.8,40.07,84.98,2.17,33.5,MODERATE
6346,14.38,7.4,36.79,73.54,2.69,27.55,LOW
6347,2.25,70.78,27.39,79.52,5.52,36.93,MODERATE
6348,38.84,32.66,36.79,73.54,2.69,38.71,MODERATE
6349,11.14,45.69,44.94,41.99,4.2,29.94,LOW
6350,27.33,81.03,61.34,75.53,1.78,50.68,MODERATE
6351,5.15,50.43,64.55,94.57,7.93,44.39,MODERATE
6352,43.48,21.89,74.34,80.87,5.45,47.11,MODERATE
6353,8.82,39.19,26.82,39.87,3.59,23.92,LOW
6354,24.25,30.65,37.2,33.49,4.35,26.98,LOW
6355,15.4,39.19,49.06,88.54,1.51,39.44,MODERATE
6356,37.47,13.5,66.25,44.11,5.32,34.94,MODERATE
6357,13.59,45.69,62.96,56.72,14.21,38.6,MODERATE
6358,14.77,7.4,62.34,56.72,6.72,29.99,LOW
6359,21.2,70.78,74.84,21.52,9.31,40.12,MODERATE
6360,27.33,55.28,44.14,84.78,4.01,44.28,MODERATE
6361,24.11,13.5,44.65,72.77,3.22,32.7,MODERATE
6362,10.37,9.3,44.14,84.78,4.01,30.84,MODERATE
6363,0.59,31.05,47.71,75.92,5.14,31.85,MODERATE
6364,52.98,45.69,37.2,33.49,4.35,37.17,MODERATE
6365,32.71,81.78,62.23,24.09,4.71,42.5,MODERATE
6366,27.38,81.78,74.84,21.52,9.31,43.87,MODERATE
6367,14.46,52.85,23.77,18.02,4.26,23.18,LOW
6368,52.44,39.19,43.72,62.22,4.4,42.8,MODERATE
6369,5.0,33.91,37.97,85.55,7.91,33.92,MODERATE
6370,50.38,81.78,45.96,28.05,13.05,45.71,MODERATE
6371,32.08,41.92,62.83,59.7,4.82,41.63,MODERATE
6372,5.12,7.4,62.34,56.72,6.72,27.58,LOW
6373,27.49,81.03,36.51,72.54,8.54,46.17,MODERATE
6374,35.94,50.43,59.24,22.75,11.82,37.24,MODERATE
6375,22.27,45.69,37.2,33.49,4.35,29.49,LOW
6376,11.09,35.8,37.97,85.55,7.91,35.82,MODERATE
6377,12.66,92.37,37.2,33.49,4.35,36.43,MODERATE
6378,10.63,54.69,54.79,31.06,8.54,32.05,MODERATE
6379,13.04,55.29,52.06,66.65,0.0,38.06,MODERATE
6380,1.6,55.29,37.2,33.49,4.35,26.25,LOW
6381,2.39,54.51,47.71,75.92,5.14,37.0,MODERATE
6382,0.99,30.65,27.39,79.52,5.52,28.59,LOW
6383,20.47,33.91,23.77,18.02,4.26,20.9,LOW
6384,17.59,32.66,23.77,18.02,4.26,19.93,LOW
6385,15.54,70.78,74.84,21.52,9.31,38.71,MODERATE
6386,21.7,39.87,49.28,20.61,8.21,28.61,LOW
6387,18.74,13.5,45.17,43.38,7.55,26.23,LOW
6388,53.26,81.78,61.4,60.31,7.14,55.09,ELEVATED
6389,25.73,92.37,34.3,19.13,10.61,37.18,MODERATE
6390,4.34,55.28,45.14,30.75,2.65,27.72,LOW
6391,14.35,41.92,63.25,50.14,3.97,35.25,MODERATE
6392,2.97,30.5,43.72,62.22,4.4,28.69,LOW
6393,45.91,30.65,33.99,44.43,2.53,33.67,MODERATE
6394,3.82,81.03,40.22,58.67,10.3,38.48,MODERATE
6395,1.08,38.81,45.17,43.38,7.55,26.87,LOW
6396,7.74,13.5,27.73,28.53,9.45,17.3,LOW
6397,14.3,35.8,55.74,73.6,6.83,37.63,MODERATE
6398,7.57,30.65,45.96,28.05,13.05,24.78,LOW
6399,38.79,44.42,63.25,50.14,3.97,41.85,MODERATE
6400,17.9,55.29,52.06,66.65,0.0,39.27,MODERATE
6401,42.01,54.69,54.79,31.06,8.54,39.89,MODERATE
6402,6.13,13.5,45.96,28.05,13.05,20.99,LOW
6403,18.29,27.8,50.05,54.59,6.49,32.03,MODERATE
6404,7.21,39.19,53.49,50.77,10.04,32.0,MODERATE
6405,1.46,13.5,37.97,85.55,7.91,28.96,LOW
6406,13.98,39.19,67.09,69.3,9.98,40.11,MODERATE
6407,44.77,30.65,49.79,22.56,7.83,32.97,MODERATE
6408,28.98,70.78,54.8,54.62,4.34,43.94,MODERATE
6409,33.57,35.8,41.44,31.24,6.52,31.07,MODERATE
6410,7.37,7.4,41.44,31.24,6.52,18.84,LOW
6411,9.92,52.85,64.62,62.23,1.45,38.64,MODERATE
6412,25.01,27.6,37.2,33.49,4.35,26.56,LOW
6413,35.02,30.5,43.72,62.22,4.4,36.7,MODERATE
6414,24.72,81.78,63.25,50.14,3.97,45.81,MODERATE
6415,12.64,67.71,63.25,50.14,3.97,39.98,MODERATE
6416,33.42,55.28,34.49,52.59,6.05,37.73,MODERATE
6417,10.74,39.19,56.62,50.18,100.0,46.88,MODERATE
6418,47.78,13.5,49.79,22.56,7.83,30.29,MODERATE
6419,11.33,7.4,56.62,50.18,100.0,40.67,MODERATE
6420,54.15,46.27,46.47,69.35,1.31,46.15,MODERATE
6421,30.84,13.5,49.28,20.61,8.21,25.62,LOW
6422,21.31,45.69,59.24,22.75,11.82,32.63,MODERATE
6423,18.85,49.18,43.87,39.72,19.26,34.16,MODERATE
6424,2.01,79.62,46.47,69.35,1.31,39.79,MODERATE
6425,15.78,45.61,64.25,82.95,6.21,43.44,MODERATE
6426,22.53,44.85,55.16,54.74,3.55,37.11,MODERATE
6427,18.77,81.03,46.47,69.35,1.31,44.26,MODERATE
6428,10.11,28.79,49.08,53.12,1.49,28.95,LOW
6429,1.25,49.18,36.51,72.54,8.54,33.24,MODERATE
6430,26.46,45.61,38.77,75.74,3.32,39.14,MODERATE
6431,6.36,45.61,49.06,88.54,1.51,38.46,MODERATE
6432,10.27,38.81,54.59,66.05,6.77,35.47,MODERATE
6433,18.8,9.17,46.03,96.31,7.43,36.12,MODERATE
6434,32.28,46.27,26.82,39.87,3.59,31.2,MODERATE
6435,8.58,81.78,63.25,50.14,3.97,41.78,MODERATE
6436,1.84,50.98,43.42,67.64,5.36,33.67,MODERATE
6437,100.0,70.78,46.47,69.35,1.31,62.52,ELEVATED
6438,22.28,9.3,40.07,84.98,2.17,32.77,MODERATE
6439,14.89,13.5,61.34,75.53,1.78,34.06,MODERATE
6440,8.87,79.62,46.47,69.35,1.31,41.5,MODERATE
6441,52.06,81.03,36.51,72.54,8.54,52.31,MODERATE
6442,13.8,38.81,59.24,22.75,11.82,29.38,LOW
6443,20.33,67.71,69.63,63.49,5.5,46.07,MODERATE
6444,12.21,13.5,45.17,43.38,7.55,24.59,LOW
6445,22.64,45.69,62.96,56.72,14.21,40.86,MODERATE
6446,23.14,44.42,45.14,30.75,2.65,30.25,MODERATE
6447,12.33,41.92,63.25,50.14,3.97,34.74,MODERATE
6448,35.72,38.81,62.03,35.4,11.62,37.92,MODERATE
6449,44.29,44.85,32.58,28.53,7.36,33.37,MODERATE
6450,96.51,67.71,69.63,63.49,5.5,65.12,ELEVATED
6451,23.88,46.27,64.62,62.23,1.45,40.81,MODERATE
6452,15.91,46.27,46.47,69.35,1.31,36.59,MODERATE
6453,1.45,32.66,64.55,94.57,7.93,39.91,MODERATE
6454,72.96,13.5,37.97,85.55,7.91,46.83,MODERATE
6455,36.39,9.3,44.14,84.78,4.01,37.34,MODERATE
6456,21.66,81.78,37.2,33.49,4.35,36.56,MODERATE
6457,28.61,81.78,61.4,60.31,7.14,48.92,MODERATE
6458,1.46,13.5,45.96,28.05,13.05,19.82,LOW
6459,34.06,39.19,43.41,62.07,2.53,37.83,MODERATE
6460,19.42,46.27,46.47,69.35,1.31,37.47,MODERATE
6461,10.89,55.28,28.14,37.62,28.48,31.2,MODERATE
6462,11.78,39.87,34.3,19.13,10.61,23.2,LOW
6463,11.3,9.3,54.8,54.62,4.34,27.22,LOW
6464,4.19,35.8,41.44,31.24,6.52,23.72,LOW
6465,30.81,44.42,36.69,13.35,13.11,28.56,LOW
6466,24.36,27.8,50.05,54.59,6.49,33.55,MODERATE
6467,5.57,45.69,41.04,21.17,0.05,22.98,LOW
6468,18.84,39.19,28.14,37.62,28.48,29.97,LOW
6469,21.06,49.18,43.87,39.72,19.26,34.71,MODERATE
6470,7.57,55.29,37.2,33.49,4.35,27.74,LOW
6471,2.69,50.43,32.94,31.9,6.06,24.64,LOW
6472,19.8,50.98,41.44,31.24,6.52,30.66,MODERATE
6473,16.21,9.17,49.79,22.56,7.83,21.53,LOW
6474,30.75,33.91,42.71,43.66,6.29,32.69,MODERATE
6475,77.99,9.3,62.83,59.7,4.82,46.59,MODERATE
6476,8.65,33.91,46.74,32.43,8.08,25.99,LOW
6477,8.07,55.28,36.69,13.35,13.11,25.05,LOW
6478,17.47,54.51,27.73,28.53,9.45,27.94,LOW
6479,20.95,9.3,46.14,60.26,0.85,28.5,LOW
6480,20.35,50.43,28.14,37.62,28.48,32.6,MODERATE
6481,44.0,81.78,61.4,60.31,7.14,52.77,MODERATE
6482,9.0,92.37,34.3,19.13,10.61,33.0,MODERATE
6483,29.74,50.43,54.79,31.06,8.54,35.97,MODERATE
6484,100.0,22.06,48.0,31.83,2.74,45.79,MODERATE
6485,1.41,55.28,62.83,59.7,4.82,36.64,MODERATE
6486,9.96,30.65,40.22,58.67,10.3,29.94,LOW
6487,63.01,55.29,45.17,43.38,7.55,45.65,MODERATE
6488,24.53,55.29,46.47,69.35,1.31,40.55,MODERATE
6489,38.2,44.85,32.58,28.53,7.36,31.85,MODERATE
6490,54.41,52.85,45.17,43.38,7.55,43.01,MODERATE
6491,10.89,45.69,38.77,75.74,3.32,35.26,MODERATE
6492,11.16,28.79,49.08,53.12,1.49,29.21,LOW
6493,30.43,32.66,36.51,72.54,8.54,37.23,MODERATE
6494,5.58,30.65,64.25,82.95,6.21,37.9,MODERATE
6495,14.39,39.19,36.51,72.54,8.54,34.53,MODERATE
6496,6.44,41.92,62.83,59.7,4.82,35.22,MODERATE
6497,2.94,21.89,61.51,50.38,8.86,28.82,LOW
6498,27.06,49.18,36.51,72.54,8.54,39.69,MODERATE
6499,3.11,13.5,45.17,43.38,7.55,22.32,LOW
6500,57.31,30.65,54.59,66.05,6.77,45.6,MODERATE
6501,25.64,67.71,26.54,32.88,8.7,33.14,MODERATE
6502,6.78,54.69,54.79,31.06,8.54,31.08,MODERATE
6503,49.56,45.61,63.25,50.14,3.97,44.78,MODERATE
6504,19.41,50.43,59.24,22.75,11.82,33.11,MODERATE
6505,51.79,45.69,37.2,33.49,4.35,36.87,MODERATE
6506,29.35,70.78,63.25,50.14,3.97,44.77,MODERATE
6507,15.17,13.5,44.65,72.77,3.22,30.46,MODERATE
6508,23.51,47.08,61.34,75.53,1.78,42.93,MODERATE
6509,0.98,9.3,46.14,60.26,0.85,23.51,LOW
6510,22.65,41.92,34.09,22.41,5.31,26.14,LOW
6511,26.43,39.87,27.73,28.53,9.45,27.25,LOW
6512,48.55,27.6,44.14,84.78,4.01,44.05,MODERATE
6513,0.04,45.61,62.03,35.4,11.62,30.36,MODERATE
6514,56.8,35.8,52.61,51.56,6.38,43.15,MODERATE
6515,6.31,33.91,23.77,18.02,4.26,17.36,LOW
6516,23.15,13.5,61.34,75.53,1.78,36.13,MODERATE
6517,30.81,30.65,43.42,67.64,5.36,36.85,MODERATE
6518,44.21,7.4,49.06,88.54,1.51,40.28,MODERATE
6519,8.93,30.65,49.79,22.56,7.83,24.01,LOW
6520,15.9,81.78,74.84,21.52,9.31,41.0,MODERATE
6521,16.04,52.85,47.81,43.54,7.25,33.94,MODERATE
6522,20.29,55.29,37.2,33.49,4.35,30.92,MODERATE
6523,2.59,44.85,34.09,22.41,5.31,21.71,LOW
6524,47.39,9.17,46.03,96.31,7.43,43.26,MODERATE
6525,62.4,22.06,49.28,20.61,8.21,35.22,MODERATE
6526,50.19,13.5,45.17,43.38,7.55,34.09,MODERATE
6527,12.19,50.98,35.93,38.19,7.67,29.22,LOW
6528,66.11,67.71,69.63,63.49,5.5,57.52,ELEVATED
6529,25.37,33.91,62.03,35.4,11.62,34.35,MODERATE
6530,2.23,33.91,44.65,72.77,3.22,31.31,MODERATE
6531,19.65,45.61,38.07,12.64,8.6,25.47,LOW
6532,35.19,7.4,74.34,80.87,5.45,42.14,MODERATE
6533,8.88,52.85,64.62,62.23,1.45,38.38,MODERATE
6534,43.94,39.87,27.73,28.53,9.45,31.63,MODERATE
6535,13.53,9.17,46.03,96.31,7.43,34.8,MODERATE
6536,23.45,41.92,41.44,31.24,6.52,29.76,LOW
6537,48.42,32.66,36.79,73.54,2.69,41.11,MODERATE
6538,26.99,55.29,43.41,62.07,2.53,39.28,MODERATE
6539,7.91,55.28,49.86,55.73,6.34,35.1,MODERATE
6540,14.61,9.3,35.93,38.19,7.67,21.49,LOW
6541,15.22,55.29,34.3,19.13,10.61,27.14,LOW
6542,0.87,27.8,49.06,88.54,1.51,33.53,MODERATE
6543,57.63,54.51,45.17,43.38,7.55,44.15,MODERATE
6544,22.2,55.29,34.3,19.13,10.61,28.88,LOW
6545,2.08,45.61,23.77,18.02,4.26,18.64,LOW
6546,15.9,27.6,37.2,33.49,4.35,24.28,LOW
6547,62.49,55.29,43.87,39.72,19.26,46.29,MODERATE
6548,29.84,39.19,53.94,66.16,1.04,39.47,MODERATE
6549,41.65,52.85,37.97,85.55,7.91,46.87,MODERATE
6550,22.98,39.19,56.62,50.18,100.0,49.94,MODERATE
6551,25.09,21.89,42.71,43.66,6.29,28.87,LOW
6552,1.75,30.5,64.62,62.23,1.45,32.13,MODERATE
6553,31.59,79.62,62.83,59.7,4.82,49.05,MODERATE
6554,25.56,50.98,62.34,56.72,6.72,41.41,MODERATE
6555,11.19,35.8,44.94,41.99,4.2,27.97,LOW
6556,20.34,41.92,37.97,85.55,7.91,39.36,MODERATE
6557,11.8,38.81,61.69,65.14,8.5,37.35,MODERATE
6558,26.57,30.65,49.79,22.56,7.83,28.42,LOW
6559,9.58,39.19,69.63,63.49,5.5,37.68,MODERATE
6560,30.28,50.98,45.68,70.55,5.22,41.79,MODERATE
6561,37.63,32.66,36.51,72.54,8.54,39.03,MODERATE
6562,7.22,33.91,23.77,18.02,4.26,17.59,LOW
6563,100.0,77.67,44.14,84.78,4.01,66.92,ELEVATED
6564,20.26,21.89,42.71,43.66,6.29,27.66,LOW
6565,14.39,54.51,62.83,59.7,4.82,39.73,MODERATE
6566,8.1,49.18,49.33,36.19,8.62,30.26,MODERATE
6567,31.5,92.37,44.14,84.78,4.01,52.74,MODERATE
6568,8.33,22.06,55.16,54.74,3.55,29.01,LOW
6569,75.67,39.19,43.72,62.22,4.4,48.61,MODERATE
6570,46.59,13.5,66.25,44.11,5.32,37.22,MODERATE
6571,16.96,32.66,43.21,37.75,6.15,27.89,LOW
6572,39.95,55.28,34.09,22.41,5.31,33.14,MODERATE
6573,68.04,9.3,62.23,24.09,4.71,36.84,MODERATE
6574,8.03,33.91,42.71,43.66,6.29,27.01,LOW
6575,16.25,28.79,41.04,21.17,0.05,22.27,LOW
6576,8.18,9.3,44.14,84.78,4.01,30.29,MODERATE
6577,21.43,39.19,43.41,62.07,2.53,34.67,MODERATE
6578,91.01,50.43,67.09,69.3,9.98,61.61,ELEVATED
6579,13.34,13.5,36.69,13.35,13.11,18.01,LOW
6580,21.73,46.27,52.06,66.65,0.0,38.43,MODERATE
6581,18.71,9.3,46.14,60.26,0.85,27.94,LOW
6582,12.75,13.5,56.62,50.18,100.0,42.25,MODERATE
6583,15.13,92.37,34.49,52.59,6.05,40.58,MODERATE
6584,27.44,67.71,69.63,63.49,5.5,47.85,MODERATE
6585,0.96,50.43,37.2,33.49,4.35,25.12,LOW
6586,5.17,55.29,43.87,39.72,19.26,31.96,MODERATE
6587,10.43,27.8,50.05,54.59,6.49,30.07,MODERATE
6588,100.0,50.43,49.28,20.61,8.21,50.3,MODERATE
6589,8.27,54.51,47.71,75.92,5.14,38.47,MODERATE
6590,24.26,35.8,44.39,16.48,3.54,25.93,LOW
6591,10.94,44.42,45.14,30.75,2.65,27.19,LOW
6592,32.06,13.5,45.17,43.38,7.55,29.56,LOW
6593,4.16,39.87,27.73,28.53,9.45,21.68,LOW
6594,100.0,45.69,44.94,41.99,4.2,52.15,MODERATE
6595,5.02,27.8,50.05,54.59,6.49,28.72,LOW
6596,47.94,30.65,45.96,28.05,13.05,34.87,MODERATE
6597,16.4,50.43,37.2,33.49,4.35,28.98,LOW
6598,3.14,30.65,33.99,44.43,2.53,22.98,LOW
6599,14.7,52.85,23.77,18.02,4.26,23.24,LOW
6600,63.99,31.05,45.68,70.55,5.22,46.24,MODERATE
6601,25.93,44.85,62.34,56.72,6.72,40.27,MODERATE
6602,1.17,45.61,49.06,88.54,1.51,37.16,MODERATE
6603,17.97,55.28,49.33,36.19,8.62,33.95,MODERATE
6604,19.93,21.89,55.38,71.74,7.53,35.91,MODERATE
6605,2.98,28.79,46.43,78.47,6.48,32.46,MODERATE
6606,22.56,9.17,61.63,40.68,4.75,28.65,LOW
6607,27.22,52.85,40.22,58.67,10.3,38.7,MODERATE
6608,9.7,35.8,67.09,69.3,9.98,38.36,MODERATE
6609,12.91,45.69,62.96,56.72,14.21,38.43,MODERATE
6610,11.21,54.51,62.83,59.7,4.82,38.93,MODERATE
6611,15.88,79.62,43.42,67.64,5.36,42.91,MODERATE
6612,10.48,31.05,41.04,21.17,0.05,21.28,LOW
6613,10.58,44.42,67.09,69.3,9.98,40.3,MODERATE
6614,36.43,45.61,41.04,21.17,0.05,30.68,MODERATE
6615,35.41,39.19,53.94,66.16,1.04,40.87,MODERATE
6616,31.79,44.85,46.74,32.43,8.08,33.96,MODERATE
6617,33.31,46.27,50.05,54.59,6.49,39.48,MODERATE
6618,22.29,46.27,46.47,69.35,1.31,38.19,MODERATE
6619,13.79,31.05,49.28,20.61,8.21,24.87,LOW
6620,17.27,22.06,55.16,54.74,3.55,31.24,MODERATE
6621,44.41,39.87,64.62,62.23,1.45,44.66,MODERATE
6622,10.14,47.08,56.62,50.18,100.0,48.31,MODERATE
6623,39.49,28.79,41.04,21.17,0.05,28.08,LOW
6624,8.81,55.28,26.82,39.87,3.59,27.13,LOW
6625,11.01,30.65,35.93,38.19,7.67,24.86,LOW
6626,1.14,27.6,64.55,94.57,7.93,38.82,MODERATE
6627,42.85,33.91,42.71,43.66,6.29,35.71,MODERATE
6628,9.92,55.29,47.75,23.78,2.21,28.17,LOW
6629,8.4,30.65,54.59,66.05,6.77,33.37,MODERATE
6630,3.06,70.78,27.39,79.52,5.52,37.13,MODERATE
6631,28.06,30.65,67.74,76.58,5.54,42.84,MODERATE
6632,19.91,81.03,37.97,85.55,7.91,47.07,MODERATE
6633,27.08,55.28,62.83,59.7,4.82,43.06,MODERATE
6634,18.42,52.85,62.96,56.72,14.21,41.24,MODERATE
6635,15.89,52.85,47.81,43.54,7.25,33.9,MODERATE
6636,23.05,30.5,43.41,62.07,2.53,33.34,MODERATE
6637,12.81,92.37,44.14,84.78,4.01,48.06,MODERATE
6638,38.82,50.98,44.65,72.77,3.22,43.87,MODERATE
6639,88.39,7.4,61.4,60.31,7.14,48.99,MODERATE
6640,19.83,35.8,67.09,69.3,9.98,40.89,MODERATE
6641,11.36,81.03,40.22,58.67,10.3,40.37,MODERATE
6642,26.65,31.05,49.28,20.61,8.21,28.08,LOW
6643,32.85,81.78,61.4,60.31,7.14,49.98,MODERATE
6644,41.16,9.3,46.14,60.26,0.85,33.56,MODERATE
6645,19.98,70.78,46.47,69.35,1.31,42.51,MODERATE
6646,55.16,50.43,49.79,22.56,7.83,39.52,MODERATE
6647,25.39,50.98,62.34,56.72,6.72,41.36,MODERATE
6648,100.0,50.43,67.09,69.3,9.98,63.86,ELEVATED
6649,3.84,54.51,47.71,75.92,5.14,37.36,MODERATE
6650,20.4,28.79,66.25,44.11,5.32,33.73,MODERATE
6651,5.56,55.29,44.94,41.99,4.2,30.46,MODERATE
6652,34.79,70.78,66.25,44.11,5.32,45.72,MODERATE
6653,5.51,81.03,36.51,72.54,8.54,40.67,MODERATE
6654,30.35,52.85,64.62,62.23,1.45,43.74,MODERATE
6655,19.6,54.51,40.22,58.67,10.3,37.12,MODERATE
6656,33.27,30.5,34.09,22.41,5.31,26.51,LOW
6657,13.76,38.81,59.24,22.75,11.82,29.37,LOW
6658,1.98,45.69,41.04,21.17,0.05,22.08,LOW
6659,67.93,70.78,27.39,79.52,5.52,53.35,MODERATE
6660,31.67,55.29,26.54,32.88,8.7,32.16,MODERATE
6661,48.15,55.28,34.09,22.41,5.31,35.19,MODERATE
6662,15.67,44.42,45.14,30.75,2.65,28.38,LOW
6663,33.11,21.89,61.51,50.38,8.86,36.36,MODERATE
6664,9.55,22.06,38.77,75.74,3.32,30.2,MODERATE
6665,8.32,46.27,52.06,66.65,0.0,35.07,MODERATE
6666,27.62,27.8,50.05,54.59,6.49,34.37,MODERATE
6667,12.96,35.8,67.09,69.3,9.98,39.18,MODERATE
6668,22.23,27.6,55.38,71.74,7.53,37.63,MODERATE
6669,29.86,44.85,32.58,28.53,7.36,29.76,LOW
6670,3.49,55.29,46.47,69.35,1.31,35.29,MODERATE
6671,12.84,28.79,62.83,59.7,4.82,34.2,MODERATE
6672,38.66,30.65,49.08,53.12,1.49,36.46,MODERATE
6673,4.24,21.89,43.72,62.22,4.4,27.29,LOW
6674,4.37,77.67,55.38,71.74,7.53,43.18,MODERATE
6675,5.49,47.08,23.77,18.02,4.26,19.79,LOW
6676,27.02,67.71,52.06,66.65,0.0,44.04,MODERATE
6677,1.67,13.5,61.69,65.14,8.5,29.76,LOW
6678,4.28,21.89,43.72,62.22,4.4,27.3,LOW
6679,5.96,50.43,64.55,94.57,7.93,44.59,MODERATE
6680,65.24,92.37,46.47,69.35,1.31,58.15,ELEVATED
6681,15.0,45.61,34.09,22.41,5.31,24.97,LOW
6682,28.11,77.67,63.25,50.14,3.97,45.84,MODERATE
6683,20.84,77.67,43.41,62.07,2.53,42.22,MODERATE
6684,27.68,30.5,32.58,28.53,7.36,26.35,LOW
6685,32.72,52.85,40.22,58.67,10.3,40.07,MODERATE
6686,12.86,77.67,44.14,84.78,4.01,45.14,MODERATE
6687,8.53,31.05,36.51,72.54,8.54,31.43,MODERATE
6688,14.61,54.51,74.34,80.87,5.45,46.42,MODERATE
6689,24.78,50.43,63.25,50.14,3.97,39.55,MODERATE
6690,31.26,50.43,67.09,69.3,9.98,46.68,MODERATE
6691,8.43,67.71,52.06,66.65,0.0,39.39,MODERATE
6692,14.48,55.28,49.86,55.73,6.34,36.75,MODERATE
6693,18.17,9.3,32.94,31.9,6.06,20.28,LOW
6694,89.05,31.05,44.94,41.99,4.2,46.49,MODERATE
6695,9.48,33.91,37.7,35.87,3.28,24.36,LOW
6696,52.99,32.66,44.94,41.99,4.2,37.79,MODERATE
6697,1.33,52.85,47.81,43.54,7.25,30.26,MODERATE
6698,44.03,45.69,69.63,63.49,5.5,47.59,MODERATE
6699,16.24,47.08,49.08,53.12,1.49,34.14,MODERATE
6700,57.43,54.69,54.79,31.06,8.54,43.75,MODERATE
6701,9.46,54.69,54.79,31.06,8.54,31.75,MODERATE
6702,17.92,50.98,45.68,70.55,5.22,38.7,MODERATE
6703,20.67,45.61,63.25,50.14,3.97,37.56,MODERATE
6704,6.73,13.5,45.96,28.05,13.05,21.14,LOW
6705,13.81,39.87,54.59,66.05,6.77,36.57,MODERATE
6706,47.65,77.67,43.41,62.07,2.53,48.92,MODERATE
6707,13.71,77.67,27.73,28.53,9.45,31.63,MODERATE
6708,17.37,30.65,35.93,38.19,7.67,26.44,LOW
6709,24.43,79.62,62.83,59.7,4.82,47.26,MODERATE
6710,26.58,55.28,45.14,30.75,2.65,33.28,MODERATE
6711,1.75,44.42,37.7,35.87,3.28,24.53,LOW
6712,15.87,50.98,26.82,39.87,3.59,28.04,LOW
6713,22.96,92.37,32.58,28.53,7.36,37.54,MODERATE
6714,22.33,77.67,46.14,60.26,0.85,42.52,MODERATE
6715,1.12,28.79,46.43,78.47,6.48,31.99,MODERATE
6716,25.57,44.42,55.74,73.6,6.83,42.17,MODERATE
6717,1.17,45.69,69.63,63.49,5.5,36.88,MODERATE
6718,39.1,30.65,40.22,58.67,10.3,37.23,MODERATE
6719,32.43,13.5,34.09,22.41,5.31,22.9,LOW
6720,40.4,39.19,26.82,39.87,3.59,31.81,MODERATE
6721,1.01,44.42,43.21,37.75,6.15,26.25,LOW
6722,14.54,81.03,35.93,38.19,7.67,35.81,MODERATE
6723,39.3,27.6,64.55,94.57,7.93,48.36,MODERATE
6724,1.45,22.06,48.0,31.83,2.74,21.15,LOW
6725,15.31,9.3,55.38,71.74,7.53,32.24,MODERATE
6726,16.19,30.65,33.99,44.43,2.53,26.24,LOW
6727,6.65,27.6,36.51,72.54,8.54,30.27,MODERATE
6728,32.22,46.27,46.47,69.35,1.31,40.67,MODERATE
6729,10.66,7.4,61.34,75.53,1.78,31.79,MODERATE
6730,16.52,67.71,69.63,63.49,5.5,45.12,MODERATE
6731,37.29,50.43,32.94,31.9,6.06,33.28,MODERATE
6732,13.32,38.81,62.96,56.72,14.21,37.16,MODERATE
6733,4.48,49.18,53.49,50.77,10.04,33.31,MODERATE
6734,40.43,9.3,35.93,38.19,7.67,27.94,LOW
6735,30.69,35.8,26.82,39.87,3.59,28.71,LOW
6736,13.98,27.6,36.51,72.54,8.54,32.11,MODERATE
6737,79.36,9.3,44.14,84.78,4.01,48.08,MODERATE
6738,14.78,31.05,49.28,20.61,8.21,25.11,LOW
6739,5.44,7.4,74.34,80.87,5.45,34.7,MODERATE
6740,0.01,67.71,55.74,73.6,6.83,40.44,MODERATE
6741,4.48,47.08,61.34,75.53,1.78,38.18,MODERATE
6742,16.62,35.8,67.09,69.3,9.98,40.09,MODERATE
6743,16.39,45.69,59.24,22.75,11.82,31.41,MODERATE
6744,28.15,70.78,63.25,50.14,3.97,44.47,MODERATE
6745,43.82,30.5,64.62,62.23,1.45,42.64,MODERATE
6746,89.05,81.78,59.46,42.01,6.98,59.96,ELEVATED
6747,1.13,9.17,49.79,22.56,7.83,17.76,LOW
6748,19.47,45.69,41.04,21.17,0.05,26.45,LOW
6749,6.76,49.18,34.3,19.13,10.61,23.8,LOW
6750,9.32,39.19,26.82,39.87,3.59,24.04,LOW
6751,9.51,54.69,54.79,31.06,8.54,31.77,MODERATE
6752,11.42,45.69,69.63,63.49,5.5,39.44,MODERATE
6753,33.76,32.66,34.3,19.13,10.61,27.25,LOW
6754,3.85,30.65,54.8,54.62,4.34,29.63,LOW
6755,16.94,49.18,53.49,50.77,10.04,36.43,MODERATE
6756,1.62,33.91,46.74,32.43,8.08,24.23,LOW
6757,42.2,45.69,44.94,41.99,4.2,37.7,MODERATE
6758,31.94,44.42,63.25,50.14,3.97,40.14,MODERATE
6759,3.64,32.66,34.3,19.13,10.61,19.72,LOW
6760,27.67,30.65,64.25,82.95,6.21,43.42,MODERATE
6761,17.02,50.98,43.42,67.64,5.36,37.46,MODERATE
6762,8.0,30.65,37.2,33.49,4.35,22.92,LOW
6763,10.65,38.81,59.24,22.75,11.82,28.6,LOW
6764,8.69,7.4,36.79,73.54,2.69,26.12,LOW
6765,5.72,21.89,43.72,62.22,4.4,27.66,LOW
6766,45.17,77.67,52.06,66.65,0.0,50.57,MODERATE
6767,45.37,44.42,44.94,41.99,4.2,38.24,MODERATE
6768,6.58,41.92,63.25,50.14,3.97,33.3,MODERATE
6769,6.17,67.71,69.63,63.49,5.5,42.53,MODERATE
6770,7.21,30.5,64.62,62.23,1.45,33.49,MODERATE
6771,1.45,39.19,55.16,54.74,3.55,30.71,MODERATE
6772,81.3,13.5,61.34,75.53,1.78,50.67,MODERATE
6773,5.02,30.65,43.42,67.64,5.36,30.4,MODERATE
6774,1.23,35.8,44.39,16.48,3.54,20.17,LOW
6775,21.23,39.19,28.14,37.62,28.48,30.57,MODERATE
6776,28.39,77.67,27.73,28.53,9.45,35.3,MODERATE
6777,1.3,81.78,37.2,33.49,4.35,31.47,MODERATE
6778,9.0,27.6,36.51,72.54,8.54,30.86,MODERATE
6779,14.89,27.6,61.51,50.38,8.86,32.95,MODERATE
6780,14.37,30.65,33.99,44.43,2.53,25.79,LOW
6781,1.61,81.03,36.79,73.54,2.69,39.08,MODERATE
6782,2.57,79.62,54.8,54.62,4.34,39.1,MODERATE
6783,32.94,67.71,64.25,82.95,6.21,52.15,MODERATE
6784,20.27,55.28,49.86,55.73,6.34,38.19,MODERATE
6785,18.7,49.18,49.33,36.19,8.62,32.91,MODERATE
6786,43.99,39.19,53.49,50.77,10.04,41.19,MODERATE
6787,20.4,44.42,55.74,73.6,6.83,40.88,MODERATE
6788,7.38,52.85,40.22,58.67,10.3,33.74,MODERATE
6789,35.13,44.85,55.16,54.74,3.55,40.26,MODERATE
6790,6.47,47.08,61.34,75.53,1.78,38.67,MODERATE
6791,0.33,49.18,67.09,69.3,9.98,38.69,MODERATE
6792,69.97,79.62,45.17,43.38,7.55,52.26,MODERATE
6793,1.29,28.79,41.04,21.17,0.05,18.53,LOW
6794,7.22,70.78,63.25,50.14,3.97,39.23,MODERATE
6795,18.54,39.87,64.62,62.23,1.45,38.2,MODERATE
6796,16.44,7.4,62.34,56.72,6.72,30.41,MODERATE
6797,33.64,46.27,46.43,78.47,6.48,43.62,MODERATE
6798,23.9,13.5,69.63,63.49,5.5,36.12,MODERATE
6799,48.31,7.4,56.62,50.18,100.0,49.92,MODERATE
6800,45.47,9.3,74.34,80.87,5.45,45.09,MODERATE
6801,29.5,70.78,66.25,44.11,5.32,44.4,MODERATE
6802,9.57,50.43,59.24,22.75,11.82,30.65,MODERATE
6803,3.7,55.28,64.25,82.95,6.21,42.35,MODERATE
6804,3.86,27.6,61.51,50.38,8.86,30.19,MODERATE
6805,45.32,49.18,44.14,84.78,4.01,47.55,MODERATE
6806,18.42,44.42,40.22,58.67,10.3,34.81,MODERATE
6807,14.44,41.92,41.44,31.24,6.52,27.51,LOW
6808,32.9,54.51,47.75,23.78,2.21,33.76,MODERATE
6809,3.75,54.69,34.49,52.59,6.05,30.2,MODERATE
6810,5.38,38.81,62.96,56.72,14.21,35.17,MODERATE
6811,36.4,27.6,34.49,52.59,6.05,32.94,MODERATE
6812,17.98,77.67,43.41,62.07,2.53,41.51,MODERATE
6813,1.76,31.05,34.3,19.13,10.61,18.93,LOW
6814,5.58,27.6,64.55,94.57,7.93,39.93,MODERATE
6815,42.04,70.78,61.51,50.38,8.86,48.37,MODERATE
6816,69.15,27.6,45.17,43.38,7.55,41.65,MODERATE
6817,15.19,9.3,55.38,71.74,7.53,32.21,MODERATE
6818,4.12,50.43,32.94,31.9,6.06,24.99,LOW
6819,30.38,54.51,47.71,75.92,5.14,43.99,MODERATE
6820,33.3,27.8,50.05,54.59,6.49,35.79,MODERATE
6821,52.58,55.28,62.83,59.7,4.82,49.43,MODERATE
6822,45.23,70.78,59.46,42.01,6.98,46.8,MODERATE
6823,19.9,27.8,64.25,82.95,6.21,40.91,MODERATE
6824,12.0,32.66,36.79,73.54,2.69,32.0,MODERATE
6825,10.78,54.51,62.83,59.7,4.82,38.83,MODERATE
6826,32.66,30.5,50.05,54.59,6.49,36.17,MODERATE
6827,5.86,45.69,35.93,38.19,7.67,26.57,LOW
6828,2.67,35.8,44.39,16.48,3.54,20.53,LOW
6829,8.88,44.42,67.09,69.3,9.98,39.88,MODERATE
6830,16.07,30.5,43.72,62.22,4.4,31.97,MODERATE
6831,17.94,46.27,74.84,21.52,9.31,34.41,MODERATE
6832,32.92,41.92,63.25,50.14,3.97,39.89,MODERATE
6833,60.8,33.91,27.73,28.53,9.45,34.65,MODERATE
6834,35.46,44.85,43.21,37.75,6.15,34.95,MODERATE
6835,34.07,81.03,36.51,72.54,8.54,47.81,MODERATE
6836,14.06,28.79,49.79,22.56,7.83,24.92,LOW
6837,12.84,33.91,37.7,35.87,3.28,25.2,LOW
6838,57.42,52.85,55.16,54.74,3.55,47.44,MODERATE
6839,9.55,54.69,36.51,72.54,8.54,36.42,MODERATE
6840,57.36,46.27,46.43,78.47,6.48,49.55,MODERATE
6841,0.23,46.27,46.43,78.47,6.48,35.26,MODERATE
6842,0.53,21.89,43.72,62.22,4.4,26.36,LOW
6843,16.24,44.42,43.21,37.75,6.15,30.06,MODERATE
6844,27.03,67.71,55.74,73.6,6.83,47.19,MODERATE
6845,11.59,54.51,45.17,43.38,7.55,32.64,MODERATE
6846,8.8,7.4,41.57,33.83,3.77,19.33,LOW
6847,5.17,35.8,43.21,37.75,6.15,25.57,LOW
6848,6.2,7.4,41.57,33.83,3.77,18.68,LOW
6849,15.31,27.6,44.14,84.78,4.01,35.73,MODERATE
6850,100.0,50.98,62.34,56.72,6.72,60.01,ELEVATED
6851,3.74,13.5,49.28,20.61,8.21,18.85,LOW
6852,32.85,27.8,34.09,22.41,5.31,25.87,LOW
6853,18.45,67.71,63.25,50.14,3.97,41.43,MODERATE
6854,26.24,7.4,49.06,88.54,1.51,35.79,MODERATE
6855,34.89,55.29,43.41,62.07,2.53,41.25,MODERATE
6856,14.65,30.65,54.59,66.05,6.77,34.94,MODERATE
6857,10.54,9.3,46.14,60.26,0.85,25.9,LOW
6858,40.56,55.28,61.63,40.68,4.75,42.37,MODERATE
6859,11.03,28.79,37.7,35.87,3.28,23.72,LOW
6860,16.21,9.3,32.94,31.9,6.06,19.79,LOW
6861,21.19,49.18,40.07,84.98,2.17,40.47,MODERATE
6862,60.95,44.42,61.51,50.38,8.86,47.83,MODERATE
6863,20.83,38.81,61.69,65.14,8.5,39.61,MODERATE
6864,1.58,52.85,23.77,18.02,4.26,19.96,LOW
6865,39.18,79.62,26.82,39.87,3.59,39.59,MODERATE
6866,1.1,54.69,36.51,72.54,8.54,34.3,MODERATE
6867,17.18,67.71,26.54,32.88,8.7,31.03,MODERATE
6868,15.64,35.8,33.99,44.43,2.53,27.13,LOW
6869,13.8,13.5,36.69,13.35,13.11,18.12,LOW
6870,25.61,27.6,36.51,72.54,8.54,35.01,MODERATE
6871,12.8,54.51,41.57,33.83,3.77,29.75,LOW
6872,16.86,28.79,49.79,22.56,7.83,25.62,LOW
6873,36.86,39.19,49.06,88.54,1.51,44.8,MODERATE
6874,35.65,54.51,47.81,43.54,7.25,39.17,MODERATE
6875,9.01,9.3,63.25,50.14,3.97,27.38,LOW
6876,24.56,27.8,50.05,54.59,6.49,33.6,MODERATE
6877,34.55,55.28,62.83,59.7,4.82,44.92,MODERATE
6878,1.57,50.98,45.68,70.55,5.22,34.62,MODERATE
6879,14.87,27.8,34.09,22.41,5.31,21.37,LOW
6880,11.64,13.5,34.09,22.41,5.31,17.71,LOW
6881,46.55,54.51,62.83,59.7,4.82,47.77,MODERATE
6882,31.68,92.37,43.21,37.75,6.15,43.51,MODERATE
6883,24.22,32.66,36.51,72.54,8.54,35.68,MODERATE
6884,11.51,54.69,41.04,21.17,0.05,26.27,LOW
6885,1.42,30.65,54.8,54.62,4.34,29.02,LOW
6886,6.22,81.78,45.96,28.05,13.05,34.67,MODERATE
6887,7.08,32.66,27.39,79.52,5.52,30.51,MODERATE
6888,6.96,50.98,41.44,31.24,6.52,27.45,LOW
6889,17.22,45.69,44.94,41.99,4.2,31.46,MODERATE
6890,5.77,38.81,62.96,56.72,14.21,35.27,MODERATE
6891,24.24,31.05,34.3,19.13,10.61,24.55,LOW
6892,18.89,39.19,67.09,69.3,9.98,41.33,MODERATE
6893,40.89,44.85,55.16,54.74,3.55,41.71,MODERATE
6894,23.65,52.85,61.4,60.31,7.14,41.9,MODERATE
6895,74.59,28.79,40.22,58.67,10.3,45.73,MODERATE
6896,19.48,33.91,49.79,22.56,7.83,27.3,LOW
6897,5.17,92.37,46.47,69.35,1.31,43.13,MODERATE
6898,23.04,81.78,61.4,60.31,7.14,47.53,MODERATE
6899,4.1,30.65,43.41,62.07,2.53,28.63,LOW
6900,12.95,67.71,69.63,63.49,5.5,44.23,MODERATE
6901,19.96,28.79,50.05,54.59,6.49,32.65,MODERATE
6902,1.26,92.37,34.3,19.13,10.61,31.07,MODERATE
6903,40.0,39.19,49.06,88.54,1.51,45.59,MODERATE
6904,16.84,70.78,61.51,50.38,8.86,42.07,MODERATE
6905,9.66,54.51,27.73,28.53,9.45,25.99,LOW
6906,14.46,13.5,49.28,20.61,8.21,21.53,LOW
6907,8.17,7.4,41.57,33.83,3.77,19.17,LOW
6908,40.29,81.03,40.22,58.67,10.3,47.6,MODERATE
6909,65.68,33.91,37.7,35.87,3.28,38.41,MODERATE
6910,22.08,70.78,27.39,79.52,5.52,41.89,MODERATE
6911,14.2,9.17,40.22,58.67,10.3,26.7,LOW
6912,2.58,77.67,38.77,75.74,3.32,39.58,MODERATE
6913,71.08,70.78,46.47,69.35,1.31,55.29,ELEVATED
6914,12.13,30.65,33.99,44.43,2.53,25.23,LOW
6915,6.66,70.78,27.39,79.52,5.52,38.03,MODERATE
6916,11.14,81.78,45.96,28.05,13.05,35.9,MODERATE
6917,37.49,33.91,37.97,85.55,7.91,42.05,MODERATE
6918,1.66,67.71,62.96,56.72,14.21,40.02,MODERATE
6919,8.48,38.81,62.96,56.72,14.21,35.95,MODERATE
6920,3.06,32.66,49.86,55.73,6.34,29.37,LOW
6921,17.17,44.42,26.82,39.87,3.59,27.05,LOW
6922,21.25,52.85,61.4,60.31,7.14,41.3,MODERATE
6923,18.8,39.19,53.94,66.16,1.04,36.71,MODERATE
6924,9.36,45.61,38.07,12.64,8.6,22.89,LOW
6925,2.15,45.61,23.77,18.02,4.26,18.66,LOW
6926,2.56,7.4,41.44,31.24,6.52,17.64,LOW
6927,15.15,13.5,44.65,72.77,3.22,30.45,MODERATE
6928,40.14,28.79,49.08,53.12,1.49,36.46,MODERATE
6929,24.34,44.42,43.21,37.75,6.15,32.08,MODERATE
6930,49.7,44.85,42.71,43.66,6.29,39.61,MODERATE
6931,24.15,28.79,41.04,21.17,0.05,24.24,LOW
6932,27.38,22.06,33.99,44.43,2.53,27.32,LOW
6933,37.33,67.71,49.79,22.56,7.83,38.52,MODERATE
6934,20.4,49.18,40.07,84.98,2.17,40.27,MODERATE
6935,36.08,50.43,49.06,88.54,1.51,46.85,MODERATE
6936,19.1,52.85,55.16,54.74,3.55,37.86,MODERATE
6937,23.87,9.3,32.94,31.9,6.06,21.7,LOW
6938,24.52,39.19,56.62,50.18,100.0,50.33,MODERATE
6939,1.8,28.79,37.7,35.87,3.28,21.41,LOW
6940,24.43,35.8,67.09,69.3,9.98,42.04,MODERATE
6941,54.44,45.61,56.62,50.18,100.0,59.09,ELEVATED
6942,18.11,13.5,44.65,72.77,3.22,31.19,MODERATE
6943,48.29,35.8,67.09,69.3,9.98,48.01,MODERATE
6944,33.66,33.91,46.74,32.43,8.08,32.24,MODERATE
6945,35.11,55.28,36.69,13.35,13.11,31.81,MODERATE
6946,18.2,44.42,45.14,30.75,2.65,29.01,LOW
6947,25.93,33.91,44.65,72.77,3.22,37.23,MODERATE
6948,22.01,81.03,36.51,72.54,8.54,44.8,MODERATE
6949,27.62,28.79,49.79,22.56,7.83,28.31,LOW
6950,4.06,45.61,55.38,71.74,7.53,36.69,MODERATE
6951,12.86,54.51,47.75,23.78,2.21,28.75,LOW
6952,6.55,13.5,45.17,43.38,7.55,23.18,LOW
6953,2.21,55.29,32.94,31.9,6.06,25.49,LOW
6954,34.23,44.85,43.21,37.75,6.15,34.64,MODERATE
6955,13.48,44.42,28.14,37.62,28.48,29.68,LOW
6956,83.88,9.3,32.94,31.9,6.06,36.71,MODERATE
6957,17.05,9.3,40.07,84.98,2.17,31.46,MODERATE
6958,36.17,32.66,44.94,41.99,4.2,33.59,MODERATE
6959,2.02,31.05,49.28,20.61,8.21,21.93,LOW
6960,12.61,27.8,53.94,66.16,1.04,32.89,MODERATE
6961,19.65,50.43,32.94,31.9,6.06,28.88,LOW
6962,3.16,35.8,61.51,50.38,8.86,31.66,MODERATE
6963,12.29,30.65,43.41,62.07,2.53,30.68,MODERATE
6964,10.05,41.92,46.14,60.26,0.85,32.3,MODERATE
6965,50.84,28.79,49.79,22.56,7.83,34.11,MODERATE
6966,10.06,30.65,49.28,20.61,8.21,23.85,LOW
6967,4.05,7.4,41.57,33.83,3.77,18.14,LOW
6968,5.62,52.85,40.22,58.67,10.3,33.3,MODERATE
6969,14.28,52.85,64.62,62.23,1.45,39.73,MODERATE
6970,5.2,38.81,62.96,56.72,14.21,35.13,MODERATE
6971,25.42,27.8,50.05,54.59,6.49,33.82,MODERATE
6972,42.47,70.78,64.62,62.23,1.45,50.36,MODERATE
6973,28.35,54.69,45.17,43.38,7.55,36.87,MODERATE
6974,12.5,55.28,34.09,22.41,5.31,26.28,LOW
6975,31.66,28.79,40.22,58.67,10.3,34.99,MODERATE
6976,29.97,13.5,37.97,85.55,7.91,36.08,MODERATE
6977,47.01,45.61,38.77,75.74,3.32,44.27,MODERATE
6978,66.13,13.5,45.96,28.05,13.05,35.99,MODERATE
6979,30.29,39.19,45.68,70.55,5.22,39.44,MODERATE
6980,13.2,39.87,44.39,16.48,3.54,23.98,LOW
6981,28.61,27.6,34.49,52.59,6.05,31.0,MODERATE
6982,37.23,30.5,38.77,75.74,3.32,38.81,MODERATE
6983,34.32,32.66,44.94,41.99,4.2,33.13,MODERATE
6984,8.34,55.28,36.69,13.35,13.11,25.12,LOW
6985,16.32,33.91,34.49,52.59,6.05,29.18,LOW
6986,8.71,81.03,35.93,38.19,7.67,34.36,MODERATE
6987,70.2,46.27,46.14,60.26,0.85,48.21,MODERATE
6988,34.87,67.71,49.79,22.56,7.83,37.9,MODERATE
6989,37.83,50.43,49.06,88.54,1.51,47.29,MODERATE
6990,12.74,81.78,56.62,50.18,100.0,55.9,ELEVATED
6991,2.69,28.79,49.08,53.12,1.49,27.09,LOW
6992,50.45,9.3,44.14,84.78,4.01,40.86,MODERATE
6993,17.75,27.6,36.51,72.54,8.54,33.05,MODERATE
6994,9.76,79.62,46.47,69.35,1.31,41.72,MODERATE
6995,11.68,55.29,43.41,62.07,2.53,35.45,MODERATE
6996,9.16,47.08,49.08,53.12,1.49,32.37,MODERATE
6997,33.25,39.19,55.16,54.74,3.55,38.66,MODERATE
6998,11.01,70.78,61.51,50.38,8.86,40.62,MODERATE
6999,21.36,92.37,37.2,33.49,4.35,38.6,MODERATE
7000,10.78,13.5,45.17,43.38,7.55,24.24,LOW
7001,9.03,9.17,61.63,40.68,4.75,25.27,LOW
7002,38.14,21.89,42.71,43.66,6.29,32.13,MODERATE
7003,15.05,44.85,32.58,28.53,7.36,26.06,LOW
7004,18.53,9.3,74.34,80.87,5.45,38.35,MODERATE
7005,11.56,9.17,49.33,36.19,8.62,23.12,LOW
7006,22.02,27.6,37.2,33.49,4.35,25.81,LOW
7007,39.92,35.8,67.09,69.3,9.98,45.92,MODERATE
7008,45.59,79.62,46.47,69.35,1.31,50.68,MODERATE
7009,13.66,44.42,45.14,30.75,2.65,27.87,LOW
7010,15.74,44.42,54.8,54.62,4.34,35.35,MODERATE
7011,29.86,47.08,49.08,53.12,1.49,37.54,MODERATE
7012,60.89,44.42,54.8,54.62,4.34,46.64,MODERATE
7013,13.71,27.6,37.2,33.49,4.35,23.74,LOW
7014,39.1,13.5,36.69,13.35,13.11,24.45,LOW
7015,11.16,39.19,69.63,63.49,5.5,38.08,MODERATE
7016,35.96,30.65,37.2,33.49,4.35,29.91,LOW
7017,27.46,55.28,55.38,71.74,7.53,44.47,MODERATE
7018,22.57,39.87,50.05,54.59,6.49,35.52,MODERATE
7019,34.62,31.05,49.28,20.61,8.21,30.07,MODERATE
7020,10.65,77.67,49.06,88.54,1.51,45.94,MODERATE
7021,4.86,92.37,43.21,37.75,6.15,36.8,MODERATE
7022,14.19,50.43,64.55,94.57,7.93,46.65,MODERATE
7023,48.17,30.5,56.62,50.18,100.0,54.5,MODERATE
7024,14.67,77.67,63.25,50.14,3.97,42.47,MODERATE
7025,55.32,32.66,36.51,72.54,8.54,43.45,MODERATE
7026,44.54,9.3,46.14,60.26,0.85,34.4,MODERATE
7027,26.65,70.78,27.39,79.52,5.52,43.03,MODERATE
7028,12.67,38.81,46.47,69.35,1.31,34.29,MODERATE
7029,39.93,27.6,37.2,33.49,4.35,30.29,MODERATE
7030,18.73,81.78,61.4,60.31,7.14,46.45,MODERATE
7031,31.7,70.78,46.47,69.35,1.31,45.44,MODERATE
7032,54.82,81.78,74.84,21.52,9.31,50.73,MODERATE
7033,13.26,45.69,59.24,22.75,11.82,30.62,MODERATE
7034,30.95,81.78,63.25,50.14,3.97,47.37,MODERATE
7035,5.12,39.87,49.28,20.61,8.21,24.46,LOW
7036,27.65,13.5,44.65,72.77,3.22,33.58,MODERATE
7037,43.47,9.3,55.38,71.74,7.53,39.28,MODERATE
7038,15.16,50.43,63.25,50.14,3.97,37.15,MODERATE
7039,20.71,39.19,43.72,62.22,4.4,34.86,MODERATE
7040,50.63,39.19,53.49,50.77,10.04,42.85,MODERATE
7041,5.02,55.29,34.3,19.13,10.61,24.59,LOW
7042,9.01,21.89,27.73,28.53,9.45,19.3,LOW
7043,33.84,35.8,44.39,16.48,3.54,28.33,LOW
7044,30.11,55.29,47.75,23.78,2.21,33.22,MODERATE
7045,21.89,47.08,64.62,62.23,1.45,40.48,MODERATE
7046,17.08,67.71,49.79,22.56,7.83,33.46,MODERATE
7047,23.5,54.51,45.17,43.38,7.55,35.62,MODERATE
7048,15.53,46.27,46.43,78.47,6.48,39.09,MODERATE
7049,3.13,50.98,43.42,67.64,5.36,33.99,MODERATE
7050,52.64,70.78,64.62,62.23,1.45,52.9,MODERATE
7051,67.77,55.29,45.17,43.38,7.55,46.84,MODERATE
7052,20.44,13.5,61.34,75.53,1.78,35.45,MODERATE
7053,12.52,79.62,62.83,59.7,4.82,44.28,MODERATE
7054,100.0,30.65,45.96,28.05,13.05,47.89,MODERATE
7055,42.24,81.78,74.84,21.52,9.31,47.59,MODERATE
7056,30.06,31.05,26.54,32.88,8.7,26.91,LOW
7057,11.65,35.8,44.39,16.48,3.54,22.78,LOW
7058,0.43,28.79,40.22,58.67,10.3,27.19,LOW
7059,13.09,39.19,67.09,69.3,9.98,39.89,MODERATE
7060,8.21,39.19,52.61,51.56,6.38,31.68,MODERATE
7061,24.98,39.19,67.09,69.3,9.98,42.86,MODERATE
7062,2.42,45.61,41.04,21.17,0.05,22.18,LOW
7063,26.11,28.79,48.0,31.83,2.74,28.66,LOW
7064,4.69,31.05,26.54,32.88,8.7,20.57,LOW
7065,60.45,35.8,67.09,69.3,9.98,51.05,MODERATE
7066,8.87,54.51,47.81,43.54,7.25,32.48,MODERATE
7067,5.66,50.43,36.79,73.54,2.69,33.97,MODERATE
7068,21.47,30.65,54.59,66.05,6.77,36.64,MODERATE
7069,0.58,27.6,44.14,84.78,4.01,32.05,MODERATE
7070,13.64,77.67,63.25,50.14,3.97,42.22,MODERATE
7071,16.29,44.42,45.14,30.75,2.65,28.53,LOW
7072,3.47,47.08,43.87,39.72,19.26,29.89,LOW
7073,9.47,50.98,35.93,38.19,7.67,28.53,LOW
7074,15.41,47.08,64.62,62.23,1.45,38.86,MODERATE
7075,11.31,67.71,67.74,76.58,5.54,46.06,MODERATE
7076,14.06,39.87,50.05,54.59,6.49,33.39,MODERATE
7077,3.26,50.43,67.09,69.3,9.98,39.68,MODERATE
7078,44.0,67.71,36.79,73.54,2.69,47.01,MODERATE
7079,11.12,52.85,55.16,54.74,3.55,35.86,MODERATE
7080,51.28,50.43,49.28,20.61,8.21,38.12,MODERATE
7081,6.68,30.65,40.22,58.67,10.3,29.12,LOW
7082,11.39,44.42,55.74,73.6,6.83,38.63,MODERATE
7083,41.39,32.66,43.21,37.75,6.15,33.99,MODERATE
7084,15.37,33.91,37.97,85.55,7.91,36.52,MODERATE
7085,0.36,39.19,49.06,88.54,1.51,35.67,MODERATE
7086,66.65,27.6,49.06,88.54,1.51,49.93,MODERATE
7087,37.35,35.8,41.44,31.24,6.52,32.01,MODERATE
7088,20.94,41.92,37.2,33.49,4.35,28.41,LOW
7089,37.52,81.03,36.79,73.54,2.69,48.05,MODERATE
7090,26.37,45.69,38.77,75.74,3.32,39.13,MODERATE
7091,19.28,35.8,44.39,16.48,3.54,24.69,LOW
7092,1.36,45.61,34.09,22.41,5.31,21.56,LOW
7093,50.68,35.8,55.74,73.6,6.83,46.72,MODERATE
7094,56.37,70.78,63.25,50.14,3.97,51.52,MODERATE
7095,6.94,44.42,61.51,50.38,8.86,34.33,MODERATE
7096,19.66,9.3,46.14,60.26,0.85,28.18,LOW
7097,35.06,81.78,45.96,28.05,13.05,41.88,MODERATE
7098,19.83,28.79,46.43,78.47,6.48,36.67,MODERATE
7099,23.43,44.85,34.09,22.41,5.31,26.92,LOW
7100,34.32,70.78,59.46,42.01,6.98,44.08,MODERATE
7101,54.75,39.19,42.71,43.66,6.29,39.74,MODERATE
7102,13.32,81.03,61.34,75.53,1.78,47.18,MODERATE
7103,29.88,28.79,66.25,44.11,5.32,36.1,MODERATE
7104,23.1,30.65,45.96,28.05,13.05,28.67,LOW
7105,42.29,54.51,47.81,43.54,7.25,40.83,MODERATE
7106,22.52,27.6,36.51,72.54,8.54,34.24,MODERATE
7107,15.67,92.37,34.49,52.59,6.05,40.71,MODERATE
7108,6.85,50.98,35.93,38.19,7.67,27.88,LOW
7109,21.35,28.79,49.79,22.56,7.83,26.74,LOW
7110,10.86,39.19,49.06,88.54,1.51,38.3,MODERATE
7111,3.84,38.81,59.24,22.75,11.82,26.89,LOW
7112,21.96,45.61,55.16,54.74,3.55,37.12,MODERATE
7113,5.58,77.67,49.06,88.54,1.51,44.68,MODERATE
7114,8.6,44.85,43.21,37.75,6.15,28.23,LOW
7115,33.1,70.78,74.84,21.52,9.31,43.1,MODERATE
7116,19.39,45.61,34.09,22.41,5.31,26.06,LOW
7117,20.69,32.66,27.39,79.52,5.52,33.92,MODERATE
7118,3.0,35.8,43.21,37.75,6.15,25.02,LOW
7119,42.98,21.89,61.51,50.38,8.86,38.83,MODERATE
7120,28.22,9.3,64.55,94.57,7.93,41.93,MODERATE
7121,10.01,79.62,54.8,54.62,4.34,40.96,MODERATE
7122,20.16,33.91,43.41,62.07,2.53,33.3,MODERATE
7123,28.23,55.28,62.83,59.7,4.82,43.35,MODERATE
7124,30.98,77.67,66.25,44.11,5.32,46.15,MODERATE
7125,19.57,22.06,49.28,20.61,8.21,24.52,LOW
7126,3.21,46.27,46.14,60.26,0.85,31.46,MODERATE
7127,23.47,38.81,45.17,43.38,7.55,32.47,MODERATE
7128,15.78,55.29,52.06,66.65,0.0,38.74,MODERATE
7129,21.68,55.28,62.83,59.7,4.82,41.71,MODERATE
7130,11.87,7.4,41.44,31.24,6.52,19.96,LOW
7131,22.62,44.42,55.74,73.6,6.83,41.43,MODERATE
7132,25.36,52.85,62.96,56.72,14.21,42.98,MODERATE
7133,19.39,70.78,54.8,54.62,4.34,41.54,MODERATE
7134,100.0,28.79,37.7,35.87,3.28,45.96,MODERATE
7135,25.94,81.78,74.84,21.52,9.31,43.51,MODERATE
7136,4.16,55.28,27.73,28.53,9.45,24.76,LOW
7137,2.16,44.42,62.96,56.72,14.21,35.49,MODERATE
7138,6.12,39.19,43.72,62.22,4.4,31.22,MODERATE
7139,48.67,67.71,63.25,50.14,3.97,48.98,MODERATE
7140,21.46,44.42,44.94,41.99,4.2,32.26,MODERATE
7141,9.05,45.61,55.16,54.74,3.55,33.9,MODERATE
7142,34.11,41.92,62.83,59.7,4.82,42.14,MODERATE
7143,10.19,13.5,49.79,22.56,7.83,20.89,LOW
7144,64.37,32.66,36.51,72.54,8.54,45.72,MODERATE
7145,35.11,41.92,41.44,31.24,6.52,32.67,MODERATE
7146,32.37,55.29,44.94,41.99,4.2,37.17,MODERATE
7147,13.46,30.65,54.8,54.62,4.34,32.03,MODERATE
7148,20.26,27.8,50.05,54.59,6.49,32.53,MODERATE
7149,23.5,45.61,64.25,82.95,6.21,45.37,MODERATE
7150,17.59,44.42,61.51,50.38,8.86,36.99,MODERATE
7151,3.12,27.8,53.94,66.16,1.04,30.52,MODERATE
7152,13.64,32.66,44.94,41.99,4.2,27.96,LOW
7153,8.58,67.71,26.54,32.88,8.7,28.88,LOW
7154,49.89,47.08,45.14,30.75,2.65,37.46,MODERATE
7155,68.49,27.6,44.14,84.78,4.01,49.03,MODERATE
7156,26.13,49.18,34.3,19.13,10.61,28.65,LOW
7157,52.25,13.5,61.34,75.53,1.78,43.4,MODERATE
7158,34.41,54.51,74.34,80.87,5.45,51.37,MODERATE
7159,13.75,50.43,64.55,94.57,7.93,46.54,MODERATE
7160,20.54,39.19,53.94,66.16,1.04,37.15,MODERATE
7161,24.61,70.78,40.07,84.98,2.17,45.65,MODERATE
7162,12.3,45.61,55.16,54.74,3.55,34.71,MODERATE
7163,0.16,31.05,41.04,21.17,0.05,18.7,LOW
7164,5.25,54.51,74.34,80.87,5.45,44.08,MODERATE
7165,3.92,45.61,53.49,50.77,10.04,32.46,MODERATE
7166,1.84,79.62,46.47,69.35,1.31,39.75,MODERATE
7167,10.51,22.06,33.99,44.43,2.53,23.1,LOW
7168,18.73,79.62,26.82,39.87,3.59,34.48,MODERATE
7169,32.22,27.8,50.05,54.59,6.49,35.52,MODERATE
7170,32.36,52.85,61.4,60.31,7.14,44.07,MODERATE
7171,29.13,33.91,42.71,43.66,6.29,32.28,MODERATE
7172,23.77,41.92,62.83,59.7,4.82,39.56,MODERATE
7173,100.0,79.62,54.8,54.62,4.34,63.46,ELEVATED
7174,6.32,38.81,59.24,22.75,11.82,27.51,LOW
7175,9.78,45.61,61.51,50.38,8.86,35.27,MODERATE
7176,11.98,39.19,53.94,66.16,1.04,35.01,MODERATE
7177,10.64,9.3,40.07,84.98,2.17,29.86,LOW
7178,22.57,49.18,53.49,50.77,10.04,37.84,MODERATE
7179,2.82,33.91,62.03,35.4,11.62,28.72,LOW
7180,26.32,49.18,43.87,39.72,19.26,36.03,MODERATE
7181,7.06,45.61,46.74,32.43,8.08,27.93,LOW
7182,20.35,35.8,67.09,69.3,9.98,41.02,MODERATE
7183,11.12,54.51,41.57,33.83,3.77,29.33,LOW
7184,29.04,52.85,64.62,62.23,1.45,43.42,MODERATE
7185,28.73,9.17,74.84,21.52,9.31,29.69,LOW
7186,43.61,41.92,62.83,59.7,4.82,44.52,MODERATE
7187,35.05,30.65,67.74,76.58,5.54,44.59,MODERATE
7188,2.09,30.5,32.58,28.53,7.36,19.95,LOW
7189,60.49,79.62,45.17,43.38,7.55,49.89,MODERATE
7190,2.02,55.29,43.72,62.22,4.4,33.41,MODERATE
7191,3.11,45.61,55.16,54.74,3.55,32.41,MODERATE
7192,23.51,81.03,49.06,88.54,1.51,49.83,MODERATE
7193,31.08,55.28,61.63,40.68,4.75,40.0,MODERATE
7194,14.78,7.4,62.34,56.72,6.72,29.99,LOW
7195,11.01,41.92,37.97,85.55,7.91,37.03,MODERATE
7196,13.76,49.18,40.07,84.98,2.17,38.61,MODERATE
7197,2.45,30.5,41.57,33.83,3.77,22.36,LOW
7198,0.52,30.65,54.8,54.62,4.34,28.79,LOW
7199,47.85,52.85,40.22,58.67,10.3,43.86,MODERATE
7200,0.56,54.51,74.34,80.87,5.45,42.9,MODERATE
7201,4.22,54.69,36.51,72.54,8.54,35.08,MODERATE
7202,12.03,44.42,44.94,41.99,4.2,29.91,LOW
7203,43.42,39.19,49.06,88.54,1.51,46.44,MODERATE
7204,30.37,50.43,44.65,72.77,3.22,41.65,MODERATE
7205,7.31,81.03,54.59,66.05,6.77,43.18,MODERATE
7206,3.31,44.42,43.21,37.75,6.15,26.83,LOW
7207,6.06,7.4,49.06,88.54,1.51,30.74,MODERATE
7208,18.99,45.61,41.04,21.17,0.05,26.32,LOW
7209,7.58,41.92,37.2,33.49,4.35,25.07,LOW
7210,46.85,50.43,67.09,69.3,9.98,50.57,MODERATE
7211,8.58,28.79,41.04,21.17,0.05,20.35,LOW
7212,8.34,27.8,28.14,37.62,28.48,25.07,LOW
7213,34.04,9.3,44.14,84.78,4.01,36.76,MODERATE
7214,71.44,9.3,62.83,59.7,4.82,44.95,MODERATE
7215,5.5,33.91,46.74,32.43,8.08,25.2,LOW
7216,12.84,44.42,63.25,50.14,3.97,35.37,MODERATE
7217,11.87,67.71,49.79,22.56,7.83,32.15,MODERATE
7218,36.02,27.6,45.17,43.38,7.55,33.37,MODERATE
7219,1.31,70.78,27.39,79.52,5.52,36.69,MODERATE
7220,28.28,35.8,67.09,69.3,9.98,43.01,MODERATE
7221,15.9,55.29,43.41,62.07,2.53,36.51,MODERATE
7222,27.3,27.8,53.94,66.16,1.04,36.56,MODERATE
7223,26.34,31.05,44.94,41.99,4.2,30.81,MODERATE
7224,23.82,33.91,43.41,62.07,2.53,34.21,MODERATE
7225,36.05,38.81,61.69,65.14,8.5,43.42,MODERATE
7226,15.38,81.03,36.79,73.54,2.69,42.52,MODERATE
7227,12.05,30.65,37.2,33.49,4.35,23.93,LOW
7228,4.38,27.6,44.14,84.78,4.01,33.0,MODERATE
7229,27.73,45.69,38.77,75.74,3.32,39.47,MODERATE
7230,6.31,77.67,43.41,62.07,2.53,38.59,MODERATE
7231,35.2,70.78,46.47,69.35,1.31,46.32,MODERATE
7232,41.37,92.37,67.74,76.58,5.54,58.51,ELEVATED
7233,0.72,45.61,43.21,37.75,6.15,26.42,LOW
7234,12.85,22.06,45.17,43.38,7.55,26.47,LOW
7235,2.29,49.18,67.09,69.3,9.98,39.18,MODERATE
7236,25.13,38.81,43.21,37.75,6.15,31.16,MODERATE
7237,18.24,38.81,54.59,66.05,6.77,37.47,MODERATE
7238,11.32,50.43,49.79,22.56,7.83,28.56,LOW
7239,18.13,81.78,56.62,50.18,100.0,57.25,ELEVATED
7240,2.88,55.28,26.82,39.87,3.59,25.65,LOW
7241,40.92,31.05,44.94,41.99,4.2,34.46,MODERATE
7242,6.19,67.71,62.96,56.72,14.21,41.16,MODERATE
7243,30.59,45.61,63.25,50.14,3.97,40.04,MODERATE
7244,16.6,50.43,37.2,33.49,4.35,29.03,LOW
7245,5.87,44.42,54.8,54.62,4.34,32.89,MODERATE
7246,42.75,9.17,34.49,52.59,6.05,30.84,MODERATE
7247,49.29,13.5,45.17,43.38,7.55,33.86,MODERATE
7248,9.11,21.89,61.51,50.38,8.86,30.36,MODERATE
7249,27.78,35.8,26.82,39.87,3.59,27.98,LOW
7250,30.38,27.6,44.14,84.78,4.01,39.5,MODERATE
7251,0.38,81.78,45.96,28.05,13.05,33.21,MODERATE
7252,65.13,39.87,49.28,20.61,8.21,39.47,MODERATE
7253,3.55,30.65,37.2,33.49,4.35,21.81,LOW
7254,14.41,30.65,44.14,84.78,4.01,36.12,MODERATE
7255,5.83,9.17,32.94,31.9,6.06,17.17,LOW
7256,42.67,31.05,67.09,69.3,9.98,45.65,MODERATE
7257,9.28,9.3,44.14,84.78,4.01,30.57,MODERATE
7258,18.9,30.5,47.75,23.78,2.21,25.46,LOW
7259,10.0,30.65,33.99,44.43,2.53,24.69,LOW
7260,12.1,55.29,37.2,33.49,4.35,28.87,LOW
7261,5.64,49.18,67.09,69.3,9.98,40.02,MODERATE
7262,12.66,45.61,61.51,50.38,8.86,35.99,MODERATE
7263,30.66,27.8,50.05,54.59,6.49,35.13,MODERATE
7264,26.42,41.92,37.97,85.55,7.91,40.88,MODERATE
7265,7.27,50.43,36.79,73.54,2.69,34.37,MODERATE
7266,23.68,45.61,49.06,88.54,1.51,42.79,MODERATE
7267,45.48,54.69,36.51,72.54,8.54,45.4,MODERATE
7268,67.45,30.65,40.22,58.67,10.3,44.31,MODERATE
7269,25.67,27.6,55.38,71.74,7.53,38.49,MODERATE
7270,14.38,52.85,45.17,43.38,7.55,33.01,MODERATE
7271,28.48,13.5,37.2,33.49,4.35,24.61,LOW
7272,3.18,55.29,26.54,32.88,8.7,25.04,LOW
7273,14.33,50.98,35.93,38.19,7.67,29.75,LOW
7274,50.66,70.78,63.25,50.14,3.97,50.1,MODERATE
7275,41.84,50.43,49.06,88.54,1.51,48.29,MODERATE
7276,34.0,9.17,34.49,52.59,6.05,28.66,LOW
7277,49.71,54.69,34.49,52.59,6.05,41.69,MODERATE
7278,38.19,45.61,34.09,22.41,5.31,30.77,MODERATE
7279,6.74,30.65,49.28,20.61,8.21,23.03,LOW
7280,2.96,9.3,63.25,50.14,3.97,25.87,LOW
7281,4.8,35.8,41.57,33.83,3.77,24.01,LOW
7282,9.51,70.78,66.25,44.11,5.32,39.4,MODERATE
7283,29.21,81.03,46.47,69.35,1.31,46.87,MODERATE
7284,51.0,50.43,62.34,56.72,6.72,47.66,MODERATE
7285,43.51,9.3,63.25,50.14,3.97,36.01,MODERATE
7286,18.97,46.27,52.06,66.65,0.0,37.74,MODERATE
7287,23.63,9.17,46.03,96.31,7.43,37.32,MODERATE
7288,9.81,81.03,61.34,75.53,1.78,46.3,MODERATE
7289,41.72,54.69,34.49,52.59,6.05,39.69,MODERATE
7290,0.4,39.87,64.62,62.23,1.45,33.66,MODERATE
7291,24.82,33.91,44.65,72.77,3.22,36.96,MODERATE
7292,2.24,22.06,49.28,20.61,8.21,20.18,LOW
7293,1.03,7.4,62.34,56.72,6.72,26.56,LOW
7294,23.09,22.06,45.17,43.38,7.55,29.03,LOW
7295,50.5,44.85,46.74,32.43,8.08,38.64,MODERATE
7296,43.3,79.62,43.42,67.64,5.36,49.76,MODERATE
7297,46.56,44.85,32.58,28.53,7.36,33.94,MODERATE
7298,5.01,39.19,55.16,54.74,3.55,31.6,MODERATE
7299,44.87,70.78,46.47,69.35,1.31,48.73,MODERATE
7300,20.17,55.29,26.54,32.88,8.7,29.29,LOW
7301,30.13,92.37,34.49,52.59,6.05,44.33,MODERATE
7302,20.12,77.67,43.41,62.07,2.53,42.04,MODERATE
7303,11.33,9.3,46.14,60.26,0.85,26.1,LOW
7304,54.12,70.78,54.8,54.62,4.34,50.22,MODERATE
7305,19.41,9.3,64.55,94.57,7.93,39.73,MODERATE
7306,19.49,31.05,34.3,19.13,10.61,23.36,LOW
7307,4.47,27.6,61.51,50.38,8.86,30.34,MODERATE
7308,27.25,81.78,46.74,32.43,8.08,40.21,MODERATE
7309,44.7,30.65,27.39,79.52,5.52,39.51,MODERATE
7310,0.54,39.19,26.82,39.87,3.59,21.85,LOW
7311,15.87,41.92,43.87,39.72,19.26,31.96,MODERATE
7312,1.59,30.65,45.96,28.05,13.05,23.29,LOW
7313,52.12,70.78,59.46,42.01,6.98,48.53,MODERATE
7314,19.76,33.91,37.97,85.55,7.91,37.61,MODERATE
7315,55.8,81.78,46.47,69.35,1.31,53.67,MODERATE
7316,44.35,55.29,52.06,66.65,0.0,45.89,MODERATE
7317,14.5,55.29,34.3,19.13,10.61,26.96,LOW
7318,19.2,39.19,53.94,66.16,1.04,36.81,MODERATE
7319,48.22,35.8,41.44,31.24,6.52,34.73,MODERATE
7320,18.21,27.8,34.09,22.41,5.31,22.21,LOW
7321,19.69,9.17,74.84,21.52,9.31,27.43,LOW
7322,0.59,30.65,45.96,28.05,13.05,23.04,LOW
7323,0.37,45.69,62.96,56.72,14.21,35.3,MODERATE
7324,35.66,7.4,28.14,37.62,28.48,27.82,LOW
7325,28.31,81.78,40.07,84.98,2.17,48.77,MODERATE
7326,52.11,81.78,74.84,21.52,9.31,50.05,MODERATE
7327,5.96,39.19,67.09,69.3,9.98,38.1,MODERATE
7328,6.58,35.8,26.82,39.87,3.59,22.68,LOW
7329,10.25,30.5,43.41,62.07,2.53,30.14,MODERATE
7330,13.53,28.79,50.05,54.59,6.49,31.04,MODERATE
7331,8.01,81.03,37.97,85.55,7.91,44.1,MODERATE
7332,1.08,50.43,49.08,53.12,1.49,31.02,MODERATE
7333,21.5,81.78,45.96,28.05,13.05,38.49,MODERATE
7334,12.18,45.69,41.04,21.17,0.05,24.63,LOW
7335,32.68,70.78,64.62,62.23,1.45,47.91,MODERATE
7336,20.94,28.79,50.05,54.59,6.49,32.89,MODERATE
7337,20.22,81.03,54.59,66.05,6.77,46.4,MODERATE
7338,6.85,27.8,64.25,82.95,6.21,37.65,MODERATE
7339,19.93,55.29,46.47,69.35,1.31,39.4,MODERATE
7340,12.65,50.98,35.93,38.19,7.67,29.33,LOW
7341,10.34,33.91,43.41,62.07,2.53,30.84,MODERATE
7342,42.93,54.69,54.79,31.06,8.54,40.12,MODERATE
7343,35.58,39.87,52.61,51.56,6.38,38.66,MODERATE
7344,16.98,41.92,63.25,50.14,3.97,35.9,MODERATE
7345,23.89,31.05,26.54,32.88,8.7,25.37,LOW
7346,30.88,39.19,52.61,51.56,6.38,37.35,MODERATE
7347,18.38,54.69,59.46,42.01,6.98,36.87,MODERATE
7348,47.9,77.67,52.06,66.65,0.0,51.25,MODERATE
7349,7.02,50.98,26.82,39.87,3.59,25.83,LOW
7350,41.93,7.4,41.44,31.24,6.52,27.48,LOW
7351,3.07,55.28,27.73,28.53,9.45,24.49,LOW
7352,10.06,52.85,45.17,43.38,7.55,31.93,MODERATE
7353,3.17,44.42,28.14,37.62,28.48,27.1,LOW
7354,23.77,81.78,74.84,21.52,9.31,42.97,MODERATE
7355,2.4,47.08,61.34,75.53,1.78,37.66,MODERATE
7356,26.65,13.5,61.34,75.53,1.78,37.0,MODERATE
7357,81.38,81.03,46.47,69.35,1.31,59.91,ELEVATED
7358,17.18,32.66,43.21,37.75,6.15,27.94,LOW
7359,25.9,55.29,32.94,31.9,6.06,31.41,MODERATE
7360,20.2,30.65,54.59,66.05,6.77,36.32,MODERATE
7361,48.76,13.5,36.69,13.35,13.11,26.86,LOW
7362,0.45,81.03,36.51,72.54,8.54,39.41,MODERATE
7363,19.91,39.19,56.62,50.18,100.0,49.18,MODERATE
7364,43.64,31.05,36.51,72.54,8.54,40.21,MODERATE
7365,21.15,44.85,32.58,28.53,7.36,27.58,LOW
7366,1.06,55.29,52.06,66.65,0.0,35.06,MODERATE
7367,75.74,92.37,67.74,76.58,5.54,67.1,ELEVATED
7368,19.02,54.51,62.83,59.7,4.82,40.89,MODERATE
7369,19.49,38.81,46.47,69.35,1.31,35.99,MODERATE
7370,16.7,77.67,64.62,62.23,1.45,45.3,MODERATE
7371,8.9,47.08,49.08,53.12,1.49,32.31,MODERATE
7372,1.37,13.5,26.82,39.87,3.59,16.92,LOW
7373,10.52,50.98,35.93,38.19,7.67,28.8,LOW
7374,10.34,35.8,44.39,16.48,3.54,22.45,LOW
7375,23.23,30.65,54.59,66.05,6.77,37.08,MODERATE
7376,15.75,45.69,43.87,39.72,19.26,32.68,MODERATE
7377,2.97,9.17,40.22,58.67,10.3,23.9,LOW
7378,100.0,55.28,61.63,40.68,4.75,57.23,ELEVATED
7379,0.43,92.37,34.49,52.59,6.05,36.9,MODERATE
7380,29.77,55.28,27.73,28.53,9.45,31.17,MODERATE
7381,23.18,13.5,45.17,43.38,7.55,27.34,LOW
7382,8.6,81.78,74.84,21.52,9.31,39.18,MODERATE
7383,20.64,28.79,49.79,22.56,7.83,26.56,LOW
7384,5.69,30.5,34.09,22.41,5.31,19.62,LOW
7385,19.88,27.8,64.25,82.95,6.21,40.9,MODERATE
7386,32.29,13.5,69.63,63.49,5.5,38.22,MODERATE
7387,55.03,9.17,40.22,58.67,10.3,36.91,MODERATE
7388,66.22,54.51,27.73,28.53,9.45,40.13,MODERATE
7389,56.68,49.18,67.09,69.3,9.98,52.78,MODERATE
7390,18.94,67.71,26.54,32.88,8.7,31.47,MODERATE
7391,25.1,13.5,44.65,72.77,3.22,32.94,MODERATE
7392,12.19,30.65,49.08,53.12,1.49,29.84,LOW
7393,31.23,77.67,44.14,84.78,4.01,49.73,MODERATE
7394,14.78,67.71,49.79,22.56,7.83,32.88,MODERATE
7395,9.18,7.4,28.14,37.62,28.48,21.2,LOW
7396,16.44,45.69,69.63,63.49,5.5,40.69,MODERATE
7397,100.0,13.5,45.96,28.05,13.05,44.46,MODERATE
7398,8.16,54.51,47.81,43.54,7.25,32.3,MODERATE
7399,3.65,13.5,37.97,85.55,7.91,29.5,LOW
7400,0.65,79.62,43.42,67.64,5.36,39.1,MODERATE
7401,24.38,55.29,43.72,62.22,4.4,39.0,MODERATE
7402,22.8,9.3,46.14,60.26,0.85,28.97,LOW
7403,18.55,44.42,55.74,73.6,6.83,40.41,MODERATE
7404,90.74,52.85,23.77,18.02,4.26,42.25,MODERATE
7405,4.88,44.42,45.14,30.75,2.65,25.68,LOW
7406,9.5,54.51,47.75,23.78,2.21,27.91,LOW
7407,9.93,44.42,44.94,41.99,4.2,29.38,LOW
7408,17.25,27.8,64.25,82.95,6.21,40.25,MODERATE
7409,31.53,45.69,44.94,41.99,4.2,35.04,MODERATE
7410,29.54,81.78,40.07,84.98,2.17,49.08,MODERATE
7411,0.62,31.05,41.04,21.17,0.05,18.81,LOW
7412,9.98,27.8,40.07,84.98,2.17,33.39,MODERATE
7413,5.79,33.91,27.73,28.53,9.45,20.9,LOW
7414,96.06,44.42,63.25,50.14,3.97,56.17,ELEVATED
7415,44.77,39.19,36.51,72.54,8.54,42.12,MODERATE
7416,12.65,35.8,26.82,39.87,3.59,24.2,LOW
7417,5.3,77.67,49.06,88.54,1.51,44.61,MODERATE
7418,31.9,81.78,62.23,24.09,4.71,42.3,MODERATE
7419,20.92,21.89,74.34,80.87,5.45,41.47,MODERATE
7420,48.78,35.8,67.09,69.3,9.98,48.13,MODERATE
7421,32.9,49.18,47.71,75.92,5.14,43.56,MODERATE
7422,11.15,54.51,43.21,37.75,6.15,30.8,MODERATE
7423,42.2,13.5,69.63,63.49,5.5,40.7,MODERATE
7424,15.96,92.37,67.74,76.58,5.54,52.16,MODERATE
7425,7.6,52.85,64.62,62.23,1.45,38.06,MODERATE
7426,20.29,38.81,45.17,43.38,7.55,31.68,MODERATE
7427,51.13,7.4,43.41,62.07,2.53,35.74,MODERATE
7428,1.3,41.92,37.97,85.55,7.91,34.6,MODERATE
7429,5.1,44.42,55.74,73.6,6.83,37.05,MODERATE
7430,5.03,27.8,50.05,54.59,6.49,28.72,LOW
7431,17.69,7.4,41.57,33.83,3.77,21.55,LOW
7432,10.26,44.85,43.21,37.75,6.15,28.65,LOW
7433,27.27,77.67,55.38,71.74,7.53,48.9,MODERATE
7434,27.79,45.61,64.25,82.95,6.21,46.44,MODERATE
7435,3.36,81.78,40.07,84.98,2.17,42.53,MODERATE
7436,4.69,77.67,27.73,28.53,9.45,29.38,LOW
7437,28.04,27.8,64.25,82.95,6.21,42.94,MODERATE
7438,6.95,27.6,49.06,88.54,1.51,35.01,MODERATE
7439,3.0,7.4,62.34,56.72,6.72,27.05,LOW
7440,7.49,50.98,43.42,67.64,5.36,35.08,MODERATE
7441,28.99,7.4,61.4,60.31,7.14,34.14,MODERATE
7442,33.87,44.85,43.21,37.75,6.15,34.55,MODERATE
7443,21.38,54.51,62.83,59.7,4.82,41.48,MODERATE
7444,12.66,27.6,37.2,33.49,4.35,23.48,LOW
7445,28.68,45.69,35.93,38.19,7.67,32.28,MODERATE
7446,7.51,28.79,40.22,58.67,10.3,28.96,LOW
7447,17.42,13.5,61.51,50.38,8.86,30.76,MODERATE
7448,5.37,32.66,67.09,69.3,9.98,36.65,MODERATE
7449,33.61,30.65,43.41,62.07,2.53,36.01,MODERATE
7450,24.5,92.37,34.49,52.59,6.05,42.92,MODERATE
7451,21.76,41.92,41.44,31.24,6.52,29.34,LOW
7452,15.06,54.51,40.22,58.67,10.3,35.99,MODERATE
7453,11.23,39.87,67.09,69.3,9.98,39.56,MODERATE
7454,3.42,49.18,38.77,75.74,3.32,34.09,MODERATE
7455,2.85,55.28,34.49,52.59,6.05,30.09,MODERATE
7456,36.94,39.87,54.59,66.05,6.77,42.35,MODERATE
7457,23.23,39.19,67.09,69.3,9.98,42.42,MODERATE
7458,37.44,28.79,66.25,44.11,5.32,37.99,MODERATE
7459,25.08,44.42,61.51,50.38,8.86,38.86,MODERATE
7460,31.3,55.29,32.94,31.9,6.06,32.76,MODERATE
7461,8.7,55.29,43.41,62.07,2.53,34.71,MODERATE
7462,0.42,55.29,52.06,66.65,0.0,34.91,MODERATE
7463,21.82,13.5,45.17,43.38,7.55,27.0,LOW
7464,14.04,50.43,44.65,72.77,3.22,37.56,MODERATE
7465,18.35,55.29,46.47,69.35,1.31,39.01,MODERATE
7466,19.48,45.61,44.39,16.48,3.54,26.7,LOW
7467,7.35,13.5,27.73,28.53,9.45,17.21,LOW
7468,24.59,52.85,23.77,18.02,4.26,25.71,LOW
7469,54.01,31.05,61.34,75.53,1.78,47.35,MODERATE
7470,3.98,54.51,74.34,80.87,5.45,43.76,MODERATE
7471,13.76,81.78,61.4,60.31,7.14,45.21,MODERATE
7472,0.36,44.85,46.74,32.43,8.08,26.11,LOW
7473,1.78,92.37,43.21,37.75,6.15,36.03,MODERATE
7474,17.42,52.85,47.81,43.54,7.25,34.28,MODERATE
7475,30.39,50.98,35.93,38.19,7.67,33.77,MODERATE
7476,23.71,33.91,44.65,72.77,3.22,36.68,MODERATE
7477,1.82,39.87,27.73,28.53,9.45,21.1,LOW
7478,38.61,39.87,61.4,60.31,7.14,43.04,MODERATE
7479,7.22,28.79,49.79,22.56,7.83,23.21,LOW
7480,9.89,81.78,46.47,69.35,1.31,42.19,MODERATE
7481,2.2,52.85,48.0,31.83,2.74,27.5,LOW
7482,17.41,31.05,45.68,70.55,5.22,34.59,MODERATE
7483,9.58,35.8,26.82,39.87,3.59,23.43,LOW
7484,26.95,39.87,35.93,38.19,7.67,30.69,MODERATE
7485,27.47,45.61,64.25,82.95,6.21,46.36,MODERATE
7486,4.0,13.5,45.17,43.38,7.55,22.54,LOW
7487,42.68,35.8,44.39,16.48,3.54,30.54,MODERATE
7488,25.55,39.87,27.73,28.53,9.45,27.03,LOW
7489,4.47,13.5,45.17,43.38,7.55,22.66,LOW
7490,12.58,9.3,63.25,50.14,3.97,28.28,LOW
7491,0.67,27.8,50.05,54.59,6.49,27.63,LOW
7492,22.78,46.27,46.43,78.47,6.48,40.9,MODERATE
7493,28.68,32.66,36.79,73.54,2.69,36.17,MODERATE
7494,1.18,27.8,50.05,54.59,6.49,27.76,LOW
7495,6.88,32.66,23.77,18.02,4.26,17.25,LOW
7496,1.42,32.66,34.3,19.13,10.61,19.17,LOW
7497,16.24,45.69,35.93,38.19,7.67,29.17,LOW
7498,33.9,30.65,67.74,76.58,5.54,44.3,MODERATE
7499,17.56,49.18,40.07,84.98,2.17,39.56,MODERATE
7500,25.06,54.69,59.46,42.01,6.98,38.54,MODERATE
7501,36.78,50.98,62.34,56.72,6.72,44.21,MODERATE
7502,30.98,55.28,27.73,28.53,9.45,31.47,MODERATE
7503,22.37,33.91,42.71,43.66,6.29,30.59,MODERATE
7504,5.37,67.71,67.74,76.58,5.54,44.58,MODERATE
7505,10.1,77.67,43.41,62.07,2.53,39.53,MODERATE
7506,1.65,35.8,55.74,73.6,6.83,34.47,MODERATE
7507,56.34,55.29,43.87,39.72,19.26,44.75,MODERATE
7508,6.54,50.43,49.28,20.61,8.21,26.93,LOW
7509,31.38,49.18,47.71,75.92,5.14,43.18,MODERATE
7510,100.0,30.65,54.8,54.62,4.34,53.66,MODERATE
7511,30.4,79.62,62.83,59.7,4.82,48.75,MODERATE
7512,5.65,41.92,41.44,31.24,6.52,25.31,LOW
7513,12.44,45.69,37.2,33.49,4.35,27.04,LOW
7514,32.56,45.61,34.09,22.41,5.31,29.36,LOW
7515,8.46,54.69,34.49,52.59,6.05,31.38,MODERATE
7516,10.47,9.3,63.25,50.14,3.97,27.75,LOW
7517,16.85,13.5,34.09,22.41,5.31,19.01,LOW
7518,13.39,50.98,43.42,67.64,5.36,36.56,MODERATE
7519,21.72,27.8,49.06,88.54,1.51,38.74,MODERATE
7520,34.24,81.03,36.79,73.54,2.69,47.24,MODERATE
7521,45.08,49.18,49.33,36.19,8.62,39.5,MODERATE
7522,18.32,39.19,55.16,54.74,3.55,34.93,MODERATE
7523,17.46,46.27,46.43,78.47,6.48,39.57,MODERATE
7524,62.14,52.85,55.16,54.74,3.55,48.62,MODERATE
7525,15.05,92.37,34.3,19.13,10.61,34.51,MODERATE
7526,13.03,55.28,62.83,59.7,4.82,39.54,MODERATE
7527,43.03,81.78,56.62,50.18,100.0,63.47,ELEVATED
7528,26.36,92.37,34.3,19.13,10.61,37.34,MODERATE
7529,35.88,30.5,41.57,33.83,3.77,30.72,MODERATE
7530,8.47,67.71,55.74,73.6,6.83,42.55,MODERATE
7531,2.8,39.19,42.71,43.66,6.29,26.76,LOW
7532,52.77,70.78,61.51,50.38,8.86,51.05,MODERATE
7533,7.32,44.42,67.09,69.3,9.98,39.49,MODERATE
7534,5.6,81.03,35.93,38.19,7.67,33.58,MODERATE
7535,43.08,32.66,67.09,69.3,9.98,46.08,MODERATE
7536,3.22,54.69,53.94,66.16,1.04,35.92,MODERATE
7537,9.84,81.03,37.97,85.55,7.91,44.56,MODERATE
7538,67.15,49.18,34.3,19.13,10.61,38.9,MODERATE
7539,17.0,67.71,26.54,32.88,8.7,30.98,MODERATE
7540,31.49,27.8,50.05,54.59,6.49,35.33,MODERATE
7541,90.65,45.69,41.04,21.17,0.05,44.25,MODERATE
7542,1.38,52.85,64.62,62.23,1.45,36.5,MODERATE
7543,1.77,81.78,61.4,60.31,7.14,42.21,MODERATE
7544,16.39,32.66,67.09,69.3,9.98,39.4,MODERATE
7545,58.07,30.65,43.41,62.07,2.53,42.12,MODERATE
7546,0.96,13.5,61.69,65.14,8.5,29.58,LOW
7547,45.17,39.19,43.72,62.22,4.4,40.98,MODERATE
7548,42.55,13.5,61.34,75.53,1.78,40.98,MODERATE
7549,27.46,55.28,44.14,84.78,4.01,44.31,MODERATE
7550,5.01,50.43,27.39,79.52,5.52,33.55,MODERATE
7551,21.68,28.79,66.25,44.11,5.32,34.05,MODERATE
7552,68.77,39.87,62.23,24.09,4.71,43.14,MODERATE
7553,20.07,45.61,56.62,50.18,100.0,50.5,MODERATE
7554,28.09,50.43,28.14,37.62,28.48,34.53,MODERATE
7555,17.97,9.17,37.97,85.55,7.91,32.22,MODERATE
7556,13.55,33.91,62.03,35.4,11.62,31.4,MODERATE
7557,15.54,54.69,53.94,66.16,1.04,39.0,MODERATE
7558,36.37,21.89,42.71,43.66,6.29,31.69,MODERATE
7559,26.93,92.37,37.2,33.49,4.35,39.99,MODERATE
7560,43.82,81.78,59.46,42.01,6.98,48.65,MODERATE
7561,11.11,41.92,41.57,33.83,3.77,26.81,LOW
7562,15.92,50.43,28.14,37.62,28.48,31.49,MODERATE
7563,1.84,50.98,67.09,69.3,9.98,39.43,MODERATE
7564,37.52,27.6,61.51,50.38,8.86,38.61,MODERATE
7565,3.08,30.5,34.09,22.41,5.31,18.97,LOW
7566,12.22,55.28,64.25,82.95,6.21,44.48,MODERATE
7567,6.33,81.78,56.62,50.18,100.0,54.3,MODERATE
7568,50.29,54.69,36.79,73.54,2.69,45.98,MODERATE
7569,26.71,46.27,46.14,60.26,0.85,37.34,MODERATE
7570,13.18,70.78,46.47,69.35,1.31,40.81,MODERATE
7571,3.74,13.5,45.17,43.38,7.55,22.48,LOW
7572,12.85,81.78,56.62,50.18,100.0,55.93,ELEVATED
7573,7.69,38.81,46.47,69.35,1.31,33.04,MODERATE
7574,28.16,54.51,41.57,33.83,3.77,33.59,MODERATE
7575,6.69,46.27,26.82,39.87,3.59,24.8,LOW
7576,13.62,92.37,67.74,76.58,5.54,51.58,MODERATE
7577,42.98,39.19,36.51,72.54,8.54,41.67,MODERATE
7578,30.44,45.69,37.2,33.49,4.35,31.54,MODERATE
7579,1.96,50.98,43.42,67.64,5.36,33.7,MODERATE
7580,0.23,39.19,53.49,50.77,10.04,30.25,MODERATE
7581,26.7,41.92,41.57,33.83,3.77,30.71,MODERATE
7582,1.34,39.87,54.59,66.05,6.77,33.45,MODERATE
7583,20.03,77.67,38.77,75.74,3.32,43.94,MODERATE
7584,20.4,30.5,43.41,62.07,2.53,32.68,MODERATE
7585,9.29,9.17,40.22,58.67,10.3,25.48,LOW
7586,37.57,41.92,37.97,85.55,7.91,43.67,MODERATE
7587,44.58,13.5,37.2,33.49,4.35,28.63,LOW
7588,18.25,22.06,38.77,75.74,3.32,32.38,MODERATE
7589,8.34,50.98,43.42,67.64,5.36,35.29,MODERATE
7590,7.42,55.29,37.2,33.49,4.35,27.7,LOW
7591,24.96,31.05,49.28,20.61,8.21,27.66,LOW
7592,6.9,7.4,41.57,33.83,3.77,18.85,LOW
7593,8.16,30.65,40.07,84.98,2.17,33.51,MODERATE
7594,48.18,81.03,40.22,58.67,10.3,49.57,MODERATE
7595,27.0,41.92,43.87,39.72,19.26,34.74,MODERATE
7596,7.09,55.28,55.38,71.74,7.53,39.38,MODERATE
7597,5.6,30.5,46.03,96.31,7.43,37.08,MODERATE
7598,8.77,54.51,47.75,23.78,2.21,27.73,LOW
7599,26.23,67.71,36.79,73.54,2.69,42.57,MODERATE
7600,2.57,67.71,69.63,63.49,5.5,41.63,MODERATE
7601,25.69,50.43,36.79,73.54,2.69,38.98,MODERATE
7602,18.41,30.5,41.57,33.83,3.77,26.35,LOW
7603,3.62,39.87,52.61,51.56,6.38,30.67,MODERATE
7604,7.16,55.28,36.69,13.35,13.11,24.82,LOW
7605,47.07,67.71,69.63,63.49,5.5,52.76,MODERATE
7606,11.02,55.28,64.25,82.95,6.21,44.18,MODERATE
7607,7.76,81.03,64.25,82.95,6.21,48.52,MODERATE
7608,52.72,27.8,34.09,22.41,5.31,30.84,MODERATE
7609,43.97,50.43,49.06,88.54,1.51,48.82,MODERATE
7610,26.31,81.03,49.06,88.54,1.51,50.53,MODERATE
7611,27.25,67.71,55.74,73.6,6.83,47.25,MODERATE
7612,1.76,45.61,42.71,43.66,6.29,27.78,LOW
7613,16.22,81.03,36.79,73.54,2.69,42.73,MODERATE
7614,5.6,21.89,43.72,62.22,4.4,27.63,LOW
7615,3.48,67.71,49.79,22.56,7.83,30.06,MODERATE
7616,11.13,52.85,64.62,62.23,1.45,38.94,MODERATE
7617,27.65,70.78,63.25,50.14,3.97,44.34,MODERATE
7618,21.55,22.06,54.8,54.62,4.34,32.33,MODERATE
7619,9.74,33.91,37.97,85.55,7.91,35.11,MODERATE
7620,10.39,28.79,62.83,59.7,4.82,33.59,MODERATE
7621,47.49,44.85,32.58,28.53,7.36,34.17,MODERATE
7622,21.93,9.17,50.05,54.59,6.49,29.22,LOW
7623,19.51,92.37,46.47,69.35,1.31,46.71,MODERATE
7624,22.75,27.6,43.21,37.75,6.15,28.32,LOW
7625,9.48,31.05,49.28,20.61,8.21,23.79,LOW
7626,62.5,55.29,46.47,69.35,1.31,50.04,MODERATE
7627,12.51,13.5,27.73,28.53,9.45,18.5,LOW
7628,7.88,54.69,54.79,31.06,8.54,31.36,MODERATE
7629,32.74,30.65,64.25,82.95,6.21,44.69,MODERATE
7630,27.46,44.85,46.74,32.43,8.08,32.88,MODERATE
7631,2.0,55.29,55.74,73.6,6.83,38.45,MODERATE
7632,5.05,27.6,34.49,52.59,6.05,25.11,LOW
7633,7.93,35.8,37.97,85.55,7.91,35.03,MODERATE
7634,46.16,50.98,43.42,67.64,5.36,44.75,MODERATE
7635,50.73,30.5,52.61,51.56,6.38,40.57,MODERATE
7636,1.4,41.92,37.7,35.87,3.28,23.94,LOW
7637,1.75,39.19,56.62,50.18,100.0,44.64,MODERATE
7638,16.46,47.08,56.62,50.18,100.0,49.89,MODERATE
7639,28.49,38.81,62.03,35.4,11.62,36.11,MODERATE
7640,22.3,54.51,47.81,43.54,7.25,35.84,MODERATE
7641,59.36,38.81,54.59,66.05,6.77,47.75,MODERATE
7642,42.04,32.66,34.3,19.13,10.61,29.32,LOW
7643,13.87,38.81,61.69,65.14,8.5,37.87,MODERATE
7644,8.43,7.4,28.14,37.62,28.48,21.01,LOW
7645,47.44,9.17,40.22,58.67,10.3,35.02,MODERATE
7646,12.45,30.65,49.08,53.12,1.49,29.91,LOW
7647,100.0,70.78,46.47,69.35,1.31,62.52,ELEVATED
7648,2.71,31.05,26.54,32.88,8.7,20.08,LOW
7649,7.38,50.43,59.24,22.75,11.82,30.1,MODERATE
7650,38.16,39.87,27.73,28.53,9.45,30.18,MODERATE
7651,6.47,46.27,32.94,31.9,6.06,24.75,LOW
7652,18.89,38.81,61.69,65.14,8.5,39.13,MODERATE
7653,31.46,30.65,49.08,53.12,1.49,34.66,MODERATE
7654,48.69,45.61,49.06,88.54,1.51,49.04,MODERATE
7655,34.08,55.28,49.33,36.19,8.62,37.97,MODERATE
7656,3.52,81.78,74.84,21.52,9.31,37.91,MODERATE
7657,24.5,31.05,34.3,19.13,10.61,24.61,LOW
7658,2.56,31.05,41.04,21.17,0.05,19.3,LOW
7659,53.35,45.69,38.77,75.74,3.32,45.87,MODERATE
7660,3.61,55.29,52.06,66.65,0.0,35.7,MODERATE
7661,4.43,31.05,43.87,39.72,19.26,26.93,LOW
7662,13.9,30.65,37.2,33.49,4.35,24.39,LOW
7663,2.37,13.5,61.34,75.53,1.78,30.93,MODERATE
7664,1.2,31.05,26.54,32.88,8.7,19.7,LOW
7665,41.98,45.69,37.2,33.49,4.35,34.42,MODERATE
7666,14.31,50.98,44.65,72.77,3.22,37.74,MODERATE
7667,38.42,55.28,34.09,22.41,5.31,32.76,MODERATE
7668,8.59,55.29,26.54,32.88,8.7,26.39,LOW
7669,5.66,33.91,37.97,85.55,7.91,34.09,MODERATE
7670,38.95,31.05,49.28,20.61,8.21,31.16,MODERATE
7671,27.76,49.18,38.77,75.74,3.32,40.18,MODERATE
7672,11.16,32.66,49.86,55.73,6.34,31.39,MODERATE
7673,12.87,22.06,33.99,44.43,2.53,23.69,LOW
7674,16.72,32.66,34.3,19.13,10.61,22.99,LOW
7675,16.8,55.29,46.47,69.35,1.31,38.62,MODERATE
7676,31.0,50.43,49.08,53.12,1.49,38.5,MODERATE
7677,17.16,45.61,64.25,82.95,6.21,43.78,MODERATE
7678,31.34,54.51,47.71,75.92,5.14,44.23,MODERATE
7679,19.86,30.5,56.62,50.18,100.0,47.43,MODERATE
7680,4.58,55.28,49.86,55.73,6.34,34.27,MODERATE
7681,27.65,81.78,28.14,37.62,28.48,40.69,MODERATE
7682,17.98,50.98,62.34,56.72,6.72,39.51,MODERATE
7683,17.8,45.61,38.77,75.74,3.32,36.97,MODERATE
7684,16.04,50.98,44.65,72.77,3.22,38.17,MODERATE
7685,31.88,44.42,26.82,39.87,3.59,30.73,MODERATE
7686,29.66,41.92,37.7,35.87,3.28,31.0,MODERATE
7687,5.84,22.06,55.16,54.74,3.55,28.39,LOW
7688,64.97,81.03,53.94,66.16,1.04,56.62,ELEVATED
7689,3.05,7.4,41.44,31.24,6.52,17.76,LOW
7690,74.15,50.43,59.24,22.75,11.82,46.8,MODERATE
7691,51.4,39.87,35.93,38.19,7.67,36.8,MODERATE
7692,41.27,13.5,45.17,43.38,7.55,31.86,MODERATE
7693,16.29,45.61,43.21,37.75,6.15,30.31,MODERATE
7694,1.53,27.8,28.14,37.62,28.48,23.37,LOW
7695,20.11,13.5,37.2,33.49,4.35,22.52,LOW
7696,19.52,50.98,26.82,39.87,3.59,28.95,LOW
7697,4.23,31.05,34.3,19.13,10.61,19.54,LOW
7698,46.24,13.5,36.69,13.35,13.11,26.23,LOW
7699,46.94,27.8,64.25,82.95,6.21,47.67,MODERATE
7700,47.6,39.87,49.28,20.61,8.21,35.08,MODERATE
7701,17.87,39.19,67.09,69.3,9.98,41.08,MODERATE
7702,40.61,46.27,46.14,60.26,0.85,40.81,MODERATE
7703,19.3,21.89,43.72,62.22,4.4,31.05,MODERATE
7704,2.69,49.18,34.3,19.13,10.61,22.79,LOW
7705,17.06,47.08,27.73,28.53,9.45,26.35,LOW
7706,57.09,81.03,53.94,66.16,1.04,54.65,MODERATE
7707,23.19,55.29,52.06,66.65,0.0,40.6,MODERATE
7708,23.6,27.6,55.38,71.74,7.53,37.97,MODERATE
7709,29.81,54.51,47.75,23.78,2.21,32.99,MODERATE
7710,67.75,39.87,49.28,20.61,8.21,40.12,MODERATE
7711,13.6,45.61,49.06,88.54,1.51,40.27,MODERATE
7712,22.25,7.4,36.79,73.54,2.69,29.51,LOW
7713,10.31,41.92,46.14,60.26,0.85,32.37,MODERATE
7714,23.0,27.6,49.06,88.54,1.51,39.02,MODERATE
7715,28.56,35.8,41.44,31.24,6.52,29.81,LOW
7716,95.57,47.08,45.14,30.75,2.65,48.88,MODERATE
7717,1.6,81.03,49.06,88.54,1.51,44.35,MODERATE
7718,41.26,30.65,49.28,20.61,8.21,31.65,MODERATE
7719,25.91,50.98,49.08,53.12,1.49,37.34,MODERATE
7720,0.06,39.87,61.4,60.31,7.14,33.4,MODERATE
7721,2.47,28.79,62.83,59.7,4.82,31.6,MODERATE
7722,27.21,44.85,62.34,56.72,6.72,40.59,MODERATE
7723,21.07,30.65,44.14,84.78,4.01,37.78,MODERATE
7724,47.43,22.06,38.77,75.74,3.32,39.67,MODERATE
7725,14.58,41.92,41.44,31.24,6.52,27.54,LOW
7726,46.64,45.61,61.51,50.38,8.86,44.49,MODERATE
7727,14.86,54.51,47.71,75.92,5.14,40.11,MODERATE
7728,21.14,31.05,26.54,32.88,8.7,24.68,LOW
7729,0.15,28.79,37.7,35.87,3.28,21.0,LOW
7730,25.62,39.19,43.41,62.07,2.53,35.72,MODERATE
7731,71.71,7.4,43.41,62.07,2.53,40.88,MODERATE
7732,0.51,32.66,49.86,55.73,6.34,28.73,LOW
7733,41.95,50.43,37.2,33.49,4.35,35.36,MODERATE
7734,18.07,39.87,52.61,51.56,6.38,34.28,MODERATE
7735,8.67,33.91,49.79,22.56,7.83,24.6,LOW
7736,18.8,77.67,52.06,66.65,0.0,43.98,MODERATE
7737,2.88,44.85,34.09,22.41,5.31,21.78,LOW
7738,24.55,70.78,46.47,69.35,1.31,43.65,MODERATE
7739,7.82,13.5,45.17,43.38,7.55,23.5,LOW
7740,18.0,49.18,53.49,50.77,10.04,36.69,MODERATE
7741,16.39,55.29,43.72,62.22,4.4,37.0,MODERATE
7742,9.71,9.17,74.84,21.52,9.31,24.93,LOW
7743,3.12,55.29,37.2,33.49,4.35,26.63,LOW
7744,48.08,46.27,53.94,66.16,1.04,45.45,MODERATE
7745,13.45,28.79,40.22,58.67,10.3,30.44,MODERATE
7746,9.31,27.8,53.94,66.16,1.04,32.06,MODERATE
7747,3.07,30.5,38.77,75.74,3.32,30.27,MODERATE
7748,17.63,46.27,46.14,60.26,0.85,35.07,MODERATE
7749,8.46,41.92,46.14,60.26,0.85,31.91,MODERATE
7750,3.61,33.91,62.03,35.4,11.62,28.91,LOW
7751,75.7,44.85,46.74,32.43,8.08,44.94,MODERATE
7752,25.1,27.6,45.17,43.38,7.55,30.64,MODERATE
7753,37.29,7.4,43.41,62.07,2.53,32.28,MODERATE
7754,9.27,7.4,56.62,50.18,100.0,40.16,MODERATE
7755,41.94,46.27,74.84,21.52,9.31,40.41,MODERATE
7756,6.04,9.17,49.79,22.56,7.83,18.99,LOW
7757,2.87,22.06,49.28,20.61,8.21,20.34,LOW
7758,32.82,27.8,34.09,22.41,5.31,25.86,LOW
7759,11.43,45.61,44.39,16.48,3.54,24.68,LOW
7760,18.2,30.65,43.41,62.07,2.53,32.15,MODERATE
7761,37.86,30.65,49.08,53.12,1.49,36.26,MODERATE
7762,41.83,30.5,34.09,22.41,5.31,28.66,LOW
7763,21.45,9.3,46.14,60.26,0.85,28.63,LOW
7764,35.2,47.08,43.87,39.72,19.26,37.83,MODERATE
7765,6.78,21.89,44.65,72.77,3.22,30.04,MODERATE
7766,1.09,55.28,34.49,52.59,6.05,29.65,LOW
7767,1.99,52.85,37.97,85.55,7.91,36.96,MODERATE
7768,36.77,49.18,23.77,18.02,4.26,28.02,LOW
7769,2.44,45.61,23.77,18.02,4.26,18.73,LOW
7770,16.65,49.18,40.07,84.98,2.17,39.34,MODERATE
7771,20.44,35.8,41.44,31.24,6.52,27.78,LOW
7772,9.09,30.5,43.72,62.22,4.4,30.22,MODERATE
7773,1.7,55.29,55.74,73.6,6.83,38.38,MODERATE
7774,24.8,32.66,67.09,69.3,9.98,41.51,MODERATE
7775,38.23,50.43,59.24,22.75,11.82,37.81,MODERATE
7776,100.0,33.91,37.97,85.55,7.91,57.67,ELEVATED
7777,4.58,27.6,61.51,50.38,8.86,30.37,MODERATE
7778,8.98,38.81,59.24,22.75,11.82,28.18,LOW
7779,47.67,81.03,40.22,58.67,10.3,49.45,MODERATE
7780,0.52,55.29,43.87,39.72,19.26,30.8,MODERATE
7781,0.62,67.71,52.06,66.65,0.0,37.44,MODERATE
7782,7.85,32.66,61.4,60.31,7.14,33.91,MODERATE
7783,0.39,30.5,52.61,51.56,6.38,27.99,LOW
7784,42.8,7.4,41.44,31.24,6.52,27.7,LOW
7785,62.59,47.08,45.14,30.75,2.65,40.64,MODERATE
7786,25.17,39.87,35.93,38.19,7.67,30.24,MODERATE
7787,7.03,39.19,45.68,70.55,5.22,33.62,MODERATE
7788,55.56,50.43,32.94,31.9,6.06,37.85,MODERATE
7789,45.86,45.69,44.94,41.99,4.2,38.62,MODERATE
7790,40.71,52.85,23.77,18.02,4.26,29.74,LOW
7791,8.11,39.87,52.61,51.56,6.38,31.79,MODERATE
7792,14.16,30.65,64.25,82.95,6.21,40.04,MODERATE
7793,27.22,52.85,64.62,62.23,1.45,42.96,MODERATE
7794,37.18,49.18,40.07,84.98,2.17,44.47,MODERATE
7795,18.15,54.69,54.79,31.06,8.54,33.93,MODERATE
7796,43.29,44.42,28.14,37.62,28.48,37.13,MODERATE
7797,49.72,50.43,64.55,94.57,7.93,55.53,ELEVATED
7798,12.11,9.17,34.49,52.59,6.05,23.18,LOW
7799,33.08,50.98,62.34,56.72,6.72,43.28,MODERATE
7800,29.81,81.03,35.93,38.19,7.67,39.63,MODERATE
7801,80.93,30.5,43.72,62.22,4.4,48.18,MODERATE
7802,13.99,9.3,40.07,84.98,2.17,30.69,MODERATE
7803,13.74,31.05,36.51,72.54,8.54,32.73,MODERATE
7804,68.75,77.67,52.06,66.65,0.0,56.46,ELEVATED
7805,10.36,32.66,36.51,72.54,8.54,32.21,MODERATE
7806,51.28,77.67,55.38,71.74,7.53,54.91,MODERATE
7807,42.0,70.78,63.25,50.14,3.97,47.93,MODERATE
7808,35.07,81.78,61.4,60.31,7.14,50.54,MODERATE
7809,10.86,55.29,37.2,33.49,4.35,28.56,LOW
7810,17.21,35.8,44.39,16.48,3.54,24.17,LOW
7811,11.66,32.66,27.39,79.52,5.52,31.66,MODERATE
7812,9.7,38.81,45.17,43.38,7.55,29.03,LOW
7813,23.71,81.03,61.34,75.53,1.78,49.78,MODERATE
7814,2.38,47.08,56.62,50.18,100.0,46.37,MODERATE
7815,13.42,33.91,23.77,18.02,4.26,19.13,LOW
7816,21.67,52.85,40.22,58.67,10.3,37.31,MODERATE
7817,48.48,30.5,47.75,23.78,2.21,32.86,MODERATE
7818,12.17,44.42,45.14,30.75,2.65,27.5,LOW
7819,43.87,21.89,55.38,71.74,7.53,41.9,MODERATE
7820,49.81,39.19,55.16,54.74,3.55,42.8,MODERATE
7821,12.61,77.67,55.38,71.74,7.53,45.24,MODERATE
7822,24.95,41.92,63.25,50.14,3.97,37.89,MODERATE
7823,10.17,27.6,44.14,84.78,4.01,34.45,MODERATE
7824,52.96,28.79,62.83,59.7,4.82,44.23,MODERATE
7825,12.05,45.61,44.39,16.48,3.54,24.84,LOW
7826,22.72,35.8,44.94,41.99,4.2,30.86,MODERATE
7827,2.57,28.79,46.43,78.47,6.48,32.35,MODERATE
7828,54.34,55.28,62.83,59.7,4.82,49.87,MODERATE
7829,0.71,22.06,54.8,54.62,4.34,27.12,LOW
7830,15.44,30.65,67.74,76.58,5.54,39.68,MODERATE
7831,54.48,52.85,37.97,85.55,7.91,50.08,MODERATE
7832,24.48,52.85,64.62,62.23,1.45,42.28,MODERATE
7833,22.04,44.42,63.25,50.14,3.97,37.67,MODERATE
7834,10.66,50.43,44.65,72.77,3.22,36.72,MODERATE
7835,30.15,38.81,61.69,65.14,8.5,41.94,MODERATE
7836,25.33,92.37,43.21,37.75,6.15,41.92,MODERATE
7837,16.48,45.61,56.62,50.18,100.0,49.6,MODERATE
7838,46.88,50.43,62.34,56.72,6.72,46.63,MODERATE
7839,5.11,67.71,69.63,63.49,5.5,42.27,MODERATE
7840,41.21,41.92,41.44,31.24,6.52,34.2,MODERATE
7841,11.73,54.51,74.34,80.87,5.45,45.69,MODERATE
7842,2.42,44.85,43.21,37.75,6.15,26.69,LOW
7843,45.52,45.69,62.96,56.72,14.21,46.58,MODERATE
7844,22.3,30.65,49.08,53.12,1.49,32.37,MODERATE
7845,88.78,28.79,48.0,31.83,2.74,44.33,MODERATE
7846,48.22,50.43,59.24,22.75,11.82,40.31,MODERATE
7847,10.71,55.29,52.06,66.65,0.0,37.48,MODERATE
7848,14.56,31.05,34.3,19.13,10.61,22.13,LOW
7849,54.83,27.6,74.34,80.87,5.45,51.09,MODERATE
7850,27.44,81.03,40.22,58.67,10.3,44.39,MODERATE
7851,11.69,45.69,44.94,41.99,4.2,30.08,MODERATE
7852,14.57,54.51,47.81,43.54,7.25,33.9,MODERATE
7853,5.53,52.85,61.4,60.31,7.14,37.37,MODERATE
7854,25.58,30.5,43.41,62.07,2.53,33.97,MODERATE
7855,3.32,13.5,45.96,28.05,13.05,20.29,LOW
7856,5.59,9.3,32.94,31.9,6.06,17.13,LOW
7857,6.39,32.66,43.21,37.75,6.15,25.24,LOW
7858,23.51,30.5,43.41,62.07,2.53,33.45,MODERATE
7859,6.6,33.91,37.7,35.87,3.28,23.64,LOW
7860,22.6,79.62,45.17,43.38,7.55,40.42,MODERATE
7861,56.2,45.61,34.09,22.41,5.31,35.27,MODERATE
7862,17.32,44.42,40.22,58.67,10.3,34.54,MODERATE
7863,14.68,67.71,64.25,82.95,6.21,47.58,MODERATE
7864,18.21,9.17,49.79,22.56,7.83,22.03,LOW
7865,4.56,77.67,43.41,62.07,2.53,38.15,MODERATE
7866,64.39,13.5,61.51,50.38,8.86,42.5,MODERATE
7867,28.52,44.42,36.69,13.35,13.11,27.99,LOW
7868,21.07,54.51,64.55,94.57,7.93,49.18,MODERATE
7869,90.74,81.03,61.34,75.53,1.78,66.53,ELEVATED
7870,3.52,47.08,59.24,22.75,11.82,28.47,LOW
7871,37.6,27.8,53.94,66.16,1.04,39.14,MODERATE
7872,40.41,38.81,59.24,22.75,11.82,36.04,MODERATE
7873,24.22,54.69,59.46,42.01,6.98,38.33,MODERATE
7874,9.45,46.27,46.47,69.35,1.31,34.98,MODERATE
7875,27.01,52.85,61.4,60.31,7.14,42.74,MODERATE
7876,14.73,49.18,49.33,36.19,8.62,31.92,MODERATE
7877,7.82,79.62,62.83,59.7,4.82,43.11,MODERATE
7878,1.35,67.71,69.63,63.49,5.5,41.33,MODERATE
7879,9.78,79.62,45.17,43.38,7.55,37.21,MODERATE
7880,31.78,22.06,49.28,20.61,8.21,27.57,LOW
7881,31.14,13.5,61.51,50.38,8.86,34.19,MODERATE
7882,45.29,50.43,49.06,88.54,1.51,49.16,MODERATE
7883,11.57,45.61,62.03,35.4,11.62,33.24,MODERATE
7884,9.19,92.37,67.74,76.58,5.54,50.47,MODERATE
7885,18.62,45.61,38.07,12.64,8.6,25.21,LOW
7886,54.68,54.51,47.75,23.78,2.21,39.21,MODERATE
7887,4.61,50.98,35.93,38.19,7.67,27.32,LOW
7888,33.16,9.17,50.05,54.59,6.49,32.03,MODERATE
7889,29.75,9.17,40.22,58.67,10.3,30.59,MODERATE
7890,21.8,81.78,61.4,60.31,7.14,47.22,MODERATE
7891,0.49,39.87,44.39,16.48,3.54,20.8,LOW
7892,9.69,45.61,46.74,32.43,8.08,28.59,LOW
7893,37.75,9.3,62.34,56.72,6.72,36.12,MODERATE
7894,27.59,30.5,41.57,33.83,3.77,28.65,LOW
7895,37.95,35.8,44.39,16.48,3.54,29.36,LOW
7896,68.4,81.78,61.4,60.31,7.14,58.87,ELEVATED
7897,4.63,39.19,56.62,50.18,100.0,45.35,MODERATE
7898,9.01,27.8,49.06,88.54,1.51,35.56,MODERATE
7899,7.12,41.92,63.25,50.14,3.97,33.44,MODERATE
7900,34.81,79.62,54.8,54.62,4.34,47.16,MODERATE
7901,10.17,81.78,61.4,60.31,7.14,44.31,MODERATE
7902,24.5,33.91,34.49,52.59,6.05,31.23,MODERATE
7903,40.17,81.03,49.06,88.54,1.51,53.99,MODERATE
7904,13.76,31.05,49.28,20.61,8.21,24.86,LOW
7905,23.24,7.4,62.34,56.72,6.72,32.11,MODERATE
7906,34.43,81.78,46.47,69.35,1.31,48.32,MODERATE
7907,19.34,52.85,47.81,43.54,7.25,34.76,MODERATE
7908,37.95,13.5,45.17,43.38,7.55,31.03,MODERATE
7909,16.75,9.17,61.63,40.68,4.75,27.19,LOW
7910,5.62,67.71,69.63,63.49,5.5,42.4,MODERATE
7911,14.52,44.42,40.22,58.67,10.3,33.84,MODERATE
7912,7.59,45.61,38.07,12.64,8.6,22.45,LOW
7913,0.48,39.19,69.63,63.49,5.5,35.41,MODERATE
7914,6.79,79.62,62.83,59.7,4.82,42.85,MODERATE
7915,2.35,39.87,67.09,69.3,9.98,37.34,MODERATE
7916,8.09,44.42,61.51,50.38,8.86,34.61,MODERATE
7917,11.36,13.5,37.97,85.55,7.91,31.43,MODERATE
7918,8.65,39.87,52.61,51.56,6.38,31.93,MODERATE
7919,47.84,44.85,46.74,32.43,8.08,37.98,MODERATE
7920,32.94,39.19,53.94,66.16,1.04,40.25,MODERATE
7921,17.92,27.6,49.06,88.54,1.51,37.75,MODERATE
7922,27.29,39.19,53.94,66.16,1.04,38.84,MODERATE
7923,26.97,33.91,44.65,72.77,3.22,37.49,MODERATE
7924,36.47,7.4,36.79,73.54,2.69,33.07,MODERATE
7925,1.78,49.18,40.07,84.98,2.17,35.62,MODERATE
7926,99.73,31.05,26.54,32.88,8.7,44.33,MODERATE
7927,20.92,54.51,40.22,58.67,10.3,37.45,MODERATE
7928,8.09,79.62,54.8,54.62,4.34,40.48,MODERATE
7929,14.18,77.67,38.77,75.74,3.32,42.48,MODERATE
7930,29.8,30.5,47.75,23.78,2.21,28.19,LOW
7931,19.35,27.6,45.17,43.38,7.55,29.2,LOW
7932,11.0,9.3,40.07,84.98,2.17,29.95,LOW
7933,11.5,31.05,47.71,75.92,5.14,34.58,MODERATE
7934,7.57,52.85,61.4,60.31,7.14,37.88,MODERATE
7935,21.12,55.29,46.47,69.35,1.31,39.7,MODERATE
7936,12.1,45.69,69.63,63.49,5.5,39.61,MODERATE
7937,6.86,77.67,64.62,62.23,1.45,42.84,MODERATE
7938,22.29,27.8,34.09,22.41,5.31,23.23,LOW
7939,4.67,13.5,37.97,85.55,7.91,29.76,LOW
7940,31.51,55.29,43.41,62.07,2.53,40.41,MODERATE
7941,43.68,47.08,56.62,50.18,100.0,56.69,ELEVATED
7942,30.84,55.29,43.87,39.72,19.26,38.38,MODERATE
7943,28.29,9.3,55.38,71.74,7.53,35.48,MODERATE
7944,17.2,13.5,49.79,22.56,7.83,22.65,LOW
7945,1.59,70.78,74.84,21.52,9.31,35.22,MODERATE
7946,22.26,81.78,46.47,69.35,1.31,45.28,MODERATE
7947,23.94,81.78,28.14,37.62,28.48,39.77,MODERATE
7948,14.02,38.81,45.17,43.38,7.55,30.11,MODERATE
7949,43.44,39.19,56.62,50.18,100.0,55.06,ELEVATED
7950,44.68,55.28,62.83,59.7,4.82,47.46,MODERATE
7951,23.34,45.61,55.38,71.74,7.53,41.51,MODERATE
7952,23.68,45.61,63.25,50.14,3.97,38.32,MODERATE
7953,15.6,9.17,49.79,22.56,7.83,21.38,LOW
7954,100.0,13.5,61.34,75.53,1.78,55.34,ELEVATED
7955,18.28,81.78,46.47,69.35,1.31,44.29,MODERATE
7956,4.79,81.03,64.25,82.95,6.21,47.78,MODERATE
7957,34.42,9.3,74.34,80.87,5.45,42.33,MODERATE
7958,11.8,9.3,64.55,94.57,7.93,37.82,MODERATE
7959,11.17,30.65,67.74,76.58,5.54,38.62,MODERATE
7960,17.91,44.42,43.21,37.75,6.15,30.48,MODERATE
7961,48.5,45.61,63.25,50.14,3.97,44.52,MODERATE
7962,51.91,27.6,34.49,52.59,6.05,36.82,MODERATE
7963,32.28,49.18,43.87,39.72,19.26,37.51,MODERATE
7964,16.91,33.91,49.79,22.56,7.83,26.66,LOW
7965,3.13,30.5,43.72,62.22,4.4,28.73,LOW
7966,6.72,28.79,50.05,54.59,6.49,29.34,LOW
7967,83.84,22.06,55.16,54.74,3.55,47.89,MODERATE
7968,23.68,49.18,55.38,71.74,7.53,42.31,MODERATE
7969,41.89,28.79,62.83,59.7,4.82,41.46,MODERATE
7970,53.74,39.19,42.71,43.66,6.29,39.49,MODERATE
7971,16.92,67.71,62.96,56.72,14.21,43.84,MODERATE
7972,51.81,49.18,47.71,75.92,5.14,48.29,MODERATE
7973,27.06,9.3,74.34,80.87,5.45,40.49,MODERATE
7974,17.52,9.3,62.23,24.09,4.71,24.21,LOW
7975,6.38,13.5,61.69,65.14,8.5,30.94,MODERATE
7976,25.68,55.29,55.74,73.6,6.83,44.37,MODERATE
7977,14.64,52.85,23.77,18.02,4.26,23.23,LOW
7978,18.14,28.79,48.0,31.83,2.74,26.67,LOW
7979,4.98,39.19,28.14,37.62,28.48,26.51,LOW
7980,6.65,50.43,49.08,53.12,1.49,32.41,MODERATE
7981,9.25,39.87,35.93,38.19,7.67,26.26,LOW
7982,76.83,45.61,46.74,32.43,8.08,45.38,MODERATE
7983,19.46,27.8,53.94,66.16,1.04,34.6,MODERATE
7984,39.8,77.67,38.77,75.74,3.32,48.89,MODERATE
7985,100.0,31.05,41.04,21.17,0.05,43.66,MODERATE
7986,28.48,33.91,34.49,52.59,6.05,32.23,MODERATE
7987,2.68,50.43,64.55,94.57,7.93,43.77,MODERATE
7988,11.52,30.65,45.96,28.05,13.05,25.77,LOW
7989,1.87,50.43,27.39,79.52,5.52,32.77,MODERATE
7990,7.05,27.8,50.05,54.59,6.49,29.22,LOW
7991,6.07,31.05,34.3,19.13,10.61,20.0,LOW
7992,2.57,55.28,62.83,59.7,4.82,36.93,MODERATE
7993,16.2,30.5,47.75,23.78,2.21,24.79,LOW
7994,66.42,55.28,49.86,55.73,6.34,49.73,MODERATE
7995,48.9,70.78,63.25,50.14,3.97,49.66,MODERATE
7996,32.21,50.43,37.2,33.49,4.35,32.93,MODERATE
7997,26.61,46.27,53.94,66.16,1.04,40.08,MODERATE
7998,10.8,28.79,40.22,58.67,10.3,29.78,LOW
7999,33.9,39.87,27.73,28.53,9.45,29.12,LOW
8000,6.01,33.91,49.79,22.56,7.83,23.93,LOW
