locality_id,month,average_price_sqft,median_price_sqft,demand_index,supply_index,units_sold,available_inventory,absorption_rate,average_days_on_market
1,2020-01,9553.0,9051.0,67.1,53.8,77,85,0.906,100
1,2020-02,9512.8,8978.2,68.3,52.9,80,114,0.702,85
1,2020-03,9641.9,9574.8,70.7,52.0,90,120,0.75,78
1,2020-04,9732.5,9183.9,70.7,52.0,96,96,1.0,90
1,2020-05,9827.9,9661.2,71.9,52.5,61,50,1.22,92
1,2020-06,9893.2,9800.0,68.7,52.0,88,92,0.957,83
1,2020-07,10032.7,10213.4,71.4,53.4,103,97,1.062,87
1,2020-08,10044.0,9603.3,73.2,55.4,96,46,2.087,73
1,2020-09,10064.8,9611.9,71.3,55.2,80,90,0.889,84
1,2020-10,10062.6,9907.3,70.5,53.2,87,95,0.916,95
1,2020-11,10056.6,10234.8,73.1,50.4,86,34,2.529,78
1,2020-12,10137.5,9949.9,71.2,49.8,82,139,0.59,92
1,2021-01,10210.6,9968.6,72.4,50.1,75,87,0.862,81
1,2021-02,10227.1,10429.4,72.8,50.9,90,20,4.5,86
1,2021-03,10269.6,9697.3,74.5,52.3,124,69,1.797,70
1,2021-04,10338.3,9842.8,75.0,52.2,80,122,0.656,100
1,2021-05,10477.5,9923.7,74.3,53.3,107,28,3.821,73
1,2021-06,10538.3,10659.3,73.3,53.9,94,32,2.938,87
1,2021-07,10514.8,10174.9,73.8,55.0,84,95,0.884,86
1,2021-08,10489.7,10115.9,71.5,55.1,89,56,1.589,80
1,2021-09,10525.8,10162.6,70.7,56.2,75,109,0.688,82
1,2021-10,10535.6,10667.0,71.7,58.8,110,49,2.245,93
1,2021-11,10567.1,10165.2,72.2,60.9,91,80,1.137,83
1,2021-12,10600.6,10044.6,71.2,61.9,92,20,4.6,101
1,2022-01,10634.4,10505.4,74.5,61.1,99,31,3.194,88
1,2022-02,10649.6,10512.0,71.1,61.0,69,66,1.045,92
1,2022-03,10618.5,10160.4,68.0,62.2,71,43,1.651,99
1,2022-04,10681.6,10045.1,66.9,63.2,95,20,4.75,110
1,2022-05,10658.9,10185.8,67.7,61.4,75,78,0.962,86
1,2022-06,10692.0,10750.7,67.4,59.5,93,87,1.069,97
1,2022-07,10729.4,10358.7,66.8,60.5,84,57,1.474,95
1,2022-08,10722.9,10694.3,69.1,60.5,82,135,0.607,88
1,2022-09,10669.8,10463.5,68.5,62.3,60,78,0.769,99
1,2022-10,10691.2,10213.9,66.6,62.3,67,58,1.155,99
1,2022-11,10637.3,10017.7,67.9,63.5,70,67,1.045,104
1,2022-12,10684.6,10268.0,68.5,63.6,78,71,1.099,92
1,2023-01,10724.2,10217.0,68.0,61.7,103,90,1.144,100
1,2023-02,10758.2,10866.5,68.6,60.7,86,34,2.529,96
1,2023-03,10812.5,10190.6,69.7,62.1,82,29,2.828,101
1,2023-04,10865.5,10957.4,71.5,60.8,81,102,0.794,103
1,2023-05,10918.8,10583.6,71.6,60.4,90,92,0.978,105
1,2023-06,10916.2,10959.7,70.0,61.3,83,89,0.933,90
1,2023-07,10924.3,10296.2,67.6,61.6,98,113,0.867,103
1,2023-08,10907.2,10341.3,67.1,62.4,81,72,1.125,102
1,2023-09,10984.2,10356.1,69.6,64.4,60,81,0.741,94
1,2023-10,11060.9,11014.2,69.5,64.6,69,56,1.232,77
1,2023-11,11003.4,10700.1,68.9,65.6,70,23,3.043,98
1,2023-12,10956.4,11152.8,71.2,67.0,78,94,0.83,91
1,2024-01,10969.6,10935.8,74.2,67.9,82,34,2.412,85
1,2024-02,10967.9,10668.8,74.5,67.0,88,50,1.76,93
1,2024-03,11013.0,10994.8,73.1,67.5,89,82,1.085,95
1,2024-04,11047.6,10429.9,72.2,65.2,87,77,1.13,98
1,2024-05,11104.5,10863.8,73.5,66.4,97,149,0.651,100
1,2024-06,11134.9,11147.4,76.3,65.5,110,80,1.375,120
1,2024-07,11133.5,11170.5,76.0,66.0,103,49,2.102,98
1,2024-08,11125.4,10959.4,75.3,67.3,92,64,1.438,107
1,2024-09,11266.7,10641.4,76.1,66.6,87,45,1.933,90
1,2024-10,11332.4,11552.0,77.2,67.3,82,20,4.1,80
1,2024-11,11339.0,10857.2,77.4,68.5,87,97,0.897,91
1,2024-12,11347.1,11356.6,76.5,69.4,75,141,0.532,84
1,2025-01,11367.7,11104.7,77.2,69.9,80,51,1.569,96
1,2025-02,11351.1,11482.6,77.1,71.1,96,77,1.247,92
1,2025-03,11380.9,10774.0,75.6,70.4,89,20,4.45,84
1,2025-04,11381.6,10960.4,76.8,71.6,93,60,1.55,94
1,2025-05,11433.0,11313.7,75.5,72.2,90,20,4.5,101
1,2025-06,11456.7,11410.5,76.4,71.2,105,74,1.419,91
1,2025-07,11425.6,11002.7,77.0,73.2,87,86,1.012,92
1,2025-08,11475.2,11674.7,77.9,74.6,83,58,1.431,92
1,2025-09,11524.0,11273.1,79.3,74.0,86,99,0.869,88
1,2025-10,11546.7,11300.9,78.4,71.4,96,63,1.524,104
1,2025-11,11581.4,11594.3,76.4,68.8,95,53,1.792,94
1,2025-12,11535.0,11633.1,75.7,68.7,77,54,1.426,94
2,2020-01,10189.8,9854.2,84.2,51.8,118,20,5.9,68
2,2020-02,10308.2,9751.6,85.0,54.3,99,29,3.414,95
2,2020-03,10369.5,10522.0,84.0,56.3,102,20,5.1,60
2,2020-04,10358.7,9778.3,82.6,55.0,97,29,3.345,78
2,2020-05,10398.3,9888.4,82.9,55.9,105,75,1.4,93
2,2020-06,10543.5,10177.1,83.6,57.7,101,41,2.463,95
2,2020-07,10587.5,10478.5,83.8,57.7,112,36,3.111,74
2,2020-08,10700.7,10320.9,82.9,58.0,78,69,1.13,90
2,2020-09,10795.8,10948.3,84.8,58.1,98,32,3.062,69
2,2020-10,10895.6,10756.6,86.7,56.3,112,82,1.366,75
2,2020-11,10926.6,11138.9,87.7,53.8,124,20,6.2,66
2,2020-12,11123.2,11110.7,90.2,53.9,116,20,5.8,81
2,2021-01,11229.8,11195.5,88.9,53.4,116,20,5.8,73
2,2021-02,11401.9,10998.2,92.2,51.9,96,22,4.364,62
2,2021-03,11477.2,11529.3,92.6,51.6,132,20,6.6,88
2,2021-04,11598.5,11391.4,92.2,49.8,111,94,1.181,49
2,2021-05,11687.3,11119.9,92.4,49.0,108,77,1.403,50
2,2021-06,11790.3,11349.3,93.3,48.0,94,37,2.541,74
2,2021-07,11968.7,11487.9,90.6,48.0,114,68,1.676,75
2,2021-08,12151.2,11775.5,90.2,48.3,98,73,1.342,86
2,2021-09,12205.9,12299.5,89.5,50.9,117,20,5.85,68
2,2021-10,12364.3,12251.4,91.7,52.2,120,20,6.0,71
2,2021-11,12483.5,11754.9,93.7,53.1,120,26,4.615,79
2,2021-12,12675.4,12835.8,92.7,51.2,114,20,5.7,62
2,2022-01,12815.3,12896.1,90.0,50.7,108,20,5.4,44
2,2022-02,12946.7,13081.2,92.7,50.2,118,80,1.475,66
2,2022-03,13138.3,12571.3,92.3,50.4,89,20,4.45,70
2,2022-04,13232.1,12801.9,89.0,50.6,126,20,6.3,49
2,2022-05,13427.6,13268.8,89.0,48.6,112,55,2.036,60
2,2022-06,13648.0,12960.1,91.6,50.4,97,20,4.85,64
2,2022-07,13853.4,13501.5,95.1,51.9,107,20,5.35,57
2,2022-08,14012.0,14200.2,95.4,51.0,115,20,5.75,57
2,2022-09,14235.3,14107.4,96.1,50.6,149,99,1.505,64
2,2022-10,14445.6,14724.0,94.6,47.7,133,20,6.65,66
2,2022-11,14599.1,13996.9,96.7,47.5,120,20,6.0,87
2,2022-12,14820.5,14483.3,96.6,50.1,117,20,5.85,55
2,2023-01,15111.7,14234.2,98.1,50.3,111,20,5.55,56
2,2023-02,15363.8,14649.8,99.0,48.5,113,20,5.65,67
2,2023-03,15610.5,14920.5,99.0,48.2,133,27,4.926,53
2,2023-04,15793.3,16026.4,99.0,47.9,113,20,5.65,62
2,2023-05,16024.1,16205.9,98.8,47.9,101,20,5.05,58
2,2023-06,16347.3,16210.9,99.0,49.3,145,20,7.25,58
2,2023-07,16588.5,16430.3,99.0,48.9,113,73,1.548,67
2,2023-08,16818.1,16820.7,98.9,48.1,111,25,4.44,62
2,2023-09,17225.3,16631.3,98.7,46.8,120,20,6.0,51
2,2023-10,17439.8,16971.1,99.0,46.1,117,20,5.85,62
2,2023-11,17723.1,17803.8,99.0,44.6,118,21,5.619,51
2,2023-12,18122.6,17882.0,99.0,44.7,107,20,5.35,61
2,2024-01,18232.9,18055.5,97.8,47.0,114,28,4.071,54
2,2024-02,18447.9,18200.5,98.3,47.5,122,25,4.88,64
2,2024-03,18814.8,17762.7,98.3,47.1,108,20,5.4,73
2,2024-04,19204.2,19201.9,99.0,45.2,137,27,5.074,50
2,2024-05,19459.3,19663.0,97.3,43.6,109,20,5.45,55
2,2024-06,19666.6,19009.5,97.0,43.1,116,20,5.8,60
2,2024-07,20037.4,19517.6,97.3,43.2,120,68,1.765,59
2,2024-08,20438.0,19890.7,96.9,42.7,120,20,6.0,62
2,2024-09,20945.1,20862.5,96.2,41.0,135,20,6.75,64
2,2024-10,21278.6,21452.3,97.5,41.3,116,33,3.515,64
2,2024-11,21848.7,21303.3,99.0,42.1,115,20,5.75,63
2,2024-12,22273.5,21485.2,97.8,40.1,114,57,2.0,52
2,2025-01,22853.7,22992.6,96.7,39.5,120,20,6.0,65
2,2025-02,23428.5,22449.0,98.1,40.2,124,20,6.2,72
2,2025-03,23949.2,23112.5,97.5,41.4,126,48,2.625,72
2,2025-04,24529.2,24822.1,97.7,43.4,126,20,6.3,59
2,2025-05,24914.0,24612.0,96.1,44.8,111,20,5.55,62
2,2025-06,25299.5,25430.0,96.1,46.9,112,20,5.6,78
2,2025-07,25867.3,24471.4,95.5,46.1,104,26,4.0,58
2,2025-08,26348.7,24777.4,94.7,46.0,110,32,3.438,74
2,2025-09,26874.8,26600.3,96.0,43.9,120,20,6.0,69
2,2025-10,27577.3,25981.2,95.9,43.0,115,20,5.75,75
2,2025-11,27997.0,26337.8,97.3,44.8,126,20,6.3,74
2,2025-12,28403.3,28720.9,97.0,44.1,122,76,1.605,69
3,2020-01,11108.0,11291.1,46.2,80.1,57,203,0.281,136
3,2020-02,11002.3,11093.0,45.6,80.1,48,130,0.369,127
3,2020-03,11035.2,10524.2,46.1,81.1,39,57,0.684,106
3,2020-04,10966.6,10905.0,48.7,80.9,64,124,0.516,126
3,2020-05,10889.4,10360.4,47.6,82.1,56,115,0.487,137
3,2020-06,10905.0,10817.0,48.7,79.3,40,110,0.364,114
3,2020-07,10859.7,10942.0,51.0,79.3,40,186,0.215,115
3,2020-08,10752.1,10407.3,46.9,77.4,44,77,0.571,119
3,2020-09,10643.4,10439.6,48.7,78.2,53,90,0.589,118
3,2020-10,10591.0,9987.9,49.4,77.9,60,143,0.42,121
3,2020-11,10517.0,10705.8,50.9,80.0,49,168,0.292,107
3,2020-12,10405.7,10469.4,52.5,80.8,54,135,0.4,127
3,2021-01,10352.5,10370.8,53.8,81.3,61,193,0.316,114
3,2021-02,10332.0,10312.0,53.4,81.7,48,90,0.533,116
3,2021-03,10248.4,10195.9,50.3,82.0,57,193,0.295,126
3,2021-04,10175.4,9753.9,51.3,81.9,57,108,0.528,136
3,2021-05,10095.8,10246.0,52.1,80.6,72,163,0.442,126
3,2021-06,10073.0,9838.1,53.0,80.7,62,159,0.39,112
3,2021-07,10005.5,10024.6,52.2,80.1,76,70,1.086,119
3,2021-08,10018.3,10079.1,53.0,78.9,57,106,0.538,136
3,2021-09,9938.0,9507.1,54.1,80.4,62,140,0.443,107
3,2021-10,9933.0,9739.2,56.4,79.9,59,58,1.017,92
3,2021-11,9944.3,9402.8,55.9,79.6,68,105,0.648,113
3,2021-12,9923.9,9648.4,57.7,78.7,73,162,0.451,113
3,2022-01,9851.1,9261.6,55.1,78.4,57,228,0.25,108
3,2022-02,9814.0,9939.4,54.7,78.9,62,115,0.539,113
3,2022-03,9810.7,9830.6,54.9,78.5,66,198,0.333,127
3,2022-04,9777.5,9249.8,56.8,78.7,76,188,0.404,107
3,2022-05,9669.5,9227.2,55.7,79.0,82,118,0.695,109
3,2022-06,9635.3,9420.8,56.8,79.9,63,178,0.354,102
3,2022-07,9614.2,9494.8,58.2,82.5,65,122,0.533,103
3,2022-08,9531.8,9527.6,59.8,83.7,80,39,2.051,118
3,2022-09,9505.8,9658.4,60.3,85.6,78,117,0.667,110
3,2022-10,9550.2,9441.9,61.0,83.9,66,144,0.458,119
3,2022-11,9527.0,9216.8,60.9,83.5,67,136,0.493,106
3,2022-12,9486.9,9631.0,61.8,84.5,64,153,0.418,92
3,2023-01,9452.4,9364.4,61.0,84.3,82,76,1.079,103
3,2023-02,9424.1,9350.7,62.4,83.8,82,103,0.796,114
3,2023-03,9425.3,9175.3,63.7,83.3,87,60,1.45,99
3,2023-04,9425.6,9590.3,63.8,86.4,65,67,0.97,133
3,2023-05,9384.0,8988.6,62.6,87.3,75,124,0.605,106
3,2023-06,9414.1,9199.7,63.0,88.2,87,157,0.554,120
3,2023-07,9423.4,8997.6,62.2,87.0,90,134,0.672,129
3,2023-08,9390.9,8987.5,64.3,84.9,89,86,1.035,115
3,2023-09,9338.9,8987.3,65.0,85.4,83,173,0.48,121
3,2023-10,9311.8,9176.9,64.9,86.1,73,86,0.849,107
3,2023-11,9204.1,9152.2,64.1,86.9,105,45,2.333,109
3,2023-12,9191.0,9319.6,67.1,88.7,99,111,0.892,102
3,2024-01,9169.7,9041.9,68.0,88.1,78,109,0.716,92
3,2024-02,9159.4,9267.8,69.3,88.8,94,93,1.011,94
3,2024-03,9092.1,9067.9,69.2,91.5,75,101,0.743,97
3,2024-04,9083.8,8734.1,67.3,90.5,70,79,0.886,113
3,2024-05,9069.9,8995.8,68.5,90.1,79,92,0.859,94
3,2024-06,9010.6,8597.6,71.6,90.3,71,92,0.772,94
3,2024-07,8976.2,8895.4,72.0,90.9,74,142,0.521,96
3,2024-08,8956.4,9077.4,73.0,92.0,96,70,1.371,120
3,2024-09,8946.2,8936.9,71.6,90.0,79,98,0.806,115
3,2024-10,8895.8,9073.0,71.5,90.1,94,55,1.709,92
3,2024-11,8883.3,8961.4,70.8,88.4,83,83,1.0,116
3,2024-12,8860.8,8523.5,71.5,89.4,82,105,0.781,98
3,2025-01,8837.3,8367.4,71.8,89.4,85,93,0.914,103
3,2025-02,8849.0,8353.5,69.0,89.4,86,20,4.3,99
3,2025-03,8890.9,8423.2,69.3,89.2,69,124,0.556,106
3,2025-04,8859.4,8835.9,67.3,86.7,86,133,0.647,108
3,2025-05,8813.3,8558.8,65.1,86.7,68,103,0.66,113
3,2025-06,8741.6,8248.3,63.1,85.3,77,48,1.604,123
3,2025-07,8698.9,8236.0,65.1,85.2,77,79,0.975,105
3,2025-08,8699.0,8537.2,65.3,86.1,71,88,0.807,108
3,2025-09,8651.6,8623.7,62.4,86.2,89,165,0.539,117
3,2025-10,8595.5,8719.5,63.0,87.4,68,106,0.642,101
3,2025-11,8559.7,8370.3,65.7,86.9,85,120,0.708,101
3,2025-12,8547.1,8575.9,68.1,87.5,88,73,1.205,95
4,2020-01,9342.4,8880.3,55.3,64.3,67,154,0.435,105
4,2020-02,9290.9,8851.2,54.5,65.0,64,196,0.327,133
4,2020-03,9306.1,9458.9,56.1,65.3,63,121,0.521,116
4,2020-04,9246.9,9173.8,55.2,64.3,72,167,0.431,115
4,2020-05,9224.9,8748.0,54.4,63.3,65,175,0.371,107
4,2020-06,9193.8,8811.6,53.1,62.2,71,116,0.612,115
4,2020-07,9191.7,9347.1,51.5,63.9,59,174,0.339,98
4,2020-08,9211.9,8768.2,51.5,64.6,49,119,0.412,112
4,2020-09,9208.6,8990.6,54.5,65.6,54,104,0.519,99
4,2020-10,9175.3,9118.0,52.7,64.1,67,162,0.414,110
4,2020-11,9206.9,9006.3,54.3,64.7,68,211,0.322,111
4,2020-12,9226.4,8890.8,54.5,65.1,59,123,0.48,106
4,2021-01,9252.2,9340.1,55.8,66.0,58,147,0.395,108
4,2021-02,9219.7,8792.0,53.5,64.7,48,109,0.44,121
4,2021-03,9176.7,9261.2,56.6,65.2,53,164,0.323,97
4,2021-04,9073.4,8963.1,54.9,64.8,72,126,0.571,122
4,2021-05,9079.5,8624.0,54.3,64.5,70,116,0.603,123
4,2021-06,9047.0,8615.7,57.9,63.9,77,168,0.458,96
4,2021-07,9014.6,9013.8,58.4,64.7,74,134,0.552,92
4,2021-08,8961.0,8850.9,59.9,67.0,80,132,0.606,117
4,2021-09,8930.3,8991.2,62.1,66.6,58,103,0.563,104
4,2021-10,8950.1,9041.0,60.5,68.3,76,102,0.745,102
4,2021-11,8898.0,8784.2,60.1,67.8,64,138,0.464,107
4,2021-12,8852.0,8649.9,58.7,67.6,61,174,0.351,102
4,2022-01,8855.2,8590.1,58.6,67.8,69,118,0.585,115
4,2022-02,8813.6,8403.8,60.1,67.8,63,168,0.375,99
4,2022-03,8813.7,8718.9,62.1,67.4,80,96,0.833,91
4,2022-04,8878.0,8755.8,62.5,69.0,64,43,1.488,104
4,2022-05,8846.2,9022.1,62.8,69.9,89,110,0.809,98
4,2022-06,8806.8,8459.6,61.4,69.3,82,164,0.5,107
4,2022-07,8758.5,8694.2,60.2,67.3,89,118,0.754,99
4,2022-08,8749.9,8794.4,58.7,68.1,76,142,0.535,101
4,2022-09,8784.1,8724.2,60.2,66.2,61,146,0.418,109
4,2022-10,8748.2,8691.6,60.1,65.9,85,156,0.545,88
4,2022-11,8773.4,8557.9,60.4,65.0,59,106,0.557,97
4,2022-12,8786.6,8535.8,60.5,65.3,55,120,0.458,119
4,2023-01,8764.0,8865.5,60.3,66.1,81,175,0.463,104
4,2023-02,8762.0,8310.8,59.3,66.7,72,57,1.263,108
4,2023-03,8741.7,8242.8,55.6,68.1,65,82,0.793,105
4,2023-04,8737.7,8404.4,56.0,67.7,53,173,0.306,111
4,2023-05,8769.1,8292.5,56.3,67.1,69,116,0.595,114
4,2023-06,8733.4,8333.5,54.4,66.6,55,110,0.5,103
4,2023-07,8650.1,8548.6,54.0,66.0,56,114,0.491,95
4,2023-08,8573.5,8379.3,56.2,64.2,77,116,0.664,121
4,2023-09,8568.9,8189.7,53.9,62.6,66,99,0.667,94
4,2023-10,8552.7,8464.0,54.0,64.4,58,165,0.352,107
4,2023-11,8502.0,8069.8,56.8,64.1,68,87,0.782,107
4,2023-12,8503.4,8628.7,53.7,63.7,53,148,0.358,111
4,2024-01,8534.5,8198.2,56.3,63.9,60,84,0.714,114
4,2024-02,8572.1,8595.7,56.0,64.6,61,101,0.604,99
4,2024-03,8486.4,8334.6,55.3,65.0,52,140,0.371,103
4,2024-04,8422.0,8120.4,54.8,65.1,67,133,0.504,108
4,2024-05,8368.7,8332.4,55.3,67.6,71,117,0.607,118
4,2024-06,8338.1,8049.2,56.1,66.6,57,157,0.363,106
4,2024-07,8323.2,8397.4,55.8,66.6,48,130,0.369,101
4,2024-08,8229.9,8226.5,54.8,65.4,60,141,0.426,105
4,2024-09,8191.9,8280.2,55.0,66.0,72,123,0.585,100
4,2024-10,8166.9,7727.0,56.2,66.1,77,81,0.951,122
4,2024-11,8157.1,8155.2,55.3,66.7,59,163,0.362,114
4,2024-12,8192.6,8037.8,57.0,66.3,61,151,0.404,107
4,2025-01,8227.8,8376.9,56.2,67.5,69,135,0.511,118
4,2025-02,8188.1,8301.5,53.5,65.2,70,177,0.395,109
4,2025-03,8191.3,7956.8,53.2,67.8,90,125,0.72,101
4,2025-04,8158.2,8188.8,52.6,68.1,58,118,0.492,109
4,2025-05,8210.2,8084.0,53.1,66.7,61,180,0.339,114
4,2025-06,8168.3,7922.5,50.9,67.0,51,134,0.381,114
4,2025-07,8074.5,7950.8,50.0,66.5,54,168,0.321,108
4,2025-08,8051.5,7868.0,51.0,68.3,56,139,0.403,107
4,2025-09,8023.0,7873.9,50.5,66.6,71,121,0.587,111
4,2025-10,7978.8,7857.3,51.3,64.7,66,212,0.311,119
4,2025-11,7995.2,7910.9,51.9,64.7,59,198,0.298,97
4,2025-12,7986.0,7649.7,52.8,65.3,72,163,0.442,117
5,2020-01,10333.3,9900.9,78.3,50.5,104,45,2.311,97
5,2020-02,10451.7,10428.3,78.6,49.6,91,73,1.247,77
5,2020-03,10586.3,9986.7,78.8,50.4,83,66,1.258,88
5,2020-04,10707.6,10283.0,77.7,51.9,89,99,0.899,81
5,2020-05,10791.7,10569.5,76.8,52.4,87,77,1.13,91
5,2020-06,10887.3,10539.8,75.8,51.8,86,104,0.827,75
5,2020-07,10958.5,10478.7,76.1,52.1,82,44,1.864,80
5,2020-08,11094.3,11019.9,77.0,53.6,90,77,1.169,89
5,2020-09,11168.0,11299.2,76.9,55.5,106,113,0.938,96
5,2020-10,11257.4,10818.5,77.5,57.3,75,56,1.339,97
5,2020-11,11379.3,11359.0,78.6,59.1,95,72,1.319,89
5,2020-12,11371.3,11409.0,80.8,59.6,106,76,1.395,80
5,2021-01,11306.6,10957.6,79.7,58.8,110,91,1.209,92
5,2021-02,11313.9,11087.3,79.3,59.9,96,20,4.8,95
5,2021-03,11294.4,11089.2,78.9,58.5,125,79,1.582,74
5,2021-04,11295.2,10892.0,80.1,57.9,82,85,0.965,81
5,2021-05,11396.8,11271.6,81.2,57.7,95,20,4.75,83
5,2021-06,11407.2,11291.3,78.3,59.2,102,45,2.267,87
5,2021-07,11491.1,11424.4,76.9,59.5,93,113,0.823,93
5,2021-08,11510.9,10907.5,77.6,62.5,81,58,1.397,84
5,2021-09,11591.0,11636.6,80.1,63.7,95,21,4.524,71
5,2021-10,11675.7,11200.1,80.3,66.7,83,30,2.767,90
5,2021-11,11615.1,11239.5,82.8,68.6,118,126,0.937,90
5,2021-12,11676.0,11784.3,81.3,70.8,93,43,2.163,106
5,2022-01,11691.6,11511.7,83.0,70.2,97,20,4.85,97
5,2022-02,11743.5,11238.6,84.2,71.5,95,42,2.262,89
5,2022-03,11805.8,11911.7,84.3,71.0,96,36,2.667,76
5,2022-04,11755.2,11119.5,85.2,71.3,97,90,1.078,93
5,2022-05,11806.0,11676.0,84.9,72.5,93,103,0.903,98
5,2022-06,11837.1,11281.2,86.6,73.3,83,23,3.609,101
5,2022-07,11772.6,11154.9,86.9,74.5,101,83,1.217,77
5,2022-08,11752.0,11145.8,87.3,75.3,108,26,4.154,84
5,2022-09,11759.2,11434.4,88.3,76.9,114,20,5.7,101
5,2022-10,11848.5,11176.8,87.5,78.2,96,36,2.667,88
5,2022-11,11868.6,11650.0,88.3,77.9,122,36,3.389,79
5,2022-12,11927.0,11317.1,86.7,79.3,99,61,1.623,80
5,2023-01,11973.8,11760.6,86.0,76.5,96,102,0.941,102
5,2023-02,11992.2,11770.9,86.6,75.2,94,45,2.089,87
5,2023-03,12096.0,11811.6,85.4,74.9,109,52,2.096,88
5,2023-04,12201.8,12256.1,85.7,71.9,92,45,2.044,72
5,2023-05,12178.1,12160.2,87.5,69.5,97,78,1.244,80
5,2023-06,12214.1,11644.5,88.8,69.7,115,20,5.75,79
5,2023-07,12295.2,12048.6,89.6,68.9,109,74,1.473,66
5,2023-08,12386.8,12467.7,89.9,69.0,104,46,2.261,76
5,2023-09,12516.7,12638.8,91.3,68.9,91,122,0.746,68
5,2023-10,12524.3,12390.8,90.9,69.4,120,73,1.644,89
5,2023-11,12583.9,11989.1,91.4,68.9,109,42,2.595,80
5,2023-12,12683.0,12182.8,92.8,68.7,109,20,5.45,70
5,2024-01,12669.4,12050.0,94.3,69.6,114,33,3.455,88
5,2024-02,12718.3,12309.6,92.4,70.8,114,20,5.7,89
5,2024-03,12877.6,12208.8,92.4,71.8,110,20,5.5,77
5,2024-04,12867.7,12163.8,91.3,71.1,99,39,2.538,67
5,2024-05,12962.6,12289.1,92.3,71.7,121,20,6.05,90
5,2024-06,13030.7,12993.7,91.6,72.7,109,20,5.45,64
5,2024-07,13046.6,12557.0,94.0,71.9,133,21,6.333,76
5,2024-08,13101.1,12411.1,93.1,72.5,121,20,6.05,65
5,2024-09,13210.9,12661.5,91.8,71.3,100,81,1.235,75
5,2024-10,13247.4,12579.2,93.1,70.1,122,139,0.878,83
5,2024-11,13185.7,13193.9,93.5,70.1,114,50,2.28,74
5,2024-12,13276.7,12852.8,93.7,72.3,101,20,5.05,70
5,2025-01,13274.6,13381.3,96.8,71.8,119,20,5.95,83
5,2025-02,13294.2,12967.4,96.6,73.9,109,55,1.982,87
5,2025-03,13389.7,12896.4,95.3,72.4,100,38,2.632,71
5,2025-04,13408.4,13168.3,96.4,70.2,113,20,5.65,60
5,2025-05,13601.6,13443.4,96.8,70.6,114,20,5.7,66
5,2025-06,13570.1,13064.3,96.8,69.9,115,20,5.75,79
5,2025-07,13625.3,13845.5,97.4,71.6,133,23,5.783,84
5,2025-08,13725.6,13128.1,99.0,70.9,102,20,5.1,86
5,2025-09,13904.9,14042.0,97.7,72.9,123,20,6.15,96
5,2025-10,14008.3,13553.2,99.0,73.2,121,91,1.33,84
5,2025-11,14047.3,13837.2,99.0,69.0,137,20,6.85,92
5,2025-12,14088.0,13813.1,98.4,68.3,121,20,6.05,75
6,2020-01,9657.4,9329.0,70.9,39.9,83,21,3.952,87
6,2020-02,9824.7,9854.9,71.8,39.6,91,38,2.395,91
6,2020-03,9938.1,9539.4,72.4,39.3,76,83,0.916,78
6,2020-04,10166.9,10038.8,70.5,39.2,69,77,0.896,77
6,2020-05,10289.7,10356.9,69.3,41.0,94,51,1.843,105
6,2020-06,10437.2,10096.8,68.9,39.1,99,100,0.99,78
6,2020-07,10575.2,10701.0,70.6,39.6,95,134,0.709,102
6,2020-08,10672.1,10355.8,70.1,39.2,96,65,1.477,75
6,2020-09,10805.7,10533.0,68.1,38.3,88,94,0.936,76
6,2020-10,10922.3,10957.0,69.7,40.2,76,129,0.589,67
6,2020-11,11008.5,10808.8,72.1,38.8,55,85,0.647,67
6,2020-12,11094.8,11085.7,74.1,39.2,99,20,4.95,96
6,2021-01,11211.6,11113.3,73.6,40.5,64,88,0.727,79
6,2021-02,11413.8,10845.7,75.0,40.4,72,55,1.309,60
6,2021-03,11547.9,11736.7,74.7,41.5,103,73,1.411,77
6,2021-04,11629.8,11316.1,72.8,40.5,89,20,4.45,95
6,2021-05,11740.4,11830.4,73.2,41.3,78,97,0.804,68
6,2021-06,11902.0,11961.8,77.0,42.9,96,67,1.433,84
6,2021-07,12014.0,11905.0,79.1,40.7,100,112,0.893,84
6,2021-08,12220.3,11819.1,80.4,41.3,111,76,1.461,39
6,2021-09,12436.9,12553.8,80.0,40.7,87,31,2.806,65
6,2021-10,12645.3,12698.9,81.2,41.9,99,33,3.0,75
6,2021-11,12816.4,12429.1,80.2,41.4,99,85,1.165,75
6,2021-12,12997.3,13151.5,80.4,41.0,91,44,2.068,70
6,2022-01,13234.2,12492.0,82.5,40.8,104,58,1.793,75
6,2022-02,13278.4,12773.1,82.6,41.5,110,58,1.897,71
6,2022-03,13563.0,13366.3,80.8,43.1,91,77,1.182,71
6,2022-04,13666.7,13667.9,82.7,43.0,104,20,5.2,76
6,2022-05,13859.3,13537.2,82.2,43.1,101,87,1.161,80
6,2022-06,14050.7,14305.6,84.5,43.6,77,69,1.116,55
6,2022-07,14199.0,13551.2,84.0,44.1,89,41,2.171,91
6,2022-08,14388.9,13592.9,86.7,45.2,101,41,2.463,85
6,2022-09,14573.8,14539.6,87.7,47.3,110,56,1.964,75
6,2022-10,14766.2,14386.6,87.1,47.9,96,54,1.778,69
6,2022-11,15037.5,15020.6,85.0,49.1,102,48,2.125,69
6,2022-12,15078.3,14941.6,83.7,47.6,96,52,1.846,80
6,2023-01,15265.0,14472.1,83.1,47.1,91,96,0.948,83
6,2023-02,15332.1,15361.1,81.3,47.5,101,69,1.464,82
6,2023-03,15422.3,15191.4,81.4,45.5,113,40,2.825,70
6,2023-04,15606.8,15112.1,81.2,46.2,98,20,4.9,85
6,2023-05,15818.8,15148.8,80.2,44.9,93,61,1.525,81
6,2023-06,15998.9,15412.0,82.2,43.8,87,113,0.77,70
6,2023-07,16196.2,15980.7,83.6,44.8,91,46,1.978,67
6,2023-08,16454.4,15495.5,84.1,43.9,92,36,2.556,83
6,2023-09,16687.4,16374.5,84.4,43.2,105,108,0.972,66
6,2023-10,16827.3,15917.0,83.6,44.4,92,27,3.407,90
6,2023-11,17069.6,16282.9,84.3,45.8,93,117,0.795,64
6,2023-12,17286.5,17631.6,86.9,47.9,100,20,5.0,82
6,2024-01,17443.0,17122.8,88.9,47.3,100,20,5.0,65
6,2024-02,17625.4,16951.1,89.3,47.1,102,37,2.757,77
6,2024-03,17905.0,17835.2,89.8,47.2,98,30,3.267,62
6,2024-04,18214.8,17941.1,90.1,48.7,111,49,2.265,70
6,2024-05,18470.0,17432.8,91.5,48.7,99,20,4.95,63
6,2024-06,18790.1,18418.7,93.7,48.7,90,30,3.0,53
6,2024-07,19181.5,18774.0,91.8,49.7,104,20,5.2,56
6,2024-08,19385.5,19640.0,91.3,49.1,111,36,3.083,89
6,2024-09,19648.9,19443.0,89.6,49.1,118,27,4.37,80
6,2024-10,19876.0,19065.9,90.8,47.7,97,20,4.85,74
6,2024-11,20148.5,20185.8,92.0,47.5,114,20,5.7,74
6,2024-12,20585.8,20802.3,93.6,46.1,106,24,4.417,72
6,2025-01,20920.8,19870.4,92.8,44.4,119,46,2.587,66
6,2025-02,21287.2,21226.7,92.2,45.0,116,36,3.222,49
6,2025-03,21458.2,21796.1,91.5,43.5,106,94,1.128,74
6,2025-04,21832.5,20759.0,93.2,45.9,108,113,0.956,67
6,2025-05,22145.5,21707.3,94.1,46.5,102,42,2.429,67
6,2025-06,22475.3,22343.9,93.3,46.0,113,48,2.354,46
6,2025-07,22810.1,22762.2,93.4,47.5,122,128,0.953,63
6,2025-08,23019.8,21672.4,93.1,48.5,96,40,2.4,85
6,2025-09,23356.0,23377.8,94.9,50.3,111,20,5.55,78
6,2025-10,23706.2,23967.8,93.2,50.3,113,92,1.228,58
6,2025-11,24083.2,23503.4,92.8,52.4,97,45,2.156,80
6,2025-12,24332.6,22936.0,92.6,52.4,116,20,5.8,74
7,2020-01,10335.2,9952.0,68.9,39.2,74,72,1.028,85
7,2020-02,10473.2,10641.6,70.0,40.6,88,200,0.44,79
7,2020-03,10628.7,10723.2,70.2,40.8,74,71,1.042,88
7,2020-04,10726.5,10715.1,70.0,41.3,81,49,1.653,72
7,2020-05,10973.5,11161.9,71.3,39.9,80,72,1.111,83
7,2020-06,11036.9,10571.2,69.2,40.9,79,44,1.795,76
7,2020-07,11184.4,11361.6,67.6,40.5,89,98,0.908,84
7,2020-08,11339.9,11121.3,65.7,40.7,81,39,2.077,92
7,2020-09,11386.9,10857.4,67.4,41.5,68,78,0.872,75
7,2020-10,11487.6,11212.8,66.7,42.0,77,20,3.85,101
7,2020-11,11723.3,11665.4,68.6,40.2,85,139,0.612,81
7,2020-12,11844.8,11213.5,66.8,40.2,73,29,2.517,74
7,2021-01,11893.3,11199.0,67.8,40.4,93,109,0.853,69
7,2021-02,12126.4,12362.7,68.4,39.5,114,121,0.942,95
7,2021-03,12437.3,12178.1,68.0,37.2,83,118,0.703,78
7,2021-04,12599.8,12423.5,68.4,38.7,82,62,1.323,86
7,2021-05,12664.4,12448.0,68.3,38.1,96,100,0.96,92
7,2021-06,12880.0,13131.5,69.5,39.4,89,127,0.701,75
7,2021-07,12980.4,13086.5,69.8,40.8,86,93,0.925,83
7,2021-08,13107.8,12669.8,70.8,40.5,70,101,0.693,81
7,2021-09,13243.5,13276.3,70.7,40.0,84,64,1.312,83
7,2021-10,13382.2,13111.7,68.0,39.7,91,87,1.046,89
7,2021-11,13515.7,13593.6,67.2,41.2,75,70,1.071,93
7,2021-12,13653.5,13532.4,68.4,40.0,68,60,1.133,72
7,2022-01,13890.3,13150.2,68.8,40.3,81,112,0.723,79
7,2022-02,14143.3,14423.8,70.5,40.5,94,55,1.709,102
7,2022-03,14371.3,14599.4,69.4,38.1,84,77,1.091,99
7,2022-04,14493.9,14463.6,71.1,39.3,77,104,0.74,91
7,2022-05,14744.8,14047.2,68.7,40.1,82,117,0.701,82
7,2022-06,14937.5,14215.4,68.6,42.2,75,134,0.56,98
7,2022-07,15122.0,15175.0,68.1,41.6,66,86,0.767,90
7,2022-08,15237.8,15158.2,67.4,42.4,83,177,0.469,102
7,2022-09,15469.2,15342.5,70.4,44.7,67,125,0.536,78
7,2022-10,15714.2,15585.6,72.6,45.2,91,23,3.957,76
7,2022-11,15834.8,15601.8,73.3,45.9,71,21,3.381,84
7,2022-12,16018.4,15263.7,72.9,46.1,103,101,1.02,83
7,2023-01,16187.1,16336.2,75.3,45.8,90,77,1.169,83
7,2023-02,16372.1,15613.5,75.8,46.0,84,97,0.866,68
7,2023-03,16529.0,15559.6,73.6,48.0,96,42,2.286,80
7,2023-04,16701.5,17003.6,74.6,48.7,101,79,1.278,76
7,2023-05,16892.5,15932.9,74.1,46.6,113,94,1.202,95
7,2023-06,16972.0,16308.9,73.2,45.7,96,106,0.906,69
7,2023-07,17009.9,16587.3,75.1,44.2,106,110,0.964,72
7,2023-08,17181.4,16442.3,74.8,43.6,85,21,4.048,99
7,2023-09,17309.6,16547.1,78.1,44.5,83,43,1.93,75
7,2023-10,17446.1,17002.5,73.6,46.5,83,36,2.306,82
7,2023-11,17645.9,17342.8,73.3,46.5,95,60,1.583,76
7,2023-12,17877.7,17860.7,73.6,44.0,78,74,1.054,86
7,2024-01,18085.0,17502.7,73.7,43.8,103,30,3.433,74
7,2024-02,18217.5,18010.3,75.3,44.2,81,58,1.397,83
7,2024-03,18511.9,18462.1,76.2,42.6,93,20,4.65,79
7,2024-04,18765.4,17755.9,76.6,42.7,108,59,1.831,90
7,2024-05,19003.4,18426.8,76.1,42.0,80,71,1.127,64
7,2024-06,19363.2,18662.3,77.7,43.7,106,116,0.914,66
7,2024-07,19621.6,19761.4,76.6,43.2,115,60,1.917,108
7,2024-08,19775.4,19940.2,78.1,41.7,98,38,2.579,79
7,2024-09,20004.9,19752.7,76.1,41.4,72,55,1.309,80
7,2024-10,20182.2,20218.1,79.6,41.8,96,66,1.455,85
7,2024-11,20434.8,19855.4,80.2,42.3,97,57,1.702,67
7,2024-12,20752.6,20677.4,81.5,43.6,113,75,1.507,58
7,2025-01,21110.6,20705.4,81.6,43.0,79,22,3.591,80
7,2025-02,21314.9,20319.2,81.1,42.4,90,112,0.804,89
7,2025-03,21536.2,20276.3,83.7,44.3,118,20,5.9,61
7,2025-04,21731.1,21290.0,82.9,42.1,97,50,1.94,64
7,2025-05,22046.8,20801.8,83.3,41.6,94,21,4.476,79
7,2025-06,22320.3,21130.5,81.6,43.2,105,20,5.25,74
7,2025-07,22647.8,21471.4,83.9,42.3,68,20,3.4,75
7,2025-08,22941.0,22990.9,86.3,44.3,103,20,5.15,80
7,2025-09,23202.2,23647.7,86.7,45.2,103,20,5.15,65
7,2025-10,23472.6,23652.3,86.8,44.7,119,49,2.429,73
7,2025-11,24035.8,22999.1,89.6,44.1,92,32,2.875,70
7,2025-12,24589.5,24879.1,92.0,44.4,100,30,3.333,72
8,2020-01,9736.0,9172.0,72.7,58.2,92,114,0.807,99
8,2020-02,9797.0,9769.0,72.5,55.9,84,105,0.8,92
8,2020-03,9809.0,9353.7,71.2,56.2,76,73,1.041,77
8,2020-04,9821.1,9324.2,72.8,55.9,90,84,1.071,100
8,2020-05,9863.9,9308.1,70.7,56.0,88,159,0.553,74
8,2020-06,9841.9,9779.2,74.0,60.5,102,96,1.062,93
8,2020-07,9844.2,9310.4,75.0,60.9,94,48,1.958,95
8,2020-08,9821.2,9918.1,74.0,59.7,77,33,2.333,103
8,2020-09,9808.5,9681.0,74.5,61.0,83,20,4.15,96
8,2020-10,9865.0,9902.5,76.6,59.4,88,40,2.2,93
8,2020-11,9891.5,9777.9,77.6,60.7,105,88,1.193,87
8,2020-12,9905.3,9743.0,77.2,62.2,85,128,0.664,85
8,2021-01,9905.4,9801.4,73.2,61.0,108,64,1.688,86
8,2021-02,9917.4,9511.8,76.4,60.5,90,112,0.804,81
8,2021-03,10006.4,10044.2,76.2,59.3,91,97,0.938,102
8,2021-04,10053.5,9638.5,76.5,59.6,100,77,1.299,104
8,2021-05,10136.5,9962.0,76.4,59.1,82,117,0.701,64
8,2021-06,10120.1,9915.2,77.6,59.1,89,47,1.894,83
8,2021-07,10270.1,10360.5,80.8,61.0,109,49,2.224,98
8,2021-08,10388.0,10133.9,81.5,60.8,92,81,1.136,87
8,2021-09,10462.9,9880.3,83.8,62.9,95,37,2.568,86
8,2021-10,10493.1,10695.2,87.7,60.7,119,20,5.95,92
8,2021-11,10585.1,9993.5,87.2,58.6,104,30,3.467,69
8,2021-12,10684.9,10313.7,88.5,57.2,119,20,5.95,79
8,2022-01,10773.2,10740.0,87.6,58.9,101,20,5.05,74
8,2022-02,10919.5,10493.8,88.8,58.9,90,30,3.0,66
8,2022-03,11043.5,11002.0,89.9,57.0,114,28,4.071,91
8,2022-04,11096.8,10988.6,91.0,57.7,113,53,2.132,80
8,2022-05,11238.9,10636.0,90.0,60.6,96,46,2.087,88
8,2022-06,11348.6,11000.6,87.8,61.8,100,20,5.0,73
8,2022-07,11487.5,11231.4,87.0,61.1,93,42,2.214,79
8,2022-08,11603.7,11525.6,89.9,60.9,115,89,1.292,71
8,2022-09,11717.6,11260.2,90.5,62.5,116,42,2.762,75
8,2022-10,11728.1,11938.6,91.8,62.8,121,28,4.321,92
8,2022-11,11801.5,11930.7,91.6,63.2,107,84,1.274,75
8,2022-12,11831.9,11177.9,91.1,63.7,93,63,1.476,94
8,2023-01,11979.1,11559.3,92.2,63.5,112,20,5.6,84
8,2023-02,12046.0,11952.4,91.9,64.3,95,83,1.145,97
8,2023-03,12110.9,11713.1,91.2,63.3,127,20,6.35,84
8,2023-04,12126.7,12115.6,91.0,62.8,106,20,5.3,77
8,2023-05,12156.3,11441.5,89.9,62.2,120,29,4.138,95
8,2023-06,12251.0,11825.8,89.4,63.8,99,36,2.75,85
8,2023-07,12326.3,12403.3,92.4,65.3,103,20,5.15,78
8,2023-08,12397.2,12009.9,92.9,65.5,103,69,1.493,83
8,2023-09,12539.0,12267.8,93.4,65.3,103,60,1.717,85
8,2023-10,12694.1,12937.6,93.9,65.6,108,41,2.634,66
8,2023-11,12803.5,12478.4,94.9,65.0,128,20,6.4,80
8,2023-12,12892.0,12844.8,95.0,65.2,105,33,3.182,68
8,2024-01,12875.9,12920.6,97.8,65.1,111,20,5.55,84
8,2024-02,12987.0,12780.2,96.8,63.4,119,20,5.95,72
8,2024-03,13143.7,13181.6,95.6,64.0,104,20,5.2,65
8,2024-04,13216.9,13376.9,95.4,64.3,111,20,5.55,78
8,2024-05,13399.9,13621.7,94.2,62.4,111,30,3.7,84
8,2024-06,13572.1,13669.1,93.0,61.8,108,20,5.4,67
8,2024-07,13804.5,13698.3,94.6,61.5,111,20,5.55,75
8,2024-08,13871.2,13701.1,92.4,62.6,107,43,2.488,97
8,2024-09,14001.4,13484.0,91.7,60.9,92,20,4.6,99
8,2024-10,14159.8,14377.8,93.6,63.5,96,20,4.8,72
8,2024-11,14322.3,13765.6,91.5,63.6,96,20,4.8,86
8,2024-12,14372.3,14319.9,89.9,63.2,125,26,4.808,74
8,2025-01,14479.1,14433.4,90.3,62.8,117,80,1.462,91
8,2025-02,14587.2,14418.1,89.9,64.6,128,20,6.4,79
8,2025-03,14718.4,14115.3,89.4,61.9,116,20,5.8,77
8,2025-04,14781.1,14944.6,90.9,62.5,104,38,2.737,100
8,2025-05,14834.6,14697.4,91.1,61.4,104,81,1.284,67
8,2025-06,15023.8,14639.6,94.4,62.2,122,20,6.1,59
8,2025-07,15102.1,14314.0,94.7,61.1,112,20,5.6,60
8,2025-08,15207.8,15476.6,94.5,61.6,105,46,2.283,85
8,2025-09,15301.7,15171.0,95.5,60.5,122,22,5.545,72
8,2025-10,15450.3,14959.0,95.7,59.7,121,20,6.05,74
8,2025-11,15638.8,15943.0,93.7,59.8,122,20,6.1,61
8,2025-12,15806.8,15565.0,96.2,59.5,120,20,6.0,57
9,2020-01,9743.9,9665.2,49.5,40.3,43,188,0.229,94
9,2020-02,9780.7,9873.7,49.5,39.6,42,152,0.276,95
9,2020-03,9829.9,9247.8,50.7,38.4,72,152,0.474,92
9,2020-04,9893.0,9906.6,51.3,38.4,47,95,0.495,79
9,2020-05,9943.8,10068.5,49.5,37.3,44,123,0.358,91
9,2020-06,10040.4,9511.7,49.4,37.6,60,263,0.228,106
9,2020-07,10173.3,9805.8,47.9,35.9,56,129,0.434,92
9,2020-08,10228.6,10052.9,48.5,36.6,58,174,0.333,100
9,2020-09,10239.3,10055.8,48.7,36.2,46,97,0.474,98
9,2020-10,10332.7,9932.8,47.7,36.7,72,146,0.493,100
9,2020-11,10319.9,10011.7,49.2,34.9,45,228,0.197,93
9,2020-12,10404.3,10606.0,49.7,34.0,66,116,0.569,84
9,2021-01,10461.9,10343.0,51.9,32.7,74,113,0.655,92
9,2021-02,10598.2,10635.0,51.4,32.5,46,96,0.479,95
9,2021-03,10704.1,10516.8,50.8,32.2,59,120,0.492,86
9,2021-04,10751.7,10338.6,50.4,32.7,54,176,0.307,103
9,2021-05,10836.8,10376.3,52.5,33.0,69,131,0.527,110
9,2021-06,10923.9,10629.9,53.7,34.8,78,104,0.75,76
9,2021-07,11049.6,10727.8,55.3,35.9,67,173,0.387,108
9,2021-08,11149.8,10718.0,55.1,37.6,57,182,0.313,98
9,2021-09,11158.6,10535.4,54.5,36.5,68,124,0.548,79
9,2021-10,11191.3,10659.9,52.6,37.9,69,150,0.46,103
9,2021-11,11305.9,10868.4,52.5,37.7,58,164,0.354,98
9,2021-12,11387.2,10868.0,51.9,38.3,62,216,0.287,99
9,2022-01,11524.8,11396.1,53.4,40.3,56,150,0.373,88
9,2022-02,11622.4,11051.6,56.1,40.0,82,143,0.573,91
9,2022-03,11712.6,11228.6,55.2,40.5,63,132,0.477,86
9,2022-04,11813.1,11318.8,54.5,41.9,74,159,0.465,102
9,2022-05,11798.9,11310.3,56.6,40.6,71,203,0.35,88
9,2022-06,11842.0,11775.6,57.5,40.7,69,148,0.466,99
9,2022-07,11975.8,12055.5,55.8,38.5,66,184,0.359,80
9,2022-08,12060.8,11486.9,55.1,37.6,79,94,0.84,72
9,2022-09,12178.7,12326.7,55.1,36.4,56,140,0.4,86
9,2022-10,12283.5,12433.4,56.0,38.0,71,223,0.318,111
9,2022-11,12364.1,11706.3,56.6,37.6,70,94,0.745,99
9,2022-12,12447.8,11773.1,54.1,38.8,56,91,0.615,91
9,2023-01,12595.6,12510.7,53.9,37.4,45,120,0.375,104
9,2023-02,12758.1,12192.7,55.8,37.9,65,97,0.67,83
9,2023-03,12777.8,12188.5,54.1,37.8,78,87,0.897,98
9,2023-04,13002.0,12301.5,51.7,36.0,66,163,0.405,91
9,2023-05,13068.3,12297.2,51.7,37.1,61,96,0.635,106
9,2023-06,13178.6,12781.7,52.1,36.8,60,184,0.326,95
9,2023-07,13205.8,12764.0,54.6,38.2,83,96,0.865,77
9,2023-08,13289.5,12517.9,53.0,38.3,76,189,0.402,94
9,2023-09,13324.8,13133.9,52.6,36.5,67,179,0.374,91
9,2023-10,13424.3,12844.6,53.1,33.2,63,147,0.429,96
9,2023-11,13603.2,13190.3,53.7,32.7,58,113,0.513,101
9,2023-12,13748.9,13437.8,54.6,33.3,86,159,0.541,108
9,2024-01,13849.4,13688.6,51.6,33.8,69,144,0.479,115
9,2024-02,13967.3,13845.4,54.9,33.6,102,105,0.971,89
9,2024-03,14091.4,13971.4,55.8,35.2,51,75,0.68,92
9,2024-04,14199.6,13962.9,55.2,34.9,65,170,0.382,89
9,2024-05,14329.1,14066.0,54.8,35.5,48,99,0.485,93
9,2024-06,14421.2,14043.2,56.2,37.3,71,127,0.559,90
9,2024-07,14570.0,14455.4,53.5,38.0,77,176,0.438,95
9,2024-08,14682.1,13980.9,54.6,39.0,74,111,0.667,92
9,2024-09,14818.5,14794.9,54.7,38.4,76,99,0.768,90
9,2024-10,14968.3,14959.6,57.8,37.0,66,121,0.545,87
9,2024-11,15208.2,15069.6,58.3,34.0,86,179,0.48,106
9,2024-12,15358.4,14929.5,59.6,35.6,72,133,0.541,90
9,2025-01,15560.8,15382.8,62.7,35.2,67,128,0.523,79
9,2025-02,15767.8,14842.9,64.2,35.9,73,119,0.613,93
9,2025-03,15941.3,16215.8,63.7,37.4,72,95,0.758,93
9,2025-04,16096.4,16098.2,63.0,37.1,70,97,0.722,87
9,2025-05,16202.6,16220.8,63.2,35.7,71,96,0.74,88
9,2025-06,16368.6,15548.1,62.5,37.2,67,109,0.615,104
9,2025-07,16587.1,16915.1,64.0,34.9,65,152,0.428,98
9,2025-08,16726.7,16273.2,63.9,34.8,62,171,0.363,86
9,2025-09,17101.7,17348.4,63.6,34.2,64,206,0.311,97
9,2025-10,17359.4,16594.4,61.7,32.9,61,111,0.55,83
9,2025-11,17572.0,17161.1,60.9,32.4,57,133,0.429,92
9,2025-12,17833.4,17098.9,59.1,30.0,57,102,0.559,97
10,2020-01,9965.3,9978.2,76.6,42.3,102,70,1.457,89
10,2020-02,10026.3,9462.2,77.3,41.1,97,97,1.0,85
10,2020-03,10197.8,9849.2,77.8,40.6,99,76,1.303,77
10,2020-04,10349.0,10304.9,74.8,39.7,97,104,0.933,78
10,2020-05,10576.6,10199.6,74.0,39.1,96,51,1.882,77
10,2020-06,10678.9,10541.8,75.0,39.7,99,44,2.25,76
10,2020-07,10828.0,10561.5,74.3,39.0,101,80,1.262,89
10,2020-08,11026.9,10931.4,73.8,38.9,87,42,2.071,65
10,2020-09,11111.4,11313.2,74.9,40.2,93,28,3.321,91
10,2020-10,11375.5,11145.3,76.8,39.8,106,108,0.981,78
10,2020-11,11606.7,11727.1,76.3,38.0,89,51,1.745,84
10,2020-12,11721.3,11315.6,75.6,38.4,95,55,1.727,83
10,2021-01,11913.0,11572.4,78.1,39.1,97,83,1.169,68
10,2021-02,12011.2,11498.4,76.6,38.6,84,90,0.933,56
10,2021-03,12249.8,11721.2,77.0,37.2,101,20,5.05,67
10,2021-04,12501.5,12472.1,76.3,37.2,68,47,1.447,85
10,2021-05,12719.2,12907.5,77.3,35.5,110,80,1.375,76
10,2021-06,12978.1,13109.7,77.5,35.6,108,164,0.659,63
10,2021-07,13238.1,12721.9,77.6,36.3,89,144,0.618,75
10,2021-08,13398.5,13087.4,78.0,37.8,104,20,5.2,81
10,2021-09,13625.6,13791.5,78.8,36.9,89,35,2.543,77
10,2021-10,13814.3,13872.6,80.0,35.6,117,59,1.983,71
10,2021-11,14163.7,13325.8,80.0,34.5,103,20,5.15,74
10,2021-12,14377.3,14003.4,80.5,33.6,89,20,4.45,64
10,2022-01,14730.7,13916.0,81.5,33.1,96,85,1.129,94
10,2022-02,15154.9,15224.7,80.9,33.7,97,85,1.141,67
10,2022-03,15541.8,15205.9,81.1,33.9,95,126,0.754,74
10,2022-04,15929.6,15675.0,84.8,33.3,119,20,5.95,69
10,2022-05,16319.2,16197.7,85.5,32.5,105,47,2.234,58
10,2022-06,16688.4,16858.1,87.5,35.1,97,32,3.031,44
10,2022-07,16952.3,16255.4,85.0,34.2,109,20,5.45,73
10,2022-08,17347.5,17441.0,85.9,34.0,99,68,1.456,69
10,2022-09,17930.9,17092.0,85.4,34.2,119,24,4.958,63
10,2022-10,18403.0,17445.5,85.4,31.8,106,89,1.191,63
10,2022-11,18972.1,18843.3,88.2,29.9,95,37,2.568,59
10,2022-12,19620.2,19564.4,90.5,26.1,105,20,5.25,47
10,2023-01,20234.3,19676.1,91.6,28.9,97,21,4.619,49
10,2023-02,20734.1,19702.8,89.9,30.3,124,58,2.138,67
10,2023-03,21427.2,21720.0,90.7,29.0,104,33,3.152,64
10,2023-04,22124.9,21181.6,91.6,28.9,108,34,3.176,67
10,2023-05,22795.4,21856.7,88.8,29.2,110,89,1.236,42
10,2023-06,23334.4,23221.4,88.4,29.1,109,29,3.759,65
10,2023-07,24027.6,23348.3,86.8,28.2,113,21,5.381,66
10,2023-08,24961.5,23610.7,86.9,27.4,97,20,4.85,68
10,2023-09,25995.8,26156.1,85.4,26.0,99,30,3.3,66
10,2023-10,26917.3,25489.9,85.1,24.8,104,82,1.268,57
10,2023-11,28016.8,27109.1,82.1,23.0,109,84,1.298,61
10,2023-12,28714.3,28768.3,79.5,23.6,79,51,1.549,62
10,2024-01,29685.0,29234.4,78.0,21.7,96,110,0.873,90
10,2024-02,30893.6,29338.0,77.1,19.1,91,72,1.264,71
10,2024-03,32356.2,31560.6,76.5,19.6,87,120,0.725,63
10,2024-04,33838.7,32352.1,77.3,18.5,107,91,1.176,70
10,2024-05,35374.9,35615.2,75.2,20.0,111,75,1.48,75
10,2024-06,36865.8,36701.2,75.8,19.1,91,77,1.182,71
10,2024-07,38660.4,37002.5,74.1,18.4,70,98,0.714,47
10,2024-08,40394.3,38700.0,72.5,17.2,83,95,0.874,69
10,2024-09,42455.9,41930.5,73.3,16.8,82,118,0.695,73
10,2024-10,45064.9,42501.0,73.1,14.6,102,80,1.275,91
10,2024-11,48287.4,45844.8,72.7,12.9,78,126,0.619,61
10,2024-12,51547.3,48487.9,70.6,13.7,93,58,1.603,53
10,2025-01,54833.6,53822.7,69.9,13.1,88,114,0.772,60
10,2025-02,57781.6,57189.1,70.1,15.8,74,92,0.804,57
10,2025-03,61217.9,59980.2,72.5,14.7,101,132,0.765,56
10,2025-04,65167.6,63643.1,71.3,13.8,79,30,2.633,75
10,2025-05,69527.1,66598.4,74.2,13.8,81,83,0.976,58
10,2025-06,73543.8,72472.6,73.0,13.6,91,118,0.771,67
10,2025-07,79087.8,75217.7,75.6,12.9,96,59,1.627,71
10,2025-08,85410.0,84123.0,74.2,12.0,76,57,1.333,76
10,2025-09,93653.4,89611.9,73.1,10.1,97,70,1.386,54
10,2025-10,103472.5,98817.0,72.2,9.3,83,82,1.012,53
10,2025-11,117096.3,117238.4,74.1,7.5,89,84,1.06,75
10,2025-12,138595.4,135086.0,76.4,5.8,96,75,1.28,73
11,2020-01,9211.3,8993.9,54.3,47.4,62,182,0.341,105
11,2020-02,9214.9,9034.6,54.6,48.1,67,154,0.435,91
11,2020-03,9212.1,8850.8,53.6,45.9,50,116,0.431,105
11,2020-04,9259.4,8907.4,52.5,45.2,80,159,0.503,92
11,2020-05,9274.4,8906.8,53.2,45.3,58,234,0.248,110
11,2020-06,9310.7,9270.8,54.1,44.0,57,96,0.594,91
11,2020-07,9321.2,9349.3,55.0,44.3,68,140,0.486,102
11,2020-08,9429.3,9208.5,57.0,44.0,61,112,0.545,74
11,2020-09,9452.5,9101.9,57.1,45.2,82,136,0.603,88
11,2020-10,9501.0,9504.3,55.1,45.1,77,122,0.631,100
11,2020-11,9502.0,9440.8,55.7,43.6,58,148,0.392,84
11,2020-12,9513.9,9327.6,56.8,42.2,68,58,1.172,106
11,2021-01,9567.9,9751.9,57.4,41.5,76,180,0.422,84
11,2021-02,9662.7,9493.2,57.0,42.1,57,142,0.401,99
11,2021-03,9699.9,9277.7,59.1,41.6,60,176,0.341,82
11,2021-04,9764.8,9509.6,58.5,42.3,70,97,0.722,94
11,2021-05,9787.2,9883.4,59.6,43.5,64,105,0.61,101
11,2021-06,9846.7,9847.4,60.6,44.0,69,90,0.767,85
11,2021-07,9884.5,9668.5,58.4,43.7,65,122,0.533,92
11,2021-08,9967.7,9666.8,59.7,44.9,72,39,1.846,92
11,2021-09,9910.5,10096.7,60.4,44.3,77,129,0.597,92
11,2021-10,9966.8,9772.3,59.1,45.6,76,121,0.628,92
11,2021-11,10025.2,10045.2,58.9,46.3,87,78,1.115,91
11,2021-12,10044.8,10149.7,59.1,45.2,51,77,0.662,97
11,2022-01,10115.1,9801.6,59.9,45.5,66,206,0.32,93
11,2022-02,10063.7,10052.8,58.9,45.5,55,128,0.43,86
11,2022-03,10130.5,9963.8,58.3,46.0,72,48,1.5,109
11,2022-04,10227.5,9947.1,59.4,44.4,81,72,1.125,96
11,2022-05,10279.8,9986.0,59.1,42.7,61,113,0.54,102
11,2022-06,10415.5,10318.6,60.0,41.1,81,51,1.588,99
11,2022-07,10465.3,10241.3,58.9,39.2,56,81,0.691,97
11,2022-08,10477.7,10380.3,56.1,39.5,82,88,0.932,89
11,2022-09,10503.1,10043.9,56.3,38.1,54,146,0.37,106
11,2022-10,10607.4,10190.1,57.3,38.1,66,55,1.2,78
11,2022-11,10710.4,10269.8,57.5,39.4,72,98,0.735,107
11,2022-12,10824.9,10505.0,60.5,39.6,89,116,0.767,81
11,2023-01,10809.8,10723.3,61.0,38.6,67,190,0.353,92
11,2023-02,10873.6,10650.2,60.6,39.3,66,146,0.452,87
11,2023-03,10900.0,11016.1,60.2,40.6,92,129,0.713,96
11,2023-04,10993.1,10907.6,58.4,42.7,76,102,0.745,97
11,2023-05,10997.3,10930.9,57.1,42.9,66,146,0.452,101
11,2023-06,11017.6,10534.7,59.1,44.2,74,211,0.351,75
11,2023-07,11105.4,10596.9,59.1,43.3,73,112,0.652,109
11,2023-08,11133.4,10904.8,60.5,41.7,65,179,0.363,107
11,2023-09,11280.7,11070.5,60.8,42.3,67,128,0.523,90
11,2023-10,11325.5,11522.6,60.9,41.1,75,74,1.014,99
11,2023-11,11393.8,10947.7,60.3,41.6,60,22,2.727,110
11,2023-12,11404.9,11405.8,60.1,42.4,64,123,0.52,90
11,2024-01,11552.1,11247.1,61.0,44.5,53,183,0.29,84
11,2024-02,11644.8,11501.4,61.5,45.9,65,137,0.474,85
11,2024-03,11764.6,11477.5,62.0,46.7,89,162,0.549,75
11,2024-04,11748.6,11764.7,60.2,46.5,69,141,0.489,114
11,2024-05,11764.1,11564.2,59.0,47.0,74,99,0.747,95
11,2024-06,11755.7,11196.7,60.5,47.4,65,122,0.533,95
11,2024-07,11875.7,11297.2,60.8,46.7,61,144,0.424,74
11,2024-08,11919.4,11581.7,61.9,46.6,69,135,0.511,94
11,2024-09,11898.6,11648.3,61.6,44.2,78,149,0.523,94
11,2024-10,11883.2,11473.4,59.1,45.2,62,133,0.466,94
11,2024-11,12007.8,12017.2,60.7,44.2,73,96,0.76,90
11,2024-12,12132.7,11551.5,60.8,41.9,65,111,0.586,90
11,2025-01,12157.0,11505.3,59.7,41.4,98,165,0.594,85
11,2025-02,12223.7,12275.7,60.0,41.8,75,96,0.781,106
11,2025-03,12285.0,11751.1,61.1,41.8,73,116,0.629,67
11,2025-04,12303.8,11786.8,59.9,40.9,59,102,0.578,108
11,2025-05,12446.9,12612.8,60.2,40.5,75,103,0.728,116
11,2025-06,12575.1,11950.3,60.0,38.6,81,103,0.786,97
11,2025-07,12634.9,12875.8,61.5,39.3,83,74,1.122,98
11,2025-08,12773.0,12635.3,64.5,40.2,77,150,0.513,105
11,2025-09,12866.8,12673.2,68.3,40.8,83,133,0.624,87
11,2025-10,13052.9,12399.6,71.3,38.9,80,144,0.556,82
11,2025-11,13242.6,13381.1,70.6,38.3,81,116,0.698,72
11,2025-12,13284.2,13213.1,69.0,39.6,80,149,0.537,91
12,2020-01,9330.8,9446.8,76.6,44.2,78,104,0.75,89
12,2020-02,9501.4,9528.0,74.4,43.1,85,106,0.802,62
12,2020-03,9561.1,9445.3,75.2,43.8,95,82,1.159,79
12,2020-04,9610.6,9251.6,71.1,43.7,89,67,1.328,78
12,2020-05,9741.7,9869.2,68.6,43.4,87,132,0.659,82
12,2020-06,9786.6,9638.2,68.7,44.3,85,144,0.59,81
12,2020-07,9797.4,9304.4,69.3,45.0,76,98,0.776,98
12,2020-08,9937.7,9458.2,69.3,45.4,80,94,0.851,77
12,2020-09,10037.4,10047.1,68.6,46.6,88,44,2.0,95
12,2020-10,10140.5,9650.4,70.4,47.8,100,176,0.568,91
12,2020-11,10264.3,10134.8,72.4,47.7,80,27,2.963,66
12,2020-12,10425.6,9838.2,74.7,49.8,71,102,0.696,86
12,2021-01,10462.6,10604.6,76.7,51.1,81,93,0.871,74
12,2021-02,10526.0,10675.1,74.5,49.3,93,20,4.65,93
12,2021-03,10624.0,10216.5,74.4,48.8,89,51,1.745,96
12,2021-04,10710.4,10785.5,76.5,49.1,110,33,3.333,95
12,2021-05,10805.9,10825.0,76.7,49.7,93,20,4.65,79
12,2021-06,10909.1,10559.5,76.6,48.7,100,134,0.746,93
12,2021-07,11052.7,10687.7,76.4,49.1,75,26,2.885,75
12,2021-08,11169.6,10935.5,80.0,50.2,101,20,5.05,66
12,2021-09,11284.0,11136.0,81.2,51.1,100,66,1.515,85
12,2021-10,11366.9,10966.0,84.0,52.1,106,68,1.559,71
12,2021-11,11490.2,11361.5,82.9,51.8,106,74,1.432,94
12,2021-12,11586.9,10913.7,83.8,53.2,96,96,1.0,84
12,2022-01,11739.9,11559.3,84.8,53.1,104,68,1.529,68
12,2022-02,11854.6,11405.5,84.7,53.8,98,66,1.485,78
12,2022-03,11888.7,11524.6,83.9,55.1,109,84,1.298,79
12,2022-04,12020.5,12164.9,84.5,53.6,89,81,1.099,88
12,2022-05,12101.7,11540.9,85.6,55.1,86,34,2.529,69
12,2022-06,12163.5,11470.4,87.4,54.8,112,61,1.836,74
12,2022-07,12257.0,11642.4,89.4,54.3,115,32,3.594,84
12,2022-08,12393.2,11719.0,92.0,55.9,100,20,5.0,78
12,2022-09,12522.3,12455.6,90.8,56.2,116,37,3.135,68
12,2022-10,12528.7,11927.7,91.2,56.4,114,20,5.7,90
12,2022-11,12689.6,12924.0,92.3,54.3,112,20,5.6,69
12,2022-12,12826.6,12958.4,93.1,54.4,126,65,1.938,79
12,2023-01,13052.4,12576.5,94.2,54.1,106,20,5.3,61
12,2023-02,13268.0,13252.2,91.6,52.3,108,81,1.333,69
12,2023-03,13317.3,12634.3,89.7,55.0,110,49,2.245,84
12,2023-04,13463.8,13648.7,91.2,53.2,106,20,5.3,64
12,2023-05,13579.8,13453.6,91.9,53.0,117,46,2.543,65
12,2023-06,13772.2,13338.6,90.0,53.3,116,20,5.8,66
12,2023-07,13959.3,13725.8,90.4,55.7,111,20,5.55,90
12,2023-08,14059.7,14014.3,94.5,55.6,99,33,3.0,53
12,2023-09,14217.9,14426.3,94.3,54.5,102,28,3.643,85
12,2023-10,14461.4,13890.5,96.5,55.7,113,36,3.139,91
12,2023-11,14567.8,13792.7,99.0,54.1,115,44,2.614,53
12,2023-12,14698.8,14448.9,99.0,52.9,112,38,2.947,64
12,2024-01,14929.2,14313.6,99.0,51.1,129,20,6.45,71
12,2024-02,15092.3,14972.6,98.8,50.7,136,20,6.8,64
12,2024-03,15298.4,15414.3,98.2,49.3,114,29,3.931,70
12,2024-04,15522.9,14733.6,96.0,48.1,106,20,5.3,64
12,2024-05,15863.6,15862.7,94.3,48.7,103,20,5.15,83
12,2024-06,16118.0,15760.3,94.7,48.7,100,43,2.326,68
12,2024-07,16296.3,16304.7,97.2,47.5,121,20,6.05,68
12,2024-08,16505.7,16678.4,94.9,45.4,118,20,5.9,67
12,2024-09,16798.2,16475.5,96.0,45.4,105,20,5.25,50
12,2024-10,17108.6,17380.9,98.5,45.7,107,20,5.35,61
12,2024-11,17423.2,17525.3,98.8,46.0,110,20,5.5,73
12,2024-12,17744.1,18098.9,99.0,44.6,124,38,3.263,81
12,2025-01,18141.2,18361.5,99.0,44.0,96,20,4.8,63
12,2025-02,18465.9,17407.8,99.0,42.7,121,20,6.05,56
12,2025-03,18835.2,18987.5,99.0,42.1,121,20,6.05,54
12,2025-04,19158.4,19492.5,99.0,42.7,129,20,6.45,65
12,2025-05,19528.8,18565.6,99.0,41.3,106,20,5.3,56
12,2025-06,19869.7,19771.2,99.0,42.6,135,20,6.75,68
12,2025-07,20201.9,19518.3,98.6,41.7,108,23,4.696,62
12,2025-08,20578.7,20757.9,97.4,40.9,107,20,5.35,68
12,2025-09,21063.9,20128.4,96.0,40.0,126,20,6.3,76
12,2025-10,21641.8,20479.1,97.8,39.5,130,20,6.5,51
12,2025-11,21946.7,21320.9,96.8,41.4,121,20,6.05,44
12,2025-12,22254.9,22679.5,97.6,39.2,102,20,5.1,59
13,2020-01,10316.8,9783.0,55.9,17.9,55,187,0.294,69
13,2020-02,10676.5,10736.6,53.5,16.3,75,169,0.444,69
13,2020-03,11052.1,10911.4,54.8,15.6,69,113,0.611,74
13,2020-04,11531.7,11241.7,55.3,15.4,70,68,1.029,85
13,2020-05,11958.3,11347.2,56.9,17.2,61,111,0.55,89
13,2020-06,12303.1,11801.7,55.9,18.3,53,155,0.342,73
13,2020-07,12724.3,12782.1,57.0,17.5,62,80,0.775,84
13,2020-08,13124.4,12924.1,54.1,16.0,66,66,1.0,97
13,2020-09,13552.8,13137.3,56.4,16.7,49,159,0.308,74
13,2020-10,14012.8,13273.0,57.4,16.1,51,217,0.235,64
13,2020-11,14540.4,14375.9,58.7,15.7,86,100,0.86,91
13,2020-12,15006.1,14847.5,57.5,16.0,64,148,0.432,81
13,2021-01,15527.0,15742.9,56.6,16.3,63,177,0.356,98
13,2021-02,16199.6,15359.7,58.5,15.8,71,107,0.664,91
13,2021-03,16799.7,17029.0,58.3,17.4,76,149,0.51,73
13,2021-04,17396.5,16983.8,56.9,17.0,83,108,0.769,76
13,2021-05,18155.4,18316.1,59.5,15.7,50,125,0.4,89
13,2021-06,18950.8,18287.1,59.7,15.5,66,161,0.41,81
13,2021-07,19681.4,19226.6,61.0,15.9,62,117,0.53,81
13,2021-08,20632.0,20101.6,60.4,13.4,82,119,0.689,89
13,2021-09,21856.4,21913.5,61.8,12.5,64,115,0.557,74
13,2021-10,22792.2,23182.8,60.3,14.8,70,154,0.455,83
13,2021-11,24045.0,22977.0,60.9,14.8,81,123,0.659,68
13,2021-12,25051.6,24148.1,62.5,15.2,68,121,0.562,81
13,2022-01,26347.6,24866.0,65.3,15.2,51,62,0.823,69
13,2022-02,27446.5,25835.9,65.7,17.1,87,104,0.837,95
13,2022-03,28566.6,27073.6,63.1,18.5,84,117,0.718,86
13,2022-04,29499.7,28671.4,62.7,18.8,69,121,0.57,63
13,2022-05,30397.2,30956.1,62.5,18.3,64,128,0.5,73
13,2022-06,31423.0,30968.2,60.9,19.1,74,162,0.457,71
13,2022-07,32500.4,31864.4,59.8,21.4,85,84,1.012,65
13,2022-08,33397.7,31784.0,58.4,21.8,71,178,0.399,95
13,2022-09,34323.7,33030.6,58.9,21.8,58,78,0.744,101
13,2022-10,35336.0,33252.5,58.2,23.1,67,124,0.54,75
13,2022-11,36036.9,35568.3,58.9,25.1,69,131,0.527,86
13,2022-12,36890.9,35733.4,59.2,23.7,61,99,0.616,83
13,2023-01,38004.2,38224.3,60.6,22.7,76,150,0.507,83
13,2023-02,39004.3,37889.8,59.9,22.5,75,48,1.562,88
13,2023-03,40088.1,39446.1,60.7,22.2,87,145,0.6,78
13,2023-04,41257.4,39276.7,61.6,22.0,57,243,0.235,78
13,2023-05,42028.8,42542.4,60.4,23.9,64,187,0.342,78
13,2023-06,42718.7,41239.5,63.1,24.9,75,72,1.042,68
13,2023-07,43347.8,43645.2,62.2,24.7,74,162,0.457,72
13,2023-08,44345.3,44266.1,61.8,23.9,83,163,0.509,88
13,2023-09,45814.6,44529.7,63.1,23.1,90,170,0.529,104
13,2023-10,47284.0,45956.5,64.3,21.8,78,110,0.709,42
13,2023-11,48719.2,47211.1,60.9,20.9,55,74,0.743,83
13,2023-12,50206.7,51051.8,58.6,21.8,96,96,1.0,98
13,2024-01,51487.2,49757.2,58.2,22.4,65,180,0.361,83
13,2024-02,52634.1,52472.8,59.8,24.7,86,179,0.48,87
13,2024-03,54086.0,54888.6,59.2,22.8,64,106,0.604,97
13,2024-04,56043.0,53440.1,62.1,21.8,76,147,0.517,89
13,2024-05,57438.4,57402.0,64.5,22.2,90,43,2.093,87
13,2024-06,59180.9,57021.8,68.2,21.7,81,148,0.547,96
13,2024-07,61170.1,58157.1,70.0,20.6,71,98,0.724,97
13,2024-08,63406.1,64043.7,70.9,20.5,90,73,1.233,76
13,2024-09,65793.6,62165.1,72.2,20.1,80,54,1.481,58
13,2024-10,68181.8,69420.5,71.9,19.1,86,115,0.748,78
13,2024-11,70794.6,67016.5,73.5,19.5,88,77,1.143,76
13,2024-12,74200.4,70712.3,74.1,17.5,95,36,2.639,70
13,2025-01,77681.9,78026.0,74.1,17.6,90,38,2.368,59
13,2025-02,81259.0,80205.3,72.9,18.6,77,73,1.055,76
13,2025-03,84436.0,85752.1,73.9,19.4,87,63,1.381,54
13,2025-04,88300.5,88775.7,72.6,19.6,84,49,1.714,57
13,2025-05,91695.1,89328.0,74.5,20.0,74,103,0.718,64
13,2025-06,95221.8,96140.5,74.4,20.2,94,63,1.492,73
13,2025-07,98955.6,100505.4,73.9,20.8,80,62,1.29,82
13,2025-08,101858.6,103380.6,71.7,22.0,83,65,1.277,72
13,2025-09,105584.3,99507.6,70.3,21.8,82,133,0.617,84
13,2025-10,108675.8,106275.4,70.4,21.3,86,134,0.642,67
13,2025-11,112820.4,106727.4,71.6,20.2,97,50,1.94,76
13,2025-12,116714.3,110969.7,70.4,20.5,99,147,0.673,50
14,2020-01,8680.4,8312.7,74.4,62.1,91,75,1.213,109
14,2020-02,8735.0,8850.5,75.3,62.7,77,118,0.653,95
14,2020-03,8734.8,8697.2,73.8,63.6,86,66,1.303,91
14,2020-04,8733.8,8610.7,73.3,67.4,73,95,0.768,89
14,2020-05,8782.0,8478.6,70.6,67.2,80,100,0.8,93
14,2020-06,8810.3,8861.2,69.8,65.7,87,53,1.642,91
14,2020-07,8832.2,8777.0,72.1,64.9,76,141,0.539,89
14,2020-08,8835.6,8667.7,72.5,66.1,85,64,1.328,94
14,2020-09,8873.3,8834.3,71.6,65.1,91,68,1.338,92
14,2020-10,8882.2,8493.0,69.7,66.2,68,93,0.731,102
14,2020-11,8932.7,8475.3,70.9,65.3,89,89,1.0,90
14,2020-12,8955.2,9064.6,71.4,66.6,72,93,0.774,98
14,2021-01,8992.1,8975.3,71.3,65.7,76,20,3.8,92
14,2021-02,9023.5,8700.5,70.8,64.9,84,20,4.2,98
14,2021-03,9024.1,9123.1,70.7,65.5,86,169,0.509,89
14,2021-04,9056.6,8572.9,69.8,65.3,77,56,1.375,111
14,2021-05,9027.6,8548.6,71.6,62.5,90,107,0.841,109
14,2021-06,9029.1,8914.2,71.0,61.6,91,101,0.901,109
14,2021-07,9073.4,8659.7,72.8,60.0,78,20,3.9,74
14,2021-08,9057.4,9185.8,74.1,59.0,84,103,0.816,107
14,2021-09,9074.0,8779.6,74.8,59.7,94,39,2.41,91
14,2021-10,9118.9,8827.4,77.7,59.3,81,62,1.306,75
14,2021-11,9214.5,9200.9,79.2,59.9,104,105,0.99,88
14,2021-12,9287.4,9049.1,80.1,57.5,113,63,1.794,93
14,2022-01,9263.8,9309.3,79.9,57.7,107,62,1.726,85
14,2022-02,9381.8,9347.4,78.1,58.5,97,87,1.115,85
14,2022-03,9477.8,9282.2,77.3,56.8,96,20,4.8,102
14,2022-04,9582.2,9375.9,76.9,56.6,84,90,0.933,81
14,2022-05,9632.7,9501.7,76.9,55.0,86,40,2.15,76
14,2022-06,9677.7,9680.1,78.9,55.6,84,103,0.816,101
14,2022-07,9760.5,9818.6,80.8,52.8,95,74,1.284,71
14,2022-08,9858.5,9543.5,79.3,51.5,93,56,1.661,74
14,2022-09,9861.0,9676.4,75.8,53.4,69,139,0.496,100
14,2022-10,9945.9,10056.1,76.0,53.4,95,65,1.462,89
14,2022-11,9888.4,9679.7,75.0,51.4,79,20,3.95,72
14,2022-12,9961.1,9668.7,75.0,51.0,94,139,0.676,57
14,2023-01,10082.6,10093.1,75.1,52.1,95,70,1.357,107
14,2023-02,10165.1,10356.5,77.1,53.4,99,41,2.415,86
14,2023-03,10286.7,9819.5,76.6,52.1,94,70,1.343,99
14,2023-04,10376.3,10250.2,76.7,51.7,107,34,3.147,75
14,2023-05,10416.3,10286.6,78.5,51.3,84,63,1.333,91
14,2023-06,10480.3,9889.3,78.6,50.2,78,67,1.164,80
14,2023-07,10594.7,10344.4,79.4,51.0,105,30,3.5,82
14,2023-08,10690.3,10202.1,79.7,51.4,80,102,0.784,106
14,2023-09,10772.0,10639.8,79.1,51.3,102,20,5.1,88
14,2023-10,10817.7,10433.8,79.5,52.2,93,71,1.31,89
14,2023-11,10922.2,10898.5,80.5,49.0,97,20,4.85,75
14,2023-12,11066.6,10884.8,80.4,48.7,96,65,1.477,56
14,2024-01,11126.4,10611.3,78.6,46.8,96,53,1.811,85
14,2024-02,11246.5,10632.2,81.1,48.6,106,111,0.955,81
14,2024-03,11364.5,11215.1,80.3,47.9,92,133,0.692,60
14,2024-04,11502.8,11600.0,79.8,46.5,85,58,1.466,86
14,2024-05,11614.2,10990.0,81.0,46.6,93,89,1.045,66
14,2024-06,11767.0,11313.7,82.3,43.9,109,64,1.703,82
14,2024-07,11973.6,11601.2,82.3,44.6,70,87,0.805,78
14,2024-08,12208.0,12439.5,83.5,47.0,105,20,5.25,71
14,2024-09,12361.5,11933.9,85.9,48.6,100,67,1.493,70
14,2024-10,12584.7,12352.9,82.8,46.6,99,27,3.667,82
14,2024-11,12748.9,12747.0,82.2,47.6,93,113,0.823,98
14,2024-12,12845.5,13050.5,81.6,49.1,111,134,0.828,73
14,2025-01,13017.9,12612.3,82.0,50.1,102,127,0.803,86
14,2025-02,13235.2,12916.6,82.7,48.1,97,26,3.731,69
14,2025-03,13371.0,12721.4,82.5,47.8,110,20,5.5,78
14,2025-04,13487.3,13635.6,82.7,47.1,109,73,1.493,94
14,2025-05,13707.2,13980.8,83.4,45.2,102,20,5.1,71
14,2025-06,13974.4,14192.7,84.4,44.0,91,68,1.338,74
14,2025-07,14155.7,14383.9,82.8,43.2,102,58,1.759,68
14,2025-08,14394.8,13664.8,80.0,44.2,98,20,4.9,82
14,2025-09,14599.8,14590.8,81.4,45.4,111,29,3.828,67
14,2025-10,14860.6,14131.1,83.7,43.7,77,124,0.621,76
14,2025-11,14989.2,15084.6,83.7,43.1,110,70,1.571,68
14,2025-12,15164.0,15163.5,83.4,41.9,111,39,2.846,77
15,2020-01,10267.9,10065.1,89.1,44.8,114,51,2.235,73
15,2020-02,10412.0,10558.7,90.4,44.4,101,25,4.04,72
15,2020-03,10583.5,10622.2,92.9,44.7,102,20,5.1,51
15,2020-04,10849.5,11005.4,92.3,41.9,124,20,6.2,59
15,2020-05,10991.7,11191.2,90.9,39.5,120,39,3.077,76
15,2020-06,11276.8,11145.8,92.3,39.3,120,42,2.857,61
15,2020-07,11499.4,10842.9,91.1,38.7,109,54,2.019,80
15,2020-08,11744.5,11697.3,92.7,38.9,114,62,1.839,48
15,2020-09,11956.5,11382.1,93.1,38.7,122,20,6.1,59
15,2020-10,12176.7,12194.3,92.8,39.7,120,20,6.0,74
15,2020-11,12455.3,12055.8,94.6,37.6,113,20,5.65,78
15,2020-12,12705.5,12518.7,93.1,37.4,115,46,2.5,51
15,2021-01,13020.2,12870.4,92.6,37.5,114,47,2.426,68
15,2021-02,13289.2,13437.9,91.9,38.1,104,20,5.2,61
15,2021-03,13468.2,13083.8,89.7,38.9,93,20,4.65,44
15,2021-04,13727.9,13798.9,90.1,38.7,113,20,5.65,74
15,2021-05,13992.5,13694.3,89.2,38.4,94,22,4.273,64
15,2021-06,14174.8,13472.4,89.8,39.5,93,20,4.65,83
15,2021-07,14461.9,14287.4,90.4,38.2,114,54,2.111,54
15,2021-08,14706.3,14480.3,88.9,39.3,107,20,5.35,74
15,2021-09,14950.1,14088.3,89.9,39.1,110,20,5.5,65
15,2021-10,15132.1,15269.3,88.1,37.8,118,20,5.9,47
15,2021-11,15460.9,14898.2,89.9,36.7,105,60,1.75,72
15,2021-12,15783.1,15560.9,90.5,37.0,127,37,3.432,69
15,2022-01,16077.5,15464.3,89.9,38.1,84,20,4.2,61
15,2022-02,16233.8,16241.1,89.0,38.1,107,42,2.548,89
15,2022-03,16542.2,16835.3,88.6,38.0,110,55,2.0,56
15,2022-04,16934.6,17109.0,89.6,35.2,121,80,1.512,67
15,2022-05,17336.0,17381.8,91.0,35.0,95,20,4.75,71
15,2022-06,17732.8,17986.8,92.1,36.1,131,20,6.55,80
15,2022-07,18188.1,17327.9,94.0,36.7,106,88,1.205,78
15,2022-08,18702.6,18514.2,94.2,37.6,110,20,5.5,59
15,2022-09,19128.8,19042.7,94.9,35.8,113,54,2.093,49
15,2022-10,19427.3,19521.1,93.6,36.9,109,20,5.45,69
15,2022-11,19954.1,19741.3,96.6,36.9,114,71,1.606,66
15,2022-12,20324.1,20369.6,96.4,39.0,116,33,3.515,49
15,2023-01,21062.5,20172.5,97.2,36.9,114,20,5.7,59
15,2023-02,21796.3,21572.1,98.3,37.1,105,20,5.25,62
15,2023-03,22255.3,22151.9,99.0,37.0,126,20,6.3,64
15,2023-04,22802.4,22193.4,99.0,37.8,126,20,6.3,64
15,2023-05,23200.9,23292.0,98.2,36.3,121,20,6.05,64
15,2023-06,23733.5,23077.0,99.0,37.4,119,20,5.95,59
15,2023-07,24327.7,23140.1,97.0,37.3,118,92,1.283,76
15,2023-08,25031.3,25243.1,95.4,38.0,121,45,2.689,37
15,2023-09,25674.6,24627.9,94.3,37.8,112,20,5.6,59
15,2023-10,26303.2,26243.4,94.9,36.6,115,20,5.75,57
15,2023-11,26845.1,26349.1,95.6,37.4,113,20,5.65,65
15,2023-12,27414.4,27913.1,91.6,39.0,95,20,4.75,62
15,2024-01,27816.9,26325.2,90.8,38.5,106,20,5.3,62
15,2024-02,28245.4,27624.2,89.7,39.0,103,20,5.15,74
15,2024-03,28817.0,27774.8,89.9,37.6,93,125,0.744,79
15,2024-04,29372.4,29795.8,88.8,38.7,103,76,1.355,63
15,2024-05,30097.6,29247.3,89.8,37.7,101,103,0.981,86
15,2024-06,30769.0,28934.3,90.5,35.7,116,22,5.273,88
15,2024-07,31349.5,30987.4,89.7,35.1,119,20,5.95,51
15,2024-08,32275.4,30427.7,90.2,34.2,100,20,5.0,84
15,2024-09,32987.6,32467.4,88.5,33.6,110,60,1.833,50
15,2024-10,33942.2,33590.0,90.6,34.9,109,41,2.659,57
15,2024-11,34666.3,32726.6,90.4,35.6,107,25,4.28,58
15,2024-12,35285.0,34459.4,90.9,35.7,87,63,1.381,41
15,2025-01,36029.9,35518.6,88.7,34.8,98,20,4.9,63
15,2025-02,37016.6,35845.9,90.5,33.9,87,20,4.35,46
15,2025-03,38021.5,38038.6,91.5,34.5,101,20,5.05,74
15,2025-04,38899.2,36875.0,90.4,35.0,119,28,4.25,62
15,2025-05,39726.7,37666.9,90.8,35.4,109,73,1.493,61
15,2025-06,40668.4,40749.9,92.7,34.7,108,39,2.769,61
15,2025-07,41802.6,39986.3,93.2,36.4,100,57,1.754,72
15,2025-08,42952.3,40739.5,93.5,34.0,109,82,1.329,72
15,2025-09,44007.7,43544.7,91.3,35.7,117,115,1.017,62
15,2025-10,44850.1,43308.7,88.7,36.2,101,21,4.81,64
15,2025-11,46306.9,45723.7,88.1,34.6,103,22,4.682,75
15,2025-12,47498.9,47722.0,89.6,36.9,112,47,2.383,57
16,2020-01,9428.1,9536.5,39.3,43.5,39,151,0.258,102
16,2020-02,9329.9,9114.8,37.1,44.5,42,158,0.266,113
16,2020-03,9308.0,9263.7,33.3,45.6,26,262,0.099,123
16,2020-04,9285.1,9463.0,35.2,45.3,31,176,0.176,118
16,2020-05,9271.9,8871.1,37.7,44.6,49,178,0.275,88
16,2020-06,9182.5,9165.8,37.8,43.4,45,270,0.167,111
16,2020-07,9177.6,9320.2,34.5,42.8,51,217,0.235,122
16,2020-08,9219.2,9112.7,36.4,42.7,41,233,0.176,117
16,2020-09,9241.8,9207.7,38.6,43.7,56,187,0.299,116
16,2020-10,9150.8,9055.0,41.4,41.3,33,136,0.243,106
16,2020-11,9120.9,8931.7,42.2,42.0,59,128,0.461,111
16,2020-12,9110.0,8599.1,44.6,40.6,61,165,0.37,120
16,2021-01,9198.8,8981.7,41.5,37.6,62,161,0.385,124
16,2021-02,9204.4,8681.0,42.4,38.5,46,192,0.24,99
16,2021-03,9241.0,8708.2,43.7,37.9,61,137,0.445,123
16,2021-04,9218.2,9291.2,43.7,36.4,45,114,0.395,108
16,2021-05,9236.5,9243.7,43.6,35.2,43,148,0.291,103
16,2021-06,9274.7,9282.5,42.7,33.0,41,187,0.219,112
16,2021-07,9326.6,8855.4,41.9,32.2,62,238,0.261,114
16,2021-08,9355.4,8941.5,42.8,32.5,49,145,0.338,114
16,2021-09,9386.8,9376.0,40.7,32.6,40,162,0.247,108
16,2021-10,9481.0,9670.1,41.0,32.0,61,170,0.359,92
16,2021-11,9530.3,9075.0,42.8,31.7,43,179,0.24,104
16,2021-12,9584.4,9057.5,42.5,33.3,53,121,0.438,106
16,2022-01,9621.5,9616.4,43.3,34.6,45,164,0.274,93
16,2022-02,9634.8,9235.3,43.3,34.8,44,197,0.223,106
16,2022-03,9697.6,9214.6,43.5,35.6,51,168,0.304,101
16,2022-04,9676.9,9342.7,44.9,37.9,34,154,0.221,104
16,2022-05,9747.4,9857.3,43.9,38.8,53,158,0.335,113
16,2022-06,9844.3,9563.6,45.2,39.6,36,124,0.29,93
16,2022-07,9853.3,9344.5,48.1,41.0,32,139,0.23,113
16,2022-08,9966.6,9612.9,46.6,39.3,59,241,0.245,99
16,2022-09,9988.4,9453.1,46.5,40.0,49,130,0.377,93
16,2022-10,9999.9,9873.9,46.7,39.1,46,152,0.303,100
16,2022-11,10076.0,9595.6,50.9,38.8,66,82,0.805,106
16,2022-12,10098.6,9642.2,49.8,39.5,54,147,0.367,91
16,2023-01,10151.1,9902.2,48.5,39.4,61,151,0.404,92
16,2023-02,10259.8,9824.7,48.9,40.4,59,142,0.415,104
16,2023-03,10337.3,10209.9,46.2,39.2,49,169,0.29,85
16,2023-04,10329.1,10192.0,44.4,38.9,50,204,0.245,107
16,2023-05,10341.7,10109.7,44.2,39.7,63,216,0.292,111
16,2023-06,10400.9,10256.3,41.6,40.3,42,169,0.249,91
16,2023-07,10459.6,10363.7,42.9,41.7,46,165,0.279,100
16,2023-08,10508.6,10665.2,43.6,44.2,44,182,0.242,96
16,2023-09,10555.8,9932.7,43.4,44.5,33,140,0.236,108
16,2023-10,10564.3,10554.6,45.6,45.8,47,169,0.278,121
16,2023-11,10571.3,10475.5,46.5,47.8,52,138,0.377,100
16,2023-12,10626.9,10067.6,44.7,44.2,33,217,0.152,110
16,2024-01,10651.4,10305.5,44.1,46.2,60,117,0.513,112
16,2024-02,10663.6,10037.2,44.2,45.3,54,145,0.372,110
16,2024-03,10673.1,10180.5,44.0,46.5,71,135,0.526,104
16,2024-04,10644.1,10782.6,41.4,46.9,57,195,0.292,100
16,2024-05,10747.0,10169.7,41.2,47.0,47,212,0.222,93
16,2024-06,10760.9,10922.1,44.0,47.4,40,162,0.247,113
16,2024-07,10662.0,10243.3,42.7,45.5,59,189,0.312,114
16,2024-08,10677.3,10770.0,44.2,45.4,50,158,0.316,103
16,2024-09,10689.9,10856.9,43.0,45.4,42,149,0.282,116
16,2024-10,10677.8,10777.1,41.0,44.0,44,189,0.233,120
16,2024-11,10605.2,10359.7,40.1,44.7,37,157,0.236,106
16,2024-12,10554.3,10671.9,40.9,44.6,51,196,0.26,109
16,2025-01,10635.6,10253.0,41.8,45.3,63,103,0.612,118
16,2025-02,10618.8,10121.0,43.6,45.0,56,180,0.311,117
16,2025-03,10512.0,10540.6,41.7,43.9,61,157,0.389,107
16,2025-04,10535.8,10386.9,46.1,43.2,69,165,0.418,118
16,2025-05,10585.6,10165.2,47.8,43.2,67,163,0.411,92
16,2025-06,10587.8,10538.5,51.2,42.4,66,232,0.284,94
16,2025-07,10600.5,10304.9,51.0,41.4,77,169,0.456,88
16,2025-08,10627.5,10583.4,50.9,42.6,54,149,0.362,79
16,2025-09,10603.0,10555.7,51.9,42.7,84,152,0.553,89
16,2025-10,10641.2,10744.7,52.7,41.1,46,90,0.511,107
16,2025-11,10668.2,10174.4,52.9,41.1,65,155,0.419,88
16,2025-12,10696.3,10511.2,52.3,41.0,77,210,0.367,99
17,2020-01,11468.7,11179.3,98.0,51.8,112,20,5.6,51
17,2020-02,11571.8,11634.2,96.6,51.3,119,34,3.5,61
17,2020-03,11691.1,11251.1,99.0,52.5,111,83,1.337,84
17,2020-04,11816.4,11704.1,97.3,53.2,114,20,5.7,91
17,2020-05,11876.8,11171.3,95.7,51.2,129,48,2.688,75
17,2020-06,12024.6,11376.7,97.5,50.5,116,62,1.871,81
17,2020-07,12278.2,12015.8,96.8,50.8,134,20,6.7,59
17,2020-08,12487.1,11776.4,96.8,52.9,123,20,6.15,66
17,2020-09,12630.8,12652.8,95.5,53.8,115,20,5.75,60
17,2020-10,12649.2,12053.1,95.9,52.8,126,27,4.667,84
17,2020-11,12772.8,12144.4,95.4,52.8,127,20,6.35,64
17,2020-12,12930.8,12977.5,92.3,53.4,109,20,5.45,83
17,2021-01,13092.3,13139.8,92.2,51.8,90,96,0.938,69
17,2021-02,13256.6,13083.7,93.2,51.2,106,20,5.3,85
17,2021-03,13361.4,13555.0,93.2,52.7,105,27,3.889,79
17,2021-04,13549.8,12965.0,90.7,54.1,111,20,5.55,82
17,2021-05,13762.6,13311.3,91.9,53.0,115,139,0.827,81
17,2021-06,13906.0,13718.0,93.9,52.1,109,20,5.45,62
17,2021-07,14063.2,14285.3,94.5,52.4,109,43,2.535,81
17,2021-08,14232.8,14202.2,96.4,52.1,99,26,3.808,69
17,2021-09,14419.6,14231.2,96.7,52.5,117,20,5.85,49
17,2021-10,14678.6,14439.9,96.8,52.9,118,20,5.9,64
17,2021-11,14814.5,14281.7,96.7,52.5,126,82,1.537,52
17,2021-12,14911.5,14645.3,97.0,52.7,109,44,2.477,45
17,2022-01,14982.0,14214.4,96.4,50.6,102,20,5.1,70
17,2022-02,15190.8,15057.3,96.8,51.1,113,20,5.65,72
17,2022-03,15483.9,15240.4,96.8,52.2,116,68,1.706,63
17,2022-04,15605.6,15888.3,94.1,53.5,111,20,5.55,59
17,2022-05,15816.6,15200.8,93.1,53.3,109,20,5.45,54
17,2022-06,15921.5,16230.8,92.4,55.2,91,113,0.805,87
17,2022-07,16061.4,15711.8,94.2,53.8,97,20,4.85,71
17,2022-08,16152.9,15838.8,93.3,54.2,113,24,4.708,60
17,2022-09,16310.2,15642.5,92.9,55.4,97,27,3.593,55
17,2022-10,16528.3,16520.0,92.2,57.2,113,20,5.65,103
17,2022-11,16561.1,15607.2,90.1,59.6,97,31,3.129,89
17,2022-12,16713.9,16642.9,90.0,59.4,92,20,4.6,76
17,2023-01,16836.7,16942.1,90.1,59.3,90,20,4.5,84
17,2023-02,16949.2,16189.6,88.2,61.6,110,45,2.444,71
17,2023-03,17082.7,17245.2,89.8,61.8,112,36,3.111,90
17,2023-04,17279.8,17262.4,92.2,61.0,132,23,5.739,83
17,2023-05,17348.3,17150.8,90.5,59.9,116,74,1.568,82
17,2023-06,17504.6,16505.2,92.2,60.5,105,36,2.917,76
17,2023-07,17803.4,16883.7,92.2,60.6,115,25,4.6,79
17,2023-08,17962.7,17780.6,92.5,61.2,117,108,1.083,81
17,2023-09,18216.9,18090.8,93.2,60.4,100,20,5.0,87
17,2023-10,18365.8,18277.7,93.9,60.6,111,33,3.364,61
17,2023-11,18625.4,18605.1,94.9,62.0,118,20,5.9,67
17,2023-12,18694.0,18589.6,95.3,60.6,120,20,6.0,75
17,2024-01,18834.4,17711.8,96.4,62.0,108,20,5.4,72
17,2024-02,18937.1,18675.0,96.3,63.3,110,20,5.5,71
17,2024-03,19176.4,18518.0,95.5,64.6,110,20,5.5,70
17,2024-04,19299.7,19547.1,93.4,65.7,110,20,5.5,74
17,2024-05,19446.2,19584.4,95.4,66.7,122,25,4.88,74
17,2024-06,19637.1,19983.1,96.5,67.3,111,20,5.55,91
17,2024-07,19707.2,18575.2,98.5,69.1,120,20,6.0,61
17,2024-08,19943.5,20242.9,97.9,68.4,121,20,6.05,75
17,2024-09,20133.3,19628.3,98.6,68.9,113,20,5.65,48
17,2024-10,20329.7,19850.4,99.0,69.5,127,38,3.342,77
17,2024-11,20521.3,19458.4,99.0,68.6,113,47,2.404,72
17,2024-12,20579.0,20660.3,99.0,68.9,144,75,1.92,70
17,2025-01,20609.5,19395.6,99.0,69.6,132,20,6.6,68
17,2025-02,20630.4,20680.1,99.0,69.5,104,20,5.2,84
17,2025-03,20656.9,20819.0,99.0,68.0,117,20,5.85,79
17,2025-04,20901.7,19779.5,97.7,69.6,127,20,6.35,77
17,2025-05,20960.0,20856.0,98.7,69.4,140,20,7.0,69
17,2025-06,21249.9,21015.7,97.5,68.3,100,20,5.0,81
17,2025-07,21309.2,20763.1,95.3,67.6,121,94,1.287,76
17,2025-08,21507.8,21905.7,95.7,68.5,116,39,2.974,85
17,2025-09,21615.2,21429.7,94.8,66.8,89,20,4.45,90
17,2025-10,21662.2,21852.9,95.6,65.1,115,20,5.75,76
17,2025-11,21823.5,21708.7,98.8,66.4,117,71,1.648,80
17,2025-12,21909.8,22183.4,98.3,68.3,114,20,5.7,68
18,2020-01,11584.9,11186.8,75.6,39.1,93,20,4.65,82
18,2020-02,11820.4,11889.1,76.2,37.8,88,20,4.4,91
18,2020-03,11952.4,11741.3,78.1,39.6,94,66,1.424,73
18,2020-04,12173.0,11491.8,75.8,39.3,80,79,1.013,74
18,2020-05,12310.9,11774.8,74.2,39.6,90,54,1.667,93
18,2020-06,12480.7,12549.7,74.9,41.1,80,121,0.661,95
18,2020-07,12645.5,12578.1,76.3,41.1,91,51,1.784,67
18,2020-08,12771.7,12213.7,75.0,41.2,103,107,0.963,91
18,2020-09,12948.2,12413.1,75.4,40.4,73,78,0.936,69
18,2020-10,13101.7,13175.4,73.6,40.8,106,126,0.841,87
18,2020-11,13231.2,12812.8,74.5,42.1,85,23,3.696,69
18,2020-12,13412.7,13308.3,76.0,40.1,99,108,0.917,73
18,2021-01,13696.4,13052.4,77.4,38.9,109,94,1.16,65
18,2021-02,13852.4,13588.6,76.9,39.8,90,23,3.913,88
18,2021-03,14160.4,14227.2,77.8,40.0,100,94,1.064,84
18,2021-04,14381.7,14581.7,79.2,40.4,105,58,1.81,74
18,2021-05,14558.0,13945.2,78.5,41.7,77,78,0.987,80
18,2021-06,14848.9,14776.3,77.8,39.4,104,127,0.819,81
18,2021-07,15141.4,14306.1,81.7,38.3,96,56,1.714,88
18,2021-08,15399.7,14738.3,82.1,38.1,106,58,1.828,62
18,2021-09,15761.1,16024.6,80.3,38.2,100,91,1.099,75
18,2021-10,16148.9,15252.9,81.3,37.4,85,74,1.149,79
18,2021-11,16457.0,15658.2,82.1,38.0,103,61,1.689,54
18,2021-12,16711.1,16428.0,80.3,38.5,102,85,1.2,73
18,2022-01,17088.6,17072.5,81.4,40.4,101,53,1.906,64
18,2022-02,17434.8,17580.1,80.6,39.8,102,85,1.2,66
18,2022-03,17690.2,17993.8,80.7,39.0,105,108,0.972,72
18,2022-04,17933.2,17398.7,78.5,39.0,104,73,1.425,70
18,2022-05,18288.8,18644.2,79.2,37.7,77,65,1.185,74
18,2022-06,18594.8,17827.4,80.0,36.6,84,53,1.585,75
18,2022-07,18907.8,18768.0,78.6,37.1,97,47,2.064,54
18,2022-08,19172.5,18305.5,78.3,37.4,101,47,2.149,82
18,2022-09,19425.4,18364.6,79.1,38.0,99,20,4.95,90
18,2022-10,19741.2,19370.0,78.8,38.7,101,20,5.05,64
18,2022-11,20051.7,19609.6,76.9,36.9,98,68,1.441,80
18,2022-12,20427.2,20195.6,75.5,35.8,101,85,1.188,63
18,2023-01,20665.5,20188.8,75.5,37.0,65,75,0.867,58
18,2023-02,20860.1,20635.5,76.1,38.8,100,102,0.98,72
18,2023-03,21145.4,21114.7,78.1,41.5,82,44,1.864,70
18,2023-04,21330.7,21338.8,80.5,43.2,100,65,1.538,98
18,2023-05,21631.8,21106.1,80.7,43.1,103,20,5.15,68
18,2023-06,22083.6,21981.4,80.7,42.7,113,81,1.395,67
18,2023-07,22292.3,22603.8,80.9,43.4,100,20,5.0,75
18,2023-08,22569.1,22197.4,80.7,44.5,95,66,1.439,80
18,2023-09,22827.3,22451.5,81.8,42.7,114,20,5.7,61
18,2023-10,23077.4,22231.3,79.8,42.9,95,20,4.75,82
18,2023-11,23338.1,23454.9,80.7,42.7,95,20,4.75,71
18,2023-12,23677.0,23553.5,82.1,42.9,95,113,0.841,80
18,2024-01,23974.1,23978.9,83.6,44.1,90,35,2.571,66
18,2024-02,24209.9,23921.9,81.2,44.4,77,61,1.262,93
18,2024-03,24525.6,23622.6,80.1,45.2,99,20,4.95,89
18,2024-04,24792.2,25094.5,80.9,44.1,87,56,1.554,69
18,2024-05,25087.3,24327.2,82.0,43.3,117,111,1.054,62
18,2024-06,25349.2,24065.0,83.5,43.1,96,36,2.667,59
18,2024-07,25638.4,26037.9,81.9,43.8,102,20,5.1,70
18,2024-08,25974.9,26142.4,81.3,44.2,103,25,4.12,84
18,2024-09,26176.1,24892.9,80.2,43.5,104,67,1.552,78
18,2024-10,26226.6,24829.7,79.8,44.8,76,128,0.594,103
18,2024-11,26482.4,25595.0,80.4,44.6,96,30,3.2,76
18,2024-12,26825.3,26561.0,79.8,44.2,106,20,5.3,106
18,2025-01,27111.3,26018.3,80.1,44.9,98,61,1.607,83
18,2025-02,27328.9,26122.1,79.3,44.2,96,20,4.8,95
18,2025-03,27665.5,26605.3,80.0,46.0,85,34,2.5,68
18,2025-04,27880.8,26778.1,78.9,46.0,91,98,0.929,79
18,2025-05,27972.5,27336.5,81.6,47.2,96,54,1.778,71
18,2025-06,28347.5,27415.9,79.6,48.2,85,20,4.25,73
18,2025-07,28665.2,28431.4,77.8,47.2,102,105,0.971,77
18,2025-08,28911.4,29121.1,79.8,45.7,118,29,4.069,78
18,2025-09,29192.3,28060.0,80.6,46.8,126,20,6.3,83
18,2025-10,29423.4,28976.7,81.5,48.3,105,61,1.721,79
18,2025-11,29754.9,28401.1,77.1,45.4,103,29,3.552,74
18,2025-12,30211.3,30234.4,76.1,46.1,95,147,0.646,93
19,2020-01,10544.2,9981.5,83.7,40.0,80,51,1.569,75
19,2020-02,10685.2,10560.7,82.4,40.5,104,66,1.576,65
19,2020-03,10892.4,10566.6,84.8,44.3,104,63,1.651,58
19,2020-04,10954.2,10557.9,84.8,44.2,104,50,2.08,63
19,2020-05,11110.4,11104.2,86.1,44.4,96,51,1.882,78
19,2020-06,11228.5,11144.0,85.1,44.5,97,64,1.516,67
19,2020-07,11390.7,10875.5,87.9,45.4,101,20,5.05,77
19,2020-08,11529.8,11295.7,86.9,46.5,96,20,4.8,94
19,2020-09,11705.2,11667.1,87.9,44.9,115,20,5.75,66
19,2020-10,11843.9,11607.3,90.0,44.1,105,35,3.0,72
19,2020-11,12095.2,11833.5,89.3,43.5,113,35,3.229,73
19,2020-12,12263.0,12424.6,91.1,43.5,116,24,4.833,85
19,2021-01,12403.5,12626.9,89.4,42.9,93,20,4.65,74
19,2021-02,12614.0,12586.4,90.9,43.0,120,91,1.319,83
19,2021-03,12918.7,12345.1,90.9,39.8,102,68,1.5,71
19,2021-04,13110.7,13233.0,91.5,37.8,102,21,4.857,74
19,2021-05,13363.5,12780.0,93.8,37.9,118,20,5.9,62
19,2021-06,13706.6,13579.6,96.3,36.6,129,20,6.45,62
19,2021-07,14089.8,13824.1,97.2,35.7,107,40,2.675,64
19,2021-08,14455.3,13952.9,97.9,35.7,124,20,6.2,77
19,2021-09,14828.6,13940.1,96.9,35.2,112,20,5.6,51
19,2021-10,15137.4,14858.7,99.0,36.1,124,20,6.2,60
19,2021-11,15477.2,14700.6,99.0,36.6,114,20,5.7,54
19,2021-12,15939.1,15574.2,98.0,37.4,113,21,5.381,47
19,2022-01,16286.6,15680.6,97.5,37.9,111,54,2.056,55
19,2022-02,16565.8,15727.3,99.0,37.8,108,20,5.4,72
19,2022-03,16917.0,16374.7,99.0,37.5,128,76,1.684,59
19,2022-04,17399.0,16664.8,99.0,37.3,108,20,5.4,50
19,2022-05,17798.1,16825.6,99.0,36.8,128,20,6.4,66
19,2022-06,18232.8,18127.6,99.0,36.3,102,20,5.1,65
19,2022-07,18532.2,18860.1,99.0,36.3,121,82,1.476,56
19,2022-08,19081.6,18450.8,98.3,33.1,121,35,3.457,76
19,2022-09,19676.5,19828.2,96.4,33.9,108,20,5.4,61
19,2022-10,20196.7,20334.6,95.4,33.5,136,20,6.8,67
19,2022-11,20918.2,20397.0,95.5,30.0,125,63,1.984,56
19,2022-12,21677.4,20887.6,95.1,28.4,114,20,5.7,55
19,2023-01,22526.3,22774.3,96.6,27.9,101,80,1.262,59
19,2023-02,23508.9,23299.3,97.7,28.8,135,20,6.75,52
19,2023-03,24403.8,23243.4,99.0,27.7,111,20,5.55,66
19,2023-04,25394.5,25161.4,99.0,27.0,112,20,5.6,43
19,2023-05,26503.4,25905.0,98.8,27.0,121,20,6.05,46
19,2023-06,27858.6,27372.4,99.0,25.7,125,20,6.25,73
19,2023-07,29048.6,28950.7,97.9,25.1,112,20,5.6,47
19,2023-08,30274.1,29654.4,98.2,27.0,133,22,6.045,40
19,2023-09,31618.9,31251.5,96.6,24.5,101,20,5.05,56
19,2023-10,32930.2,32985.5,96.7,25.6,103,50,2.06,69
19,2023-11,34434.0,33065.1,97.8,25.0,121,37,3.27,67
19,2023-12,35546.1,35041.4,98.7,25.3,116,20,5.8,59
19,2024-01,36904.9,35328.8,98.2,25.2,117,20,5.85,54
19,2024-02,38530.5,36718.1,99.0,24.3,120,20,6.0,62
19,2024-03,40255.1,38519.0,99.0,24.1,97,58,1.672,80
19,2024-04,42283.9,42394.0,98.1,23.5,120,20,6.0,54
19,2024-05,44233.6,43982.0,99.0,21.1,116,20,5.8,52
19,2024-06,46682.3,47055.3,99.0,20.4,119,20,5.95,53
19,2024-07,49535.5,50482.3,99.0,19.2,111,20,5.55,60
19,2024-08,52676.6,50961.5,99.0,18.5,128,44,2.909,52
19,2024-09,55563.5,55840.4,98.8,20.9,134,45,2.978,47
19,2024-10,58838.3,56504.9,98.1,20.7,122,30,4.067,37
19,2024-11,62047.1,58698.5,98.6,21.0,119,20,5.95,41
19,2024-12,65127.0,64198.8,97.9,22.0,130,20,6.5,74
19,2025-01,68491.3,66996.7,95.2,20.1,99,65,1.523,65
19,2025-02,72253.3,70669.1,96.1,20.9,107,62,1.726,41
19,2025-03,76673.5,74957.9,95.0,20.0,111,67,1.657,61
19,2025-04,81170.2,79352.9,96.2,19.7,104,20,5.2,74
19,2025-05,86275.6,85035.3,96.0,19.1,111,20,5.55,58
19,2025-06,91267.0,91642.4,94.2,20.2,109,20,5.45,57
19,2025-07,96061.3,94067.4,93.8,21.8,116,20,5.8,48
19,2025-08,101018.5,102628.0,93.7,20.9,118,22,5.364,63
19,2025-09,106577.9,102223.3,93.1,19.0,109,97,1.124,67
19,2025-10,113916.9,112742.2,92.7,17.9,113,20,5.65,48
19,2025-11,121022.9,115461.6,91.0,19.4,124,94,1.319,52
19,2025-12,128275.3,121593.9,92.9,19.6,105,43,2.442,45
20,2020-01,10433.3,10016.5,64.3,85.4,87,74,1.176,112
20,2020-02,10432.8,10534.6,65.5,83.4,83,82,1.012,118
20,2020-03,10389.8,10274.7,66.5,82.4,58,83,0.699,118
20,2020-04,10329.7,10433.8,67.4,82.0,81,33,2.455,123
20,2020-05,10210.4,10387.1,67.0,83.0,83,139,0.597,111
20,2020-06,10191.4,9589.8,65.4,83.7,61,64,0.953,110
20,2020-07,10153.6,9751.8,65.5,82.8,90,83,1.084,104
20,2020-08,10118.4,10248.2,64.4,82.3,80,187,0.428,104
20,2020-09,10069.7,9928.6,66.4,82.4,76,100,0.76,106
20,2020-10,10020.1,9508.8,66.2,81.7,63,117,0.538,107
20,2020-11,10017.9,9748.2,67.2,78.3,95,134,0.709,95
20,2020-12,10021.2,9892.2,66.7,74.4,67,60,1.117,107
20,2021-01,9968.7,10090.6,65.0,76.6,75,38,1.974,99
20,2021-02,9935.4,9521.7,66.0,76.9,67,88,0.761,109
20,2021-03,9936.3,10118.3,67.2,75.8,81,115,0.704,118
20,2021-04,9926.6,9880.8,69.3,73.3,92,117,0.786,112
20,2021-05,9901.9,9990.9,70.8,73.8,71,151,0.47,109
20,2021-06,9886.0,9532.8,71.7,72.9,91,31,2.935,87
20,2021-07,9877.0,10042.1,77.1,72.6,102,128,0.797,103
20,2021-08,9855.2,9712.5,76.3,73.6,93,130,0.715,94
20,2021-09,9832.7,9434.1,75.9,75.7,90,69,1.304,91
20,2021-10,9830.5,9686.1,75.1,76.9,83,65,1.277,112
20,2021-11,9767.5,9235.1,75.6,78.2,99,78,1.269,89
20,2021-12,9760.9,9645.2,75.7,78.5,105,100,1.05,99
20,2022-01,9724.0,9358.8,76.5,77.7,92,112,0.821,77
20,2022-02,9728.0,9914.1,76.9,77.9,90,106,0.849,96
20,2022-03,9773.3,9296.9,77.5,78.8,95,100,0.95,78
20,2022-04,9761.5,9809.0,76.2,80.6,80,66,1.212,102
20,2022-05,9730.4,9598.3,75.3,80.6,104,77,1.351,82
20,2022-06,9744.2,9277.3,76.9,79.4,89,24,3.708,105
20,2022-07,9732.5,9551.5,78.9,77.6,101,53,1.906,89
20,2022-08,9715.2,9369.4,77.1,75.0,112,58,1.931,108
20,2022-09,9698.2,9553.7,80.2,77.1,100,78,1.282,91
20,2022-10,9585.8,9219.0,83.0,79.0,98,147,0.667,112
20,2022-11,9588.0,9550.8,84.3,80.0,117,22,5.318,108
20,2022-12,9603.3,9754.2,85.2,79.9,101,104,0.971,86
20,2023-01,9564.9,9000.8,85.4,79.8,107,20,5.35,95
20,2023-02,9612.9,9721.7,85.2,77.5,95,20,4.75,94
20,2023-03,9613.6,9479.8,83.6,76.2,107,20,5.35,113
20,2023-04,9643.9,9661.9,84.5,75.2,107,20,5.35,87
20,2023-05,9676.0,9354.9,88.3,74.8,94,98,0.959,107
20,2023-06,9622.3,9387.7,84.8,77.3,102,20,5.1,99
20,2023-07,9669.2,9838.6,82.2,76.9,91,61,1.492,109
20,2023-08,9688.9,9327.6,81.3,75.4,97,20,4.85,81
20,2023-09,9629.7,9105.8,79.2,74.7,105,110,0.955,111
20,2023-10,9693.4,9743.7,77.2,74.3,90,38,2.368,88
20,2023-11,9710.7,9342.4,77.8,73.8,90,51,1.765,99
20,2023-12,9706.4,9782.5,78.2,75.3,103,20,5.15,94
20,2024-01,9701.9,9805.4,76.1,74.2,89,58,1.534,88
20,2024-02,9659.6,9449.9,77.0,73.5,88,103,0.854,77
20,2024-03,9579.1,9462.1,78.4,71.0,107,31,3.452,83
20,2024-04,9569.7,9212.4,78.0,71.0,91,62,1.468,104
20,2024-05,9508.4,9149.0,81.0,71.1,87,20,4.35,75
20,2024-06,9548.1,9110.0,81.9,71.4,117,56,2.089,98
20,2024-07,9547.4,9032.7,81.9,70.8,98,99,0.99,94
20,2024-08,9563.3,9671.3,81.5,71.1,96,68,1.412,85
20,2024-09,9627.1,9560.9,82.3,71.8,100,101,0.99,102
20,2024-10,9656.0,9144.0,80.7,73.5,98,38,2.579,77
20,2024-11,9668.4,9551.3,81.5,71.5,97,117,0.829,93
20,2024-12,9654.3,9812.6,83.1,72.4,97,73,1.329,86
20,2025-01,9656.3,9154.2,85.2,74.0,108,79,1.367,78
20,2025-02,9667.0,9381.6,85.0,74.2,87,20,4.35,83
20,2025-03,9638.1,9534.9,84.4,74.9,105,81,1.296,79
20,2025-04,9675.4,9273.2,82.9,76.6,109,20,5.45,88
20,2025-05,9647.8,9368.6,82.6,77.4,102,40,2.55,100
20,2025-06,9649.1,9387.8,87.1,76.7,101,133,0.759,81
20,2025-07,9691.4,9491.7,88.3,75.3,124,30,4.133,82
20,2025-08,9783.5,9373.7,87.8,76.0,111,20,5.55,77
20,2025-09,9780.6,9861.8,88.3,74.6,93,29,3.207,94
20,2025-10,9779.5,9304.7,87.2,74.8,87,93,0.935,87
20,2025-11,9870.9,9572.4,89.9,76.3,120,107,1.121,97
20,2025-12,9963.7,9857.7,89.2,75.0,117,59,1.983,84
21,2020-01,10448.0,10338.2,71.6,55.5,91,82,1.11,93
21,2020-02,10485.7,10370.9,70.1,55.8,94,85,1.106,79
21,2020-03,10524.2,10502.0,70.1,56.3,82,60,1.367,88
21,2020-04,10587.1,10255.6,70.1,56.4,91,98,0.929,78
21,2020-05,10615.8,10637.6,70.8,58.7,91,85,1.071,102
21,2020-06,10597.0,10281.2,74.5,58.7,89,63,1.413,93
21,2020-07,10639.4,10342.1,74.1,58.1,99,110,0.9,103
21,2020-08,10705.0,10448.8,76.0,58.2,87,50,1.74,70
21,2020-09,10755.7,10201.6,79.2,56.6,93,24,3.875,75
21,2020-10,10873.6,10485.4,77.9,57.7,110,88,1.25,71
21,2020-11,10966.5,10404.1,79.0,57.1,88,109,0.807,73
21,2020-12,10995.9,10453.7,77.6,57.5,106,68,1.559,80
21,2021-01,10981.0,10511.2,79.6,57.9,93,116,0.802,97
21,2021-02,11012.1,11108.1,83.1,60.2,100,28,3.571,79
21,2021-03,11047.3,11015.7,84.1,59.8,87,29,3.0,86
21,2021-04,11113.3,11117.8,85.2,58.6,107,77,1.39,95
21,2021-05,11267.2,11215.8,86.3,58.2,117,47,2.489,80
21,2021-06,11378.2,11339.9,87.7,55.0,100,53,1.887,98
21,2021-07,11462.3,11292.6,85.9,53.3,88,51,1.725,73
21,2021-08,11580.3,10985.6,85.7,52.9,129,20,6.45,85
21,2021-09,11824.0,11637.0,87.3,53.0,102,45,2.267,84
21,2021-10,11921.4,11781.0,88.0,53.7,113,52,2.173,69
21,2021-11,11994.0,11737.2,86.4,53.8,112,45,2.489,71
21,2021-12,12117.0,11435.1,86.1,55.7,112,20,5.6,78
21,2022-01,12170.0,12164.0,84.0,57.0,98,29,3.379,85
21,2022-02,12203.3,11894.7,82.6,57.1,103,20,5.15,68
21,2022-03,12308.5,11667.5,85.2,55.7,103,53,1.943,97
21,2022-04,12439.9,11877.7,85.7,54.9,92,56,1.643,99
21,2022-05,12539.4,12040.7,86.2,53.9,85,78,1.09,72
21,2022-06,12685.3,12365.3,83.3,55.8,108,20,5.4,82
21,2022-07,12870.4,12541.2,83.1,54.1,89,37,2.405,70
21,2022-08,13024.0,12418.7,84.9,53.2,82,24,3.417,78
21,2022-09,13110.1,12865.1,86.2,52.6,101,20,5.05,78
21,2022-10,13182.9,12985.1,88.3,52.9,111,80,1.387,68
21,2022-11,13271.3,12874.1,89.6,51.1,117,22,5.318,76
21,2022-12,13413.2,13148.2,90.3,51.0,117,45,2.6,67
21,2023-01,13629.8,13778.6,90.5,52.3,133,40,3.325,64
21,2023-02,13707.7,13081.9,89.7,53.5,104,20,5.2,70
21,2023-03,13754.0,13056.2,88.8,55.0,113,41,2.756,77
21,2023-04,13937.8,13738.5,90.0,50.6,87,56,1.554,69
21,2023-05,14018.7,14271.2,93.2,49.9,105,33,3.182,66
21,2023-06,14219.8,13908.9,95.4,49.1,145,61,2.377,58
21,2023-07,14406.4,14501.3,96.4,50.0,121,20,6.05,79
21,2023-08,14565.6,13864.0,99.0,49.5,113,20,5.65,64
21,2023-09,14920.9,14222.6,98.1,49.0,111,82,1.354,58
21,2023-10,15113.3,14466.8,98.5,49.2,128,20,6.4,51
21,2023-11,15365.6,15031.1,99.0,50.1,132,20,6.6,66
21,2023-12,15521.6,15221.2,97.2,50.4,109,20,5.45,72
21,2024-01,15745.3,15974.7,98.7,51.7,113,43,2.628,68
21,2024-02,16014.9,16131.1,98.7,51.9,101,20,5.05,74
21,2024-03,16292.7,15422.6,99.0,51.0,104,20,5.2,57
21,2024-04,16452.1,16365.5,98.1,50.9,127,20,6.35,63
21,2024-05,16670.8,16385.1,99.0,51.6,116,20,5.8,61
21,2024-06,17047.8,16154.2,98.3,49.8,119,41,2.902,74
21,2024-07,17261.9,17319.4,98.7,47.0,114,60,1.9,35
21,2024-08,17670.4,16831.5,96.4,46.1,95,20,4.75,52
21,2024-09,18093.7,17885.7,97.3,46.9,113,38,2.974,54
21,2024-10,18414.2,18211.7,97.6,47.3,124,112,1.107,82
21,2024-11,18641.9,18876.6,99.0,50.0,92,31,2.968,79
21,2024-12,18931.2,18451.9,99.0,51.1,114,23,4.957,65
21,2025-01,19205.1,19525.6,99.0,50.7,114,20,5.7,62
21,2025-02,19563.0,18793.8,98.9,50.5,121,20,6.05,69
21,2025-03,19905.9,19547.8,99.0,51.2,120,27,4.444,66
21,2025-04,20154.6,19674.4,99.0,52.5,125,20,6.25,66
21,2025-05,20428.0,19754.9,98.7,51.1,127,20,6.35,53
21,2025-06,20678.5,19551.1,97.9,52.4,110,20,5.5,76
21,2025-07,20988.9,19758.3,98.2,53.2,121,90,1.344,76
21,2025-08,21281.6,21242.7,96.8,52.3,103,41,2.512,61
21,2025-09,21523.6,21275.6,96.8,51.3,106,22,4.818,67
21,2025-10,21866.0,22213.6,98.1,50.2,130,20,6.5,69
21,2025-11,22155.2,22340.1,98.8,50.4,131,23,5.696,70
21,2025-12,22433.4,22528.0,99.0,51.1,127,20,6.35,64
22,2020-01,10886.5,10970.0,95.7,52.4,112,40,2.8,82
22,2020-02,11063.2,11131.7,96.9,51.7,101,20,5.05,49
22,2020-03,11236.5,11071.9,96.5,52.3,98,20,4.9,97
22,2020-04,11393.4,10797.5,97.9,53.4,119,20,5.95,69
22,2020-05,11606.1,11499.1,98.3,54.1,113,20,5.65,78
22,2020-06,11779.9,11148.8,97.7,53.1,123,26,4.731,72
22,2020-07,11920.4,11543.5,98.9,55.1,141,20,7.05,61
22,2020-08,11975.5,11324.5,99.0,57.4,140,20,7.0,68
22,2020-09,12152.1,12260.8,98.4,56.5,130,20,6.5,82
22,2020-10,12311.2,12177.2,97.5,55.2,133,20,6.65,68
22,2020-11,12409.3,12583.3,98.5,57.0,112,22,5.091,48
22,2020-12,12528.7,12241.2,99.0,58.2,141,20,7.05,63
22,2021-01,12668.2,12389.9,98.1,57.4,117,20,5.85,61
22,2021-02,12876.8,12567.2,98.4,57.8,110,20,5.5,70
22,2021-03,12999.4,12278.0,99.0,57.9,114,20,5.7,68
22,2021-04,13199.3,13164.4,99.0,57.7,114,20,5.7,68
22,2021-05,13446.4,13315.8,96.8,56.7,110,20,5.5,63
22,2021-06,13616.5,13499.8,96.5,57.0,114,20,5.7,61
22,2021-07,13779.6,13445.6,98.0,55.9,113,71,1.592,78
22,2021-08,14003.7,13550.2,99.0,57.5,115,20,5.75,64
22,2021-09,14148.0,14291.7,99.0,58.9,129,20,6.45,71
22,2021-10,14204.4,13622.1,98.4,61.0,131,36,3.639,79
22,2021-11,14358.6,13762.6,97.6,59.6,108,47,2.298,61
22,2021-12,14482.8,14419.1,98.6,59.8,122,20,6.1,86
22,2022-01,14612.5,14418.6,99.0,60.4,123,20,6.15,76
22,2022-02,14771.8,14899.1,95.8,62.7,111,20,5.55,77
22,2022-03,14879.3,14489.2,94.1,60.3,106,77,1.377,74
22,2022-04,14963.9,14628.6,94.8,61.3,116,20,5.8,71
22,2022-05,15144.4,14490.6,96.4,63.0,135,65,2.077,84
22,2022-06,15273.7,15570.0,97.2,63.0,123,20,6.15,101
22,2022-07,15484.6,14814.9,97.6,62.0,108,33,3.273,86
22,2022-08,15627.9,15589.2,98.0,61.3,113,46,2.457,60
22,2022-09,15679.9,15432.1,97.0,62.4,115,20,5.75,70
22,2022-10,15809.5,15437.6,99.0,60.9,104,33,3.152,76
22,2022-11,15961.8,15467.3,99.0,59.4,126,20,6.3,51
22,2022-12,16225.8,16378.0,97.9,62.3,129,20,6.45,63
22,2023-01,16363.3,15579.8,96.9,63.2,115,20,5.75,70
22,2023-02,16507.4,16413.7,97.6,63.2,138,20,6.9,76
22,2023-03,16585.1,15758.8,96.9,63.2,103,41,2.512,88
22,2023-04,16742.0,16570.5,96.3,63.8,102,28,3.643,73
22,2023-05,16822.7,16187.1,98.6,63.7,107,20,5.35,61
22,2023-06,16904.0,16440.6,95.5,63.4,98,68,1.441,68
22,2023-07,17050.7,16923.3,94.8,63.5,98,38,2.579,82
22,2023-08,17192.3,16246.3,93.0,64.3,105,20,5.25,62
22,2023-09,17357.3,17382.5,91.2,64.8,98,25,3.92,84
22,2023-10,17419.2,16779.8,92.3,65.4,105,27,3.889,69
22,2023-11,17436.4,17588.3,91.3,64.9,104,20,5.2,66
22,2023-12,17561.4,17721.4,89.9,65.6,111,55,2.018,79
22,2024-01,17588.4,17440.5,89.7,65.8,111,24,4.625,84
22,2024-02,17784.2,17551.6,89.2,64.3,122,57,2.14,84
22,2024-03,18040.4,17983.7,89.4,64.6,114,73,1.562,80
22,2024-04,18138.7,18056.6,90.6,62.5,117,20,5.85,79
22,2024-05,18337.7,18258.6,88.8,65.4,112,20,5.6,89
22,2024-06,18526.2,17700.5,92.6,66.6,113,20,5.65,87
22,2024-07,18622.3,17771.0,95.1,66.7,120,20,6.0,81
22,2024-08,18693.4,18380.2,94.7,67.8,110,20,5.5,91
22,2024-09,18794.1,18808.3,97.1,69.2,116,48,2.417,77
22,2024-10,18910.4,17780.0,98.4,68.2,111,68,1.632,78
22,2024-11,19094.4,18415.4,99.0,68.1,114,20,5.7,71
22,2024-12,19242.6,18566.7,99.0,67.1,125,45,2.778,68
22,2025-01,19367.1,18648.1,99.0,66.3,126,20,6.3,78
22,2025-02,19668.5,20018.5,99.0,66.9,122,20,6.1,70
22,2025-03,19754.3,20067.2,99.0,66.6,113,20,5.65,65
22,2025-04,19817.5,19520.5,99.0,66.6,133,20,6.65,77
22,2025-05,19824.7,19836.6,98.1,69.9,108,31,3.484,74
22,2025-06,19874.5,20192.1,97.5,71.7,117,20,5.85,80
22,2025-07,20021.5,20281.0,96.5,70.3,126,20,6.3,81
22,2025-08,20288.1,19242.9,98.8,70.9,124,20,6.2,65
22,2025-09,20351.0,20140.2,97.5,70.8,113,20,5.65,72
22,2025-10,20483.3,20531.0,99.0,70.7,119,28,4.25,82
22,2025-11,20544.4,19523.2,99.0,69.7,114,20,5.7,78
22,2025-12,20659.0,20902.0,99.0,69.1,122,48,2.542,78
23,2020-01,10853.5,10276.5,67.1,49.0,59,35,1.686,100
23,2020-02,10872.9,10784.3,67.4,50.2,84,163,0.515,80
23,2020-03,10961.4,10955.5,69.1,48.9,91,147,0.619,74
23,2020-04,10945.3,10937.9,68.8,49.6,87,23,3.783,100
23,2020-05,11020.9,10691.5,67.9,50.0,66,58,1.138,87
23,2020-06,11070.0,10582.2,65.9,50.5,80,105,0.762,95
23,2020-07,11146.7,10561.5,66.2,48.5,71,107,0.664,101
23,2020-08,11218.7,10801.9,65.9,47.9,79,167,0.473,100
23,2020-09,11223.2,11413.2,63.9,47.9,81,143,0.566,86
23,2020-10,11247.1,11149.3,65.0,47.9,90,35,2.571,88
23,2020-11,11328.1,11263.9,64.1,48.6,68,176,0.386,112
23,2020-12,11317.3,10877.0,66.2,48.7,89,123,0.724,101
23,2021-01,11280.8,11205.1,67.8,49.1,80,101,0.792,92
23,2021-02,11338.9,11147.2,66.5,48.7,77,83,0.928,84
23,2021-03,11419.7,10760.1,65.2,48.1,74,30,2.467,96
23,2021-04,11368.2,11502.0,64.4,49.8,80,76,1.053,94
23,2021-05,11358.1,10984.8,63.2,50.1,70,133,0.526,102
23,2021-06,11400.7,10953.8,62.0,49.3,72,152,0.474,95
23,2021-07,11539.5,11241.6,65.1,49.2,93,130,0.715,95
23,2021-08,11630.5,11738.3,64.5,50.2,79,117,0.675,105
23,2021-09,11728.7,11567.3,63.3,50.7,67,110,0.609,104
23,2021-10,11778.9,11380.4,61.2,51.4,93,150,0.62,90
23,2021-11,11963.8,11571.6,61.5,50.7,93,156,0.596,98
23,2021-12,12038.4,12188.8,59.6,52.9,74,72,1.028,87
23,2022-01,12100.8,12075.1,59.1,51.9,63,48,1.312,114
23,2022-02,12078.6,12049.4,57.2,53.5,74,140,0.529,94
23,2022-03,12071.5,11494.1,58.0,53.6,79,146,0.541,117
23,2022-04,12021.9,11425.2,60.2,53.2,56,85,0.659,96
23,2022-05,12044.3,11669.0,58.7,52.1,55,91,0.604,110
23,2022-06,12100.9,12041.9,60.6,51.9,85,95,0.895,91
23,2022-07,12142.5,11426.2,62.1,51.6,69,150,0.46,88
23,2022-08,12261.5,12338.4,62.9,51.7,74,138,0.536,96
23,2022-09,12248.4,12245.0,62.4,50.5,85,136,0.625,86
23,2022-10,12280.2,11766.3,62.5,51.5,72,46,1.565,85
23,2022-11,12357.3,11719.1,64.1,50.6,73,86,0.849,96
23,2022-12,12442.5,12153.1,64.7,50.5,78,20,3.9,108
23,2023-01,12503.2,12257.9,65.5,49.6,69,102,0.676,100
23,2023-02,12624.9,12346.4,64.0,49.0,73,85,0.859,92
23,2023-03,12663.1,11990.0,62.8,47.9,93,101,0.921,90
23,2023-04,12822.3,12563.2,61.2,46.6,76,124,0.613,88
23,2023-05,12900.0,13141.8,59.3,46.5,70,137,0.511,104
23,2023-06,12893.2,13120.8,59.8,47.0,82,161,0.509,107
23,2023-07,12933.0,12619.7,59.3,48.0,65,136,0.478,109
23,2023-08,13005.4,12289.2,58.3,49.4,80,102,0.784,112
23,2023-09,13032.4,12782.9,56.4,50.3,66,96,0.688,93
23,2023-10,13049.4,12356.3,54.2,48.8,62,93,0.667,109
23,2023-11,12999.8,13087.5,56.7,48.1,61,51,1.196,110
23,2023-12,13070.3,13148.2,56.4,48.1,77,86,0.895,91
23,2024-01,13096.5,12328.4,58.3,48.9,78,110,0.709,104
23,2024-02,13130.1,12532.9,58.0,48.2,54,53,1.019,105
23,2024-03,13224.2,12710.6,57.3,46.9,58,145,0.4,104
23,2024-04,13257.1,13297.1,57.6,47.4,53,114,0.465,79
23,2024-05,13290.5,12507.0,56.3,46.5,76,140,0.543,97
23,2024-06,13470.3,13573.9,57.9,45.6,71,135,0.526,101
23,2024-07,13538.8,12747.6,55.8,46.3,49,126,0.389,97
23,2024-08,13570.4,13665.9,55.5,46.7,69,127,0.543,93
23,2024-09,13540.0,13720.0,53.8,46.9,72,108,0.667,115
23,2024-10,13609.5,13209.8,56.3,45.9,62,99,0.626,96
23,2024-11,13727.1,13878.0,56.0,44.7,63,172,0.366,97
23,2024-12,13893.3,13387.3,56.3,47.9,64,78,0.821,121
23,2025-01,13901.2,13186.4,57.0,48.8,76,128,0.594,94
23,2025-02,13963.1,13737.7,57.6,48.4,70,142,0.493,91
23,2025-03,14003.2,13340.6,58.2,47.9,81,103,0.786,95
23,2025-04,14109.8,13650.0,59.1,48.5,73,90,0.811,98
23,2025-05,14117.6,14167.2,61.4,49.3,85,101,0.842,103
23,2025-06,14183.9,13960.1,63.1,51.1,72,138,0.522,92
23,2025-07,14203.4,14022.4,61.0,51.1,79,137,0.577,91
23,2025-08,14222.6,13557.5,61.5,52.4,89,88,1.011,96
23,2025-09,14185.2,14006.9,61.8,52.8,92,105,0.876,97
23,2025-10,14240.0,13785.2,64.5,52.6,88,20,4.4,104
23,2025-11,14207.6,14159.2,68.3,52.0,81,65,1.246,95
23,2025-12,14261.8,13895.3,67.2,53.0,70,96,0.729,112
24,2020-01,11097.6,10705.0,27.3,49.5,27,230,0.117,124
24,2020-02,10986.7,11056.3,28.4,50.4,30,147,0.204,132
24,2020-03,10958.1,10946.7,29.2,48.9,36,163,0.221,118
24,2020-04,10931.4,10460.1,31.0,48.3,54,243,0.222,140
24,2020-05,10884.2,10860.9,32.7,49.2,50,255,0.196,141
24,2020-06,10801.4,10606.6,33.9,49.7,35,166,0.211,105
24,2020-07,10752.5,10940.0,32.7,51.3,50,238,0.21,127
24,2020-08,10632.6,10532.5,33.5,48.8,32,158,0.203,118
24,2020-09,10525.8,10597.6,34.7,50.9,47,181,0.26,107
24,2020-10,10458.9,10413.2,36.2,51.3,30,213,0.141,106
24,2020-11,10471.7,10294.4,36.4,51.8,52,234,0.222,116
24,2020-12,10380.3,10544.6,37.9,50.1,38,116,0.328,124
24,2021-01,10368.4,10449.5,37.7,47.3,57,173,0.329,118
24,2021-02,10371.2,9951.8,38.6,45.6,63,218,0.289,92
24,2021-03,10328.5,10327.2,40.2,44.1,76,169,0.45,95
24,2021-04,10242.7,10255.7,38.1,46.6,38,158,0.241,90
24,2021-05,10219.4,10285.3,38.5,48.2,36,240,0.15,111
24,2021-06,10177.3,10280.8,38.2,49.7,35,229,0.153,133
24,2021-07,10131.7,9838.5,37.3,48.5,55,163,0.337,104
24,2021-08,10051.7,10140.9,37.8,47.8,34,131,0.26,105
24,2021-09,9998.3,9940.2,37.6,48.8,51,153,0.333,108
24,2021-10,9978.3,9738.7,36.2,46.8,42,232,0.181,118
24,2021-11,9867.8,9509.6,37.2,47.6,47,166,0.283,109
24,2021-12,9883.2,9680.8,38.0,46.7,60,251,0.239,121
24,2022-01,9882.5,9675.5,37.2,46.4,65,219,0.297,107
24,2022-02,9908.6,9513.5,39.9,47.5,33,241,0.137,108
24,2022-03,9921.9,9358.0,39.3,47.2,64,206,0.311,112
24,2022-04,9862.9,9771.1,38.7,47.5,39,166,0.235,109
24,2022-05,9810.1,9417.2,39.0,47.1,34,220,0.155,113
24,2022-06,9797.3,9541.6,41.7,46.5,31,148,0.209,128
24,2022-07,9785.0,9688.9,39.9,45.3,40,110,0.364,108
24,2022-08,9719.9,9733.5,41.1,48.5,50,135,0.37,117
24,2022-09,9725.1,9844.3,39.3,45.5,39,147,0.265,116
24,2022-10,9680.8,9504.5,40.7,45.9,56,190,0.295,135
24,2022-11,9735.7,9251.3,42.4,44.7,48,269,0.178,107
24,2022-12,9783.5,9940.3,43.6,44.7,60,118,0.508,131
24,2023-01,9766.6,9231.7,45.5,47.0,47,182,0.258,110
24,2023-02,9741.8,9159.2,47.5,48.6,62,137,0.453,91
24,2023-03,9724.1,9603.9,51.1,49.5,61,107,0.57,100
24,2023-04,9710.1,9477.0,49.5,51.1,63,106,0.594,108
24,2023-05,9721.6,9806.4,51.3,50.6,60,155,0.387,117
24,2023-06,9707.6,9841.7,51.0,51.4,47,152,0.309,110
24,2023-07,9695.6,9446.1,49.4,53.0,61,138,0.442,107
24,2023-08,9633.8,9823.6,48.5,52.7,67,186,0.36,109
24,2023-09,9608.5,9195.6,49.3,51.8,61,117,0.521,95
24,2023-10,9553.5,9645.2,48.5,53.4,71,172,0.413,119
24,2023-11,9572.5,9082.9,47.0,53.9,38,151,0.252,98
24,2023-12,9555.8,9466.6,47.0,52.7,51,190,0.268,109
24,2024-01,9590.0,9344.9,47.9,50.9,57,106,0.538,122
24,2024-02,9639.0,9466.4,48.0,49.5,56,127,0.441,113
24,2024-03,9674.0,9589.0,50.0,49.5,47,84,0.56,95
24,2024-04,9603.5,9102.6,52.0,51.0,55,119,0.462,86
24,2024-05,9553.4,9675.9,52.6,50.2,72,78,0.923,91
24,2024-06,9580.2,9148.2,52.1,48.5,70,69,1.014,99
24,2024-07,9515.0,9174.0,50.9,47.3,57,149,0.383,108
24,2024-08,9494.3,8960.3,51.4,49.5,72,158,0.456,122
24,2024-09,9518.7,9704.8,51.4,48.8,46,189,0.243,105
24,2024-10,9512.4,9016.5,52.4,49.3,49,152,0.322,100
24,2024-11,9479.4,9138.3,50.4,48.2,53,153,0.346,115
24,2024-12,9466.9,9242.3,52.5,48.6,59,123,0.48,101
24,2025-01,9429.3,9236.5,54.8,49.4,69,119,0.58,112
24,2025-02,9439.5,9026.5,55.3,50.1,70,93,0.753,108
24,2025-03,9441.1,9035.5,55.3,49.7,70,148,0.473,98
24,2025-04,9439.2,8909.4,54.8,47.8,56,154,0.364,95
24,2025-05,9454.5,9538.3,55.2,47.8,60,128,0.469,89
24,2025-06,9400.2,9058.3,55.1,48.9,91,127,0.717,96
24,2025-07,9436.9,9236.9,53.7,49.7,63,102,0.618,109
24,2025-08,9419.4,9206.8,55.8,49.6,66,155,0.426,99
24,2025-09,9468.3,9551.2,55.7,48.6,54,145,0.372,104
24,2025-10,9496.8,9454.5,59.7,46.5,96,173,0.555,96
24,2025-11,9548.4,9513.7,58.8,46.2,63,120,0.525,84
24,2025-12,9677.4,9648.2,59.5,46.5,95,137,0.693,112
25,2020-01,9394.7,9310.3,57.5,69.9,62,85,0.729,124
25,2020-02,9418.0,9046.0,59.3,69.2,67,124,0.54,101
25,2020-03,9379.1,8867.7,58.8,67.6,74,60,1.233,92
25,2020-04,9363.5,9454.5,60.7,67.9,66,149,0.443,100
25,2020-05,9381.0,9271.8,61.9,68.1,75,119,0.63,117
25,2020-06,9345.5,8949.1,60.3,70.0,55,110,0.5,100
25,2020-07,9320.9,8833.5,61.1,67.5,70,123,0.569,94
25,2020-08,9295.1,8886.2,61.4,67.1,81,145,0.559,88
25,2020-09,9328.6,8807.4,62.2,69.0,81,163,0.497,114
25,2020-10,9339.0,9460.3,64.1,68.0,60,107,0.561,91
25,2020-11,9311.4,9392.5,66.0,68.0,66,89,0.742,98
25,2020-12,9325.0,8862.5,65.9,67.2,86,170,0.506,95
25,2021-01,9355.1,9449.0,66.0,69.1,76,45,1.689,98
25,2021-02,9332.7,8883.8,67.0,70.0,95,117,0.812,92
25,2021-03,9308.7,8812.3,66.6,69.5,79,141,0.56,107
25,2021-04,9250.1,9350.4,64.9,69.8,62,101,0.614,104
25,2021-05,9263.9,8871.9,64.3,68.9,66,137,0.482,110
25,2021-06,9242.8,9226.8,65.7,69.0,64,135,0.474,90
25,2021-07,9164.6,8634.4,62.5,68.9,71,92,0.772,122
25,2021-08,9200.1,9343.8,62.7,66.6,95,147,0.646,103
25,2021-09,9183.6,9212.4,62.3,67.6,75,126,0.595,119
25,2021-10,9184.0,8716.8,62.7,68.6,73,95,0.768,107
25,2021-11,9223.1,8751.0,64.7,70.6,60,172,0.349,109
25,2021-12,9214.6,8991.6,63.1,71.3,75,99,0.758,109
25,2022-01,9205.3,9115.3,61.9,72.7,86,211,0.408,105
25,2022-02,9191.7,9074.6,60.5,72.1,62,142,0.437,95
25,2022-03,9206.2,8837.7,62.2,70.8,53,137,0.387,110
25,2022-04,9207.9,8972.5,60.7,70.4,88,72,1.222,97
25,2022-05,9229.1,8686.8,59.7,70.7,48,141,0.34,115
25,2022-06,9185.9,9242.3,58.7,71.8,57,79,0.722,100
25,2022-07,9103.2,8746.4,56.5,72.6,73,111,0.658,108
25,2022-08,9112.1,8703.6,54.4,73.6,67,126,0.532,113
25,2022-09,9127.1,9060.4,54.6,74.2,70,121,0.579,93
25,2022-10,9109.1,9031.7,52.6,71.8,55,140,0.393,131
25,2022-11,9018.3,8714.5,49.7,70.7,50,155,0.323,112
25,2022-12,8929.4,8949.3,49.9,71.2,52,111,0.468,117
25,2023-01,8896.1,8998.8,50.9,70.0,46,135,0.341,121
25,2023-02,8806.4,8621.6,50.4,69.7,61,163,0.374,116
25,2023-03,8816.6,8763.7,52.7,68.6,66,230,0.287,105
25,2023-04,8795.5,8505.2,53.6,69.5,74,125,0.592,109
25,2023-05,8771.6,8739.7,53.2,68.7,70,105,0.667,119
25,2023-06,8772.8,8547.7,56.1,67.7,85,142,0.599,105
25,2023-07,8708.2,8218.5,59.3,66.9,60,188,0.319,112
25,2023-08,8724.5,8698.2,59.7,67.8,59,121,0.488,92
25,2023-09,8711.8,8333.0,58.2,65.2,56,156,0.359,107
25,2023-10,8653.9,8700.9,58.3,66.9,80,106,0.755,87
25,2023-11,8602.7,8408.3,58.2,67.9,63,48,1.312,122
25,2023-12,8566.1,8100.9,60.0,68.4,74,98,0.755,104
25,2024-01,8601.0,8597.3,59.9,70.3,75,131,0.573,91
25,2024-02,8577.4,8291.2,58.4,70.6,66,141,0.468,127
25,2024-03,8513.7,8301.8,58.7,70.4,67,104,0.644,101
25,2024-04,8551.1,8489.6,61.2,68.7,89,102,0.873,117
25,2024-05,8533.4,8036.8,61.6,69.7,79,111,0.712,102
25,2024-06,8460.7,8466.5,62.9,69.4,74,115,0.643,92
25,2024-07,8411.7,8024.9,63.0,67.8,72,135,0.533,103
25,2024-08,8396.6,8543.1,62.0,69.6,85,38,2.237,83
25,2024-09,8383.9,7960.6,63.8,69.3,68,107,0.636,104
25,2024-10,8349.5,8129.3,62.8,70.1,69,58,1.19,95
25,2024-11,8389.4,8437.0,60.0,73.2,66,103,0.641,103
25,2024-12,8373.1,7924.3,59.5,73.3,72,101,0.713,110
25,2025-01,8356.7,8077.9,62.1,76.1,91,134,0.679,117
25,2025-02,8393.4,8410.3,60.8,75.9,73,177,0.412,103
25,2025-03,8368.9,8005.7,59.0,78.3,95,112,0.848,114
25,2025-04,8371.4,8268.4,59.4,78.2,81,109,0.743,119
25,2025-05,8387.2,8503.7,59.7,78.0,70,111,0.631,114
25,2025-06,8321.7,8173.6,59.6,77.1,67,185,0.362,105
25,2025-07,8331.0,8183.4,61.5,76.5,87,168,0.518,121
25,2025-08,8356.3,8461.9,60.7,74.5,75,95,0.789,119
25,2025-09,8365.1,8352.6,58.7,75.0,71,61,1.164,123
25,2025-10,8336.6,8022.5,56.6,74.8,54,67,0.806,111
25,2025-11,8239.3,8028.1,54.9,75.9,63,181,0.348,128
25,2025-12,8168.5,8084.0,55.7,77.8,62,106,0.585,108
26,2020-01,11748.5,11671.7,78.4,44.6,98,20,4.9,66
26,2020-02,11852.6,11897.4,77.5,44.7,96,30,3.2,93
26,2020-03,12008.6,12027.1,78.3,43.4,94,46,2.043,64
26,2020-04,12134.2,11964.2,77.2,42.4,94,20,4.7,71
26,2020-05,12290.3,11889.6,75.6,41.9,106,46,2.304,91
26,2020-06,12513.9,12453.6,74.7,37.6,95,75,1.267,83
26,2020-07,12717.3,12477.6,73.9,39.2,93,69,1.348,78
26,2020-08,12844.9,12220.6,74.6,40.5,90,113,0.796,91
26,2020-09,12986.1,12289.4,72.9,42.4,80,22,3.636,86
26,2020-10,13097.2,13284.2,73.4,40.8,81,48,1.688,95
26,2020-11,13258.4,13169.0,75.3,40.5,90,45,2.0,67
26,2020-12,13408.3,13488.1,76.6,39.9,95,75,1.267,58
26,2021-01,13610.9,13192.1,78.0,40.8,99,20,4.95,102
26,2021-02,13818.4,13309.3,79.6,41.6,94,74,1.27,78
26,2021-03,13990.6,13259.9,80.2,41.2,72,84,0.857,75
26,2021-04,14187.9,14351.6,81.1,42.0,102,61,1.672,82
26,2021-05,14469.1,14140.7,82.9,41.4,92,32,2.875,68
26,2021-06,14627.9,14001.6,85.1,43.0,111,20,5.55,82
26,2021-07,14716.4,14146.8,82.9,42.0,88,78,1.128,78
26,2021-08,14946.7,14813.1,83.0,42.8,110,76,1.447,71
26,2021-09,15137.4,14387.4,80.9,42.6,98,37,2.649,69
26,2021-10,15377.2,15448.8,85.1,42.7,103,20,5.15,72
26,2021-11,15621.1,15334.1,84.8,41.6,128,20,6.4,89
26,2021-12,15858.2,15537.0,83.4,44.5,106,39,2.718,65
26,2022-01,15978.6,16225.8,85.9,45.7,97,85,1.141,60
26,2022-02,16143.3,15218.4,85.3,45.7,112,61,1.836,64
26,2022-03,16360.2,15798.7,84.0,44.8,116,31,3.742,63
26,2022-04,16633.5,16166.0,85.9,46.4,95,61,1.557,74
26,2022-05,16862.1,16556.0,85.1,46.8,120,84,1.429,81
26,2022-06,17119.4,17251.0,85.1,45.2,87,56,1.554,74
26,2022-07,17368.1,16901.3,83.8,44.5,114,111,1.027,78
26,2022-08,17582.2,17248.5,83.1,44.2,106,22,4.818,74
26,2022-09,17882.9,18173.8,83.5,45.6,92,121,0.76,83
26,2022-10,18070.5,18027.9,83.6,46.0,102,20,5.1,98
26,2022-11,18384.6,18609.7,84.3,47.0,108,81,1.333,67
26,2022-12,18603.6,17570.0,84.1,48.7,106,20,5.3,85
26,2023-01,18832.8,18382.5,86.6,48.6,99,91,1.088,79
26,2023-02,19096.5,18609.6,84.7,48.9,81,34,2.382,65
26,2023-03,19322.7,18317.2,86.6,48.5,110,63,1.746,67
26,2023-04,19558.3,19357.1,88.9,48.5,106,58,1.828,75
26,2023-05,19892.0,20027.7,90.4,47.7,99,31,3.194,79
26,2023-06,20170.1,19264.4,90.9,50.5,100,75,1.333,81
26,2023-07,20286.3,20690.3,90.3,51.1,98,20,4.9,73
26,2023-08,20486.1,19364.4,91.0,52.8,98,75,1.307,74
26,2023-09,20685.6,19889.6,90.6,52.0,125,55,2.273,79
26,2023-10,20920.4,21157.9,90.5,52.1,92,20,4.6,78
26,2023-11,21096.8,20947.6,91.5,53.6,114,40,2.85,84
26,2023-12,21312.1,20157.8,89.7,54.1,118,21,5.619,74
26,2024-01,21639.4,21362.6,88.9,56.1,113,22,5.136,75
26,2024-02,21770.5,21881.9,87.1,56.7,118,20,5.9,95
26,2024-03,21854.7,21411.3,85.0,55.2,94,20,4.7,75
26,2024-04,22128.8,20945.7,84.0,55.5,97,20,4.85,83
26,2024-05,22505.9,21819.6,82.4,54.8,105,34,3.088,67
26,2024-06,22670.6,22955.0,83.9,52.8,104,22,4.727,95
26,2024-07,22846.7,23005.8,84.0,53.2,100,50,2.0,74
26,2024-08,23239.2,23039.1,85.2,54.9,103,20,5.15,80
26,2024-09,23451.7,23081.0,86.6,55.3,98,112,0.875,91
26,2024-10,23572.6,23669.7,87.8,55.6,105,148,0.709,58
26,2024-11,23646.9,23641.0,89.2,55.1,112,101,1.109,76
26,2024-12,23938.9,23259.0,87.9,58.8,89,51,1.745,94
26,2025-01,24064.6,23689.9,86.6,58.2,120,20,6.0,76
26,2025-02,24247.4,22890.8,87.3,58.8,113,75,1.507,91
26,2025-03,24422.1,24268.0,89.4,57.7,104,60,1.733,73
26,2025-04,24682.8,23618.2,90.9,56.8,127,20,6.35,83
26,2025-05,24960.9,24946.5,91.3,56.8,110,28,3.929,91
26,2025-06,25125.8,25119.6,92.1,57.3,105,89,1.18,73
26,2025-07,25438.4,24597.4,90.7,56.9,98,20,4.9,62
26,2025-08,25774.3,24807.8,90.1,59.7,106,20,5.3,82
26,2025-09,26076.3,26429.6,90.4,59.4,116,78,1.487,83
26,2025-10,26161.2,24680.5,92.0,59.7,125,85,1.471,70
26,2025-11,26432.8,26066.4,93.2,58.9,103,38,2.711,78
26,2025-12,26689.1,26154.8,95.2,58.2,112,63,1.778,87
27,2020-01,10989.8,10519.5,47.1,38.3,59,167,0.353,103
27,2020-02,11036.4,10807.4,47.7,38.4,56,211,0.265,105
27,2020-03,11112.9,11119.5,47.5,39.4,65,166,0.392,93
27,2020-04,11128.2,10674.3,47.9,39.2,67,151,0.444,107
27,2020-05,11110.4,10756.4,48.3,38.2,66,201,0.328,96
27,2020-06,11209.4,11184.0,46.6,37.4,58,223,0.26,108
27,2020-07,11344.6,11332.9,47.2,36.9,35,203,0.172,102
27,2020-08,11435.1,10791.8,45.3,36.4,47,242,0.194,106
27,2020-09,11513.8,10946.7,47.2,38.2,56,260,0.215,113
27,2020-10,11678.8,11827.2,48.5,39.9,32,172,0.186,114
27,2020-11,11728.3,11186.3,46.3,38.7,44,212,0.208,117
27,2020-12,11837.5,12012.6,49.4,38.9,46,132,0.348,98
27,2021-01,12036.0,11818.2,50.1,39.2,70,146,0.479,105
27,2021-02,12139.2,12326.6,51.8,37.7,50,144,0.347,101
27,2021-03,12168.0,12326.8,51.0,36.9,42,97,0.433,87
27,2021-04,12221.8,11698.8,49.7,37.1,67,151,0.444,87
27,2021-05,12265.6,11553.1,49.9,39.0,65,202,0.322,101
27,2021-06,12320.5,12415.5,51.2,39.6,74,189,0.392,95
27,2021-07,12449.4,11812.3,50.2,37.3,59,158,0.373,116
27,2021-08,12437.7,12437.3,49.9,36.9,59,223,0.265,90
27,2021-09,12567.1,12642.4,48.8,36.5,61,100,0.61,116
27,2021-10,12618.9,12395.5,47.3,37.6,53,66,0.803,117
27,2021-11,12716.6,12618.4,48.6,38.4,71,99,0.717,111
27,2021-12,12712.9,12909.8,47.5,39.0,43,204,0.211,99
27,2022-01,12878.4,13094.7,48.2,39.6,44,111,0.396,110
27,2022-02,12901.3,13039.1,47.1,36.9,60,191,0.314,103
27,2022-03,13030.0,12955.1,45.1,35.5,63,158,0.399,102
27,2022-04,13188.4,12437.9,48.1,36.3,43,206,0.209,86
27,2022-05,13263.9,13483.1,46.5,35.9,54,126,0.429,83
27,2022-06,13256.7,12770.6,46.5,36.2,71,205,0.346,104
27,2022-07,13329.5,13007.2,47.2,36.2,63,179,0.352,97
27,2022-08,13469.4,13172.3,46.5,36.4,41,216,0.19,97
27,2022-09,13507.1,13622.8,48.2,38.1,59,149,0.396,107
27,2022-10,13536.8,13751.0,47.9,39.8,58,162,0.358,87
27,2022-11,13488.0,13379.7,47.6,40.1,65,120,0.542,105
27,2022-12,13541.0,12996.3,46.0,40.2,30,148,0.203,106
27,2023-01,13599.6,13122.8,45.5,41.7,60,194,0.309,102
27,2023-02,13547.2,13443.8,44.2,41.4,56,181,0.309,119
27,2023-03,13498.4,12853.6,47.5,41.2,63,175,0.36,105
27,2023-04,13565.1,12756.2,46.9,42.0,66,152,0.434,101
27,2023-05,13678.0,13349.9,52.3,42.4,52,126,0.413,84
27,2023-06,13721.1,13566.1,51.9,42.2,62,152,0.408,98
27,2023-07,13767.9,13779.8,52.3,42.9,59,195,0.303,95
27,2023-08,13750.3,13479.8,54.5,41.9,74,227,0.326,103
27,2023-09,13905.5,13632.1,54.3,41.1,73,163,0.448,92
27,2023-10,13981.1,14201.8,54.4,40.6,84,131,0.641,87
27,2023-11,14006.6,13898.0,54.0,41.4,75,73,1.027,81
27,2023-12,14167.1,13347.6,53.5,41.6,64,89,0.719,103
27,2024-01,14278.0,13894.9,54.3,42.5,75,147,0.51,104
27,2024-02,14398.1,13640.9,57.2,41.8,58,91,0.637,115
27,2024-03,14559.0,14560.9,58.3,43.2,64,158,0.405,85
27,2024-04,14759.0,15046.3,59.9,41.5,82,136,0.603,98
27,2024-05,14909.9,15035.5,58.2,40.8,69,185,0.373,91
27,2024-06,15016.0,14795.7,58.7,40.7,56,126,0.444,88
27,2024-07,15109.6,14508.4,59.2,39.1,76,150,0.507,83
27,2024-08,15179.4,15122.2,57.1,38.4,64,94,0.681,82
27,2024-09,15378.6,15183.7,58.6,37.5,71,115,0.617,87
27,2024-10,15515.9,14969.0,57.8,37.7,77,102,0.755,81
27,2024-11,15714.2,15688.9,57.7,37.1,71,124,0.573,85
27,2024-12,15895.6,15868.6,63.4,37.7,78,125,0.624,72
27,2025-01,16054.1,16115.1,64.3,38.7,79,145,0.545,97
27,2025-02,16105.6,15388.5,62.9,40.9,66,112,0.589,94
27,2025-03,16316.3,16211.8,64.0,40.3,71,134,0.53,71
27,2025-04,16419.1,15980.0,64.1,40.4,68,132,0.515,96
27,2025-05,16696.7,16699.6,63.0,39.0,58,83,0.699,106
27,2025-06,16838.6,16400.3,65.7,42.5,68,105,0.648,95
27,2025-07,17093.5,16077.2,66.6,40.9,85,159,0.535,75
27,2025-08,17291.1,17572.6,67.6,39.8,80,93,0.86,71
27,2025-09,17523.7,17145.1,67.1,38.6,74,133,0.556,84
27,2025-10,17711.8,17619.9,69.7,36.9,83,170,0.488,75
27,2025-11,17898.0,17640.3,71.6,37.7,84,84,1.0,91
27,2025-12,18199.7,18034.0,74.9,37.5,90,96,0.938,88
28,2020-01,13592.2,13658.9,73.0,14.0,83,70,1.186,59
28,2020-02,14301.5,13992.7,73.3,15.0,100,38,2.632,56
28,2020-03,15158.3,15244.1,71.3,13.9,104,56,1.857,80
28,2020-04,16108.5,15264.3,70.8,13.1,65,128,0.508,84
28,2020-05,17033.1,17336.8,72.1,14.2,72,122,0.59,73
28,2020-06,18044.1,17238.8,73.3,15.6,96,26,3.692,54
28,2020-07,19072.9,18612.7,72.9,15.7,84,147,0.571,76
28,2020-08,20105.0,19047.1,72.0,15.7,115,69,1.667,84
28,2020-09,21405.3,20323.2,70.5,13.8,89,133,0.669,84
28,2020-10,22575.7,21488.0,71.8,13.9,79,71,1.113,65
28,2020-11,24032.3,23516.9,69.3,13.2,80,124,0.645,59
28,2020-12,25609.4,25675.0,68.7,13.6,71,110,0.645,82
28,2021-01,27166.0,26381.1,67.1,14.7,80,130,0.615,61
28,2021-02,28499.1,26962.3,69.0,15.5,76,65,1.169,75
28,2021-03,29865.5,28269.6,68.4,15.7,88,87,1.011,73
28,2021-04,31394.5,31871.2,70.2,15.9,95,113,0.841,64
28,2021-05,33094.6,31300.8,70.2,14.8,95,80,1.188,75
28,2021-06,34747.1,35302.0,69.5,16.1,89,107,0.832,86
28,2021-07,36422.3,34427.1,70.1,17.1,98,53,1.849,60
28,2021-08,38106.3,37169.9,69.6,17.1,75,91,0.824,74
28,2021-09,39856.8,39667.5,69.4,16.5,90,68,1.324,65
28,2021-10,41493.6,40865.2,70.0,19.6,109,99,1.101,65
28,2021-11,43671.9,42802.6,73.5,17.1,85,132,0.644,64
28,2021-12,46026.5,46341.5,73.4,15.4,90,67,1.343,70
28,2022-01,49438.5,47073.5,76.0,13.0,84,44,1.909,86
28,2022-02,52399.3,53274.3,75.3,14.3,90,68,1.324,72
28,2022-03,55620.7,54746.7,75.2,14.7,90,91,0.989,58
28,2022-04,59428.5,58306.4,75.1,14.3,64,79,0.81,71
28,2022-05,62908.1,62303.6,78.1,14.8,112,63,1.778,50
28,2022-06,67073.2,66384.5,79.7,15.7,116,60,1.933,43
28,2022-07,70670.0,71490.0,79.4,15.7,92,63,1.46,55
28,2022-08,75670.3,76275.3,80.1,14.0,102,20,5.1,62
28,2022-09,81444.0,79850.3,82.6,13.9,89,20,4.45,64
28,2022-10,88206.1,84125.2,82.7,12.1,104,75,1.387,53
28,2022-11,96717.7,94050.0,85.5,11.5,102,80,1.275,55
28,2022-12,106095.7,104051.1,86.5,11.2,105,64,1.641,35
28,2023-01,115700.5,111077.2,86.4,12.7,105,20,5.25,55
28,2023-02,126914.5,123666.6,88.0,11.9,105,66,1.591,43
28,2023-03,139092.3,141105.6,90.2,12.2,111,36,3.083,69
28,2023-04,150623.7,147908.4,90.3,13.7,97,23,4.217,32
28,2023-05,163038.0,160000.1,88.0,13.9,104,20,5.2,69
28,2023-06,177489.3,168030.5,88.0,12.6,112,64,1.75,61
28,2023-07,192737.4,194292.9,86.6,14.2,107,20,5.35,55
28,2023-08,209334.7,213017.1,85.1,13.1,109,66,1.652,56
28,2023-09,225736.9,227198.5,83.4,12.9,101,69,1.464,58
28,2023-10,245262.8,247807.1,83.4,13.2,112,22,5.091,45
28,2023-11,262972.1,265538.6,84.2,14.6,100,42,2.381,68
28,2023-12,282387.1,284851.8,83.5,15.1,91,45,2.022,70
28,2024-01,299257.0,285243.4,84.3,15.7,97,20,4.85,76
28,2024-02,321984.2,303857.6,85.6,14.6,115,20,5.75,53
28,2024-03,340321.6,337545.8,84.5,16.1,98,62,1.581,62
28,2024-04,364120.0,369047.3,85.1,15.7,91,142,0.641,52
28,2024-05,387379.8,370408.2,87.2,15.9,110,20,5.5,61
28,2024-06,412858.7,410924.8,90.7,17.6,107,35,3.057,48
28,2024-07,439759.6,444422.4,87.8,17.0,89,47,1.894,65
28,2024-08,472288.5,448494.4,87.9,14.4,122,49,2.49,54
28,2024-09,502749.0,508243.3,87.5,16.0,124,35,3.543,20
28,2024-10,539400.2,515385.0,86.8,15.0,93,47,1.979,76
28,2024-11,579578.2,553538.7,88.5,14.6,102,48,2.125,51
28,2024-12,621443.7,626796.9,89.8,15.7,112,99,1.131,50
28,2025-01,668666.8,674325.5,88.0,14.9,102,55,1.855,63
28,2025-02,722650.3,696906.7,90.8,14.5,103,45,2.289,62
28,2025-03,787377.2,795234.2,90.8,12.3,121,37,3.27,60
28,2025-04,881268.6,890513.1,91.3,10.8,119,20,5.95,52
28,2025-05,972281.2,985121.6,93.7,11.7,99,58,1.707,45
28,2025-06,1073673.9,1037298.5,94.0,12.4,110,38,2.895,58
28,2025-07,1186934.8,1141041.1,93.1,11.3,113,20,5.65,51
28,2025-08,1310897.4,1280360.6,93.3,11.8,102,80,1.275,46
28,2025-09,1449289.2,1462223.1,92.2,11.8,93,20,4.65,59
28,2025-10,1599508.4,1561331.9,92.3,11.3,101,30,3.367,62
28,2025-11,1767937.4,1803007.7,90.0,11.6,111,111,1.0,61
28,2025-12,1923519.5,1947236.6,88.0,12.4,115,64,1.797,53
29,2020-01,11115.3,10630.9,65.8,41.0,73,176,0.415,78
29,2020-02,11147.6,10647.0,68.9,42.3,86,59,1.458,80
29,2020-03,11247.2,11117.9,69.1,45.1,83,106,0.783,90
29,2020-04,11268.3,10676.7,68.2,46.6,78,85,0.918,98
29,2020-05,11468.6,11230.9,70.3,47.0,71,92,0.772,101
29,2020-06,11530.7,11248.0,67.9,44.9,96,53,1.811,94
29,2020-07,11563.8,11516.5,69.5,46.9,90,20,4.5,79
29,2020-08,11577.6,11397.4,70.0,46.1,83,20,4.15,90
29,2020-09,11707.6,11197.0,69.7,47.0,84,21,4.0,91
29,2020-10,11747.6,11873.9,69.3,46.7,88,109,0.807,98
29,2020-11,11896.2,11961.2,69.5,44.8,91,138,0.659,102
29,2020-12,11951.3,11804.6,69.5,41.8,83,130,0.638,70
29,2021-01,12107.2,11577.8,68.3,40.2,87,83,1.048,95
29,2021-02,12200.2,12157.9,67.3,40.0,78,102,0.765,90
29,2021-03,12268.8,11832.5,65.9,38.2,84,85,0.988,106
29,2021-04,12405.2,12004.9,67.8,39.7,80,104,0.769,81
29,2021-05,12505.5,12711.4,66.4,38.1,84,102,0.824,86
29,2021-06,12515.4,12265.1,65.7,39.7,81,66,1.227,102
29,2021-07,12679.0,12809.5,64.8,40.0,75,87,0.862,92
29,2021-08,12783.3,12833.0,67.4,40.8,85,95,0.895,91
29,2021-09,12993.2,12594.2,68.8,38.3,67,20,3.35,104
29,2021-10,13228.9,12452.4,69.2,36.9,101,126,0.802,92
29,2021-11,13366.7,12980.7,66.3,38.5,68,65,1.046,79
29,2021-12,13477.1,13094.3,68.3,39.3,84,63,1.333,81
29,2022-01,13702.4,12908.2,69.3,37.9,87,100,0.87,77
29,2022-02,13882.4,13805.0,71.3,35.3,82,86,0.953,56
29,2022-03,14062.3,13970.8,73.0,36.2,100,137,0.73,71
29,2022-04,14284.5,13456.0,72.8,34.6,102,59,1.729,82
29,2022-05,14512.2,14471.2,71.6,32.8,97,25,3.88,66
29,2022-06,14771.6,14645.5,70.7,35.4,70,60,1.167,74
29,2022-07,14965.7,15023.4,71.4,35.0,87,130,0.669,64
29,2022-08,15326.0,15156.1,71.2,35.7,76,42,1.81,87
29,2022-09,15492.0,14678.5,69.5,35.1,60,112,0.536,65
29,2022-10,15743.0,15274.4,72.5,35.6,78,55,1.418,74
29,2022-11,15908.1,15393.7,73.9,36.3,67,45,1.489,76
29,2022-12,16098.6,15481.6,73.6,37.4,118,46,2.565,79
29,2023-01,16200.0,16299.9,73.2,37.0,82,89,0.921,64
29,2023-02,16513.2,15551.8,74.6,37.2,96,170,0.565,79
29,2023-03,16748.2,16257.3,77.6,38.6,78,38,2.053,71
29,2023-04,17057.7,16677.8,77.3,38.5,80,127,0.63,72
29,2023-05,17164.2,16694.2,77.2,40.4,81,20,4.05,74
29,2023-06,17417.8,17695.5,77.8,40.8,92,20,4.6,77
29,2023-07,17556.7,17218.2,78.5,42.4,105,20,5.25,84
29,2023-08,17641.6,16655.7,76.7,41.3,65,68,0.956,91
29,2023-09,17919.4,17679.2,78.5,42.2,99,115,0.861,89
29,2023-10,18104.7,17576.5,78.6,41.9,87,129,0.674,76
29,2023-11,18299.1,17510.7,80.7,40.3,121,37,3.27,77
29,2023-12,18578.4,18223.1,81.2,38.0,104,20,5.2,63
29,2024-01,18930.7,19020.7,80.9,36.5,90,71,1.268,88
29,2024-02,19340.7,19582.0,82.8,36.9,114,92,1.239,95
29,2024-03,19816.1,19157.2,83.8,35.6,95,59,1.61,48
29,2024-04,20266.8,19638.4,82.5,34.3,93,124,0.75,67
29,2024-05,20755.6,20085.9,80.7,35.1,93,105,0.886,64
29,2024-06,21144.2,21254.5,79.9,34.0,88,67,1.313,48
29,2024-07,21443.7,21712.9,80.1,34.3,99,34,2.912,75
29,2024-08,21826.8,21768.7,80.2,36.1,87,54,1.611,64
29,2024-09,22337.9,21321.3,78.7,36.3,85,20,4.25,89
29,2024-10,22689.1,22638.6,81.1,39.7,95,122,0.779,76
29,2024-11,23054.6,22395.0,82.1,41.1,95,50,1.9,73
29,2024-12,23146.5,21968.9,80.9,43.1,91,52,1.75,66
29,2025-01,23547.9,22725.3,85.0,42.8,95,68,1.397,76
29,2025-02,24019.2,23405.3,86.0,41.9,109,20,5.45,73
29,2025-03,24487.4,23898.3,86.7,39.1,105,54,1.944,59
29,2025-04,25154.2,25632.7,88.2,38.7,85,20,4.25,64
29,2025-05,25536.0,24826.4,86.8,37.7,104,61,1.705,61
29,2025-06,26162.0,26510.2,88.4,36.0,101,20,5.05,72
29,2025-07,26806.1,26317.2,90.1,36.0,123,20,6.15,71
29,2025-08,27501.0,26115.5,89.8,36.5,104,81,1.284,70
29,2025-09,28259.3,27877.6,90.2,34.7,100,29,3.448,56
29,2025-10,28959.3,29484.3,90.6,34.6,110,50,2.2,60
29,2025-11,29919.1,29408.9,90.0,34.3,119,20,5.95,56
29,2025-12,30646.8,30645.0,91.0,35.7,118,44,2.682,54
30,2020-01,11851.8,11928.3,74.6,28.9,88,145,0.607,64
30,2020-02,12169.5,11976.4,73.7,30.5,91,23,3.957,75
30,2020-03,12518.4,12575.0,74.5,28.9,88,139,0.633,95
30,2020-04,12850.4,12604.6,75.9,26.9,94,75,1.253,81
30,2020-05,13159.3,13260.2,72.8,27.4,82,67,1.224,72
30,2020-06,13441.9,13111.8,72.8,28.8,83,170,0.488,62
30,2020-07,13812.1,13403.5,73.5,27.7,95,28,3.393,72
30,2020-08,14169.5,13829.9,72.4,25.4,95,54,1.759,77
30,2020-09,14565.6,14732.3,72.5,26.4,89,27,3.296,82
30,2020-10,15015.2,14264.6,73.9,28.8,89,74,1.203,60
30,2020-11,15422.3,15013.8,74.1,29.0,75,102,0.735,63
30,2020-12,15772.2,15317.7,74.6,28.2,95,119,0.798,79
30,2021-01,16205.2,15657.3,75.6,29.2,98,29,3.379,76
30,2021-02,16692.6,16527.4,76.6,30.0,85,103,0.825,71
30,2021-03,17045.4,16654.1,75.0,29.7,94,50,1.88,83
30,2021-04,17240.2,16864.8,77.4,30.8,96,116,0.828,64
30,2021-05,17755.0,17486.9,78.9,29.0,107,66,1.621,56
30,2021-06,18234.7,17769.9,81.7,30.6,104,86,1.209,70
30,2021-07,18737.4,19015.4,81.4,32.9,82,103,0.796,68
30,2021-08,19164.1,18564.1,81.7,32.9,86,20,4.3,65
30,2021-09,19561.5,19861.2,79.4,32.8,93,49,1.898,69
30,2021-10,19844.6,19563.6,78.8,34.0,98,57,1.719,86
30,2021-11,20134.7,19848.4,78.7,32.0,108,20,5.4,58
30,2021-12,20533.3,20541.0,80.0,31.0,77,146,0.527,52
30,2022-01,20942.0,19900.5,78.3,29.8,98,68,1.441,65
30,2022-02,21536.2,21514.5,76.1,28.2,65,104,0.625,79
30,2022-03,22076.4,22044.7,77.2,25.6,93,20,4.65,55
30,2022-04,22982.3,22258.8,79.0,24.9,100,90,1.111,67
30,2022-05,23803.5,23300.0,78.1,24.3,75,88,0.852,69
30,2022-06,24530.6,23223.4,77.9,26.2,86,112,0.768,54
30,2022-07,25183.0,25131.8,78.9,27.0,100,20,5.0,70
30,2022-08,25928.2,26041.2,78.7,26.6,101,21,4.81,79
30,2022-09,26693.6,27038.4,78.3,25.1,90,73,1.233,79
30,2022-10,27405.5,26854.5,77.6,25.6,95,22,4.318,71
30,2022-11,28214.1,27098.0,75.9,25.3,89,131,0.679,79
30,2022-12,29037.1,28773.3,76.7,26.8,100,82,1.22,81
30,2023-01,29985.4,29303.7,76.7,27.2,97,20,4.85,81
30,2023-02,30792.2,29807.7,78.8,27.3,97,103,0.942,66
30,2023-03,31700.8,30492.9,79.0,27.1,88,96,0.917,52
30,2023-04,32698.5,32515.8,79.8,27.5,94,20,4.7,87
30,2023-05,33904.7,33860.1,80.2,26.3,96,20,4.8,72
30,2023-06,34910.0,33934.4,80.8,26.9,89,37,2.405,74
30,2023-07,35803.7,35068.9,79.3,27.5,96,107,0.897,69
30,2023-08,36735.2,35338.8,80.3,27.4,105,26,4.038,60
30,2023-09,37647.2,36321.3,81.3,28.4,98,50,1.96,67
30,2023-10,38721.8,37089.6,79.8,29.2,91,84,1.083,73
30,2023-11,39707.7,40443.1,80.4,28.4,92,54,1.704,66
30,2023-12,41115.0,41346.8,80.2,28.6,92,37,2.486,73
30,2024-01,42526.5,42661.0,80.5,29.2,84,53,1.585,71
30,2024-02,43577.0,43309.0,80.3,29.2,100,36,2.778,70
30,2024-03,44390.3,42915.1,78.4,31.1,96,82,1.171,61
30,2024-04,45410.9,44479.9,76.5,30.1,94,79,1.19,66
30,2024-05,46596.3,44986.6,77.6,28.4,78,30,2.6,66
30,2024-06,47861.3,45056.7,75.6,28.6,73,141,0.518,52
30,2024-07,49152.6,47901.1,72.9,26.8,83,142,0.585,67
30,2024-08,49986.2,49512.1,70.6,28.6,73,80,0.912,63
30,2024-09,51016.8,51607.0,72.7,29.3,102,47,2.17,73
30,2024-10,52035.3,50908.9,71.0,30.2,96,20,4.8,67
30,2024-11,53067.5,53139.0,71.0,28.8,68,63,1.079,83
30,2024-12,54620.2,53448.8,70.7,27.5,91,36,2.528,86
30,2025-01,55810.5,53222.3,69.8,28.2,94,156,0.603,75
30,2025-02,57033.5,56699.5,69.4,27.9,79,72,1.097,82
30,2025-03,58297.5,54987.0,69.7,28.2,74,148,0.5,77
30,2025-04,59728.0,57047.8,72.2,29.8,98,45,2.178,79
30,2025-05,60959.2,58477.1,75.9,30.2,86,105,0.819,63
30,2025-06,62135.2,62246.5,73.4,30.8,87,96,0.906,80
30,2025-07,63348.8,60396.8,74.5,30.6,80,101,0.792,98
30,2025-08,64773.7,62605.6,75.7,30.5,103,100,1.03,68
30,2025-09,66588.5,65694.1,75.7,32.6,97,94,1.032,68
30,2025-10,67749.4,63958.5,76.5,32.5,87,77,1.13,94
30,2025-11,69416.9,68490.9,77.1,32.1,85,54,1.574,74
30,2025-12,71546.4,70103.0,78.0,30.5,102,20,5.1,75
31,2020-01,10588.8,10081.7,49.4,56.0,57,101,0.564,98
31,2020-02,10600.4,10201.4,50.9,58.3,62,168,0.369,98
31,2020-03,10596.5,10802.8,55.1,58.3,90,54,1.667,104
31,2020-04,10594.3,10241.4,56.3,59.3,61,143,0.427,109
31,2020-05,10576.9,10566.7,56.8,58.3,49,134,0.366,96
31,2020-06,10568.2,10489.4,58.0,59.1,79,133,0.594,100
31,2020-07,10500.1,10038.8,58.7,57.6,79,93,0.849,105
31,2020-08,10486.8,10174.4,59.2,56.4,66,160,0.412,104
31,2020-09,10516.8,10544.5,57.6,57.1,73,182,0.401,102
31,2020-10,10460.4,10320.1,56.8,58.1,76,113,0.673,99
31,2020-11,10453.1,10271.2,56.9,59.8,56,89,0.629,106
31,2020-12,10433.8,10563.8,55.8,57.7,75,156,0.481,95
31,2021-01,10375.3,10544.7,56.4,56.8,75,119,0.63,97
31,2021-02,10356.7,10253.3,57.5,55.3,70,152,0.461,119
31,2021-03,10399.4,9995.8,59.3,56.6,71,110,0.645,108
31,2021-04,10435.7,10102.6,57.4,56.5,68,161,0.422,103
31,2021-05,10391.5,10026.3,58.9,55.8,78,43,1.814,100
31,2021-06,10415.2,10497.6,59.4,57.2,58,143,0.406,107
31,2021-07,10431.7,10054.5,58.3,56.5,81,79,1.025,98
31,2021-08,10413.8,10593.6,61.3,56.1,84,129,0.651,96
31,2021-09,10446.2,10648.6,61.5,54.9,68,54,1.259,81
31,2021-10,10400.5,10455.5,58.9,54.7,84,130,0.646,102
31,2021-11,10424.8,10197.6,61.4,54.9,85,187,0.455,90
31,2021-12,10536.1,9969.6,61.7,53.9,59,96,0.615,85
31,2022-01,10598.8,10767.7,61.2,55.1,65,117,0.556,83
31,2022-02,10648.9,10812.4,62.7,54.5,63,165,0.382,100
31,2022-03,10642.5,10295.9,63.4,54.0,71,57,1.246,79
31,2022-04,10696.2,10225.3,64.5,53.3,100,152,0.658,99
31,2022-05,10799.4,10805.3,63.6,52.3,89,182,0.489,101
31,2022-06,10815.6,10386.3,61.4,51.6,69,131,0.527,76
31,2022-07,10843.7,10587.2,60.4,50.9,78,32,2.438,106
31,2022-08,10896.6,10556.8,63.9,49.9,77,125,0.616,78
31,2022-09,10960.5,10913.4,64.2,51.3,74,115,0.643,112
31,2022-10,11003.9,11199.7,64.6,50.3,95,134,0.709,94
31,2022-11,11056.4,10765.2,63.7,52.4,70,144,0.486,106
31,2022-12,11089.5,11308.8,63.0,53.2,75,132,0.568,83
31,2023-01,11131.6,11056.0,62.8,52.4,78,144,0.542,85
31,2023-02,11193.7,11315.7,62.2,50.9,63,148,0.426,98
31,2023-03,11306.3,11249.2,63.6,50.1,81,128,0.633,94
31,2023-04,11358.0,11069.2,64.3,48.0,78,96,0.812,104
31,2023-05,11442.2,10767.7,64.4,47.8,96,75,1.28,102
31,2023-06,11464.6,10945.3,62.4,46.8,62,104,0.596,90
31,2023-07,11537.2,11724.9,63.0,46.3,75,126,0.595,99
31,2023-08,11635.2,11126.9,63.2,45.6,82,60,1.367,66
31,2023-09,11644.7,11338.2,62.2,44.9,70,118,0.593,106
31,2023-10,11724.0,11180.8,61.3,43.8,63,134,0.47,104
31,2023-11,11789.6,11760.2,61.5,44.3,96,120,0.8,92
31,2023-12,11763.9,11171.1,60.4,45.2,60,129,0.465,97
31,2024-01,11823.3,12058.6,62.9,45.9,65,89,0.73,99
31,2024-02,11880.9,11715.1,63.4,46.1,77,92,0.837,89
31,2024-03,11907.7,11521.5,67.1,47.3,84,97,0.866,90
31,2024-04,11942.0,12104.4,67.8,45.2,101,161,0.627,86
31,2024-05,12001.5,11535.9,67.0,42.9,68,111,0.613,103
31,2024-06,12034.9,11611.3,66.4,46.4,85,168,0.506,77
31,2024-07,12097.5,11593.8,66.3,47.3,84,182,0.462,112
31,2024-08,12068.9,12101.7,66.7,49.4,75,93,0.806,80
31,2024-09,12129.1,12086.0,66.5,50.0,66,69,0.957,98
31,2024-10,12173.5,11588.5,65.8,50.9,100,131,0.763,99
31,2024-11,12194.6,11637.9,67.4,53.8,91,139,0.655,85
31,2024-12,12234.5,12003.9,65.3,53.1,77,58,1.328,110
31,2025-01,12273.3,11677.5,65.0,51.8,84,39,2.154,92
31,2025-02,12283.1,11553.8,64.9,51.6,84,34,2.471,93
31,2025-03,12307.2,12130.3,64.5,51.5,78,116,0.672,86
31,2025-04,12280.5,12024.8,65.7,51.6,75,155,0.484,85
31,2025-05,12380.3,12433.4,64.5,52.2,88,55,1.6,99
31,2025-06,12390.5,12496.3,67.5,53.3,83,32,2.594,96
31,2025-07,12451.6,11885.5,66.8,53.3,85,68,1.25,74
31,2025-08,12485.7,11831.8,65.3,50.3,79,20,3.95,88
31,2025-09,12536.2,12087.0,68.2,49.6,84,86,0.977,95
31,2025-10,12642.6,12884.3,67.4,49.9,83,178,0.466,96
31,2025-11,12747.5,12359.4,67.4,49.0,77,135,0.57,91
31,2025-12,12775.2,12527.5,67.1,51.5,80,77,1.039,87
32,2020-01,10714.2,10697.7,72.9,37.1,82,135,0.607,71
32,2020-02,10921.3,10958.3,77.8,36.7,93,70,1.329,81
32,2020-03,11137.8,10636.9,78.8,39.0,88,40,2.2,86
32,2020-04,11273.5,10707.9,79.3,39.9,108,70,1.543,70
32,2020-05,11437.8,11658.8,79.2,39.6,107,76,1.408,76
32,2020-06,11640.0,11089.7,77.2,38.0,79,113,0.699,98
32,2020-07,11716.7,11912.0,79.5,39.5,98,75,1.307,87
32,2020-08,11938.8,11623.7,80.9,38.7,85,20,4.25,94
32,2020-09,12061.5,12300.3,79.8,41.5,93,114,0.816,71
32,2020-10,12276.3,12097.2,83.5,41.6,103,59,1.746,76
32,2020-11,12388.5,12476.3,84.2,41.6,98,103,0.951,70
32,2020-12,12559.4,11933.9,85.4,43.1,110,50,2.2,80
32,2021-01,12783.9,12668.1,85.7,42.4,111,95,1.168,70
32,2021-02,12886.7,12302.1,85.8,41.7,97,41,2.366,66
32,2021-03,13130.7,12844.2,86.1,42.9,83,78,1.064,61
32,2021-04,13389.4,12728.3,86.7,44.2,101,59,1.712,70
32,2021-05,13596.6,13205.1,86.0,45.6,107,115,0.93,87
32,2021-06,13695.8,13667.7,86.3,45.4,97,20,4.85,62
32,2021-07,13933.8,14114.1,87.2,45.1,87,65,1.338,72
32,2021-08,14168.2,14332.2,87.1,45.8,94,20,4.7,72
32,2021-09,14435.4,13746.7,86.9,46.3,102,20,5.1,81
32,2021-10,14654.9,14104.3,90.0,46.0,114,20,5.7,73
32,2021-11,14901.6,14974.3,92.2,44.5,114,57,2.0,76
32,2021-12,15171.9,15167.2,93.5,43.0,117,20,5.85,53
32,2022-01,15478.5,14640.6,93.6,43.4,110,36,3.056,57
32,2022-02,15671.0,15743.6,93.7,45.4,106,37,2.865,72
32,2022-03,16052.3,15955.1,97.6,45.4,122,20,6.1,59
32,2022-04,16342.8,15586.9,96.7,44.2,105,20,5.25,61
32,2022-05,16653.5,16928.3,96.3,45.1,116,49,2.367,76
32,2022-06,16896.8,16430.0,96.1,46.0,103,20,5.15,67
32,2022-07,17107.2,16574.7,97.9,45.8,126,50,2.52,71
32,2022-08,17475.9,16515.8,99.0,45.5,123,42,2.929,61
32,2022-09,17748.8,17714.7,97.4,44.1,122,38,3.211,64
32,2022-10,18084.3,17096.0,96.6,43.5,111,20,5.55,62
32,2022-11,18513.7,17852.4,93.3,43.9,103,20,5.15,48
32,2022-12,18806.3,18156.9,94.2,45.9,111,20,5.55,49
32,2023-01,19228.4,19005.9,95.7,45.5,112,24,4.667,51
32,2023-02,19477.7,18916.2,93.9,48.5,117,20,5.85,88
32,2023-03,19747.9,18901.0,92.7,48.0,123,27,4.556,78
32,2023-04,19915.7,19585.4,92.8,48.5,102,20,5.1,93
32,2023-05,20155.0,20142.0,93.3,49.1,118,70,1.686,55
32,2023-06,20471.7,20716.9,91.9,49.2,110,20,5.5,81
32,2023-07,20693.1,20208.8,89.3,50.8,113,31,3.645,92
32,2023-08,20861.2,19640.3,89.2,52.6,98,60,1.633,74
32,2023-09,21026.8,20644.5,89.2,53.1,108,26,4.154,74
32,2023-10,21213.7,21076.4,90.1,53.9,112,29,3.862,68
32,2023-11,21504.3,20480.0,89.8,53.5,99,42,2.357,70
32,2023-12,21683.8,21288.8,89.9,53.0,108,20,5.4,86
32,2024-01,21897.7,20841.3,86.5,51.9,105,36,2.917,82
32,2024-02,22201.5,21136.7,85.6,52.9,110,23,4.783,58
32,2024-03,22672.7,22519.9,86.7,51.9,110,20,5.5,82
32,2024-04,22892.9,22028.2,89.7,52.4,111,23,4.826,92
32,2024-05,23163.9,22290.1,89.6,53.2,115,37,3.108,90
32,2024-06,23370.8,22803.4,87.8,53.0,112,33,3.394,70
32,2024-07,23562.5,22324.9,87.5,52.5,107,65,1.646,60
32,2024-08,23864.3,22606.5,87.9,52.6,104,20,5.2,91
32,2024-09,24171.4,22994.3,89.4,53.8,121,20,6.05,71
32,2024-10,24602.8,23485.9,89.3,53.9,131,33,3.97,77
32,2024-11,24953.9,25103.5,91.2,54.2,110,47,2.34,71
32,2024-12,25300.0,24772.2,89.9,53.5,100,96,1.042,76
32,2025-01,25625.7,25749.7,87.6,54.2,114,20,5.7,60
32,2025-02,25868.2,24837.3,89.5,53.6,105,72,1.458,81
32,2025-03,26152.7,26366.6,89.5,53.0,103,110,0.936,81
32,2025-04,26551.7,25924.3,92.7,54.0,116,20,5.8,88
32,2025-05,26873.5,26418.7,92.9,50.9,111,30,3.7,71
32,2025-06,27347.3,27341.1,95.8,50.0,113,20,5.65,57
32,2025-07,27810.8,28267.5,96.3,51.1,115,20,5.75,66
32,2025-08,28161.0,26754.5,94.8,50.8,122,20,6.1,76
32,2025-09,28602.5,27615.6,95.2,52.4,107,20,5.35,85
32,2025-10,28675.3,27046.0,96.3,53.5,108,20,5.4,59
32,2025-11,28959.6,29129.7,95.9,54.4,120,20,6.0,74
32,2025-12,29487.2,28400.7,95.2,54.2,110,33,3.333,53
33,2020-01,10420.4,10347.6,31.5,37.3,26,271,0.096,107
33,2020-02,10377.8,10020.5,32.7,38.5,32,197,0.162,136
33,2020-03,10350.1,9985.5,34.0,38.7,26,206,0.126,114
33,2020-04,10384.0,10060.6,32.3,37.4,31,201,0.154,110
33,2020-05,10326.1,10127.9,32.6,38.7,34,260,0.131,117
33,2020-06,10258.6,9704.1,32.2,38.0,41,180,0.228,141
33,2020-07,10282.3,9755.0,32.3,36.7,36,156,0.231,108
33,2020-08,10292.0,10349.1,34.1,36.9,48,129,0.372,112
33,2020-09,10268.0,10042.8,33.1,37.1,26,209,0.124,115
33,2020-10,10220.8,10330.0,33.1,36.0,53,181,0.293,120
33,2020-11,10196.7,10033.1,33.3,35.9,33,150,0.22,125
33,2020-12,10221.9,9972.0,35.1,36.7,39,222,0.176,124
33,2021-01,10228.7,10280.2,35.9,35.3,28,192,0.146,93
33,2021-02,10163.2,9903.9,35.3,36.0,20,141,0.142,127
33,2021-03,10202.0,10067.0,34.7,34.9,41,218,0.188,126
33,2021-04,10195.9,9943.3,36.0,36.3,41,208,0.197,116
33,2021-05,10238.5,10104.0,36.8,38.3,43,215,0.2,103
33,2021-06,10234.3,9939.2,37.9,36.5,45,178,0.253,113
33,2021-07,10204.3,9912.3,38.9,34.6,35,265,0.132,93
33,2021-08,10188.4,9978.4,37.5,33.8,61,160,0.381,105
33,2021-09,10291.5,9714.6,38.9,33.6,31,268,0.116,106
33,2021-10,10284.2,9726.3,38.1,33.9,69,111,0.622,111
33,2021-11,10286.3,9676.1,37.2,34.4,47,176,0.267,103
33,2021-12,10307.8,10097.6,37.7,36.1,35,228,0.154,98
33,2022-01,10313.9,9907.5,39.5,35.6,48,195,0.246,101
33,2022-02,10311.0,9785.2,39.4,36.8,36,237,0.152,95
33,2022-03,10365.7,10406.8,38.6,36.7,35,236,0.148,91
33,2022-04,10359.4,10337.6,38.6,38.4,43,162,0.265,110
33,2022-05,10410.6,10482.6,37.6,37.7,39,146,0.267,119
33,2022-06,10370.3,10383.1,36.7,36.5,52,206,0.252,97
33,2022-07,10382.3,10289.7,38.5,34.8,39,195,0.2,113
33,2022-08,10427.4,10080.0,38.7,35.4,50,139,0.36,113
33,2022-09,10404.4,10286.2,40.4,33.0,46,186,0.247,105
33,2022-10,10391.2,10399.8,43.0,32.6,57,169,0.337,77
33,2022-11,10418.9,10265.0,41.8,33.9,60,178,0.337,115
33,2022-12,10481.3,9893.1,44.1,31.1,58,214,0.271,103
33,2023-01,10527.6,10452.0,43.3,30.8,51,195,0.262,98
33,2023-02,10533.9,10315.2,44.5,31.6,51,145,0.352,84
33,2023-03,10683.0,10446.3,43.4,31.6,71,144,0.493,99
33,2023-04,10753.0,10196.1,45.4,31.2,40,135,0.296,84
33,2023-05,10842.3,10934.8,49.2,33.5,60,191,0.314,100
33,2023-06,10926.0,10452.9,48.6,34.1,31,56,0.554,106
33,2023-07,10968.7,10877.5,49.3,36.0,57,148,0.385,102
33,2023-08,11040.6,10559.5,49.4,35.6,69,155,0.445,99
33,2023-09,11101.3,11265.1,49.7,35.7,64,160,0.4,77
33,2023-10,11116.1,11152.8,52.0,35.5,47,178,0.264,115
33,2023-11,11190.9,11379.6,52.6,37.7,64,183,0.35,104
33,2023-12,11185.3,10939.2,52.0,38.4,70,127,0.551,105
33,2024-01,11306.7,10706.9,51.8,37.4,81,155,0.523,92
33,2024-02,11281.7,11022.3,51.2,38.7,58,203,0.286,95
33,2024-03,11277.6,11437.0,50.4,39.6,66,174,0.379,84
33,2024-04,11293.0,11260.0,54.0,39.6,58,62,0.935,107
33,2024-05,11350.1,11200.4,57.0,39.6,78,154,0.506,90
33,2024-06,11362.4,11058.2,56.2,37.8,62,109,0.569,103
33,2024-07,11464.0,11176.6,54.9,36.2,77,225,0.342,82
33,2024-08,11503.6,11181.7,54.0,34.7,66,163,0.405,83
33,2024-09,11595.8,11539.9,55.0,35.0,74,131,0.565,98
33,2024-10,11726.3,11399.9,55.3,37.2,68,102,0.667,104
33,2024-11,11853.4,11870.8,54.4,36.8,65,63,1.032,88
33,2024-12,11840.3,11629.0,54.6,35.7,64,137,0.467,86
33,2025-01,11986.3,11707.4,53.9,35.6,58,126,0.46,73
33,2025-02,11992.1,11494.6,53.4,33.6,53,198,0.268,98
33,2025-03,12049.8,11860.0,54.6,34.1,56,96,0.583,103
33,2025-04,12156.1,12314.2,57.0,33.5,74,178,0.416,87
33,2025-05,12299.8,12497.8,54.7,33.0,67,58,1.155,107
33,2025-06,12443.1,12363.0,54.5,32.0,82,50,1.64,91
33,2025-07,12568.6,12124.8,55.5,32.0,91,96,0.948,89
33,2025-08,12744.8,12077.9,56.2,30.2,70,155,0.452,107
33,2025-09,12914.7,12488.9,56.6,29.6,69,155,0.445,72
33,2025-10,12956.1,12559.2,60.1,32.8,63,139,0.453,106
33,2025-11,13147.1,12944.8,63.1,33.6,64,85,0.753,106
33,2025-12,13275.7,13459.0,61.6,32.7,39,136,0.287,99
34,2020-01,11402.5,11459.9,64.1,37.9,62,25,2.48,90
34,2020-02,11494.0,10835.1,64.6,40.2,74,99,0.747,108
34,2020-03,11565.0,11434.8,63.9,40.2,88,160,0.55,84
34,2020-04,11657.3,11030.9,63.9,38.0,72,163,0.442,73
34,2020-05,11738.0,11580.0,65.2,37.6,83,167,0.497,81
34,2020-06,11821.6,11326.3,62.0,36.9,69,102,0.676,91
34,2020-07,11940.0,11819.0,60.2,36.5,76,73,1.041,74
34,2020-08,12039.2,12041.4,61.5,36.9,71,49,1.449,90
34,2020-09,12239.5,11514.0,62.7,36.1,72,83,0.867,87
34,2020-10,12349.9,12395.8,62.3,36.2,76,43,1.767,79
34,2020-11,12460.7,12023.6,64.2,36.6,63,26,2.423,102
34,2020-12,12499.5,12143.6,64.4,36.9,73,39,1.872,78
34,2021-01,12639.0,12233.5,63.4,37.6,74,126,0.587,72
34,2021-02,12749.8,12043.5,60.6,37.0,92,140,0.657,74
34,2021-03,12908.7,12980.9,62.9,35.8,83,144,0.576,84
34,2021-04,13020.2,12720.6,62.2,37.3,81,96,0.844,84
34,2021-05,13081.7,13054.0,63.6,37.1,70,74,0.946,88
34,2021-06,13147.5,12726.0,63.0,37.7,68,113,0.602,81
34,2021-07,13304.4,12921.9,63.1,38.1,57,69,0.826,79
34,2021-08,13437.9,13107.1,62.9,39.5,86,167,0.515,95
34,2021-09,13582.4,13118.0,65.2,38.5,67,141,0.475,67
34,2021-10,13721.3,13251.9,65.3,38.6,79,161,0.491,86
34,2021-11,13960.4,13640.2,66.8,37.9,76,82,0.927,92
34,2021-12,14105.8,14136.7,71.7,36.2,91,45,2.022,57
34,2022-01,14337.6,13742.4,72.2,37.7,99,142,0.697,65
34,2022-02,14536.0,13791.2,71.5,37.7,75,108,0.694,84
34,2022-03,14842.5,15089.4,71.5,37.7,85,107,0.794,78
34,2022-04,15014.6,14625.7,68.8,38.7,80,105,0.762,86
34,2022-05,15061.2,14436.9,68.3,41.3,83,115,0.722,90
34,2022-06,15258.6,14733.1,69.7,39.5,80,85,0.941,79
34,2022-07,15348.7,14928.1,71.5,38.1,89,43,2.07,83
34,2022-08,15579.0,14732.2,70.7,37.3,79,61,1.295,87
34,2022-09,15814.4,15061.9,70.8,37.9,73,83,0.88,97
34,2022-10,16036.7,16170.1,72.2,38.5,84,74,1.135,79
34,2022-11,16254.3,15668.5,75.7,40.1,78,55,1.418,64
34,2022-12,16379.7,15859.5,74.0,39.4,88,97,0.907,76
34,2023-01,16533.2,16600.2,73.4,40.1,94,103,0.913,81
34,2023-02,16669.2,15880.3,77.7,41.8,105,39,2.692,85
34,2023-03,16930.5,17017.9,79.4,41.5,95,62,1.532,72
34,2023-04,17034.1,16871.0,78.5,42.6,83,108,0.769,69
34,2023-05,17263.4,16786.0,79.3,42.3,92,118,0.78,64
34,2023-06,17397.2,16848.8,76.1,42.8,86,122,0.705,77
34,2023-07,17614.0,17831.7,76.4,43.7,90,65,1.385,87
34,2023-08,17726.0,17659.6,78.0,44.9,84,51,1.647,85
34,2023-09,17855.4,18075.7,79.9,45.4,85,26,3.269,77
34,2023-10,17978.6,17143.1,80.0,45.1,108,66,1.636,81
34,2023-11,18211.4,17198.5,77.3,43.8,92,33,2.788,70
34,2023-12,18391.8,18164.6,78.2,44.4,101,61,1.656,84
34,2024-01,18631.9,18487.8,79.1,45.0,91,83,1.096,78
34,2024-02,18776.5,18752.7,80.8,46.0,94,107,0.879,75
34,2024-03,19001.2,18871.2,79.9,47.7,92,87,1.057,73
34,2024-04,19169.8,19004.5,80.5,49.1,100,37,2.703,65
34,2024-05,19405.5,18816.0,84.1,48.8,124,129,0.961,80
34,2024-06,19516.8,19751.4,83.0,50.5,103,76,1.355,86
34,2024-07,19744.9,20078.2,83.7,51.4,108,20,5.4,90
34,2024-08,19827.6,19752.4,83.8,52.5,104,82,1.268,88
34,2024-09,20032.0,20360.2,84.8,54.9,86,76,1.132,75
34,2024-10,20234.9,19748.9,86.8,54.5,111,75,1.48,65
34,2024-11,20417.3,19484.8,87.6,55.1,98,20,4.9,65
34,2024-12,20372.0,19971.3,88.8,56.2,117,64,1.828,73
34,2025-01,20649.8,19815.7,90.4,56.1,106,20,5.3,73
34,2025-02,20884.0,20434.9,93.1,55.9,89,32,2.781,91
34,2025-03,21005.2,20501.1,91.8,55.9,119,20,5.95,77
34,2025-04,21294.7,21150.4,90.3,55.3,118,20,5.9,87
34,2025-05,21573.3,20513.9,89.8,57.7,113,86,1.314,72
34,2025-06,21784.2,21861.2,88.1,57.3,99,40,2.475,84
34,2025-07,21882.1,21452.5,88.1,57.4,95,23,4.13,80
34,2025-08,21951.8,21196.4,88.8,57.0,99,43,2.302,79
34,2025-09,22010.2,21986.3,86.9,57.2,110,40,2.75,82
34,2025-10,22281.1,22515.3,89.6,56.6,109,22,4.955,71
34,2025-11,22498.5,22500.2,88.4,55.9,99,20,4.95,89
34,2025-12,22676.9,21591.5,87.2,52.1,117,20,5.85,50
35,2020-01,11026.4,10500.6,85.8,38.9,102,66,1.545,86
35,2020-02,11264.1,10823.9,84.5,39.4,97,66,1.47,59
35,2020-03,11509.6,11446.5,85.7,38.6,107,21,5.095,50
35,2020-04,11668.0,11848.7,85.4,40.4,105,20,5.25,73
35,2020-05,11846.8,11916.8,86.0,39.5,117,73,1.603,92
35,2020-06,12044.3,11362.2,84.8,41.0,96,69,1.391,61
35,2020-07,12203.1,12296.0,84.2,38.8,123,26,4.731,86
35,2020-08,12418.3,12552.5,84.5,38.4,98,43,2.279,78
35,2020-09,12594.8,12122.5,84.8,40.1,107,109,0.982,77
35,2020-10,12767.1,12666.2,85.6,39.5,98,139,0.705,65
35,2020-11,12965.2,12360.1,88.8,39.3,93,71,1.31,67
35,2020-12,13250.8,13466.8,91.3,38.2,98,21,4.667,56
35,2021-01,13540.6,13062.3,92.5,37.9,99,20,4.95,78
35,2021-02,13847.2,13729.6,93.6,38.8,99,20,4.95,77
35,2021-03,14116.6,14021.7,94.2,39.4,126,20,6.3,65
35,2021-04,14389.9,14672.1,95.0,40.3,123,80,1.538,64
35,2021-05,14667.3,14381.1,94.5,41.0,103,20,5.15,55
35,2021-06,15081.3,14195.3,94.9,40.1,117,20,5.85,46
35,2021-07,15385.2,14794.6,95.5,42.0,128,20,6.4,63
35,2021-08,15641.5,15004.3,98.0,43.7,110,20,5.5,76
35,2021-09,15886.8,14991.8,96.1,46.5,113,20,5.65,44
35,2021-10,16182.3,15629.9,96.5,46.8,113,32,3.531,65
35,2021-11,16466.8,16465.5,98.1,47.6,121,31,3.903,69
35,2021-12,16893.8,16756.7,99.0,46.9,120,20,6.0,73
35,2022-01,17115.4,16500.8,99.0,46.7,133,58,2.293,44
35,2022-02,17402.2,16723.4,98.4,46.7,135,74,1.824,84
35,2022-03,17687.9,17450.1,99.0,46.1,103,20,5.15,67
35,2022-04,18023.7,16963.7,98.7,44.6,137,20,6.85,76
35,2022-05,18294.2,18245.4,95.3,43.9,120,20,6.0,49
35,2022-06,18596.0,18341.5,95.9,43.3,104,20,5.2,81
35,2022-07,18919.2,18503.7,95.2,44.1,113,20,5.65,54
35,2022-08,19343.7,18979.1,97.2,45.0,116,20,5.8,72
35,2022-09,19776.9,19239.8,99.0,44.4,115,47,2.447,69
35,2022-10,20015.6,20005.3,99.0,44.0,115,20,5.75,56
35,2022-11,20388.2,19977.8,99.0,44.6,117,20,5.85,51
35,2022-12,20715.5,20907.5,99.0,45.6,125,29,4.31,64
35,2023-01,20979.7,20545.6,99.0,47.6,128,20,6.4,56
35,2023-02,21358.6,21127.5,99.0,44.8,119,31,3.839,69
35,2023-03,21912.4,22085.6,99.0,44.1,119,20,5.95,70
35,2023-04,22231.6,21430.7,99.0,45.3,119,20,5.95,55
35,2023-05,22530.0,22949.1,98.1,44.0,120,28,4.286,68
35,2023-06,22929.9,22033.6,97.1,44.5,122,20,6.1,78
35,2023-07,23238.2,22779.7,97.7,43.6,106,20,5.3,63
35,2023-08,23591.4,23452.6,98.8,41.4,102,20,5.1,59
35,2023-09,24058.7,24134.4,97.1,40.5,139,101,1.376,57
35,2023-10,24701.6,24336.5,95.6,41.2,102,105,0.971,60
35,2023-11,25315.5,24171.8,95.4,42.5,124,20,6.2,64
35,2023-12,25957.4,25836.8,95.7,41.6,116,20,5.8,80
35,2024-01,26549.5,25236.7,93.2,42.1,111,49,2.265,47
35,2024-02,27170.7,27688.8,93.8,40.4,120,77,1.558,69
35,2024-03,27795.8,26829.1,91.3,40.1,100,48,2.083,54
35,2024-04,28373.0,27055.1,91.0,39.3,114,40,2.85,64
35,2024-05,28776.6,29345.4,92.2,41.6,101,20,5.05,62
35,2024-06,29210.2,27642.5,92.3,40.7,99,20,4.95,73
35,2024-07,29649.5,28943.2,89.7,40.6,97,58,1.672,41
35,2024-08,30373.2,29561.4,91.2,41.5,92,20,4.6,57
35,2024-09,30837.9,29662.1,91.8,41.1,122,47,2.596,73
35,2024-10,31347.5,31781.1,90.1,42.0,120,93,1.29,62
35,2024-11,31846.0,32277.1,89.5,41.6,118,73,1.616,77
35,2024-12,32299.2,32082.6,89.5,40.3,107,20,5.35,57
35,2025-01,32877.8,32726.0,87.0,40.2,118,79,1.494,66
35,2025-02,33470.2,32900.1,85.7,41.3,98,20,4.9,63
35,2025-03,34022.6,33554.4,87.3,41.3,96,20,4.8,63
35,2025-04,34778.1,35031.1,85.3,41.5,111,58,1.914,63
35,2025-05,35580.4,35746.5,85.3,41.0,109,135,0.807,62
35,2025-06,36207.7,35347.0,85.3,43.0,96,20,4.8,74
35,2025-07,36650.5,35378.5,87.5,42.8,98,49,2.0,71
35,2025-08,37337.3,35301.5,87.2,43.0,94,20,4.7,69
35,2025-09,37906.6,37173.6,86.1,41.8,114,94,1.213,62
35,2025-10,38380.1,37513.7,87.2,43.5,110,21,5.238,60
35,2025-11,38985.5,38827.4,85.1,42.2,98,20,4.9,87
35,2025-12,39543.2,38996.6,83.6,43.2,87,20,4.35,64
36,2020-01,10798.8,10891.3,75.7,36.3,85,78,1.09,80
36,2020-02,10932.0,11081.2,77.8,36.2,84,83,1.012,82
36,2020-03,11150.9,11051.2,79.1,38.4,93,20,4.65,73
36,2020-04,11309.7,11414.5,77.0,39.6,101,50,2.02,67
36,2020-05,11480.4,11017.0,77.0,38.2,79,124,0.637,77
36,2020-06,11659.0,11056.6,78.0,38.6,94,81,1.16,74
36,2020-07,11851.7,11629.2,78.1,39.0,101,57,1.772,71
36,2020-08,12084.7,11530.9,76.2,38.5,99,125,0.792,79
36,2020-09,12270.6,12132.5,78.7,38.1,104,117,0.889,89
36,2020-10,12377.3,12248.6,79.3,39.7,100,44,2.273,82
36,2020-11,12549.4,12089.2,81.0,40.2,83,71,1.169,68
36,2020-12,12714.8,12091.5,80.2,40.7,81,66,1.227,67
36,2021-01,12823.1,12226.4,80.2,39.2,103,90,1.144,68
36,2021-02,13094.4,12563.5,79.6,41.1,92,31,2.968,76
36,2021-03,13246.9,13281.5,79.0,40.7,98,69,1.42,61
36,2021-04,13444.0,12734.2,77.5,40.7,91,63,1.444,94
36,2021-05,13574.7,13216.0,79.0,42.7,80,46,1.739,77
36,2021-06,13680.2,13519.1,78.4,44.3,108,81,1.333,82
36,2021-07,13921.3,13239.5,78.1,43.8,102,109,0.936,73
36,2021-08,14056.0,13766.9,78.4,45.5,92,104,0.885,74
36,2021-09,14216.3,13490.4,78.4,45.4,80,23,3.478,66
36,2021-10,14342.4,14604.4,78.3,47.0,93,55,1.691,72
36,2021-11,14397.1,14067.8,78.8,47.2,87,57,1.526,68
36,2021-12,14478.7,14378.2,79.1,48.1,110,37,2.973,74
36,2022-01,14696.9,13858.5,81.4,47.2,95,64,1.484,77
36,2022-02,14926.7,14498.1,83.3,45.5,105,61,1.721,74
36,2022-03,15142.7,15345.2,83.2,45.4,96,24,4.0,64
36,2022-04,15393.8,15694.0,84.1,46.6,115,36,3.194,73
36,2022-05,15480.4,15601.9,82.3,45.7,88,41,2.146,93
36,2022-06,15549.2,15204.5,82.7,44.8,88,62,1.419,80
36,2022-07,15626.8,15580.6,83.7,44.8,113,89,1.27,71
36,2022-08,15799.9,15815.8,83.8,45.7,114,34,3.353,61
36,2022-09,16024.5,15871.3,82.0,43.7,102,96,1.062,88
36,2022-10,16266.5,15862.4,83.1,44.7,95,74,1.284,89
36,2022-11,16540.9,16063.4,82.2,43.0,105,117,0.897,59
36,2022-12,16883.2,16119.1,83.1,42.4,94,77,1.221,81
36,2023-01,17077.5,16629.9,84.3,42.7,112,92,1.217,55
36,2023-02,17432.4,16990.1,83.6,43.6,82,20,4.1,72
36,2023-03,17648.7,16895.2,79.6,45.0,106,53,2.0,63
36,2023-04,17854.8,17129.7,80.8,45.0,108,82,1.317,76
36,2023-05,17944.0,18266.4,81.5,45.5,89,52,1.712,80
36,2023-06,18128.6,17563.4,79.5,45.9,105,128,0.82,85
36,2023-07,18434.7,18535.8,82.4,45.3,112,39,2.872,72
36,2023-08,18785.7,17711.0,81.9,46.2,104,22,4.727,93
36,2023-09,19059.0,18014.2,80.0,45.5,114,73,1.562,79
36,2023-10,19356.1,19454.7,81.3,44.3,88,41,2.146,49
36,2023-11,19708.8,19418.2,81.0,45.8,103,83,1.241,71
36,2023-12,20013.4,19068.1,79.3,45.9,85,123,0.691,78
36,2024-01,20163.7,19016.5,78.0,44.2,101,21,4.81,85
36,2024-02,20397.3,19253.2,76.6,43.9,91,20,4.55,87
36,2024-03,20578.3,20628.5,76.9,42.2,77,31,2.484,78
36,2024-04,20954.0,21224.9,74.4,40.6,97,84,1.155,80
36,2024-05,21255.7,20181.0,72.0,39.7,92,107,0.86,88
36,2024-06,21545.6,21359.5,74.5,38.7,64,96,0.667,67
36,2024-07,22108.0,20878.4,75.8,39.3,86,67,1.284,79
36,2024-08,22271.4,22453.1,76.4,38.3,111,77,1.442,66
36,2024-09,22632.7,22828.6,76.1,37.0,91,110,0.827,82
36,2024-10,22983.5,21950.7,77.8,38.6,94,67,1.403,81
36,2024-11,23334.9,22254.3,76.5,37.9,100,56,1.786,72
36,2024-12,23628.2,23861.0,78.9,40.0,97,79,1.228,54
36,2025-01,23881.0,23563.0,78.5,38.6,99,124,0.798,61
36,2025-02,24206.8,23311.4,75.5,36.4,90,109,0.826,72
36,2025-03,24357.7,23443.1,75.2,36.7,100,22,4.545,90
36,2025-04,24661.7,24610.7,72.0,36.9,84,154,0.545,76
36,2025-05,25253.7,24172.8,73.5,35.0,94,34,2.765,83
36,2025-06,25589.5,24466.9,72.8,35.0,74,104,0.712,94
36,2025-07,26247.0,26009.0,72.6,33.6,70,41,1.707,62
36,2025-08,26883.2,25447.4,73.5,33.0,84,32,2.625,66
36,2025-09,27328.4,27832.7,76.1,33.4,93,81,1.148,84
36,2025-10,27735.9,27523.3,77.7,33.6,84,36,2.333,57
36,2025-11,28256.7,28006.4,76.7,31.6,89,50,1.78,98
36,2025-12,28724.1,28522.4,76.6,31.1,89,68,1.309,77
37,2020-01,11510.3,10831.4,83.8,31.6,104,30,3.467,61
37,2020-02,11725.6,11767.5,82.7,33.4,99,20,4.95,69
37,2020-03,12036.6,11797.4,84.1,34.1,113,20,5.65,68
37,2020-04,12361.1,11812.5,84.7,35.9,113,20,5.65,71
37,2020-05,12555.2,11867.1,86.0,37.0,113,93,1.215,76
37,2020-06,12760.0,12932.1,85.5,38.8,94,20,4.7,70
37,2020-07,12982.7,12339.3,85.7,39.7,97,20,4.85,63
37,2020-08,13182.0,12715.9,86.2,41.3,109,58,1.879,86
37,2020-09,13400.0,13211.2,83.8,44.0,86,51,1.686,86
37,2020-10,13576.4,13511.1,82.0,43.1,120,20,6.0,52
37,2020-11,13704.2,13659.9,82.6,43.3,101,63,1.603,74
37,2020-12,13871.2,13791.9,80.2,44.4,96,77,1.247,68
37,2021-01,14116.1,13802.2,77.9,43.4,91,86,1.058,78
37,2021-02,14290.6,13635.1,78.5,46.1,102,66,1.545,75
37,2021-03,14446.2,14375.2,78.8,47.0,110,48,2.292,70
37,2021-04,14549.7,14279.0,76.6,47.8,74,89,0.831,88
37,2021-05,14649.7,14040.9,77.2,49.1,95,127,0.748,78
37,2021-06,14749.6,14032.7,77.3,49.7,81,49,1.653,77
37,2021-07,14885.3,14906.7,76.6,49.0,105,24,4.375,72
37,2021-08,15047.4,14473.0,75.0,49.8,93,20,4.65,82
37,2021-09,15143.4,14639.7,76.9,49.9,99,34,2.912,81
37,2021-10,15279.8,14520.4,76.0,49.6,110,112,0.982,79
37,2021-11,15393.2,14883.3,77.0,48.8,99,20,4.95,65
37,2021-12,15432.3,14829.6,76.5,48.4,101,66,1.53,94
37,2022-01,15548.5,15727.0,79.0,49.5,82,73,1.123,79
37,2022-02,15689.0,15692.9,79.5,49.9,89,48,1.854,111
37,2022-03,15941.8,15322.3,78.9,48.0,95,61,1.557,70
37,2022-04,16096.6,15244.3,78.2,47.7,100,91,1.099,82
37,2022-05,16274.4,15470.5,78.7,46.1,93,54,1.722,79
37,2022-06,16524.4,15902.2,78.5,45.6,89,152,0.586,64
37,2022-07,16746.6,16152.1,74.8,44.7,89,61,1.459,85
37,2022-08,17066.9,16770.0,74.3,43.0,93,150,0.62,84
37,2022-09,17243.4,16475.3,73.0,44.3,75,135,0.556,99
37,2022-10,17387.5,17048.8,74.6,44.4,97,91,1.066,99
37,2022-11,17564.4,17809.8,77.4,46.8,80,98,0.816,87
37,2022-12,17779.2,17767.6,78.7,47.8,95,20,4.75,62
37,2023-01,17931.6,17471.6,77.8,48.8,80,20,4.0,65
37,2023-02,18192.3,17750.5,78.2,50.1,81,20,4.05,96
37,2023-03,18197.6,17109.9,77.3,49.4,111,70,1.586,92
37,2023-04,18391.8,17555.5,76.4,48.6,93,20,4.65,75
37,2023-05,18583.2,18266.4,76.0,48.9,94,54,1.741,73
37,2023-06,18722.8,17804.3,77.6,48.3,105,74,1.419,89
37,2023-07,18874.9,18564.2,75.8,47.0,85,89,0.955,78
37,2023-08,19029.0,18028.2,76.4,46.4,96,68,1.412,80
37,2023-09,19146.2,18022.2,75.2,45.4,105,75,1.4,93
37,2023-10,19292.5,19626.7,74.2,42.9,94,97,0.969,81
37,2023-11,19547.5,19701.6,74.7,45.0,89,56,1.589,94
37,2023-12,19681.5,19125.9,71.8,43.8,88,121,0.727,71
37,2024-01,19894.1,19367.8,72.1,43.8,85,60,1.417,85
37,2024-02,20065.7,18966.5,71.5,44.0,81,188,0.431,88
37,2024-03,20135.6,20107.0,73.7,44.6,85,61,1.393,90
37,2024-04,20359.7,19969.3,74.1,42.8,94,51,1.843,93
37,2024-05,20495.6,19415.3,75.6,44.2,70,20,3.5,84
37,2024-06,20672.4,19484.2,74.7,43.3,112,45,2.489,102
37,2024-07,20947.7,20305.9,74.2,43.0,102,20,5.1,73
37,2024-08,21374.4,21106.1,74.9,43.9,87,73,1.192,88
37,2024-09,21837.2,20878.3,73.8,44.3,93,77,1.208,98
37,2024-10,22023.1,22260.6,73.8,43.5,96,66,1.455,76
37,2024-11,22308.7,21546.6,72.9,41.3,88,30,2.933,76
37,2024-12,22572.4,22441.5,73.9,42.4,91,108,0.843,76
37,2025-01,22723.7,21557.9,74.7,43.9,91,35,2.6,72
37,2025-02,23004.3,21793.2,72.2,45.2,86,38,2.263,78
37,2025-03,23242.5,22238.9,73.6,45.4,99,43,2.302,69
37,2025-04,23334.0,22366.5,72.9,47.5,86,69,1.246,70
37,2025-05,23643.3,24098.6,72.7,46.0,84,52,1.615,79
37,2025-06,23893.3,22593.8,73.1,45.3,100,147,0.68,88
37,2025-07,24156.0,23543.6,73.0,44.7,81,105,0.771,93
37,2025-08,24377.9,23488.9,73.8,45.5,88,46,1.913,82
37,2025-09,24564.9,24202.4,70.5,45.4,76,47,1.617,94
37,2025-10,24631.5,24824.6,70.5,44.1,94,60,1.567,61
37,2025-11,24831.3,25108.5,68.6,43.7,66,98,0.673,74
37,2025-12,25150.4,24612.7,67.0,45.9,97,96,1.01,98
38,2020-01,10135.5,9891.5,59.3,41.0,84,189,0.444,92
38,2020-02,10224.8,9640.3,59.0,41.4,75,65,1.154,102
38,2020-03,10337.4,9785.5,59.0,39.7,51,126,0.405,77
38,2020-04,10418.4,10407.0,58.8,40.8,56,220,0.255,93
38,2020-05,10457.6,10203.4,58.4,41.3,86,120,0.717,90
38,2020-06,10519.0,10050.8,58.0,41.6,69,138,0.5,102
38,2020-07,10500.7,10590.9,56.7,42.0,76,145,0.524,94
38,2020-08,10598.6,10107.7,59.6,42.8,74,96,0.771,102
38,2020-09,10667.3,10491.3,60.4,42.5,69,90,0.767,101
38,2020-10,10763.9,10275.1,59.8,42.0,85,144,0.59,72
38,2020-11,10848.5,10527.1,60.7,41.7,67,134,0.5,102
38,2020-12,10909.3,10435.7,62.7,41.6,68,115,0.591,87
38,2021-01,10972.8,10432.5,61.4,42.0,84,104,0.808,86
38,2021-02,11064.0,10930.2,61.4,40.2,56,141,0.397,71
38,2021-03,11160.6,11042.5,61.4,41.3,75,166,0.452,78
38,2021-04,11246.0,11061.3,60.9,40.7,80,134,0.597,68
38,2021-05,11355.7,11005.9,59.8,40.8,71,82,0.866,111
38,2021-06,11469.3,11683.1,59.5,40.0,68,95,0.716,96
38,2021-07,11463.4,11234.6,60.8,40.0,68,20,3.4,88
38,2021-08,11511.1,11287.6,60.5,40.2,87,171,0.509,86
38,2021-09,11529.2,11558.2,61.1,40.8,92,32,2.875,93
38,2021-10,11619.4,11451.5,61.5,40.9,67,121,0.554,89
38,2021-11,11673.2,11379.6,62.4,41.6,69,157,0.439,80
38,2021-12,11750.4,11587.9,64.2,42.4,64,141,0.454,89
38,2022-01,11896.2,12069.1,65.7,42.9,82,48,1.708,76
38,2022-02,11952.0,11526.0,67.1,43.6,77,125,0.616,90
38,2022-03,12136.6,11979.9,69.1,42.9,97,93,1.043,97
38,2022-04,12206.0,11755.6,69.2,43.2,74,94,0.787,96
38,2022-05,12290.9,11873.3,67.5,41.1,66,131,0.504,92
38,2022-06,12533.3,12701.0,69.0,40.8,81,68,1.191,82
38,2022-07,12672.1,12118.7,67.4,41.4,89,124,0.718,92
38,2022-08,12823.9,12309.3,69.1,41.4,87,112,0.777,97
38,2022-09,12930.3,12161.8,69.0,39.9,95,121,0.785,97
38,2022-10,13085.9,12601.0,68.1,40.7,71,148,0.48,79
38,2022-11,13154.7,12860.8,67.9,42.0,83,167,0.497,79
38,2022-12,13252.5,13245.5,69.9,42.1,77,83,0.928,87
38,2023-01,13364.4,12879.7,69.1,42.3,84,135,0.622,55
38,2023-02,13506.2,12899.9,68.1,40.3,84,112,0.75,89
38,2023-03,13613.1,13215.9,68.9,40.3,62,78,0.795,92
38,2023-04,13690.9,13654.5,71.4,44.0,85,114,0.746,91
38,2023-05,13899.6,14153.0,72.0,41.3,88,71,1.239,102
38,2023-06,14067.1,14060.2,72.4,42.7,74,68,1.088,81
38,2023-07,14341.1,14298.9,74.3,39.5,79,20,3.95,93
38,2023-08,14573.4,13989.8,73.0,40.2,85,93,0.914,86
38,2023-09,14829.2,13940.7,73.0,39.1,106,20,5.3,86
38,2023-10,14972.4,14943.3,74.9,37.6,98,74,1.324,78
38,2023-11,15168.1,14449.3,76.2,36.0,103,66,1.561,51
38,2023-12,15534.6,15169.3,79.2,35.1,96,58,1.655,68
38,2024-01,15759.0,15133.4,81.7,36.3,99,90,1.1,83
38,2024-02,15946.9,16161.3,80.3,37.3,94,26,3.615,69
38,2024-03,16265.3,16386.2,80.2,37.1,87,47,1.851,54
38,2024-04,16592.0,16874.8,81.6,36.4,94,44,2.136,85
38,2024-05,16868.9,16242.6,79.3,37.1,78,20,3.9,63
38,2024-06,17180.2,17417.6,77.9,35.4,86,66,1.303,92
38,2024-07,17538.7,16882.1,78.1,35.7,82,100,0.82,70
38,2024-08,17953.6,17134.6,79.9,35.3,104,74,1.405,77
38,2024-09,18466.4,17586.8,78.5,35.0,100,116,0.862,73
38,2024-10,18777.4,18270.7,76.0,35.1,82,33,2.485,68
38,2024-11,19040.1,18548.5,75.1,35.0,92,38,2.421,86
38,2024-12,19394.8,18359.1,74.3,33.8,91,82,1.11,78
38,2025-01,19730.8,18606.5,75.1,34.1,88,27,3.259,84
38,2025-02,20249.3,20278.5,75.6,33.2,77,82,0.939,82
38,2025-03,20766.0,20337.2,74.7,31.6,91,150,0.607,66
38,2025-04,21213.9,21595.7,76.1,31.6,77,20,3.85,69
38,2025-05,21602.5,20730.2,75.5,32.6,94,20,4.7,86
38,2025-06,21928.3,21067.3,76.8,33.2,90,70,1.286,86
38,2025-07,22247.5,22175.2,76.6,31.7,112,40,2.8,72
38,2025-08,22674.9,22089.0,72.8,31.7,87,49,1.776,80
38,2025-09,23202.9,22622.1,72.9,32.8,95,44,2.159,81
38,2025-10,23715.3,24049.3,72.7,32.3,78,36,2.167,63
38,2025-11,24215.5,23982.9,73.9,32.5,86,40,2.15,81
38,2025-12,24751.7,23927.6,76.4,32.6,105,57,1.842,74
39,2020-01,10371.2,9966.5,67.5,76.4,88,76,1.158,115
39,2020-02,10445.6,10156.3,66.3,76.6,75,71,1.056,82
39,2020-03,10469.1,10315.4,68.9,77.7,74,53,1.396,92
39,2020-04,10422.4,9956.6,67.4,77.7,91,135,0.674,112
39,2020-05,10397.2,10402.5,67.8,77.2,82,116,0.707,106
39,2020-06,10395.7,9846.7,68.2,77.2,74,114,0.649,103
39,2020-07,10382.3,10197.3,67.7,74.5,80,105,0.762,121
39,2020-08,10337.1,10465.2,66.8,74.4,74,93,0.796,83
39,2020-09,10301.2,9711.9,65.0,72.8,70,114,0.614,110
39,2020-10,10226.2,9919.8,63.2,71.6,76,85,0.894,98
39,2020-11,10127.6,9761.3,63.9,71.5,76,138,0.551,97
39,2020-12,10145.2,10245.2,63.7,69.9,79,82,0.963,93
39,2021-01,10152.1,9807.4,64.8,70.7,77,58,1.328,118
39,2021-02,10125.8,10315.8,65.4,71.6,86,157,0.548,105
39,2021-03,10165.1,10363.4,68.9,71.9,70,88,0.795,98
39,2021-04,10182.7,9661.3,69.3,72.1,76,57,1.333,91
39,2021-05,10204.7,10232.7,68.6,73.5,90,62,1.452,97
39,2021-06,10156.1,9608.6,67.9,72.8,85,101,0.842,86
39,2021-07,10069.9,10093.7,67.5,73.5,66,143,0.462,94
39,2021-08,10092.6,10265.7,70.0,74.1,76,95,0.8,103
39,2021-09,10082.4,10214.8,68.8,75.2,98,82,1.195,86
39,2021-10,10116.3,10204.7,68.0,77.2,80,97,0.825,103
39,2021-11,10045.2,9621.6,69.2,79.3,98,67,1.463,108
39,2021-12,10075.6,9699.2,70.1,78.8,77,95,0.811,115
39,2022-01,10051.7,9958.4,71.0,80.4,90,77,1.169,102
39,2022-02,10003.7,9999.7,69.5,77.4,91,103,0.883,114
39,2022-03,9991.9,9947.3,72.1,77.1,84,98,0.857,105
39,2022-04,10040.6,9472.2,74.5,77.1,94,122,0.77,89
39,2022-05,9985.7,9563.5,76.5,78.2,94,92,1.022,80
39,2022-06,10101.1,10137.6,78.0,77.1,97,143,0.678,107
39,2022-07,10086.0,10072.4,77.8,76.7,90,95,0.947,92
39,2022-08,10121.1,9516.8,78.3,77.6,101,120,0.842,104
39,2022-09,10109.6,10128.1,75.5,76.2,87,84,1.036,103
39,2022-10,10130.5,9666.5,74.4,76.5,79,107,0.738,99
39,2022-11,10146.4,9992.2,75.0,77.8,69,56,1.232,92
39,2022-12,10117.1,10122.5,76.2,80.0,88,88,1.0,88
39,2023-01,10098.0,10000.8,75.3,75.9,70,72,0.972,104
39,2023-02,10140.8,9584.2,74.6,74.7,84,45,1.867,94
39,2023-03,10143.7,9729.4,75.9,72.2,110,63,1.746,110
39,2023-04,10202.8,9970.4,76.1,72.5,94,123,0.764,87
39,2023-05,10254.8,10146.8,75.8,71.4,101,42,2.405,91
39,2023-06,10255.7,9855.6,74.2,71.8,91,20,4.55,103
39,2023-07,10255.6,9812.3,75.8,72.5,92,83,1.108,95
39,2023-08,10303.0,10451.4,75.6,71.8,105,34,3.088,101
39,2023-09,10313.5,10274.2,75.0,72.9,92,20,4.6,89
39,2023-10,10276.3,10135.7,73.4,72.9,87,129,0.674,90
39,2023-11,10234.0,9843.3,71.5,73.5,95,58,1.638,106
39,2023-12,10194.9,10284.2,72.2,74.6,99,58,1.707,96
39,2024-01,10191.9,10244.2,74.6,75.3,89,53,1.679,85
39,2024-02,10182.7,9743.8,74.4,73.9,82,60,1.367,79
39,2024-03,10196.4,9675.9,78.1,74.0,83,20,4.15,95
39,2024-04,10214.9,9808.7,79.3,74.3,90,67,1.343,104
39,2024-05,10207.6,9780.2,78.1,72.2,92,28,3.286,79
39,2024-06,10190.9,10088.5,79.7,72.7,91,20,4.55,96
39,2024-07,10257.7,9981.0,78.2,71.9,90,20,4.5,90
39,2024-08,10273.4,10153.2,77.5,72.7,94,40,2.35,95
39,2024-09,10277.5,10276.5,76.5,72.1,86,111,0.775,105
39,2024-10,10289.7,9971.1,76.7,71.5,85,20,4.25,95
39,2024-11,10256.3,10159.5,74.6,71.6,84,101,0.832,74
39,2024-12,10253.8,9647.4,76.8,71.7,84,57,1.474,76
39,2025-01,10168.1,10344.4,77.6,73.0,94,111,0.847,99
39,2025-02,10148.0,10319.6,78.6,72.0,96,57,1.684,84
39,2025-03,10146.0,10008.4,79.6,73.8,106,20,5.3,101
39,2025-04,10143.7,9713.5,80.7,74.3,95,20,4.75,98
39,2025-05,10155.5,10341.7,79.8,76.7,115,85,1.353,84
39,2025-06,10154.2,9907.0,81.0,78.1,104,20,5.2,83
39,2025-07,10145.9,10082.4,80.1,77.0,87,83,1.048,95
39,2025-08,10146.3,9982.4,78.6,77.6,107,115,0.93,93
39,2025-09,10139.4,9624.0,80.1,75.1,94,98,0.959,92
39,2025-10,10125.4,9801.0,80.4,75.5,90,104,0.865,100
39,2025-11,10137.2,9984.6,78.8,77.0,95,26,3.654,105
39,2025-12,10121.8,10208.5,79.4,76.1,86,24,3.583,87
40,2020-01,11208.8,10819.0,60.3,51.4,86,62,1.387,106
40,2020-02,11270.5,11080.1,63.1,51.2,78,144,0.542,95
40,2020-03,11280.8,10694.8,63.1,48.4,82,75,1.093,84
40,2020-04,11395.2,10965.9,63.6,48.9,61,110,0.555,103
40,2020-05,11394.9,10815.2,63.0,49.5,69,132,0.523,78
40,2020-06,11468.1,10847.2,64.1,49.3,83,84,0.988,99
40,2020-07,11509.6,11373.2,63.2,50.0,59,185,0.319,94
40,2020-08,11554.8,11292.9,64.4,51.9,68,89,0.764,111
40,2020-09,11581.3,11229.8,64.4,51.4,62,144,0.431,100
40,2020-10,11610.2,11445.9,64.3,51.6,81,74,1.095,100
40,2020-11,11586.9,11632.0,67.3,50.4,82,57,1.439,84
40,2020-12,11688.1,11771.8,68.2,49.7,83,107,0.776,76
40,2021-01,11754.8,11172.8,70.0,49.8,76,139,0.547,86
40,2021-02,11825.8,11412.1,68.3,48.0,82,88,0.932,97
40,2021-03,11945.4,11776.9,66.2,49.3,84,83,1.012,88
40,2021-04,12003.2,11304.7,65.7,49.5,69,131,0.527,84
40,2021-05,12063.4,11658.3,67.9,49.7,83,55,1.509,90
40,2021-06,12170.9,12254.0,68.7,47.9,87,108,0.806,101
40,2021-07,12237.7,11665.0,67.9,48.6,77,171,0.45,89
40,2021-08,12235.2,11879.8,71.9,51.5,77,178,0.433,95
40,2021-09,12199.4,12313.4,73.4,49.7,92,51,1.804,80
40,2021-10,12261.4,12115.3,74.1,48.4,82,20,4.1,85
40,2021-11,12459.4,12685.9,72.5,48.5,84,77,1.091,81
40,2021-12,12596.8,12424.4,72.5,48.8,68,88,0.773,95
40,2022-01,12683.0,12240.4,72.3,47.5,95,71,1.338,99
40,2022-02,12812.7,13048.2,70.7,46.3,86,53,1.623,83
40,2022-03,12840.4,12118.7,70.3,47.0,94,111,0.847,78
40,2022-04,12890.3,13096.9,70.1,47.2,95,71,1.338,92
40,2022-05,12968.2,12430.5,66.6,48.9,72,133,0.541,79
40,2022-06,13064.8,12592.0,67.0,48.5,91,84,1.083,97
40,2022-07,13049.4,13192.8,68.6,45.7,83,113,0.735,89
40,2022-08,13207.9,12456.3,65.6,46.6,84,227,0.37,100
40,2022-09,13227.9,12827.2,65.7,47.9,77,122,0.631,92
40,2022-10,13350.5,12685.3,67.6,48.1,73,130,0.562,84
40,2022-11,13474.8,13396.6,67.7,46.7,64,30,2.133,92
40,2022-12,13523.6,13301.3,70.2,47.0,90,180,0.5,89
40,2023-01,13621.5,13730.7,70.0,48.4,84,24,3.5,92
40,2023-02,13729.4,13231.0,70.6,49.0,80,21,3.81,89
40,2023-03,13855.6,14123.5,72.1,49.1,83,118,0.703,74
40,2023-04,13974.0,13746.2,74.3,51.3,99,47,2.106,95
40,2023-05,14036.7,13932.5,74.3,52.7,102,96,1.062,84
40,2023-06,14188.2,14259.0,77.3,53.6,83,20,4.15,83
40,2023-07,14219.0,13536.2,77.9,53.1,104,20,5.2,85
40,2023-08,14335.4,13830.8,78.6,54.1,108,29,3.724,76
40,2023-09,14540.9,14498.1,79.0,56.4,101,20,5.05,87
40,2023-10,14698.2,14335.9,77.7,55.4,89,136,0.654,77
40,2023-11,14780.9,14277.5,80.4,55.7,94,90,1.044,72
40,2023-12,14957.5,14197.9,79.9,55.3,100,75,1.333,66
40,2024-01,15043.3,14865.9,81.4,54.3,90,90,1.0,68
40,2024-02,15133.4,15268.5,79.8,53.1,97,154,0.63,74
40,2024-03,15155.3,14551.2,81.2,54.9,79,61,1.295,74
40,2024-04,15229.2,14772.2,81.1,56.1,95,23,4.13,89
40,2024-05,15356.6,15091.3,81.3,56.1,92,66,1.394,76
40,2024-06,15401.4,15680.6,82.0,54.6,100,32,3.125,60
40,2024-07,15509.7,15039.3,83.8,54.7,112,45,2.489,74
40,2024-08,15745.5,15800.1,84.7,53.8,109,62,1.758,82
40,2024-09,15956.1,16148.6,87.5,53.5,108,53,2.038,70
40,2024-10,16083.2,15740.7,87.5,54.1,98,20,4.9,62
40,2024-11,16250.9,15527.9,88.9,54.0,103,43,2.395,68
40,2024-12,16484.5,16452.1,91.4,54.2,96,20,4.8,73
40,2025-01,16672.3,15820.0,90.5,54.7,110,36,3.056,49
40,2025-02,16789.7,16977.9,89.1,53.5,91,72,1.264,52
40,2025-03,16934.7,15985.7,90.4,54.9,117,69,1.696,75
40,2025-04,16960.1,16701.8,90.1,54.4,113,39,2.897,70
40,2025-05,17261.1,16983.2,89.6,53.5,112,20,5.6,81
40,2025-06,17395.3,16512.8,92.0,52.7,108,23,4.696,59
40,2025-07,17445.1,17564.4,90.6,53.5,111,92,1.207,69
40,2025-08,17630.2,17804.7,86.8,51.9,104,20,5.2,82
40,2025-09,17723.0,17761.4,86.3,51.6,100,48,2.083,88
40,2025-10,17965.4,17132.0,90.0,51.6,103,47,2.191,77
40,2025-11,18127.4,17955.3,92.0,54.3,108,26,4.154,81
40,2025-12,18334.3,18326.8,92.7,56.2,128,28,4.571,53
41,2020-01,11145.8,10627.5,52.5,28.8,48,72,0.667,102
41,2020-02,11337.7,11269.8,55.1,28.4,71,143,0.497,86
41,2020-03,11428.3,10773.4,51.1,27.0,44,179,0.246,102
41,2020-04,11644.5,11111.0,50.5,25.6,46,182,0.253,113
41,2020-05,11824.7,11293.3,51.7,27.1,57,116,0.491,97
41,2020-06,11979.7,11961.9,53.8,27.6,56,129,0.434,80
41,2020-07,12140.4,12155.8,56.6,27.2,81,54,1.5,82
41,2020-08,12278.8,11921.3,55.4,26.7,53,114,0.465,89
41,2020-09,12487.0,12402.4,57.4,25.9,79,135,0.585,92
41,2020-10,12666.5,12777.2,55.1,26.9,83,141,0.589,81
41,2020-11,12880.4,12396.5,55.0,25.7,71,104,0.683,85
41,2020-12,13067.0,13300.9,56.2,25.5,60,158,0.38,77
41,2021-01,13223.4,12821.2,58.9,25.9,62,165,0.376,98
41,2021-02,13553.8,13773.5,57.8,24.3,74,130,0.569,97
41,2021-03,13897.4,13523.8,58.3,24.0,73,142,0.514,98
41,2021-04,14168.6,13327.4,62.0,24.4,64,90,0.711,75
41,2021-05,14369.3,13537.4,60.0,25.9,66,95,0.695,80
41,2021-06,14723.1,14367.2,59.3,24.8,50,120,0.417,84
41,2021-07,14969.9,14448.1,59.9,23.7,77,117,0.658,69
41,2021-08,15291.3,14983.1,59.0,22.9,61,107,0.57,90
41,2021-09,15687.0,15927.8,59.5,21.4,77,69,1.116,98
41,2021-10,16047.8,15510.8,60.7,22.0,66,98,0.673,76
41,2021-11,16501.7,16767.2,62.4,21.4,96,107,0.897,102
41,2021-12,16928.8,16394.1,62.7,22.3,93,126,0.738,75
41,2022-01,17362.2,16964.3,64.2,22.1,77,112,0.688,68
41,2022-02,17892.6,17061.5,63.5,20.7,66,180,0.367,89
41,2022-03,18388.7,18714.4,64.3,22.1,67,150,0.447,73
41,2022-04,18938.2,19259.5,66.7,21.2,79,142,0.556,73
41,2022-05,19597.6,19796.6,66.6,22.4,82,126,0.651,71
41,2022-06,20173.7,20380.3,66.8,23.6,69,156,0.442,78
41,2022-07,20628.7,19503.3,65.1,23.6,71,78,0.91,76
41,2022-08,21138.6,20143.1,65.8,23.3,76,103,0.738,67
41,2022-09,21667.8,20592.6,65.9,24.2,61,47,1.298,83
41,2022-10,22124.5,21074.6,66.0,23.8,65,78,0.833,96
41,2022-11,22718.5,22341.6,66.1,23.5,69,81,0.852,63
41,2022-12,23091.9,22824.1,66.6,25.0,78,100,0.78,86
41,2023-01,23710.6,23580.5,69.4,23.4,84,75,1.12,72
41,2023-02,24252.5,23428.3,70.3,23.3,97,20,4.85,80
41,2023-03,25198.7,25211.2,70.2,20.4,85,171,0.497,75
41,2023-04,26093.7,26172.1,73.7,19.4,92,34,2.706,62
41,2023-05,27107.5,27589.0,72.3,18.9,71,96,0.74,71
41,2023-06,28123.8,26700.9,73.3,20.3,84,75,1.12,93
41,2023-07,29136.2,29263.1,73.2,21.3,85,194,0.438,80
41,2023-08,30133.7,28777.5,73.8,22.0,104,63,1.651,77
41,2023-09,31735.7,31740.1,75.8,18.7,101,89,1.135,68
41,2023-10,33302.3,33203.3,75.7,18.1,90,20,4.5,50
41,2023-11,35198.1,34242.1,77.9,15.8,81,55,1.473,69
41,2023-12,37327.5,36536.6,76.4,15.6,105,109,0.963,60
41,2024-01,39542.8,39803.8,78.3,16.1,84,32,2.625,75
41,2024-02,42096.2,40804.7,75.7,14.7,91,47,1.936,67
41,2024-03,44515.8,44727.9,78.3,15.1,105,80,1.312,66
41,2024-04,47441.5,48118.7,81.0,14.7,92,117,0.786,73
41,2024-05,50847.8,49493.1,81.5,14.5,112,113,0.991,58
41,2024-06,54301.2,51301.1,79.1,15.6,92,76,1.211,80
41,2024-07,57723.0,55331.9,80.5,17.0,84,44,1.909,43
41,2024-08,60499.2,60709.3,81.9,18.5,104,20,5.2,55
41,2024-09,63756.6,60960.4,83.0,17.4,93,62,1.5,55
41,2024-10,67135.3,68264.3,82.9,17.9,112,63,1.778,62
41,2024-11,71203.5,70657.6,83.5,16.6,100,84,1.19,58
41,2024-12,74935.1,74140.3,84.4,17.1,97,74,1.311,74
41,2025-01,79272.2,75043.1,80.2,16.7,84,63,1.333,63
41,2025-02,84223.9,85825.5,78.5,15.1,103,51,2.02,65
41,2025-03,90202.8,89035.8,80.0,14.2,104,108,0.963,63
41,2025-04,96775.9,94151.0,82.1,14.0,104,58,1.793,57
41,2025-05,104059.6,101174.5,81.8,14.3,109,55,1.982,52
41,2025-06,110840.7,104499.1,80.0,14.5,87,72,1.208,47
41,2025-07,117616.2,119283.9,83.5,16.0,101,20,5.05,63
41,2025-08,125024.9,126139.2,83.7,17.1,115,59,1.949,58
41,2025-09,133106.6,131861.4,84.6,18.1,85,58,1.466,58
41,2025-10,141196.3,138456.2,82.9,18.5,106,20,5.3,68
41,2025-11,147434.1,142340.6,82.7,20.1,100,21,4.762,74
41,2025-12,154559.2,149439.6,83.3,19.4,95,51,1.863,51
42,2020-01,11718.9,11947.8,66.5,62.7,86,168,0.512,99
42,2020-02,11712.2,11809.6,64.8,62.7,67,56,1.196,101
42,2020-03,11640.3,11065.1,64.5,62.9,76,102,0.745,84
42,2020-04,11636.5,11205.1,64.8,63.5,71,52,1.365,91
42,2020-05,11636.1,11784.3,66.1,64.1,56,165,0.339,82
42,2020-06,11664.4,11345.3,64.1,63.3,85,89,0.955,96
42,2020-07,11663.2,11035.1,64.8,64.7,76,110,0.691,106
42,2020-08,11613.4,11494.3,65.3,63.1,88,149,0.591,97
42,2020-09,11607.5,11703.3,64.9,65.2,83,131,0.634,101
42,2020-10,11627.2,11601.7,66.2,65.2,99,117,0.846,117
42,2020-11,11630.3,11076.7,68.2,66.8,93,122,0.762,91
42,2020-12,11567.2,11056.0,68.9,67.1,81,83,0.976,86
42,2021-01,11632.8,11122.2,70.0,67.4,88,20,4.4,103
42,2021-02,11649.6,11618.8,70.1,68.1,76,149,0.51,89
42,2021-03,11718.6,11607.4,71.5,67.5,106,154,0.688,82
42,2021-04,11721.7,11722.9,72.0,66.3,110,65,1.692,93
42,2021-05,11722.5,11644.7,71.7,65.6,85,56,1.518,92
42,2021-06,11722.2,11097.6,73.3,67.3,84,20,4.2,95
42,2021-07,11764.2,11328.7,76.8,66.3,87,86,1.012,79
42,2021-08,11764.5,11815.4,76.8,67.2,92,20,4.6,90
42,2021-09,11799.5,11741.6,76.1,65.1,104,20,5.2,78
42,2021-10,11856.4,11984.1,76.5,65.2,82,96,0.854,94
42,2021-11,11928.2,11320.2,77.3,64.8,73,79,0.924,79
42,2021-12,12003.0,11874.7,78.8,64.4,105,84,1.25,105
42,2022-01,12055.0,11822.1,82.1,66.3,106,53,2.0,89
42,2022-02,12105.4,11877.3,80.7,64.8,84,20,4.2,96
42,2022-03,12006.9,11539.7,78.3,66.8,79,88,0.898,92
42,2022-04,12011.2,11605.0,80.5,67.4,83,62,1.339,94
42,2022-05,12019.1,11644.1,82.0,66.4,97,74,1.311,84
42,2022-06,12048.3,11569.6,81.2,65.8,91,84,1.083,85
42,2022-07,12159.4,11708.1,81.6,67.0,83,112,0.741,78
42,2022-08,12133.5,12184.9,79.4,65.9,116,67,1.731,90
42,2022-09,12138.5,11933.1,77.8,66.4,79,56,1.411,95
42,2022-10,12143.7,11732.5,77.4,67.9,85,89,0.955,76
42,2022-11,12203.8,12188.6,80.3,68.0,95,20,4.75,97
42,2022-12,12231.2,12376.6,81.5,70.4,106,20,5.3,75
42,2023-01,12323.9,12222.1,81.9,68.7,108,65,1.662,67
42,2023-02,12265.3,11747.1,84.3,69.4,86,31,2.774,86
42,2023-03,12306.6,12143.4,82.5,70.4,109,47,2.319,90
42,2023-04,12365.7,12416.9,83.7,69.5,111,131,0.847,95
42,2023-05,12409.7,12027.0,82.5,67.9,98,35,2.8,103
42,2023-06,12400.5,11909.9,83.3,67.1,120,50,2.4,91
42,2023-07,12477.3,12470.9,86.8,69.3,122,89,1.371,88
42,2023-08,12567.3,11981.7,84.8,69.9,111,34,3.265,93
42,2023-09,12615.5,12141.7,83.5,70.0,106,105,1.01,68
42,2023-10,12687.1,12747.2,82.3,69.2,102,76,1.342,106
42,2023-11,12739.1,12451.1,80.6,69.1,87,80,1.087,101
42,2023-12,12774.9,12766.3,79.9,70.7,80,34,2.353,84
42,2024-01,12730.4,12555.0,77.9,71.1,95,20,4.75,88
42,2024-02,12771.7,12640.3,78.5,72.0,88,48,1.833,77
42,2024-03,12758.6,12791.9,80.7,71.1,88,95,0.926,92
42,2024-04,12777.1,12989.6,81.6,70.6,99,97,1.021,73
42,2024-05,12842.5,12323.1,80.5,69.1,107,20,5.35,81
42,2024-06,12854.9,12103.9,81.7,71.6,98,34,2.882,87
42,2024-07,12877.6,13002.4,79.8,71.3,90,106,0.849,85
42,2024-08,12851.4,12943.5,79.3,72.6,108,76,1.421,93
42,2024-09,12872.6,12686.9,80.9,73.2,106,65,1.631,61
42,2024-10,12890.8,13102.2,80.3,73.5,84,59,1.424,72
42,2024-11,12826.3,12488.7,79.1,73.2,81,74,1.095,79
42,2024-12,12843.6,12873.2,80.0,73.8,101,20,5.05,99
42,2025-01,12891.0,12552.7,76.5,74.9,101,68,1.485,90
42,2025-02,12780.2,12784.0,79.0,75.1,85,108,0.787,88
42,2025-03,12744.5,12610.0,81.1,75.2,91,20,4.55,104
42,2025-04,12720.1,12596.6,81.0,74.9,96,20,4.8,78
42,2025-05,12722.5,12467.9,82.4,74.2,73,159,0.459,99
42,2025-06,12737.9,12039.7,79.2,74.7,102,79,1.291,113
42,2025-07,12776.7,12343.8,79.5,74.8,99,86,1.151,96
42,2025-08,12845.5,12871.1,81.1,73.8,89,35,2.543,83
42,2025-09,12849.2,12308.3,79.2,73.8,104,84,1.238,112
42,2025-10,12818.8,12398.6,80.7,75.4,80,50,1.6,93
42,2025-11,12905.8,12348.0,82.0,76.3,106,75,1.413,88
42,2025-12,12887.6,12323.6,82.4,76.9,94,66,1.424,103
43,2020-01,10339.5,9900.1,50.0,32.1,69,115,0.6,87
43,2020-02,10464.7,9858.9,50.3,31.4,73,111,0.658,118
43,2020-03,10565.7,10748.4,49.1,31.2,63,158,0.399,108
43,2020-04,10750.1,10566.6,50.6,31.3,54,149,0.362,96
43,2020-05,10857.2,10493.0,49.6,29.9,51,86,0.593,82
43,2020-06,10965.2,10870.5,49.1,30.0,61,172,0.355,92
43,2020-07,11046.6,11265.7,50.7,31.3,68,175,0.389,98
43,2020-08,11205.7,10920.7,50.5,31.2,53,132,0.402,79
43,2020-09,11297.3,11327.7,50.0,31.1,62,130,0.477,107
43,2020-10,11384.6,11318.7,52.5,30.9,68,177,0.384,81
43,2020-11,11596.1,11432.5,50.2,30.6,52,176,0.295,91
43,2020-12,11780.1,11584.5,50.2,30.8,48,128,0.375,84
43,2021-01,11928.7,11528.2,50.8,30.0,78,165,0.473,78
43,2021-02,12123.7,11696.2,53.8,29.6,68,136,0.5,95
43,2021-03,12218.4,11898.8,55.2,31.3,54,88,0.614,68
43,2021-04,12307.9,12023.6,59.3,30.5,82,139,0.59,78
43,2021-05,12523.9,12413.8,59.6,31.6,79,105,0.752,76
43,2021-06,12698.9,12360.6,60.8,31.6,69,104,0.663,94
43,2021-07,12859.9,12775.7,59.4,30.6,70,95,0.737,84
43,2021-08,13030.0,13030.4,55.8,29.9,71,152,0.467,102
43,2021-09,13205.5,12991.2,53.0,30.9,75,201,0.373,86
43,2021-10,13341.9,12813.4,53.7,29.2,56,165,0.339,94
43,2021-11,13514.6,13205.0,54.5,29.0,56,116,0.483,92
43,2021-12,13640.9,13388.4,55.8,31.7,74,88,0.841,91
43,2022-01,13870.3,13339.9,55.9,32.7,69,65,1.062,90
43,2022-02,14048.9,13765.1,56.7,33.8,86,73,1.178,100
43,2022-03,14165.2,14285.6,55.5,34.1,63,162,0.389,105
43,2022-04,14285.5,13555.0,54.9,35.5,69,169,0.408,107
43,2022-05,14361.2,13985.6,57.0,36.3,75,104,0.721,101
43,2022-06,14631.8,14011.8,58.5,34.1,64,138,0.464,104
43,2022-07,14782.0,15003.7,58.4,32.0,63,121,0.521,64
43,2022-08,14921.3,14044.6,57.7,31.0,64,101,0.634,90
43,2022-09,15080.5,14861.0,58.8,30.9,85,160,0.531,88
43,2022-10,15302.5,15299.6,59.8,32.7,74,118,0.627,77
43,2022-11,15481.9,14786.9,60.2,35.3,93,127,0.732,67
43,2022-12,15636.2,15814.5,59.0,35.0,42,116,0.362,91
43,2023-01,15798.9,15213.6,57.8,34.2,77,120,0.642,71
43,2023-02,15973.2,15052.4,56.3,35.4,66,110,0.6,104
43,2023-03,16101.1,15677.8,56.2,37.4,70,135,0.519,108
43,2023-04,16210.3,15419.0,55.5,35.7,71,93,0.763,90
43,2023-05,16340.4,15875.1,53.7,34.7,58,214,0.271,90
43,2023-06,16479.3,15947.8,54.7,34.7,66,160,0.412,83
43,2023-07,16404.6,16679.1,50.9,34.8,60,165,0.364,104
43,2023-08,16710.7,16421.1,52.5,33.8,69,233,0.296,98
43,2023-09,16820.7,16185.7,53.0,34.4,44,189,0.233,89
43,2023-10,16948.7,16825.4,52.7,33.6,45,87,0.517,94
43,2023-11,17254.7,17207.9,53.7,34.1,59,61,0.967,91
43,2023-12,17407.1,17673.1,53.6,35.4,65,175,0.371,104
43,2024-01,17453.1,16614.0,53.2,35.7,96,151,0.636,93
43,2024-02,17650.8,16629.9,52.3,35.5,58,165,0.352,99
43,2024-03,17893.5,17579.6,53.1,34.6,65,182,0.357,100
43,2024-04,18098.0,18374.2,51.2,33.3,75,76,0.987,105
43,2024-05,18306.1,18453.4,51.0,33.1,66,93,0.71,88
43,2024-06,18494.2,18549.5,51.4,34.3,59,169,0.349,80
43,2024-07,18757.1,17819.9,53.5,34.2,58,193,0.301,82
43,2024-08,18919.3,18859.0,55.4,35.0,67,100,0.67,79
43,2024-09,19003.2,18048.5,55.1,36.2,61,130,0.469,113
43,2024-10,19228.9,19098.8,54.1,36.6,64,157,0.408,104
43,2024-11,19331.0,18724.5,53.7,37.6,68,129,0.527,92
43,2024-12,19553.2,18945.1,56.0,37.5,73,181,0.403,78
43,2025-01,19591.6,18983.5,57.9,38.1,64,81,0.79,85
43,2025-02,19750.6,18977.5,58.8,38.5,60,100,0.6,87
43,2025-03,19981.5,19492.3,62.6,39.5,82,132,0.621,101
43,2025-04,20208.8,19709.7,64.7,41.6,97,114,0.851,87
43,2025-05,20485.7,20361.1,66.5,40.8,77,72,1.069,69
43,2025-06,20741.4,21093.1,67.1,38.6,85,68,1.25,78
43,2025-07,20919.2,21235.9,66.9,39.6,103,53,1.943,99
43,2025-08,21162.7,20319.3,70.4,39.8,96,27,3.556,85
43,2025-09,21519.9,20298.6,71.5,39.9,102,37,2.757,86
43,2025-10,21896.6,21084.6,74.9,40.5,100,90,1.111,85
43,2025-11,22301.4,21965.6,76.6,39.6,104,21,4.952,77
43,2025-12,22514.7,22661.5,78.4,40.5,100,51,1.961,77
44,2020-01,11052.9,10930.5,64.7,49.3,83,102,0.814,94
44,2020-02,11084.5,10873.9,64.5,47.3,65,31,2.097,88
44,2020-03,11123.6,10840.2,62.0,48.1,83,157,0.529,109
44,2020-04,11175.6,10814.0,65.4,48.9,62,171,0.363,99
44,2020-05,11226.6,10951.3,65.7,47.6,71,38,1.868,80
44,2020-06,11326.6,11153.6,66.2,47.6,73,140,0.521,86
44,2020-07,11433.0,10939.3,67.7,49.8,75,121,0.62,97
44,2020-08,11512.4,11153.8,65.7,48.3,93,113,0.823,91
44,2020-09,11619.6,11483.9,66.7,47.6,66,91,0.725,86
44,2020-10,11707.4,11738.7,69.1,47.4,89,115,0.774,110
44,2020-11,11776.6,11488.7,71.7,46.5,85,153,0.556,82
44,2020-12,11931.0,11783.6,72.5,44.9,85,130,0.654,81
44,2021-01,12082.1,11566.9,72.2,46.3,91,58,1.569,92
44,2021-02,12162.4,12262.4,74.0,47.0,90,80,1.125,87
44,2021-03,12268.4,11586.8,73.4,46.2,100,140,0.714,74
44,2021-04,12424.1,11738.3,73.8,46.1,102,114,0.895,95
44,2021-05,12570.1,11831.2,74.2,47.0,84,64,1.312,70
44,2021-06,12627.9,12642.3,76.2,49.4,90,103,0.874,81
44,2021-07,12639.7,12774.2,74.7,49.0,90,83,1.084,96
44,2021-08,12718.4,12409.7,75.7,51.0,91,104,0.875,105
44,2021-09,12892.2,12599.2,75.6,50.1,98,92,1.065,87
44,2021-10,13061.0,12709.3,76.6,49.6,83,95,0.874,85
44,2021-11,13145.8,12841.4,76.2,49.0,87,105,0.829,79
44,2021-12,13253.0,12960.2,77.2,47.2,92,20,4.6,96
44,2022-01,13272.1,12858.9,77.2,46.9,95,88,1.08,74
44,2022-02,13484.6,13065.2,80.3,47.6,108,120,0.9,79
44,2022-03,13687.5,13875.4,79.6,48.1,97,60,1.617,87
44,2022-04,13914.8,13318.2,80.4,47.5,84,57,1.474,81
44,2022-05,14058.0,13586.9,84.2,47.4,113,149,0.758,60
44,2022-06,14235.5,14011.0,84.8,48.8,106,113,0.938,47
44,2022-07,14329.7,13871.1,86.1,48.3,120,56,2.143,79
44,2022-08,14627.6,14171.1,86.8,49.5,87,20,4.35,71
44,2022-09,14742.3,14914.3,86.0,50.5,96,20,4.8,58
44,2022-10,14978.0,14524.7,86.3,48.6,81,20,4.05,77
44,2022-11,15179.4,14876.5,88.0,45.9,89,35,2.543,65
44,2022-12,15325.6,15395.3,87.4,46.0,113,46,2.457,79
44,2023-01,15407.3,14854.7,89.5,46.5,107,20,5.35,79
44,2023-02,15677.2,15809.4,89.4,47.9,117,78,1.5,74
44,2023-03,15902.8,15116.7,91.1,48.8,106,95,1.116,75
44,2023-04,16160.5,15806.9,90.9,49.2,116,119,0.975,79
44,2023-05,16261.0,15381.6,88.8,51.2,108,20,5.4,48
44,2023-06,16441.1,16699.6,86.9,49.8,114,56,2.036,90
44,2023-07,16588.6,15708.2,87.1,51.1,128,20,6.4,67
44,2023-08,16789.3,16928.1,88.9,51.2,112,31,3.613,81
44,2023-09,16974.5,16324.5,88.6,48.8,112,52,2.154,59
44,2023-10,17228.5,16939.5,88.1,46.0,110,20,5.5,61
44,2023-11,17500.9,17673.3,86.7,45.8,94,20,4.7,68
44,2023-12,17669.3,16879.3,83.9,44.5,119,108,1.102,61
44,2024-01,17940.7,17612.8,83.7,42.3,101,42,2.405,81
44,2024-02,18145.3,17783.0,83.5,44.0,89,60,1.483,100
44,2024-03,18400.9,17624.4,81.6,44.6,95,58,1.638,64
44,2024-04,18613.9,18287.5,79.6,43.0,102,81,1.259,63
44,2024-05,18717.1,18596.7,80.1,43.7,93,114,0.816,94
44,2024-06,18915.7,19275.8,79.4,43.5,70,92,0.761,83
44,2024-07,19128.5,19125.1,78.1,43.9,85,111,0.766,98
44,2024-08,19431.3,18625.7,76.5,44.8,84,48,1.75,101
44,2024-09,19738.5,19894.5,76.6,43.6,103,69,1.493,68
44,2024-10,20054.2,20450.1,75.6,42.3,96,84,1.143,83
44,2024-11,20232.9,19345.9,76.4,42.9,95,63,1.508,82
44,2024-12,20486.8,19461.7,75.8,43.0,110,169,0.651,97
44,2025-01,20796.3,20621.5,79.4,44.2,99,86,1.151,83
44,2025-02,20960.9,19980.5,77.8,43.7,104,25,4.16,67
44,2025-03,21230.0,20344.2,81.0,43.7,105,63,1.667,89
44,2025-04,21478.9,20283.1,79.1,43.2,103,20,5.15,71
44,2025-05,21792.1,21272.0,80.5,42.5,88,22,4.0,79
44,2025-06,22061.1,21691.0,82.6,42.5,127,20,6.35,84
44,2025-07,22361.6,22016.9,82.2,41.4,99,60,1.65,78
44,2025-08,22787.0,22099.2,82.2,42.2,97,48,2.021,65
44,2025-09,23057.8,21844.3,82.4,42.3,87,93,0.935,61
44,2025-10,23449.5,22916.5,82.6,41.6,113,37,3.054,72
44,2025-11,23869.7,24290.2,84.1,40.7,95,77,1.234,79
44,2025-12,24247.3,22798.5,84.4,38.7,121,51,2.373,58
45,2020-01,9284.7,8740.5,52.8,64.2,71,143,0.497,116
45,2020-02,9228.6,9259.1,54.0,62.9,75,104,0.721,104
45,2020-03,9191.1,9097.0,54.5,64.8,66,156,0.423,97
45,2020-04,9208.8,8939.2,56.8,63.7,61,119,0.513,112
45,2020-05,9207.8,8894.8,59.0,66.1,76,83,0.916,120
45,2020-06,9159.0,8725.3,61.2,65.7,81,120,0.675,105
45,2020-07,9150.5,9199.7,59.2,67.6,76,159,0.478,104
45,2020-08,9151.4,8720.7,57.4,68.6,71,108,0.657,88
45,2020-09,9074.3,8704.3,56.5,69.2,71,203,0.35,125
45,2020-10,9044.1,8691.4,57.6,69.2,66,153,0.431,120
45,2020-11,9033.2,8828.8,58.4,69.9,81,171,0.474,95
45,2020-12,9004.8,8500.9,59.3,68.6,70,156,0.449,105
45,2021-01,9009.3,8570.7,60.9,70.5,53,82,0.646,84
45,2021-02,9014.1,8493.4,60.9,69.1,84,66,1.273,103
45,2021-03,9005.6,8480.0,60.1,70.4,74,149,0.497,113
45,2021-04,8980.7,8913.2,61.3,69.9,59,117,0.504,112
45,2021-05,8946.0,8988.7,60.2,70.8,75,102,0.735,100
45,2021-06,8989.6,8824.9,60.6,70.5,64,95,0.674,116
45,2021-07,8936.1,8985.6,62.4,70.4,73,164,0.445,105
45,2021-08,8932.8,8535.5,61.4,68.8,87,85,1.024,93
45,2021-09,8923.0,8769.7,61.3,69.2,76,110,0.691,101
45,2021-10,8902.7,8443.6,59.9,69.0,62,161,0.385,122
45,2021-11,8885.8,8546.3,60.7,70.6,77,30,2.567,96
45,2021-12,8876.6,8429.5,60.7,69.1,86,67,1.284,114
45,2022-01,8845.3,8640.7,59.4,68.6,66,206,0.32,103
45,2022-02,8767.0,8837.3,58.7,67.7,73,129,0.566,105
45,2022-03,8815.8,8622.7,61.1,67.2,50,153,0.327,100
45,2022-04,8826.0,8857.6,58.3,69.4,65,102,0.637,91
45,2022-05,8746.7,8279.0,58.1,72.7,86,143,0.601,120
45,2022-06,8745.9,8434.9,60.0,73.7,81,135,0.6,103
45,2022-07,8745.9,8599.2,59.9,74.8,60,136,0.441,106
45,2022-08,8717.1,8873.9,57.7,76.9,72,87,0.828,132
45,2022-09,8662.6,8339.2,57.6,75.3,64,157,0.408,113
45,2022-10,8629.7,8414.6,57.0,75.0,65,129,0.504,116
45,2022-11,8677.5,8725.8,58.6,74.5,71,74,0.959,112
45,2022-12,8600.3,8089.4,59.9,73.9,81,87,0.931,119
45,2023-01,8592.2,8165.2,63.0,74.7,79,126,0.627,105
45,2023-02,8611.3,8394.5,63.3,74.3,68,135,0.504,94
45,2023-03,8534.5,8391.6,64.6,73.8,76,151,0.503,97
45,2023-04,8530.8,8348.0,67.7,75.6,89,82,1.085,104
45,2023-05,8525.8,8323.5,68.0,74.8,80,108,0.741,122
45,2023-06,8564.5,8367.3,70.6,75.3,77,40,1.925,93
45,2023-07,8507.4,8055.5,70.6,74.7,82,84,0.976,102
45,2023-08,8526.5,8516.6,68.2,76.5,89,86,1.035,105
45,2023-09,8561.1,8158.8,67.2,76.2,89,126,0.706,103
45,2023-10,8641.4,8519.9,68.3,75.0,89,128,0.695,97
45,2023-11,8699.4,8619.2,67.9,75.1,93,127,0.732,104
45,2023-12,8763.0,8605.4,63.5,74.7,84,64,1.312,98
45,2024-01,8719.7,8815.1,60.2,77.2,53,124,0.427,112
45,2024-02,8718.0,8348.8,59.5,76.8,75,166,0.452,123
45,2024-03,8710.7,8378.2,59.2,76.8,66,147,0.449,112
45,2024-04,8690.4,8199.1,60.7,75.9,77,30,2.567,132
45,2024-05,8673.0,8732.5,61.8,75.6,74,142,0.521,112
45,2024-06,8636.5,8375.2,64.2,75.4,64,145,0.441,107
45,2024-07,8586.3,8620.2,64.7,75.9,67,143,0.469,103
45,2024-08,8549.0,8141.3,66.2,77.6,74,138,0.536,124
45,2024-09,8498.2,8228.0,67.5,78.1,80,117,0.684,103
45,2024-10,8451.2,8015.1,68.0,78.6,80,106,0.755,99
45,2024-11,8434.8,8420.4,65.5,78.9,76,74,1.027,97
45,2024-12,8419.1,8563.2,66.7,79.4,62,187,0.332,131
45,2025-01,8378.7,7926.9,67.7,79.6,86,97,0.887,109
45,2025-02,8380.3,7942.6,68.5,80.1,62,94,0.66,118
45,2025-03,8318.5,8344.6,66.9,81.0,89,72,1.236,107
45,2025-04,8287.1,8150.9,69.8,81.4,90,50,1.8,113
45,2025-05,8298.8,8318.4,72.5,81.8,98,58,1.69,96
45,2025-06,8265.9,8081.7,71.2,82.8,63,152,0.414,123
45,2025-07,8217.9,7842.1,71.8,79.6,80,110,0.727,120
45,2025-08,8182.1,8124.5,74.0,80.3,81,46,1.761,109
45,2025-09,8190.1,8202.1,72.8,80.3,83,25,3.32,87
45,2025-10,8208.4,7972.2,73.4,81.6,77,55,1.4,96
45,2025-11,8265.1,8027.8,74.5,83.5,105,20,5.25,90
45,2025-12,8268.0,7948.8,76.1,82.6,89,68,1.309,96
46,2020-01,9930.1,9772.9,50.0,44.0,73,186,0.392,97
46,2020-02,9936.5,9708.5,51.4,42.1,58,157,0.369,97
46,2020-03,10010.5,10116.6,52.4,41.6,61,164,0.372,97
46,2020-04,10019.4,10146.0,54.2,41.5,69,135,0.511,87
46,2020-05,10090.0,10022.5,54.4,41.3,68,34,2.0,100
46,2020-06,10104.4,9804.2,50.9,41.0,45,146,0.308,114
46,2020-07,10167.8,10037.6,51.0,42.1,43,158,0.272,95
46,2020-08,10190.5,9631.3,53.2,44.9,59,179,0.33,103
46,2020-09,10216.7,10028.4,53.2,42.9,72,123,0.585,96
46,2020-10,10333.5,10392.6,54.0,41.7,65,163,0.399,117
46,2020-11,10365.7,10263.6,52.8,42.1,73,84,0.869,104
46,2020-12,10418.5,10073.6,53.5,42.3,70,166,0.422,107
46,2021-01,10446.1,9938.9,54.2,41.6,73,139,0.525,107
46,2021-02,10496.5,10061.9,54.7,43.3,76,138,0.551,84
46,2021-03,10536.0,10159.2,55.5,43.6,63,226,0.279,106
46,2021-04,10580.9,9976.8,55.3,42.3,75,122,0.615,115
46,2021-05,10628.0,10170.2,54.3,41.6,77,176,0.438,98
46,2021-06,10728.0,10528.0,56.8,41.9,65,158,0.411,93
46,2021-07,10740.1,10702.1,61.1,42.3,66,147,0.449,88
46,2021-08,10749.6,10585.5,59.6,43.0,61,118,0.517,76
46,2021-09,10813.6,10559.0,59.1,43.4,63,134,0.47,108
46,2021-10,10960.7,10777.2,60.3,41.5,68,96,0.708,110
46,2021-11,11116.2,11033.9,60.9,39.0,67,69,0.971,96
46,2021-12,11224.7,10572.3,59.9,38.3,85,86,0.988,97
46,2022-01,11369.9,11443.4,61.9,38.3,77,174,0.443,88
46,2022-02,11395.8,10950.5,59.1,38.6,83,194,0.428,80
46,2022-03,11488.5,11006.7,58.9,36.9,61,161,0.379,85
46,2022-04,11606.4,11052.5,57.5,38.0,87,91,0.956,87
46,2022-05,11622.3,10936.0,56.1,37.8,57,147,0.388,69
46,2022-06,11765.5,11566.7,59.1,38.1,76,62,1.226,93
46,2022-07,11862.5,11649.4,59.9,36.9,71,107,0.664,93
46,2022-08,12034.1,11657.4,60.2,38.0,71,161,0.441,85
46,2022-09,12103.5,11498.5,59.5,38.6,57,61,0.934,73
46,2022-10,12272.3,12399.9,59.8,39.4,91,139,0.655,86
46,2022-11,12351.2,11659.0,58.0,40.7,91,162,0.562,83
46,2022-12,12502.5,12332.0,58.6,41.6,80,53,1.509,110
46,2023-01,12678.7,12898.4,59.4,42.4,72,115,0.626,80
46,2023-02,12760.1,12478.8,58.9,43.1,78,73,1.068,88
46,2023-03,12823.0,12903.7,59.0,42.3,74,187,0.396,94
46,2023-04,13037.0,12715.5,60.4,38.6,78,94,0.83,77
46,2023-05,13152.4,13173.6,60.7,38.0,92,149,0.617,89
46,2023-06,13208.5,12762.7,60.5,37.9,69,58,1.19,109
46,2023-07,13306.4,13231.7,58.6,38.9,70,128,0.547,81
46,2023-08,13455.5,13138.7,57.8,37.3,75,106,0.708,101
46,2023-09,13467.6,13220.7,59.0,37.2,86,149,0.577,110
46,2023-10,13727.1,13502.2,58.4,35.5,81,46,1.761,80
46,2023-11,13792.8,13950.3,59.6,36.2,89,141,0.631,85
46,2023-12,13895.9,14095.4,61.0,36.5,83,83,1.0,88
46,2024-01,14027.8,14140.7,63.0,37.5,94,85,1.106,77
46,2024-02,14195.5,13854.7,62.0,37.3,70,97,0.722,99
46,2024-03,14289.7,14203.2,62.8,36.4,69,90,0.767,99
46,2024-04,14466.4,13794.2,66.9,37.6,70,128,0.547,71
46,2024-05,14723.4,14325.1,66.5,36.4,81,96,0.844,82
46,2024-06,14934.1,15211.9,67.4,37.5,89,92,0.967,75
46,2024-07,15155.2,14605.9,67.3,37.9,63,45,1.4,96
46,2024-08,15192.6,14958.4,65.7,37.8,72,99,0.727,82
46,2024-09,15394.0,15340.9,61.7,37.4,79,124,0.637,91
46,2024-10,15592.8,14864.7,63.8,35.8,95,20,4.75,85
46,2024-11,15869.8,16037.7,66.1,37.0,75,131,0.573,80
46,2024-12,16066.2,16127.5,64.1,36.3,83,202,0.411,85
46,2025-01,16351.0,15593.0,68.0,36.6,81,59,1.373,88
46,2025-02,16552.1,16229.5,68.2,37.0,80,76,1.053,101
46,2025-03,16827.8,16472.0,69.7,37.5,84,26,3.231,78
46,2025-04,17035.2,17333.2,66.9,37.9,79,166,0.476,82
46,2025-05,17245.8,17327.4,67.1,36.7,91,125,0.728,84
46,2025-06,17510.3,16981.8,68.7,36.2,100,37,2.703,84
46,2025-07,17776.7,17580.4,69.1,35.9,80,161,0.497,94
46,2025-08,17964.2,17916.2,70.9,34.7,78,131,0.595,98
46,2025-09,18269.7,17999.5,71.9,35.0,76,110,0.691,72
46,2025-10,18593.2,18854.0,70.6,35.1,94,159,0.591,78
46,2025-11,18772.6,18695.8,70.2,34.5,99,108,0.917,63
46,2025-12,19271.6,19654.0,73.7,34.8,71,143,0.497,49
47,2020-01,10044.0,9898.2,78.4,51.6,100,35,2.857,92
47,2020-02,10093.8,9504.0,76.8,49.4,95,144,0.66,78
47,2020-03,10130.8,9713.1,79.3,49.8,92,68,1.353,81
47,2020-04,10235.2,10055.3,82.8,48.9,90,65,1.385,68
47,2020-05,10375.4,10307.6,84.2,49.4,102,20,5.1,81
47,2020-06,10509.0,10231.6,83.7,49.6,116,20,5.8,61
47,2020-07,10577.1,10355.3,86.5,49.5,100,27,3.704,74
47,2020-08,10667.3,10501.9,85.0,49.7,100,20,5.0,71
47,2020-09,10794.3,10569.5,85.5,48.4,111,96,1.156,67
47,2020-10,11015.6,11070.8,86.4,47.9,117,120,0.975,63
47,2020-11,11198.7,11003.8,86.4,49.5,110,20,5.5,69
47,2020-12,11352.0,10887.0,87.1,50.6,100,35,2.857,65
47,2021-01,11541.1,11192.1,89.1,50.0,82,25,3.28,72
47,2021-02,11617.4,11797.5,90.6,49.7,129,26,4.962,63
47,2021-03,11784.7,11680.5,92.0,48.7,118,64,1.844,80
47,2021-04,12010.1,11749.5,93.3,49.0,117,20,5.85,69
47,2021-05,12173.9,12376.5,92.6,51.2,120,81,1.481,63
47,2021-06,12229.2,11877.1,93.2,53.7,107,20,5.35,76
47,2021-07,12319.0,12469.9,95.5,53.3,100,48,2.083,63
47,2021-08,12388.6,12381.3,94.2,52.7,126,40,3.15,83
47,2021-09,12670.7,12088.7,96.2,53.0,120,44,2.727,81
47,2021-10,12788.1,12632.8,96.4,52.0,114,20,5.7,75
47,2021-11,12969.6,12986.2,94.5,54.5,114,36,3.167,62
47,2021-12,13065.6,12308.5,93.2,54.2,106,20,5.3,62
47,2022-01,13189.3,13094.3,91.3,54.0,112,20,5.6,70
47,2022-02,13321.9,13265.8,91.1,53.8,92,44,2.091,82
47,2022-03,13497.7,13418.1,88.9,53.1,121,38,3.184,66
47,2022-04,13611.8,13601.1,89.4,52.9,127,48,2.646,67
47,2022-05,13738.9,12936.7,88.8,51.3,89,93,0.957,87
47,2022-06,13833.8,13661.5,89.8,49.7,97,100,0.97,92
47,2022-07,14034.5,13254.6,89.0,50.2,107,29,3.69,83
47,2022-08,14130.7,14234.0,88.1,51.5,105,48,2.188,80
47,2022-09,14312.9,14555.4,87.8,49.5,104,20,5.2,84
47,2022-10,14443.5,14085.6,87.5,49.6,106,137,0.774,73
47,2022-11,14603.0,14636.3,87.5,50.3,101,31,3.258,71
47,2022-12,14778.7,13991.6,86.5,51.9,126,60,2.1,64
47,2023-01,14936.3,14911.8,83.4,51.0,107,41,2.61,77
47,2023-02,15118.0,14330.6,81.7,51.9,98,65,1.508,72
47,2023-03,15336.0,14545.6,81.3,50.2,104,83,1.253,79
47,2023-04,15495.7,15655.6,81.3,48.5,92,53,1.736,99
47,2023-05,15689.2,15776.5,80.7,48.3,99,65,1.523,78
47,2023-06,15795.3,15710.4,81.6,49.3,102,69,1.478,84
47,2023-07,15905.1,15057.5,82.7,49.0,95,20,4.75,80
47,2023-08,16039.1,15806.8,84.0,49.9,95,63,1.508,80
47,2023-09,16172.6,16461.3,82.7,48.5,103,62,1.661,97
47,2023-10,16355.3,16161.2,84.0,47.4,93,20,4.65,69
47,2023-11,16506.8,16589.1,84.6,47.3,101,20,5.05,57
47,2023-12,16720.4,16821.0,82.7,45.2,100,106,0.943,76
47,2024-01,16900.4,15928.2,83.5,45.3,116,42,2.762,67
47,2024-02,17192.2,16372.2,83.7,44.5,106,77,1.377,66
47,2024-03,17408.7,17128.7,84.8,45.3,97,42,2.31,79
47,2024-04,17603.1,17897.7,85.6,47.4,108,23,4.696,70
47,2024-05,17950.0,17721.8,85.8,45.8,115,52,2.212,65
47,2024-06,18170.0,17244.5,84.5,45.8,103,43,2.395,77
47,2024-07,18297.4,18478.7,84.5,47.8,110,20,5.5,86
47,2024-08,18514.4,18711.6,85.1,47.5,109,72,1.514,82
47,2024-09,18610.9,17653.0,83.9,47.1,74,31,2.387,93
47,2024-10,18825.8,18912.5,85.0,48.2,91,83,1.096,72
47,2024-11,19101.6,19239.7,87.5,48.6,101,20,5.05,83
47,2024-12,19253.4,19593.0,88.8,48.6,113,77,1.468,79
47,2025-01,19383.5,19306.6,87.2,50.6,107,20,5.35,70
47,2025-02,19582.1,19429.9,89.2,52.2,108,20,5.4,65
47,2025-03,19873.4,19353.2,88.2,52.9,89,22,4.045,70
47,2025-04,20010.4,19341.9,89.2,51.6,116,20,5.8,67
47,2025-05,20377.0,20440.1,88.5,52.5,112,30,3.733,79
47,2025-06,20591.8,20681.5,87.1,52.9,105,39,2.692,68
47,2025-07,20877.2,20598.2,87.6,52.8,102,55,1.855,82
47,2025-08,21067.4,20737.7,87.2,53.9,100,20,5.0,68
47,2025-09,21342.2,21592.9,88.4,53.4,107,29,3.69,68
47,2025-10,21497.4,21457.1,89.7,52.4,113,86,1.314,70
47,2025-11,21967.9,22380.3,91.8,53.6,117,33,3.545,80
47,2025-12,22096.3,22521.0,95.5,53.1,120,20,6.0,58
48,2020-01,10391.3,10086.7,93.2,47.7,117,20,5.85,64
48,2020-02,10579.1,10228.5,93.7,47.7,114,20,5.7,80
48,2020-03,10794.9,10756.1,95.2,46.5,110,20,5.5,56
48,2020-04,11000.2,10993.5,97.8,46.0,109,20,5.45,61
48,2020-05,11226.6,11360.5,97.5,46.2,132,20,6.6,58
48,2020-06,11365.6,11204.7,97.9,46.1,103,20,5.15,59
48,2020-07,11543.2,11335.9,98.0,44.6,119,20,5.95,70
48,2020-08,11666.3,11478.6,99.0,45.1,107,20,5.35,74
48,2020-09,11801.8,11151.7,99.0,47.1,110,20,5.5,70
48,2020-10,11969.1,11315.4,99.0,48.0,109,63,1.73,74
48,2020-11,12132.6,12119.1,97.4,46.9,100,20,5.0,66
48,2020-12,12326.6,11671.3,98.6,48.4,121,20,6.05,58
48,2021-01,12583.3,11937.7,99.0,46.8,128,20,6.4,66
48,2021-02,12756.9,12636.1,99.0,48.9,100,32,3.125,76
48,2021-03,12947.7,12386.6,97.5,49.6,113,34,3.324,69
48,2021-04,13092.3,12851.6,97.4,49.3,119,26,4.577,82
48,2021-05,13185.0,12506.4,98.8,49.2,131,20,6.55,63
48,2021-06,13344.7,12609.9,97.2,49.8,121,20,6.05,44
48,2021-07,13420.3,12952.8,97.5,51.7,120,20,6.0,66
48,2021-08,13633.9,13155.9,96.3,50.5,114,20,5.7,78
48,2021-09,13810.7,14079.1,95.2,52.5,102,20,5.1,77
48,2021-10,13941.2,13652.6,94.4,52.3,100,20,5.0,91
48,2021-11,14122.1,14174.4,95.3,52.6,97,50,1.94,94
48,2021-12,14362.9,14635.2,94.7,51.9,128,20,6.4,89
48,2022-01,14571.1,14769.0,93.5,51.3,123,20,6.15,54
48,2022-02,14801.7,14955.8,95.0,51.2,100,20,5.0,67
48,2022-03,14973.9,14349.2,94.9,52.1,105,20,5.25,78
48,2022-04,15160.1,15383.8,96.9,52.3,125,20,6.25,72
48,2022-05,15427.1,15002.8,96.5,51.9,99,20,4.95,75
48,2022-06,15581.0,15156.5,93.9,52.0,105,20,5.25,54
48,2022-07,15768.9,15330.8,93.2,51.8,125,90,1.389,67
48,2022-08,15950.0,15512.5,93.0,52.1,124,20,6.2,84
48,2022-09,16093.9,16016.1,94.2,53.7,110,20,5.5,86
48,2022-10,16315.2,15568.4,95.5,56.5,104,20,5.2,72
48,2022-11,16442.7,15646.2,94.6,57.8,110,43,2.558,50
48,2022-12,16536.0,16686.3,93.1,57.6,106,132,0.803,71
48,2023-01,16749.4,16587.4,96.3,56.0,103,20,5.15,57
48,2023-02,16834.7,16781.7,93.0,55.0,115,20,5.75,71
48,2023-03,17166.2,17005.1,92.7,55.7,105,92,1.141,76
48,2023-04,17335.5,16525.5,95.9,57.6,125,20,6.25,87
48,2023-05,17542.6,17424.0,95.0,57.5,116,20,5.8,57
48,2023-06,17700.3,16749.1,92.7,59.5,99,20,4.95,58
48,2023-07,17824.8,17118.2,91.5,60.9,98,20,4.9,87
48,2023-08,17964.5,17308.0,90.5,61.9,102,20,5.1,68
48,2023-09,18091.3,17407.1,90.4,61.8,129,20,6.45,85
48,2023-10,18242.5,18533.1,89.9,60.2,103,20,5.15,80
48,2023-11,18348.0,17594.4,89.1,61.5,95,20,4.75,68
48,2023-12,18491.5,17513.3,88.1,62.4,119,20,5.95,85
48,2024-01,18512.6,18483.2,87.3,62.0,86,35,2.457,79
48,2024-02,18684.5,18304.2,87.0,62.4,91,20,4.55,62
48,2024-03,18992.1,19063.7,86.9,62.0,120,34,3.529,102
48,2024-04,19197.0,18880.1,88.1,62.2,123,67,1.836,89
48,2024-05,19215.7,18507.1,88.3,63.9,103,107,0.963,71
48,2024-06,19503.8,19126.2,89.7,63.6,101,24,4.208,92
48,2024-07,19813.6,18881.6,90.7,64.8,97,100,0.97,70
48,2024-08,19963.3,19595.8,87.7,65.4,111,52,2.135,84
48,2024-09,20065.7,19799.2,88.3,65.8,95,38,2.5,82
48,2024-10,20147.8,19701.8,87.1,65.6,126,54,2.333,82
48,2024-11,20364.1,19553.2,86.6,63.9,123,61,2.016,85
48,2024-12,20433.9,19969.9,89.1,65.0,122,51,2.392,83
48,2025-01,20438.5,19919.2,88.2,65.7,96,20,4.8,104
48,2025-02,20501.1,20079.2,86.9,64.2,102,74,1.378,84
48,2025-03,20555.5,20072.5,87.1,64.2,101,124,0.815,61
48,2025-04,20713.8,20901.9,87.0,64.8,111,20,5.55,74
48,2025-05,20913.5,20219.0,87.9,65.4,111,20,5.55,81
48,2025-06,21075.6,21369.7,88.4,66.1,90,95,0.947,66
48,2025-07,21423.1,21750.9,85.9,67.9,117,20,5.85,105
48,2025-08,21636.2,21490.0,87.4,69.4,117,26,4.5,69
48,2025-09,21555.3,21645.2,85.7,68.4,76,20,3.8,95
48,2025-10,21631.9,21542.4,85.2,70.1,79,66,1.197,89
48,2025-11,21707.4,20915.7,87.8,71.7,99,119,0.832,77
48,2025-12,21798.8,20968.3,87.6,72.9,112,95,1.179,88
49,2020-01,9442.9,9432.1,36.6,48.6,58,269,0.216,120
49,2020-02,9475.6,8983.7,36.6,48.7,40,137,0.292,108
49,2020-03,9391.8,9362.4,36.0,49.7,64,189,0.339,117
49,2020-04,9386.7,8861.2,37.0,48.9,47,198,0.237,122
49,2020-05,9371.4,9477.2,36.6,48.6,42,194,0.216,109
49,2020-06,9341.1,9348.0,38.5,49.7,57,186,0.306,85
49,2020-07,9279.9,9317.9,39.4,51.3,34,172,0.198,118
49,2020-08,9233.6,9187.8,36.4,49.4,54,218,0.248,117
49,2020-09,9191.6,8807.7,38.8,48.3,53,136,0.39,115
49,2020-10,9142.7,9176.7,39.4,48.1,60,114,0.526,129
49,2020-11,9135.7,8994.4,39.6,46.5,43,204,0.211,112
49,2020-12,9079.0,8877.2,42.3,46.8,48,221,0.217,97
49,2021-01,9007.1,9055.8,41.2,46.3,36,175,0.206,114
49,2021-02,9036.8,9057.0,42.5,46.3,53,209,0.254,108
49,2021-03,9018.9,9046.8,43.6,45.3,56,199,0.281,113
49,2021-04,9102.0,8944.2,43.9,43.7,44,93,0.473,116
49,2021-05,9073.3,8817.8,45.3,43.3,51,158,0.323,113
49,2021-06,9047.5,8703.3,44.6,43.8,57,209,0.273,111
49,2021-07,9069.8,8654.9,45.5,44.9,59,235,0.251,95
49,2021-08,9035.9,8987.8,45.0,44.6,49,245,0.2,116
49,2021-09,9005.9,9127.8,47.4,42.5,48,139,0.345,100
49,2021-10,9040.9,8881.0,46.3,42.8,82,159,0.516,104
49,2021-11,9076.5,8926.3,50.0,43.3,86,178,0.483,97
49,2021-12,9075.1,8912.0,48.8,45.1,51,125,0.408,111
49,2022-01,9051.2,9162.0,47.9,45.5,51,133,0.383,96
49,2022-02,9058.5,8577.6,46.0,44.0,54,176,0.307,103
49,2022-03,9072.6,9109.7,47.2,44.6,61,95,0.642,104
49,2022-04,9090.9,8661.9,47.1,44.7,47,176,0.267,107
49,2022-05,9130.8,9064.9,46.1,45.6,70,116,0.603,119
49,2022-06,9192.7,9001.2,44.1,45.9,66,106,0.623,100
49,2022-07,9183.9,8668.4,44.3,45.2,54,129,0.419,106
49,2022-08,9220.9,8824.3,46.5,45.8,57,164,0.348,113
49,2022-09,9186.2,8686.2,46.7,45.7,64,109,0.587,100
49,2022-10,9227.3,9049.5,47.9,47.6,74,185,0.4,107
49,2022-11,9164.9,9275.5,47.7,47.0,57,100,0.57,110
49,2022-12,9113.6,8660.1,47.8,46.5,56,172,0.326,119
49,2023-01,9144.0,8794.7,48.9,47.1,65,135,0.481,107
49,2023-02,9195.3,8764.5,49.2,47.4,43,145,0.297,99
49,2023-03,9181.4,9362.3,47.8,46.3,53,141,0.376,92
49,2023-04,9177.6,9161.6,48.4,46.7,58,183,0.317,77
49,2023-05,9172.0,8770.7,45.7,47.8,61,192,0.318,102
49,2023-06,9187.4,9251.4,44.8,47.5,52,186,0.28,93
49,2023-07,9136.0,9086.9,43.3,48.3,41,168,0.244,101
49,2023-08,9124.6,8873.1,43.4,47.0,36,201,0.179,110
49,2023-09,9086.8,9075.5,44.2,47.5,69,160,0.431,120
49,2023-10,9079.6,8769.9,46.4,47.9,57,172,0.331,108
49,2023-11,9043.2,9153.0,46.2,48.3,60,176,0.341,104
49,2023-12,8984.3,8585.9,45.8,48.9,51,152,0.336,100
49,2024-01,8933.2,8588.5,44.7,47.5,59,185,0.319,111
49,2024-02,8926.2,8593.3,44.1,46.5,47,162,0.29,101
49,2024-03,8981.0,8795.6,45.2,48.5,49,167,0.293,98
49,2024-04,9021.0,8931.4,44.4,48.6,42,131,0.321,83
49,2024-05,8999.9,8722.9,44.1,50.3,62,139,0.446,109
49,2024-06,9007.4,8476.6,45.2,49.8,59,229,0.258,95
49,2024-07,8998.4,8565.1,45.0,49.0,56,130,0.431,116
49,2024-08,8955.3,8460.4,43.5,49.1,48,109,0.44,106
49,2024-09,8950.7,8877.3,42.7,50.1,34,184,0.185,111
49,2024-10,8911.3,8453.7,41.6,47.8,53,214,0.248,99
49,2024-11,8836.1,8915.3,41.9,45.8,31,215,0.144,134
49,2024-12,8809.7,8602.0,42.5,45.5,53,131,0.405,118
49,2025-01,8838.1,8861.7,44.4,43.7,44,185,0.238,103
49,2025-02,8818.0,8372.1,43.5,42.7,53,204,0.26,101
49,2025-03,8808.0,8649.0,43.1,43.0,57,101,0.564,97
49,2025-04,8785.6,8812.1,43.6,42.2,46,204,0.225,127
49,2025-05,8827.1,8443.9,44.8,41.3,42,185,0.227,100
49,2025-06,8807.2,8821.8,44.5,40.7,62,194,0.32,117
49,2025-07,8826.2,8895.6,43.6,42.9,53,132,0.402,108
49,2025-08,8832.9,8685.3,46.6,41.6,60,106,0.566,116
49,2025-09,8868.4,8377.4,47.6,41.7,63,168,0.375,112
49,2025-10,8879.6,8679.8,49.5,41.4,69,158,0.437,89
49,2025-11,8920.5,8399.7,50.0,41.7,54,211,0.256,112
49,2025-12,8921.2,8977.4,51.8,40.0,74,161,0.46,115
50,2020-01,8908.7,8994.2,46.8,40.5,49,229,0.214,111
50,2020-02,8887.5,8377.2,48.2,41.4,52,137,0.38,93
50,2020-03,8918.4,8435.2,49.3,40.9,73,158,0.462,102
50,2020-04,8952.3,8737.5,49.2,42.0,39,107,0.364,106
50,2020-05,9022.2,8886.3,51.1,40.3,68,126,0.54,93
50,2020-06,9060.8,8635.9,50.3,40.0,62,198,0.313,100
50,2020-07,9052.7,8774.4,49.7,40.2,49,191,0.257,98
50,2020-08,9096.9,8876.0,51.3,41.9,97,142,0.683,102
50,2020-09,9139.8,8600.8,53.4,42.2,70,165,0.424,99
50,2020-10,9128.0,8813.8,52.3,43.9,55,145,0.379,110
50,2020-11,9126.1,9187.0,51.4,45.6,63,136,0.463,88
50,2020-12,9157.4,8898.1,51.1,45.4,63,135,0.467,102
50,2021-01,9206.7,9063.2,53.7,43.6,69,20,3.45,102
50,2021-02,9236.2,8876.4,56.2,44.8,70,175,0.4,97
50,2021-03,9223.3,9042.4,56.1,45.0,80,101,0.792,101
50,2021-04,9236.4,8736.6,53.9,46.2,78,159,0.491,96
50,2021-05,9230.8,8798.4,54.6,46.1,70,130,0.538,88
50,2021-06,9236.3,9346.0,54.5,47.2,75,166,0.452,100
50,2021-07,9283.3,9221.8,51.7,48.7,65,106,0.613,115
50,2021-08,9315.0,8993.1,53.0,49.8,71,185,0.384,92
50,2021-09,9311.1,9192.3,53.0,49.2,77,138,0.558,103
50,2021-10,9237.6,9420.9,51.4,49.6,68,138,0.493,104
50,2021-11,9190.9,8794.2,50.6,49.1,80,125,0.64,113
50,2021-12,9179.1,8670.4,50.3,49.5,46,121,0.38,101
50,2022-01,9134.0,8619.1,49.9,48.3,41,117,0.35,122
50,2022-02,9147.8,8653.1,52.3,49.6,58,106,0.547,118
50,2022-03,9160.7,8683.4,54.7,49.0,67,156,0.429,103
50,2022-04,9188.9,9038.3,53.8,49.1,59,130,0.454,92
50,2022-05,9178.8,9218.1,54.0,48.9,68,125,0.544,96
50,2022-06,9159.3,9137.4,57.0,48.6,62,159,0.39,121
50,2022-07,9181.0,9289.1,56.4,50.8,74,151,0.49,103
50,2022-08,9191.1,8808.0,57.4,49.4,76,114,0.667,101
50,2022-09,9213.6,9148.5,56.4,46.4,68,175,0.389,94
50,2022-10,9275.1,9397.4,58.5,48.8,79,209,0.378,105
50,2022-11,9259.2,9367.3,59.3,49.3,80,83,0.964,102
50,2022-12,9312.9,9143.5,62.5,50.3,76,174,0.437,87
50,2023-01,9341.1,9409.9,60.5,50.4,84,98,0.857,87
50,2023-02,9385.9,9046.8,60.2,49.4,57,105,0.543,92
50,2023-03,9426.9,8906.4,63.5,50.4,80,106,0.755,101
50,2023-04,9506.8,9592.7,66.1,51.1,61,34,1.794,100
50,2023-05,9598.5,9500.9,69.8,49.8,80,101,0.792,83
50,2023-06,9660.7,9436.9,69.1,50.5,85,72,1.181,90
50,2023-07,9753.5,9430.7,68.8,49.8,58,76,0.763,89
50,2023-08,9854.4,9956.2,68.0,51.2,81,173,0.468,91
50,2023-09,9882.5,9347.4,66.6,52.1,82,104,0.788,74
50,2023-10,9933.8,9670.5,66.5,51.0,90,28,3.214,93
50,2023-11,9965.3,9688.2,67.0,51.1,74,91,0.813,81
50,2023-12,10058.0,10152.8,67.1,48.4,87,119,0.731,96
50,2024-01,10091.9,10010.5,67.9,50.9,71,105,0.676,84
50,2024-02,10161.0,10277.7,67.2,51.3,95,51,1.863,76
50,2024-03,10154.6,9557.2,66.4,52.0,86,156,0.551,89
50,2024-04,10221.2,10043.5,65.7,51.2,76,111,0.685,83
50,2024-05,10290.3,9885.7,65.3,49.5,68,94,0.723,98
50,2024-06,10280.0,10268.1,66.6,50.3,94,127,0.74,94
50,2024-07,10296.2,10232.4,65.8,49.1,71,116,0.612,93
50,2024-08,10374.4,10059.1,70.7,50.6,86,66,1.303,97
50,2024-09,10382.8,10140.3,71.8,51.8,62,95,0.653,87
50,2024-10,10448.0,10334.1,74.6,51.2,84,116,0.724,75
50,2024-11,10562.0,10404.6,74.6,49.3,102,46,2.217,68
50,2024-12,10609.6,10200.7,75.3,49.1,96,70,1.371,83
50,2025-01,10718.4,10325.4,76.8,48.1,97,49,1.98,75
50,2025-02,10814.3,10285.4,77.9,45.8,84,69,1.217,68
50,2025-03,10921.2,10841.6,78.2,46.3,95,28,3.393,88
50,2025-04,11036.7,11087.1,78.0,47.7,95,60,1.583,73
50,2025-05,11166.7,10992.8,80.6,46.9,107,63,1.698,69
50,2025-06,11228.4,10816.4,79.9,48.5,104,20,5.2,77
50,2025-07,11265.9,10645.7,77.7,50.7,83,97,0.856,80
50,2025-08,11364.5,11102.9,79.1,50.7,91,64,1.422,77
50,2025-09,11473.5,11645.9,79.4,51.5,107,97,1.103,75
50,2025-10,11581.7,11226.3,78.4,52.0,89,111,0.802,77
50,2025-11,11739.3,11159.6,80.5,51.4,91,147,0.619,63
50,2025-12,11867.0,11285.2,83.2,51.8,108,69,1.565,80
51,2020-01,10900.5,10819.8,94.2,32.1,114,20,5.7,59
51,2020-02,11279.7,11120.5,95.4,33.4,103,20,5.15,57
51,2020-03,11625.7,11400.2,95.1,33.2,110,23,4.783,60
51,2020-04,11999.9,12148.5,96.8,33.0,119,35,3.4,56
51,2020-05,12389.6,11818.0,96.9,33.1,118,20,5.9,64
51,2020-06,12650.7,11920.3,95.4,33.5,112,20,5.6,52
51,2020-07,12975.5,12323.7,96.8,33.7,116,55,2.109,53
51,2020-08,13328.3,12740.7,98.5,33.1,112,20,5.6,50
51,2020-09,13672.6,13198.3,99.0,33.1,114,72,1.583,61
51,2020-10,14063.8,13899.4,99.0,34.6,121,20,6.05,64
51,2020-11,14423.9,13642.9,99.0,34.7,117,20,5.85,77
51,2020-12,14899.5,14560.6,99.0,35.7,133,39,3.41,51
51,2021-01,15223.2,15485.4,97.0,36.6,130,35,3.714,44
51,2021-02,15528.3,15317.6,97.5,37.5,102,20,5.1,57
51,2021-03,15886.0,15188.1,97.2,38.4,111,47,2.362,42
51,2021-04,16258.4,16006.4,97.8,39.8,130,20,6.5,51
51,2021-05,16592.9,16763.5,98.9,40.9,118,20,5.9,66
51,2021-06,16959.2,16619.2,99.0,41.0,112,20,5.6,74
51,2021-07,17381.0,17617.5,99.0,40.7,130,30,4.333,62
51,2021-08,17859.7,18040.9,99.0,40.6,127,20,6.35,56
51,2021-09,18344.6,17551.0,99.0,39.7,119,21,5.667,63
51,2021-10,18730.2,17976.5,98.3,41.2,112,61,1.836,57
51,2021-11,19248.0,18599.5,99.0,41.2,104,20,5.2,44
51,2021-12,19712.1,19449.3,98.6,40.8,117,36,3.25,53
51,2022-01,20030.7,19646.3,98.8,41.3,128,20,6.4,74
51,2022-02,20403.9,19225.4,99.0,42.3,133,20,6.65,73
51,2022-03,20738.2,21012.1,99.0,43.3,124,20,6.2,67
51,2022-04,21190.5,21548.6,99.0,43.6,117,40,2.925,63
51,2022-05,21599.7,21338.8,96.4,42.8,120,20,6.0,46
51,2022-06,22162.7,22075.5,95.7,41.7,112,20,5.6,93
51,2022-07,22768.7,22048.9,93.0,42.5,128,39,3.282,70
51,2022-08,23090.0,23238.8,95.5,42.7,125,20,6.25,49
51,2022-09,23512.0,23476.5,95.9,44.1,117,54,2.167,59
51,2022-10,23918.7,23388.8,96.2,44.3,97,102,0.951,70
51,2022-11,24210.7,23541.4,96.8,45.5,126,49,2.571,75
51,2022-12,24714.7,24875.6,98.3,44.4,119,20,5.95,72
51,2023-01,25259.4,23803.5,97.1,43.9,110,20,5.5,52
51,2023-02,25751.6,25524.6,98.9,43.3,114,20,5.7,63
51,2023-03,26085.5,26025.9,99.0,45.0,126,20,6.3,74
51,2023-04,26368.1,25284.5,97.1,46.3,123,20,6.15,72
51,2023-05,26858.2,26906.8,98.6,47.4,102,20,5.1,64
51,2023-06,27547.8,27126.4,98.5,46.7,116,20,5.8,75
51,2023-07,27979.7,27904.4,97.2,48.6,121,20,6.05,66
51,2023-08,28596.6,28810.7,95.3,48.1,128,20,6.4,76
51,2023-09,28778.4,29288.6,94.4,46.6,109,20,5.45,63
51,2023-10,29445.8,29115.9,92.3,45.2,117,20,5.85,57
51,2023-11,30091.2,30639.4,94.9,47.3,113,106,1.066,61
51,2023-12,30512.6,30083.3,97.2,46.1,114,20,5.7,68
51,2024-01,30894.6,31206.0,96.3,46.6,123,23,5.348,71
51,2024-02,31296.7,29803.5,94.4,45.6,122,20,6.1,59
51,2024-03,31775.2,31362.2,94.0,46.1,127,20,6.35,53
51,2024-04,32377.6,30716.0,92.5,46.4,112,134,0.836,81
51,2024-05,32861.2,32166.2,92.2,45.2,112,20,5.6,76
51,2024-06,33309.2,33696.7,92.5,47.2,113,20,5.65,62
51,2024-07,33738.7,34218.6,92.2,47.6,113,24,4.708,79
51,2024-08,34432.0,33209.9,95.3,47.1,109,20,5.45,77
51,2024-09,35141.3,34275.1,93.1,47.1,112,20,5.6,60
51,2024-10,35681.3,33785.6,93.1,46.9,123,20,6.15,53
51,2024-11,36455.4,35239.0,93.4,46.7,116,20,5.8,63
51,2024-12,36959.8,35043.5,92.0,48.2,113,52,2.173,77
51,2025-01,37431.7,36256.7,92.7,46.7,115,20,5.75,46
51,2025-02,37980.4,38043.2,96.3,47.2,101,34,2.971,55
51,2025-03,38935.4,37730.4,97.8,44.8,126,20,6.3,80
51,2025-04,39515.3,39136.3,96.9,46.0,94,54,1.741,71
51,2025-05,40448.1,41182.0,96.4,45.4,126,20,6.3,68
51,2025-06,41230.3,40602.8,95.8,46.1,111,20,5.55,86
51,2025-07,41934.5,40890.0,96.2,45.8,118,20,5.9,44
51,2025-08,43073.6,41489.1,96.0,46.3,115,20,5.75,87
51,2025-09,43771.3,42522.6,95.7,45.0,118,20,5.9,47
51,2025-10,44567.2,44652.1,96.7,44.9,114,20,5.7,50
51,2025-11,45366.4,44487.7,98.3,45.7,129,20,6.45,93
51,2025-12,46121.9,44030.7,98.3,45.1,118,49,2.408,62
52,2020-01,8483.3,8087.5,53.1,62.3,58,161,0.36,107
52,2020-02,8469.9,8276.1,54.2,61.1,73,147,0.497,103
52,2020-03,8482.9,8275.1,54.2,59.2,76,81,0.938,105
52,2020-04,8507.7,8238.6,55.0,58.8,62,54,1.148,106
52,2020-05,8453.6,8296.3,54.0,59.0,64,133,0.481,110
52,2020-06,8379.1,8172.8,54.3,59.6,65,122,0.533,100
52,2020-07,8322.9,8019.0,55.5,56.5,64,154,0.416,97
52,2020-08,8348.5,8301.4,54.3,57.2,76,129,0.589,95
52,2020-09,8303.8,8047.6,54.9,58.3,82,139,0.59,115
52,2020-10,8275.8,8120.1,55.2,57.1,48,148,0.324,94
52,2020-11,8353.9,8513.3,56.8,56.6,66,117,0.564,107
52,2020-12,8350.4,8039.5,58.3,57.1,62,120,0.517,90
52,2021-01,8318.7,7830.4,57.8,55.6,83,145,0.572,94
52,2021-02,8285.2,8084.4,58.3,57.0,70,171,0.409,125
52,2021-03,8322.7,7877.4,55.2,57.6,61,116,0.526,90
52,2021-04,8338.7,8062.8,53.2,56.4,49,121,0.405,112
52,2021-05,8367.6,8046.1,51.5,56.5,68,151,0.45,138
52,2021-06,8430.3,8576.6,52.4,56.6,56,157,0.357,112
52,2021-07,8464.2,8412.5,51.8,56.3,78,112,0.696,117
52,2021-08,8475.9,8553.5,53.6,55.5,54,203,0.266,92
52,2021-09,8507.1,8553.8,52.7,54.4,61,104,0.587,95
52,2021-10,8559.2,8265.0,53.1,53.1,58,88,0.659,110
52,2021-11,8520.8,8170.4,52.7,52.8,65,108,0.602,106
52,2021-12,8517.4,8148.8,51.3,52.4,65,190,0.342,101
52,2022-01,8563.8,8319.7,52.9,51.8,82,135,0.607,106
52,2022-02,8586.8,8180.6,54.0,51.9,50,140,0.357,91
52,2022-03,8589.4,8167.5,53.6,50.3,77,71,1.085,102
52,2022-04,8584.5,8424.2,52.9,50.6,65,197,0.33,114
52,2022-05,8627.1,8620.1,53.7,50.3,72,149,0.483,92
52,2022-06,8670.2,8781.6,54.1,52.0,85,122,0.697,104
52,2022-07,8662.1,8470.2,56.0,52.3,65,178,0.365,109
52,2022-08,8671.6,8787.6,57.5,51.5,61,128,0.477,97
52,2022-09,8703.7,8218.2,58.2,49.9,70,80,0.875,96
52,2022-10,8721.5,8541.6,56.5,48.4,62,137,0.453,91
52,2022-11,8733.0,8346.4,57.0,47.8,67,142,0.472,103
52,2022-12,8778.4,8593.5,59.5,49.2,68,101,0.673,70
52,2023-01,8821.4,8503.1,56.7,49.1,67,183,0.366,105
52,2023-02,8822.3,8677.1,56.8,50.1,89,88,1.011,99
52,2023-03,8848.2,8701.8,55.9,49.2,64,174,0.368,106
52,2023-04,8828.9,8317.1,53.6,48.5,54,166,0.325,112
52,2023-05,8845.6,8885.6,53.6,48.6,71,200,0.355,121
52,2023-06,8851.4,8994.7,53.2,48.9,69,150,0.46,99
52,2023-07,8881.9,8760.8,53.9,49.1,59,76,0.776,120
52,2023-08,8886.8,8929.3,57.8,48.2,74,194,0.381,94
52,2023-09,8889.7,8750.0,58.2,49.1,67,172,0.39,99
52,2023-10,8925.0,9028.7,57.0,50.1,48,140,0.343,91
52,2023-11,8980.1,8627.8,55.4,51.4,68,107,0.636,98
52,2023-12,9007.2,8690.9,55.9,51.4,57,182,0.313,106
52,2024-01,9055.4,8797.2,54.2,51.4,52,119,0.437,110
52,2024-02,9025.5,8718.0,54.2,52.3,72,162,0.444,97
52,2024-03,9032.9,8982.7,53.7,52.7,68,143,0.476,94
52,2024-04,8997.8,9062.2,55.8,52.3,78,109,0.716,105
52,2024-05,8980.2,8745.8,56.9,53.1,51,125,0.408,101
52,2024-06,8993.9,8811.5,57.5,54.3,59,93,0.634,96
52,2024-07,9001.9,8642.5,60.2,56.0,65,77,0.844,90
52,2024-08,9063.8,8718.6,60.3,56.2,56,162,0.346,83
52,2024-09,9068.8,8929.8,62.2,56.9,58,191,0.304,95
52,2024-10,9037.1,9211.5,62.8,55.8,92,126,0.73,86
52,2024-11,8965.1,8508.0,61.2,57.3,82,140,0.586,83
52,2024-12,8979.5,9006.5,62.0,57.2,68,90,0.756,92
52,2025-01,8989.1,8640.8,63.6,56.3,58,113,0.513,94
52,2025-02,9039.8,8869.3,63.3,58.8,80,89,0.899,89
52,2025-03,9082.9,8926.8,65.1,57.7,87,53,1.642,89
52,2025-04,9133.9,8924.2,65.3,57.2,75,98,0.765,75
52,2025-05,9223.1,9014.3,67.1,56.2,81,68,1.191,100
52,2025-06,9192.6,9267.8,64.6,55.2,78,110,0.709,105
52,2025-07,9253.6,8829.8,62.7,54.4,78,72,1.083,114
52,2025-08,9256.9,9108.8,62.7,53.8,67,148,0.453,108
52,2025-09,9285.3,9090.1,64.0,54.3,72,47,1.532,108
52,2025-10,9294.5,9287.1,63.4,53.2,84,106,0.792,88
52,2025-11,9326.2,9417.7,63.9,54.0,74,94,0.787,85
52,2025-12,9411.5,9360.5,61.9,52.4,62,73,0.849,90
53,2020-01,11231.4,10827.7,98.9,59.1,121,26,4.654,71
53,2020-02,11330.5,11343.5,96.8,59.8,111,20,5.55,84
53,2020-03,11463.1,11179.0,95.3,62.6,95,20,4.75,57
53,2020-04,11484.6,11530.5,96.8,61.8,130,20,6.5,78
53,2020-05,11593.9,11491.7,95.8,61.8,104,20,5.2,68
53,2020-06,11665.3,11266.5,92.8,63.0,89,20,4.45,71
53,2020-07,11741.6,11066.0,96.1,64.9,103,20,5.15,69
53,2020-08,11834.4,11923.2,94.4,65.2,102,59,1.729,75
53,2020-09,11919.9,11479.0,93.3,67.3,114,41,2.78,76
53,2020-10,11946.2,11895.5,92.7,67.0,106,20,5.3,78
53,2020-11,11981.9,11276.3,93.0,68.5,108,20,5.4,85
53,2020-12,12058.8,11669.5,93.2,69.8,105,57,1.842,75
53,2021-01,12094.4,11398.3,92.7,69.4,122,81,1.506,68
53,2021-02,12198.6,11565.1,90.6,67.8,114,20,5.7,83
53,2021-03,12187.8,11839.1,89.8,68.8,99,20,4.95,66
53,2021-04,12190.1,12094.4,87.4,68.2,109,71,1.535,75
53,2021-05,12315.6,12075.7,86.1,69.0,101,63,1.603,82
53,2021-06,12409.8,11738.3,86.7,68.7,91,63,1.444,77
53,2021-07,12416.0,12490.4,88.2,68.5,105,55,1.909,90
53,2021-08,12532.7,12146.1,87.4,66.5,121,20,6.05,91
53,2021-09,12527.8,12462.8,85.8,66.9,119,26,4.577,87
53,2021-10,12606.3,12059.2,86.4,66.0,108,20,5.4,74
53,2021-11,12645.1,12430.9,87.9,65.4,106,26,4.077,75
53,2021-12,12688.6,12636.4,88.3,65.6,116,69,1.681,100
53,2022-01,12799.5,12568.3,88.8,66.1,95,20,4.75,73
53,2022-02,12804.8,12230.1,90.5,67.4,119,44,2.705,82
53,2022-03,12944.7,12224.8,90.2,65.4,75,48,1.562,72
53,2022-04,13032.3,12604.0,88.3,64.5,102,20,5.1,76
53,2022-05,13128.8,12803.2,88.5,64.6,120,20,6.0,92
53,2022-06,13233.5,13454.3,87.7,65.4,93,20,4.65,107
53,2022-07,13363.7,12703.8,87.3,64.0,95,59,1.61,88
53,2022-08,13450.7,13006.4,92.7,66.2,85,20,4.25,77
53,2022-09,13541.0,12932.0,96.2,65.2,110,54,2.037,85
53,2022-10,13639.4,13744.6,99.0,65.6,112,64,1.75,75
53,2022-11,13741.9,13456.3,99.0,66.5,113,78,1.449,77
53,2022-12,13787.3,13266.2,98.6,65.8,122,20,6.1,59
53,2023-01,13796.4,12988.4,99.0,66.8,124,20,6.2,65
53,2023-02,13940.3,13378.0,99.0,65.4,119,20,5.95,68
53,2023-03,14095.3,13773.2,97.8,64.5,118,20,5.9,72
53,2023-04,14174.8,13326.7,96.7,64.3,122,20,6.1,96
53,2023-05,14365.3,14455.5,95.5,64.4,111,20,5.55,84
53,2023-06,14453.3,14503.1,95.1,64.7,99,39,2.538,74
53,2023-07,14588.5,14589.4,96.3,66.0,115,20,5.75,68
53,2023-08,14593.3,14802.8,97.1,67.0,129,20,6.45,64
53,2023-09,14722.5,14257.4,99.0,66.3,120,28,4.286,76
53,2023-10,14857.2,14185.5,98.0,66.6,104,28,3.714,82
53,2023-11,14967.2,14488.0,98.4,65.3,113,66,1.712,64
53,2023-12,15135.7,14694.7,98.5,65.4,112,20,5.6,78
53,2024-01,15295.8,14664.6,98.9,66.3,114,56,2.036,67
53,2024-02,15363.8,15106.5,99.0,67.6,110,75,1.467,63
53,2024-03,15646.9,15172.9,95.9,67.0,100,32,3.125,80
53,2024-04,15763.6,15113.7,96.1,67.7,117,22,5.318,75
53,2024-05,15878.8,15673.6,96.2,68.0,131,20,6.55,88
53,2024-06,16055.5,15363.9,98.6,67.5,105,20,5.25,78
53,2024-07,16232.1,16461.9,98.5,68.6,125,53,2.358,79
53,2024-08,16223.7,15394.4,98.5,69.1,120,20,6.0,81
53,2024-09,16274.4,16316.5,96.8,70.5,122,20,6.1,86
53,2024-10,16471.4,16013.1,96.7,70.3,96,20,4.8,76
53,2024-11,16605.4,16444.1,97.2,68.4,108,20,5.4,73
53,2024-12,16721.8,15883.4,97.9,68.5,139,20,6.95,74
53,2025-01,16736.6,16640.8,96.9,67.3,114,60,1.9,84
53,2025-02,16752.3,16336.1,95.2,65.7,113,63,1.794,71
53,2025-03,16929.0,16389.9,96.2,64.4,97,39,2.487,78
53,2025-04,17026.6,16440.9,97.3,63.3,112,20,5.6,82
53,2025-05,17002.3,16832.1,96.6,64.6,97,20,4.85,61
53,2025-06,17196.7,16470.8,96.9,65.5,102,20,5.1,70
53,2025-07,17243.8,17424.9,96.9,65.8,121,20,6.05,82
53,2025-08,17307.4,16615.2,97.2,66.1,123,39,3.154,67
53,2025-09,17575.8,16976.5,95.8,65.9,112,29,3.862,72
53,2025-10,17711.7,17275.2,96.6,64.0,123,43,2.86,76
53,2025-11,17813.4,17852.6,98.7,64.5,114,20,5.7,69
53,2025-12,18041.0,17842.3,98.3,63.6,128,20,6.4,85
54,2020-01,10965.5,10830.5,68.6,16.0,69,54,1.278,75
54,2020-02,11406.0,11473.3,69.7,18.1,72,107,0.673,83
54,2020-03,11964.2,11251.4,72.2,18.1,94,105,0.895,62
54,2020-04,12481.8,11821.0,71.7,16.8,94,76,1.237,75
54,2020-05,13089.8,12907.6,71.2,15.7,82,96,0.854,69
54,2020-06,13758.4,13505.8,72.2,16.0,104,132,0.788,88
54,2020-07,14583.5,13749.0,73.2,15.1,99,138,0.717,81
54,2020-08,15391.0,14866.5,75.4,16.4,97,78,1.244,67
54,2020-09,16209.2,16072.2,75.0,15.5,85,84,1.012,70
54,2020-10,17106.5,17315.1,76.3,16.4,78,42,1.857,65
54,2020-11,18041.9,18293.6,79.8,16.6,91,83,1.096,67
54,2020-12,19262.3,19379.7,82.0,14.6,90,101,0.891,68
54,2021-01,20607.6,20723.1,80.9,14.5,83,52,1.596,70
54,2021-02,22020.0,21190.8,81.3,14.1,102,60,1.7,62
54,2021-03,23520.2,23189.8,81.3,13.8,94,77,1.221,42
54,2021-04,25173.3,24280.0,81.6,13.8,100,81,1.235,63
54,2021-05,26925.9,27122.1,83.0,14.5,81,22,3.682,66
54,2021-06,28825.3,28994.9,82.6,14.9,97,30,3.233,65
54,2021-07,30448.5,30569.5,84.1,16.6,101,112,0.902,63
54,2021-08,32348.9,31289.6,84.2,16.0,109,96,1.135,65
54,2021-09,34434.2,34314.5,84.7,15.7,106,55,1.927,51
54,2021-10,36715.1,35482.2,85.7,14.6,93,118,0.788,36
54,2021-11,38994.6,38860.2,88.4,16.1,101,53,1.906,55
54,2021-12,41598.3,42195.2,89.5,16.9,93,20,4.65,60
54,2022-01,44598.4,44023.2,90.0,15.9,118,51,2.314,56
54,2022-02,47491.4,45308.7,90.7,16.7,98,20,4.9,41
54,2022-03,50490.2,49555.7,91.8,17.7,118,68,1.735,47
54,2022-04,53803.1,53658.3,91.7,16.9,108,63,1.714,67
54,2022-05,57578.0,58585.3,93.4,16.1,108,20,5.4,61
54,2022-06,62688.4,63870.4,93.4,14.9,116,20,5.8,45
54,2022-07,66656.7,65158.9,94.3,18.2,113,20,5.65,72
54,2022-08,71366.7,68625.3,92.9,16.9,110,20,5.5,45
54,2022-09,75824.6,76333.1,94.2,17.8,121,20,6.05,61
54,2022-10,81491.9,82628.4,95.3,16.0,118,59,2.0,42
54,2022-11,87416.9,84346.9,98.2,15.8,104,42,2.476,37
54,2022-12,95309.7,91423.4,98.2,14.2,108,20,5.4,63
54,2023-01,103786.1,101405.5,97.4,13.5,116,20,5.8,58
54,2023-02,113827.7,115728.9,99.0,12.7,128,35,3.657,55
54,2023-03,126619.5,123087.2,99.0,11.9,117,44,2.659,53
54,2023-04,138930.5,135528.3,98.2,12.5,115,20,5.75,36
54,2023-05,153814.0,153400.7,95.9,11.8,112,20,5.6,61
54,2023-06,168108.8,169590.2,94.9,13.2,111,20,5.55,56
54,2023-07,186134.0,179354.1,95.5,13.0,102,20,5.1,44
54,2023-08,202889.1,197750.9,92.0,13.0,109,38,2.868,56
54,2023-09,219723.6,208527.7,92.4,14.0,110,20,5.5,66
54,2023-10,238734.8,230178.8,94.1,13.6,130,56,2.321,62
54,2023-11,260589.1,264732.3,92.4,13.0,112,48,2.333,68
54,2023-12,282069.0,269178.6,92.9,14.9,119,20,5.95,46
54,2024-01,303560.0,297611.5,93.8,15.3,118,23,5.13,53
54,2024-02,326056.4,309928.8,92.7,15.6,95,20,4.75,40
54,2024-03,348161.2,352095.8,93.9,17.5,93,20,4.65,57
54,2024-04,369500.7,356983.4,93.4,17.0,120,20,6.0,63
54,2024-05,397986.1,405787.8,92.2,16.4,116,20,5.8,60
54,2024-06,425065.1,400217.7,90.3,15.2,104,65,1.6,57
54,2024-07,459143.1,452066.9,91.4,13.5,114,20,5.7,54
54,2024-08,500443.4,478646.3,90.8,14.0,109,26,4.192,58
54,2024-09,535344.2,523606.2,90.1,16.1,97,20,4.85,54
54,2024-10,574153.2,582851.1,91.5,16.0,126,20,6.3,54
54,2024-11,615052.8,591382.9,90.9,16.4,114,20,5.7,47
54,2024-12,658706.6,632822.3,90.2,16.1,126,20,6.3,47
54,2025-01,708464.0,713801.4,92.2,15.1,127,36,3.528,51
54,2025-02,768288.2,728826.8,92.3,13.8,104,35,2.971,42
54,2025-03,834665.5,848604.9,93.7,13.8,116,42,2.762,45
54,2025-04,907598.7,892674.6,93.3,14.3,123,20,6.15,67
54,2025-05,980754.9,985814.9,92.3,16.2,117,20,5.85,64
54,2025-06,1049847.2,1053108.0,93.3,16.5,112,50,2.24,43
54,2025-07,1125604.1,1128105.0,93.6,15.8,100,20,5.0,44
54,2025-08,1214479.7,1209706.3,96.0,16.2,100,45,2.222,52
54,2025-09,1303587.9,1308052.3,99.0,17.7,121,46,2.63,42
54,2025-10,1394644.7,1337948.7,99.0,16.4,115,24,4.792,40
54,2025-11,1504615.9,1515875.4,99.0,15.9,131,35,3.743,50
54,2025-12,1624763.0,1656678.9,99.0,15.0,120,25,4.8,60
55,2020-01,8911.4,8902.7,85.1,64.4,101,40,2.525,82
55,2020-02,8928.0,8616.1,83.4,64.5,125,20,6.25,69
55,2020-03,8967.0,8761.7,84.9,64.9,90,58,1.552,89
55,2020-04,9048.2,9014.6,83.9,64.8,100,43,2.326,74
55,2020-05,9095.6,9083.6,84.9,63.5,112,20,5.6,78
55,2020-06,9091.8,9041.5,89.5,65.0,112,20,5.6,87
55,2020-07,9152.2,8898.1,88.5,64.4,125,59,2.119,92
55,2020-08,9173.6,9338.6,87.2,65.7,104,39,2.667,66
55,2020-09,9186.1,8740.4,85.3,66.5,95,62,1.532,92
55,2020-10,9253.6,9049.6,86.3,66.2,95,110,0.864,81
55,2020-11,9325.9,8810.2,85.9,64.9,120,45,2.667,76
55,2020-12,9460.8,9374.0,87.2,63.6,107,85,1.259,65
55,2021-01,9487.4,8972.2,88.1,63.4,105,60,1.75,84
55,2021-02,9567.9,9736.9,89.5,63.9,110,67,1.642,87
55,2021-03,9650.0,9126.9,89.5,63.0,116,20,5.8,73
55,2021-04,9778.1,9211.7,88.4,61.3,107,20,5.35,66
55,2021-05,9891.3,9473.9,88.9,61.2,96,108,0.889,68
55,2021-06,9877.6,9630.8,90.5,59.6,112,20,5.6,86
55,2021-07,9933.3,9400.3,90.1,60.8,127,20,6.35,81
55,2021-08,9972.0,9950.6,90.3,60.1,100,20,5.0,79
55,2021-09,10029.5,9690.2,88.7,63.3,94,20,4.7,81
55,2021-10,10157.4,10219.7,90.8,63.3,107,20,5.35,79
55,2021-11,10201.7,9913.6,92.1,64.1,104,56,1.857,64
55,2021-12,10326.3,9922.6,94.4,64.7,118,20,5.9,82
55,2022-01,10416.5,10002.9,94.4,64.4,107,47,2.277,79
55,2022-02,10450.1,9877.1,93.0,65.5,113,20,5.65,92
55,2022-03,10496.2,10366.5,93.5,64.3,127,55,2.309,90
55,2022-04,10573.6,10658.5,93.0,66.3,118,96,1.229,96
55,2022-05,10626.4,10666.5,92.7,67.0,109,66,1.652,95
55,2022-06,10656.6,10142.6,89.0,66.2,98,77,1.273,77
55,2022-07,10737.3,10116.5,92.7,66.1,116,20,5.8,90
55,2022-08,10828.0,10387.8,92.3,65.5,107,94,1.138,77
55,2022-09,10859.6,10439.5,91.1,66.6,111,70,1.586,84
55,2022-10,10867.4,10616.8,92.5,64.2,127,30,4.233,81
55,2022-11,10907.6,10360.1,91.8,65.1,124,24,5.167,86
55,2022-12,11034.3,10476.3,91.4,63.6,117,36,3.25,72
55,2023-01,11182.1,10797.6,89.6,62.1,106,36,2.944,75
55,2023-02,11325.8,11064.8,88.6,61.0,126,111,1.135,86
55,2023-03,11411.6,11217.0,87.3,63.2,97,57,1.702,85
55,2023-04,11479.2,10838.0,87.9,62.5,95,68,1.397,84
55,2023-05,11513.9,11067.6,87.7,62.7,99,37,2.676,77
55,2023-06,11623.8,10999.9,89.0,63.1,91,20,4.55,46
55,2023-07,11705.7,11104.0,89.2,64.1,95,86,1.105,63
55,2023-08,11747.1,11377.8,89.7,64.5,126,20,6.3,83
55,2023-09,11805.7,11463.4,90.0,64.1,101,101,1.0,86
55,2023-10,11952.2,11462.2,88.7,64.4,103,20,5.15,77
55,2023-11,11965.9,12037.4,90.0,65.0,105,21,5.0,85
55,2023-12,12056.3,12057.9,88.7,65.6,101,27,3.741,91
55,2024-01,12172.0,12043.7,89.5,65.9,110,81,1.358,70
55,2024-02,12213.8,12206.4,89.6,65.8,99,51,1.941,82
55,2024-03,12353.1,12113.2,93.9,65.5,112,52,2.154,81
55,2024-04,12477.5,11971.2,94.7,63.7,107,122,0.877,67
55,2024-05,12661.0,12742.6,93.6,62.8,117,63,1.857,96
55,2024-06,12797.3,12522.1,92.9,62.5,97,90,1.078,86
55,2024-07,12913.0,12226.1,92.3,62.9,102,35,2.914,77
55,2024-08,13052.6,12637.3,92.0,64.4,107,32,3.344,71
55,2024-09,13127.4,13328.5,92.0,66.0,118,30,3.933,74
55,2024-10,13130.5,12849.2,94.1,66.6,117,20,5.85,67
55,2024-11,13232.7,13085.8,96.4,66.7,126,20,6.3,67
55,2024-12,13309.8,13193.1,97.9,66.9,113,20,5.65,76
55,2025-01,13367.6,12749.5,99.0,67.4,127,20,6.35,68
55,2025-02,13500.8,13713.8,99.0,65.4,122,35,3.486,57
55,2025-03,13525.8,13508.2,95.0,63.5,119,20,5.95,79
55,2025-04,13698.0,13314.3,95.5,63.7,103,54,1.907,79
55,2025-05,13811.7,13856.3,95.8,63.5,91,20,4.55,67
55,2025-06,13918.2,13614.5,97.6,63.0,115,27,4.259,80
55,2025-07,14146.1,14028.1,97.8,63.0,108,39,2.769,84
55,2025-08,14323.1,14249.7,99.0,64.9,113,20,5.65,79
55,2025-09,14472.6,13674.1,98.7,67.8,122,20,6.1,67
55,2025-10,14672.5,14275.9,97.4,69.0,116,66,1.758,79
55,2025-11,14563.7,14694.6,98.0,69.7,101,20,5.05,70
55,2025-12,14703.8,14701.8,96.4,69.0,114,20,5.7,75
56,2020-01,10690.5,10869.8,63.3,48.4,77,118,0.653,82
56,2020-02,10744.1,10362.7,63.2,47.0,82,89,0.921,91
56,2020-03,10866.5,10609.1,63.3,46.2,81,111,0.73,93
56,2020-04,10857.4,10282.2,64.5,44.4,66,56,1.179,88
56,2020-05,10964.9,11140.3,64.3,45.2,65,127,0.512,113
56,2020-06,11053.0,11059.9,66.1,46.2,84,127,0.661,99
56,2020-07,11146.7,10606.1,65.9,45.4,90,54,1.667,94
56,2020-08,11153.8,10723.2,65.4,45.6,76,78,0.974,92
56,2020-09,11255.8,10853.9,65.5,47.2,100,146,0.685,89
56,2020-10,11326.9,11458.4,62.8,46.8,76,34,2.235,100
56,2020-11,11390.0,11024.7,62.5,47.0,88,20,4.4,105
56,2020-12,11521.5,10899.5,63.7,47.0,75,76,0.987,93
56,2021-01,11599.7,11267.0,63.0,46.4,61,72,0.847,100
56,2021-02,11750.0,11091.3,64.5,46.3,90,100,0.9,84
56,2021-03,11837.9,11236.9,64.3,46.7,57,134,0.425,98
56,2021-04,11944.1,11592.0,63.8,46.2,81,103,0.786,104
56,2021-05,12011.6,12166.6,66.4,45.6,73,105,0.695,100
56,2021-06,12064.8,11590.9,66.2,43.3,69,102,0.676,91
56,2021-07,12174.3,11878.1,67.0,44.1,75,119,0.63,77
56,2021-08,12270.8,11937.0,65.7,41.9,56,112,0.5,87
56,2021-09,12398.1,11678.5,64.6,41.6,97,175,0.554,94
56,2021-10,12494.4,11980.8,62.9,42.5,76,89,0.854,84
56,2021-11,12620.8,12110.9,63.0,42.1,71,67,1.06,102
56,2021-12,12720.5,12408.0,61.5,40.4,61,24,2.542,91
56,2022-01,12787.6,12855.1,62.4,40.3,88,81,1.086,95
56,2022-02,13011.6,13010.3,64.8,40.3,59,129,0.457,95
56,2022-03,13126.7,12690.9,65.0,40.0,73,141,0.518,87
56,2022-04,13235.0,12771.4,65.0,39.7,93,133,0.699,75
56,2022-05,13381.7,13536.4,65.6,39.1,87,120,0.725,90
56,2022-06,13491.5,12865.4,67.9,39.2,79,157,0.503,92
56,2022-07,13605.9,13774.6,67.6,41.2,57,96,0.594,91
56,2022-08,13797.3,13184.9,68.3,40.7,89,90,0.989,72
56,2022-09,13938.7,14092.6,70.3,38.9,75,62,1.21,91
56,2022-10,14132.2,14172.1,73.6,37.8,72,22,3.273,70
56,2022-11,14355.6,14579.4,73.9,37.1,94,61,1.541,94
56,2022-12,14474.1,14075.9,72.9,36.5,86,20,4.3,67
56,2023-01,14661.7,14940.5,73.3,35.8,104,71,1.465,82
56,2023-02,14868.2,14235.4,72.9,34.6,98,93,1.054,82
56,2023-03,15113.5,14945.7,72.5,31.9,102,165,0.618,76
56,2023-04,15424.7,15469.0,72.2,32.1,92,102,0.902,72
56,2023-05,15743.8,14931.1,70.9,31.2,97,126,0.77,62
56,2023-06,16115.8,15756.0,69.8,30.2,79,129,0.612,71
56,2023-07,16615.9,16316.5,71.0,27.9,91,132,0.689,62
56,2023-08,17009.3,16069.4,71.8,28.3,89,54,1.648,85
56,2023-09,17468.2,17509.4,72.4,27.9,98,80,1.225,55
56,2023-10,17854.8,16892.9,73.3,28.1,87,102,0.853,64
56,2023-11,18242.7,17474.2,72.8,29.0,96,45,2.133,83
56,2023-12,18586.6,17953.2,71.4,28.8,99,121,0.818,91
56,2024-01,19011.3,19032.3,72.9,28.2,86,170,0.506,72
56,2024-02,19490.2,18554.1,73.3,26.9,95,90,1.056,86
56,2024-03,20236.4,20510.4,72.3,25.2,98,107,0.916,78
56,2024-04,20694.1,20780.0,71.3,26.3,91,20,4.55,62
56,2024-05,21228.4,21425.4,71.2,27.2,90,39,2.308,72
56,2024-06,21829.6,21961.9,71.1,27.7,72,65,1.108,69
56,2024-07,22386.6,21791.0,70.8,28.1,76,50,1.52,79
56,2024-08,22935.9,23384.3,72.6,28.0,94,85,1.106,57
56,2024-09,23654.2,22987.3,72.4,25.0,74,36,2.056,79
56,2024-10,24304.2,23124.1,71.9,27.2,66,93,0.71,77
56,2024-11,24905.9,24759.0,74.4,26.3,80,74,1.081,83
56,2024-12,25439.3,24303.7,75.2,26.1,81,24,3.375,78
56,2025-01,26363.8,26156.8,78.0,25.8,86,29,2.966,68
56,2025-02,27319.7,27765.2,77.7,26.2,82,70,1.171,73
56,2025-03,28019.2,26755.7,77.8,25.9,101,112,0.902,79
56,2025-04,29004.8,28140.5,80.5,26.6,88,60,1.467,74
56,2025-05,29836.9,28443.6,79.9,27.9,92,45,2.044,86
56,2025-06,30597.5,30645.7,79.0,30.2,84,20,4.2,70
56,2025-07,31206.8,29905.1,79.6,29.8,87,117,0.744,69
56,2025-08,31829.2,30241.0,79.1,30.2,103,95,1.084,63
56,2025-09,32666.2,31215.6,80.9,30.4,83,50,1.66,52
56,2025-10,33553.0,33599.6,82.0,29.9,91,82,1.11,70
56,2025-11,34408.4,35034.3,84.2,30.5,98,74,1.324,63
56,2025-12,35317.6,33595.8,85.6,33.9,95,22,4.318,53
57,2020-01,9215.9,9318.8,51.8,60.0,56,133,0.421,91
57,2020-02,9214.9,8737.0,50.1,61.4,48,186,0.258,116
57,2020-03,9192.7,8790.2,51.9,60.8,75,84,0.893,82
57,2020-04,9147.2,8854.5,55.3,60.6,82,113,0.726,102
57,2020-05,9127.7,9086.7,54.3,59.4,54,198,0.273,97
57,2020-06,9189.1,8646.1,54.7,58.3,48,124,0.387,108
57,2020-07,9204.6,8817.2,54.8,56.1,69,49,1.408,93
57,2020-08,9188.1,9289.1,54.7,56.0,65,174,0.374,83
57,2020-09,9172.1,9171.7,57.7,57.8,69,193,0.358,94
57,2020-10,9154.9,8866.1,60.9,57.5,81,98,0.827,88
57,2020-11,9222.4,9017.6,63.8,57.2,67,53,1.264,99
57,2020-12,9149.0,8895.1,65.5,59.2,74,78,0.949,99
57,2021-01,9246.0,9376.4,67.0,57.4,82,141,0.582,90
57,2021-02,9252.5,9389.4,67.9,57.8,99,67,1.478,94
57,2021-03,9268.2,9221.3,69.6,58.3,79,20,3.95,80
57,2021-04,9296.3,9259.0,69.4,60.0,81,104,0.779,84
57,2021-05,9299.3,9090.9,71.0,61.2,79,109,0.725,92
57,2021-06,9279.9,9103.0,72.4,60.2,74,79,0.937,108
57,2021-07,9312.0,8863.7,75.5,59.9,88,121,0.727,85
57,2021-08,9389.1,8831.2,76.1,60.7,76,33,2.303,84
57,2021-09,9410.0,9565.1,78.3,58.8,101,109,0.927,94
57,2021-10,9495.7,8926.5,79.3,59.1,105,42,2.5,78
57,2021-11,9514.7,9393.9,80.4,60.1,108,109,0.991,74
57,2021-12,9563.4,9276.4,82.2,59.3,93,94,0.989,68
57,2022-01,9601.3,9739.8,83.9,58.2,109,34,3.206,87
57,2022-02,9626.2,9077.0,83.5,57.5,88,97,0.907,76
57,2022-03,9706.0,9421.7,83.8,56.9,119,133,0.895,95
57,2022-04,9731.9,9258.3,83.7,56.0,103,54,1.907,86
57,2022-05,9755.8,9803.3,84.1,56.8,78,40,1.95,67
57,2022-06,9817.2,9946.7,82.9,56.1,99,20,4.95,82
57,2022-07,9940.2,10043.8,83.0,54.7,93,20,4.65,66
57,2022-08,10019.1,10098.5,84.1,52.2,96,20,4.8,67
57,2022-09,10027.0,9997.7,84.7,52.1,120,80,1.5,80
57,2022-10,10087.0,10154.6,84.5,53.2,106,20,5.3,89
57,2022-11,10160.9,9665.5,82.9,51.8,86,42,2.048,74
57,2022-12,10201.9,10073.6,80.6,53.7,111,62,1.79,70
57,2023-01,10296.9,9846.6,78.8,52.8,85,45,1.889,90
57,2023-02,10328.9,10457.1,80.8,52.7,93,97,0.959,69
57,2023-03,10429.1,10010.4,81.9,53.3,98,42,2.333,86
57,2023-04,10550.9,10146.5,80.9,52.7,99,75,1.32,74
57,2023-05,10574.3,10413.4,79.8,52.6,91,20,4.55,72
57,2023-06,10644.1,10044.0,80.5,52.2,103,20,5.15,83
57,2023-07,10740.0,10683.2,80.5,49.7,88,47,1.872,95
57,2023-08,10876.6,11074.8,79.7,49.6,79,20,3.95,76
57,2023-09,11048.8,11063.7,82.5,50.7,94,28,3.357,69
57,2023-10,11144.7,10826.4,84.8,52.0,112,58,1.931,74
57,2023-11,11274.5,11439.4,86.0,51.2,105,29,3.621,81
57,2023-12,11368.6,11393.0,86.1,52.9,112,66,1.697,69
57,2024-01,11428.0,10829.8,84.5,54.0,109,77,1.416,66
57,2024-02,11460.0,11043.8,84.1,54.0,107,30,3.567,88
57,2024-03,11525.3,10886.8,85.6,56.6,116,32,3.625,96
57,2024-04,11635.5,11777.3,88.1,56.2,103,27,3.815,80
57,2024-05,11702.0,11566.0,90.0,55.0,101,59,1.712,74
57,2024-06,11836.0,11826.8,89.1,54.1,86,39,2.205,66
57,2024-07,12051.2,11675.6,89.1,54.6,102,20,5.1,82
57,2024-08,12110.9,12168.9,88.4,52.9,106,35,3.029,95
57,2024-09,12299.1,11728.9,88.8,52.6,96,20,4.8,81
57,2024-10,12408.3,11679.5,91.0,55.9,110,20,5.5,73
57,2024-11,12503.5,12030.2,90.6,55.1,118,20,5.9,82
57,2024-12,12597.1,12074.8,90.4,56.3,103,30,3.433,82
57,2025-01,12722.0,12788.5,93.1,56.0,126,30,4.2,68
57,2025-02,12824.5,13060.3,93.6,54.7,116,56,2.071,70
57,2025-03,12995.3,12483.0,95.2,54.8,106,70,1.514,69
57,2025-04,13080.1,12715.5,94.9,54.8,106,20,5.3,66
57,2025-05,13238.6,13182.7,94.7,56.5,111,48,2.312,68
57,2025-06,13393.8,13102.2,98.5,56.2,110,20,5.5,54
57,2025-07,13548.6,12882.3,99.0,56.7,132,39,3.385,60
57,2025-08,13683.5,13387.2,96.5,56.0,129,20,6.45,76
57,2025-09,13798.8,13243.0,99.0,55.7,132,60,2.2,69
57,2025-10,13894.6,13726.4,99.0,55.7,119,20,5.95,79
57,2025-11,14114.6,13409.5,99.0,54.4,142,20,7.1,75
57,2025-12,14269.5,13795.7,99.0,55.9,124,69,1.797,69
58,2020-01,9162.2,8615.9,61.0,36.1,80,66,1.212,88
58,2020-02,9176.2,8809.9,60.6,34.9,72,169,0.426,92
58,2020-03,9290.2,9054.3,59.2,32.8,78,95,0.821,104
58,2020-04,9331.5,9035.2,59.6,33.1,71,140,0.507,93
58,2020-05,9444.3,9470.4,59.8,31.9,66,127,0.52,89
58,2020-06,9608.2,9341.4,61.9,32.6,71,49,1.449,80
58,2020-07,9804.9,9491.3,64.0,31.2,75,120,0.625,79
58,2020-08,9997.4,9647.1,64.5,30.6,77,113,0.681,77
58,2020-09,10109.2,10299.1,63.5,30.7,64,76,0.842,73
58,2020-10,10174.3,10082.6,60.1,28.9,76,137,0.555,90
58,2020-11,10394.7,9909.0,59.3,29.3,85,97,0.876,59
58,2020-12,10545.7,10567.8,58.0,27.8,61,156,0.391,96
58,2021-01,10701.2,10113.8,59.4,30.2,72,123,0.585,87
58,2021-02,10883.6,10535.3,59.4,29.7,62,100,0.62,98
58,2021-03,11037.7,10872.1,60.0,29.5,74,154,0.481,75
58,2021-04,11178.4,10580.2,60.3,30.6,55,20,2.75,89
58,2021-05,11339.7,11192.6,62.2,30.9,82,176,0.466,90
58,2021-06,11524.3,11217.2,62.9,31.8,66,71,0.93,75
58,2021-07,11746.1,11396.5,64.6,31.3,79,129,0.612,78
58,2021-08,11970.2,11598.7,63.9,31.4,77,96,0.802,81
58,2021-09,12175.0,11686.8,63.9,28.8,74,96,0.771,67
58,2021-10,12439.2,12326.4,64.5,27.5,63,84,0.75,66
58,2021-11,12664.4,12365.1,63.9,26.5,82,137,0.599,86
58,2021-12,12828.3,12868.9,63.4,26.3,70,85,0.824,100
58,2022-01,13121.0,12785.4,64.1,26.2,89,91,0.978,92
58,2022-02,13395.4,13169.4,64.1,25.7,78,165,0.473,97
58,2022-03,13701.2,13475.1,67.0,25.6,89,104,0.856,72
58,2022-04,13941.6,13794.5,66.7,27.0,97,159,0.61,84
58,2022-05,14264.0,14128.5,67.0,26.4,84,118,0.712,72
58,2022-06,14546.6,14002.9,67.6,27.2,93,134,0.694,58
58,2022-07,14808.0,14896.0,66.2,28.8,87,109,0.798,82
58,2022-08,15157.6,14353.6,68.9,29.0,90,55,1.636,79
58,2022-09,15510.1,15756.2,68.0,29.8,79,68,1.162,73
58,2022-10,15629.4,15313.4,70.0,31.4,82,117,0.701,77
58,2022-11,15842.7,15254.2,69.4,30.9,89,98,0.908,79
58,2022-12,16333.6,16483.9,72.1,29.9,82,155,0.529,62
58,2023-01,16678.0,15994.9,69.3,28.9,96,86,1.116,87
58,2023-02,17154.5,17420.9,68.0,29.1,101,87,1.161,99
58,2023-03,17566.2,17057.0,67.9,27.0,104,117,0.889,98
58,2023-04,18195.9,18030.6,69.6,23.6,82,27,3.037,72
58,2023-05,18680.9,18307.3,71.0,24.6,80,104,0.769,49
58,2023-06,19361.6,18299.3,69.6,22.5,86,161,0.534,78
58,2023-07,20064.7,20428.2,68.1,23.5,79,133,0.594,79
58,2023-08,20709.7,20316.2,67.7,24.2,79,65,1.215,76
58,2023-09,21391.9,21161.7,66.9,22.8,80,131,0.611,67
58,2023-10,21967.3,21497.0,66.8,23.5,78,137,0.569,79
58,2023-11,22616.7,21902.9,69.0,24.6,92,108,0.852,72
58,2023-12,23339.9,22504.2,67.3,24.1,86,86,1.0,89
58,2024-01,24017.5,22739.2,69.3,24.4,95,75,1.267,81
58,2024-02,24605.8,23682.6,70.5,24.3,65,23,2.826,74
58,2024-03,25301.9,25208.3,71.7,25.3,77,70,1.1,59
58,2024-04,26001.7,24846.4,70.5,23.5,84,84,1.0,79
58,2024-05,26590.4,26233.2,71.0,24.2,67,124,0.54,54
58,2024-06,27629.5,27373.8,71.4,21.2,88,37,2.378,77
58,2024-07,28910.5,29145.5,70.5,18.5,101,20,5.05,65
58,2024-08,30061.0,28546.6,69.2,16.9,96,25,3.84,50
58,2024-09,31566.2,30796.2,67.1,15.4,77,83,0.928,62
58,2024-10,32981.9,32643.7,68.2,17.7,82,43,1.907,73
58,2024-11,34472.2,32695.8,69.3,17.6,99,83,1.193,62
58,2024-12,36214.9,36435.7,68.9,17.6,75,79,0.949,73
58,2025-01,37950.1,37327.4,69.3,16.0,87,71,1.225,59
58,2025-02,40157.5,39072.9,68.0,14.3,88,47,1.872,60
58,2025-03,42659.4,40302.0,67.8,14.5,62,38,1.632,53
58,2025-04,45348.4,43758.7,67.0,13.4,88,113,0.779,83
58,2025-05,48436.0,47818.4,68.6,12.7,72,124,0.581,56
58,2025-06,51737.0,49308.8,71.3,13.3,98,96,1.021,59
58,2025-07,54481.5,55262.1,73.6,15.7,101,63,1.603,60
58,2025-08,57484.2,56535.8,71.7,14.9,81,67,1.209,69
58,2025-09,60909.0,60431.8,71.4,14.5,100,93,1.075,54
58,2025-10,63754.4,62642.5,72.5,16.0,92,156,0.59,71
58,2025-11,66951.8,66842.4,73.7,15.8,73,58,1.259,73
58,2025-12,71070.5,69069.2,75.7,15.1,97,91,1.066,79
59,2020-01,9444.0,9369.6,66.8,62.9,74,65,1.138,75
59,2020-02,9429.7,9429.6,64.0,62.8,95,149,0.638,109
59,2020-03,9431.1,9117.3,66.0,61.2,88,98,0.898,94
59,2020-04,9501.0,9395.1,65.9,62.6,84,91,0.923,99
59,2020-05,9517.3,9565.7,64.2,62.4,77,130,0.592,100
59,2020-06,9489.9,9201.4,62.6,63.9,86,207,0.415,117
59,2020-07,9482.4,9163.5,61.5,62.7,79,170,0.465,110
59,2020-08,9422.9,8981.7,60.4,62.9,72,154,0.468,97
59,2020-09,9389.3,9410.7,61.0,61.8,73,156,0.468,93
59,2020-10,9337.3,8952.1,61.1,61.8,79,108,0.731,104
59,2020-11,9377.1,9215.7,65.0,63.9,79,130,0.608,97
59,2020-12,9394.7,8843.8,67.0,64.1,73,62,1.177,94
59,2021-01,9395.2,9536.0,69.0,63.4,74,137,0.54,85
59,2021-02,9352.9,8948.8,71.4,64.0,104,142,0.732,88
59,2021-03,9360.7,9331.1,70.0,64.0,86,159,0.541,103
59,2021-04,9433.8,9022.8,67.8,64.8,72,104,0.692,118
59,2021-05,9383.1,8944.3,66.6,65.5,70,125,0.56,84
59,2021-06,9381.2,8846.9,69.7,65.7,76,74,1.027,83
59,2021-07,9409.2,9381.9,71.8,65.9,87,84,1.036,104
59,2021-08,9428.6,9029.5,71.6,66.1,71,90,0.789,106
59,2021-09,9472.7,9406.8,73.8,66.3,87,113,0.77,99
59,2021-10,9482.5,8933.1,74.9,67.3,84,99,0.848,82
59,2021-11,9488.9,9315.0,75.0,68.1,99,84,1.179,95
59,2021-12,9483.6,9323.7,74.7,67.5,85,52,1.635,94
59,2022-01,9534.6,9165.1,75.3,70.2,98,100,0.98,90
59,2022-02,9590.3,9621.1,73.9,69.7,93,109,0.853,101
59,2022-03,9623.6,9128.3,74.1,70.9,79,69,1.145,100
59,2022-04,9613.8,9186.7,70.5,71.7,87,50,1.74,104
59,2022-05,9532.5,9678.5,71.9,73.3,82,59,1.39,109
59,2022-06,9475.8,9211.7,72.8,73.6,101,116,0.871,110
59,2022-07,9482.0,9486.1,74.0,72.1,78,116,0.672,93
59,2022-08,9475.4,9433.4,74.0,70.6,93,80,1.163,97
59,2022-09,9517.4,9294.0,73.5,70.1,81,89,0.91,99
59,2022-10,9520.9,9376.3,72.9,71.4,84,66,1.273,81
59,2022-11,9504.2,9052.0,71.1,69.3,84,91,0.923,123
59,2022-12,9511.0,9271.3,70.5,68.7,90,180,0.5,105
59,2023-01,9495.5,8970.1,70.5,67.2,74,60,1.233,94
59,2023-02,9585.3,9423.5,68.9,66.6,75,98,0.765,98
59,2023-03,9620.2,9131.2,69.7,66.5,86,81,1.062,88
59,2023-04,9661.5,9553.8,68.2,65.8,79,103,0.767,99
59,2023-05,9652.2,9124.2,66.0,63.7,100,68,1.471,115
59,2023-06,9654.3,9247.3,65.2,64.9,78,111,0.703,78
59,2023-07,9660.1,9457.9,65.6,64.1,80,94,0.851,90
59,2023-08,9585.7,9764.9,66.2,63.9,93,196,0.474,100
59,2023-09,9559.6,9050.2,64.3,64.3,90,85,1.059,109
59,2023-10,9534.6,9418.6,64.4,62.2,75,54,1.389,88
59,2023-11,9571.9,9722.8,68.9,62.4,106,65,1.631,106
59,2023-12,9598.5,9757.8,70.1,62.6,78,122,0.639,94
59,2024-01,9593.6,9144.0,69.0,62.5,104,119,0.874,108
59,2024-02,9619.3,9199.5,68.5,62.0,82,152,0.539,93
59,2024-03,9673.1,9138.9,70.2,61.8,82,107,0.766,103
59,2024-04,9788.5,9757.9,70.1,61.1,65,135,0.481,102
59,2024-05,9829.3,9305.4,71.4,60.2,86,100,0.86,106
59,2024-06,9873.6,9348.6,73.1,61.3,82,115,0.713,95
59,2024-07,9860.4,9398.2,73.5,58.8,78,55,1.418,85
59,2024-08,9885.6,10075.4,73.7,58.2,108,84,1.286,81
59,2024-09,9917.6,9754.3,72.8,59.4,81,75,1.08,100
59,2024-10,9857.5,9722.1,71.1,59.7,92,166,0.554,97
59,2024-11,9926.9,9944.8,69.6,58.9,90,20,4.5,104
59,2024-12,10020.6,9774.5,67.8,59.6,89,27,3.296,89
59,2025-01,10086.7,9869.6,68.9,59.7,83,23,3.609,97
59,2025-02,10126.4,9986.2,67.2,59.9,69,121,0.57,104
59,2025-03,10123.4,10280.0,65.9,57.7,83,123,0.675,98
59,2025-04,10106.9,9698.5,66.8,57.7,70,37,1.892,94
59,2025-05,10168.7,10209.7,66.4,55.6,56,88,0.636,103
59,2025-06,10174.7,9649.3,67.6,56.5,82,149,0.55,104
59,2025-07,10217.3,9637.1,67.1,56.3,84,75,1.12,105
59,2025-08,10212.3,9839.7,63.6,55.1,68,103,0.66,89
59,2025-09,10231.7,9789.9,63.2,55.8,82,109,0.752,90
59,2025-10,10249.2,10316.4,63.4,56.1,79,61,1.295,96
59,2025-11,10252.4,10201.8,64.6,54.9,87,45,1.933,83
59,2025-12,10286.2,9695.7,68.3,54.6,71,107,0.664,71
60,2020-01,7807.8,7963.0,66.4,66.2,58,89,0.652,101
60,2020-02,7826.9,7389.5,67.9,65.0,110,104,1.058,104
60,2020-03,7801.5,7900.2,69.9,62.4,84,90,0.933,92
60,2020-04,7804.8,7405.2,71.2,64.1,75,100,0.75,85
60,2020-05,7865.4,8020.5,71.6,64.8,105,106,0.991,84
60,2020-06,7869.6,7550.6,73.4,65.4,64,58,1.103,90
60,2020-07,7896.3,7947.2,72.5,65.6,79,72,1.097,111
60,2020-08,7909.3,7831.1,72.8,65.8,79,77,1.026,104
60,2020-09,7907.0,7739.1,71.2,66.7,76,47,1.617,68
60,2020-10,7920.6,7540.0,72.5,67.2,72,116,0.621,87
60,2020-11,7915.6,7667.1,69.7,64.2,78,122,0.639,85
60,2020-12,7926.3,7569.2,71.0,64.5,76,151,0.503,91
60,2021-01,7959.8,7779.1,71.5,63.0,77,161,0.478,93
60,2021-02,8004.3,7727.4,72.1,62.5,95,20,4.75,83
60,2021-03,7992.7,7793.0,72.6,62.6,80,90,0.889,92
60,2021-04,7982.1,7590.4,72.2,61.4,91,169,0.538,88
60,2021-05,7982.6,7622.2,70.7,61.7,81,124,0.653,92
60,2021-06,7970.9,7675.6,71.3,62.5,75,154,0.487,82
60,2021-07,7944.9,7885.4,70.2,63.3,89,98,0.908,75
60,2021-08,7950.6,7748.1,72.6,63.9,84,177,0.475,99
60,2021-09,7990.2,8056.3,72.0,63.1,82,66,1.242,101
60,2021-10,8041.0,7602.0,74.4,65.5,103,37,2.784,92
60,2021-11,8041.8,7914.1,71.4,64.5,78,83,0.94,92
60,2021-12,8047.7,7895.6,68.5,61.9,67,134,0.5,107
60,2022-01,8083.0,7965.5,69.1,64.3,92,56,1.643,90
60,2022-02,8091.8,8083.4,70.1,63.1,82,105,0.781,73
60,2022-03,8142.2,8285.7,69.6,64.9,76,73,1.041,104
60,2022-04,8122.1,7982.1,68.4,63.7,83,116,0.716,79
60,2022-05,8125.9,7754.2,69.3,63.7,107,71,1.507,89
60,2022-06,8121.8,8202.5,70.3,65.7,81,41,1.976,112
60,2022-07,8124.1,8087.6,73.9,64.5,94,59,1.593,66
60,2022-08,8111.6,8088.8,74.1,62.2,88,45,1.956,90
60,2022-09,8129.9,7656.0,77.3,63.0,88,20,4.4,93
60,2022-10,8105.0,8131.8,77.4,63.7,79,78,1.013,85
60,2022-11,8128.4,7666.6,77.7,63.5,105,57,1.842,85
60,2022-12,8142.6,8185.2,74.0,64.5,87,59,1.475,107
60,2023-01,8162.8,8040.0,74.8,64.0,100,76,1.316,95
60,2023-02,8139.7,8008.1,74.6,64.0,104,44,2.364,109
60,2023-03,8190.9,7862.0,77.2,63.0,78,94,0.83,90
60,2023-04,8249.9,7893.5,77.1,60.7,80,20,4.0,80
60,2023-05,8269.7,8401.9,76.2,61.1,88,122,0.721,90
60,2023-06,8252.6,8116.4,76.5,60.3,82,45,1.822,94
60,2023-07,8322.0,7966.9,74.8,59.7,111,24,4.625,100
60,2023-08,8362.4,7964.5,77.2,59.2,90,116,0.776,79
60,2023-09,8387.4,8123.0,77.2,60.3,88,31,2.839,92
60,2023-10,8393.8,8388.8,78.0,60.5,99,20,4.95,94
60,2023-11,8436.1,8570.2,76.8,61.8,76,132,0.576,86
60,2023-12,8467.2,8014.6,78.9,61.8,93,75,1.24,83
60,2024-01,8461.1,8085.6,77.9,63.4,97,118,0.822,89
60,2024-02,8477.1,8497.0,78.0,64.5,89,59,1.508,96
60,2024-03,8502.1,8442.4,77.0,64.7,79,96,0.823,85
60,2024-04,8543.8,8060.9,77.4,64.9,103,142,0.725,97
60,2024-05,8563.1,8568.0,78.0,65.3,102,102,1.0,99
60,2024-06,8581.0,8417.0,79.1,64.2,94,68,1.382,72
60,2024-07,8633.1,8635.0,80.1,63.4,83,109,0.761,98
60,2024-08,8653.2,8389.2,79.4,63.1,91,101,0.901,78
60,2024-09,8714.4,8707.4,81.4,61.4,115,47,2.447,109
60,2024-10,8753.1,8904.6,81.2,60.8,107,40,2.675,97
60,2024-11,8782.3,8477.7,82.4,61.1,94,102,0.922,77
60,2024-12,8821.9,8903.6,81.6,60.9,116,117,0.991,82
60,2025-01,8857.9,8932.3,83.2,61.3,109,34,3.206,95
60,2025-02,8939.8,8725.3,82.2,62.4,98,20,4.9,83
60,2025-03,8898.7,8973.5,82.4,62.4,91,86,1.058,96
60,2025-04,8895.0,8967.1,79.9,64.9,112,20,5.6,75
60,2025-05,8907.9,8677.3,80.2,64.0,94,20,4.7,80
60,2025-06,8894.4,8452.5,81.2,63.3,96,34,2.824,85
60,2025-07,8950.0,9048.7,81.1,62.4,109,119,0.916,70
60,2025-08,8953.6,8810.9,82.4,61.8,89,82,1.085,100
60,2025-09,8974.4,8452.7,84.0,63.1,98,33,2.97,78
60,2025-10,9035.8,9037.7,81.1,62.0,94,82,1.146,80
60,2025-11,9110.0,9044.6,81.0,62.4,109,26,4.192,97
60,2025-12,9134.4,8717.8,78.7,63.8,105,102,1.029,96
61,2020-01,9930.3,9990.5,75.1,54.4,72,63,1.143,82
61,2020-02,9972.3,9836.8,78.2,53.6,103,92,1.12,90
61,2020-03,9999.4,9990.2,76.4,52.1,73,116,0.629,95
61,2020-04,10079.7,9837.2,75.4,53.1,112,72,1.556,82
61,2020-05,10117.5,9991.4,76.4,54.9,102,100,1.02,78
61,2020-06,10115.4,9794.6,76.8,54.4,89,58,1.534,103
61,2020-07,10120.4,9807.9,76.3,56.3,89,63,1.413,83
61,2020-08,10208.3,9650.1,77.8,55.6,97,106,0.915,86
61,2020-09,10325.0,9850.7,80.4,54.6,88,69,1.275,74
61,2020-10,10392.3,10532.2,81.4,55.2,83,20,4.15,91
61,2020-11,10379.7,10502.6,80.1,57.1,97,114,0.851,97
61,2020-12,10475.5,10568.0,81.7,56.8,113,50,2.26,87
61,2021-01,10560.0,10651.5,83.3,55.5,104,20,5.2,93
61,2021-02,10638.9,10100.3,84.6,55.4,118,20,5.9,72
61,2021-03,10584.3,10236.5,83.3,55.3,105,129,0.814,86
61,2021-04,10700.9,10395.7,83.0,56.6,100,20,5.0,91
61,2021-05,10797.2,10291.4,82.9,57.0,112,64,1.75,86
61,2021-06,10887.0,10613.2,81.7,56.3,92,68,1.353,77
61,2021-07,10987.9,10456.0,82.6,56.8,103,88,1.17,66
61,2021-08,11048.1,11200.7,81.1,57.9,102,20,5.1,79
61,2021-09,11122.0,10746.1,79.4,57.7,112,89,1.258,84
61,2021-10,11280.1,10900.9,79.6,57.6,112,70,1.6,119
61,2021-11,11403.2,11579.8,80.4,56.7,99,77,1.286,110
61,2021-12,11464.6,11630.4,79.8,58.6,89,24,3.708,82
61,2022-01,11578.9,11123.9,78.7,58.7,98,73,1.342,93
61,2022-02,11673.8,11666.3,79.3,58.6,107,57,1.877,83
61,2022-03,11758.7,11283.5,81.7,56.1,115,27,4.259,75
61,2022-04,11877.4,11340.9,81.2,56.4,106,20,5.3,80
61,2022-05,11915.6,11305.5,83.1,57.5,92,20,4.6,84
61,2022-06,12036.1,11658.7,84.4,56.7,98,46,2.13,76
61,2022-07,12116.5,11705.5,85.1,55.8,114,20,5.7,73
61,2022-08,12277.8,12404.5,84.0,55.3,92,20,4.6,101
61,2022-09,12340.8,12060.3,84.2,55.1,118,86,1.372,65
61,2022-10,12358.4,12191.4,82.9,56.6,95,31,3.065,80
61,2022-11,12418.9,11743.2,83.3,58.2,106,46,2.304,90
61,2022-12,12483.1,11753.4,82.8,58.9,94,54,1.741,92
61,2023-01,12552.4,11830.3,81.1,59.1,85,28,3.036,78
61,2023-02,12653.0,12434.4,82.5,57.4,96,20,4.8,72
61,2023-03,12782.0,12667.5,82.6,56.2,91,80,1.137,78
61,2023-04,12826.9,12205.3,83.8,55.3,89,20,4.45,82
61,2023-05,12924.2,12783.7,85.9,54.6,99,20,4.95,97
61,2023-06,12988.9,12541.7,87.4,54.1,97,119,0.815,91
61,2023-07,13029.4,12308.6,89.2,53.8,115,28,4.107,73
61,2023-08,13118.1,13178.2,89.8,56.6,102,20,5.1,72
61,2023-09,13219.3,12786.0,88.3,58.4,109,20,5.45,91
61,2023-10,13299.2,13366.0,88.3,58.4,127,47,2.702,80
61,2023-11,13408.2,12885.9,88.4,59.1,106,20,5.3,82
61,2023-12,13458.4,13348.5,88.3,58.5,101,29,3.483,74
61,2024-01,13486.6,13274.9,89.4,56.8,94,37,2.541,77
61,2024-02,13612.1,12947.9,89.5,56.2,93,20,4.65,100
61,2024-03,13681.1,13501.8,88.3,55.9,117,20,5.85,73
61,2024-04,13807.9,13389.2,87.9,57.8,109,20,5.45,76
61,2024-05,13951.0,13592.2,89.5,58.4,95,20,4.75,63
61,2024-06,14057.3,13663.8,91.0,60.0,109,54,2.019,60
61,2024-07,14082.5,13925.3,93.2,58.4,116,20,5.8,92
61,2024-08,14282.9,14080.2,94.7,59.1,105,27,3.889,64
61,2024-09,14447.5,14380.9,94.4,59.5,116,40,2.9,69
61,2024-10,14686.7,14775.6,92.6,60.9,111,20,5.55,69
61,2024-11,14722.1,14072.2,92.8,61.2,125,23,5.435,87
61,2024-12,14747.2,14732.2,97.4,60.9,114,56,2.036,85
61,2025-01,14899.8,14031.8,96.7,61.4,102,20,5.1,76
61,2025-02,14916.4,14779.3,98.0,62.6,116,20,5.8,80
61,2025-03,15155.2,14376.4,96.9,60.6,113,46,2.457,66
61,2025-04,15328.7,15466.7,97.3,60.6,108,40,2.7,71
61,2025-05,15408.9,14974.0,99.0,60.7,111,20,5.55,61
61,2025-06,15587.8,14707.9,98.4,60.8,114,20,5.7,74
61,2025-07,15611.0,14733.8,99.0,61.3,118,20,5.9,71
61,2025-08,15822.4,15527.0,99.0,61.1,116,55,2.109,91
61,2025-09,16168.2,15513.2,99.0,61.8,127,20,6.35,74
61,2025-10,16249.7,16532.5,99.0,62.7,117,20,5.85,68
61,2025-11,16342.7,15806.6,99.0,61.2,112,20,5.6,85
61,2025-12,16616.2,16586.0,99.0,60.3,129,20,6.45,63
62,2020-01,11482.6,10915.4,63.1,39.3,81,75,1.08,98
62,2020-02,11628.7,11103.0,60.5,40.3,75,141,0.532,99
62,2020-03,11689.9,11152.5,60.6,39.3,67,157,0.427,77
62,2020-04,11785.1,11192.6,61.7,37.9,67,145,0.462,91
62,2020-05,11934.1,11754.8,63.1,36.9,67,78,0.859,77
62,2020-06,12045.1,11687.0,64.1,35.8,84,127,0.661,84
62,2020-07,12201.0,11780.0,65.7,36.1,76,155,0.49,74
62,2020-08,12322.1,12109.0,66.2,35.7,101,20,5.05,82
62,2020-09,12378.7,11672.7,66.5,35.1,80,68,1.176,74
62,2020-10,12542.2,11792.2,65.0,33.8,81,60,1.35,98
62,2020-11,12763.0,12732.3,64.8,34.0,66,157,0.42,76
62,2020-12,12928.7,12512.9,62.7,34.3,77,80,0.963,88
62,2021-01,13042.3,12931.6,62.6,34.0,85,121,0.702,98
62,2021-02,13330.5,13171.4,64.4,32.4,62,81,0.765,80
62,2021-03,13481.3,13549.7,62.9,32.2,74,89,0.831,91
62,2021-04,13683.8,13316.7,61.3,31.3,52,132,0.394,91
62,2021-05,13769.5,13699.3,62.4,30.3,77,90,0.856,72
62,2021-06,14039.2,13443.6,60.9,31.2,52,120,0.433,91
62,2021-07,14097.8,14226.2,59.1,32.6,77,128,0.602,88
62,2021-08,14156.0,13565.8,57.6,32.8,84,165,0.509,93
62,2021-09,14428.3,13716.8,61.3,31.4,73,118,0.619,110
62,2021-10,14760.9,14278.4,63.1,31.0,86,76,1.132,75
62,2021-11,14950.3,14588.0,62.4,32.4,81,127,0.638,78
62,2021-12,15300.3,15355.2,63.3,31.9,86,90,0.956,66
62,2022-01,15579.3,15467.8,66.7,30.1,69,153,0.451,86
62,2022-02,15947.1,15259.7,66.5,30.0,75,152,0.493,90
62,2022-03,16225.7,15516.3,65.5,29.6,67,184,0.364,85
62,2022-04,16480.7,16497.2,64.8,26.9,65,124,0.524,85
62,2022-05,16820.8,16015.9,65.4,27.4,77,97,0.794,78
62,2022-06,17159.0,16797.8,66.1,28.9,80,20,4.0,70
62,2022-07,17438.3,16667.5,65.1,28.0,75,163,0.46,72
62,2022-08,17775.9,17242.1,64.0,25.8,97,20,4.85,73
62,2022-09,18258.0,18016.7,66.0,25.6,79,20,3.95,74
62,2022-10,18918.8,18022.1,65.9,25.2,64,141,0.454,81
62,2022-11,19354.7,19338.3,66.0,25.3,83,91,0.912,81
62,2022-12,19758.7,20047.5,67.7,25.7,64,97,0.66,80
62,2023-01,20438.4,20613.3,68.2,26.7,71,105,0.676,72
62,2023-02,21066.3,20095.7,69.2,27.1,84,107,0.785,70
62,2023-03,21607.3,21966.5,68.1,26.7,81,119,0.681,77
62,2023-04,22197.8,21807.6,69.9,27.3,70,20,3.5,79
62,2023-05,22571.0,21795.7,71.9,27.8,94,127,0.74,89
62,2023-06,22980.9,23189.3,71.5,29.2,86,125,0.688,82
62,2023-07,23571.8,23025.1,73.6,29.6,95,21,4.524,75
62,2023-08,24078.5,24268.9,74.1,31.5,92,140,0.657,71
62,2023-09,24489.7,24072.3,75.1,31.9,96,83,1.157,76
62,2023-10,24895.3,24376.7,75.1,33.7,87,55,1.582,56
62,2023-11,25427.9,25358.5,77.1,33.3,91,28,3.25,69
62,2023-12,25883.3,26035.8,79.7,32.5,108,107,1.009,68
62,2024-01,26512.4,26098.4,80.2,31.3,75,20,3.75,72
62,2024-02,27166.1,26792.5,80.1,29.8,86,70,1.229,51
62,2024-03,27861.6,27120.5,80.6,30.2,80,101,0.792,75
62,2024-04,28783.2,28160.7,82.2,29.9,113,67,1.687,90
62,2024-05,29793.5,30080.0,81.8,30.1,105,20,5.25,52
62,2024-06,30499.2,30069.2,81.8,28.5,113,20,5.65,70
62,2024-07,31280.2,30831.4,81.0,28.7,104,95,1.095,65
62,2024-08,32142.8,31306.1,80.9,29.7,96,52,1.846,77
62,2024-09,32837.9,32284.3,83.0,30.0,92,24,3.833,52
62,2024-10,33825.1,32573.7,83.0,28.9,97,53,1.83,81
62,2024-11,34944.8,33907.8,85.1,27.9,110,36,3.056,71
62,2024-12,36034.3,35526.6,86.0,28.3,104,109,0.954,70
62,2025-01,37082.2,37232.4,85.5,27.7,86,20,4.3,48
62,2025-02,38150.0,37460.5,83.6,26.8,81,73,1.11,82
62,2025-03,39537.9,37211.6,84.4,25.3,97,39,2.487,75
62,2025-04,40974.3,39386.6,84.8,24.9,101,31,3.258,82
62,2025-05,42398.2,40335.1,85.4,26.1,107,86,1.244,61
62,2025-06,43572.9,43331.2,85.4,26.6,108,88,1.227,65
62,2025-07,44570.5,42419.3,83.6,28.2,101,20,5.05,77
62,2025-08,45581.0,43266.6,82.5,29.8,101,129,0.783,68
62,2025-09,46733.8,45068.7,81.6,28.2,97,91,1.066,65
62,2025-10,48016.4,47405.7,84.2,29.3,98,20,4.9,66
62,2025-11,49452.9,48839.4,82.2,28.5,112,71,1.577,66
62,2025-12,51128.6,49486.3,85.7,28.5,99,20,4.95,67
63,2020-01,10737.2,10870.3,63.5,53.7,76,107,0.71,120
63,2020-02,10749.3,10734.1,62.6,55.4,75,102,0.735,100
63,2020-03,10752.7,10200.2,64.3,53.7,61,71,0.859,70
63,2020-04,10807.6,10632.2,64.6,53.3,75,114,0.658,87
63,2020-05,10863.7,10973.5,65.7,53.5,79,90,0.878,105
63,2020-06,10956.5,11053.0,65.9,52.0,83,123,0.675,93
63,2020-07,11016.6,10727.3,66.5,53.4,78,87,0.897,81
63,2020-08,11038.2,10767.2,66.8,52.5,71,20,3.55,88
63,2020-09,11085.7,10648.4,65.0,53.1,79,104,0.76,98
63,2020-10,11101.9,11246.5,64.4,53.2,89,99,0.899,101
63,2020-11,11136.9,11110.2,67.1,52.8,69,83,0.831,94
63,2020-12,11157.1,10508.7,68.8,53.5,88,96,0.917,88
63,2021-01,11170.9,11202.3,69.1,54.3,76,50,1.52,82
63,2021-02,11236.0,10948.7,69.0,52.4,101,81,1.247,80
63,2021-03,11275.3,11289.2,70.4,52.3,95,179,0.531,92
63,2021-04,11326.2,11529.4,71.2,51.7,87,153,0.569,93
63,2021-05,11357.6,10829.7,70.9,53.5,89,152,0.586,111
63,2021-06,11428.7,11172.7,70.3,52.9,80,92,0.87,93
63,2021-07,11538.0,11257.9,71.4,54.8,85,121,0.702,102
63,2021-08,11546.2,11188.9,72.2,53.8,91,55,1.655,80
63,2021-09,11649.5,11512.5,75.0,51.7,113,20,5.65,89
63,2021-10,11753.2,11528.4,74.3,51.8,92,28,3.286,94
63,2021-11,11847.5,11379.3,75.0,51.3,89,78,1.141,89
63,2021-12,11972.3,12013.9,76.2,50.7,78,129,0.605,56
63,2022-01,12056.1,11703.0,75.9,52.4,92,143,0.643,97
63,2022-02,12143.7,12321.2,73.4,53.5,78,92,0.848,76
63,2022-03,12242.9,12086.8,77.2,55.4,98,92,1.065,95
63,2022-04,12350.0,11724.8,77.4,58.2,103,78,1.321,75
63,2022-05,12470.0,12042.4,76.9,55.9,99,91,1.088,91
63,2022-06,12447.5,12426.1,78.9,56.8,97,93,1.043,88
63,2022-07,12533.8,12037.0,78.6,56.4,75,67,1.119,103
63,2022-08,12568.2,12160.8,79.8,57.6,84,115,0.73,98
63,2022-09,12594.6,12269.6,78.9,58.8,108,47,2.298,100
63,2022-10,12695.6,12167.5,80.6,57.3,103,68,1.515,85
63,2022-11,12712.2,12625.8,78.9,56.5,101,37,2.73,79
63,2022-12,12773.0,13010.2,78.2,55.8,92,31,2.968,97
63,2023-01,12932.9,12282.6,79.3,56.2,92,101,0.911,85
63,2023-02,12978.1,12926.9,79.3,57.2,80,51,1.569,83
63,2023-03,13003.1,12265.1,79.5,57.6,109,28,3.893,77
63,2023-04,13114.5,12405.6,79.3,59.5,99,71,1.394,78
63,2023-05,13124.6,12894.4,78.4,60.0,112,60,1.867,102
63,2023-06,13208.6,12866.1,79.9,60.1,102,74,1.378,72
63,2023-07,13284.9,13264.1,81.0,60.5,81,52,1.558,78
63,2023-08,13268.0,13039.8,78.5,61.4,93,94,0.989,81
63,2023-09,13351.2,13228.7,79.8,59.5,113,129,0.876,67
63,2023-10,13346.9,13472.6,82.0,58.2,108,89,1.213,90
63,2023-11,13414.6,13562.0,83.4,59.5,110,20,5.5,81
63,2023-12,13522.6,13668.9,85.3,58.3,104,129,0.806,78
63,2024-01,13660.7,13265.6,86.7,57.6,85,20,4.25,76
63,2024-02,13835.3,13057.8,89.5,55.9,117,24,4.875,70
63,2024-03,14003.7,13433.6,89.5,57.2,107,42,2.548,71
63,2024-04,14101.3,13984.8,91.0,57.3,114,20,5.7,87
63,2024-05,14262.2,14110.7,89.9,57.2,103,20,5.15,77
63,2024-06,14428.8,13976.3,90.9,57.3,100,83,1.205,67
63,2024-07,14549.1,13796.3,91.8,58.3,108,83,1.301,75
63,2024-08,14726.5,15019.8,91.9,58.4,124,20,6.2,81
63,2024-09,14866.1,15148.0,92.6,58.6,118,20,5.9,84
63,2024-10,15042.3,14792.3,90.8,58.7,111,20,5.55,96
63,2024-11,15161.0,14637.0,93.5,57.8,121,20,6.05,76
63,2024-12,15175.5,15377.1,92.9,58.1,123,20,6.15,77
63,2025-01,15349.5,14857.5,93.7,55.6,119,20,5.95,82
63,2025-02,15498.4,15433.5,92.4,57.0,105,20,5.25,72
63,2025-03,15700.2,15107.5,91.8,54.7,95,20,4.75,63
63,2025-04,15944.8,15641.0,92.8,53.5,105,37,2.838,70
63,2025-05,16136.6,15659.0,95.9,51.5,101,55,1.836,51
63,2025-06,16334.9,16223.8,95.7,51.5,146,66,2.212,42
63,2025-07,16451.0,16033.7,95.1,51.9,115,25,4.6,67
63,2025-08,16735.4,16077.9,96.1,51.6,110,20,5.5,60
63,2025-09,16923.4,16621.2,97.9,55.0,130,20,6.5,92
63,2025-10,17017.7,16568.2,97.7,55.2,109,20,5.45,75
63,2025-11,17303.7,16766.1,95.9,56.8,107,56,1.911,65
63,2025-12,17533.0,17446.5,99.0,55.5,107,20,5.35,77
64,2020-01,10651.2,10384.5,65.6,47.0,75,79,0.949,71
64,2020-02,10671.7,10370.7,67.9,46.8,92,153,0.601,93
64,2020-03,10805.9,11017.5,70.1,46.1,86,24,3.583,87
64,2020-04,10905.9,10511.1,71.4,46.5,76,139,0.547,104
64,2020-05,11045.0,10754.8,71.5,46.5,85,166,0.512,85
64,2020-06,11157.2,10749.4,72.5,45.4,86,83,1.036,85
64,2020-07,11215.2,10546.8,73.9,46.5,108,80,1.35,83
64,2020-08,11254.2,10800.2,74.1,46.7,104,77,1.351,97
64,2020-09,11353.9,11281.5,75.7,47.8,75,70,1.071,72
64,2020-10,11447.6,10814.2,76.4,45.4,98,20,4.9,92
64,2020-11,11559.2,11624.4,76.3,44.5,87,107,0.813,99
64,2020-12,11584.8,10914.3,78.6,47.1,88,44,2.0,88
64,2021-01,11712.6,11896.6,80.4,45.7,84,110,0.764,63
64,2021-02,11898.2,11518.8,79.7,45.4,109,20,5.45,61
64,2021-03,12039.9,11893.0,81.3,46.1,98,153,0.641,66
64,2021-04,12110.5,11427.8,82.5,46.1,86,126,0.683,85
64,2021-05,12309.2,12127.2,83.1,46.4,108,76,1.421,52
64,2021-06,12530.0,12014.2,85.1,45.9,94,115,0.817,48
64,2021-07,12699.9,12508.1,84.2,45.4,93,55,1.691,76
64,2021-08,12905.0,12492.1,85.9,46.3,114,53,2.151,73
64,2021-09,13029.8,13093.7,86.0,48.2,114,24,4.75,53
64,2021-10,13124.4,12649.9,86.0,48.5,115,58,1.983,84
64,2021-11,13261.0,13028.5,85.4,49.1,116,20,5.8,71
64,2021-12,13326.4,13323.3,82.7,50.5,92,32,2.875,94
64,2022-01,13479.8,13200.2,84.5,48.5,100,55,1.818,88
64,2022-02,13615.0,13653.9,85.4,47.7,105,29,3.621,63
64,2022-03,13803.0,13657.8,85.2,45.1,104,85,1.224,60
64,2022-04,13989.8,13502.5,83.6,44.1,103,30,3.433,57
64,2022-05,14235.8,13743.1,84.5,40.8,99,20,4.95,84
64,2022-06,14416.6,14384.4,85.1,39.9,119,20,5.95,70
64,2022-07,14719.5,14667.2,85.6,40.8,104,69,1.507,62
64,2022-08,15044.9,15289.2,89.0,38.7,103,52,1.981,87
64,2022-09,15264.2,14516.9,86.6,36.8,104,20,5.2,88
64,2022-10,15591.3,14847.3,88.2,36.5,127,20,6.35,79
64,2022-11,15980.3,15747.8,87.7,35.5,102,22,4.636,60
64,2022-12,16308.0,15362.0,87.7,35.7,101,65,1.554,76
64,2023-01,16695.4,16647.2,86.6,36.3,98,31,3.161,65
64,2023-02,17105.0,17422.0,87.4,36.8,107,31,3.452,67
64,2023-03,17427.1,17650.1,88.5,37.0,108,41,2.634,81
64,2023-04,17859.0,18196.4,87.0,37.9,96,87,1.103,66
64,2023-05,18288.5,17760.6,87.4,38.7,97,31,3.129,78
64,2023-06,18674.9,17886.0,87.0,38.7,96,20,4.8,65
64,2023-07,19100.6,19174.9,86.6,37.7,98,40,2.45,61
64,2023-08,19512.7,19576.6,87.5,37.9,103,26,3.962,57
64,2023-09,20001.6,19653.7,89.5,36.0,102,20,5.1,65
64,2023-10,20386.0,20537.6,89.3,35.7,106,66,1.606,53
64,2023-11,20847.9,20833.3,90.1,36.3,114,20,5.7,75
64,2023-12,21285.9,20094.6,90.4,36.6,109,71,1.535,94
64,2024-01,21788.9,21666.9,89.6,35.7,112,38,2.947,63
64,2024-02,22481.5,21858.3,92.7,36.1,99,20,4.95,57
64,2024-03,22939.7,21596.9,93.1,36.8,113,20,5.65,64
64,2024-04,23520.0,23253.7,94.6,36.5,120,20,6.0,57
64,2024-05,24010.9,23965.0,92.1,35.9,112,20,5.6,81
64,2024-06,24611.6,24301.3,93.2,35.9,97,20,4.85,55
64,2024-07,25197.8,23714.3,92.8,32.7,132,75,1.76,56
64,2024-08,25987.7,25703.8,95.3,32.2,109,20,5.45,68
64,2024-09,26840.6,27150.3,99.0,31.8,126,20,6.3,60
64,2024-10,27644.7,28185.4,98.5,31.6,112,20,5.6,59
64,2024-11,28509.6,27686.8,97.9,31.0,126,20,6.3,42
64,2024-12,29421.8,27811.9,97.3,29.5,117,20,5.85,44
64,2025-01,30601.0,29326.8,99.0,28.4,109,79,1.38,44
64,2025-02,31775.7,32039.2,98.2,27.6,128,20,6.4,55
64,2025-03,33081.0,31508.8,96.5,27.1,115,20,5.75,49
64,2025-04,34406.5,34912.9,97.9,25.2,123,20,6.15,54
64,2025-05,36013.2,35384.9,96.5,25.0,114,36,3.167,61
64,2025-06,37461.2,37360.5,96.1,27.9,115,20,5.75,61
64,2025-07,39062.8,39294.7,96.3,26.8,106,24,4.417,74
64,2025-08,40665.7,39751.9,96.5,26.4,100,20,5.0,35
64,2025-09,42284.8,40895.3,97.6,25.1,112,20,5.6,46
64,2025-10,43822.7,42789.1,96.5,25.5,112,20,5.6,54
64,2025-11,45512.1,44755.9,97.4,24.8,99,20,4.95,45
64,2025-12,47724.9,45802.4,96.1,26.4,111,20,5.55,55
65,2020-01,9152.8,9179.1,65.7,28.5,83,98,0.847,79
65,2020-02,9418.9,9342.0,67.5,28.2,94,177,0.531,73
65,2020-03,9613.5,9364.7,66.9,27.7,72,137,0.526,66
65,2020-04,9744.8,9514.9,67.5,27.0,71,190,0.374,67
65,2020-05,9942.4,9891.2,68.7,27.0,100,55,1.818,72
65,2020-06,10143.9,9639.6,67.8,27.9,86,63,1.365,75
65,2020-07,10316.5,9906.5,66.7,30.3,89,45,1.978,69
65,2020-08,10482.9,10068.7,65.5,31.2,95,86,1.105,101
65,2020-09,10672.8,10251.7,64.5,30.3,80,68,1.176,95
65,2020-10,10922.7,10360.9,65.1,28.5,73,103,0.709,91
65,2020-11,11154.0,11193.2,64.8,31.5,70,111,0.631,84
65,2020-12,11331.0,11272.3,65.2,31.4,70,125,0.56,73
65,2021-01,11529.5,11219.3,66.0,31.6,89,63,1.413,84
65,2021-02,11694.5,11652.4,64.6,31.0,73,121,0.603,80
65,2021-03,11854.9,11670.2,61.2,30.2,81,202,0.401,78
65,2021-04,11979.1,12096.1,61.4,29.7,82,38,2.158,87
65,2021-05,12158.8,12018.0,58.3,30.0,65,180,0.361,105
65,2021-06,12390.9,12157.3,60.2,31.7,83,164,0.506,72
65,2021-07,12530.2,12484.6,61.2,33.9,72,54,1.333,90
65,2021-08,12702.3,12567.4,63.0,33.6,75,20,3.75,89
65,2021-09,12869.6,12960.4,63.3,33.8,62,119,0.521,94
65,2021-10,12985.5,12410.8,59.9,36.5,47,133,0.353,78
65,2021-11,13152.4,12580.7,61.2,36.1,75,100,0.75,108
65,2021-12,13412.5,12867.0,61.8,34.4,74,160,0.463,91
65,2022-01,13419.0,12637.0,58.9,35.2,62,145,0.428,88
65,2022-02,13662.3,13133.5,59.4,35.0,55,226,0.243,88
65,2022-03,13738.5,12994.6,56.3,34.4,83,95,0.874,73
65,2022-04,13856.9,13531.3,57.3,35.4,70,120,0.583,95
65,2022-05,14028.2,13730.9,59.8,36.8,78,160,0.487,88
65,2022-06,14098.1,13296.7,59.9,36.6,79,20,3.95,92
65,2022-07,14291.0,13621.2,61.0,37.7,67,167,0.401,92
65,2022-08,14537.2,14324.3,62.1,36.9,67,106,0.632,77
65,2022-09,14751.2,14424.1,64.4,36.6,79,50,1.58,86
65,2022-10,14921.4,14377.5,64.8,36.6,77,120,0.642,90
65,2022-11,15001.2,14796.6,66.2,37.8,89,135,0.659,89
65,2022-12,15160.2,15339.2,67.8,39.0,67,60,1.117,81
65,2023-01,15344.7,15293.2,69.7,39.6,81,80,1.012,95
65,2023-02,15492.6,15016.3,70.2,41.9,89,85,1.047,73
65,2023-03,15775.1,14936.6,70.4,40.2,103,51,2.02,83
65,2023-04,16021.6,15851.5,70.8,38.9,78,201,0.388,77
65,2023-05,16168.4,16213.3,68.8,40.4,82,91,0.901,92
65,2023-06,16399.3,15819.7,67.4,40.9,89,133,0.669,86
65,2023-07,16508.6,15920.4,67.3,43.5,83,121,0.686,70
65,2023-08,16687.9,15900.3,65.3,45.3,78,130,0.6,102
65,2023-09,16862.3,16068.1,67.1,44.1,89,84,1.06,93
65,2023-10,16924.1,16075.5,68.4,44.9,72,53,1.358,83
65,2023-11,17030.0,16845.0,66.7,45.1,54,88,0.614,92
65,2023-12,17132.9,16222.2,66.6,44.8,73,143,0.51,75
65,2024-01,17255.8,16675.4,69.3,45.0,72,89,0.809,102
65,2024-02,17389.7,17414.5,70.1,46.3,90,82,1.098,85
65,2024-03,17431.7,16768.2,67.7,45.0,79,182,0.434,85
65,2024-04,17503.0,17644.1,64.9,46.3,54,162,0.333,101
65,2024-05,17615.6,16911.0,63.9,47.3,94,99,0.949,99
65,2024-06,17789.9,17505.1,62.8,46.2,80,193,0.415,83
65,2024-07,17818.0,18006.4,64.4,47.4,72,126,0.571,92
65,2024-08,17882.9,17395.7,65.4,46.5,81,48,1.688,81
65,2024-09,18011.9,18058.5,67.5,45.6,62,150,0.413,79
65,2024-10,18115.9,18285.9,68.9,45.3,71,100,0.71,82
65,2024-11,18195.3,17494.5,68.5,47.3,99,149,0.664,86
65,2024-12,18194.5,17328.8,69.6,45.2,97,74,1.311,98
65,2025-01,18280.9,17938.0,69.8,46.5,90,95,0.947,87
65,2025-02,18402.7,18193.9,71.9,47.9,89,94,0.947,79
65,2025-03,18622.1,18837.4,72.4,47.4,85,39,2.179,97
65,2025-04,18790.1,18269.8,73.3,46.8,90,117,0.769,73
65,2025-05,18931.0,19086.2,72.9,49.4,99,30,3.3,95
65,2025-06,19043.1,17964.9,69.7,50.0,88,91,0.967,95
65,2025-07,19071.8,17959.2,67.9,48.2,78,104,0.75,69
65,2025-08,19417.6,18649.0,70.1,48.3,78,126,0.619,86
65,2025-09,19560.9,18633.3,69.9,48.7,72,94,0.766,85
65,2025-10,19706.4,19199.6,75.0,48.7,89,119,0.748,82
65,2025-11,19871.9,19678.1,75.8,48.0,88,146,0.603,91
65,2025-12,20102.7,19661.0,78.1,48.5,78,62,1.258,77
66,2020-01,10617.0,10057.7,64.1,58.1,76,110,0.691,104
66,2020-02,10579.3,9977.9,63.6,57.7,70,50,1.4,96
66,2020-03,10564.9,10447.2,64.3,55.5,83,86,0.965,109
66,2020-04,10619.3,10526.7,64.6,52.8,64,79,0.81,84
66,2020-05,10648.0,10558.0,64.2,53.0,92,90,1.022,87
66,2020-06,10700.0,10557.8,65.6,54.5,89,151,0.589,96
66,2020-07,10724.3,10336.1,66.7,54.1,88,118,0.746,111
66,2020-08,10732.0,10287.9,67.7,53.3,92,106,0.868,102
66,2020-09,10771.9,10330.3,67.3,52.3,98,75,1.307,90
66,2020-10,10769.5,10675.5,69.6,53.6,73,107,0.682,87
66,2020-11,10866.0,10862.7,70.8,56.2,100,20,5.0,84
66,2020-12,10874.5,10941.9,73.0,56.5,106,79,1.342,108
66,2021-01,10857.7,10230.9,72.5,55.6,77,54,1.426,92
66,2021-02,10910.7,10838.7,72.8,55.2,79,129,0.612,85
66,2021-03,11026.0,11123.5,74.4,53.4,118,131,0.901,97
66,2021-04,11172.2,11358.0,75.5,52.0,93,103,0.903,88
66,2021-05,11256.7,11163.9,75.1,51.6,81,90,0.9,72
66,2021-06,11340.5,10777.7,75.0,52.4,86,83,1.036,95
66,2021-07,11383.1,11581.6,74.6,53.0,109,78,1.397,76
66,2021-08,11491.4,11377.8,75.6,52.4,115,70,1.643,85
66,2021-09,11579.2,11340.9,74.2,53.5,93,76,1.224,88
66,2021-10,11581.0,11185.0,75.2,51.4,114,80,1.425,84
66,2021-11,11564.1,11559.0,72.5,50.6,100,42,2.381,106
66,2021-12,11589.7,11088.6,72.5,50.5,74,70,1.057,83
66,2022-01,11627.4,11004.1,70.3,50.2,80,69,1.159,84
66,2022-02,11699.4,11496.1,71.9,48.5,74,111,0.667,73
66,2022-03,11770.4,11245.0,74.5,49.7,76,25,3.04,61
66,2022-04,11872.0,11355.3,73.4,48.0,97,49,1.98,90
66,2022-05,11987.1,11697.3,74.0,48.7,94,96,0.979,83
66,2022-06,12018.2,11536.3,74.3,49.1,84,158,0.532,78
66,2022-07,12062.0,11914.0,73.3,50.9,76,105,0.724,83
66,2022-08,12174.0,12201.5,75.9,50.5,85,69,1.232,78
66,2022-09,12306.7,11739.0,76.7,48.2,87,44,1.977,78
66,2022-10,12492.5,12135.2,77.0,49.9,90,68,1.324,92
66,2022-11,12702.2,12418.2,77.4,50.4,104,64,1.625,91
66,2022-12,12713.3,11985.6,79.2,49.4,98,20,4.9,84
66,2023-01,12904.9,12690.6,81.0,48.7,101,20,5.05,61
66,2023-02,13038.8,12791.1,80.5,50.9,96,78,1.231,84
66,2023-03,13169.7,12805.8,82.0,51.3,108,58,1.862,102
66,2023-04,13249.2,12606.4,83.4,52.2,110,33,3.333,76
66,2023-05,13366.7,12667.6,85.1,50.7,93,106,0.877,76
66,2023-06,13393.0,13505.4,87.7,50.5,99,20,4.95,65
66,2023-07,13597.6,13569.6,87.4,50.9,106,58,1.828,58
66,2023-08,13669.7,13621.9,85.3,49.5,106,20,5.3,73
66,2023-09,13820.5,13503.5,86.1,48.3,94,20,4.7,66
66,2023-10,13899.2,13310.4,84.5,46.8,93,20,4.65,78
66,2023-11,14026.5,13346.0,83.3,46.8,95,77,1.234,89
66,2023-12,14222.6,14325.1,82.1,45.7,103,133,0.774,91
66,2024-01,14461.5,14625.5,81.0,45.8,115,33,3.485,84
66,2024-02,14711.7,14865.8,81.9,45.5,93,109,0.853,69
66,2024-03,14955.6,15177.2,80.6,43.7,81,38,2.132,70
66,2024-04,15011.8,14203.7,80.9,43.6,99,71,1.394,96
66,2024-05,15272.9,14647.7,81.5,42.3,96,117,0.821,80
66,2024-06,15486.6,15074.8,80.3,40.9,96,96,1.0,92
66,2024-07,15739.3,14927.3,84.4,42.9,129,33,3.909,77
66,2024-08,15814.8,16105.8,80.9,45.8,108,41,2.634,73
66,2024-09,15995.2,15374.4,82.8,46.6,106,42,2.524,82
66,2024-10,16235.1,15496.6,83.1,49.8,91,37,2.459,84
66,2024-11,16376.3,15929.8,85.0,48.7,94,20,4.7,84
66,2024-12,16556.6,16100.6,85.1,49.1,124,104,1.192,99
66,2025-01,16653.8,15949.3,86.2,49.0,83,67,1.239,83
66,2025-02,16835.0,16956.2,88.1,50.2,91,53,1.717,73
66,2025-03,16988.1,17184.0,85.9,49.5,98,35,2.8,75
66,2025-04,17209.7,16847.3,87.7,51.2,126,25,5.04,69
66,2025-05,17466.3,16798.1,88.5,51.7,94,20,4.7,95
66,2025-06,17621.5,17223.9,89.2,51.8,89,53,1.679,66
66,2025-07,17692.3,17531.2,87.7,52.6,107,54,1.981,89
66,2025-08,17830.1,17855.1,90.0,52.3,107,20,5.35,70
66,2025-09,18032.1,17521.5,90.5,53.2,110,80,1.375,59
66,2025-10,18214.8,17585.1,93.6,52.5,114,20,5.7,56
66,2025-11,18435.6,17826.6,95.1,50.5,130,71,1.831,77
66,2025-12,18554.4,18190.3,93.8,51.6,102,20,5.1,67
67,2020-01,11348.4,11132.2,83.4,27.1,106,33,3.212,77
67,2020-02,11720.8,11665.4,82.0,26.9,90,124,0.726,71
67,2020-03,12055.1,11756.5,83.9,27.5,87,34,2.559,63
67,2020-04,12482.5,12206.1,83.7,27.8,97,40,2.425,76
67,2020-05,12844.2,13029.8,84.9,28.7,106,20,5.3,57
67,2020-06,13290.9,13013.2,84.9,29.0,100,112,0.893,53
67,2020-07,13651.3,13078.4,85.8,26.6,111,77,1.442,67
67,2020-08,14109.8,14126.0,86.3,26.7,84,66,1.273,79
67,2020-09,14577.1,14754.2,87.3,27.3,101,123,0.821,77
67,2020-10,15123.7,14597.2,88.1,27.7,107,24,4.458,60
67,2020-11,15582.3,15743.9,88.7,27.5,93,39,2.385,76
67,2020-12,16154.1,15225.7,89.8,27.9,100,44,2.273,68
67,2021-01,16753.4,15901.1,92.1,30.1,116,20,5.8,76
67,2021-02,17345.6,16567.1,92.6,28.3,117,20,5.85,72
67,2021-03,17938.9,17682.7,90.5,27.5,123,39,3.154,46
67,2021-04,18500.1,18393.0,90.4,28.2,112,85,1.318,73
67,2021-05,19149.7,18844.5,90.2,29.6,110,20,5.5,51
67,2021-06,19666.4,19650.4,87.9,31.5,105,79,1.329,69
67,2021-07,20093.8,20195.4,87.8,32.7,108,20,5.4,61
67,2021-08,20524.4,20724.8,90.4,32.8,104,20,5.2,56
67,2021-09,20955.7,20718.8,90.6,33.4,108,87,1.241,63
67,2021-10,21346.6,20692.1,90.8,35.1,78,97,0.804,50
67,2021-11,21830.9,21821.0,91.7,35.4,123,43,2.86,65
67,2021-12,22469.8,22913.8,92.2,36.6,118,60,1.967,62
67,2022-01,22815.2,21887.8,90.8,36.5,97,26,3.731,78
67,2022-02,23283.0,22031.1,92.4,32.1,114,20,5.7,48
67,2022-03,23885.0,23447.4,94.7,30.0,96,20,4.8,61
67,2022-04,24737.0,24559.3,96.7,29.6,109,20,5.45,46
67,2022-05,25935.3,24668.1,99.0,26.9,131,108,1.213,68
67,2022-06,26975.6,26415.3,99.0,26.0,128,20,6.4,62
67,2022-07,28313.0,27583.5,96.5,24.3,114,20,5.7,51
67,2022-08,29664.6,28919.6,93.8,24.8,112,20,5.6,45
67,2022-09,30930.5,29933.1,94.7,24.8,107,86,1.244,53
67,2022-10,32287.7,31060.6,95.7,26.0,117,20,5.85,70
67,2022-11,33669.3,32630.5,97.0,26.5,113,20,5.65,44
67,2022-12,34742.1,34871.3,97.0,27.7,107,57,1.877,47
67,2023-01,36161.1,34686.6,98.5,27.0,123,20,6.15,53
67,2023-02,37498.4,36377.2,97.0,28.3,106,61,1.738,42
67,2023-03,39309.4,38805.9,95.1,27.7,122,56,2.179,52
67,2023-04,40691.7,40730.0,95.4,28.6,122,21,5.81,40
67,2023-05,42224.4,42375.1,96.1,28.8,104,53,1.962,72
67,2023-06,43838.8,41391.9,96.3,29.7,97,20,4.85,50
67,2023-07,45101.7,45456.3,98.8,30.6,126,54,2.333,54
67,2023-08,46943.5,45307.6,99.0,30.0,105,20,5.25,53
67,2023-09,48678.8,47732.3,98.3,28.7,117,20,5.85,37
67,2023-10,50442.3,49179.7,97.5,29.0,111,20,5.55,59
67,2023-11,52322.8,52340.5,97.4,29.3,109,20,5.45,63
67,2023-12,53812.1,52216.9,97.2,30.7,109,20,5.45,45
67,2024-01,55457.5,53959.4,97.2,28.3,105,105,1.0,59
67,2024-02,57563.0,56144.7,96.2,27.6,108,20,5.4,50
67,2024-03,59405.6,56465.2,97.0,28.7,115,20,5.75,59
67,2024-04,61967.4,62498.2,95.1,27.0,108,20,5.4,59
67,2024-05,64417.0,64774.6,97.1,27.1,111,79,1.405,63
67,2024-06,67096.4,65824.8,97.4,25.8,118,20,5.9,75
67,2024-07,69544.2,70210.5,96.9,28.4,109,20,5.45,41
67,2024-08,72156.4,71667.7,97.0,29.4,145,48,3.021,63
67,2024-09,74479.8,73554.4,95.5,31.8,110,45,2.444,48
67,2024-10,76453.9,76155.4,95.4,32.4,126,20,6.3,60
67,2024-11,78465.9,74185.6,93.4,34.4,126,69,1.826,64
67,2024-12,80507.8,81299.4,93.4,35.0,115,20,5.75,76
67,2025-01,81819.2,82790.7,92.3,35.4,108,38,2.842,84
67,2025-02,83360.0,82616.6,94.2,38.6,109,99,1.101,62
67,2025-03,85487.3,83439.0,93.7,37.9,115,20,5.75,41
67,2025-04,87278.0,84992.4,94.3,37.3,98,20,4.9,59
67,2025-05,90051.6,86720.9,94.2,35.5,115,42,2.738,46
67,2025-06,91848.4,91670.0,92.6,34.2,105,20,5.25,34
67,2025-07,94414.6,91615.5,91.6,34.4,110,95,1.158,58
67,2025-08,97098.0,92795.1,91.8,32.1,95,20,4.75,67
67,2025-09,99443.3,97237.5,92.4,33.6,109,20,5.45,65
67,2025-10,101671.4,100814.0,95.1,33.4,108,20,5.4,65
67,2025-11,103648.0,100143.2,94.7,35.4,128,20,6.4,56
67,2025-12,106923.2,102719.0,95.0,30.9,123,20,6.15,71
68,2020-01,9756.9,9546.6,59.6,42.1,55,152,0.362,95
68,2020-02,9822.6,9234.7,60.2,42.2,72,140,0.514,103
68,2020-03,9856.8,9362.2,57.3,44.8,50,177,0.282,93
68,2020-04,9852.2,9868.0,59.2,44.5,63,56,1.125,84
68,2020-05,9895.9,9867.9,58.5,43.3,70,79,0.886,75
68,2020-06,9971.9,9571.1,56.9,43.6,55,223,0.247,103
68,2020-07,10020.2,10106.4,57.6,42.9,57,145,0.393,94
68,2020-08,10045.7,10184.3,57.3,42.6,77,134,0.575,100
68,2020-09,10036.0,9885.4,58.1,41.5,67,143,0.469,99
68,2020-10,10158.1,9712.8,58.0,38.7,57,183,0.311,92
68,2020-11,10208.4,9964.4,58.7,38.9,60,191,0.314,109
68,2020-12,10300.4,9880.1,59.3,40.1,74,188,0.394,84
68,2021-01,10439.3,10461.8,59.9,39.7,67,124,0.54,91
68,2021-02,10591.6,10454.0,60.4,39.5,67,159,0.421,89
68,2021-03,10657.9,10818.3,59.8,39.7,66,82,0.805,77
68,2021-04,10768.8,10964.2,61.0,39.9,82,76,1.079,76
68,2021-05,10884.2,10240.9,62.7,40.3,58,119,0.487,85
68,2021-06,10973.0,10513.6,59.7,39.6,90,91,0.989,72
68,2021-07,11037.6,10755.3,58.9,39.4,53,144,0.368,86
68,2021-08,11087.0,10426.0,61.6,40.7,60,67,0.896,85
68,2021-09,11187.9,11267.5,63.8,39.4,79,130,0.608,84
68,2021-10,11377.6,11382.1,63.2,37.9,70,153,0.458,85
68,2021-11,11477.5,11087.2,63.6,37.3,77,87,0.885,77
68,2021-12,11593.1,11060.5,62.7,38.1,66,49,1.347,115
68,2022-01,11654.6,11626.0,62.5,39.5,74,89,0.831,89
68,2022-02,11687.9,11267.2,60.8,38.5,75,98,0.765,106
68,2022-03,11767.6,11109.2,57.6,37.2,70,112,0.625,93
68,2022-04,11890.5,11224.3,56.9,37.2,60,109,0.55,119
68,2022-05,12017.6,11655.6,56.8,37.0,62,177,0.35,86
68,2022-06,12073.5,12274.8,56.9,38.0,73,194,0.376,113
68,2022-07,12316.8,11974.2,55.8,36.6,72,217,0.332,96
68,2022-08,12430.6,12244.7,55.4,35.1,63,118,0.534,82
68,2022-09,12583.7,12155.5,53.1,35.5,70,212,0.33,92
68,2022-10,12787.0,12426.5,55.3,33.4,70,20,3.5,75
68,2022-11,12942.2,12531.7,55.2,33.3,86,151,0.57,114
68,2022-12,13038.2,12877.6,55.7,33.1,82,136,0.603,93
68,2023-01,13161.7,12609.8,56.5,32.2,68,127,0.535,96
68,2023-02,13353.9,12705.8,55.3,33.0,87,188,0.463,115
68,2023-03,13437.3,12715.2,57.7,33.6,72,124,0.581,88
68,2023-04,13512.8,13451.2,55.7,33.6,82,132,0.621,99
68,2023-05,13523.2,13637.7,54.3,33.0,47,164,0.287,95
68,2023-06,13749.3,13573.7,56.1,31.7,64,190,0.337,96
68,2023-07,13997.7,14081.0,54.9,33.6,73,131,0.557,105
68,2023-08,14065.3,13985.9,56.0,32.9,65,146,0.445,93
68,2023-09,14289.3,13585.9,57.7,34.6,61,149,0.409,104
68,2023-10,14366.6,14018.0,58.6,35.2,81,62,1.306,67
68,2023-11,14402.7,14273.0,56.1,34.1,67,128,0.523,99
68,2023-12,14528.9,14623.9,53.5,33.0,66,151,0.437,80
68,2024-01,14757.7,14892.3,57.0,33.6,79,66,1.197,77
68,2024-02,14856.8,14264.0,56.0,35.2,59,141,0.418,84
68,2024-03,15045.4,14649.5,57.2,34.9,64,172,0.372,85
68,2024-04,15157.8,15446.1,56.5,33.2,58,115,0.504,91
68,2024-05,15271.7,14402.3,56.3,32.1,72,140,0.514,91
68,2024-06,15471.1,15420.5,55.9,31.9,61,155,0.394,107
68,2024-07,15665.0,15002.0,54.9,32.3,54,68,0.794,91
68,2024-08,15646.8,15751.4,58.5,34.0,59,129,0.457,74
68,2024-09,15817.9,15856.0,58.8,35.4,53,76,0.697,80
68,2024-10,15831.8,15008.4,55.0,35.5,63,169,0.373,88
68,2024-11,15877.8,15310.5,55.8,34.5,88,93,0.946,85
68,2024-12,16054.7,15666.4,57.1,32.4,64,156,0.41,83
68,2025-01,16204.5,15385.0,57.9,32.4,66,127,0.52,83
68,2025-02,16388.3,15992.9,59.6,34.2,73,134,0.545,96
68,2025-03,16641.6,16862.1,60.1,32.9,55,48,1.146,72
68,2025-04,16915.1,15988.4,57.7,32.8,58,180,0.322,85
68,2025-05,17074.0,17075.8,57.4,34.6,73,99,0.737,71
68,2025-06,17041.4,16071.8,57.5,37.1,75,92,0.815,85
68,2025-07,17138.4,16848.0,57.4,36.8,63,130,0.485,99
68,2025-08,17294.6,16602.3,55.0,36.6,88,139,0.633,108
68,2025-09,17398.1,16608.3,58.9,36.3,77,166,0.464,88
68,2025-10,17643.8,16867.9,57.7,37.2,73,104,0.702,107
68,2025-11,17709.5,17798.8,58.9,37.1,71,112,0.634,78
68,2025-12,17916.1,17323.1,60.1,35.7,96,87,1.103,75
69,2020-01,9934.4,10025.4,75.4,44.5,77,20,3.85,76
69,2020-02,10037.4,9806.2,75.0,44.0,95,66,1.439,74
69,2020-03,10127.2,9772.6,75.3,44.1,87,49,1.776,89
69,2020-04,10246.1,10401.6,77.9,45.1,86,127,0.677,85
69,2020-05,10398.2,9812.9,76.5,44.5,90,37,2.432,86
69,2020-06,10469.8,10346.4,77.7,42.2,87,54,1.611,67
69,2020-07,10652.0,10491.3,82.6,40.6,112,100,1.12,80
69,2020-08,10828.5,11031.8,84.5,37.7,102,92,1.109,67
69,2020-09,10944.8,10853.9,85.5,36.7,89,55,1.618,70
69,2020-10,11240.4,11415.3,85.9,36.0,110,120,0.917,88
69,2020-11,11502.1,10936.2,86.4,38.2,104,20,5.2,67
69,2020-12,11657.4,11040.8,87.9,38.4,102,60,1.7,76
69,2021-01,11929.9,11669.1,87.6,38.7,94,38,2.474,69
69,2021-02,12155.6,11987.8,90.1,38.5,114,20,5.7,48
69,2021-03,12391.2,12005.6,90.2,38.2,123,20,6.15,61
69,2021-04,12680.5,12897.0,89.2,38.8,97,55,1.764,78
69,2021-05,12955.2,12843.0,88.4,37.7,115,65,1.769,67
69,2021-06,13159.3,12582.0,86.1,37.6,100,20,5.0,97
69,2021-07,13338.7,12939.3,84.4,38.2,110,33,3.333,75
69,2021-08,13637.2,13827.9,85.3,37.8,89,92,0.967,65
69,2021-09,13949.5,13516.9,87.2,38.4,108,20,5.4,74
69,2021-10,14233.9,14217.9,88.1,37.2,117,63,1.857,61
69,2021-11,14562.1,14565.0,92.7,38.6,121,20,6.05,69
69,2021-12,14946.8,14094.4,92.5,37.2,116,20,5.8,85
69,2022-01,15310.7,14836.6,91.7,35.8,94,31,3.032,77
69,2022-02,15621.8,15834.8,94.5,36.4,114,20,5.7,81
69,2022-03,15930.1,16189.0,97.2,38.3,113,86,1.314,46
69,2022-04,16307.0,16435.7,97.8,38.0,106,20,5.3,74
69,2022-05,16802.6,17091.0,97.5,36.8,136,20,6.8,70
69,2022-06,17097.6,16529.8,98.3,38.0,127,20,6.35,89
69,2022-07,17501.4,16650.8,96.9,36.6,104,20,5.2,57
69,2022-08,17885.3,17608.2,97.7,37.4,108,20,5.4,63
69,2022-09,18288.4,17411.3,98.4,38.7,108,46,2.348,60
69,2022-10,18540.5,17760.0,98.2,36.9,107,20,5.35,83
69,2022-11,19093.2,18550.5,98.9,35.9,131,20,6.55,61
69,2022-12,19740.0,19444.5,99.0,35.8,115,20,5.75,51
69,2023-01,20280.4,20368.7,99.0,35.4,122,62,1.968,40
69,2023-02,20863.4,20548.9,98.2,36.1,119,66,1.803,37
69,2023-03,21496.0,20664.3,99.0,35.0,109,38,2.868,49
69,2023-04,22188.3,22539.2,99.0,36.0,123,20,6.15,71
69,2023-05,22846.2,22108.5,98.4,35.8,104,40,2.6,37
69,2023-06,23410.9,23017.0,98.7,34.4,141,20,7.05,77
69,2023-07,24183.6,23443.1,98.6,35.1,134,20,6.7,59
69,2023-08,24996.8,24494.4,97.3,32.5,128,26,4.923,53
69,2023-09,25951.6,24864.6,97.8,32.5,120,66,1.818,65
69,2023-10,26608.9,26698.4,98.9,32.5,129,40,3.225,79
69,2023-11,27547.4,27621.6,99.0,32.5,123,20,6.15,51
69,2023-12,28447.6,27368.3,98.1,29.6,130,20,6.5,45
69,2024-01,29365.2,28451.8,94.8,31.5,121,20,6.05,66
69,2024-02,30155.3,29431.0,94.2,31.7,105,20,5.25,51
69,2024-03,31113.6,31020.9,94.7,31.8,108,20,5.4,46
69,2024-04,32090.5,30607.1,96.5,31.7,124,53,2.34,66
69,2024-05,33294.1,31496.0,97.8,32.8,109,20,5.45,60
69,2024-06,34184.4,32915.0,95.8,33.1,115,20,5.75,58
69,2024-07,35519.5,36194.6,96.1,31.1,104,20,5.2,72
69,2024-08,36716.9,36303.1,94.9,33.3,116,20,5.8,58
69,2024-09,37589.8,37574.1,95.2,34.2,121,54,2.241,70
69,2024-10,38532.8,36630.2,95.3,35.3,106,20,5.3,76
69,2024-11,39455.6,38535.4,94.5,36.8,112,20,5.6,62
69,2024-12,40554.3,40619.7,98.5,38.2,124,20,6.2,61
69,2025-01,41459.2,40076.3,99.0,38.6,128,20,6.4,59
69,2025-02,41919.2,39803.8,97.4,40.2,127,20,6.35,70
69,2025-03,42496.0,41208.6,97.9,41.2,127,48,2.646,55
69,2025-04,43457.3,44111.5,99.0,41.5,126,20,6.3,68
69,2025-05,44448.1,44439.1,99.0,40.3,128,20,6.4,56
69,2025-06,45394.1,42818.1,99.0,41.2,125,20,6.25,49
69,2025-07,46178.0,45921.1,98.4,40.8,98,20,4.9,68
69,2025-08,47017.3,46517.5,97.9,40.7,126,20,6.3,78
69,2025-09,47828.7,47257.6,99.0,41.1,115,20,5.75,66
69,2025-10,48793.4,48649.0,97.5,39.9,114,41,2.78,47
69,2025-11,49729.7,48421.2,97.0,40.2,116,20,5.8,50
69,2025-12,50924.8,47938.4,98.3,39.4,134,65,2.062,53
70,2020-01,11026.9,10526.2,80.2,42.7,95,48,1.979,81
70,2020-02,11185.1,10528.0,79.4,41.4,112,121,0.926,84
70,2020-03,11330.4,10992.6,79.9,41.5,97,68,1.426,63
70,2020-04,11437.7,11230.6,77.9,39.6,97,54,1.796,69
70,2020-05,11562.1,11428.8,79.5,40.2,100,39,2.564,83
70,2020-06,11709.4,11395.0,80.7,40.0,94,21,4.476,72
70,2020-07,11939.3,11875.6,82.1,39.0,82,48,1.708,73
70,2020-08,12116.6,11494.9,82.1,39.1,100,29,3.448,94
70,2020-09,12370.6,12356.8,82.2,37.8,105,44,2.386,61
70,2020-10,12600.1,12600.9,82.7,35.9,95,64,1.484,73
70,2020-11,12896.7,12797.5,82.9,34.4,89,47,1.894,83
70,2020-12,13219.9,13163.9,83.8,35.0,104,33,3.152,77
70,2021-01,13445.1,13090.1,80.3,34.2,110,75,1.467,66
70,2021-02,13800.4,13391.4,81.1,33.3,94,48,1.958,57
70,2021-03,14112.4,13862.1,82.1,31.2,113,20,5.65,73
70,2021-04,14456.7,13608.9,80.4,29.3,102,53,1.925,85
70,2021-05,14806.0,14824.1,79.9,28.8,100,142,0.704,57
70,2021-06,15170.1,14292.5,83.2,28.6,92,111,0.829,64
70,2021-07,15609.6,15787.8,80.0,29.6,94,66,1.424,77
70,2021-08,16026.8,15420.9,81.4,28.7,103,81,1.272,65
70,2021-09,16515.9,15823.7,85.3,28.9,81,20,4.05,55
70,2021-10,16983.7,17057.5,88.0,30.9,97,23,4.217,69
70,2021-11,17424.1,16379.7,89.9,30.8,104,40,2.6,68
70,2021-12,17850.7,18022.8,94.6,30.2,115,60,1.917,51
70,2022-01,18380.6,17612.3,93.8,31.4,107,95,1.126,59
70,2022-02,18748.7,17992.8,95.1,32.1,94,20,4.7,73
70,2022-03,19245.2,18245.9,93.7,32.1,101,31,3.258,55
70,2022-04,19826.8,18768.8,91.6,32.0,111,65,1.708,63
70,2022-05,20550.3,19480.2,92.3,30.3,102,78,1.308,73
70,2022-06,21077.1,20398.6,90.6,29.8,125,45,2.778,53
70,2022-07,21729.7,21251.9,87.8,28.6,104,77,1.351,80
70,2022-08,22443.4,21207.3,88.1,27.7,89,32,2.781,76
70,2022-09,23087.6,22160.4,85.7,27.4,115,82,1.402,71
70,2022-10,23658.5,22673.3,85.3,29.9,118,83,1.422,69
70,2022-11,24273.7,24147.3,87.0,30.0,112,79,1.418,61
70,2022-12,24935.1,25269.9,91.2,30.1,114,20,5.7,34
70,2023-01,25698.0,24568.8,94.2,29.1,111,20,5.55,54
70,2023-02,26536.6,25778.6,95.1,29.8,115,20,5.75,84
70,2023-03,27306.8,26800.0,96.4,30.5,125,20,6.25,50
70,2023-04,27967.6,26461.0,95.7,30.7,112,20,5.6,67
70,2023-05,28886.6,29029.9,96.6,30.8,125,20,6.25,64
70,2023-06,29848.1,29701.3,99.0,30.6,122,20,6.1,51
70,2023-07,31139.6,31710.5,99.0,29.7,120,20,6.0,50
70,2023-08,32022.7,32062.9,98.8,28.7,106,20,5.3,48
70,2023-09,32955.7,32108.4,96.9,30.8,128,60,2.133,65
70,2023-10,33790.6,32367.8,98.2,31.2,104,20,5.2,54
70,2023-11,34888.6,34854.8,93.9,30.6,107,37,2.892,48
70,2023-12,36279.0,35365.8,94.1,30.0,107,64,1.672,49
70,2024-01,37449.8,36789.3,92.6,28.1,103,72,1.431,47
70,2024-02,38732.0,36645.6,93.3,27.9,109,116,0.94,61
70,2024-03,40125.2,39540.8,93.8,27.6,118,44,2.682,67
70,2024-04,41487.5,39479.9,93.8,25.3,98,24,4.083,49
70,2024-05,42910.1,41332.4,91.9,26.3,115,60,1.917,69
70,2024-06,44910.7,43796.6,93.4,23.4,119,96,1.24,53
70,2024-07,46376.2,46100.7,92.5,24.5,110,20,5.5,69
70,2024-08,48166.9,49018.5,93.0,24.3,114,51,2.235,63
70,2024-09,50035.4,48577.4,92.6,23.9,112,20,5.6,52
70,2024-10,52064.2,50354.4,93.7,24.5,110,20,5.5,59
70,2024-11,54362.5,53790.2,94.1,25.2,96,20,4.8,46
70,2024-12,56621.4,54551.4,94.0,27.2,99,20,4.95,48
70,2025-01,58436.0,55408.4,93.0,26.6,117,22,5.318,65
70,2025-02,61046.9,61499.2,92.2,26.0,117,34,3.441,68
70,2025-03,63246.0,62732.6,94.4,24.3,127,20,6.35,55
70,2025-04,66494.4,63619.7,96.2,24.1,135,20,6.75,49
70,2025-05,69234.7,66821.4,95.2,24.9,111,20,5.55,55
70,2025-06,72403.6,69082.9,94.8,23.5,129,20,6.45,65
70,2025-07,75787.5,73400.5,94.7,22.8,114,20,5.7,57
70,2025-08,79031.2,77436.8,95.3,22.5,108,57,1.895,57
70,2025-09,83055.2,81150.8,96.4,24.6,128,33,3.879,52
70,2025-10,87228.9,86198.2,99.0,23.0,130,20,6.5,39
70,2025-11,91721.4,91549.0,97.0,21.5,118,20,5.9,66
70,2025-12,96832.0,94743.4,96.8,21.6,111,20,5.55,51
71,2020-01,9411.3,9569.3,73.0,62.9,85,57,1.491,104
71,2020-02,9354.2,9239.8,72.9,63.4,86,110,0.782,86
71,2020-03,9459.1,8960.5,72.7,62.6,86,156,0.551,86
71,2020-04,9503.5,9345.4,73.6,63.4,110,109,1.009,88
71,2020-05,9619.8,9564.7,74.8,62.8,89,65,1.369,94
71,2020-06,9646.1,9568.9,74.4,64.3,72,46,1.565,81
71,2020-07,9666.2,9789.9,74.3,65.0,102,126,0.81,85
71,2020-08,9671.0,9152.1,75.2,63.2,76,130,0.585,101
71,2020-09,9645.3,9345.1,72.9,61.8,101,75,1.347,95
71,2020-10,9711.9,9348.5,74.8,60.3,85,54,1.574,98
71,2020-11,9785.6,9852.9,75.9,60.8,94,56,1.679,91
71,2020-12,9812.1,9589.9,76.3,62.3,112,68,1.647,84
71,2021-01,9746.7,9734.8,77.1,62.2,91,59,1.542,100
71,2021-02,9784.1,9330.6,80.0,62.7,103,72,1.431,78
71,2021-03,9817.1,9303.3,79.8,63.2,114,134,0.851,106
71,2021-04,9844.8,9506.2,78.3,63.0,105,76,1.382,105
71,2021-05,9862.2,9578.2,80.0,64.7,91,20,4.55,111
71,2021-06,9897.7,9876.3,79.5,65.3,101,20,5.05,88
71,2021-07,9931.3,9559.6,79.6,65.6,99,20,4.95,92
71,2021-08,9965.9,9735.5,80.0,64.3,112,74,1.514,84
71,2021-09,10044.8,10122.1,78.8,65.9,88,65,1.354,84
71,2021-10,10143.2,9639.0,79.1,65.5,74,113,0.655,86
71,2021-11,10111.1,9958.9,82.0,66.2,99,39,2.538,77
71,2021-12,10144.3,10007.5,81.4,63.0,88,20,4.4,77
71,2022-01,10180.4,9618.6,83.3,62.0,103,42,2.452,91
71,2022-02,10166.6,9689.3,84.8,63.3,98,73,1.342,106
71,2022-03,10184.8,10268.6,85.4,65.9,99,31,3.194,86
71,2022-04,10146.6,9693.3,84.5,67.8,119,100,1.19,65
71,2022-05,10180.7,9943.9,85.2,68.4,79,36,2.194,96
71,2022-06,10258.4,10125.0,88.0,70.4,98,82,1.195,89
71,2022-07,10271.2,9927.3,85.5,70.7,107,20,5.35,81
71,2022-08,10307.1,10497.5,84.4,70.5,90,119,0.756,81
71,2022-09,10336.5,10401.6,85.4,69.1,103,20,5.15,95
71,2022-10,10386.7,10432.2,82.7,70.1,101,20,5.05,79
71,2022-11,10407.6,10289.6,82.6,70.3,106,83,1.277,104
71,2022-12,10400.8,10569.5,83.9,69.7,92,20,4.6,76
71,2023-01,10398.4,10219.3,84.6,69.7,122,73,1.671,107
71,2023-02,10384.4,9922.4,83.5,68.9,90,20,4.5,85
71,2023-03,10448.5,10444.6,82.0,69.6,85,20,4.25,79
71,2023-04,10464.9,10070.1,82.0,69.7,110,56,1.964,79
71,2023-05,10419.7,10036.5,80.0,69.9,109,20,5.45,88
71,2023-06,10434.7,10308.8,82.0,71.9,90,66,1.364,84
71,2023-07,10490.5,10307.7,80.5,73.2,83,26,3.192,70
71,2023-08,10509.9,10302.9,78.5,73.7,103,82,1.256,106
71,2023-09,10450.0,9856.3,78.4,71.7,94,47,2.0,90
71,2023-10,10437.8,10021.4,78.7,70.0,100,20,5.0,101
71,2023-11,10455.5,10564.3,79.7,70.3,104,68,1.529,77
71,2023-12,10543.8,10419.0,78.9,68.8,111,49,2.265,89
71,2024-01,10557.7,10183.9,82.1,69.1,96,50,1.92,101
71,2024-02,10571.4,10650.1,83.8,69.1,107,55,1.945,65
71,2024-03,10657.5,10159.7,85.8,69.5,100,20,5.0,92
71,2024-04,10682.8,10780.6,87.9,66.9,99,20,4.95,83
71,2024-05,10761.2,10600.0,87.1,66.5,100,94,1.064,90
71,2024-06,10801.9,10481.1,88.0,64.7,110,141,0.78,81
71,2024-07,10845.5,10328.6,90.7,65.0,114,20,5.7,84
71,2024-08,10904.8,10454.4,89.5,63.5,97,32,3.031,52
71,2024-09,10983.5,10804.1,87.8,63.1,110,20,5.5,80
71,2024-10,11038.9,10429.7,90.6,63.3,98,44,2.227,77
71,2024-11,11028.0,10614.2,90.4,63.6,115,33,3.485,79
71,2024-12,11042.2,10576.6,90.1,63.9,110,20,5.5,80
71,2025-01,11010.8,11213.3,91.0,63.1,111,20,5.55,75
71,2025-02,11074.7,10714.9,91.3,63.2,116,20,5.8,76
71,2025-03,11181.1,10699.7,92.8,63.6,102,20,5.1,76
71,2025-04,11289.6,11174.5,93.5,64.6,117,20,5.85,86
71,2025-05,11408.9,11300.2,95.5,64.2,108,59,1.831,71
71,2025-06,11462.3,11435.6,96.4,63.2,122,27,4.519,69
71,2025-07,11533.0,11113.8,98.7,63.5,120,20,6.0,76
71,2025-08,11628.3,10962.5,97.7,62.7,118,20,5.9,63
71,2025-09,11736.8,11867.4,99.0,63.4,103,80,1.288,72
71,2025-10,11843.9,11903.0,99.0,63.0,105,72,1.458,95
71,2025-11,11888.7,11596.2,99.0,62.3,118,20,5.9,66
71,2025-12,11918.3,11274.4,99.0,62.7,133,56,2.375,90
72,2020-01,10638.1,10657.9,65.6,45.9,80,98,0.816,99
72,2020-02,10680.3,10879.8,66.0,46.5,58,73,0.795,83
72,2020-03,10694.2,10300.4,66.0,48.1,78,124,0.629,101
72,2020-04,10716.8,10551.8,66.8,47.1,84,179,0.469,96
72,2020-05,10778.4,10993.1,66.4,49.1,91,87,1.046,90
72,2020-06,10774.5,10927.7,66.5,50.3,70,86,0.814,97
72,2020-07,10819.6,10979.1,67.3,50.3,69,98,0.704,96
72,2020-08,10861.8,10659.3,71.5,50.5,85,75,1.133,86
72,2020-09,10894.1,11010.4,73.6,49.5,78,86,0.907,79
72,2020-10,11080.3,10859.6,73.5,51.0,91,87,1.046,78
72,2020-11,11135.0,10857.6,73.3,50.2,91,20,4.55,78
72,2020-12,11281.2,10651.3,73.4,49.1,82,88,0.932,80
72,2021-01,11369.4,10849.3,74.2,50.1,88,95,0.926,102
72,2021-02,11407.5,11485.3,73.0,51.3,87,128,0.68,72
72,2021-03,11452.7,11558.2,72.5,52.9,88,124,0.71,95
72,2021-04,11498.7,11126.0,73.3,51.4,93,20,4.65,79
72,2021-05,11651.5,11714.9,72.3,50.2,82,148,0.554,85
72,2021-06,11761.1,11832.2,74.7,50.7,111,97,1.144,79
72,2021-07,11823.2,11801.3,74.7,49.8,76,40,1.9,67
72,2021-08,12016.3,11529.8,73.8,49.9,82,70,1.171,72
72,2021-09,12164.3,11990.1,75.3,48.9,99,107,0.925,79
72,2021-10,12257.5,12407.5,74.4,49.0,80,78,1.026,79
72,2021-11,12438.0,11970.6,75.6,50.4,97,87,1.115,93
72,2021-12,12559.2,11975.3,77.0,49.9,92,49,1.878,65
72,2022-01,12618.3,12067.9,76.3,51.9,87,111,0.784,88
72,2022-02,12675.4,12042.1,76.1,51.8,101,57,1.772,88
72,2022-03,12756.8,12720.9,77.1,50.2,96,40,2.4,89
72,2022-04,12837.1,12883.3,78.3,49.3,94,20,4.7,86
72,2022-05,12972.8,12464.1,77.5,51.3,91,20,4.55,88
72,2022-06,13112.5,13049.7,79.3,50.3,102,57,1.789,84
72,2022-07,13286.4,12891.5,81.8,51.7,107,78,1.372,73
72,2022-08,13438.7,12716.1,82.3,50.2,106,52,2.038,72
72,2022-09,13543.9,13196.6,82.0,50.8,89,132,0.674,73
72,2022-10,13724.6,13680.5,82.3,51.8,97,33,2.939,84
72,2022-11,13860.9,13364.2,79.8,53.3,91,20,4.55,79
72,2022-12,13958.1,13840.7,80.1,53.3,60,77,0.779,97
72,2023-01,14057.3,13581.0,81.7,55.5,97,71,1.366,82
72,2023-02,14035.6,14071.0,80.1,55.1,80,88,0.909,92
72,2023-03,14120.5,14005.9,82.1,55.0,101,42,2.405,66
72,2023-04,14217.9,13636.6,83.1,55.1,103,62,1.661,91
72,2023-05,14343.2,14349.3,85.4,55.1,86,20,4.3,77
72,2023-06,14465.0,13904.4,88.8,55.0,111,20,5.55,73
72,2023-07,14678.7,14258.8,88.8,53.9,113,61,1.852,84
72,2023-08,14809.1,14499.6,87.0,53.0,103,20,5.15,99
72,2023-09,14987.1,14561.8,87.7,51.9,96,20,4.8,75
72,2023-10,15131.5,14674.2,86.7,51.1,112,80,1.4,98
72,2023-11,15290.0,14873.8,87.9,51.5,92,20,4.6,59
72,2023-12,15498.3,15272.1,90.1,51.9,87,20,4.35,75
72,2024-01,15731.2,15892.8,90.1,51.1,118,72,1.639,72
72,2024-02,15853.2,15421.5,95.7,50.3,112,20,5.6,80
72,2024-03,16046.1,15491.2,92.0,52.0,103,21,4.905,65
72,2024-04,16242.4,16523.7,91.5,52.6,96,33,2.909,78
72,2024-05,16408.4,15477.6,93.0,51.5,107,80,1.337,56
72,2024-06,16588.1,16553.3,94.3,52.5,112,20,5.6,72
72,2024-07,16776.1,16959.3,94.0,53.2,110,111,0.991,83
72,2024-08,16935.1,16662.4,94.4,54.1,117,20,5.85,87
72,2024-09,16966.1,16090.4,92.9,54.0,120,42,2.857,70
72,2024-10,17191.6,16960.6,94.3,52.5,116,31,3.742,69
72,2024-11,17484.0,17530.2,94.5,53.1,109,32,3.406,55
72,2024-12,17655.4,17301.5,95.8,52.6,106,20,5.3,76
72,2025-01,17895.1,17058.6,95.6,52.2,87,20,4.35,71
72,2025-02,18320.0,18226.3,95.8,50.4,127,20,6.35,67
72,2025-03,18633.5,18285.6,95.5,49.6,114,20,5.7,74
72,2025-04,18886.9,17775.8,94.3,50.3,117,65,1.8,53
72,2025-05,19071.2,18215.3,96.0,49.5,107,20,5.35,75
72,2025-06,19436.2,19043.2,95.3,49.8,94,20,4.7,70
72,2025-07,19623.4,19746.8,95.3,49.3,105,20,5.25,66
72,2025-08,19978.1,20093.8,95.8,48.1,106,20,5.3,65
72,2025-09,20350.0,19821.5,97.3,47.7,119,42,2.833,68
72,2025-10,20871.3,21213.1,97.1,47.3,123,20,6.15,68
72,2025-11,21071.1,21126.9,99.0,50.5,125,24,5.208,78
72,2025-12,21433.1,20654.5,99.0,51.0,102,29,3.517,57
73,2020-01,9820.6,9885.0,58.5,58.7,65,73,0.89,93
73,2020-02,9801.4,9717.0,60.7,57.1,63,106,0.594,107
73,2020-03,9816.3,9612.0,61.7,59.1,98,145,0.676,101
73,2020-04,9776.4,9445.1,63.2,60.1,67,90,0.744,104
73,2020-05,9799.2,9792.0,66.5,58.4,98,125,0.784,83
73,2020-06,9846.7,9405.7,66.7,58.4,84,99,0.848,111
73,2020-07,9892.2,9962.5,65.5,57.9,80,56,1.429,104
73,2020-08,9911.9,10089.7,64.7,57.4,74,102,0.725,94
73,2020-09,9865.8,9281.6,65.8,56.7,68,102,0.667,90
73,2020-10,9931.3,9709.5,67.4,55.3,86,30,2.867,91
73,2020-11,9996.5,9446.1,68.5,54.7,73,113,0.646,102
73,2020-12,9989.6,9645.7,66.5,53.2,76,67,1.134,104
73,2021-01,10041.2,10079.3,67.7,52.4,81,184,0.44,109
73,2021-02,10145.5,10070.6,69.1,53.2,95,60,1.583,111
73,2021-03,10232.5,10437.0,72.5,52.6,98,91,1.077,75
73,2021-04,10299.5,10302.6,72.5,52.3,72,120,0.6,77
73,2021-05,10393.8,9807.6,73.0,51.3,90,20,4.5,76
73,2021-06,10392.4,9784.7,75.3,51.7,92,72,1.278,96
73,2021-07,10407.8,10393.6,74.9,49.1,87,92,0.946,105
73,2021-08,10501.9,10133.0,74.2,51.4,96,20,4.8,84
73,2021-09,10603.4,10809.1,74.8,52.8,92,83,1.108,96
73,2021-10,10683.2,10201.6,74.0,52.6,89,104,0.856,77
73,2021-11,10775.8,10210.3,74.6,53.0,91,36,2.528,87
73,2021-12,10846.1,10856.7,75.5,50.8,107,78,1.372,73
73,2022-01,10883.0,11040.5,75.9,51.3,82,20,4.1,77
73,2022-02,10886.4,10868.7,76.4,50.1,81,37,2.189,73
73,2022-03,10939.1,11122.9,75.0,49.9,92,59,1.559,115
73,2022-04,10943.4,10795.9,74.2,48.5,94,80,1.175,95
73,2022-05,11024.7,10413.3,75.0,49.7,90,66,1.364,78
73,2022-06,11101.8,11273.3,76.3,49.9,86,48,1.792,66
73,2022-07,11181.6,11363.2,76.1,49.0,83,46,1.804,69
73,2022-08,11295.5,10753.7,75.3,49.3,92,102,0.902,90
73,2022-09,11481.4,11041.5,76.4,49.9,94,110,0.855,92
73,2022-10,11583.3,11147.4,79.4,50.3,104,75,1.387,54
73,2022-11,11662.2,11687.9,80.7,53.0,105,20,5.25,75
73,2022-12,11809.6,11700.2,83.3,52.4,87,67,1.299,76
73,2023-01,11931.6,12036.3,83.7,52.3,94,74,1.27,67
73,2023-02,12032.9,11790.6,84.4,52.4,106,60,1.767,87
73,2023-03,12144.3,11944.1,84.6,51.2,98,33,2.97,67
73,2023-04,12316.7,12482.0,83.9,51.1,84,62,1.355,87
73,2023-05,12417.1,11699.3,86.4,51.1,116,114,1.018,78
73,2023-06,12643.6,12453.2,88.6,49.6,111,20,5.55,76
73,2023-07,12842.8,12474.6,87.8,49.2,104,30,3.467,62
73,2023-08,13029.0,12599.5,90.9,48.7,114,71,1.606,73
73,2023-09,13244.7,12656.1,91.8,48.7,108,20,5.4,60
73,2023-10,13451.2,12973.8,93.4,49.5,115,37,3.108,67
73,2023-11,13681.6,13836.8,93.6,48.6,120,32,3.75,60
73,2023-12,13860.4,13315.5,93.7,48.7,111,52,2.135,81
73,2024-01,13989.5,13787.7,92.4,49.2,129,84,1.536,74
73,2024-02,14184.2,14273.7,90.5,49.1,119,47,2.532,56
73,2024-03,14337.0,13819.8,89.7,50.1,100,64,1.562,81
73,2024-04,14478.3,13878.6,89.4,49.5,129,92,1.402,51
73,2024-05,14671.3,14042.7,91.2,49.8,110,29,3.793,61
73,2024-06,14856.9,14315.3,92.7,47.2,102,44,2.318,86
73,2024-07,15086.5,14741.8,93.3,46.3,114,66,1.727,67
73,2024-08,15219.4,14959.4,92.0,49.1,112,79,1.418,61
73,2024-09,15518.5,15447.3,93.1,48.3,117,20,5.85,92
73,2024-10,15712.4,15679.1,94.3,46.5,109,56,1.946,60
73,2024-11,15905.9,15647.9,95.2,44.8,120,50,2.4,76
73,2024-12,16146.7,15981.5,97.3,44.2,131,22,5.955,51
73,2025-01,16323.6,16324.2,99.0,45.3,113,21,5.381,61
73,2025-02,16662.1,15757.9,98.3,46.1,130,20,6.5,59
73,2025-03,16945.3,15928.8,95.5,46.2,121,20,6.05,73
73,2025-04,17331.1,16548.9,96.9,46.4,111,30,3.7,56
73,2025-05,17613.1,17374.3,94.7,47.1,112,20,5.6,68
73,2025-06,17806.4,17999.0,92.8,48.0,122,46,2.652,88
73,2025-07,17983.1,17765.0,92.6,48.3,82,52,1.577,63
73,2025-08,18262.5,17928.8,89.4,51.1,109,20,5.45,83
73,2025-09,18343.8,18504.5,90.4,51.1,130,31,4.194,48
73,2025-10,18591.4,17552.6,90.8,51.2,123,82,1.5,63
73,2025-11,18854.8,17814.9,91.3,50.7,122,84,1.452,61
73,2025-12,18979.3,18679.8,92.1,51.3,127,38,3.342,85
74,2020-01,10004.0,9823.5,56.8,37.2,68,144,0.472,91
74,2020-02,10129.7,9705.4,61.0,36.2,61,116,0.526,87
74,2020-03,10276.0,10397.2,59.3,36.6,88,113,0.779,92
74,2020-04,10418.0,10060.7,58.2,34.6,85,95,0.895,92
74,2020-05,10507.1,10440.3,57.7,32.8,66,170,0.388,93
74,2020-06,10623.8,10162.3,56.7,31.9,74,143,0.517,87
74,2020-07,10761.4,10686.6,57.7,30.2,68,121,0.562,75
74,2020-08,10884.7,10528.4,54.6,28.9,66,146,0.452,97
74,2020-09,11157.0,11074.7,58.7,27.1,93,224,0.415,68
74,2020-10,11339.8,11536.5,61.5,26.4,80,55,1.455,116
74,2020-11,11563.4,11445.4,63.6,25.8,79,217,0.364,60
74,2020-12,11870.7,11318.8,61.2,25.1,90,117,0.769,68
74,2021-01,12100.7,11413.9,60.9,25.4,75,47,1.596,97
74,2021-02,12339.6,12425.5,62.5,24.2,58,20,2.9,75
74,2021-03,12656.4,12668.7,61.9,22.8,87,108,0.806,72
74,2021-04,12953.6,13155.1,61.3,22.9,70,188,0.372,63
74,2021-05,13299.0,13076.7,60.6,21.6,63,73,0.863,77
74,2021-06,13735.2,13244.1,61.9,19.3,92,156,0.59,71
74,2021-07,14181.6,14137.6,61.0,18.1,72,124,0.581,74
74,2021-08,14580.8,14836.3,59.2,20.3,68,92,0.739,85
74,2021-09,15010.2,14929.0,58.0,21.5,75,63,1.19,92
74,2021-10,15445.8,14899.7,58.7,20.6,78,138,0.565,82
74,2021-11,15880.8,16009.0,59.0,19.9,82,105,0.781,80
74,2021-12,16297.3,16248.5,57.7,21.1,72,156,0.462,85
74,2022-01,16767.5,15989.8,59.5,20.9,67,169,0.396,80
74,2022-02,17252.7,17350.4,60.1,20.1,79,98,0.806,80
74,2022-03,17794.1,17691.6,61.5,20.9,66,104,0.635,76
74,2022-04,18400.6,18327.5,61.7,20.5,58,174,0.333,80
74,2022-05,19008.3,18988.0,63.2,20.1,82,112,0.732,85
74,2022-06,19592.9,18616.1,64.4,20.2,67,82,0.817,91
74,2022-07,20183.7,19614.8,63.8,18.9,82,58,1.414,82
74,2022-08,21066.8,20279.2,63.3,18.0,89,150,0.593,72
74,2022-09,21883.2,20606.8,63.8,18.4,88,102,0.863,79
74,2022-10,22641.7,22760.8,63.9,19.7,83,99,0.838,62
74,2022-11,23382.4,22184.4,62.9,19.9,79,59,1.339,70
74,2022-12,24123.7,24073.1,62.8,18.5,84,93,0.903,59
74,2023-01,24832.2,23378.9,61.4,20.0,73,183,0.399,79
74,2023-02,25708.3,25954.5,60.4,18.7,73,87,0.839,96
74,2023-03,26628.9,26969.8,61.1,17.0,71,127,0.559,88
74,2023-04,27516.7,27669.0,61.0,17.3,84,131,0.641,72
74,2023-05,28622.4,27283.8,62.2,17.0,66,106,0.623,91
74,2023-06,29714.3,28033.5,62.9,17.2,90,107,0.841,79
74,2023-07,30683.0,30620.7,61.3,18.2,45,136,0.331,84
74,2023-08,31496.8,30773.9,59.4,18.1,77,64,1.203,66
74,2023-09,32694.1,33250.2,58.3,19.1,88,63,1.397,55
74,2023-10,33667.1,31928.2,55.3,18.4,72,66,1.091,69
74,2023-11,34762.0,34041.8,53.9,18.7,65,164,0.396,69
74,2023-12,35725.2,33694.1,54.8,18.5,63,67,0.94,93
74,2024-01,36701.9,35610.1,54.4,19.8,58,141,0.411,82
74,2024-02,37638.7,37810.3,53.8,20.6,53,128,0.414,77
74,2024-03,38650.5,37845.6,53.7,20.9,83,115,0.722,95
74,2024-04,39802.0,38020.8,52.4,19.3,53,145,0.366,82
74,2024-05,40977.2,40301.3,52.6,17.0,58,91,0.637,88
74,2024-06,42113.4,42017.2,52.2,17.6,63,126,0.5,76
74,2024-07,43660.5,42769.2,52.8,15.6,61,212,0.288,84
74,2024-08,45121.1,44666.4,52.9,17.0,73,186,0.392,85
74,2024-09,46545.8,45231.5,52.6,17.4,68,77,0.883,93
74,2024-10,47521.2,46943.8,53.7,19.7,67,82,0.817,82
74,2024-11,48963.9,48755.6,54.2,19.6,76,180,0.422,83
74,2024-12,50184.6,47775.1,56.7,19.6,69,135,0.511,94
74,2025-01,51691.0,50153.5,57.0,20.6,77,137,0.562,80
74,2025-02,53055.8,52347.7,58.3,20.9,57,109,0.523,83
74,2025-03,54110.9,54170.4,55.7,21.3,84,120,0.7,87
74,2025-04,55629.9,56511.3,55.8,20.7,61,157,0.389,95
74,2025-05,56465.4,55831.2,55.9,22.8,53,90,0.589,79
74,2025-06,57887.4,55653.7,56.5,22.1,66,80,0.825,65
74,2025-07,59536.1,58657.3,58.2,20.7,72,148,0.486,92
74,2025-08,61600.9,60922.4,57.2,20.2,66,118,0.559,90
74,2025-09,62598.7,60143.6,55.4,23.5,67,148,0.453,97
74,2025-10,63997.9,64407.5,55.2,23.4,57,52,1.096,86
74,2025-11,65821.7,65869.0,56.3,22.7,64,184,0.348,84
74,2025-12,67568.5,68822.9,60.4,22.0,74,131,0.565,87
75,2020-01,10127.7,10051.0,62.5,59.8,75,120,0.625,90
75,2020-02,10103.6,9637.2,61.5,58.9,86,165,0.521,98
75,2020-03,10135.8,10129.9,64.3,57.8,83,79,1.051,93
75,2020-04,10098.7,9624.6,65.1,58.0,91,71,1.282,83
75,2020-05,10082.2,9699.6,65.5,57.9,63,121,0.521,98
75,2020-06,10035.9,9760.5,63.1,57.5,65,114,0.57,86
75,2020-07,9983.3,10076.6,64.8,57.5,86,156,0.551,104
75,2020-08,10000.0,9964.8,62.0,57.8,76,125,0.608,100
75,2020-09,9986.3,9604.0,60.1,55.9,63,173,0.364,109
75,2020-10,10043.9,9546.9,57.7,56.5,70,203,0.345,113
75,2020-11,10026.7,10116.3,58.2,58.6,76,80,0.95,110
75,2020-12,10059.8,9577.4,57.5,60.3,61,123,0.496,120
75,2021-01,10093.2,10044.7,58.2,60.0,79,87,0.908,110
75,2021-02,10068.1,9778.2,58.8,59.4,63,126,0.5,83
75,2021-03,9974.3,9892.4,62.0,57.2,91,121,0.752,86
75,2021-04,9980.9,9910.6,63.3,57.2,63,102,0.618,118
75,2021-05,10047.0,9520.9,64.6,57.6,74,50,1.48,94
75,2021-06,10074.6,10187.5,66.9,57.6,70,81,0.864,81
75,2021-07,10094.9,10268.3,69.0,55.4,84,57,1.474,75
75,2021-08,10126.0,9767.4,69.3,56.5,81,116,0.698,95
75,2021-09,10275.9,9670.8,73.0,55.9,67,56,1.196,82
75,2021-10,10281.2,10301.9,72.5,58.5,80,62,1.29,92
75,2021-11,10325.1,10512.8,72.9,56.2,85,31,2.742,78
75,2021-12,10284.1,9969.8,73.2,56.0,83,36,2.306,91
75,2022-01,10269.4,10153.4,73.2,54.5,75,23,3.261,99
75,2022-02,10283.5,10091.8,72.4,55.4,78,57,1.368,106
75,2022-03,10234.1,9691.9,72.3,57.1,88,96,0.917,105
75,2022-04,10318.7,10468.1,76.5,57.3,92,85,1.082,86
75,2022-05,10465.3,10203.9,78.0,56.3,93,34,2.735,83
75,2022-06,10572.4,10052.0,77.5,58.1,99,20,4.95,78
75,2022-07,10636.4,10370.7,78.5,55.7,81,61,1.328,62
75,2022-08,10672.0,10774.6,76.2,56.1,99,20,4.95,100
75,2022-09,10728.6,10656.4,75.4,55.3,83,142,0.585,89
75,2022-10,10759.2,10346.6,75.1,54.2,85,90,0.944,70
75,2022-11,10816.6,10172.8,76.0,54.0,81,66,1.227,90
75,2022-12,10863.6,10908.0,75.8,56.0,80,51,1.569,94
75,2023-01,10927.2,10859.6,77.7,57.3,68,71,0.958,91
75,2023-02,10932.9,10627.3,77.9,57.1,87,131,0.664,83
75,2023-03,10920.7,10721.8,78.3,58.1,92,26,3.538,78
75,2023-04,11045.8,10910.5,78.8,58.6,94,39,2.41,92
75,2023-05,11056.1,10736.5,78.5,59.1,88,68,1.294,103
75,2023-06,11107.5,11066.3,78.1,58.4,99,20,4.95,89
75,2023-07,11179.8,10838.0,77.5,60.5,99,57,1.737,87
75,2023-08,11293.5,10686.2,76.3,61.5,96,82,1.171,100
75,2023-09,11301.1,11010.6,77.9,61.2,81,55,1.473,85
75,2023-10,11386.4,11119.2,76.3,60.5,100,101,0.99,106
75,2023-11,11391.6,11361.0,74.8,58.5,83,134,0.619,113
75,2023-12,11397.0,11398.5,74.9,58.8,104,77,1.351,98
75,2024-01,11460.8,11556.0,74.1,58.3,87,118,0.737,74
75,2024-02,11439.1,11057.3,74.1,58.6,84,24,3.5,103
75,2024-03,11530.8,10987.9,74.7,57.1,86,95,0.905,77
75,2024-04,11565.2,11154.0,75.4,57.6,102,29,3.517,69
75,2024-05,11636.2,11056.6,73.2,56.6,105,43,2.442,93
75,2024-06,11695.4,11787.9,72.5,56.1,95,23,4.13,99
75,2024-07,11724.6,11501.1,73.5,56.5,95,100,0.95,95
75,2024-08,11762.3,11347.0,72.6,55.0,89,112,0.795,87
75,2024-09,11743.6,11864.7,73.8,53.9,72,33,2.182,89
75,2024-10,11764.8,11945.6,73.0,53.7,79,171,0.462,74
75,2024-11,11786.5,11496.1,73.6,52.4,80,76,1.053,87
75,2024-12,11886.4,12110.5,74.5,52.3,89,25,3.56,109
75,2025-01,12055.4,11455.5,74.4,52.5,104,61,1.705,107
75,2025-02,12096.3,12262.5,76.2,52.2,84,23,3.652,87
75,2025-03,12095.1,12246.9,75.6,52.1,99,72,1.375,77
75,2025-04,12175.5,11939.4,73.9,52.7,90,102,0.882,80
75,2025-05,12221.0,12321.7,72.0,52.4,99,73,1.356,76
75,2025-06,12304.1,11997.7,71.5,52.0,74,72,1.028,96
75,2025-07,12396.1,11783.6,72.7,51.7,97,59,1.644,86
75,2025-08,12397.3,11894.5,71.4,52.4,75,120,0.625,98
75,2025-09,12420.3,12624.0,68.4,54.6,84,121,0.694,101
75,2025-10,12404.7,12331.1,69.4,56.0,102,79,1.291,87
75,2025-11,12557.6,12124.4,69.8,57.8,84,95,0.884,93
75,2025-12,12579.9,12203.5,69.4,58.3,90,67,1.343,86
76,2020-01,9275.4,9172.8,76.3,62.4,93,29,3.207,86
76,2020-02,9305.3,9335.5,75.9,64.1,79,106,0.745,107
76,2020-03,9368.6,8870.8,74.8,63.9,69,20,3.45,96
76,2020-04,9375.2,9003.9,75.0,63.3,86,75,1.147,85
76,2020-05,9441.1,9254.0,73.5,65.9,98,100,0.98,87
76,2020-06,9468.8,9281.5,73.7,65.4,82,96,0.854,80
76,2020-07,9544.4,9616.8,73.5,66.9,89,81,1.099,89
76,2020-08,9574.7,9739.9,73.4,66.9,72,105,0.686,95
76,2020-09,9533.5,9576.7,73.0,68.2,95,54,1.759,84
76,2020-10,9536.4,9686.2,73.0,69.9,81,143,0.566,94
76,2020-11,9592.8,9281.2,73.2,71.0,94,87,1.08,99
76,2020-12,9583.2,9490.9,74.1,73.2,84,71,1.183,91
76,2021-01,9570.2,9265.7,74.0,75.0,102,45,2.267,89
76,2021-02,9524.6,9290.3,71.8,74.5,71,96,0.74,91
76,2021-03,9485.1,9432.3,72.6,74.9,100,78,1.282,110
76,2021-04,9474.9,8973.9,69.2,75.4,79,57,1.386,99
76,2021-05,9517.0,9075.8,68.1,77.6,91,137,0.664,107
76,2021-06,9497.9,9557.4,68.6,76.3,83,73,1.137,118
76,2021-07,9462.7,9166.0,68.9,76.1,69,20,3.45,102
76,2021-08,9498.3,9296.2,68.6,74.6,76,120,0.633,115
76,2021-09,9455.5,9050.8,69.0,75.4,99,147,0.673,89
76,2021-10,9420.2,9129.9,68.1,75.1,80,64,1.25,109
76,2021-11,9415.2,9138.4,67.4,76.9,68,58,1.172,126
76,2021-12,9430.0,9458.5,70.2,76.0,87,95,0.916,110
76,2022-01,9412.1,8951.4,71.5,74.6,83,57,1.456,88
76,2022-02,9417.3,9145.1,72.5,75.8,89,104,0.856,102
76,2022-03,9383.9,9273.5,73.0,77.3,79,137,0.577,101
76,2022-04,9401.1,8988.4,72.6,76.9,88,115,0.765,95
76,2022-05,9299.4,9254.7,70.9,74.8,91,119,0.765,113
76,2022-06,9257.1,8990.6,74.4,75.1,86,99,0.869,87
76,2022-07,9277.7,9228.8,76.3,75.4,80,191,0.419,81
76,2022-08,9269.0,8833.0,77.0,75.7,99,90,1.1,88
76,2022-09,9248.5,9269.5,78.8,73.9,100,64,1.562,102
76,2022-10,9211.8,8664.4,78.8,75.4,84,20,4.2,98
76,2022-11,9271.9,9118.3,82.0,77.0,107,58,1.845,90
76,2022-12,9310.8,9161.5,84.5,78.4,96,20,4.8,84
76,2023-01,9334.0,9203.3,87.4,78.0,109,30,3.633,62
76,2023-02,9321.9,9153.0,85.4,77.1,114,29,3.931,80
76,2023-03,9334.0,9031.8,86.1,76.0,97,40,2.425,95
76,2023-04,9330.1,9276.9,86.4,77.1,98,20,4.9,90
76,2023-05,9354.8,9190.9,87.1,76.1,114,62,1.839,82
76,2023-06,9349.9,9148.9,87.8,76.7,105,55,1.909,84
76,2023-07,9451.7,9166.3,86.4,74.3,103,20,5.15,93
76,2023-08,9453.6,9572.5,87.3,73.5,101,20,5.05,92
76,2023-09,9466.1,9521.5,88.6,74.2,106,124,0.855,92
76,2023-10,9450.8,9073.2,91.2,73.8,118,62,1.903,79
76,2023-11,9480.6,9591.9,88.7,73.9,137,20,6.85,92
76,2023-12,9568.3,9470.9,88.9,71.7,95,53,1.792,77
76,2024-01,9611.0,9431.4,89.9,72.5,112,61,1.836,92
76,2024-02,9659.6,9203.9,90.3,72.1,77,59,1.305,70
76,2024-03,9733.3,9229.1,89.7,72.2,105,20,5.25,88
76,2024-04,9736.2,9748.4,87.4,71.6,100,20,5.0,82
76,2024-05,9751.3,9928.1,86.6,72.9,99,20,4.95,96
76,2024-06,9754.8,9502.1,83.5,72.2,110,76,1.447,104
76,2024-07,9797.5,9451.9,82.8,73.2,89,108,0.824,88
76,2024-08,9828.5,9714.6,81.9,73.7,98,20,4.9,94
76,2024-09,9888.1,9937.7,82.0,73.9,91,20,4.55,68
76,2024-10,9899.6,9991.0,84.5,73.7,103,65,1.585,98
76,2024-11,9899.0,9954.4,83.2,73.8,93,128,0.727,104
76,2024-12,9932.7,9710.1,80.3,72.3,86,24,3.583,109
76,2025-01,9953.5,9472.4,79.9,72.0,105,38,2.763,104
76,2025-02,9985.6,9748.4,82.0,73.2,93,51,1.824,107
76,2025-03,9981.4,9994.4,82.5,74.6,99,81,1.222,105
76,2025-04,9991.8,9456.6,84.5,74.5,109,20,5.45,80
76,2025-05,9969.9,9589.9,83.9,75.2,108,47,2.298,86
76,2025-06,9984.6,9736.7,82.3,74.9,100,40,2.5,84
76,2025-07,9963.8,9676.4,81.2,73.7,100,20,5.0,104
76,2025-08,9963.4,9611.0,80.2,74.7,105,41,2.561,99
76,2025-09,9981.2,9741.8,82.0,73.9,111,51,2.176,81
76,2025-10,9942.7,9623.8,85.3,72.8,111,56,1.982,65
76,2025-11,9940.5,9462.8,86.2,72.9,109,69,1.58,95
76,2025-12,9968.4,9763.6,86.2,72.9,91,43,2.116,87
77,2020-01,8434.7,8441.4,76.2,32.0,100,75,1.333,61
77,2020-02,8583.6,8390.8,75.9,31.3,75,118,0.636,68
77,2020-03,8753.2,8310.2,76.1,33.1,75,46,1.63,74
77,2020-04,8934.5,8796.0,77.3,32.9,103,65,1.585,80
77,2020-05,9145.6,9121.4,79.2,31.1,100,74,1.351,66
77,2020-06,9349.2,9400.3,79.0,32.6,103,62,1.661,85
77,2020-07,9481.3,9399.0,79.3,33.7,101,20,5.05,83
77,2020-08,9693.3,9337.3,80.7,33.5,111,20,5.55,72
77,2020-09,9863.6,9341.6,84.7,34.3,87,66,1.318,68
77,2020-10,10087.9,9788.8,86.0,35.0,105,20,5.25,61
77,2020-11,10312.7,9755.7,86.9,35.7,96,107,0.897,67
77,2020-12,10538.2,10612.0,87.4,36.2,92,139,0.662,64
77,2021-01,10756.4,10346.2,87.4,35.2,118,20,5.9,46
77,2021-02,10947.0,10724.5,86.8,38.3,104,20,5.2,67
77,2021-03,11156.5,10526.6,86.0,37.5,93,20,4.65,85
77,2021-04,11365.2,10735.1,86.0,39.5,91,20,4.55,74
77,2021-05,11595.4,11678.5,86.2,36.7,100,46,2.174,60
77,2021-06,11852.8,11992.3,86.5,37.2,101,24,4.208,71
77,2021-07,12066.6,11404.6,88.4,37.3,111,53,2.094,65
77,2021-08,12383.2,11999.1,87.6,35.3,103,52,1.981,55
77,2021-09,12629.9,12822.1,88.0,35.7,92,20,4.6,64
77,2021-10,12897.5,12771.3,89.8,35.6,101,46,2.196,66
77,2021-11,13164.8,12637.8,89.0,35.6,116,93,1.247,64
77,2021-12,13553.0,13674.8,88.2,33.8,123,41,3.0,85
77,2022-01,13806.0,12995.9,87.9,33.6,117,101,1.158,51
77,2022-02,14104.9,13348.4,87.3,30.9,101,48,2.104,73
77,2022-03,14486.3,13698.7,88.6,30.4,114,54,2.111,65
77,2022-04,14863.1,14918.1,88.5,30.2,111,20,5.55,60
77,2022-05,15237.6,14839.9,88.2,32.1,112,35,3.2,77
77,2022-06,15687.4,14816.0,87.7,33.2,107,70,1.529,56
77,2022-07,16076.7,15646.2,88.0,32.2,89,98,0.908,71
77,2022-08,16438.7,15526.4,86.5,33.4,106,63,1.683,71
77,2022-09,16880.2,15998.3,85.7,32.9,107,20,5.35,66
77,2022-10,17331.1,16853.7,86.5,32.3,101,45,2.244,61
77,2022-11,17711.0,17912.9,86.1,31.1,106,29,3.655,66
77,2022-12,18231.2,17961.5,86.9,31.6,110,71,1.549,55
77,2023-01,18664.4,18162.8,88.3,31.8,116,58,2.0,52
77,2023-02,19182.7,19424.9,88.6,31.8,101,49,2.061,83
77,2023-03,19580.0,19716.9,87.3,33.6,117,27,4.333,66
77,2023-04,20059.4,19563.6,87.0,32.5,83,81,1.025,74
77,2023-05,20556.8,20331.1,86.6,32.5,105,55,1.909,46
77,2023-06,21223.4,21407.1,87.7,30.8,115,33,3.485,71
77,2023-07,21882.2,21619.5,89.4,31.8,85,20,4.25,66
77,2023-08,22483.0,21290.9,89.5,31.7,104,47,2.213,54
77,2023-09,23018.9,22975.3,90.3,30.9,106,20,5.3,55
77,2023-10,23709.0,22335.0,94.0,32.4,104,30,3.467,50
77,2023-11,24306.4,23937.6,95.8,31.9,116,42,2.762,58
77,2023-12,25067.4,25025.7,97.1,30.9,116,20,5.8,51
77,2024-01,25816.5,25687.5,97.8,28.3,112,25,4.48,47
77,2024-02,26607.6,26938.7,97.8,28.9,126,20,6.3,70
77,2024-03,27515.8,26844.1,98.0,28.9,111,20,5.55,66
77,2024-04,28623.7,27215.4,99.0,27.5,124,20,6.2,39
77,2024-05,29759.8,29731.5,99.0,27.9,137,20,6.85,45
77,2024-06,30734.2,28947.2,99.0,26.9,123,20,6.15,38
77,2024-07,31705.0,30065.2,99.0,27.7,133,20,6.65,49
77,2024-08,33125.2,33736.1,99.0,28.1,112,26,4.308,63
77,2024-09,34425.4,34840.0,99.0,26.9,131,20,6.55,55
77,2024-10,35931.0,34373.2,99.0,24.9,116,20,5.8,56
77,2024-11,37673.0,37981.6,99.0,27.1,106,20,5.3,50
77,2024-12,39237.3,38495.1,99.0,26.0,133,20,6.65,58
77,2025-01,41196.8,40500.7,97.6,23.6,133,20,6.65,59
77,2025-02,43169.4,42364.4,97.5,23.3,114,20,5.7,49
77,2025-03,45216.6,43660.4,99.0,23.0,136,26,5.231,53
77,2025-04,47615.6,46995.9,99.0,21.9,121,20,6.05,47
77,2025-05,50241.0,48311.6,99.0,21.8,124,20,6.2,58
77,2025-06,53027.8,52517.8,98.5,21.4,113,20,5.65,61
77,2025-07,55750.4,56154.4,99.0,22.3,110,20,5.5,53
77,2025-08,59384.3,58800.1,99.0,20.2,105,20,5.25,43
77,2025-09,62592.4,62260.1,99.0,20.3,109,20,5.45,70
77,2025-10,65737.8,65537.4,99.0,21.5,120,20,6.0,50
77,2025-11,69385.0,68549.1,99.0,20.1,112,35,3.2,62
77,2025-12,73779.9,69623.2,99.0,19.2,111,20,5.55,75
78,2020-01,9713.5,9318.4,63.6,54.7,70,121,0.579,81
78,2020-02,9806.2,9501.1,64.3,54.0,72,106,0.679,93
78,2020-03,9822.1,9482.5,63.8,53.1,77,125,0.616,96
78,2020-04,9822.6,9439.1,65.5,53.7,93,114,0.816,107
78,2020-05,9808.7,9826.9,66.4,54.2,93,130,0.715,108
78,2020-06,9823.2,9635.8,65.3,55.3,74,107,0.692,103
78,2020-07,9842.6,9957.2,64.1,55.9,67,97,0.691,100
78,2020-08,9884.6,9642.3,64.3,56.4,55,125,0.44,90
78,2020-09,9950.3,9353.5,65.6,55.9,74,172,0.43,94
78,2020-10,10002.5,9926.7,64.3,55.1,62,57,1.088,112
78,2020-11,10031.7,9886.7,64.6,55.5,76,97,0.784,91
78,2020-12,10083.5,9588.5,63.4,53.8,66,68,0.971,101
78,2021-01,10006.1,10189.0,61.6,54.3,83,79,1.051,73
78,2021-02,10029.9,10103.7,63.1,55.4,77,114,0.675,114
78,2021-03,10034.3,9567.1,61.1,55.0,63,107,0.589,106
78,2021-04,10119.9,9976.1,59.5,53.9,64,159,0.403,94
78,2021-05,10127.3,10286.6,61.7,55.8,95,145,0.655,107
78,2021-06,10030.8,9916.5,62.1,56.1,69,76,0.908,105
78,2021-07,10025.1,9992.8,64.2,53.3,79,101,0.782,83
78,2021-08,10012.3,10049.7,64.0,52.0,68,129,0.527,85
78,2021-09,10093.1,9860.2,65.1,51.1,72,103,0.699,101
78,2021-10,10152.2,10150.8,64.8,51.3,62,147,0.422,91
78,2021-11,10165.2,9871.1,62.9,52.6,67,130,0.515,92
78,2021-12,10187.8,9717.7,63.1,54.1,93,57,1.632,110
78,2022-01,10192.8,10294.7,61.9,54.7,61,84,0.726,84
78,2022-02,10251.2,10440.8,62.0,53.9,70,57,1.228,87
78,2022-03,10187.8,10119.2,61.7,54.4,76,119,0.639,83
78,2022-04,10163.6,10361.0,63.0,54.7,84,149,0.564,105
78,2022-05,10168.6,9580.1,65.2,56.1,59,89,0.663,93
78,2022-06,10167.2,9898.6,66.8,53.3,73,50,1.46,95
78,2022-07,10194.0,9918.4,65.5,52.9,92,81,1.136,91
78,2022-08,10174.0,9860.6,67.2,53.1,79,45,1.756,90
78,2022-09,10284.7,9700.7,68.0,53.6,75,62,1.21,88
78,2022-10,10259.0,9865.0,68.7,54.3,80,123,0.65,89
78,2022-11,10301.2,10151.9,68.5,54.7,84,85,0.988,86
78,2022-12,10322.5,10196.2,70.8,53.2,88,53,1.66,92
78,2023-01,10432.3,9944.7,70.7,54.4,92,99,0.929,102
78,2023-02,10552.8,10676.2,69.4,53.0,79,130,0.608,89
78,2023-03,10602.6,10355.5,71.4,53.6,79,75,1.053,96
78,2023-04,10653.3,10274.6,69.0,53.5,74,88,0.841,100
78,2023-05,10717.1,10423.7,69.7,53.1,65,80,0.812,103
78,2023-06,10738.5,10222.3,71.6,54.4,106,164,0.646,95
78,2023-07,10776.0,10574.9,73.7,54.1,74,47,1.574,84
78,2023-08,10805.9,10502.6,73.9,55.7,107,60,1.783,86
78,2023-09,10885.3,10773.4,74.7,54.5,98,99,0.99,71
78,2023-10,10973.0,10930.1,76.1,54.1,95,96,0.99,84
78,2023-11,11015.6,10355.6,74.5,52.8,79,51,1.549,91
78,2023-12,11102.5,10609.8,73.1,51.8,64,85,0.753,107
78,2024-01,11143.1,11276.8,72.7,51.9,83,82,1.012,74
78,2024-02,11183.6,11010.3,69.6,52.1,94,100,0.94,89
78,2024-03,11223.1,10680.6,68.9,51.7,102,153,0.667,90
78,2024-04,11310.1,11504.8,67.4,49.9,74,99,0.747,98
78,2024-05,11408.8,10915.9,71.6,48.9,86,121,0.711,117
78,2024-06,11422.6,11116.0,71.7,49.3,83,92,0.902,79
78,2024-07,11472.8,11466.9,72.7,49.5,86,128,0.672,90
78,2024-08,11512.9,11318.3,74.1,47.8,91,35,2.6,84
78,2024-09,11588.9,11572.6,74.7,46.2,88,92,0.957,78
78,2024-10,11694.5,11197.8,73.7,43.9,82,68,1.206,67
78,2024-11,11770.0,11487.7,75.0,43.7,104,53,1.962,88
78,2024-12,11891.4,11964.0,75.1,44.7,87,39,2.231,83
78,2025-01,11949.6,11314.5,73.5,42.9,95,101,0.941,78
78,2025-02,12043.7,12172.5,70.7,43.2,79,119,0.664,99
78,2025-03,12143.5,12266.3,74.7,43.5,100,46,2.174,86
78,2025-04,12223.9,11555.8,73.8,43.8,89,47,1.894,69
78,2025-05,12394.3,12370.5,74.0,44.1,64,33,1.939,68
78,2025-06,12504.2,11825.4,76.1,43.4,88,100,0.88,50
78,2025-07,12714.9,12161.8,76.2,42.3,84,103,0.816,73
78,2025-08,12889.7,12986.8,76.1,42.4,88,71,1.239,83
78,2025-09,12981.5,12918.7,79.6,45.1,88,69,1.275,78
78,2025-10,13030.5,13061.0,81.7,47.5,118,41,2.878,81
78,2025-11,13130.3,12573.2,80.9,47.6,95,45,2.111,82
78,2025-12,13189.0,13381.6,81.0,47.1,95,27,3.519,67
79,2020-01,9798.9,9764.9,70.1,30.7,73,148,0.493,74
79,2020-02,9981.7,9992.0,69.9,31.4,78,61,1.279,82
79,2020-03,10235.5,10244.2,72.0,30.7,91,90,1.011,62
79,2020-04,10464.4,10570.0,71.3,30.8,71,124,0.573,88
79,2020-05,10685.0,10864.3,68.3,31.2,99,176,0.562,73
79,2020-06,10858.2,10470.4,67.1,31.6,71,99,0.717,78
79,2020-07,10952.2,10969.1,66.8,30.8,94,114,0.825,73
79,2020-08,11138.5,11351.7,65.4,32.8,68,125,0.544,95
79,2020-09,11291.6,11000.0,66.1,32.6,73,180,0.406,75
79,2020-10,11416.8,11412.8,66.6,33.3,98,63,1.556,92
79,2020-11,11624.1,11367.9,67.3,32.6,90,99,0.909,79
79,2020-12,11805.1,11323.7,67.1,31.9,87,86,1.012,99
79,2021-01,11981.7,11709.7,67.0,33.1,68,48,1.417,76
79,2021-02,12162.5,11633.0,64.8,32.4,84,56,1.5,95
79,2021-03,12225.3,11575.1,67.4,33.4,73,100,0.73,75
79,2021-04,12408.6,12537.2,67.7,34.1,82,64,1.281,106
79,2021-05,12514.0,12088.3,68.2,37.2,70,104,0.673,76
79,2021-06,12615.1,12779.9,67.3,36.3,68,138,0.493,93
79,2021-07,12826.1,12585.6,67.5,36.1,70,139,0.504,80
79,2021-08,13014.1,13266.6,68.5,36.5,87,86,1.012,76
79,2021-09,13198.6,13065.2,69.9,38.8,95,88,1.08,78
79,2021-10,13320.5,13295.4,69.8,38.6,96,20,4.8,76
79,2021-11,13409.2,13347.8,68.2,38.1,86,121,0.711,70
79,2021-12,13597.6,13139.6,70.4,40.2,89,86,1.035,89
79,2022-01,13766.7,13458.3,69.0,37.0,86,73,1.178,79
79,2022-02,13897.5,13907.3,67.1,37.6,55,99,0.556,90
79,2022-03,14048.6,13790.9,67.2,39.7,95,85,1.118,100
79,2022-04,14170.4,13817.0,65.6,41.2,80,169,0.473,96
79,2022-05,14339.6,14255.7,64.7,43.6,77,60,1.283,87
79,2022-06,14554.3,14226.6,63.6,43.3,79,158,0.5,78
79,2022-07,14593.7,13836.1,64.3,42.7,61,100,0.61,88
79,2022-08,14679.7,14455.3,63.8,43.0,58,69,0.841,88
79,2022-09,14665.9,14667.2,63.1,43.9,62,120,0.517,86
79,2022-10,14771.1,14214.4,61.7,44.6,63,130,0.485,86
79,2022-11,14833.4,14328.7,60.3,44.3,73,84,0.869,96
79,2022-12,14938.2,14112.2,62.4,44.0,79,158,0.5,86
79,2023-01,15054.5,14709.9,61.8,44.4,74,90,0.822,84
79,2023-02,15179.6,15165.6,59.4,45.2,64,150,0.427,80
79,2023-03,15191.9,15278.0,57.9,44.9,72,125,0.576,101
79,2023-04,15235.9,15253.3,58.7,43.9,51,155,0.329,85
79,2023-05,15141.5,15324.9,60.2,44.6,78,170,0.459,102
79,2023-06,15184.1,15294.5,62.8,43.6,80,102,0.784,96
79,2023-07,15380.1,15236.7,62.7,42.6,69,103,0.67,102
79,2023-08,15595.1,15428.1,67.2,41.7,55,103,0.534,87
79,2023-09,15760.2,14823.6,69.1,42.6,91,88,1.034,91
79,2023-10,15829.0,15759.9,73.8,43.0,87,94,0.926,61
79,2023-11,15963.9,15023.9,73.6,43.1,113,118,0.958,80
79,2023-12,16151.7,16056.8,72.5,42.9,90,54,1.667,88
79,2024-01,16309.3,16634.5,72.2,43.8,95,125,0.76,73
79,2024-02,16645.4,16747.8,71.5,42.4,89,137,0.65,79
79,2024-03,16826.2,16135.0,70.8,40.8,74,61,1.213,89
79,2024-04,16999.4,16046.4,69.5,42.0,90,86,1.047,84
79,2024-05,17140.4,16879.8,64.6,42.3,75,47,1.596,106
79,2024-06,17333.1,16772.5,66.1,40.5,74,79,0.937,78
79,2024-07,17532.9,17503.8,65.2,42.2,64,100,0.64,97
79,2024-08,17707.4,17363.1,65.8,44.4,70,76,0.921,77
79,2024-09,17883.4,18113.0,65.4,43.5,71,165,0.43,66
79,2024-10,18108.2,17070.3,65.0,42.0,71,155,0.458,86
79,2024-11,18246.2,17208.3,64.5,42.3,77,109,0.706,95
79,2024-12,18487.2,17902.6,63.9,43.0,81,65,1.246,82
79,2025-01,18668.4,17925.6,63.5,43.2,92,126,0.73,107
79,2025-02,18759.1,17805.2,61.2,45.1,81,141,0.574,104
79,2025-03,18964.5,18356.0,61.9,46.5,64,154,0.416,89
79,2025-04,19212.8,19407.2,62.5,45.9,74,118,0.627,103
79,2025-05,19344.0,19472.0,63.8,47.8,74,115,0.643,103
79,2025-06,19367.2,18249.2,67.0,50.6,77,73,1.055,85
79,2025-07,19518.4,19063.7,66.6,52.1,79,125,0.632,100
79,2025-08,19644.2,18770.6,67.5,50.4,101,127,0.795,92
79,2025-09,19756.3,18749.0,66.4,50.9,101,159,0.635,94
79,2025-10,19986.9,19686.3,68.3,49.7,97,91,1.066,92
79,2025-11,20012.0,19729.5,70.9,50.3,77,123,0.626,99
79,2025-12,20262.9,20297.9,70.7,49.2,84,96,0.875,83
80,2020-01,9747.2,9436.2,83.1,40.5,83,20,4.15,63
80,2020-02,9916.0,9370.8,81.2,39.7,89,20,4.45,73
80,2020-03,10101.7,9955.8,84.7,38.0,118,123,0.959,75
80,2020-04,10266.8,10080.4,85.2,39.5,105,33,3.182,69
80,2020-05,10500.5,9963.0,81.7,38.1,97,55,1.764,68
80,2020-06,10776.8,10765.6,81.7,38.0,101,82,1.232,68
80,2020-07,10850.8,10502.8,81.3,39.6,90,81,1.111,77
80,2020-08,11068.2,10430.7,83.7,37.0,101,29,3.483,56
80,2020-09,11270.9,11393.6,85.8,37.6,99,68,1.456,62
80,2020-10,11437.1,11265.8,84.7,38.2,114,20,5.7,75
80,2020-11,11625.1,11431.7,83.8,38.6,117,87,1.345,63
80,2020-12,11822.9,11731.2,83.6,40.2,99,91,1.088,80
80,2021-01,12151.5,11823.2,82.3,39.8,94,20,4.7,75
80,2021-02,12342.5,12291.3,84.7,40.8,87,87,1.0,78
80,2021-03,12502.1,11925.4,84.0,44.0,89,20,4.45,71
80,2021-04,12664.0,12018.8,83.2,44.5,98,50,1.96,73
80,2021-05,12795.4,12748.6,84.5,46.6,111,20,5.55,73
80,2021-06,12961.1,12184.8,84.8,46.1,104,20,5.2,66
80,2021-07,13115.3,12443.0,84.6,46.7,93,21,4.429,86
80,2021-08,13219.4,13131.0,86.1,47.2,95,30,3.167,91
80,2021-09,13376.8,13210.5,87.9,48.2,88,20,4.4,88
80,2021-10,13427.6,13101.3,87.3,48.4,108,34,3.176,62
80,2021-11,13515.3,13410.3,87.9,47.9,99,20,4.95,70
80,2021-12,13684.0,13912.6,89.0,48.4,106,20,5.3,54
80,2022-01,13893.7,13783.1,90.0,48.0,111,20,5.55,69
80,2022-02,14082.8,13914.5,90.8,47.3,104,20,5.2,71
80,2022-03,14403.1,14000.8,91.7,47.0,115,45,2.556,64
80,2022-04,14631.2,14578.5,93.4,48.3,127,27,4.704,49
80,2022-05,14858.1,15060.1,95.0,48.1,96,46,2.087,83
80,2022-06,14994.7,15035.5,97.0,45.5,119,20,5.95,72
80,2022-07,15191.9,14396.8,94.6,44.6,108,20,5.4,69
80,2022-08,15469.3,14891.1,93.2,46.3,100,28,3.571,60
80,2022-09,15765.5,15545.5,96.8,47.6,99,26,3.808,72
80,2022-10,16034.5,15939.3,95.0,49.4,116,20,5.8,76
80,2022-11,16204.0,16065.8,96.2,51.0,111,20,5.55,41
80,2022-12,16434.3,16245.1,95.6,50.2,100,50,2.0,66
80,2023-01,16786.5,16527.5,98.4,48.4,142,120,1.183,59
80,2023-02,17097.8,16186.0,99.0,46.1,122,20,6.1,53
80,2023-03,17381.1,16680.4,99.0,44.9,134,36,3.722,65
80,2023-04,17672.3,17209.8,98.2,43.7,104,20,5.2,60
80,2023-05,17989.1,17461.2,98.7,42.3,129,20,6.45,56
80,2023-06,18486.5,17423.7,99.0,43.1,133,20,6.65,59
80,2023-07,18802.2,18229.5,99.0,41.3,129,26,4.962,56
80,2023-08,19224.2,18696.0,98.8,39.1,125,20,6.25,64
80,2023-09,19701.5,19698.0,99.0,39.5,123,35,3.514,62
80,2023-10,20188.1,20475.8,95.8,39.8,124,29,4.276,47
80,2023-11,20675.3,20720.0,93.0,40.0,95,59,1.61,63
80,2023-12,21025.9,20516.2,91.3,38.4,118,90,1.311,61
80,2024-01,21402.6,20322.3,91.6,38.8,99,20,4.95,54
80,2024-02,21834.3,22078.6,92.0,38.6,110,38,2.895,69
80,2024-03,22332.4,22461.3,92.3,36.7,105,20,5.25,47
80,2024-04,22810.9,22513.7,93.1,36.9,117,35,3.343,42
80,2024-05,23180.3,23040.8,92.9,37.3,141,83,1.699,62
80,2024-06,23758.1,23775.6,92.5,37.1,122,25,4.88,48
80,2024-07,24234.2,24149.9,92.7,38.3,104,20,5.2,54
80,2024-08,24495.1,24165.8,94.6,38.8,132,20,6.6,77
80,2024-09,25136.5,23871.5,94.8,39.2,92,27,3.407,79
80,2024-10,25647.0,26021.6,97.3,40.2,114,37,3.081,55
80,2024-11,26098.9,25822.0,95.7,41.0,138,50,2.76,80
80,2024-12,26526.0,26037.6,95.4,42.2,115,57,2.018,69
80,2025-01,27225.7,26441.4,95.0,41.5,125,20,6.25,57
80,2025-02,27986.6,26380.3,96.5,41.1,114,20,5.7,50
80,2025-03,28605.0,27757.4,95.3,42.5,105,20,5.25,55
80,2025-04,28956.4,28387.0,96.0,42.8,133,52,2.558,43
80,2025-05,29461.7,30024.8,95.0,43.4,114,43,2.651,52
80,2025-06,29745.9,29306.1,91.9,42.9,102,29,3.517,53
80,2025-07,30049.2,28637.7,91.4,42.5,90,31,2.903,64
80,2025-08,30552.6,31058.0,92.2,41.8,94,20,4.7,88
80,2025-09,31381.6,31697.4,93.2,41.4,120,37,3.243,60
80,2025-10,32159.4,32782.1,94.6,40.5,109,20,5.45,62
80,2025-11,32616.6,31527.2,93.6,40.5,111,20,5.55,83
80,2025-12,33445.0,32172.7,92.6,39.8,107,20,5.35,69
81,2020-01,9292.3,8804.0,83.9,44.0,111,37,3.0,87
81,2020-02,9366.1,9081.8,82.7,44.3,96,20,4.8,73
81,2020-03,9434.6,9159.1,83.8,43.3,110,82,1.341,70
81,2020-04,9567.5,9451.3,82.9,42.4,88,20,4.4,68
81,2020-05,9643.3,9655.6,84.7,45.6,102,20,5.1,85
81,2020-06,9775.8,9488.1,84.6,44.4,97,20,4.85,74
81,2020-07,9960.7,10101.1,85.3,46.0,107,20,5.35,76
81,2020-08,10119.9,10312.6,86.2,43.5,92,20,4.6,74
81,2020-09,10237.9,9984.9,84.0,46.0,110,51,2.157,73
81,2020-10,10384.3,10120.0,84.0,44.7,87,76,1.145,61
81,2020-11,10442.3,10605.0,84.8,46.4,79,56,1.411,75
81,2020-12,10605.6,10335.2,84.5,47.4,116,45,2.578,78
81,2021-01,10750.9,10138.8,84.8,46.5,99,20,4.95,66
81,2021-02,10911.4,10475.3,84.6,45.7,99,86,1.151,57
81,2021-03,11017.0,10531.8,83.9,47.0,105,56,1.875,90
81,2021-04,11142.5,10554.8,84.1,46.9,93,113,0.823,81
81,2021-05,11277.9,11102.1,85.9,47.3,95,25,3.8,64
81,2021-06,11433.2,11357.0,88.1,46.0,117,40,2.925,62
81,2021-07,11586.2,11765.3,89.2,43.4,101,20,5.05,76
81,2021-08,11838.1,11358.2,89.1,44.3,113,40,2.825,73
81,2021-09,12028.5,11534.6,89.9,45.2,121,20,6.05,79
81,2021-10,12142.8,11830.9,90.0,46.3,118,20,5.9,63
81,2021-11,12369.2,12466.6,90.4,46.8,97,20,4.85,62
81,2021-12,12466.2,11735.7,91.3,47.6,120,54,2.222,47
81,2022-01,12600.1,12196.8,93.1,47.8,131,73,1.795,76
81,2022-02,12718.4,12074.2,93.4,46.6,118,20,5.9,63
81,2022-03,12922.8,12628.4,93.5,46.3,106,20,5.3,62
81,2022-04,13084.9,12915.1,92.9,47.8,105,20,5.25,61
81,2022-05,13249.2,12517.5,91.5,46.2,111,20,5.55,52
81,2022-06,13495.1,12923.9,93.5,47.2,113,55,2.055,59
81,2022-07,13682.0,13210.5,93.0,48.6,111,58,1.914,68
81,2022-08,13735.7,13065.6,91.3,49.1,109,55,1.982,90
81,2022-09,13884.9,13853.7,90.4,51.2,123,50,2.46,71
81,2022-10,14028.4,13385.2,92.2,52.5,129,20,6.45,93
81,2022-11,14223.0,13787.6,93.6,54.0,103,20,5.15,71
81,2022-12,14423.9,14499.6,94.1,53.0,129,20,6.45,55
81,2023-01,14710.5,14161.8,95.1,53.4,118,20,5.9,68
81,2023-02,14939.9,14311.4,94.2,54.8,120,45,2.667,78
81,2023-03,15258.8,15372.0,92.6,53.8,104,64,1.625,71
81,2023-04,15398.1,15146.1,92.2,55.4,102,20,5.1,82
81,2023-05,15644.6,15559.0,91.1,54.4,96,20,4.8,55
81,2023-06,15827.5,15798.6,91.3,57.0,125,20,6.25,69
81,2023-07,16038.9,16319.5,91.0,57.7,118,20,5.9,85
81,2023-08,16136.5,16452.9,90.3,58.2,116,67,1.731,89
81,2023-09,16317.8,16289.0,90.3,60.3,107,63,1.698,103
81,2023-10,16514.7,15614.5,89.0,61.4,110,20,5.5,71
81,2023-11,16695.1,16909.4,93.3,61.0,126,76,1.658,69
81,2023-12,16765.2,16461.2,93.1,61.8,101,59,1.712,79
81,2024-01,16988.5,17025.5,93.6,64.7,111,20,5.55,63
81,2024-02,17268.6,17049.2,92.8,64.3,123,20,6.15,73
81,2024-03,17290.2,16471.7,91.1,64.0,102,102,1.0,81
81,2024-04,17387.9,17580.8,89.9,63.6,80,28,2.857,86
81,2024-05,17453.7,16982.3,91.0,63.1,114,33,3.455,84
81,2024-06,17489.8,17495.1,86.3,61.9,95,20,4.75,74
81,2024-07,17532.4,16908.5,86.4,62.1,99,45,2.2,94
81,2024-08,17687.1,17947.3,85.5,62.4,102,20,5.1,69
81,2024-09,17781.2,17767.3,84.5,62.1,81,74,1.095,76
81,2024-10,17878.2,18145.6,85.4,59.6,98,37,2.649,83
81,2024-11,18008.9,17476.8,87.6,57.4,113,76,1.487,72
81,2024-12,18125.2,17523.9,86.3,57.8,113,38,2.974,45
81,2025-01,18271.3,17898.4,87.3,55.7,92,47,1.957,73
81,2025-02,18402.4,17477.7,88.3,56.3,111,20,5.55,101
81,2025-03,18476.1,18623.1,90.0,56.8,113,20,5.65,77
81,2025-04,18751.3,18041.4,91.6,56.6,114,21,5.429,82
81,2025-05,18901.3,18190.6,92.8,56.3,113,28,4.036,72
81,2025-06,19016.4,17953.7,95.2,58.4,112,41,2.732,79
81,2025-07,19190.6,18758.2,97.9,60.0,115,45,2.556,82
81,2025-08,19390.1,19354.5,98.6,61.3,116,20,5.8,80
81,2025-09,19554.6,19856.5,99.0,62.2,102,20,5.1,64
81,2025-10,19842.1,19401.4,99.0,62.6,116,20,5.8,79
81,2025-11,19927.0,18780.7,99.0,64.1,119,30,3.967,76
81,2025-12,20066.0,20203.8,99.0,66.0,120,52,2.308,74
82,2020-01,9867.6,9896.4,75.3,36.7,94,118,0.797,72
82,2020-02,10052.3,10040.3,74.5,35.4,96,84,1.143,69
82,2020-03,10248.5,9919.4,75.0,35.6,98,80,1.225,68
82,2020-04,10403.6,10522.0,73.4,34.6,81,170,0.476,90
82,2020-05,10557.7,10003.8,72.8,33.5,100,26,3.846,75
82,2020-06,10755.9,10522.4,72.3,33.9,96,64,1.5,79
82,2020-07,10867.8,10837.7,71.8,33.7,84,20,4.2,77
82,2020-08,11068.0,10892.5,70.6,34.0,77,96,0.802,89
82,2020-09,11282.3,10852.5,70.4,32.0,91,75,1.213,70
82,2020-10,11421.9,11625.3,69.8,33.6,81,119,0.681,80
82,2020-11,11582.5,11463.9,69.1,33.6,72,57,1.263,84
82,2020-12,11710.3,11741.5,69.5,33.4,89,20,4.45,93
82,2021-01,11902.4,11740.5,70.0,32.5,82,147,0.558,82
82,2021-02,12011.1,11837.9,67.5,33.6,81,89,0.91,76
82,2021-03,12249.0,12277.8,69.0,32.7,90,129,0.698,76
82,2021-04,12553.4,12022.4,67.4,32.9,64,55,1.164,58
82,2021-05,12736.6,12105.6,66.0,33.4,64,53,1.208,87
82,2021-06,12929.7,12218.0,66.0,34.3,68,90,0.756,86
82,2021-07,13065.6,12632.6,66.6,36.3,88,98,0.898,77
82,2021-08,13236.3,12578.6,68.9,39.1,80,172,0.465,86
82,2021-09,13274.0,12915.9,69.7,40.2,88,102,0.863,94
82,2021-10,13374.3,12782.8,71.2,41.1,72,71,1.014,83
82,2021-11,13546.6,13645.5,71.3,42.6,79,47,1.681,99
82,2021-12,13695.5,13820.0,70.6,41.6,82,106,0.774,94
82,2022-01,13871.5,13295.6,71.7,41.4,99,99,1.0,81
82,2022-02,13971.9,13858.9,71.0,40.9,95,73,1.301,94
82,2022-03,14190.2,13712.9,72.6,39.6,93,145,0.641,75
82,2022-04,14310.1,14154.7,74.8,39.9,101,37,2.73,85
82,2022-05,14441.4,13723.8,75.9,39.7,95,114,0.833,92
82,2022-06,14714.1,14666.4,77.3,38.2,109,130,0.838,82
82,2022-07,14805.1,15034.0,76.0,40.2,101,57,1.772,85
82,2022-08,15093.3,15016.5,79.4,39.3,79,75,1.053,72
82,2022-09,15378.6,15570.2,78.1,36.9,86,36,2.389,70
82,2022-10,15690.5,15896.2,79.7,37.3,102,33,3.091,78
82,2022-11,15788.5,15431.2,76.4,38.0,88,20,4.4,84
82,2022-12,16034.0,16234.0,74.9,38.7,79,88,0.898,65
82,2023-01,16266.8,16206.1,74.4,36.0,88,118,0.746,73
82,2023-02,16376.7,15981.5,72.5,36.1,72,97,0.742,96
82,2023-03,16612.5,16545.6,72.0,36.7,90,38,2.368,85
82,2023-04,16891.7,16366.6,71.6,37.5,95,46,2.065,59
82,2023-05,17230.0,16647.0,70.5,38.2,96,77,1.247,76
82,2023-06,17526.2,16741.6,71.3,39.0,72,20,3.6,72
82,2023-07,17807.4,17245.3,71.8,37.7,90,60,1.5,53
82,2023-08,18063.8,17133.6,73.3,39.2,88,120,0.733,75
82,2023-09,18373.4,17798.9,77.9,41.2,81,132,0.614,91
82,2023-10,18606.5,18146.7,75.7,42.2,105,105,1.0,68
82,2023-11,18782.9,18335.8,78.6,42.6,112,20,5.6,67
82,2023-12,18942.0,19306.4,78.2,44.5,81,88,0.92,83
82,2024-01,19030.9,18187.4,75.5,44.7,111,135,0.822,73
82,2024-02,19299.1,18953.1,76.7,44.8,84,45,1.867,80
82,2024-03,19425.5,19432.2,77.8,44.9,83,121,0.686,81
82,2024-04,19681.2,18896.1,78.5,46.0,103,63,1.635,82
82,2024-05,19924.2,20053.7,80.4,45.3,99,129,0.767,83
82,2024-06,20191.6,19588.8,83.5,45.9,106,38,2.789,83
82,2024-07,20469.8,19992.0,83.5,46.7,112,20,5.6,70
82,2024-08,20612.4,20621.4,83.9,47.3,98,66,1.485,87
82,2024-09,20903.4,20350.7,83.5,47.8,80,48,1.667,78
82,2024-10,21152.1,21142.9,84.5,49.1,109,20,5.45,96
82,2024-11,21237.9,20241.1,85.7,50.8,102,129,0.791,79
82,2024-12,21520.5,20821.3,85.3,51.6,102,86,1.186,73
82,2025-01,21752.4,21060.6,83.3,50.6,122,78,1.564,75
82,2025-02,21977.4,21612.2,83.4,49.8,114,75,1.52,83
82,2025-03,22195.9,22473.4,80.3,50.3,95,63,1.508,79
82,2025-04,22470.2,21503.5,79.9,50.9,94,116,0.81,93
82,2025-05,22496.5,21358.3,77.9,51.4,84,142,0.592,81
82,2025-06,22576.0,22726.7,77.3,51.9,80,22,3.636,82
82,2025-07,22885.7,23268.3,79.2,51.5,96,20,4.8,70
82,2025-08,23098.0,22448.9,79.1,51.8,101,93,1.086,82
82,2025-09,23345.1,22937.4,79.7,52.4,82,111,0.739,72
82,2025-10,23490.8,23503.2,81.8,50.9,101,81,1.247,91
82,2025-11,23912.9,22882.8,84.2,50.6,95,20,4.75,86
82,2025-12,23994.0,22642.4,83.3,51.7,102,30,3.4,62
83,2020-01,10625.3,10026.3,93.5,38.1,122,20,6.1,57
83,2020-02,10790.5,10318.6,93.9,39.7,99,26,3.808,77
83,2020-03,11013.6,10856.9,94.2,40.5,122,23,5.304,61
83,2020-04,11183.2,10929.7,92.5,40.7,140,20,7.0,58
83,2020-05,11379.7,10779.2,94.0,42.8,122,28,4.357,74
83,2020-06,11611.9,11539.4,93.5,43.4,118,20,5.9,60
83,2020-07,11806.5,11217.0,92.5,43.2,124,20,6.2,73
83,2020-08,12074.5,11486.8,92.0,41.9,117,27,4.333,67
83,2020-09,12321.6,12318.1,92.9,42.4,92,28,3.286,46
83,2020-10,12487.3,12596.5,92.6,42.5,96,65,1.477,72
83,2020-11,12649.2,12789.8,92.2,47.1,108,20,5.4,55
83,2020-12,12792.5,12296.0,94.7,47.3,113,20,5.65,73
83,2021-01,13020.6,12939.6,96.4,49.9,104,20,5.2,70
83,2021-02,13202.8,13109.7,97.1,48.7,110,41,2.683,63
83,2021-03,13503.2,12998.8,95.5,50.4,104,20,5.2,73
83,2021-04,13684.1,12918.3,94.8,50.9,124,37,3.351,62
83,2021-05,13818.8,13457.6,94.6,52.2,123,50,2.46,66
83,2021-06,13886.2,13611.9,93.1,50.9,113,20,5.65,66
83,2021-07,13999.7,13844.8,92.4,51.1,99,20,4.95,58
83,2021-08,14137.3,13467.1,90.2,51.7,98,20,4.9,88
83,2021-09,14366.6,13766.1,89.5,50.5,102,20,5.1,52
83,2021-10,14468.9,13993.8,91.7,52.2,94,20,4.7,72
83,2021-11,14699.8,14597.5,93.3,53.1,108,79,1.367,70
83,2021-12,14925.1,14140.3,96.0,54.5,138,20,6.9,68
83,2022-01,15030.2,14195.6,98.5,52.8,118,20,5.9,57
83,2022-02,15251.5,14693.5,99.0,53.3,117,20,5.85,65
83,2022-03,15408.4,15541.7,99.0,52.4,114,20,5.7,76
83,2022-04,15570.4,15306.9,98.4,52.5,112,36,3.111,75
83,2022-05,15822.2,16021.5,96.4,50.9,99,20,4.95,67
83,2022-06,16046.2,15622.9,97.5,51.3,125,20,6.25,58
83,2022-07,16267.7,16463.9,96.8,50.0,104,80,1.3,61
83,2022-08,16522.9,16201.8,95.5,47.8,112,20,5.6,62
83,2022-09,16626.1,16014.3,96.3,48.6,100,20,5.0,61
83,2022-10,16840.7,16899.1,96.9,49.4,127,20,6.35,70
83,2022-11,17158.4,16981.0,97.3,46.7,121,59,2.051,54
83,2022-12,17612.2,17136.0,97.6,46.0,109,20,5.45,57
83,2023-01,17802.0,16896.1,95.8,46.2,107,39,2.744,75
83,2023-02,18169.5,17909.9,97.7,46.2,113,20,5.65,54
83,2023-03,18474.1,18770.4,96.9,44.4,128,24,5.333,63
83,2023-04,18724.6,17731.8,98.7,44.0,91,20,4.55,71
83,2023-05,19160.7,18736.2,97.5,46.0,110,20,5.5,70
83,2023-06,19437.5,18422.9,98.9,47.6,123,36,3.417,60
83,2023-07,19865.6,18773.6,97.7,46.8,119,20,5.95,92
83,2023-08,20184.8,20440.3,97.2,45.2,138,49,2.816,52
83,2023-09,20626.2,20759.7,97.2,43.5,127,36,3.528,47
83,2023-10,20987.1,20122.7,98.2,43.6,118,45,2.622,70
83,2023-11,21470.8,21445.9,99.0,41.6,116,20,5.8,59
83,2023-12,21983.3,21355.7,97.4,42.0,133,20,6.65,61
83,2024-01,22445.5,21923.5,97.1,43.8,92,45,2.044,56
83,2024-02,22904.2,22020.2,96.8,45.6,105,20,5.25,53
83,2024-03,23192.6,23218.9,97.2,45.2,137,20,6.85,61
83,2024-04,23668.0,23658.2,96.3,45.5,112,52,2.154,68
83,2024-05,23897.7,22660.2,95.5,44.4,129,20,6.45,58
83,2024-06,24260.8,22925.2,97.1,44.1,112,20,5.6,56
83,2024-07,24696.6,24248.8,94.2,43.9,117,20,5.85,48
83,2024-08,25163.6,24739.0,94.7,43.4,131,60,2.183,70
83,2024-09,25606.8,24871.6,92.5,44.1,113,20,5.65,69
83,2024-10,26143.2,25571.3,97.4,45.2,112,20,5.6,51
83,2024-11,26686.7,25088.4,96.5,44.2,125,67,1.866,61
83,2024-12,27114.3,27617.8,97.1,44.1,120,33,3.636,50
83,2025-01,27566.0,27251.7,99.0,43.3,121,20,6.05,44
83,2025-02,27856.7,28028.6,99.0,46.7,127,20,6.35,57
83,2025-03,28371.5,27985.3,99.0,47.9,116,32,3.625,71
83,2025-04,28875.7,27801.5,99.0,48.1,135,72,1.875,73
83,2025-05,29431.4,29221.4,99.0,47.0,127,20,6.35,73
83,2025-06,29913.6,29156.2,99.0,45.8,118,20,5.9,57
83,2025-07,30637.7,29019.3,99.0,43.0,115,20,5.75,60
83,2025-08,31216.1,30473.5,98.7,44.0,112,20,5.6,62
83,2025-09,31936.7,32053.4,96.9,43.3,118,20,5.9,78
83,2025-10,32528.6,31133.3,97.1,43.7,111,36,3.083,65
83,2025-11,33206.7,33189.6,96.7,42.5,111,45,2.467,56
83,2025-12,33864.8,32037.4,95.4,41.8,97,41,2.366,52
84,2020-01,8650.2,8518.7,41.1,36.0,51,189,0.27,103
84,2020-02,8668.3,8326.2,39.7,38.0,68,184,0.37,96
84,2020-03,8651.8,8350.2,39.1,37.4,41,215,0.191,110
84,2020-04,8582.1,8203.6,38.4,37.2,54,139,0.388,124
84,2020-05,8577.0,8592.0,40.9,38.7,55,116,0.474,105
84,2020-06,8555.9,8169.3,38.5,40.5,41,117,0.35,104
84,2020-07,8575.7,8090.2,39.8,39.0,35,143,0.245,111
84,2020-08,8593.6,8259.2,39.4,39.3,60,154,0.39,118
84,2020-09,8520.2,8269.4,39.2,40.1,50,206,0.243,101
84,2020-10,8514.3,8433.3,40.5,40.8,64,188,0.34,104
84,2020-11,8521.3,8369.3,41.3,39.5,55,126,0.437,106
84,2020-12,8534.5,8178.7,41.8,39.5,54,170,0.318,129
84,2021-01,8598.4,8633.4,41.1,40.2,68,234,0.291,110
84,2021-02,8620.1,8465.0,43.0,39.1,38,191,0.199,120
84,2021-03,8653.1,8664.7,45.1,37.6,51,226,0.226,101
84,2021-04,8627.6,8520.5,43.1,36.5,61,204,0.299,107
84,2021-05,8652.3,8336.4,42.5,36.7,31,221,0.14,112
84,2021-06,8663.5,8200.9,40.4,34.8,47,189,0.249,110
84,2021-07,8655.0,8371.2,41.3,34.4,46,87,0.529,118
84,2021-08,8691.5,8332.1,43.8,32.3,49,161,0.304,82
84,2021-09,8656.0,8436.7,42.7,32.2,61,216,0.282,109
84,2021-10,8693.1,8531.0,44.0,31.2,48,115,0.417,101
84,2021-11,8751.6,8389.2,45.1,31.1,58,119,0.487,114
84,2021-12,8757.9,8663.6,48.2,31.6,52,128,0.406,91
84,2022-01,8833.1,8503.6,49.7,32.3,39,239,0.163,85
84,2022-02,8867.8,8781.2,49.1,33.5,43,117,0.368,84
84,2022-03,8977.7,8538.4,48.6,31.3,56,153,0.366,109
84,2022-04,9079.3,9126.7,49.0,31.4,53,185,0.286,82
84,2022-05,9165.4,9032.7,50.5,31.6,72,95,0.758,89
84,2022-06,9231.1,8754.9,49.3,32.7,64,106,0.604,81
84,2022-07,9363.7,9396.3,48.2,32.0,62,178,0.348,81
84,2022-08,9403.1,8856.9,47.8,31.8,51,175,0.291,112
84,2022-09,9516.9,9432.4,48.2,30.7,53,214,0.248,97
84,2022-10,9546.9,9357.1,47.9,30.8,53,193,0.275,90
84,2022-11,9599.2,9148.7,48.9,32.1,70,107,0.654,112
84,2022-12,9664.1,9551.9,48.7,31.2,39,194,0.201,89
84,2023-01,9751.2,9918.5,50.3,33.3,64,158,0.405,112
84,2023-02,9831.3,9283.8,51.6,33.6,66,98,0.673,107
84,2023-03,9793.9,9867.4,49.4,36.9,68,151,0.45,85
84,2023-04,9829.9,9372.9,49.1,36.3,62,162,0.383,94
84,2023-05,9898.6,9443.1,51.1,36.2,63,164,0.384,99
84,2023-06,9967.5,9445.5,52.2,34.8,56,95,0.589,91
84,2023-07,10008.0,9699.8,51.2,34.0,48,165,0.291,102
84,2023-08,10148.2,10295.0,52.3,35.5,64,62,1.032,99
84,2023-09,10195.5,9665.5,51.6,35.9,67,145,0.462,115
84,2023-10,10236.4,9904.6,53.9,34.7,59,102,0.578,96
84,2023-11,10289.0,10251.0,51.8,32.0,60,142,0.423,108
84,2023-12,10429.1,10025.6,53.5,33.0,48,124,0.387,95
84,2024-01,10548.5,10054.0,53.6,30.6,61,46,1.326,101
84,2024-02,10712.4,10693.9,54.8,31.6,70,207,0.338,84
84,2024-03,10881.9,10968.1,52.9,32.1,70,142,0.493,99
84,2024-04,10912.7,10859.4,55.3,33.0,64,150,0.427,96
84,2024-05,11015.4,10452.1,54.1,32.3,59,142,0.415,87
84,2024-06,11153.5,11114.3,53.8,32.4,61,197,0.31,108
84,2024-07,11269.3,10651.3,53.6,34.4,49,89,0.551,107
84,2024-08,11375.1,11251.5,55.3,34.4,64,55,1.164,84
84,2024-09,11488.3,11360.3,54.8,35.0,71,144,0.493,84
84,2024-10,11578.6,11315.1,54.7,34.4,54,60,0.9,91
84,2024-11,11703.5,11760.5,53.6,33.3,54,111,0.486,73
84,2024-12,11838.7,11744.0,54.3,32.8,86,180,0.478,94
84,2025-01,12003.1,12102.2,58.4,31.4,80,122,0.656,91
84,2025-02,12194.2,12194.2,56.9,30.0,89,146,0.61,90
84,2025-03,12475.7,12458.2,56.7,27.6,62,132,0.47,77
84,2025-04,12705.8,12155.3,56.7,28.1,60,127,0.472,97
84,2025-05,12966.0,12303.2,56.8,27.3,70,144,0.486,83
84,2025-06,13188.5,13221.7,57.1,27.9,59,141,0.418,91
84,2025-07,13344.4,12966.7,57.3,25.9,62,100,0.62,90
84,2025-08,13550.6,13641.0,58.9,24.5,84,77,1.091,98
84,2025-09,13934.4,13428.9,59.2,23.4,71,32,2.219,84
84,2025-10,14208.5,13762.0,60.2,23.5,42,139,0.302,68
84,2025-11,14560.5,13841.5,60.5,22.8,76,62,1.226,80
84,2025-12,14873.7,14822.6,62.1,23.6,67,187,0.358,61
85,2020-01,11844.1,11438.2,92.6,44.2,107,51,2.098,75
85,2020-02,12031.4,11703.4,92.6,45.4,102,20,5.1,60
85,2020-03,12227.9,12282.7,91.6,46.5,111,44,2.523,63
85,2020-04,12320.7,12529.5,94.2,47.1,124,48,2.583,76
85,2020-05,12568.8,12609.4,95.9,47.9,99,20,4.95,68
85,2020-06,12787.6,12794.9,96.8,47.4,114,55,2.073,77
85,2020-07,13001.5,13225.9,94.6,47.7,112,20,5.6,69
85,2020-08,13218.5,12727.8,96.1,47.8,101,48,2.104,76
85,2020-09,13447.8,12670.6,97.2,47.5,121,20,6.05,80
85,2020-10,13725.8,13423.4,95.3,47.2,121,34,3.559,85
85,2020-11,13944.5,13372.5,95.0,48.3,125,29,4.31,67
85,2020-12,14168.3,13818.1,93.1,48.6,93,25,3.72,75
85,2021-01,14458.3,13868.4,94.8,49.7,116,20,5.8,68
85,2021-02,14585.6,14037.7,95.0,50.4,131,20,6.55,45
85,2021-03,14817.1,14248.8,95.3,49.7,101,28,3.607,75
85,2021-04,14927.6,14218.7,94.0,50.0,99,20,4.95,66
85,2021-05,15159.1,15306.4,93.7,50.5,107,20,5.35,66
85,2021-06,15244.6,15296.4,95.6,50.2,109,20,5.45,76
85,2021-07,15434.5,15036.0,98.3,49.1,116,36,3.222,38
85,2021-08,15719.4,15076.4,99.0,47.9,117,35,3.343,68
85,2021-09,16010.3,15077.9,99.0,47.6,118,20,5.9,58
85,2021-10,16298.7,15882.3,95.8,47.0,115,20,5.75,74
85,2021-11,16556.5,16726.7,97.8,48.9,127,22,5.773,57
85,2021-12,16732.1,16294.9,99.0,48.3,124,20,6.2,65
85,2022-01,17173.1,16792.4,96.0,46.3,133,20,6.65,61
85,2022-02,17507.0,17370.7,97.8,46.9,119,20,5.95,67
85,2022-03,17885.6,17158.3,98.0,48.5,108,24,4.5,62
85,2022-04,18276.1,18418.4,98.6,48.6,134,20,6.7,61
85,2022-05,18598.9,18184.6,97.6,50.2,113,66,1.712,77
85,2022-06,18859.4,19198.2,96.2,48.9,109,20,5.45,55
85,2022-07,19184.7,18397.0,94.7,47.3,98,45,2.178,57
85,2022-08,19425.7,18617.9,93.5,48.1,108,20,5.4,59
85,2022-09,19650.0,19265.8,92.1,47.6,110,62,1.774,72
85,2022-10,19898.1,19692.4,93.2,48.7,91,34,2.676,70
85,2022-11,20182.1,19700.6,92.9,50.0,126,25,5.04,67
85,2022-12,20412.7,20007.7,93.5,52.1,122,20,6.1,63
85,2023-01,20604.4,19425.7,94.0,52.3,107,67,1.597,83
85,2023-02,20868.6,20596.1,93.5,53.7,116,33,3.515,60
85,2023-03,21034.9,20861.8,94.3,55.0,104,31,3.355,73
85,2023-04,21148.7,20024.7,96.4,55.7,116,20,5.8,88
85,2023-05,21300.0,21075.2,96.5,55.8,117,20,5.85,66
85,2023-06,21518.0,21422.4,97.9,54.6,112,20,5.6,86
85,2023-07,21802.1,21288.9,96.9,53.2,111,43,2.581,60
85,2023-08,22265.1,22689.1,95.8,53.6,120,20,6.0,72
85,2023-09,22544.1,22757.0,96.3,55.1,115,24,4.792,74
85,2023-10,22744.4,22330.7,93.5,53.6,121,20,6.05,69
85,2023-11,22985.6,22393.4,91.6,52.3,107,20,5.35,65
85,2023-12,23145.1,23007.0,91.2,54.3,125,20,6.25,83
85,2024-01,23449.3,23398.9,91.3,53.5,119,86,1.384,69
85,2024-02,23744.8,23152.3,88.5,51.6,103,22,4.682,88
85,2024-03,23908.6,22725.5,85.5,51.8,112,20,5.6,82
85,2024-04,24139.0,22981.9,85.9,52.7,83,35,2.371,65
85,2024-05,24478.2,23857.8,87.4,52.8,109,20,5.45,75
85,2024-06,24705.8,24546.7,89.0,54.2,122,51,2.392,66
85,2024-07,24931.2,24301.6,89.5,53.7,111,20,5.55,68
85,2024-08,24952.6,24855.0,91.3,53.0,108,25,4.32,69
85,2024-09,25330.2,23879.0,93.0,53.6,124,20,6.2,77
85,2024-10,25573.9,25769.1,93.4,55.4,125,38,3.289,66
85,2024-11,25829.6,25278.2,93.7,57.6,120,20,6.0,79
85,2024-12,25949.6,24685.5,92.5,56.9,121,24,5.042,66
85,2025-01,26197.9,25239.6,92.9,55.6,94,20,4.7,79
85,2025-02,26367.7,26315.1,95.4,55.2,114,20,5.7,74
85,2025-03,26691.7,26282.0,96.5,54.8,122,29,4.207,76
85,2025-04,27075.1,26527.5,94.6,55.0,124,20,6.2,63
85,2025-05,27456.4,25844.9,95.7,56.6,110,109,1.009,61
85,2025-06,27667.1,27700.0,99.0,57.5,133,33,4.03,62
85,2025-07,28009.1,28389.1,99.0,57.5,112,20,5.6,67
85,2025-08,28346.6,27260.5,99.0,56.6,140,20,7.0,89
85,2025-09,28736.2,28924.7,99.0,55.4,123,20,6.15,58
85,2025-10,29294.6,28289.3,99.0,55.6,120,20,6.0,63
85,2025-11,29811.6,29991.4,98.3,55.2,114,44,2.591,73
85,2025-12,30233.1,29180.4,98.3,54.3,133,20,6.65,58
86,2020-01,8992.2,8880.9,45.7,56.6,59,177,0.333,114
86,2020-02,9050.7,9133.7,46.2,58.1,54,165,0.327,106
86,2020-03,9008.9,9144.2,48.2,62.2,57,210,0.271,106
86,2020-04,9027.6,8703.2,48.1,63.1,66,193,0.342,129
86,2020-05,9011.8,8610.5,49.0,62.5,54,95,0.568,93
86,2020-06,9000.7,8988.8,49.1,64.2,75,128,0.586,105
86,2020-07,8985.8,9034.0,48.6,63.8,64,208,0.308,126
86,2020-08,8909.5,8570.2,50.9,62.6,59,138,0.428,119
86,2020-09,8880.8,8490.0,49.9,63.1,46,190,0.242,98
86,2020-10,8846.5,8505.9,51.2,61.8,71,135,0.526,96
86,2020-11,8724.0,8658.8,51.3,62.3,70,162,0.432,116
86,2020-12,8687.7,8663.5,50.5,60.9,52,177,0.294,82
86,2021-01,8688.5,8828.4,50.4,59.2,68,193,0.352,103
86,2021-02,8686.1,8169.2,50.8,59.5,69,147,0.469,89
86,2021-03,8617.0,8323.6,51.8,60.0,56,111,0.505,108
86,2021-04,8606.2,8632.3,52.2,59.3,61,187,0.326,100
86,2021-05,8602.5,8256.4,54.2,58.4,47,203,0.232,122
86,2021-06,8599.9,8319.9,52.4,59.5,64,193,0.332,99
86,2021-07,8575.5,8353.0,53.1,59.7,53,187,0.283,112
86,2021-08,8604.5,8522.6,54.8,61.3,58,152,0.382,110
86,2021-09,8608.4,8539.3,55.4,61.2,77,139,0.554,107
86,2021-10,8619.2,8224.5,55.3,62.1,71,137,0.518,120
86,2021-11,8547.9,8426.3,55.9,60.5,58,120,0.483,111
86,2021-12,8514.0,8634.5,56.1,58.4,66,94,0.702,102
86,2022-01,8541.1,8398.2,56.7,59.7,54,152,0.355,106
86,2022-02,8530.0,8158.0,56.8,58.7,74,93,0.796,123
86,2022-03,8524.6,8454.8,59.0,57.8,82,125,0.656,109
86,2022-04,8441.5,8175.1,57.6,56.1,60,129,0.465,94
86,2022-05,8484.8,8106.5,57.0,56.3,80,109,0.734,86
86,2022-06,8504.4,8197.2,57.7,56.6,64,68,0.941,98
86,2022-07,8526.4,8212.3,59.6,56.8,74,61,1.213,101
86,2022-08,8523.4,8179.3,61.4,56.7,91,103,0.883,111
86,2022-09,8621.3,8237.5,61.0,56.5,84,170,0.494,111
86,2022-10,8628.7,8682.1,63.3,54.9,77,147,0.524,89
86,2022-11,8628.4,8631.1,64.9,53.8,69,76,0.908,98
86,2022-12,8696.2,8767.5,64.5,54.8,103,93,1.108,95
86,2023-01,8682.9,8701.5,64.0,55.7,68,151,0.45,102
86,2023-02,8761.1,8255.4,61.3,52.0,84,88,0.955,81
86,2023-03,8775.5,8604.6,58.4,53.4,72,121,0.595,81
86,2023-04,8754.2,8910.5,61.8,54.8,82,166,0.494,107
86,2023-05,8704.4,8373.5,64.7,56.2,67,120,0.558,94
86,2023-06,8718.0,8448.4,64.5,55.5,84,99,0.848,104
86,2023-07,8772.0,8524.1,66.1,53.6,64,43,1.488,95
86,2023-08,8772.2,8728.7,68.6,52.0,68,64,1.062,96
86,2023-09,8825.5,8866.2,70.0,50.2,95,82,1.159,91
86,2023-10,8870.0,8827.7,72.6,51.9,69,99,0.697,103
86,2023-11,8935.3,8686.3,73.9,52.5,93,45,2.067,83
86,2023-12,8946.3,8864.6,75.4,52.9,84,98,0.857,88
86,2024-01,9051.9,9184.0,73.8,53.2,77,67,1.149,102
86,2024-02,9120.3,8728.9,73.5,54.4,77,110,0.7,93
86,2024-03,9168.3,8749.8,74.6,55.3,96,88,1.091,95
86,2024-04,9254.4,8988.5,73.9,56.1,94,107,0.879,97
86,2024-05,9278.5,8772.4,74.0,58.0,83,120,0.692,75
86,2024-06,9310.8,9278.6,74.5,58.6,76,137,0.555,80
86,2024-07,9394.7,8901.7,76.0,58.6,72,44,1.636,80
86,2024-08,9420.3,8953.5,78.2,59.1,81,98,0.827,90
86,2024-09,9414.2,9300.0,76.7,60.8,89,20,4.45,78
86,2024-10,9434.6,9067.3,79.3,60.8,99,54,1.833,66
86,2024-11,9448.1,9125.1,80.1,61.1,95,87,1.092,75
86,2024-12,9472.5,9232.5,77.6,62.2,103,83,1.241,78
86,2025-01,9504.8,9353.0,78.0,64.5,90,75,1.2,89
86,2025-02,9507.8,9251.7,81.6,63.1,107,58,1.845,79
86,2025-03,9564.0,9427.6,82.4,65.0,109,71,1.535,88
86,2025-04,9569.6,9133.0,81.9,64.2,104,20,5.2,104
86,2025-05,9596.9,9195.6,81.8,65.0,96,43,2.233,93
86,2025-06,9580.5,9770.0,79.9,65.6,94,76,1.237,85
86,2025-07,9611.0,9433.0,78.3,66.6,103,125,0.824,88
86,2025-08,9654.5,9408.5,77.0,67.2,68,22,3.091,78
86,2025-09,9657.7,9389.2,76.8,67.6,96,85,1.129,77
86,2025-10,9704.9,9343.3,77.8,67.0,96,85,1.129,78
86,2025-11,9693.2,9187.5,76.6,67.8,99,120,0.825,85
86,2025-12,9738.8,9246.1,77.4,69.5,89,46,1.935,79
87,2020-01,9666.0,9183.9,68.8,44.7,71,71,1.0,78
87,2020-02,9689.2,9141.5,65.9,44.1,69,88,0.784,109
87,2020-03,9754.3,9356.7,66.0,42.9,83,84,0.988,94
87,2020-04,9825.8,9970.2,67.3,43.3,77,135,0.57,104
87,2020-05,9884.5,9311.4,68.5,43.5,80,108,0.741,92
87,2020-06,9888.3,9823.2,67.3,43.2,78,90,0.867,92
87,2020-07,9980.3,10159.2,66.3,44.9,90,28,3.214,85
87,2020-08,10071.6,9847.1,65.0,43.5,76,135,0.563,78
87,2020-09,10123.7,10252.2,62.6,42.2,76,65,1.169,95
87,2020-10,10182.7,9762.7,62.6,41.1,72,120,0.6,87
87,2020-11,10305.5,9908.0,64.2,41.5,66,80,0.825,100
87,2020-12,10364.5,10569.7,62.6,43.9,79,136,0.581,104
87,2021-01,10452.5,10653.0,61.0,44.2,75,60,1.25,100
87,2021-02,10469.7,10089.6,62.3,44.8,62,149,0.416,87
87,2021-03,10557.4,10707.4,61.2,44.0,66,134,0.493,81
87,2021-04,10572.4,10288.1,60.9,42.4,58,112,0.518,72
87,2021-05,10620.2,10133.4,61.6,44.0,57,157,0.363,86
87,2021-06,10658.8,10215.9,63.0,44.3,69,46,1.5,90
87,2021-07,10761.8,10603.0,64.5,45.5,68,80,0.85,98
87,2021-08,10772.6,10727.6,64.9,44.7,78,167,0.467,97
87,2021-09,10943.3,10762.5,63.8,44.3,75,87,0.862,98
87,2021-10,11060.3,10446.1,64.1,46.3,75,136,0.551,93
87,2021-11,11126.7,11334.3,65.8,45.4,73,54,1.352,91
87,2021-12,11144.3,10826.1,66.9,46.7,58,137,0.423,89
87,2022-01,11179.9,11217.1,68.6,47.6,68,118,0.576,81
87,2022-02,11269.3,10889.8,71.5,47.1,98,114,0.86,76
87,2022-03,11391.4,11316.4,70.3,45.8,78,102,0.765,103
87,2022-04,11509.0,11029.6,70.7,47.5,85,46,1.848,84
87,2022-05,11626.7,11079.7,72.9,47.7,69,87,0.793,81
87,2022-06,11725.1,11729.2,71.2,46.8,82,77,1.065,83
87,2022-07,11797.7,11212.3,72.4,47.2,103,78,1.321,72
87,2022-08,11823.1,11924.9,72.6,47.0,53,20,2.65,75
87,2022-09,11966.5,11788.7,73.3,47.4,83,100,0.83,73
87,2022-10,12037.9,11822.7,73.5,48.0,72,54,1.333,88
87,2022-11,12168.4,11475.9,71.8,47.9,80,187,0.428,97
87,2022-12,12307.6,11806.1,71.8,46.9,90,140,0.643,99
87,2023-01,12398.5,12085.7,71.3,45.7,85,32,2.656,79
87,2023-02,12542.8,11939.8,70.9,43.6,79,55,1.436,80
87,2023-03,12615.2,12728.3,68.2,43.4,94,107,0.879,106
87,2023-04,12759.5,12178.7,68.4,42.2,83,147,0.565,92
87,2023-05,12932.7,12453.5,70.4,43.2,79,101,0.782,87
87,2023-06,13058.8,13217.7,71.9,43.3,99,133,0.744,95
87,2023-07,13192.5,12627.9,72.0,44.9,92,126,0.73,69
87,2023-08,13284.2,13072.5,69.8,44.8,73,158,0.462,97
87,2023-09,13397.4,12986.7,70.5,44.3,99,28,3.536,81
87,2023-10,13483.9,13456.3,71.6,45.9,80,96,0.833,91
87,2023-11,13649.6,13475.0,71.2,46.4,90,115,0.783,84
87,2023-12,13796.2,13731.8,73.6,45.4,85,102,0.833,82
87,2024-01,14039.8,14262.0,71.0,45.8,92,94,0.979,84
87,2024-02,14141.1,14333.4,69.4,46.7,83,164,0.506,87
87,2024-03,14262.3,13697.2,69.3,45.3,77,152,0.507,87
87,2024-04,14362.6,14626.2,70.6,45.2,80,68,1.176,78
87,2024-05,14390.2,13759.7,71.4,46.6,79,87,0.908,80
87,2024-06,14514.7,14452.4,72.4,46.1,76,112,0.679,72
87,2024-07,14648.8,14842.2,72.8,44.5,79,115,0.687,84
87,2024-08,14761.5,14718.9,72.2,43.9,94,32,2.938,77
87,2024-09,14873.3,14407.9,70.4,46.4,81,89,0.91,100
87,2024-10,14987.6,14645.2,69.5,44.9,107,131,0.817,83
87,2024-11,15121.0,14733.5,68.5,44.8,85,20,4.25,86
87,2024-12,15388.9,15507.4,72.1,46.2,79,20,3.95,80
87,2025-01,15539.1,15769.0,69.4,43.5,80,118,0.678,82
87,2025-02,15628.8,14926.7,74.2,45.1,96,137,0.701,93
87,2025-03,15668.4,14839.7,74.0,42.9,91,127,0.717,67
87,2025-04,15846.6,15661.5,71.7,41.2,95,111,0.856,62
87,2025-05,16012.6,15639.8,71.6,41.2,75,116,0.647,89
87,2025-06,16154.6,15676.0,73.8,41.4,103,134,0.769,82
87,2025-07,16355.0,15394.6,73.9,42.8,99,20,4.95,89
87,2025-08,16514.1,16769.4,75.7,44.4,104,67,1.552,77
87,2025-09,16798.3,16663.1,76.9,43.9,98,54,1.815,84
87,2025-10,17041.0,16031.6,77.7,43.8,87,96,0.906,77
87,2025-11,17200.6,16851.3,77.0,43.7,95,27,3.519,90
87,2025-12,17396.5,17696.5,79.5,44.3,100,75,1.333,79
88,2020-01,10223.7,9753.3,93.0,45.6,122,48,2.542,64
88,2020-02,10371.7,9799.1,94.2,48.2,109,23,4.739,39
88,2020-03,10509.2,10552.6,92.9,48.8,109,20,5.45,52
88,2020-04,10664.4,10205.6,88.6,49.6,126,68,1.853,76
88,2020-05,10789.4,10581.4,87.8,50.2,102,36,2.833,70
88,2020-06,10876.0,10736.2,88.2,50.0,111,44,2.523,77
88,2020-07,11022.9,11034.1,87.7,50.3,116,20,5.8,56
88,2020-08,11101.3,10768.0,88.0,52.2,115,20,5.75,61
88,2020-09,11212.1,11000.6,86.9,52.3,100,83,1.205,83
88,2020-10,11289.4,11183.4,88.0,52.7,104,34,3.059,67
88,2020-11,11446.1,10782.8,89.3,49.6,99,21,4.714,77
88,2020-12,11564.0,11333.8,88.0,52.4,106,20,5.3,66
88,2021-01,11610.9,11037.4,88.3,51.6,101,34,2.971,84
88,2021-02,11695.6,11351.0,90.7,53.3,133,27,4.926,88
88,2021-03,11832.9,11642.8,87.4,53.4,105,82,1.28,68
88,2021-04,11955.5,11754.8,89.3,54.3,104,59,1.763,72
88,2021-05,12066.8,12142.7,87.9,54.8,97,20,4.85,75
88,2021-06,12277.0,12339.5,88.1,54.5,100,20,5.0,73
88,2021-07,12373.0,11801.8,87.6,54.7,107,31,3.452,74
88,2021-08,12438.3,12437.9,85.7,54.2,100,20,5.0,73
88,2021-09,12511.6,12322.9,82.6,53.9,96,20,4.8,94
88,2021-10,12690.7,11952.7,82.9,54.5,95,109,0.872,60
88,2021-11,12777.8,12303.0,85.9,55.5,84,75,1.12,65
88,2021-12,12925.7,12518.6,87.1,54.2,113,58,1.948,77
88,2022-01,13004.1,12747.5,87.4,54.3,95,77,1.234,70
88,2022-02,13108.0,13099.8,89.7,55.5,107,20,5.35,76
88,2022-03,13232.1,13423.8,92.7,57.4,108,20,5.4,64
88,2022-04,13425.2,12904.7,92.6,56.0,116,20,5.8,70
88,2022-05,13458.7,13137.3,93.0,57.7,118,20,5.9,73
88,2022-06,13588.0,13259.9,93.3,58.2,107,36,2.972,67
88,2022-07,13809.1,13163.3,94.3,57.1,118,23,5.13,88
88,2022-08,13961.4,13201.4,94.4,57.2,100,20,5.0,53
88,2022-09,14111.5,14024.0,96.3,56.4,107,20,5.35,65
88,2022-10,14339.1,14070.4,97.8,54.8,128,20,6.4,66
88,2022-11,14516.3,13813.6,98.8,56.1,115,20,5.75,75
88,2022-12,14664.4,14437.0,97.7,57.0,117,20,5.85,83
88,2023-01,14810.4,14503.6,97.0,57.7,125,20,6.25,62
88,2023-02,15014.6,15206.0,95.7,57.5,114,20,5.7,89
88,2023-03,15205.9,14838.3,96.6,58.3,108,20,5.4,69
88,2023-04,15344.3,15580.1,95.5,59.6,106,20,5.3,80
88,2023-05,15386.7,15201.3,94.7,57.8,113,20,5.65,74
88,2023-06,15490.0,14987.7,94.3,57.5,107,20,5.35,74
88,2023-07,15714.5,15992.0,92.0,59.3,105,22,4.773,80
88,2023-08,15875.4,15066.4,91.4,59.8,110,53,2.075,82
88,2023-09,15932.3,15142.2,90.1,60.3,114,20,5.7,87
88,2023-10,16036.3,15328.2,89.4,60.9,98,29,3.379,77
88,2023-11,16241.0,16383.6,89.1,62.2,112,20,5.6,80
88,2023-12,16298.7,16300.3,89.7,60.2,117,25,4.68,62
88,2024-01,16278.6,15877.9,89.9,62.8,98,20,4.9,76
88,2024-02,16289.9,15988.3,90.1,63.3,146,20,7.3,78
88,2024-03,16488.3,16263.5,89.8,60.4,118,39,3.026,68
88,2024-04,16608.5,16014.7,91.7,60.7,111,85,1.306,77
88,2024-05,16725.4,16488.9,91.5,61.4,115,30,3.833,72
88,2024-06,16910.4,15934.5,90.9,62.4,113,89,1.27,100
88,2024-07,17133.9,16678.2,93.2,61.5,114,26,4.385,70
88,2024-08,17346.7,17450.6,92.2,60.5,132,50,2.64,65
88,2024-09,17531.6,17741.4,91.8,61.4,101,43,2.349,84
88,2024-10,17635.8,17019.3,94.1,62.8,110,20,5.5,80
88,2024-11,17886.7,17432.4,95.9,61.3,108,20,5.4,86
88,2024-12,18010.0,18266.3,97.5,60.5,112,20,5.6,85
88,2025-01,18115.1,17342.4,97.3,61.5,108,20,5.4,62
88,2025-02,18220.6,17538.8,97.2,63.4,105,27,3.889,72
88,2025-03,18341.1,18021.2,97.2,64.6,119,20,5.95,77
88,2025-04,18489.1,18721.0,98.8,65.6,120,43,2.791,78
88,2025-05,18616.1,17951.3,97.9,64.8,122,20,6.1,83
88,2025-06,18589.8,18164.5,95.9,64.7,112,38,2.947,85
88,2025-07,18661.7,17905.1,96.0,65.1,122,40,3.05,60
88,2025-08,18696.7,18175.4,96.8,64.8,114,20,5.7,83
88,2025-09,18970.2,18336.5,96.6,61.6,122,20,6.1,69
88,2025-10,19068.2,18070.9,97.9,63.2,121,20,6.05,79
88,2025-11,19285.1,18604.2,98.8,63.2,119,20,5.95,59
88,2025-12,19307.4,18542.9,99.0,62.3,115,53,2.17,69
89,2020-01,10477.0,10197.1,86.8,43.1,106,93,1.14,78
89,2020-02,10601.9,10225.3,88.7,42.7,110,53,2.075,70
89,2020-03,10773.8,10764.3,86.1,42.6,124,90,1.378,75
89,2020-04,10936.8,10970.2,86.5,41.8,103,20,5.15,71
89,2020-05,11091.5,10803.8,84.8,41.5,97,20,4.85,82
89,2020-06,11192.0,11129.4,85.6,40.6,98,72,1.361,55
89,2020-07,11330.4,11407.7,84.1,40.9,100,111,0.901,89
89,2020-08,11509.1,11128.9,85.8,40.5,107,72,1.486,68
89,2020-09,11698.1,11311.9,85.6,40.9,92,21,4.381,80
89,2020-10,11923.5,11815.6,84.3,40.9,112,48,2.333,87
89,2020-11,12136.3,11449.0,87.5,41.6,112,125,0.896,70
89,2020-12,12256.3,11714.7,87.2,43.7,103,72,1.431,72
89,2021-01,12464.9,11850.4,89.5,44.0,115,40,2.875,64
89,2021-02,12657.7,12774.1,90.4,42.5,97,20,4.85,66
89,2021-03,12873.3,12478.4,91.5,42.0,117,77,1.519,72
89,2021-04,13020.3,13024.2,92.3,41.2,112,35,3.2,51
89,2021-05,13204.9,13163.8,94.2,41.6,116,20,5.8,78
89,2021-06,13490.4,12753.8,93.7,40.9,118,20,5.9,53
89,2021-07,13763.7,13209.2,94.0,41.9,113,30,3.767,81
89,2021-08,14056.3,14124.3,94.9,41.3,117,20,5.85,51
89,2021-09,14312.7,14202.1,92.7,42.4,118,20,5.9,66
89,2021-10,14620.2,13960.7,94.2,44.9,100,46,2.174,58
89,2021-11,14906.9,14607.2,92.8,44.4,100,30,3.333,83
89,2021-12,15193.1,14393.2,97.1,43.4,121,20,6.05,57
89,2022-01,15465.9,15663.5,97.9,44.7,114,34,3.353,60
89,2022-02,15649.8,15484.8,96.7,43.7,107,20,5.35,51
89,2022-03,15824.9,15783.0,96.3,44.8,123,21,5.857,77
89,2022-04,16017.0,15517.3,97.0,45.7,124,20,6.2,56
89,2022-05,16271.9,16127.7,95.9,44.8,107,44,2.432,65
89,2022-06,16581.2,16083.1,95.1,44.1,108,32,3.375,63
89,2022-07,16853.5,16067.3,95.1,43.5,112,55,2.036,85
89,2022-08,17090.9,17000.6,94.4,45.3,94,20,4.7,77
89,2022-09,17293.9,16344.1,95.2,45.8,114,35,3.257,78
89,2022-10,17650.2,17234.7,93.1,44.8,113,20,5.65,58
89,2022-11,18049.3,18371.2,91.8,42.4,114,80,1.425,89
89,2022-12,18323.0,18525.4,90.4,42.1,126,70,1.8,70
89,2023-01,18670.8,19005.1,89.4,41.9,106,30,3.533,68
89,2023-02,18879.7,18781.3,91.4,41.9,104,50,2.08,78
89,2023-03,19339.8,18945.2,91.3,43.0,87,121,0.719,65
89,2023-04,19670.0,19375.0,90.3,42.9,93,22,4.227,78
89,2023-05,19952.0,20309.1,93.5,45.2,125,41,3.049,62
89,2023-06,20202.0,19579.0,94.3,46.0,116,75,1.547,67
89,2023-07,20589.1,20161.6,95.5,45.3,130,119,1.092,66
89,2023-08,20960.6,21342.9,94.9,46.5,115,20,5.75,84
89,2023-09,21188.2,20157.4,96.5,47.9,129,22,5.864,52
89,2023-10,21500.8,21278.3,96.3,47.5,106,20,5.3,77
89,2023-11,21922.5,20865.4,96.9,47.1,112,20,5.6,38
89,2023-12,22389.5,22610.1,97.7,47.0,117,44,2.659,66
89,2024-01,22792.0,23153.5,99.0,44.5,89,46,1.935,50
89,2024-02,23223.9,23664.0,99.0,45.4,111,40,2.775,64
89,2024-03,23682.5,22378.9,97.7,44.3,120,34,3.529,66
89,2024-04,24106.3,22901.4,98.6,42.5,104,20,5.2,69
89,2024-05,24502.7,24487.1,98.5,43.2,115,20,5.75,35
89,2024-06,24965.1,24935.5,98.2,42.9,131,20,6.55,56
89,2024-07,25243.1,24828.8,97.7,42.3,129,24,5.375,60
89,2024-08,25690.0,25847.9,97.0,43.2,104,20,5.2,54
89,2024-09,26225.1,25239.6,99.0,43.6,117,68,1.721,58
89,2024-10,26603.9,25218.1,99.0,44.0,102,20,5.1,70
89,2024-11,27145.9,27376.4,97.3,44.2,107,20,5.35,62
89,2024-12,27776.3,26162.8,96.9,44.5,122,20,6.1,67
89,2025-01,28166.9,27491.0,97.4,45.2,121,20,6.05,38
89,2025-02,28659.9,28075.1,99.0,45.5,112,20,5.6,77
89,2025-03,29208.0,27924.9,99.0,46.2,124,20,6.2,60
89,2025-04,29829.2,29705.0,96.9,44.1,125,45,2.778,60
89,2025-05,30350.2,29247.8,96.6,44.6,106,20,5.3,71
89,2025-06,31070.7,31022.6,98.0,44.2,113,20,5.65,76
89,2025-07,31415.1,30206.8,97.3,47.7,126,90,1.4,64
89,2025-08,31726.1,30146.2,97.9,47.1,129,20,6.45,47
89,2025-09,32441.7,31243.2,98.1,49.3,129,20,6.45,68
89,2025-10,32771.1,32099.8,98.3,49.5,105,46,2.283,88
89,2025-11,33139.9,33195.8,99.0,49.6,119,20,5.95,59
89,2025-12,33455.7,34036.6,99.0,50.8,125,20,6.25,41
90,2020-01,8933.7,8779.2,63.4,35.8,80,79,1.013,89
90,2020-02,8977.6,8857.4,62.3,35.9,61,96,0.635,84
90,2020-03,9094.1,8847.5,62.2,37.2,77,107,0.72,88
90,2020-04,9144.7,8652.3,64.0,36.0,84,114,0.737,67
90,2020-05,9223.7,9225.9,64.1,37.1,70,86,0.814,95
90,2020-06,9346.4,9231.8,65.0,37.7,60,133,0.451,81
90,2020-07,9417.6,8878.7,65.0,38.0,63,119,0.529,88
90,2020-08,9456.5,9461.7,65.6,39.6,90,223,0.404,89
90,2020-09,9524.1,9075.7,67.8,38.2,77,133,0.579,83
90,2020-10,9652.6,9792.5,65.6,39.5,88,156,0.564,97
90,2020-11,9707.4,9883.9,64.8,40.8,64,58,1.103,80
90,2020-12,9834.8,9623.1,66.0,40.9,75,131,0.573,94
90,2021-01,9862.9,10017.1,65.1,42.9,69,153,0.451,76
90,2021-02,9941.2,9999.9,63.3,43.5,75,74,1.014,90
90,2021-03,9976.3,9653.4,65.2,44.1,82,48,1.708,86
90,2021-04,10017.8,9588.2,66.8,43.0,84,106,0.792,81
90,2021-05,10103.3,10164.9,68.0,43.2,79,70,1.129,84
90,2021-06,10214.0,9937.4,67.8,43.1,75,38,1.974,99
90,2021-07,10245.2,10114.5,67.9,42.7,89,23,3.87,86
90,2021-08,10355.8,10103.0,67.5,42.7,80,76,1.053,93
90,2021-09,10377.9,9934.0,68.3,45.2,86,31,2.774,89
90,2021-10,10457.9,10084.9,69.0,43.1,78,107,0.729,88
90,2021-11,10568.7,10580.6,72.0,42.8,95,85,1.118,99
90,2021-12,10727.5,10360.1,72.2,42.3,92,63,1.46,73
90,2022-01,10827.1,10274.3,71.5,43.8,73,94,0.777,82
90,2022-02,10894.4,10514.7,70.3,45.0,75,64,1.172,92
90,2022-03,10954.5,10308.3,70.8,46.2,77,97,0.794,84
90,2022-04,11128.5,10962.7,71.6,47.2,76,133,0.571,87
90,2022-05,11157.3,10884.1,74.1,48.3,76,126,0.603,79
90,2022-06,11255.3,11207.1,73.4,47.6,98,40,2.45,101
90,2022-07,11432.0,11548.2,74.6,47.6,92,58,1.586,74
90,2022-08,11505.1,11264.3,76.8,50.5,93,93,1.0,90
90,2022-09,11598.1,11714.0,78.3,48.5,85,58,1.466,69
90,2022-10,11704.2,11332.3,79.6,48.4,87,59,1.475,78
90,2022-11,11880.7,11862.6,77.1,46.5,101,68,1.485,58
90,2022-12,11974.0,11669.2,77.7,46.5,88,36,2.444,76
90,2023-01,12029.1,11597.4,79.0,46.7,97,27,3.593,67
90,2023-02,12211.8,12204.7,80.3,46.6,108,20,5.4,90
90,2023-03,12288.5,12447.1,82.0,45.8,98,87,1.126,74
90,2023-04,12424.7,12577.2,81.4,47.5,98,58,1.69,76
90,2023-05,12569.4,12002.4,81.3,48.3,84,88,0.955,72
90,2023-06,12681.7,12729.2,80.5,48.1,100,91,1.099,93
90,2023-07,12812.9,12887.3,81.6,49.1,92,66,1.394,88
90,2023-08,12934.0,12654.8,79.6,49.2,105,72,1.458,91
90,2023-09,13129.8,12440.8,77.4,48.3,70,50,1.4,87
90,2023-10,13247.5,12599.8,79.2,50.0,77,101,0.762,82
90,2023-11,13345.4,12626.4,79.2,49.5,84,89,0.944,79
90,2023-12,13442.8,12938.9,78.2,50.6,112,20,5.6,68
90,2024-01,13560.1,13444.6,77.7,50.3,88,88,1.0,73
90,2024-02,13775.6,13846.0,75.9,48.7,87,83,1.048,90
90,2024-03,13841.1,13190.2,75.4,51.2,77,20,3.85,81
90,2024-04,13950.9,13800.3,76.1,53.9,90,41,2.195,82
90,2024-05,14071.3,13498.5,75.2,53.8,98,47,2.085,90
90,2024-06,14203.4,13686.5,75.1,51.2,77,123,0.626,80
90,2024-07,14242.6,13813.0,75.6,50.4,75,67,1.119,98
90,2024-08,14395.0,13977.1,76.0,50.6,89,59,1.508,65
90,2024-09,14533.8,13807.1,76.0,51.7,99,24,4.125,81
90,2024-10,14667.0,14438.3,75.4,50.9,102,95,1.074,85
90,2024-11,14931.7,14810.9,78.8,50.1,112,62,1.806,109
90,2024-12,15193.8,14484.6,81.4,49.9,101,42,2.405,69
90,2025-01,15209.2,14319.1,82.9,50.3,84,32,2.625,71
90,2025-02,15323.2,14704.6,85.9,50.0,96,51,1.882,79
90,2025-03,15507.9,15274.3,87.7,51.7,84,26,3.231,74
90,2025-04,15767.4,14965.2,89.3,51.6,110,20,5.5,70
90,2025-05,15937.2,15981.3,88.5,52.1,117,20,5.85,58
90,2025-06,16104.5,15608.0,89.3,51.1,106,47,2.255,72
90,2025-07,16235.6,16436.5,88.8,51.6,109,47,2.319,67
90,2025-08,16352.0,15415.4,88.6,53.2,99,20,4.95,72
90,2025-09,16492.9,15862.1,86.7,52.5,96,49,1.959,93
90,2025-10,16541.0,15870.5,87.1,53.7,100,20,5.0,80
90,2025-11,16736.1,16892.1,88.1,52.8,95,26,3.654,68
90,2025-12,17011.6,16650.1,88.5,51.6,113,26,4.346,77
