property_id,project_id,property_type,bedrooms,bathrooms,area_sqft,floor,total_floors,age_years,parking,furnishing,asking_price,monthly_rent
1,496,Apartment,3,2,1099,9,22,4,2,Unfurnished,11491000.0,36000.0
2,132,Penthouse,3,3,1181,7,33,2,1,Fully-Furnished,14731000.0,47500.0
3,385,Apartment,3,2,1157,6,10,1,1,Unfurnished,12757000.0,49400.0
4,125,Row House,3,2,966,12,24,3,0,Semi-Furnished,10913000.0,35800.0
5,481,Apartment,2,2,827,6,6,5,0,Semi-Furnished,8389000.0,21600.0
6,476,Apartment,3,2,1436,12,17,1,2,Semi-Furnished,13663000.0,42100.0
7,487,Apartment,4,3,1260,8,6,3,0,Fully-Furnished,11245000.0,36800.0
8,387,Apartment,2,1,1242,24,11,0,1,Fully-Furnished,10585000.0,35700.0
9,50,Studio,2,1,967,29,24,3,1,Semi-Furnished,8677000.0,23000.0
10,286,Apartment,3,2,1552,13,27,3,1,Semi-Furnished,20187000.0,52200.0
11,468,Apartment,2,1,772,15,23,1,0,Semi-Furnished,8885000.0,27900.0
12,161,Villa,3,2,1231,28,21,1,1,Unfurnished,14178000.0,30800.0
13,407,Row House,4,4,1262,29,30,1,1,Fully-Furnished,14559000.0,36200.0
14,42,Apartment,3,3,1364,9,6,5,1,Unfurnished,19615000.0,47000.0
15,130,Apartment,5,4,1936,3,30,5,2,Semi-Furnished,20481000.0,57600.0
16,110,Penthouse,4,3,1627,2,4,5,0,Fully-Furnished,17976000.0,54000.0
17,444,Studio,1,1,929,13,7,2,1,Unfurnished,12597000.0,35500.0
18,254,Villa,2,1,1238,29,5,0,1,Fully-Furnished,11297000.0,27900.0
19,83,Apartment,1,1,609,20,5,2,1,Fully-Furnished,5596000.0,17800.0
20,273,Apartment,2,2,1108,26,17,2,1,Unfurnished,10789000.0,32200.0
21,92,Apartment,2,2,1156,12,18,2,0,Unfurnished,12283000.0,33200.0
22,138,Studio,2,2,703,24,33,3,1,Unfurnished,9272000.0,27400.0
23,188,Villa,2,1,1225,4,14,2,2,Semi-Furnished,10346000.0,26100.0
24,233,Villa,4,3,1668,13,11,3,2,Unfurnished,18694000.0,55800.0
25,444,Studio,4,3,1603,19,23,2,0,Semi-Furnished,14268000.0,38500.0
26,467,Apartment,5,5,1729,0,33,4,2,Unfurnished,19276000.0,63500.0
27,366,Row House,5,5,1965,19,27,1,1,Unfurnished,16099000.0,30000.0
28,480,Apartment,4,4,1433,15,5,0,2,Semi-Furnished,17523000.0,46300.0
29,140,Apartment,1,1,706,24,24,1,0,Unfurnished,8140000.0,22300.0
30,424,Villa,1,1,902,7,7,4,1,Fully-Furnished,7161000.0,15700.0
31,376,Row House,3,2,1216,27,11,4,2,Semi-Furnished,14473000.0,37200.0
32,392,Studio,3,3,1514,4,8,2,2,Fully-Furnished,14122000.0,40900.0
33,95,Apartment,2,2,666,17,19,4,1,Semi-Furnished,5331000.0,9900.0
34,413,Apartment,3,2,1254,7,26,3,2,Unfurnished,15995000.0,45600.0
35,224,Penthouse,3,2,1048,18,9,0,1,Semi-Furnished,12376000.0,28700.0
36,500,Apartment,4,3,1632,4,13,0,2,Fully-Furnished,20212000.0,63400.0
37,132,Apartment,3,2,1514,11,16,2,1,Unfurnished,16343000.0,50400.0
38,38,Apartment,2,2,721,1,21,2,1,Semi-Furnished,6479000.0,17900.0
39,254,Apartment,3,3,1505,14,6,0,0,Unfurnished,17449000.0,48600.0
40,30,Row House,2,2,1026,13,6,1,1,Semi-Furnished,11446000.0,26300.0
41,251,Studio,3,2,1229,19,28,4,0,Unfurnished,11609000.0,28800.0
42,78,Studio,3,2,1361,24,12,4,1,Unfurnished,13302000.0,40000.0
43,245,Apartment,4,3,1398,5,28,2,1,Semi-Furnished,14469000.0,30400.0
44,70,Villa,1,1,675,2,5,3,1,Unfurnished,5628000.0,15300.0
45,163,Apartment,3,3,1452,13,28,2,0,Semi-Furnished,13077000.0,37600.0
46,184,Apartment,3,2,900,26,4,2,1,Fully-Furnished,10437000.0,34300.0
47,143,Penthouse,2,1,864,21,34,3,1,Semi-Furnished,8981000.0,27200.0
48,218,Apartment,2,1,1071,16,20,4,0,Fully-Furnished,9486000.0,22200.0
49,442,Apartment,3,2,1257,13,19,5,1,Fully-Furnished,14047000.0,45200.0
50,112,Apartment,1,1,705,15,28,1,1,Unfurnished,9391000.0,21900.0
51,319,Apartment,2,1,1210,22,20,2,1,Fully-Furnished,12514000.0,41100.0
52,214,Apartment,2,1,1027,1,18,4,2,Semi-Furnished,25735000.0,30200.0
53,500,Studio,2,2,1327,23,33,0,1,Semi-Furnished,11642000.0,26000.0
54,408,Apartment,3,2,1101,15,8,0,1,Semi-Furnished,11218000.0,24400.0
55,263,Villa,2,2,1117,5,31,3,1,Unfurnished,16357000.0,46500.0
56,260,Studio,5,5,1678,20,23,3,1,Fully-Furnished,19870000.0,54600.0
57,223,Villa,1,1,790,21,31,5,0,Semi-Furnished,8021000.0,23200.0
58,189,Apartment,2,1,1065,24,14,1,1,Semi-Furnished,13948000.0,30600.0
59,248,Apartment,3,3,1122,13,27,5,1,Semi-Furnished,12299000.0,32800.0
60,150,Studio,4,3,1474,2,9,5,2,Unfurnished,16902000.0,43800.0
61,456,Apartment,1,1,594,9,10,3,0,Unfurnished,7359000.0,18800.0
62,302,Studio,4,4,1706,16,7,3,1,Semi-Furnished,16893000.0,53700.0
63,100,Apartment,1,1,799,12,5,2,2,Fully-Furnished,8668000.0,22200.0
64,215,Apartment,3,3,1458,9,29,4,1,Fully-Furnished,14302000.0,39600.0
65,398,Apartment,1,1,760,0,18,2,1,Semi-Furnished,7538000.0,19900.0
66,227,Apartment,3,2,1158,5,6,5,1,Semi-Furnished,11584000.0,24900.0
67,158,Apartment,2,2,755,1,29,5,1,Unfurnished,7911000.0,27300.0
68,201,Row House,3,2,1420,13,8,2,1,Unfurnished,20774000.0,38300.0
69,406,Villa,3,2,1152,20,8,1,1,Semi-Furnished,14688000.0,45800.0
70,67,Villa,5,4,2145,26,4,4,0,Semi-Furnished,21237000.0,82700.0
71,283,Apartment,2,2,1031,13,18,0,1,Semi-Furnished,9586000.0,26000.0
72,49,Apartment,2,2,1226,1,12,5,2,Unfurnished,14164000.0,42400.0
73,17,Apartment,2,2,1556,20,5,2,1,Fully-Furnished,19287000.0,53200.0
74,45,Apartment,2,1,1176,8,26,2,2,Semi-Furnished,13959000.0,43800.0
75,153,Villa,1,1,1036,19,28,3,1,Unfurnished,16081000.0,51400.0
76,239,Apartment,3,2,1392,26,22,1,1,Unfurnished,14947000.0,50300.0
77,201,Villa,4,3,1801,15,29,2,2,Fully-Furnished,18459000.0,54100.0
78,425,Apartment,2,2,1545,24,6,1,1,Fully-Furnished,16128000.0,28600.0
79,420,Studio,2,1,1156,6,15,4,1,Semi-Furnished,14919000.0,36000.0
80,41,Apartment,2,2,642,15,19,1,1,Semi-Furnished,7329000.0,26000.0
81,421,Penthouse,2,2,1165,11,28,1,1,Unfurnished,13786000.0,47500.0
82,64,Villa,2,1,1388,29,20,4,0,Unfurnished,11937000.0,32600.0
83,430,Apartment,2,1,780,3,29,5,1,Unfurnished,8855000.0,31400.0
84,35,Penthouse,3,3,982,14,20,4,1,Unfurnished,9416000.0,28400.0
85,343,Apartment,2,2,602,15,24,3,1,Fully-Furnished,7219000.0,17600.0
86,324,Apartment,3,3,1255,23,26,5,1,Unfurnished,12874000.0,34100.0
87,152,Villa,2,2,1476,21,32,3,0,Semi-Furnished,15778000.0,42600.0
88,354,Studio,3,2,1217,1,34,0,2,Semi-Furnished,13714000.0,33200.0
89,108,Apartment,4,3,1744,15,21,2,1,Semi-Furnished,16458000.0,55600.0
90,192,Apartment,3,3,1528,14,34,1,0,Unfurnished,16311000.0,48200.0
91,337,Penthouse,4,3,1868,6,26,3,2,Fully-Furnished,18325000.0,23500.0
92,214,Studio,3,2,1208,21,20,4,2,Fully-Furnished,10238000.0,34000.0
93,370,Studio,4,4,1463,2,4,2,2,Fully-Furnished,19901000.0,59900.0
94,201,Studio,4,3,1416,20,4,2,1,Semi-Furnished,16062000.0,37600.0
95,398,Penthouse,4,3,1565,3,30,2,1,Semi-Furnished,12170000.0,34800.0
96,322,Apartment,2,1,810,4,12,5,0,Semi-Furnished,6679000.0,21300.0
97,295,Apartment,3,3,1164,12,27,5,1,Semi-Furnished,12896000.0,37300.0
98,32,Apartment,3,2,1160,7,13,5,1,Semi-Furnished,11454000.0,25200.0
99,260,Apartment,3,2,1446,26,29,3,2,Unfurnished,15012000.0,28000.0
100,49,Apartment,1,1,604,17,18,5,1,Fully-Furnished,7511000.0,24200.0
101,320,Apartment,1,1,523,25,21,3,2,Fully-Furnished,4159000.0,9700.0
102,83,Row House,2,1,996,20,8,2,1,Fully-Furnished,12381000.0,43800.0
103,101,Row House,3,2,1024,8,18,3,1,Fully-Furnished,11221000.0,32000.0
104,401,Apartment,5,4,1283,23,4,5,2,Unfurnished,13206000.0,26800.0
105,229,Penthouse,4,4,1528,21,24,3,2,Semi-Furnished,15271000.0,33300.0
106,237,Apartment,1,1,984,20,18,5,1,Unfurnished,12763000.0,42000.0
107,235,Apartment,1,1,456,2,25,5,1,Fully-Furnished,4508000.0,10100.0
108,258,Apartment,1,1,686,8,26,5,2,Unfurnished,5408000.0,17000.0
109,346,Studio,2,1,528,3,30,2,1,Unfurnished,6490000.0,20200.0
110,175,Penthouse,1,1,926,17,21,5,1,Semi-Furnished,9126000.0,15200.0
111,228,Penthouse,1,1,781,8,10,2,1,Fully-Furnished,11348000.0,32600.0
112,413,Apartment,2,1,1344,29,11,3,1,Semi-Furnished,15080000.0,36200.0
113,331,Row House,1,1,721,18,31,3,2,Unfurnished,7310000.0,17800.0
114,339,Apartment,4,4,1310,28,14,3,2,Semi-Furnished,18169000.0,39300.0
115,159,Studio,1,1,899,12,13,4,2,Unfurnished,7716000.0,29300.0
116,122,Studio,1,1,898,13,21,3,2,Semi-Furnished,8693000.0,33400.0
117,493,Apartment,4,3,1191,3,23,3,1,Unfurnished,12796000.0,39000.0
118,187,Row House,3,2,1205,0,4,0,2,Semi-Furnished,10783000.0,25800.0
119,125,Row House,5,5,1881,11,30,3,2,Unfurnished,21374000.0,59000.0
120,94,Villa,3,3,1336,25,28,3,1,Semi-Furnished,13453000.0,37000.0
121,255,Villa,2,1,1322,24,11,3,1,Unfurnished,17312000.0,43700.0
122,364,Villa,1,1,578,0,5,0,1,Unfurnished,5440000.0,11300.0
123,17,Studio,2,1,689,25,31,2,2,Fully-Furnished,5775000.0,18500.0
124,343,Apartment,2,2,1052,12,14,3,2,Unfurnished,13616000.0,27000.0
125,199,Penthouse,4,3,1966,24,31,1,1,Unfurnished,17861000.0,57300.0
126,392,Apartment,2,2,936,2,29,2,0,Semi-Furnished,10172000.0,28000.0
127,477,Studio,3,3,1431,27,16,2,1,Semi-Furnished,13117000.0,38200.0
128,249,Apartment,2,1,836,21,33,3,1,Semi-Furnished,9304000.0,30200.0
129,239,Apartment,3,3,1257,21,29,1,1,Unfurnished,15187000.0,43600.0
130,379,Row House,2,1,1151,2,20,1,2,Unfurnished,11140000.0,24100.0
131,255,Apartment,2,2,1038,18,13,3,2,Semi-Furnished,11812000.0,46100.0
132,102,Studio,3,2,1048,21,30,5,1,Fully-Furnished,9948000.0,26000.0
133,477,Apartment,2,2,1054,21,26,2,1,Fully-Furnished,10894000.0,32400.0
134,65,Apartment,2,1,522,21,34,3,1,Unfurnished,6043000.0,15400.0
135,315,Apartment,3,3,1349,15,26,1,2,Unfurnished,18202000.0,67600.0
136,320,Studio,5,4,1934,8,31,3,1,Semi-Furnished,17674000.0,53700.0
137,7,Apartment,4,3,1772,1,21,2,1,Unfurnished,14418000.0,44600.0
138,283,Apartment,4,4,1771,8,17,0,1,Unfurnished,19369000.0,39400.0
139,450,Apartment,2,2,1129,12,27,3,0,Unfurnished,12093000.0,35300.0
140,338,Row House,4,4,1564,22,25,1,1,Unfurnished,15890000.0,46800.0
141,204,Apartment,3,2,1297,8,24,3,2,Semi-Furnished,15817000.0,44400.0
142,295,Apartment,4,4,1546,19,12,5,0,Fully-Furnished,15530000.0,39600.0
143,207,Villa,2,2,1384,8,22,5,2,Fully-Furnished,15306000.0,55600.0
144,154,Apartment,3,3,1001,17,11,1,1,Fully-Furnished,12196000.0,34400.0
145,420,Studio,3,2,1189,3,4,4,1,Unfurnished,12333000.0,38200.0
146,341,Row House,2,2,922,20,25,4,1,Semi-Furnished,8957000.0,32500.0
147,245,Penthouse,3,2,1566,27,15,2,1,Unfurnished,15967000.0,37000.0
148,161,Studio,1,1,829,11,19,1,1,Fully-Furnished,10608000.0,29600.0
149,264,Apartment,2,2,1158,10,30,5,2,Fully-Furnished,12913000.0,40500.0
150,338,Studio,2,1,742,16,8,1,2,Unfurnished,8436000.0,20600.0
151,63,Apartment,2,1,1353,0,10,1,1,Semi-Furnished,14875000.0,40900.0
152,422,Villa,2,2,954,24,17,5,2,Unfurnished,10477000.0,33000.0
153,140,Apartment,3,3,1358,2,31,1,2,Unfurnished,10573000.0,31900.0
154,55,Row House,2,2,1027,24,14,2,1,Semi-Furnished,8642000.0,22800.0
155,87,Penthouse,4,3,1399,8,18,2,1,Semi-Furnished,13593000.0,48200.0
156,372,Apartment,1,1,925,10,16,5,2,Fully-Furnished,10834000.0,23000.0
157,122,Apartment,1,1,740,9,9,3,1,Unfurnished,7835000.0,15600.0
158,118,Apartment,5,5,2054,20,16,0,2,Unfurnished,23491000.0,46000.0
159,354,Apartment,4,4,1194,20,19,0,2,Unfurnished,13875000.0,53600.0
160,344,Studio,2,2,1181,23,22,3,2,Semi-Furnished,13045000.0,36100.0
161,387,Villa,3,3,1000,21,25,0,2,Semi-Furnished,9095000.0,28800.0
162,86,Penthouse,2,1,1229,12,19,2,0,Unfurnished,10975000.0,22900.0
163,57,Penthouse,4,4,1529,22,30,0,1,Fully-Furnished,17186000.0,55300.0
164,82,Apartment,4,3,1194,18,25,5,1,Unfurnished,14819000.0,36000.0
165,331,Villa,3,2,1052,18,6,3,0,Unfurnished,12252000.0,46600.0
166,420,Studio,3,3,1430,0,10,4,2,Unfurnished,18037000.0,50400.0
167,92,Apartment,4,4,1852,18,17,2,2,Fully-Furnished,19538000.0,55900.0
168,245,Villa,2,2,1371,5,22,2,2,Fully-Furnished,14858000.0,34600.0
169,138,Apartment,2,1,879,13,17,3,2,Unfurnished,10589000.0,26600.0
170,62,Studio,2,1,1044,13,12,1,1,Fully-Furnished,13200000.0,28500.0
171,74,Villa,4,3,1390,23,27,4,2,Unfurnished,13987000.0,43800.0
172,392,Apartment,2,1,1079,12,10,2,1,Semi-Furnished,9042000.0,25300.0
173,455,Row House,4,3,1517,21,33,3,2,Fully-Furnished,16335000.0,50200.0
174,445,Studio,4,4,1366,12,4,2,0,Unfurnished,15623000.0,42700.0
175,86,Apartment,3,2,1263,3,19,2,0,Fully-Furnished,14148000.0,43400.0
176,197,Penthouse,3,2,1318,4,21,1,1,Fully-Furnished,12571000.0,32400.0
177,139,Row House,2,2,1322,13,19,4,2,Semi-Furnished,12660000.0,35700.0
178,166,Villa,1,1,1120,27,23,3,0,Semi-Furnished,12099000.0,26900.0
179,345,Villa,2,1,1306,12,10,5,0,Semi-Furnished,13766000.0,30800.0
180,209,Penthouse,2,1,1320,27,23,4,2,Fully-Furnished,15215000.0,45000.0
181,322,Villa,2,1,1102,2,22,5,2,Unfurnished,10185000.0,31900.0
182,474,Apartment,3,2,1063,26,7,5,1,Unfurnished,12906000.0,39600.0
183,465,Villa,5,4,1689,3,14,2,1,Unfurnished,18180000.0,48900.0
184,273,Penthouse,4,3,1528,28,6,2,1,Semi-Furnished,15451000.0,41100.0
185,293,Studio,5,4,1540,6,23,2,1,Unfurnished,13028000.0,32800.0
186,138,Apartment,2,2,918,23,6,3,2,Unfurnished,11006000.0,33500.0
187,278,Apartment,2,2,898,14,28,3,1,Unfurnished,10483000.0,30300.0
188,428,Apartment,2,1,993,8,15,4,1,Unfurnished,10844000.0,34800.0
189,18,Villa,3,3,1180,3,21,2,2,Fully-Furnished,13021000.0,41100.0
190,218,Apartment,2,2,999,3,28,4,0,Semi-Furnished,10828000.0,36500.0
191,187,Studio,1,1,717,15,30,0,1,Fully-Furnished,8211000.0,17400.0
192,72,Apartment,3,2,1333,14,16,4,2,Semi-Furnished,11343000.0,27900.0
193,422,Row House,3,3,1122,28,31,5,1,Semi-Furnished,12215000.0,27500.0
194,349,Studio,2,2,789,17,27,4,1,Semi-Furnished,8647000.0,25500.0
195,433,Villa,3,3,1228,5,13,5,1,Fully-Furnished,13378000.0,28900.0
196,279,Apartment,2,2,1068,21,23,4,2,Semi-Furnished,11980000.0,19500.0
197,286,Row House,3,3,865,20,27,3,0,Semi-Furnished,11846000.0,30400.0
198,467,Villa,4,3,1671,29,28,4,2,Unfurnished,27658000.0,47200.0
199,288,Apartment,3,2,1634,27,25,2,1,Unfurnished,16578000.0,38200.0
200,371,Studio,1,1,583,27,15,4,1,Semi-Furnished,7506000.0,23200.0
201,499,Apartment,3,3,1659,9,13,5,0,Semi-Furnished,14938000.0,32100.0
202,273,Villa,2,1,1184,8,12,2,2,Unfurnished,10796000.0,30600.0
203,288,Apartment,2,1,1516,10,6,2,1,Unfurnished,17425000.0,45300.0
204,210,Row House,3,2,1012,17,8,3,2,Unfurnished,12401000.0,31000.0
205,290,Apartment,1,1,601,27,29,0,2,Unfurnished,6009000.0,19100.0
206,271,Apartment,4,3,1737,27,13,0,1,Unfurnished,14342000.0,36700.0
207,89,Studio,4,3,1760,3,26,4,1,Unfurnished,17463000.0,50600.0
208,143,Row House,1,1,885,27,14,3,2,Semi-Furnished,10122000.0,18700.0
209,18,Apartment,4,3,1844,11,14,2,0,Fully-Furnished,26286000.0,75200.0
210,61,Studio,1,1,688,2,22,5,2,Unfurnished,6437000.0,18300.0
211,30,Penthouse,2,1,842,8,33,1,2,Fully-Furnished,8405000.0,24700.0
212,457,Apartment,3,3,1175,18,11,3,1,Unfurnished,12454000.0,24900.0
213,405,Studio,1,1,755,24,14,3,1,Unfurnished,8864000.0,25200.0
214,337,Apartment,4,4,1312,11,18,3,1,Fully-Furnished,12400000.0,35500.0
215,6,Studio,1,1,513,14,16,4,1,Semi-Furnished,6919000.0,14100.0
216,146,Apartment,4,4,1482,28,24,0,0,Unfurnished,17077000.0,47600.0
217,100,Studio,4,4,1247,11,11,2,0,Unfurnished,11530000.0,30000.0
218,141,Apartment,3,2,1109,24,5,3,1,Unfurnished,9622000.0,28700.0
219,237,Studio,1,1,379,26,32,5,2,Semi-Furnished,4009000.0,8800.0
220,313,Apartment,1,1,686,24,8,4,2,Semi-Furnished,7415000.0,18600.0
221,122,Apartment,1,1,999,25,19,3,1,Unfurnished,10449000.0,37000.0
222,212,Apartment,4,4,1820,11,26,4,1,Semi-Furnished,14040000.0,45600.0
223,454,Apartment,1,1,946,29,4,1,1,Semi-Furnished,10001000.0,
224,225,Apartment,2,2,970,4,9,2,1,Semi-Furnished,10769000.0,34200.0
225,206,Studio,3,3,1288,19,22,3,1,Unfurnished,13167000.0,32500.0
226,11,Penthouse,4,4,1354,12,5,5,0,Semi-Furnished,13266000.0,30000.0
227,18,Penthouse,3,2,1097,17,16,2,2,Semi-Furnished,11059000.0,25900.0
228,315,Apartment,3,2,1178,12,29,1,2,Unfurnished,13041000.0,26700.0
229,376,Apartment,1,1,742,2,10,4,2,Unfurnished,8244000.0,20600.0
230,124,Studio,3,3,1677,24,27,1,1,Unfurnished,14259000.0,28800.0
231,326,Apartment,2,1,1064,1,16,3,1,Unfurnished,10364000.0,28000.0
232,318,Row House,2,2,757,24,24,5,2,Unfurnished,6869000.0,21900.0
233,404,Villa,3,2,1358,29,28,2,1,Semi-Furnished,17269000.0,22000.0
234,189,Villa,5,4,1776,16,30,1,1,Fully-Furnished,25224000.0,96000.0
235,107,Apartment,1,1,539,24,5,3,2,Fully-Furnished,6455000.0,15000.0
236,321,Villa,3,3,1382,29,24,3,2,Unfurnished,15301000.0,36600.0
237,490,Penthouse,4,4,1573,18,27,5,1,Unfurnished,15145000.0,41200.0
238,208,Apartment,1,1,598,13,4,3,0,Unfurnished,7999000.0,15600.0
239,276,Apartment,3,2,1628,8,24,4,2,Unfurnished,16936000.0,54400.0
240,12,Villa,2,1,998,10,32,5,1,Unfurnished,10558000.0,35500.0
241,36,Row House,3,3,1323,20,33,1,1,Unfurnished,12300000.0,39200.0
242,123,Apartment,4,3,1409,9,24,1,1,Unfurnished,14020000.0,34600.0
243,288,Penthouse,4,4,1555,3,16,2,2,Semi-Furnished,15165000.0,19000.0
244,335,Penthouse,1,1,846,11,22,2,1,Unfurnished,7784000.0,26600.0
245,247,Apartment,1,1,775,26,34,4,1,Fully-Furnished,7480000.0,21800.0
246,58,Apartment,2,2,1239,18,7,0,1,Semi-Furnished,11606000.0,41500.0
247,109,Apartment,4,4,1727,0,12,3,1,Semi-Furnished,16886000.0,45000.0
248,342,Apartment,2,2,1257,16,6,4,0,Unfurnished,18080000.0,40800.0
249,268,Apartment,1,1,518,1,19,0,1,Unfurnished,6048000.0,16100.0
250,230,Villa,2,2,1017,27,4,4,1,Unfurnished,12964000.0,31100.0
251,89,Penthouse,2,1,1242,22,18,4,1,Fully-Furnished,11108000.0,32500.0
252,215,Studio,2,2,644,15,9,4,1,Fully-Furnished,6638000.0,17800.0
253,208,Apartment,4,4,1838,12,16,3,1,Unfurnished,23228000.0,76200.0
254,244,Apartment,2,1,1326,14,22,0,1,Unfurnished,13072000.0,34000.0
255,308,Apartment,2,1,938,6,5,4,1,Semi-Furnished,8649000.0,24100.0
256,457,Apartment,1,1,558,27,16,3,1,Unfurnished,5460000.0,20400.0
257,47,Penthouse,2,1,1076,22,22,2,2,Unfurnished,13350000.0,52500.0
258,203,Studio,4,4,1291,26,34,4,1,Semi-Furnished,12737000.0,38800.0
259,200,Penthouse,2,1,806,0,34,4,0,Fully-Furnished,9037000.0,22600.0
260,161,Villa,2,1,950,6,17,1,0,Fully-Furnished,11599000.0,30900.0
261,68,Apartment,2,1,738,24,23,4,2,Semi-Furnished,7540000.0,20800.0
262,55,Apartment,4,3,1510,5,5,2,1,Semi-Furnished,14874000.0,40800.0
263,480,Penthouse,3,3,1223,4,9,0,1,Unfurnished,16151000.0,32800.0
264,6,Apartment,4,4,1404,2,21,4,1,Fully-Furnished,14358000.0,
265,316,Apartment,1,1,727,28,30,2,1,Unfurnished,5657000.0,19400.0
266,12,Row House,3,3,1446,4,15,5,1,Unfurnished,17769000.0,58700.0
267,444,Apartment,1,1,914,12,4,2,1,Unfurnished,13069000.0,31200.0
268,482,Apartment,5,5,1955,2,9,2,2,Semi-Furnished,23059000.0,63100.0
269,301,Apartment,4,4,1365,19,30,0,1,Semi-Furnished,15101000.0,38800.0
270,14,Penthouse,2,2,704,8,26,2,1,Semi-Furnished,7048000.0,17300.0
271,180,Penthouse,1,1,945,13,24,3,1,Semi-Furnished,10475000.0,31000.0
272,150,Apartment,3,3,1089,21,22,5,2,Unfurnished,11169000.0,38400.0
273,463,Apartment,2,1,776,2,29,1,1,Semi-Furnished,10219000.0,36200.0
274,432,Villa,2,1,1132,3,17,2,1,Fully-Furnished,14314000.0,44100.0
275,92,Villa,3,2,1455,2,13,2,0,Unfurnished,11470000.0,31400.0
276,373,Apartment,1,1,900,19,12,1,1,Unfurnished,13588000.0,41300.0
277,482,Penthouse,3,2,787,8,11,2,1,Unfurnished,8890000.0,30300.0
278,336,Apartment,2,1,1114,24,9,0,2,Semi-Furnished,9957000.0,19600.0
279,244,Villa,1,1,1102,19,24,0,2,Fully-Furnished,13409000.0,25900.0
280,272,Apartment,3,3,1487,27,34,0,2,Unfurnished,17631000.0,50100.0
281,8,Villa,2,1,1038,22,27,1,1,Unfurnished,9687000.0,21500.0
282,279,Villa,4,4,1529,20,33,4,1,Unfurnished,15988000.0,50900.0
283,130,Row House,2,2,953,9,17,5,1,Semi-Furnished,10836000.0,34200.0
284,467,Apartment,1,1,894,22,31,4,2,Unfurnished,10113000.0,30200.0
285,358,Villa,1,1,819,3,11,0,1,Fully-Furnished,9119000.0,25600.0
286,42,Apartment,4,3,1632,28,25,5,1,Semi-Furnished,19847000.0,58900.0
287,152,Apartment,2,2,962,25,8,3,2,Unfurnished,10379000.0,27600.0
288,184,Apartment,4,4,1491,21,27,2,1,Unfurnished,17116000.0,52500.0
289,379,Villa,2,2,1127,5,29,1,1,Unfurnished,11900000.0,32500.0
290,484,Villa,2,1,1300,20,25,5,1,Fully-Furnished,13269000.0,35500.0
291,24,Apartment,3,3,1423,28,25,5,1,Unfurnished,11721000.0,25200.0
292,387,Villa,4,3,1552,13,31,0,1,Semi-Furnished,16509000.0,34800.0
293,38,Apartment,2,2,1031,17,16,2,1,Semi-Furnished,7935000.0,16300.0
294,291,Penthouse,4,3,1401,17,34,1,1,Fully-Furnished,17008000.0,48500.0
295,16,Apartment,3,2,1398,0,32,2,2,Semi-Furnished,14129000.0,38400.0
296,439,Studio,3,2,1364,15,14,0,1,Semi-Furnished,14573000.0,45600.0
297,284,Apartment,3,2,1091,1,16,1,2,Unfurnished,15036000.0,35200.0
298,229,Studio,4,3,1632,13,34,3,1,Fully-Furnished,15961000.0,43100.0
299,296,Apartment,3,2,1296,2,25,3,1,Unfurnished,14751000.0,47300.0
300,332,Row House,1,1,462,12,15,2,2,Fully-Furnished,5352000.0,12900.0
301,413,Studio,3,2,1267,8,13,3,1,Unfurnished,13614000.0,44000.0
302,110,Row House,3,2,1097,5,30,5,0,Semi-Furnished,10526000.0,37900.0
303,65,Penthouse,3,2,1256,8,15,3,1,Semi-Furnished,14384000.0,41300.0
304,327,Villa,3,3,1242,19,8,5,1,Unfurnished,12234000.0,36600.0
305,402,Apartment,2,2,1213,11,33,1,0,Semi-Furnished,16027000.0,52600.0
306,97,Apartment,3,3,823,4,33,3,2,Fully-Furnished,6111000.0,18700.0
307,32,Studio,4,3,1830,19,15,5,0,Semi-Furnished,18195000.0,61700.0
308,228,Villa,2,1,1102,18,25,2,1,Fully-Furnished,15549000.0,48900.0
309,209,Apartment,2,1,1394,26,14,4,1,Unfurnished,10556000.0,26300.0
310,447,Villa,4,4,1402,2,32,4,0,Semi-Furnished,15038000.0,30600.0
311,318,Penthouse,2,1,1054,6,26,5,1,Fully-Furnished,11237000.0,25500.0
312,152,Apartment,4,3,1384,22,14,3,2,Semi-Furnished,17680000.0,37200.0
313,376,Villa,1,1,815,6,27,4,2,Unfurnished,8894000.0,15600.0
314,154,Apartment,3,2,1203,22,29,1,1,Unfurnished,13204000.0,37000.0
315,55,Penthouse,5,4,2014,22,28,2,2,Unfurnished,24367000.0,83000.0
316,49,Apartment,1,1,998,5,27,5,1,Unfurnished,9694000.0,37600.0
317,199,Apartment,1,1,594,21,33,1,1,Semi-Furnished,4963000.0,13000.0
318,140,Row House,3,2,1596,0,5,1,2,Unfurnished,18748000.0,52800.0
319,279,Apartment,1,1,1147,18,26,4,2,Fully-Furnished,14189000.0,42100.0
320,272,Apartment,4,4,1441,11,18,0,2,Unfurnished,21356000.0,62600.0
321,155,Penthouse,1,1,946,12,9,4,2,Semi-Furnished,11733000.0,25800.0
322,271,Apartment,2,1,1343,20,17,0,2,Semi-Furnished,12730000.0,38200.0
323,140,Apartment,1,1,897,3,13,1,1,Semi-Furnished,10887000.0,30700.0
324,4,Apartment,3,2,1403,22,22,4,1,Semi-Furnished,15121000.0,34000.0
325,447,Apartment,2,1,1053,15,10,4,2,Unfurnished,7866000.0,19000.0
326,477,Apartment,3,2,1375,27,32,2,1,Unfurnished,17198000.0,44300.0
327,422,Penthouse,4,3,1629,0,21,5,2,Semi-Furnished,20399000.0,51600.0
328,266,Studio,2,1,896,2,7,2,2,Unfurnished,9363000.0,18600.0
329,283,Apartment,4,4,1042,3,5,0,0,Fully-Furnished,11886000.0,32400.0
330,477,Studio,3,3,1244,17,14,2,1,Unfurnished,13032000.0,42400.0
331,172,Apartment,2,2,1074,21,12,2,1,Semi-Furnished,11292000.0,46600.0
332,275,Apartment,2,1,819,16,11,4,1,Fully-Furnished,8110000.0,23000.0
333,379,Apartment,3,2,1036,11,22,1,0,Semi-Furnished,11337000.0,33400.0
334,282,Penthouse,2,1,917,18,8,4,1,Unfurnished,11684000.0,24100.0
335,127,Villa,2,1,1043,22,18,2,1,Semi-Furnished,12619000.0,25500.0
336,421,Row House,2,2,935,6,27,1,1,Semi-Furnished,7721000.0,19700.0
337,309,Apartment,1,1,823,2,20,4,2,Unfurnished,6985000.0,16100.0
338,312,Apartment,5,5,1803,28,12,3,1,Semi-Furnished,14261000.0,49000.0
339,200,Row House,5,4,1839,8,13,4,2,Semi-Furnished,17640000.0,34200.0
340,488,Apartment,2,2,1140,28,10,1,1,Semi-Furnished,10442000.0,33900.0
341,260,Apartment,1,1,808,1,13,3,1,Unfurnished,7599000.0,17100.0
342,218,Apartment,5,4,1894,21,16,4,1,Unfurnished,19204000.0,63400.0
343,472,Apartment,3,2,1169,12,19,4,2,Semi-Furnished,15317000.0,42500.0
344,80,Apartment,3,3,1428,20,6,5,2,Semi-Furnished,13455000.0,35500.0
345,305,Apartment,1,1,356,24,21,1,0,Fully-Furnished,4473000.0,13100.0
346,165,Apartment,3,2,1378,8,28,2,1,Unfurnished,16185000.0,35200.0
347,428,Apartment,2,2,1091,26,18,4,2,Fully-Furnished,10092000.0,25200.0
348,179,Apartment,1,1,752,23,8,2,1,Semi-Furnished,9720000.0,26200.0
349,166,Apartment,2,1,1024,26,17,3,1,Semi-Furnished,10407000.0,29400.0
350,266,Apartment,4,4,1556,4,21,2,1,Unfurnished,21307000.0,
351,384,Studio,3,2,1313,4,17,0,1,Unfurnished,15436000.0,51600.0
352,436,Apartment,4,4,1934,27,4,3,2,Fully-Furnished,20148000.0,40700.0
353,391,Villa,3,2,1160,20,26,2,2,Unfurnished,13285000.0,33700.0
354,251,Apartment,4,4,1466,18,15,4,2,Unfurnished,14927000.0,37100.0
355,209,Penthouse,1,1,676,10,29,4,1,Unfurnished,7218000.0,12300.0
356,129,Apartment,1,1,635,17,30,1,0,Semi-Furnished,6392000.0,21500.0
357,428,Apartment,4,3,1579,13,16,4,2,Unfurnished,16611000.0,58900.0
358,255,Villa,3,2,1681,9,20,3,1,Unfurnished,20249000.0,50800.0
359,404,Apartment,1,1,914,9,19,2,1,Unfurnished,27300000.0,31400.0
360,358,Studio,3,3,1314,20,26,0,1,Unfurnished,16978000.0,56900.0
361,119,Apartment,2,1,1128,25,18,2,1,Unfurnished,13849000.0,31900.0
362,74,Apartment,1,1,426,8,11,4,1,Unfurnished,3907000.0,11800.0
363,458,Apartment,3,2,1219,7,6,4,1,Unfurnished,13730000.0,44800.0
364,108,Apartment,1,1,511,0,16,2,1,Semi-Furnished,6492000.0,20000.0
365,474,Apartment,1,1,475,21,25,5,2,Unfurnished,5534000.0,16000.0
366,181,Villa,3,3,836,14,14,5,1,Fully-Furnished,6185000.0,22600.0
367,184,Apartment,3,3,929,14,13,2,1,Semi-Furnished,9328000.0,25400.0
368,441,Apartment,2,2,649,3,28,4,2,Semi-Furnished,7867000.0,16800.0
369,89,Apartment,1,1,697,13,20,4,0,Semi-Furnished,7342000.0,20200.0
370,373,Penthouse,2,1,801,4,31,1,1,Semi-Furnished,8595000.0,22400.0
371,315,Row House,2,2,970,2,7,1,0,Unfurnished,10736000.0,26400.0
372,426,Penthouse,1,1,963,3,26,4,1,Semi-Furnished,9390000.0,25600.0
373,179,Apartment,2,2,1106,0,25,2,2,Fully-Furnished,14445000.0,49200.0
374,223,Apartment,1,1,784,19,34,5,2,Unfurnished,7949000.0,22000.0
375,451,Apartment,1,1,939,1,17,4,1,Fully-Furnished,10410000.0,25200.0
376,10,Apartment,2,2,969,19,26,3,1,Unfurnished,8487000.0,27700.0
377,254,Villa,1,1,836,20,29,0,1,Unfurnished,10057000.0,29500.0
378,174,Row House,2,1,1395,24,27,5,0,Fully-Furnished,15745000.0,33900.0
379,31,Villa,3,2,1128,17,9,2,1,Unfurnished,15619000.0,49100.0
380,342,Row House,2,2,1024,9,14,4,1,Unfurnished,9716000.0,25900.0
381,90,Apartment,2,2,966,20,10,2,1,Unfurnished,9842000.0,31000.0
382,302,Apartment,3,3,1151,24,21,3,1,Semi-Furnished,12561000.0,21100.0
383,82,Penthouse,1,1,765,8,4,5,1,Unfurnished,9514000.0,28300.0
384,237,Villa,2,1,840,14,4,5,2,Fully-Furnished,10590000.0,28900.0
385,484,Row House,1,1,411,17,14,5,2,Semi-Furnished,3622000.0,11200.0
386,68,Apartment,2,2,818,7,31,4,1,Fully-Furnished,7709000.0,15100.0
387,2,Row House,2,1,1092,5,20,3,1,Unfurnished,10589000.0,31700.0
388,286,Apartment,1,1,694,13,26,3,2,Semi-Furnished,7420000.0,18900.0
389,68,Row House,4,3,1638,6,10,4,0,Unfurnished,21406000.0,45400.0
390,285,Apartment,2,1,1043,14,25,2,1,Unfurnished,13587000.0,40800.0
391,435,Studio,1,1,554,13,19,3,1,Unfurnished,6217000.0,17400.0
392,389,Studio,4,4,1644,8,4,5,1,Unfurnished,17700000.0,47800.0
393,390,Studio,1,1,718,2,31,5,2,Fully-Furnished,9772000.0,19900.0
394,114,Villa,1,1,888,7,6,3,2,Semi-Furnished,10317000.0,32800.0
395,69,Row House,5,4,1604,6,28,4,1,Unfurnished,15403000.0,35800.0
396,393,Apartment,5,5,1614,4,24,5,2,Semi-Furnished,20223000.0,49900.0
397,352,Apartment,4,3,1736,29,15,1,2,Semi-Furnished,23070000.0,58100.0
398,255,Apartment,3,3,1288,11,31,3,2,Semi-Furnished,15541000.0,40600.0
399,11,Villa,2,2,1268,5,23,5,2,Fully-Furnished,12693000.0,30700.0
400,115,Penthouse,4,3,1858,15,10,0,2,Semi-Furnished,21642000.0,60100.0
401,289,Apartment,3,2,1228,5,14,4,1,Unfurnished,14784000.0,36400.0
402,177,Apartment,2,1,1087,1,32,1,2,Semi-Furnished,10875000.0,26200.0
403,176,Apartment,3,3,707,21,23,1,0,Unfurnished,8649000.0,22100.0
404,186,Row House,2,2,1019,13,8,5,2,Semi-Furnished,10710000.0,33200.0
405,394,Studio,2,2,1440,28,32,3,0,Unfurnished,14451000.0,31400.0
406,490,Row House,3,3,1420,8,18,5,2,Unfurnished,10162000.0,30400.0
407,29,Penthouse,1,1,518,6,20,4,2,Fully-Furnished,4912000.0,11600.0
408,29,Apartment,2,1,721,8,34,4,2,Unfurnished,7498000.0,20300.0
409,29,Apartment,3,3,1338,18,31,4,1,Unfurnished,13912000.0,39100.0
410,321,Apartment,4,4,1851,20,14,3,1,Fully-Furnished,16683000.0,53800.0
411,450,Apartment,4,4,1562,5,21,3,1,Fully-Furnished,16937000.0,53100.0
412,423,Villa,1,1,874,28,31,2,2,Fully-Furnished,8751000.0,28500.0
413,148,Studio,3,3,1393,24,20,2,2,Unfurnished,15611000.0,55300.0
414,48,Apartment,5,5,1691,3,23,2,2,Unfurnished,16595000.0,34300.0
415,104,Studio,1,1,870,7,13,1,0,Fully-Furnished,14948000.0,56300.0
416,256,Apartment,2,1,903,20,6,2,1,Unfurnished,8943000.0,17900.0
417,330,Penthouse,1,1,986,8,17,1,0,Semi-Furnished,11271000.0,36800.0
418,245,Apartment,3,3,1419,23,14,2,2,Unfurnished,15828000.0,25200.0
419,289,Penthouse,2,2,1166,27,32,4,1,Semi-Furnished,12832000.0,21900.0
420,409,Apartment,2,2,987,6,25,5,2,Unfurnished,11943000.0,31900.0
421,12,Apartment,3,2,1037,7,18,5,2,Unfurnished,9613000.0,22000.0
422,92,Villa,2,2,642,22,5,2,2,Unfurnished,6424000.0,18000.0
423,182,Apartment,4,4,1581,3,9,1,1,Unfurnished,14157000.0,36800.0
424,496,Apartment,3,3,1114,29,12,4,1,Unfurnished,13173000.0,36100.0
425,53,Apartment,2,2,1182,15,13,4,1,Unfurnished,11908000.0,33400.0
426,101,Apartment,4,3,1449,27,23,3,2,Semi-Furnished,13848000.0,48500.0
427,194,Apartment,4,3,1833,0,16,4,2,Unfurnished,19825000.0,59300.0
428,364,Apartment,1,1,594,0,26,0,2,Unfurnished,7228000.0,18900.0
429,456,Apartment,5,4,1903,11,8,3,2,Unfurnished,21728000.0,54100.0
430,396,Apartment,2,1,1183,11,11,2,0,Unfurnished,9652000.0,25000.0
431,344,Apartment,1,1,682,29,4,3,1,Unfurnished,8676000.0,29800.0
432,274,Penthouse,2,1,1050,7,27,0,2,Semi-Furnished,10272000.0,32100.0
433,206,Apartment,1,1,695,7,32,3,0,Unfurnished,5485000.0,15100.0
434,328,Apartment,2,1,1086,11,5,4,1,Fully-Furnished,10021000.0,23000.0
435,490,Studio,2,2,1130,15,15,5,2,Unfurnished,11053000.0,31300.0
436,380,Villa,4,3,1589,5,9,0,0,Unfurnished,14238000.0,45300.0
437,281,Apartment,2,2,1171,27,24,3,2,Fully-Furnished,16754000.0,27700.0
438,339,Penthouse,2,2,1087,28,24,3,1,Semi-Furnished,12677000.0,33000.0
439,202,Villa,3,3,1171,25,20,0,2,Semi-Furnished,12705000.0,26500.0
440,257,Studio,2,1,1221,9,27,1,2,Semi-Furnished,13154000.0,39300.0
441,310,Penthouse,4,3,1556,11,4,1,2,Unfurnished,14311000.0,37700.0
442,163,Studio,2,1,595,25,31,2,1,Semi-Furnished,4785000.0,14200.0
443,221,Apartment,4,4,1121,2,25,4,2,Unfurnished,12876000.0,45900.0
444,276,Apartment,1,1,554,12,6,4,0,Unfurnished,3586000.0,10400.0
445,118,Apartment,2,2,1366,19,28,0,2,Fully-Furnished,13591000.0,28700.0
446,477,Row House,3,2,1178,13,33,2,2,Unfurnished,13764000.0,43300.0
447,375,Apartment,2,2,1035,7,28,1,1,Semi-Furnished,10617000.0,20700.0
448,33,Penthouse,3,2,1391,20,24,0,2,Semi-Furnished,14607000.0,41900.0
449,480,Villa,3,2,1470,19,26,0,1,Unfurnished,17557000.0,33400.0
450,204,Apartment,2,2,877,23,22,3,2,Semi-Furnished,6847000.0,20300.0
451,376,Apartment,2,1,1176,6,10,4,1,Unfurnished,13940000.0,38500.0
452,423,Apartment,2,2,1038,4,14,2,1,Unfurnished,10535000.0,30600.0
453,453,Row House,3,2,1290,22,11,1,1,Unfurnished,13948000.0,27500.0
454,70,Villa,3,2,943,29,23,3,1,Unfurnished,9171000.0,25600.0
455,428,Penthouse,5,4,1765,18,5,4,2,Unfurnished,16736000.0,40100.0
456,212,Apartment,2,1,1072,25,15,4,1,Fully-Furnished,8177000.0,25800.0
457,191,Villa,4,3,1449,19,27,4,1,Semi-Furnished,17212000.0,48000.0
458,204,Apartment,3,2,1757,25,9,3,1,Unfurnished,17074000.0,
459,327,Apartment,2,2,1007,15,33,5,1,Fully-Furnished,11489000.0,31200.0
460,280,Apartment,1,1,847,26,4,1,0,Fully-Furnished,8338000.0,21500.0
461,190,Penthouse,3,2,1317,28,24,3,2,Semi-Furnished,13406000.0,32400.0
462,124,Penthouse,2,2,1048,1,26,1,1,Fully-Furnished,10387000.0,32700.0
463,313,Row House,2,2,774,20,11,4,2,Semi-Furnished,7575000.0,20800.0
464,449,Apartment,3,3,1113,20,9,2,2,Unfurnished,13616000.0,30700.0
465,118,Apartment,2,1,899,5,23,0,2,Fully-Furnished,8098000.0,22300.0
466,120,Apartment,2,1,1208,10,26,3,1,Unfurnished,13716000.0,
467,377,Apartment,2,1,885,11,32,1,0,Semi-Furnished,10964000.0,28300.0
468,427,Villa,3,2,948,7,29,0,2,Semi-Furnished,11257000.0,31500.0
469,375,Penthouse,3,2,1567,17,17,1,1,Unfurnished,17015000.0,42500.0
470,358,Apartment,2,2,1274,10,27,0,1,Fully-Furnished,14210000.0,42200.0
471,287,Villa,3,2,1195,18,11,3,1,Semi-Furnished,10937000.0,36700.0
472,271,Studio,2,1,949,5,31,0,1,Unfurnished,9409000.0,30000.0
473,82,Apartment,2,1,970,4,6,5,2,Semi-Furnished,10578000.0,21200.0
474,376,Apartment,2,1,1102,11,28,4,1,Semi-Furnished,12456000.0,29500.0
475,292,Apartment,1,1,963,1,12,5,2,Semi-Furnished,9283000.0,28900.0
476,163,Apartment,3,2,1411,8,18,2,2,Unfurnished,9613000.0,29700.0
477,253,Penthouse,2,1,794,6,16,5,2,Semi-Furnished,10254000.0,30500.0
478,340,Apartment,3,3,1442,4,25,1,1,Semi-Furnished,15355000.0,44400.0
479,272,Studio,1,1,781,17,28,0,0,Semi-Furnished,7781000.0,26200.0
480,66,Penthouse,2,1,813,26,17,1,0,Semi-Furnished,8365000.0,25700.0
481,201,Villa,4,4,1588,13,27,2,2,Semi-Furnished,17985000.0,49400.0
482,406,Apartment,3,3,1205,8,8,1,1,Unfurnished,12186000.0,33100.0
483,169,Apartment,3,2,1460,9,7,1,2,Semi-Furnished,21726000.0,64500.0
484,470,Villa,4,4,1729,15,13,4,2,Fully-Furnished,16359000.0,
485,105,Row House,4,3,1354,9,16,5,1,Semi-Furnished,9413000.0,32600.0
486,241,Apartment,5,4,1776,6,18,4,1,Semi-Furnished,15758000.0,44700.0
487,495,Row House,4,3,1394,1,4,1,2,Semi-Furnished,12496000.0,36000.0
488,293,Apartment,3,2,1319,29,33,2,1,Fully-Furnished,15127000.0,
489,194,Apartment,1,1,840,27,32,4,1,Unfurnished,9354000.0,30600.0
490,379,Studio,2,1,1353,27,10,1,1,Unfurnished,17171000.0,55500.0
491,445,Apartment,4,4,1742,23,4,2,1,Semi-Furnished,15655000.0,33800.0
492,414,Row House,3,2,1034,15,13,5,1,Unfurnished,10263000.0,29300.0
493,144,Apartment,2,1,1058,10,30,3,1,Unfurnished,13252000.0,33100.0
494,96,Apartment,3,3,1303,13,31,3,2,Unfurnished,34687500.0,37700.0
495,418,Apartment,1,1,975,12,11,2,1,Unfurnished,11858000.0,31200.0
496,223,Studio,3,2,1023,12,34,5,1,Unfurnished,10058000.0,25200.0
497,175,Apartment,3,2,1532,12,32,5,0,Unfurnished,17300000.0,65000.0
498,340,Penthouse,3,2,1056,9,6,1,1,Unfurnished,15110000.0,49000.0
499,211,Apartment,1,1,536,9,29,4,2,Semi-Furnished,4255000.0,14200.0
500,84,Apartment,2,1,876,16,24,4,2,Fully-Furnished,10155000.0,33000.0
501,307,Apartment,5,4,1833,10,24,4,1,Unfurnished,26657000.0,63800.0
502,46,Villa,3,2,1197,23,5,5,1,Semi-Furnished,15708000.0,40000.0
503,328,Apartment,2,2,788,14,8,4,0,Fully-Furnished,8652000.0,23500.0
504,271,Apartment,3,3,1079,1,9,0,2,Semi-Furnished,7342000.0,23400.0
505,57,Apartment,2,2,1122,24,12,0,1,Semi-Furnished,11250000.0,35400.0
506,469,Apartment,4,4,1720,18,19,0,0,Fully-Furnished,14279000.0,45000.0
507,417,Apartment,1,1,644,17,17,5,2,Unfurnished,6383000.0,20000.0
508,492,Apartment,4,3,1690,27,15,3,2,Unfurnished,14852000.0,38000.0
509,257,Apartment,2,2,1010,14,19,1,0,Fully-Furnished,9955000.0,31800.0
510,14,Villa,2,2,943,3,22,2,0,Semi-Furnished,11826000.0,29600.0
511,283,Row House,3,2,947,22,17,0,1,Semi-Furnished,10371000.0,28700.0
512,152,Villa,3,3,1288,10,22,3,2,Unfurnished,14936000.0,38900.0
513,294,Apartment,5,5,2167,7,31,2,1,Semi-Furnished,20623000.0,36400.0
514,119,Apartment,3,3,1376,20,21,2,2,Unfurnished,13289000.0,29200.0
515,300,Studio,3,2,1048,8,14,3,2,Unfurnished,12055000.0,32100.0
516,90,Villa,3,2,1424,28,26,2,2,Unfurnished,15615000.0,62800.0
517,365,Apartment,2,2,808,26,12,1,2,Semi-Furnished,6633000.0,20600.0
518,271,Studio,2,2,962,21,5,0,2,Semi-Furnished,9129000.0,25100.0
519,348,Apartment,4,4,1794,22,7,3,1,Fully-Furnished,19230000.0,
520,376,Apartment,2,2,929,17,15,4,1,Semi-Furnished,9178000.0,12100.0
521,99,Apartment,3,3,912,16,8,3,2,Fully-Furnished,10561000.0,32200.0
522,114,Studio,3,3,1241,11,28,3,1,Unfurnished,16391000.0,21700.0
523,48,Apartment,4,4,1483,21,33,2,2,Fully-Furnished,14023000.0,39900.0
524,110,Apartment,3,3,1319,0,17,5,0,Semi-Furnished,16782000.0,30300.0
525,31,Apartment,1,1,897,13,29,2,2,Unfurnished,9205000.0,27600.0
526,114,Studio,4,3,1563,25,32,3,1,Fully-Furnished,17889000.0,37800.0
527,74,Apartment,2,1,1037,0,28,4,0,Unfurnished,10763000.0,26600.0
528,370,Apartment,2,2,848,4,23,2,1,Semi-Furnished,32545000.0,33100.0
529,433,Row House,4,3,1599,2,7,5,1,Unfurnished,13524000.0,41800.0
530,234,Penthouse,3,2,1343,8,31,2,0,Fully-Furnished,12472000.0,37500.0
531,131,Studio,2,1,1247,15,13,3,1,Unfurnished,10463000.0,27200.0
532,125,Row House,3,2,1218,14,25,3,0,Unfurnished,11976000.0,30800.0
533,74,Villa,2,1,1109,25,33,4,1,Unfurnished,10485000.0,24200.0
534,458,Studio,4,4,1575,15,12,4,1,Semi-Furnished,15697000.0,39500.0
535,43,Studio,3,3,1496,28,10,1,2,Semi-Furnished,18299000.0,45500.0
536,449,Villa,2,2,1134,5,31,2,1,Semi-Furnished,10702000.0,30100.0
537,427,Apartment,2,1,985,12,22,0,0,Unfurnished,9309000.0,23200.0
538,104,Studio,4,4,1941,8,17,1,1,Unfurnished,30918000.0,93800.0
539,126,Villa,3,3,1227,26,25,4,1,Unfurnished,14725000.0,44900.0
540,95,Apartment,2,1,1541,5,22,4,1,Unfurnished,14199000.0,30700.0
541,460,Apartment,2,2,1729,5,6,0,2,Unfurnished,19510000.0,57600.0
542,325,Apartment,3,2,1325,19,24,5,1,Semi-Furnished,13186000.0,47600.0
543,186,Apartment,1,1,769,0,5,5,2,Semi-Furnished,7376000.0,21100.0
544,241,Apartment,3,3,1544,25,10,4,2,Semi-Furnished,12583000.0,24400.0
545,294,Villa,4,4,1646,29,30,2,1,Unfurnished,13285000.0,33300.0
546,44,Apartment,2,2,1100,10,13,5,0,Semi-Furnished,11170000.0,21900.0
547,353,Apartment,3,2,1506,21,6,5,2,Unfurnished,13446000.0,32400.0
548,482,Apartment,5,5,2101,5,12,2,1,Semi-Furnished,25812000.0,68000.0
549,97,Penthouse,2,1,831,29,12,3,2,Unfurnished,9158000.0,34300.0
550,385,Apartment,2,1,1144,16,27,1,2,Unfurnished,31237500.0,41700.0
551,218,Apartment,3,3,1370,21,12,4,2,Unfurnished,11087000.0,37800.0
552,112,Apartment,1,1,730,5,29,1,2,Unfurnished,6984000.0,20900.0
553,481,Apartment,3,3,1456,3,21,5,1,Fully-Furnished,15104000.0,37600.0
554,465,Villa,2,1,1016,0,23,2,1,Unfurnished,7988000.0,27400.0
555,381,Penthouse,4,3,1595,18,25,0,1,Unfurnished,18480000.0,47300.0
556,68,Villa,3,3,1337,20,25,4,1,Unfurnished,15919000.0,35800.0
557,208,Studio,3,2,1614,29,31,3,2,Unfurnished,21977000.0,68700.0
558,25,Studio,2,2,1110,20,9,5,1,Unfurnished,11507000.0,34900.0
559,135,Villa,2,2,959,9,27,5,2,Unfurnished,10641000.0,29100.0
560,328,Studio,1,1,559,13,31,4,2,Semi-Furnished,6289000.0,14000.0
561,17,Apartment,4,3,1865,13,14,2,1,Unfurnished,20872000.0,46400.0
562,317,Studio,3,2,1280,4,6,1,2,Semi-Furnished,10049000.0,32900.0
563,465,Apartment,1,1,870,1,23,2,2,Semi-Furnished,7450000.0,22300.0
564,73,Studio,1,1,882,16,31,3,1,Semi-Furnished,9789000.0,34100.0
565,154,Row House,3,2,1196,28,20,1,1,Semi-Furnished,10912000.0,25000.0
566,349,Apartment,2,1,1091,26,11,4,1,Fully-Furnished,9577000.0,28900.0
567,425,Apartment,4,4,1906,29,27,1,1,Unfurnished,20401000.0,61000.0
568,452,Studio,2,1,1008,13,6,2,2,Unfurnished,10748000.0,25900.0
569,218,Apartment,3,3,914,0,27,4,2,Unfurnished,8101000.0,19800.0
570,48,Apartment,3,3,1565,19,32,2,1,Semi-Furnished,14988000.0,29500.0
571,270,Apartment,3,3,1062,13,22,3,1,Semi-Furnished,12906000.0,33400.0
572,66,Row House,1,1,993,22,12,1,2,Fully-Furnished,10509000.0,29200.0
573,116,Apartment,1,1,929,19,23,3,1,Unfurnished,10468000.0,29400.0
574,441,Villa,2,2,1239,0,14,4,2,Fully-Furnished,14034000.0,41800.0
575,141,Row House,3,3,1246,28,19,3,1,Fully-Furnished,13096000.0,27000.0
576,253,Studio,2,1,1141,4,11,5,1,Unfurnished,12628000.0,32000.0
577,24,Apartment,3,3,1216,21,30,5,1,Unfurnished,10126000.0,20100.0
578,377,Apartment,3,2,726,28,32,1,1,Unfurnished,6747000.0,22400.0
579,401,Apartment,3,2,931,28,14,5,1,Unfurnished,10866000.0,30900.0
580,160,Apartment,4,3,1576,20,15,1,2,Semi-Furnished,15659000.0,34400.0
581,250,Studio,1,1,852,24,19,4,0,Unfurnished,10461000.0,31200.0
582,478,Villa,2,2,1019,6,8,5,1,Unfurnished,12039000.0,34400.0
583,80,Apartment,3,2,1076,5,14,5,1,Unfurnished,8172000.0,17100.0
584,264,Studio,3,3,1495,1,5,5,1,Semi-Furnished,13247000.0,26700.0
585,92,Villa,2,1,941,9,16,2,1,Semi-Furnished,8691000.0,30200.0
586,247,Apartment,3,3,1482,26,21,4,1,Unfurnished,14346000.0,39100.0
587,333,Apartment,1,1,776,11,19,1,2,Unfurnished,6080000.0,
588,195,Apartment,3,3,1563,12,24,2,2,Unfurnished,18351000.0,38300.0
589,404,Apartment,2,2,490,23,9,2,2,Semi-Furnished,5463000.0,15800.0
590,109,Row House,1,1,533,4,15,3,0,Semi-Furnished,5053000.0,18800.0
591,494,Studio,3,2,1457,18,5,3,2,Semi-Furnished,14221000.0,35700.0
592,450,Penthouse,5,5,2009,14,22,3,0,Unfurnished,20923000.0,41300.0
593,158,Villa,4,4,1682,4,32,5,1,Unfurnished,16515000.0,44400.0
594,377,Apartment,1,1,896,6,17,1,2,Semi-Furnished,9138000.0,31500.0
595,163,Apartment,3,3,1416,8,13,2,0,Unfurnished,13491000.0,31700.0
596,336,Apartment,2,2,1216,27,21,0,1,Semi-Furnished,15446000.0,34500.0
597,493,Apartment,3,3,1028,19,10,3,1,Semi-Furnished,11869000.0,30200.0
598,450,Penthouse,2,1,834,12,11,3,1,Fully-Furnished,10342000.0,24400.0
599,61,Studio,4,4,1329,7,7,5,2,Unfurnished,13713000.0,33600.0
600,82,Apartment,4,3,1438,21,17,5,0,Semi-Furnished,16710000.0,51700.0
601,35,Apartment,3,3,1276,28,25,4,2,Unfurnished,13149000.0,35200.0
602,326,Apartment,3,3,1461,5,33,3,0,Semi-Furnished,13660000.0,36300.0
603,49,Penthouse,2,2,806,21,25,5,2,Unfurnished,9379000.0,24100.0
604,354,Studio,3,2,1537,19,33,0,2,Unfurnished,15517000.0,46500.0
605,68,Apartment,2,1,1070,15,32,4,0,Unfurnished,12528000.0,25000.0
606,254,Apartment,2,1,1129,18,10,0,1,Semi-Furnished,14730000.0,44200.0
607,245,Studio,1,1,705,21,11,2,1,Semi-Furnished,5899000.0,15600.0
608,274,Row House,3,2,1140,7,28,0,1,Fully-Furnished,11312000.0,35100.0
609,197,Studio,1,1,630,16,12,1,0,Semi-Furnished,6668000.0,13200.0
610,307,Apartment,3,3,1162,7,20,4,2,Unfurnished,14558000.0,47400.0
611,48,Apartment,3,2,1149,12,28,2,2,Unfurnished,12710000.0,34900.0
612,95,Studio,4,4,1545,8,23,4,1,Unfurnished,14165000.0,31000.0
613,51,Apartment,1,1,842,2,34,2,1,Unfurnished,8757000.0,27200.0
614,71,Apartment,2,1,1092,9,24,1,1,Semi-Furnished,10923000.0,28300.0
615,267,Studio,1,1,642,3,5,5,1,Unfurnished,8516000.0,21300.0
616,212,Row House,4,4,1627,9,13,4,2,Fully-Furnished,12946000.0,30300.0
617,438,Apartment,2,2,955,10,7,3,1,Semi-Furnished,7614000.0,19100.0
618,207,Apartment,3,2,1145,23,23,5,1,Semi-Furnished,11031000.0,21500.0
619,114,Villa,3,3,1215,6,22,3,2,Semi-Furnished,18619000.0,46700.0
620,380,Penthouse,3,2,1159,23,6,0,1,Semi-Furnished,10577000.0,27900.0
621,176,Apartment,2,2,970,18,25,1,1,Unfurnished,11747000.0,41200.0
622,455,Apartment,4,3,1367,29,31,3,1,Semi-Furnished,16438000.0,35500.0
623,139,Apartment,4,4,1650,29,25,4,0,Unfurnished,20786000.0,60300.0
624,253,Penthouse,4,3,1581,6,5,5,1,Unfurnished,17449000.0,64800.0
625,275,Studio,3,2,712,0,22,4,1,Unfurnished,7265000.0,20000.0
626,311,Apartment,2,2,903,24,7,1,2,Fully-Furnished,8162000.0,29800.0
627,359,Apartment,2,1,1083,23,18,5,2,Semi-Furnished,12145000.0,32200.0
628,370,Villa,3,2,1413,1,30,2,1,Unfurnished,18497000.0,49600.0
629,326,Apartment,4,4,1390,24,8,3,1,Semi-Furnished,17232000.0,27500.0
630,213,Studio,3,3,1148,22,22,4,1,Unfurnished,11740000.0,43700.0
631,283,Apartment,2,1,960,19,30,0,1,Semi-Furnished,9089000.0,19700.0
632,172,Studio,2,1,1129,21,22,2,1,Fully-Furnished,10891000.0,26000.0
633,191,Apartment,2,1,1119,13,10,4,0,Unfurnished,13178000.0,37400.0
634,471,Apartment,3,3,1436,4,21,4,1,Unfurnished,13317000.0,30500.0
635,111,Apartment,3,3,1189,9,8,1,1,Semi-Furnished,12750000.0,28200.0
636,8,Apartment,2,1,749,12,12,1,1,Semi-Furnished,8572000.0,28800.0
637,281,Apartment,3,2,1111,20,7,3,1,Unfurnished,12238000.0,28800.0
638,457,Row House,3,3,1379,27,12,3,2,Fully-Furnished,14664000.0,45100.0
639,478,Apartment,2,2,850,6,12,5,1,Unfurnished,9167000.0,25700.0
640,232,Studio,3,3,1590,7,32,5,2,Semi-Furnished,15101000.0,38900.0
641,172,Apartment,3,2,1072,29,21,2,1,Unfurnished,9884000.0,30600.0
642,492,Villa,3,3,1332,17,32,3,1,Unfurnished,15332000.0,50000.0
643,178,Apartment,4,4,1705,13,30,4,1,Unfurnished,18984000.0,27600.0
644,469,Villa,1,1,1114,19,32,0,0,Semi-Furnished,10149000.0,16000.0
645,425,Villa,2,2,1140,14,31,1,1,Semi-Furnished,11792000.0,27500.0
646,286,Penthouse,3,3,1496,2,32,3,0,Semi-Furnished,16801000.0,49900.0
647,277,Apartment,5,4,1926,23,29,1,1,Fully-Furnished,15058000.0,47900.0
648,181,Studio,3,3,1199,8,16,5,1,Unfurnished,9709000.0,
649,2,Apartment,5,4,1823,10,5,3,1,Semi-Furnished,15901000.0,34200.0
650,329,Apartment,1,1,658,20,30,2,0,Unfurnished,8357000.0,25800.0
651,159,Villa,1,1,854,12,26,4,2,Unfurnished,6932000.0,13200.0
652,492,Apartment,3,3,1285,27,34,3,0,Unfurnished,12486000.0,31900.0
653,72,Row House,3,3,1083,29,9,4,1,Fully-Furnished,13443000.0,38200.0
654,52,Penthouse,3,2,1038,6,5,3,1,Unfurnished,11235000.0,24300.0
655,107,Villa,4,3,1074,24,17,3,1,Unfurnished,14055000.0,38700.0
656,441,Apartment,2,1,1039,12,11,4,1,Unfurnished,12939000.0,46800.0
657,253,Apartment,4,3,1357,13,16,5,0,Semi-Furnished,15664000.0,42100.0
658,264,Row House,1,1,826,6,5,5,1,Unfurnished,7930000.0,22100.0
659,156,Apartment,2,2,704,9,6,4,1,Unfurnished,9024000.0,20700.0
660,300,Apartment,3,2,1065,7,12,3,1,Semi-Furnished,8706000.0,29400.0
661,335,Studio,2,1,715,19,17,2,2,Fully-Furnished,8630000.0,33500.0
662,33,Apartment,2,1,1241,21,16,0,1,Unfurnished,15017000.0,42300.0
663,188,Apartment,2,1,1023,11,34,2,1,Unfurnished,9469000.0,32700.0
664,8,Apartment,2,1,910,15,8,1,0,Unfurnished,9839000.0,30900.0
665,175,Studio,3,2,1113,28,30,5,1,Unfurnished,12906000.0,31300.0
666,409,Apartment,3,3,1319,24,28,5,0,Unfurnished,15122000.0,35200.0
667,401,Row House,4,3,1403,28,7,5,2,Unfurnished,13454000.0,36900.0
668,232,Studio,2,2,895,14,19,5,2,Unfurnished,9375000.0,24700.0
669,352,Apartment,5,4,1608,13,16,1,0,Semi-Furnished,22538000.0,63900.0
670,1,Apartment,3,2,864,25,16,1,2,Unfurnished,8242000.0,23400.0
671,380,Villa,3,2,1060,17,15,0,1,Unfurnished,8748000.0,27900.0
672,477,Villa,2,1,961,7,14,2,1,Semi-Furnished,9779000.0,30200.0
673,318,Studio,3,2,831,27,5,5,1,Fully-Furnished,7520000.0,16800.0
674,478,Apartment,1,1,690,1,32,5,1,Unfurnished,6887000.0,19800.0
675,265,Row House,2,1,1011,15,29,1,2,Semi-Furnished,9036000.0,25900.0
676,46,Studio,4,4,1525,4,24,5,0,Fully-Furnished,15228000.0,49600.0
677,59,Apartment,3,2,1571,21,25,1,1,Unfurnished,11411000.0,35200.0
678,196,Apartment,2,1,916,17,6,4,2,Unfurnished,10348000.0,28800.0
679,141,Apartment,1,1,1239,19,23,3,1,Fully-Furnished,12464000.0,20600.0
680,258,Apartment,1,1,680,17,20,5,0,Semi-Furnished,8062000.0,22500.0
681,272,Apartment,3,3,1356,11,11,0,1,Semi-Furnished,13283000.0,43100.0
682,384,Apartment,3,2,1325,11,30,0,2,Unfurnished,15546000.0,53000.0
683,439,Apartment,4,4,1432,8,29,0,0,Semi-Furnished,14279000.0,
684,293,Penthouse,1,1,443,15,17,2,0,Semi-Furnished,4885000.0,16200.0
685,125,Penthouse,3,3,1162,3,22,3,1,Unfurnished,12099000.0,25500.0
686,20,Apartment,3,3,1562,19,23,4,1,Unfurnished,19160000.0,39400.0
687,380,Studio,4,4,1421,7,10,0,1,Semi-Furnished,14498000.0,54200.0
688,272,Apartment,5,4,1742,15,26,0,1,Semi-Furnished,20609000.0,50600.0
689,17,Apartment,2,2,1026,7,6,2,0,Fully-Furnished,14018000.0,34800.0
690,110,Apartment,3,3,1237,11,21,5,0,Fully-Furnished,14191000.0,32400.0
691,253,Apartment,2,2,1025,13,26,5,0,Fully-Furnished,11627000.0,22900.0
692,397,Villa,5,5,1807,0,16,1,1,Fully-Furnished,19436000.0,35800.0
693,34,Row House,2,2,681,6,10,0,2,Fully-Furnished,7007000.0,18700.0
694,192,Studio,3,3,1374,3,31,1,2,Unfurnished,14513000.0,42100.0
695,342,Villa,4,4,1537,21,10,4,1,Semi-Furnished,17107000.0,62500.0
696,370,Studio,2,2,1160,18,17,2,0,Semi-Furnished,16964000.0,49600.0
697,152,Penthouse,1,1,811,28,15,3,1,Semi-Furnished,10134000.0,
698,99,Apartment,2,2,1125,21,33,3,1,Semi-Furnished,29277500.0,30400.0
699,451,Apartment,3,3,1562,28,30,4,2,Semi-Furnished,12867000.0,43800.0
700,369,Penthouse,5,5,1913,28,11,2,2,Semi-Furnished,20734000.0,74800.0
701,308,Apartment,3,2,1443,14,23,4,1,Unfurnished,13439000.0,46600.0
702,69,Apartment,2,1,786,16,20,4,1,Unfurnished,9823000.0,23400.0
703,353,Villa,2,2,1012,19,16,5,2,Semi-Furnished,10247000.0,31300.0
704,275,Apartment,2,2,650,8,12,4,2,Unfurnished,6571000.0,11100.0
705,491,Villa,3,2,1387,16,4,2,1,Unfurnished,20351000.0,67600.0
706,118,Apartment,3,3,1335,24,32,0,0,Fully-Furnished,12181000.0,29100.0
707,284,Apartment,2,1,799,20,21,1,2,Unfurnished,10266000.0,34800.0
708,398,Penthouse,3,3,1061,17,32,2,2,Unfurnished,10262000.0,30500.0
709,355,Villa,3,2,1331,25,7,2,0,Semi-Furnished,13020000.0,23400.0
710,33,Apartment,4,4,1588,22,18,0,0,Fully-Furnished,10813000.0,14900.0
711,176,Apartment,3,2,1511,14,25,1,1,Semi-Furnished,15970000.0,35600.0
712,35,Apartment,1,1,668,9,5,4,1,Unfurnished,6346000.0,15500.0
713,124,Apartment,4,4,1408,23,8,1,1,Semi-Furnished,11165000.0,37800.0
714,259,Apartment,2,1,1155,8,13,2,1,Semi-Furnished,11594000.0,35100.0
715,439,Apartment,4,4,1586,0,6,0,1,Fully-Furnished,15823000.0,44500.0
716,240,Penthouse,4,4,1655,6,19,3,1,Semi-Furnished,19068000.0,45800.0
717,277,Apartment,3,3,1755,28,7,1,1,Semi-Furnished,17828000.0,49200.0
718,27,Apartment,1,1,839,10,12,0,1,Semi-Furnished,9051000.0,29600.0
719,409,Row House,3,2,1286,19,26,5,1,Fully-Furnished,17789000.0,48600.0
720,322,Row House,2,2,942,22,17,5,2,Unfurnished,8919000.0,23300.0
721,389,Studio,2,2,1149,20,20,5,2,Semi-Furnished,13873000.0,43500.0
722,218,Apartment,3,3,1219,10,31,4,1,Unfurnished,11979000.0,23900.0
723,442,Apartment,3,2,954,15,29,5,1,Unfurnished,9031000.0,21300.0
724,252,Apartment,4,4,1450,5,5,2,2,Unfurnished,16464000.0,36800.0
725,282,Villa,3,3,1708,27,12,4,1,Semi-Furnished,19482000.0,54800.0
726,181,Villa,3,2,1339,13,19,5,0,Semi-Furnished,10134000.0,32800.0
727,91,Penthouse,1,1,573,5,19,3,1,Semi-Furnished,6429000.0,15900.0
728,369,Apartment,2,1,1065,15,32,2,1,Semi-Furnished,11821000.0,29400.0
729,305,Row House,1,1,809,24,9,1,2,Unfurnished,8683000.0,24300.0
730,209,Apartment,3,2,1116,3,11,4,1,Semi-Furnished,12379000.0,33100.0
731,303,Villa,3,2,1056,4,9,3,2,Unfurnished,11323000.0,32300.0
732,409,Penthouse,2,2,883,28,32,5,2,Semi-Furnished,12816000.0,24000.0
733,23,Apartment,3,3,847,29,31,3,1,Unfurnished,9980000.0,19100.0
734,175,Studio,2,2,1464,5,24,5,1,Semi-Furnished,15941000.0,52200.0
735,386,Apartment,2,1,806,16,32,1,1,Semi-Furnished,7510000.0,21500.0
736,7,Apartment,1,1,598,5,18,2,2,Semi-Furnished,5894000.0,18900.0
737,446,Apartment,2,2,899,26,6,5,2,Fully-Furnished,9072000.0,18700.0
738,471,Row House,2,1,866,23,5,4,1,Unfurnished,6725000.0,18700.0
739,480,Apartment,3,2,1235,14,33,0,0,Fully-Furnished,11550000.0,21400.0
740,146,Apartment,4,3,1715,17,29,0,0,Semi-Furnished,15674000.0,43500.0
741,149,Villa,3,2,932,14,29,5,1,Unfurnished,9743000.0,25700.0
742,258,Apartment,3,3,1556,6,12,5,1,Unfurnished,15962000.0,40100.0
743,213,Apartment,2,1,877,10,28,4,1,Unfurnished,9080000.0,21500.0
744,368,Studio,3,3,1585,23,29,4,1,Unfurnished,16799000.0,45700.0
745,8,Studio,2,2,698,27,17,1,1,Semi-Furnished,8722000.0,24700.0
746,121,Studio,2,2,1200,20,13,1,2,Unfurnished,9760000.0,21500.0
747,453,Row House,1,1,657,5,24,1,0,Semi-Furnished,6321000.0,17200.0
748,194,Studio,3,2,1777,28,18,4,1,Fully-Furnished,22674000.0,55100.0
749,175,Row House,2,2,828,12,30,5,1,Semi-Furnished,10142000.0,30400.0
750,497,Studio,1,1,872,20,24,4,1,Unfurnished,7646000.0,20100.0
751,130,Row House,1,1,1025,21,6,5,2,Unfurnished,7510000.0,21000.0
752,3,Apartment,2,1,835,23,10,4,2,Semi-Furnished,6578000.0,11300.0
753,307,Apartment,4,3,1333,20,32,4,1,Fully-Furnished,14742000.0,45400.0
754,332,Apartment,2,1,743,4,18,2,0,Semi-Furnished,8683000.0,22000.0
755,327,Apartment,3,2,1415,23,12,5,1,Unfurnished,16229000.0,57100.0
756,488,Apartment,2,1,969,21,19,1,1,Unfurnished,12636000.0,39200.0
757,255,Apartment,1,1,891,19,14,3,1,Semi-Furnished,11114000.0,35300.0
758,361,Row House,2,1,1005,7,6,0,0,Semi-Furnished,9175000.0,21900.0
759,437,Row House,1,1,870,1,27,3,1,Semi-Furnished,8959000.0,26100.0
760,113,Apartment,2,2,1282,1,16,5,0,Fully-Furnished,13056000.0,50300.0
761,393,Studio,4,3,1157,19,5,5,0,Unfurnished,14100000.0,40500.0
762,340,Apartment,1,1,750,9,8,1,1,Semi-Furnished,7172000.0,22400.0
763,152,Apartment,3,3,1315,7,22,3,0,Unfurnished,17424000.0,50500.0
764,142,Apartment,1,1,865,19,27,3,1,Unfurnished,9280000.0,
765,403,Row House,4,4,1572,19,16,3,2,Unfurnished,12833000.0,44200.0
766,106,Row House,1,1,813,25,34,0,1,Semi-Furnished,8608000.0,20000.0
767,76,Studio,4,4,1506,15,24,5,2,Unfurnished,17009000.0,40600.0
768,71,Penthouse,4,4,1560,25,20,1,2,Fully-Furnished,19450000.0,44400.0
769,382,Studio,3,3,1201,5,12,1,1,Unfurnished,11048000.0,30000.0
770,288,Apartment,2,1,472,12,21,2,1,Fully-Furnished,4582000.0,14300.0
771,296,Studio,2,1,1182,8,26,3,0,Fully-Furnished,12480000.0,30800.0
772,284,Studio,3,3,1304,0,15,1,0,Semi-Furnished,17356000.0,51800.0
773,185,Apartment,5,4,1777,0,14,2,2,Unfurnished,19186000.0,59800.0
774,467,Apartment,1,1,879,18,23,4,1,Unfurnished,9601000.0,28400.0
775,156,Villa,3,3,916,3,11,4,0,Unfurnished,9003000.0,29500.0
776,463,Studio,3,2,1083,15,17,1,1,Semi-Furnished,12226000.0,27100.0
777,47,Apartment,3,2,1247,22,24,2,1,Semi-Furnished,11327000.0,27800.0
778,433,Studio,4,3,1696,1,34,5,2,Unfurnished,22183000.0,54900.0
779,165,Penthouse,2,2,828,19,14,2,1,Unfurnished,7108000.0,14000.0
780,423,Row House,3,3,1267,13,14,2,1,Fully-Furnished,10242000.0,22100.0
781,380,Penthouse,1,1,965,6,15,0,1,Unfurnished,9065000.0,32800.0
782,14,Studio,4,4,1652,26,26,2,2,Unfurnished,20359000.0,50700.0
783,267,Villa,2,1,979,7,9,5,0,Fully-Furnished,8475000.0,30400.0
784,328,Apartment,1,1,518,0,34,4,2,Fully-Furnished,5635000.0,11700.0
785,481,Row House,2,2,1081,2,32,5,0,Unfurnished,11655000.0,27700.0
786,346,Villa,2,2,950,24,18,2,2,Unfurnished,9637000.0,26800.0
787,152,Apartment,2,2,973,9,12,3,0,Semi-Furnished,11645000.0,29300.0
788,72,Studio,2,2,1109,28,29,4,1,Unfurnished,10425000.0,31000.0
789,342,Apartment,3,3,1343,29,22,4,1,Semi-Furnished,16539000.0,60900.0
790,271,Studio,2,1,1016,11,30,0,2,Unfurnished,9329000.0,19400.0
791,74,Apartment,2,2,1224,18,34,4,1,Semi-Furnished,11674000.0,22000.0
792,342,Apartment,3,2,1509,21,19,4,0,Unfurnished,19256000.0,75600.0
793,18,Studio,4,3,1255,6,23,2,1,Unfurnished,13050000.0,48600.0
794,260,Villa,4,3,1478,27,16,3,1,Semi-Furnished,15740000.0,34600.0
795,444,Penthouse,4,4,1369,7,12,2,0,Semi-Furnished,17062000.0,
796,469,Apartment,2,1,798,14,16,0,2,Unfurnished,7210000.0,24700.0
797,52,Apartment,2,1,971,4,19,3,1,Unfurnished,11488000.0,37700.0
798,437,Apartment,3,2,785,11,15,3,1,Semi-Furnished,7050000.0,11800.0
799,307,Apartment,1,1,471,9,4,4,2,Unfurnished,4790000.0,12400.0
800,43,Studio,5,4,1614,9,13,1,1,Unfurnished,21003000.0,65200.0
801,139,Villa,3,3,1604,9,7,4,1,Fully-Furnished,20482000.0,25600.0
802,471,Studio,3,3,1393,28,12,4,0,Semi-Furnished,10638000.0,23800.0
803,233,Studio,3,3,1092,9,30,3,1,Semi-Furnished,9712000.0,20500.0
804,301,Apartment,2,2,953,14,13,0,1,Fully-Furnished,10718000.0,22100.0
805,468,Studio,1,1,565,12,32,1,0,Semi-Furnished,7596000.0,20100.0
806,278,Apartment,2,2,824,24,5,3,1,Unfurnished,7201000.0,26400.0
807,250,Apartment,4,3,1594,2,32,4,1,Semi-Furnished,20482000.0,61700.0
808,234,Villa,4,3,1895,18,8,2,1,Unfurnished,17169000.0,40300.0
809,333,Villa,2,2,1112,10,5,1,2,Fully-Furnished,10691000.0,32600.0
810,280,Apartment,2,2,1052,28,5,1,2,Semi-Furnished,9108000.0,17400.0
811,226,Villa,1,1,592,7,33,2,0,Unfurnished,6853000.0,23600.0
812,359,Apartment,4,4,1663,2,25,5,1,Semi-Furnished,16612000.0,
813,50,Row House,3,2,987,16,8,3,2,Fully-Furnished,9660000.0,18900.0
814,98,Penthouse,2,1,1009,3,29,2,1,Unfurnished,10342000.0,21100.0
815,102,Villa,3,2,1319,26,33,5,2,Unfurnished,13538000.0,32600.0
816,38,Apartment,2,1,1223,29,19,2,1,Semi-Furnished,12805000.0,26800.0
817,154,Studio,1,1,775,25,31,1,1,Unfurnished,8454000.0,27100.0
818,341,Apartment,3,2,1286,1,27,4,1,Semi-Furnished,12421000.0,33300.0
819,152,Villa,2,2,1284,5,34,3,1,Unfurnished,14689000.0,43200.0
820,86,Apartment,2,2,1047,20,6,2,1,Semi-Furnished,11418000.0,26200.0
821,419,Apartment,2,1,887,25,14,5,2,Unfurnished,6806000.0,21000.0
822,5,Apartment,4,4,1430,20,27,5,2,Fully-Furnished,19669000.0,43100.0
823,136,Apartment,2,2,967,29,26,3,2,Fully-Furnished,10842000.0,30600.0
824,345,Apartment,2,2,873,15,20,5,2,Fully-Furnished,8308000.0,17900.0
825,54,Studio,4,3,1628,25,28,1,0,Semi-Furnished,17172000.0,41800.0
826,346,Apartment,1,1,286,12,6,2,1,Unfurnished,3161000.0,10000.0
827,392,Row House,3,2,1076,23,22,2,2,Unfurnished,9594000.0,22600.0
828,256,Studio,2,2,1273,12,18,2,1,Semi-Furnished,12851000.0,30700.0
829,184,Apartment,4,4,1580,19,19,2,1,Semi-Furnished,17786000.0,41200.0
830,412,Apartment,4,3,1613,0,27,5,2,Fully-Furnished,15529000.0,56300.0
831,180,Apartment,3,2,1200,3,22,3,2,Semi-Furnished,14882000.0,44600.0
832,385,Apartment,3,2,1269,12,21,1,1,Semi-Furnished,17444000.0,43400.0
833,460,Apartment,3,2,1035,3,33,0,0,Unfurnished,10728000.0,27700.0
834,429,Row House,3,2,843,25,13,5,1,Fully-Furnished,8796000.0,19400.0
835,302,Apartment,3,3,1123,12,34,3,1,Semi-Furnished,11337000.0,35400.0
836,45,Apartment,2,1,792,18,16,2,1,Fully-Furnished,8794000.0,24000.0
837,443,Apartment,2,1,1221,5,10,1,1,Fully-Furnished,11536000.0,32600.0
838,463,Row House,2,2,1223,10,16,1,1,Fully-Furnished,10947000.0,28400.0
839,36,Row House,4,3,1667,18,31,1,2,Semi-Furnished,18633000.0,51200.0
840,342,Apartment,2,2,1540,20,30,4,1,Fully-Furnished,19145000.0,44700.0
841,287,Studio,2,1,1153,7,20,3,1,Semi-Furnished,14088000.0,39900.0
842,332,Penthouse,5,5,1938,14,22,2,1,Semi-Furnished,22511000.0,65600.0
843,24,Apartment,3,3,1352,15,26,5,1,Semi-Furnished,11830000.0,32300.0
844,202,Apartment,3,2,1162,17,33,0,1,Unfurnished,12811000.0,38100.0
845,397,Apartment,3,2,1354,6,30,1,1,Fully-Furnished,13168000.0,32700.0
846,316,Apartment,5,5,1892,3,4,2,0,Unfurnished,21139000.0,76800.0
847,318,Apartment,3,3,1255,2,24,5,1,Semi-Furnished,14154000.0,54600.0
848,370,Studio,5,4,2005,8,30,2,1,Semi-Furnished,21711000.0,60300.0
849,193,Apartment,3,2,975,4,28,4,2,Semi-Furnished,10888000.0,27900.0
850,408,Apartment,2,1,916,2,24,0,0,Fully-Furnished,10237000.0,24500.0
851,368,Apartment,1,1,874,21,12,4,2,Unfurnished,11251000.0,23500.0
852,381,Studio,2,2,989,7,12,0,1,Unfurnished,11675000.0,41600.0
853,326,Apartment,3,3,1143,0,31,3,1,Semi-Furnished,13795000.0,36100.0
854,189,Studio,3,2,1460,18,11,1,2,Fully-Furnished,17587000.0,57500.0
855,157,Studio,2,2,1202,5,24,3,1,Unfurnished,10976000.0,31300.0
856,261,Apartment,2,1,958,23,13,2,1,Unfurnished,10425000.0,35300.0
857,421,Studio,3,2,1171,21,24,1,0,Unfurnished,12452000.0,38300.0
858,20,Apartment,3,3,1198,1,33,4,1,Semi-Furnished,13048000.0,25700.0
859,265,Villa,4,3,1597,12,28,1,1,Semi-Furnished,15244000.0,58300.0
860,214,Penthouse,3,2,1290,13,12,4,0,Semi-Furnished,11039000.0,38300.0
861,36,Penthouse,3,3,1003,20,17,1,2,Unfurnished,11327000.0,33400.0
862,402,Studio,3,2,1170,22,26,1,1,Fully-Furnished,13647000.0,46100.0
863,483,Apartment,4,3,1931,12,10,5,1,Semi-Furnished,16278000.0,43100.0
864,120,Apartment,4,4,1824,24,24,3,1,Semi-Furnished,16432000.0,41800.0
865,260,Villa,2,2,947,4,9,3,1,Fully-Furnished,6893000.0,16300.0
866,281,Penthouse,4,3,2062,20,4,3,1,Unfurnished,25730000.0,83000.0
867,370,Penthouse,2,2,812,0,13,2,1,Unfurnished,11407000.0,
868,93,Apartment,4,3,1579,27,33,2,2,Unfurnished,20566000.0,43500.0
869,122,Apartment,5,5,2067,5,5,3,2,Fully-Furnished,22932000.0,56000.0
870,197,Studio,3,3,1201,27,15,1,1,Fully-Furnished,12580000.0,23400.0
871,166,Villa,2,2,1588,4,32,3,0,Fully-Furnished,19497000.0,52300.0
872,379,Studio,2,2,1365,12,25,1,2,Unfurnished,15635000.0,50600.0
873,186,Penthouse,3,3,1337,5,22,5,2,Semi-Furnished,14832000.0,52400.0
874,371,Studio,2,2,1265,6,20,4,0,Fully-Furnished,19360000.0,55800.0
875,62,Studio,2,1,800,11,18,1,2,Semi-Furnished,11804000.0,33300.0
876,29,Row House,2,1,1024,25,18,4,0,Semi-Furnished,11516000.0,14800.0
877,172,Apartment,1,1,501,2,12,2,1,Semi-Furnished,5783000.0,14200.0
878,236,Studio,3,3,1384,9,19,5,2,Unfurnished,14391000.0,33300.0
879,353,Apartment,1,1,1013,17,17,5,1,Unfurnished,13460000.0,40800.0
880,34,Studio,3,2,1313,28,33,0,1,Semi-Furnished,9512000.0,
881,290,Apartment,2,1,1057,4,17,0,1,Unfurnished,12858000.0,33800.0
882,246,Apartment,4,4,1222,22,18,2,1,Semi-Furnished,13600000.0,40300.0
883,472,Studio,4,3,1597,10,34,4,1,Unfurnished,18741000.0,48000.0
884,459,Apartment,2,2,1260,24,16,2,2,Fully-Furnished,15343000.0,56400.0
885,376,Studio,2,2,655,26,23,4,1,Fully-Furnished,8387000.0,17300.0
886,78,Penthouse,3,2,1092,13,11,4,1,Unfurnished,9099000.0,28000.0
887,87,Studio,4,4,1941,18,8,2,1,Unfurnished,21397000.0,51200.0
888,287,Penthouse,1,1,411,5,27,3,0,Fully-Furnished,5235000.0,17500.0
889,164,Apartment,2,1,949,10,21,5,1,Unfurnished,10603000.0,32500.0
890,463,Apartment,4,3,1608,11,12,1,1,Unfurnished,17111000.0,50100.0
891,334,Studio,4,3,1601,9,11,2,1,Fully-Furnished,15463000.0,52900.0
892,55,Villa,3,2,1209,17,26,2,2,Unfurnished,13077000.0,29800.0
893,274,Apartment,2,1,1071,0,17,0,1,Unfurnished,12918000.0,39300.0
894,412,Apartment,1,1,923,12,32,5,1,Unfurnished,10003000.0,25400.0
895,378,Studio,4,4,1257,25,4,3,1,Unfurnished,10403000.0,19200.0
896,91,Villa,1,1,498,16,24,3,0,Semi-Furnished,6113000.0,26400.0
897,137,Apartment,2,2,1231,28,14,1,1,Semi-Furnished,15065000.0,36500.0
898,203,Studio,4,4,1512,1,29,4,1,Unfurnished,18355000.0,58100.0
899,414,Studio,4,3,1518,26,20,5,2,Semi-Furnished,14186000.0,43400.0
900,455,Apartment,1,1,516,2,8,3,1,Fully-Furnished,5197000.0,17400.0
901,189,Penthouse,2,2,1089,18,10,1,2,Semi-Furnished,12870000.0,38200.0
902,373,Studio,1,1,725,10,7,1,0,Semi-Furnished,8438000.0,24800.0
903,243,Apartment,1,1,560,22,13,2,0,Unfurnished,6000000.0,17000.0
904,361,Studio,3,2,871,0,25,0,0,Semi-Furnished,8301000.0,23400.0
905,243,Apartment,1,1,844,27,14,2,1,Semi-Furnished,9233000.0,26200.0
906,418,Apartment,4,3,1242,24,19,2,0,Unfurnished,12018000.0,30700.0
907,9,Apartment,4,3,1345,0,7,5,2,Fully-Furnished,14396000.0,28500.0
908,456,Villa,3,3,1594,2,21,3,1,Unfurnished,16985000.0,35400.0
909,136,Row House,2,1,876,8,9,3,2,Semi-Furnished,8859000.0,30400.0
910,82,Apartment,2,1,1127,9,22,5,1,Fully-Furnished,15245000.0,33400.0
911,66,Apartment,2,1,1204,19,7,1,2,Unfurnished,14933000.0,52900.0
912,381,Apartment,1,1,933,18,19,0,2,Fully-Furnished,10786000.0,36000.0
913,10,Apartment,2,2,955,17,22,3,1,Unfurnished,6256000.0,14900.0
914,85,Apartment,4,3,1824,20,15,0,1,Unfurnished,19113000.0,45100.0
915,297,Row House,2,2,957,12,14,2,2,Unfurnished,8912000.0,30500.0
916,342,Apartment,2,2,851,24,12,4,1,Semi-Furnished,6122000.0,16000.0
917,244,Row House,1,1,719,16,8,0,1,Unfurnished,6026000.0,14500.0
918,32,Apartment,3,2,1083,12,34,5,2,Semi-Furnished,11295000.0,41000.0
919,465,Villa,2,2,894,26,24,2,1,Semi-Furnished,10493000.0,37000.0
920,340,Apartment,4,3,1434,28,19,1,0,Semi-Furnished,13850000.0,39700.0
921,21,Apartment,4,3,1860,10,7,4,2,Semi-Furnished,18243000.0,61900.0
922,251,Apartment,1,1,943,11,28,4,2,Fully-Furnished,10311000.0,35700.0
923,228,Studio,3,2,1150,22,7,2,2,Semi-Furnished,17599000.0,56300.0
924,305,Apartment,1,1,784,27,19,1,1,Semi-Furnished,8758000.0,18800.0
925,26,Apartment,1,1,599,12,19,3,2,Semi-Furnished,6331000.0,14900.0
926,369,Villa,3,3,1264,25,29,2,0,Fully-Furnished,14700000.0,41500.0
927,185,Apartment,1,1,1049,14,7,2,2,Unfurnished,10602000.0,25000.0
928,199,Studio,2,1,657,26,26,1,1,Semi-Furnished,6584000.0,23000.0
929,52,Apartment,4,4,759,26,14,3,1,Fully-Furnished,11700000.0,44700.0
930,4,Apartment,2,2,800,11,28,4,1,Unfurnished,9189000.0,23600.0
931,259,Apartment,4,3,1540,29,4,2,2,Unfurnished,14695000.0,42200.0
932,414,Apartment,3,2,1465,22,19,5,1,Unfurnished,14610000.0,50200.0
933,18,Apartment,1,1,1112,11,23,2,1,Semi-Furnished,13601000.0,32000.0
934,337,Apartment,4,4,1773,0,29,3,1,Semi-Furnished,16261000.0,49000.0
935,79,Row House,3,3,823,29,15,3,1,Fully-Furnished,6724000.0,18200.0
936,405,Penthouse,4,3,1788,9,23,3,1,Unfurnished,17951000.0,36300.0
937,450,Penthouse,2,2,652,13,5,3,2,Unfurnished,6724000.0,21700.0
938,236,Studio,2,2,1150,3,14,5,0,Semi-Furnished,11074000.0,22000.0
939,132,Row House,2,2,1504,16,21,2,1,Unfurnished,19916000.0,57700.0
940,377,Apartment,3,2,1122,29,9,1,2,Semi-Furnished,10745000.0,44400.0
941,129,Apartment,3,3,1239,27,28,1,1,Fully-Furnished,12167000.0,27400.0
942,25,Studio,2,1,879,26,5,5,2,Semi-Furnished,7591000.0,19300.0
943,364,Penthouse,3,3,1369,26,14,0,0,Fully-Furnished,14963000.0,31100.0
944,452,Studio,1,1,416,21,31,2,2,Semi-Furnished,4779000.0,17800.0
945,336,Apartment,2,1,811,4,15,0,1,Unfurnished,8470000.0,21700.0
946,241,Studio,3,2,1456,6,17,4,2,Semi-Furnished,14049000.0,40200.0
947,275,Apartment,2,1,1216,20,34,4,2,Unfurnished,11844000.0,35200.0
948,424,Apartment,5,4,1760,10,27,4,1,Unfurnished,17855000.0,50000.0
949,308,Villa,2,2,687,3,11,4,1,Fully-Furnished,6939000.0,20900.0
950,215,Apartment,4,4,1576,19,30,4,1,Unfurnished,14629000.0,33400.0
951,74,Villa,4,4,1585,28,15,4,1,Fully-Furnished,13685000.0,44200.0
952,180,Villa,1,1,297,24,25,3,1,Semi-Furnished,3850000.0,11900.0
953,312,Apartment,1,1,879,21,18,3,1,Semi-Furnished,8314000.0,22200.0
954,428,Penthouse,4,3,1505,20,4,4,1,Unfurnished,21187000.0,68600.0
955,9,Apartment,2,1,1083,17,14,5,1,Unfurnished,11418000.0,21200.0
956,137,Apartment,2,2,865,28,34,1,2,Unfurnished,10348000.0,24300.0
957,376,Apartment,4,3,1919,18,8,4,0,Unfurnished,17726000.0,52700.0
958,319,Apartment,4,4,1463,9,30,2,1,Semi-Furnished,16045000.0,49900.0
959,217,Villa,1,1,651,23,20,4,2,Fully-Furnished,6523000.0,14300.0
960,282,Apartment,1,1,841,4,8,4,1,Unfurnished,9715000.0,20800.0
961,110,Studio,4,3,1391,21,15,5,0,Unfurnished,16440000.0,52500.0
962,155,Apartment,2,2,614,20,31,4,1,Fully-Furnished,8126000.0,25900.0
963,145,Penthouse,2,2,843,19,8,2,0,Semi-Furnished,7753000.0,24600.0
964,246,Apartment,3,2,1129,2,20,2,2,Semi-Furnished,9369000.0,24000.0
965,193,Studio,3,2,1438,15,28,4,0,Fully-Furnished,14143000.0,44100.0
966,62,Penthouse,4,4,1677,24,13,1,1,Semi-Furnished,16901000.0,58600.0
967,66,Villa,2,1,638,0,33,1,1,Unfurnished,6961000.0,12300.0
968,27,Apartment,4,3,1288,23,4,0,1,Semi-Furnished,15586000.0,31200.0
969,337,Row House,4,3,1829,15,31,3,2,Semi-Furnished,15748000.0,37300.0
970,430,Penthouse,2,2,1045,0,24,5,1,Semi-Furnished,10738000.0,39500.0
971,391,Apartment,2,2,1208,14,32,2,2,Semi-Furnished,11949000.0,31300.0
972,360,Apartment,3,3,1659,2,17,2,1,Semi-Furnished,19352000.0,51300.0
973,486,Apartment,1,1,649,10,14,3,2,Unfurnished,7175000.0,23500.0
974,352,Apartment,2,2,1174,29,33,1,2,Fully-Furnished,12139000.0,28500.0
975,414,Penthouse,5,5,2053,12,29,5,2,Unfurnished,21838000.0,51200.0
976,21,Villa,5,4,1961,18,13,4,1,Fully-Furnished,21727000.0,55100.0
977,38,Apartment,3,3,1691,3,22,2,1,Semi-Furnished,17044000.0,48800.0
978,405,Apartment,3,3,1214,2,28,3,1,Unfurnished,13072000.0,32700.0
979,194,Apartment,2,2,460,28,11,4,2,Semi-Furnished,5096000.0,11300.0
980,272,Penthouse,3,2,878,18,29,0,1,Unfurnished,9909000.0,31600.0
981,218,Villa,2,1,947,15,22,4,1,Fully-Furnished,8205000.0,20300.0
982,129,Studio,3,3,729,1,33,1,2,Fully-Furnished,8182000.0,16700.0
983,165,Apartment,2,2,1109,5,24,2,2,Fully-Furnished,10004000.0,33200.0
984,343,Penthouse,3,3,1044,15,30,3,1,Unfurnished,12699000.0,36100.0
985,122,Studio,1,1,1210,14,7,3,1,Unfurnished,11818000.0,31200.0
986,368,Apartment,1,1,389,9,6,4,0,Semi-Furnished,4256000.0,12300.0
987,302,Penthouse,2,1,1022,23,24,3,1,Unfurnished,10685000.0,28200.0
988,158,Studio,3,2,1411,18,11,5,1,Semi-Furnished,11048000.0,37600.0
989,93,Apartment,1,1,757,17,9,2,2,Fully-Furnished,11651000.0,22800.0
990,447,Apartment,2,2,1135,6,26,4,1,Fully-Furnished,12337000.0,27600.0
991,236,Studio,3,3,1607,26,16,5,1,Fully-Furnished,15372000.0,40500.0
992,490,Apartment,4,3,2076,9,13,5,1,Semi-Furnished,17968000.0,47300.0
993,428,Apartment,3,2,1130,26,30,4,1,Semi-Furnished,14985000.0,52300.0
994,389,Apartment,2,1,1100,2,12,5,1,Semi-Furnished,10979000.0,31600.0
995,254,Apartment,3,2,1076,24,16,0,1,Unfurnished,12762000.0,37300.0
996,333,Villa,2,1,1263,3,4,1,0,Fully-Furnished,9719000.0,33300.0
997,139,Penthouse,2,1,981,11,18,4,2,Semi-Furnished,11994000.0,21000.0
998,218,Studio,2,1,913,24,17,4,2,Fully-Furnished,8357000.0,18500.0
999,261,Apartment,2,2,1077,26,30,2,1,Semi-Furnished,13197000.0,34600.0
1000,495,Apartment,3,3,505,24,31,1,1,Semi-Furnished,5529000.0,11300.0
1001,51,Row House,3,3,1247,17,26,2,0,Unfurnished,13842000.0,39100.0
1002,48,Studio,3,2,977,11,16,2,1,Unfurnished,8861000.0,28000.0
1003,34,Villa,3,3,1357,28,24,0,1,Semi-Furnished,13409000.0,
1004,10,Apartment,3,3,1454,9,15,3,1,Fully-Furnished,10084000.0,28500.0
1005,190,Apartment,4,4,1765,18,8,3,1,Fully-Furnished,21371000.0,61000.0
1006,229,Studio,2,1,1069,2,26,3,2,Fully-Furnished,10412000.0,24400.0
1007,91,Studio,5,4,1758,17,14,3,1,Semi-Furnished,18652000.0,60500.0
1008,87,Studio,3,3,1090,12,5,2,1,Semi-Furnished,9480000.0,20800.0
1009,231,Penthouse,2,1,1276,17,19,4,2,Semi-Furnished,12857000.0,34400.0
1010,130,Penthouse,2,1,838,15,26,5,1,Unfurnished,7790000.0,
1011,325,Villa,2,1,1420,8,13,5,1,Fully-Furnished,15607000.0,49300.0
1012,407,Apartment,5,5,2229,27,29,1,2,Unfurnished,20415000.0,44800.0
1013,30,Apartment,2,1,1352,12,16,1,1,Semi-Furnished,12326000.0,34900.0
1014,173,Apartment,1,1,702,9,18,3,0,Semi-Furnished,6717000.0,17000.0
1015,444,Apartment,2,1,955,19,22,2,2,Unfurnished,13587000.0,48100.0
1016,83,Studio,2,1,1140,8,31,2,0,Semi-Furnished,11847000.0,40400.0
1017,443,Penthouse,1,1,622,11,7,1,1,Unfurnished,6343000.0,14400.0
1018,179,Penthouse,4,3,1707,20,20,2,1,Unfurnished,22495000.0,
1019,179,Villa,2,2,840,8,18,2,2,Fully-Furnished,9442000.0,25300.0
1020,33,Apartment,2,2,541,17,33,0,2,Unfurnished,5384000.0,14300.0
1021,131,Apartment,2,2,1270,15,29,3,1,Fully-Furnished,12962000.0,34000.0
1022,444,Studio,4,4,1355,2,12,2,1,Semi-Furnished,15427000.0,47700.0
1023,84,Apartment,3,3,1243,8,26,4,1,Fully-Furnished,14326000.0,32900.0
1024,196,Studio,5,4,1647,25,22,4,0,Unfurnished,13385000.0,33800.0
1025,437,Apartment,2,2,909,15,11,3,1,Semi-Furnished,10542000.0,24400.0
1026,167,Villa,3,2,890,14,10,1,1,Semi-Furnished,8404000.0,25200.0
1027,441,Apartment,2,1,1138,26,9,4,1,Unfurnished,11751000.0,38300.0
1028,399,Apartment,2,1,1174,6,26,5,1,Fully-Furnished,12856000.0,28500.0
1029,252,Penthouse,3,2,1381,11,12,2,2,Unfurnished,12599000.0,36800.0
1030,106,Studio,3,2,1390,9,23,0,1,Unfurnished,14635000.0,25800.0
1031,246,Apartment,1,1,630,25,23,2,1,Unfurnished,6182000.0,20100.0
1032,361,Studio,4,4,1661,11,21,0,1,Fully-Furnished,18075000.0,33700.0
1033,322,Apartment,2,2,1137,0,4,5,1,Semi-Furnished,11246000.0,31800.0
1034,433,Penthouse,2,2,1053,24,29,5,2,Semi-Furnished,11177000.0,28300.0
1035,228,Penthouse,2,1,786,10,26,2,1,Semi-Furnished,10794000.0,
1036,224,Studio,3,3,1409,17,23,0,2,Unfurnished,15008000.0,34000.0
1037,477,Apartment,2,2,733,4,7,2,1,Unfurnished,8591000.0,24000.0
1038,405,Apartment,3,3,869,18,19,3,1,Semi-Furnished,9222000.0,21400.0
1039,397,Apartment,3,2,1180,14,27,1,2,Unfurnished,17689000.0,31300.0
1040,251,Apartment,2,2,1510,11,19,4,2,Unfurnished,15019000.0,46600.0
1041,430,Row House,2,2,688,6,13,5,2,Fully-Furnished,6922000.0,19200.0
1042,494,Studio,1,1,558,18,17,3,1,Unfurnished,6006000.0,13400.0
1043,206,Apartment,2,2,914,26,34,3,2,Semi-Furnished,8956000.0,
1044,245,Row House,4,3,1576,3,14,2,1,Semi-Furnished,15740000.0,39700.0
1045,199,Villa,2,1,728,29,28,1,0,Fully-Furnished,6233000.0,13600.0
1046,136,Apartment,2,2,1363,5,33,3,1,Semi-Furnished,15875000.0,48700.0
1047,212,Villa,3,2,1361,25,28,4,2,Unfurnished,11023000.0,26200.0
1048,127,Apartment,2,1,1056,26,16,2,1,Unfurnished,14444000.0,33700.0
1049,15,Apartment,1,1,676,17,24,3,1,Semi-Furnished,6703000.0,24700.0
1050,137,Row House,1,1,729,28,25,1,1,Semi-Furnished,9553000.0,33500.0
1051,53,Row House,2,1,708,3,14,4,1,Fully-Furnished,6328000.0,11100.0
1052,119,Apartment,2,1,1264,15,31,2,2,Semi-Furnished,14454000.0,35000.0
1053,409,Studio,2,1,1027,17,9,5,1,Unfurnished,12456000.0,22200.0
1054,480,Villa,2,1,1347,4,22,0,1,Fully-Furnished,14002000.0,35200.0
1055,487,Apartment,3,3,1393,1,13,3,2,Unfurnished,14908000.0,42100.0
1056,215,Apartment,4,3,1707,16,29,4,0,Fully-Furnished,15308000.0,38800.0
1057,257,Row House,3,2,1283,17,23,1,2,Fully-Furnished,12953000.0,41700.0
1058,376,Apartment,3,2,1216,12,5,4,1,Semi-Furnished,12661000.0,47300.0
1059,231,Apartment,2,1,1197,22,21,4,1,Unfurnished,12031000.0,35200.0
1060,44,Apartment,4,4,1636,2,5,5,1,Semi-Furnished,13541000.0,36100.0
1061,308,Studio,2,2,670,28,30,4,1,Semi-Furnished,7803000.0,29700.0
1062,271,Penthouse,2,2,822,17,5,0,1,Unfurnished,8072000.0,
1063,39,Apartment,3,3,1445,5,34,2,1,Semi-Furnished,14366000.0,37400.0
1064,335,Apartment,2,1,658,16,33,2,1,Fully-Furnished,7896000.0,25800.0
1065,362,Studio,2,1,1025,14,25,5,1,Unfurnished,9732000.0,24200.0
1066,131,Apartment,3,3,979,29,9,3,0,Unfurnished,10209000.0,29500.0
1067,451,Apartment,2,2,1076,21,23,4,1,Fully-Furnished,12479000.0,38400.0
1068,199,Row House,1,1,704,15,14,1,1,Fully-Furnished,6246000.0,17000.0
1069,99,Row House,1,1,555,3,4,3,1,Semi-Furnished,6318000.0,18200.0
1070,279,Row House,4,4,1799,0,31,4,0,Fully-Furnished,15899000.0,51700.0
1071,65,Apartment,5,4,2085,28,22,3,2,Semi-Furnished,24789000.0,91400.0
1072,463,Penthouse,2,1,847,3,32,1,0,Semi-Furnished,8775000.0,23800.0
1073,184,Studio,2,2,820,11,9,2,1,Semi-Furnished,10131000.0,28900.0
1074,478,Villa,4,4,1744,12,13,5,1,Unfurnished,19368000.0,45400.0
1075,22,Villa,4,3,1266,7,32,5,2,Fully-Furnished,13272000.0,
1076,235,Apartment,2,2,1248,15,14,5,1,Unfurnished,11715000.0,
1077,113,Apartment,2,2,900,18,30,5,0,Fully-Furnished,7770000.0,21400.0
1078,90,Apartment,4,4,1435,19,30,2,1,Unfurnished,14134000.0,28500.0
1079,200,Apartment,4,3,1556,3,12,4,0,Unfurnished,17703000.0,33900.0
1080,450,Studio,2,1,1397,28,11,3,0,Unfurnished,14337000.0,34100.0
1081,17,Apartment,2,1,718,17,18,2,2,Unfurnished,9768000.0,22200.0
1082,352,Apartment,4,3,1310,28,4,1,2,Fully-Furnished,13723000.0,33700.0
1083,286,Apartment,3,3,1116,16,25,3,1,Fully-Furnished,15198000.0,39800.0
1084,461,Apartment,2,1,1131,15,7,5,1,Unfurnished,14565000.0,51600.0
1085,314,Villa,4,3,1652,2,20,3,1,Semi-Furnished,19586000.0,50100.0
1086,189,Apartment,2,2,834,9,18,1,1,Semi-Furnished,10709000.0,27400.0
1087,318,Apartment,2,1,1004,16,25,5,1,Semi-Furnished,10267000.0,22900.0
1088,442,Villa,1,1,351,20,24,5,0,Unfurnished,3088000.0,8800.0
1089,477,Studio,4,4,1552,7,15,2,0,Fully-Furnished,16143000.0,31600.0
1090,172,Villa,2,1,731,13,32,2,2,Unfurnished,7241000.0,20200.0
1091,271,Studio,1,1,250,12,31,0,0,Fully-Furnished,2044000.0,4700.0
1092,24,Apartment,4,4,1549,16,30,5,1,Fully-Furnished,17056000.0,43200.0
1093,279,Row House,3,2,1412,19,6,4,1,Unfurnished,15810000.0,44500.0
1094,141,Villa,2,1,787,16,33,3,2,Semi-Furnished,7850000.0,20900.0
1095,401,Apartment,1,1,634,13,21,5,1,Semi-Furnished,5567000.0,19300.0
1096,38,Apartment,4,4,1514,15,25,2,1,Unfurnished,16237000.0,44000.0
1097,269,Apartment,4,4,1737,23,8,2,1,Semi-Furnished,20716000.0,61000.0
1098,138,Apartment,4,4,1606,14,13,3,2,Unfurnished,14653000.0,43700.0
1099,210,Studio,4,3,1548,18,29,3,1,Semi-Furnished,17632000.0,55000.0
1100,44,Studio,3,3,1529,10,10,5,1,Unfurnished,13378000.0,45500.0
1101,162,Apartment,2,2,867,11,19,4,1,Fully-Furnished,7559000.0,22900.0
1102,82,Apartment,4,3,1412,14,33,5,1,Semi-Furnished,16755000.0,62500.0
1103,297,Apartment,3,2,1357,24,32,2,2,Unfurnished,13574000.0,36000.0
1104,361,Apartment,1,1,1010,25,10,0,1,Unfurnished,10754000.0,34700.0
1105,217,Apartment,2,1,666,1,33,4,2,Fully-Furnished,6876000.0,19700.0
1106,237,Villa,4,4,1464,12,8,5,2,Fully-Furnished,18979000.0,44300.0
1107,414,Apartment,2,1,1029,1,12,5,0,Fully-Furnished,11658000.0,34600.0
1108,185,Apartment,3,2,1565,21,31,2,0,Unfurnished,20672000.0,62200.0
1109,316,Studio,1,1,313,22,13,2,1,Fully-Furnished,3255000.0,9000.0
1110,401,Apartment,2,2,1019,2,34,5,1,Semi-Furnished,11408000.0,39900.0
1111,349,Apartment,2,2,1050,12,32,4,1,Unfurnished,9659000.0,31400.0
1112,294,Apartment,2,2,551,1,23,2,1,Unfurnished,4628000.0,9100.0
1113,102,Apartment,1,1,797,7,13,5,2,Unfurnished,7404000.0,16600.0
1114,243,Apartment,1,1,1065,7,7,2,0,Fully-Furnished,11831000.0,31500.0
1115,100,Villa,2,1,821,1,31,2,1,Semi-Furnished,7627000.0,11100.0
1116,182,Apartment,3,2,1476,6,24,1,0,Semi-Furnished,16490000.0,42700.0
1117,15,Villa,3,2,1610,14,24,3,2,Unfurnished,16030000.0,50300.0
1118,165,Apartment,3,2,1367,9,30,2,1,Unfurnished,14470000.0,30800.0
1119,324,Studio,2,2,683,2,27,5,2,Fully-Furnished,7931000.0,25900.0
1120,137,Apartment,2,2,1020,26,18,1,1,Unfurnished,12307000.0,39100.0
1121,295,Apartment,3,3,1234,13,19,5,2,Unfurnished,14043000.0,29800.0
1122,113,Studio,2,2,867,11,27,5,0,Fully-Furnished,9484000.0,25600.0
1123,395,Apartment,2,2,1052,29,19,0,2,Unfurnished,10884000.0,24700.0
1124,303,Studio,1,1,619,26,7,3,0,Fully-Furnished,5968000.0,
1125,301,Apartment,4,3,1626,2,32,0,1,Unfurnished,17249000.0,51800.0
1126,81,Studio,2,1,933,19,15,4,1,Fully-Furnished,9372000.0,31700.0
1127,284,Apartment,1,1,989,9,8,1,2,Unfurnished,11074000.0,25800.0
1128,307,Apartment,2,2,1007,14,4,4,2,Unfurnished,11637000.0,31700.0
1129,497,Penthouse,3,2,1584,10,7,4,1,Unfurnished,16224000.0,46400.0
1130,291,Row House,1,1,462,23,32,1,2,Unfurnished,4781000.0,11100.0
1131,223,Apartment,3,2,1144,5,12,5,2,Fully-Furnished,13246000.0,38600.0
1132,290,Penthouse,1,1,724,9,17,0,1,Unfurnished,9135000.0,23600.0
1133,176,Apartment,2,1,1063,24,7,1,1,Fully-Furnished,11176000.0,24000.0
1134,416,Apartment,2,1,995,4,9,0,2,Unfurnished,11210000.0,22800.0
1135,31,Apartment,3,3,1400,22,10,2,0,Fully-Furnished,16799000.0,47100.0
1136,79,Apartment,2,1,800,24,32,3,2,Unfurnished,6896000.0,17600.0
1137,121,Apartment,2,2,1380,24,27,1,2,Fully-Furnished,14203000.0,46600.0
1138,123,Studio,3,2,1161,17,20,1,1,Semi-Furnished,13249000.0,31400.0
1139,109,Apartment,3,2,1736,12,8,3,1,Semi-Furnished,19368000.0,41900.0
1140,8,Apartment,4,4,1697,21,31,1,2,Unfurnished,17749000.0,54200.0
1141,395,Apartment,5,5,1944,15,26,0,2,Semi-Furnished,18921000.0,46900.0
1142,323,Row House,1,1,648,15,27,1,1,Unfurnished,7932000.0,25600.0
1143,53,Apartment,2,1,1049,28,26,4,0,Semi-Furnished,10657000.0,23300.0
1144,14,Apartment,4,3,1334,27,28,2,1,Fully-Furnished,17656000.0,58400.0
1145,1,Apartment,2,2,1161,25,25,1,0,Unfurnished,12692000.0,
1146,127,Row House,3,3,1255,10,28,2,2,Semi-Furnished,12461000.0,26000.0
1147,160,Studio,5,5,2111,10,27,1,2,Semi-Furnished,18539000.0,51900.0
1148,234,Villa,2,2,834,25,8,2,1,Semi-Furnished,6902000.0,18600.0
1149,437,Villa,2,1,1096,0,21,3,1,Unfurnished,12946000.0,33300.0
1150,320,Apartment,1,1,692,23,34,3,2,Semi-Furnished,8272000.0,28700.0
1151,253,Studio,2,2,675,5,22,5,1,Semi-Furnished,7604000.0,19600.0
1152,362,Villa,1,1,984,12,22,5,2,Unfurnished,10375000.0,27000.0
1153,290,Apartment,1,1,820,24,7,0,2,Unfurnished,10174000.0,22700.0
1154,113,Row House,1,1,494,0,21,5,1,Semi-Furnished,6247000.0,20000.0
1155,312,Row House,3,2,1636,16,31,3,1,Unfurnished,15419000.0,46500.0
1156,311,Studio,2,1,748,24,14,1,1,Unfurnished,7912000.0,24000.0
1157,146,Villa,2,1,970,21,21,0,0,Unfurnished,9728000.0,24100.0
1158,389,Row House,2,1,1098,21,34,5,1,Unfurnished,10948000.0,36100.0
1159,397,Studio,2,1,1204,0,12,1,1,Unfurnished,16679000.0,40100.0
1160,149,Penthouse,3,2,1326,2,18,5,1,Unfurnished,11668000.0,26500.0
1161,415,Apartment,3,2,1053,7,18,4,1,Semi-Furnished,12930000.0,28200.0
1162,406,Apartment,2,1,765,4,11,1,1,Fully-Furnished,5727000.0,12800.0
1163,196,Studio,3,2,1512,17,5,4,2,Semi-Furnished,17711000.0,22100.0
1164,440,Villa,4,4,1332,24,24,2,1,Semi-Furnished,14207000.0,43800.0
1165,372,Apartment,3,3,1392,28,4,5,1,Unfurnished,14673000.0,34700.0
1166,56,Studio,1,1,930,1,34,4,1,Fully-Furnished,8967000.0,28400.0
1167,377,Apartment,3,3,944,27,30,1,0,Unfurnished,8624000.0,13700.0
1168,90,Apartment,4,4,1660,4,21,2,2,Unfurnished,14819000.0,44400.0
1169,334,Villa,2,2,1345,4,21,2,1,Fully-Furnished,11998000.0,38700.0
1170,184,Studio,5,5,2022,20,25,2,2,Unfurnished,14315000.0,58800.0
1171,405,Studio,2,2,1310,13,10,3,2,Fully-Furnished,15262000.0,28500.0
1172,329,Studio,1,1,989,24,6,2,0,Fully-Furnished,12005000.0,34300.0
1173,122,Penthouse,3,2,1270,23,29,3,1,Semi-Furnished,13281000.0,23700.0
1174,398,Apartment,2,2,1073,4,21,2,2,Semi-Furnished,12568000.0,36300.0
1175,335,Penthouse,3,2,1451,7,15,2,1,Unfurnished,18960000.0,45000.0
1176,368,Penthouse,1,1,1107,12,17,4,1,Fully-Furnished,11606000.0,34400.0
1177,299,Apartment,2,2,813,16,20,3,2,Unfurnished,7327000.0,17500.0
1178,446,Apartment,1,1,965,17,20,5,1,Semi-Furnished,13283000.0,24800.0
1179,383,Apartment,2,2,764,1,19,1,2,Unfurnished,9372000.0,28100.0
1180,55,Apartment,4,4,1520,23,28,2,0,Unfurnished,15071000.0,37700.0
1181,248,Apartment,5,4,1623,1,29,5,1,Semi-Furnished,17667000.0,45400.0
1182,234,Apartment,2,1,1086,10,6,2,2,Semi-Furnished,11037000.0,31100.0
1183,37,Apartment,4,4,1890,10,22,4,2,Fully-Furnished,16660000.0,51700.0
1184,414,Apartment,2,1,1055,18,34,5,1,Semi-Furnished,10311000.0,45800.0
1185,209,Apartment,1,1,833,12,7,4,0,Semi-Furnished,8866000.0,30900.0
1186,63,Villa,3,3,1021,2,29,1,1,Semi-Furnished,13030000.0,46000.0
1187,89,Apartment,3,3,1563,0,14,4,1,Unfurnished,13418000.0,31500.0
1188,232,Row House,4,3,1524,11,28,5,2,Unfurnished,15379000.0,38800.0
1189,384,Penthouse,2,1,1353,29,9,0,0,Semi-Furnished,18473000.0,48700.0
1190,65,Apartment,5,4,1564,1,34,3,1,Unfurnished,14763000.0,39100.0
1191,30,Apartment,5,5,1817,27,5,1,2,Semi-Furnished,14827000.0,32700.0
1192,472,Apartment,4,3,1675,16,15,4,0,Semi-Furnished,13053000.0,30500.0
1193,37,Apartment,1,1,591,5,15,4,1,Unfurnished,6160000.0,18600.0
1194,347,Studio,2,2,947,9,4,2,0,Unfurnished,11080000.0,26900.0
1195,245,Apartment,4,4,1164,9,30,2,1,Unfurnished,13873000.0,36800.0
1196,180,Apartment,2,1,345,21,13,3,1,Semi-Furnished,3928000.0,10600.0
1197,77,Apartment,2,2,1122,21,17,5,0,Semi-Furnished,14142000.0,35600.0
1198,448,Studio,2,2,732,19,12,5,1,Fully-Furnished,7842000.0,20000.0
1199,290,Apartment,3,2,1455,16,32,0,2,Semi-Furnished,20025000.0,75000.0
1200,460,Apartment,2,2,1667,25,27,0,1,Unfurnished,16884000.0,43700.0
1201,440,Apartment,5,4,1872,11,27,2,2,Semi-Furnished,21429000.0,63000.0
1202,239,Apartment,2,2,1013,6,7,1,1,Fully-Furnished,11550000.0,29600.0
1203,484,Apartment,5,4,1753,25,22,5,2,Fully-Furnished,18903000.0,40300.0
1204,267,Apartment,4,4,1474,12,19,5,1,Fully-Furnished,15392000.0,40500.0
1205,7,Studio,2,1,923,6,14,2,0,Fully-Furnished,9463000.0,30300.0
1206,397,Studio,2,2,948,9,5,1,2,Unfurnished,12827000.0,40700.0
1207,177,Apartment,2,2,953,18,9,1,1,Unfurnished,9513000.0,34900.0
1208,107,Apartment,3,3,1467,18,29,3,1,Unfurnished,16526000.0,45600.0
1209,495,Apartment,2,1,1017,20,25,1,1,Fully-Furnished,11145000.0,33600.0
1210,218,Apartment,5,5,1834,16,24,4,1,Semi-Furnished,13000000.0,28100.0
1211,28,Apartment,3,2,1221,12,31,1,1,Unfurnished,15074000.0,36700.0
1212,257,Apartment,3,2,1252,11,29,1,1,Fully-Furnished,13838000.0,38900.0
1213,451,Penthouse,3,3,1223,6,23,4,2,Unfurnished,11851000.0,26700.0
1214,142,Apartment,2,1,799,1,16,3,0,Semi-Furnished,10679000.0,26100.0
1215,477,Villa,5,5,1555,5,14,2,1,Unfurnished,16556000.0,44700.0
1216,250,Apartment,3,2,1478,3,8,4,1,Semi-Furnished,14280000.0,56500.0
1217,110,Penthouse,3,2,1593,24,17,5,0,Unfurnished,13829000.0,32500.0
1218,373,Row House,5,4,1911,16,17,1,2,Semi-Furnished,26119000.0,68700.0
1219,80,Studio,2,1,489,0,16,5,2,Unfurnished,5174000.0,11200.0
1220,141,Villa,3,3,982,15,29,3,2,Unfurnished,9215000.0,28500.0
1221,383,Studio,4,3,1581,13,28,1,2,Semi-Furnished,15965000.0,56100.0
1222,62,Apartment,2,2,1365,25,12,1,1,Unfurnished,15452000.0,32900.0
1223,87,Apartment,2,1,932,2,21,2,1,Fully-Furnished,10989000.0,33200.0
1224,429,Apartment,3,2,1449,15,14,5,0,Unfurnished,13271000.0,43200.0
1225,438,Penthouse,2,1,845,18,28,3,1,Semi-Furnished,5573000.0,7900.0
1226,119,Apartment,2,1,1032,10,10,2,1,Unfurnished,12991000.0,36500.0
1227,368,Apartment,3,3,1335,17,16,4,2,Semi-Furnished,13435000.0,41600.0
1228,50,Apartment,4,3,2014,25,12,3,1,Unfurnished,21674000.0,55400.0
1229,349,Apartment,2,1,736,3,17,4,1,Unfurnished,7598000.0,21900.0
1230,249,Apartment,4,3,1673,1,29,3,1,Semi-Furnished,16277000.0,42900.0
1231,393,Row House,2,1,1001,20,18,5,0,Semi-Furnished,9206000.0,22300.0
1232,339,Apartment,2,1,1302,4,6,3,1,Semi-Furnished,11975000.0,31800.0
1233,34,Apartment,3,2,1437,7,20,0,2,Semi-Furnished,14577000.0,27500.0
1234,418,Studio,2,1,766,27,32,2,1,Semi-Furnished,10395000.0,39200.0
1235,277,Apartment,2,2,1031,3,19,1,1,Unfurnished,9611000.0,22500.0
1236,461,Villa,4,4,1671,6,7,5,1,Unfurnished,22289000.0,47200.0
1237,64,Row House,3,2,1149,17,8,4,2,Unfurnished,9004000.0,33100.0
1238,85,Penthouse,2,1,1060,23,31,0,0,Unfurnished,10568000.0,23000.0
1239,453,Apartment,4,3,1723,29,19,1,1,Unfurnished,19283000.0,57500.0
1240,218,Penthouse,3,2,1212,10,34,4,1,Semi-Furnished,12192000.0,31000.0
1241,76,Apartment,2,2,831,28,21,5,1,Unfurnished,9314000.0,30100.0
1242,166,Row House,3,2,1071,2,9,3,1,Unfurnished,11835000.0,30700.0
1243,211,Studio,5,4,1923,29,18,4,2,Fully-Furnished,21245000.0,73100.0
1244,27,Penthouse,3,2,1346,23,7,0,2,Unfurnished,16862000.0,36800.0
1245,222,Villa,2,2,918,1,32,4,1,Fully-Furnished,10585000.0,33200.0
1246,264,Apartment,1,1,945,13,15,5,1,Fully-Furnished,8982000.0,22800.0
1247,243,Apartment,1,1,767,4,24,2,1,Unfurnished,7848000.0,23700.0
1248,1,Apartment,2,2,748,18,8,1,2,Fully-Furnished,7514000.0,23000.0
1249,87,Apartment,3,3,1439,1,14,2,0,Unfurnished,12545000.0,30400.0
1250,255,Villa,4,3,1726,4,22,3,1,Unfurnished,20321000.0,58600.0
1251,35,Apartment,3,3,1003,9,21,4,1,Unfurnished,10118000.0,27600.0
1252,155,Row House,2,1,1089,12,22,4,0,Semi-Furnished,10998000.0,31100.0
1253,418,Apartment,2,1,702,20,31,2,0,Semi-Furnished,8663000.0,23100.0
1254,333,Apartment,1,1,331,14,30,1,1,Unfurnished,2706000.0,8300.0
1255,136,Penthouse,5,4,1604,0,12,3,1,Fully-Furnished,19667000.0,41600.0
1256,482,Apartment,1,1,519,25,33,2,1,Semi-Furnished,6610000.0,15900.0
1257,431,Apartment,2,2,969,13,20,1,1,Semi-Furnished,11181000.0,30400.0
1258,18,Apartment,3,3,1480,3,27,2,1,Fully-Furnished,16536000.0,32400.0
1259,247,Apartment,2,1,772,3,9,4,2,Semi-Furnished,7828000.0,27400.0
1260,233,Apartment,1,1,820,7,11,3,1,Fully-Furnished,8673000.0,25100.0
1261,384,Apartment,3,3,1012,14,16,0,2,Semi-Furnished,12422000.0,32600.0
1262,195,Apartment,1,1,696,16,30,2,0,Unfurnished,7983000.0,20500.0
1263,282,Penthouse,3,2,1418,0,5,4,0,Unfurnished,18018000.0,48900.0
1264,29,Apartment,2,2,1539,28,8,4,1,Fully-Furnished,19521000.0,67200.0
1265,346,Row House,2,2,928,5,27,2,1,Fully-Furnished,9941000.0,22900.0
1266,219,Apartment,4,4,1361,13,23,2,1,Unfurnished,15738000.0,60400.0
1267,342,Studio,3,2,1287,10,27,4,1,Semi-Furnished,11126000.0,22300.0
1268,156,Apartment,2,2,898,13,20,4,2,Semi-Furnished,8639000.0,17200.0
1269,318,Apartment,5,4,2132,20,25,5,1,Semi-Furnished,25653000.0,53500.0
1270,285,Apartment,5,5,2054,11,24,2,0,Semi-Furnished,22689000.0,74400.0
1271,226,Apartment,2,2,721,4,4,2,1,Fully-Furnished,9278000.0,16200.0
1272,435,Apartment,2,1,927,26,11,3,1,Semi-Furnished,7105000.0,15500.0
1273,140,Row House,2,1,1302,9,27,1,0,Unfurnished,16396000.0,51000.0
1274,349,Apartment,3,2,989,29,23,4,1,Unfurnished,9174000.0,23600.0
1275,141,Apartment,3,2,1517,27,16,3,1,Fully-Furnished,14431000.0,42600.0
1276,292,Apartment,1,1,700,8,29,5,1,Unfurnished,9108000.0,27200.0
1277,403,Studio,4,3,1336,27,26,3,1,Fully-Furnished,14471000.0,38600.0
1278,305,Apartment,2,2,1199,4,21,1,1,Unfurnished,13880000.0,40100.0
1279,74,Penthouse,3,3,1228,14,28,4,1,Unfurnished,12749000.0,44600.0
1280,186,Studio,2,2,778,16,4,5,0,Unfurnished,6595000.0,19300.0
1281,399,Apartment,2,2,1330,18,17,5,0,Semi-Furnished,12105000.0,26600.0
1282,59,Villa,1,1,646,2,30,1,1,Unfurnished,6784000.0,19500.0
1283,251,Apartment,3,2,1301,24,5,4,1,Fully-Furnished,13823000.0,29500.0
1284,67,Apartment,2,1,705,26,11,4,1,Unfurnished,6803000.0,18700.0
1285,4,Studio,3,3,1350,24,23,4,2,Semi-Furnished,15323000.0,40400.0
1286,465,Row House,3,3,1134,2,26,2,1,Fully-Furnished,10827000.0,31800.0
1287,425,Apartment,1,1,1156,21,29,1,2,Unfurnished,11584000.0,30600.0
1288,319,Row House,3,3,1100,24,16,2,0,Unfurnished,13044000.0,40200.0
1289,319,Penthouse,2,1,1285,19,30,2,2,Unfurnished,13326000.0,31800.0
1290,62,Studio,4,4,1512,2,5,1,1,Semi-Furnished,16240000.0,42000.0
1291,50,Row House,4,3,1589,16,8,3,2,Semi-Furnished,16398000.0,46300.0
1292,275,Row House,4,4,1285,19,20,4,1,Unfurnished,12705000.0,31900.0
1293,445,Villa,2,2,930,19,11,2,0,Fully-Furnished,9455000.0,33000.0
1294,326,Apartment,3,3,1267,26,32,3,2,Semi-Furnished,13468000.0,35900.0
1295,390,Apartment,2,1,1316,15,13,5,1,Semi-Furnished,15533000.0,48200.0
1296,160,Apartment,4,3,1962,22,33,1,1,Unfurnished,19109000.0,46400.0
1297,89,Penthouse,5,4,1844,3,4,4,1,Semi-Furnished,10238000.0,29500.0
1298,249,Apartment,3,3,1084,6,14,3,2,Semi-Furnished,10921000.0,33300.0
1299,141,Apartment,3,3,942,20,21,3,1,Semi-Furnished,8167000.0,24100.0
1300,498,Villa,5,4,1856,13,17,3,2,Fully-Furnished,21252000.0,38400.0
1301,227,Apartment,2,1,562,14,15,5,2,Unfurnished,6153000.0,17800.0
1302,211,Studio,2,1,1021,19,10,4,1,Semi-Furnished,10072000.0,26400.0
1303,115,Penthouse,4,4,1893,1,27,0,2,Unfurnished,22414000.0,58000.0
1304,238,Apartment,2,1,714,13,31,2,1,Unfurnished,7067000.0,19300.0
1305,209,Villa,1,1,531,19,20,4,1,Fully-Furnished,6578000.0,21300.0
1306,392,Villa,4,3,1764,17,8,2,1,Semi-Furnished,17012000.0,53400.0
1307,422,Apartment,3,3,1445,17,22,5,0,Semi-Furnished,14756000.0,41000.0
1308,376,Apartment,2,2,964,3,18,4,2,Unfurnished,9315000.0,16700.0
1309,303,Apartment,4,3,1251,21,11,3,2,Semi-Furnished,15071000.0,35600.0
1310,107,Apartment,2,1,865,10,15,3,1,Semi-Furnished,11929000.0,37000.0
1311,357,Apartment,3,2,1138,5,20,1,2,Semi-Furnished,11957000.0,21700.0
1312,159,Studio,3,3,1279,28,8,4,2,Semi-Furnished,11404000.0,28300.0
1313,267,Apartment,1,1,915,19,25,5,2,Unfurnished,9982000.0,24400.0
1314,12,Villa,3,3,1150,27,14,5,0,Unfurnished,10444000.0,27800.0
1315,327,Apartment,5,4,1796,21,16,5,2,Unfurnished,21893000.0,53100.0
1316,336,Apartment,5,4,1810,6,23,0,2,Semi-Furnished,24254000.0,73400.0
1317,305,Apartment,2,1,904,20,4,1,1,Fully-Furnished,11215000.0,21500.0
1318,400,Penthouse,2,1,1315,11,32,4,1,Unfurnished,11502000.0,40100.0
1319,409,Penthouse,3,3,1080,24,22,5,2,Unfurnished,11443000.0,32300.0
1320,228,Studio,2,2,797,10,18,2,2,Unfurnished,11160000.0,32300.0
1321,494,Row House,2,2,1280,1,5,3,1,Semi-Furnished,13487000.0,36200.0
1322,205,Apartment,3,2,1138,9,33,2,1,Unfurnished,10104000.0,27100.0
1323,40,Apartment,3,2,1524,13,9,3,2,Unfurnished,17285000.0,
1324,330,Apartment,1,1,730,10,19,1,1,Unfurnished,7581000.0,17200.0
1325,33,Row House,1,1,619,22,26,0,1,Unfurnished,7587000.0,20900.0
1326,188,Apartment,1,1,505,4,5,2,1,Unfurnished,4239000.0,9800.0
1327,476,Apartment,4,4,1425,17,14,1,0,Unfurnished,17662000.0,54500.0
1328,376,Penthouse,3,3,1203,29,5,4,1,Semi-Furnished,10784000.0,29700.0
1329,346,Apartment,2,1,1008,16,25,2,2,Semi-Furnished,11288000.0,29200.0
1330,277,Villa,1,1,793,27,5,1,1,Unfurnished,6506000.0,20400.0
1331,417,Apartment,4,3,1347,17,12,5,1,Unfurnished,14788000.0,43900.0
1332,215,Apartment,2,1,725,15,25,4,2,Semi-Furnished,7149000.0,13200.0
1333,116,Apartment,3,3,1559,26,23,3,1,Unfurnished,15437000.0,49900.0
1334,191,Apartment,3,2,1750,17,33,4,0,Semi-Furnished,26092000.0,72100.0
1335,323,Penthouse,3,3,1130,29,10,1,1,Unfurnished,14153000.0,32500.0
1336,278,Apartment,4,4,1890,16,34,3,2,Fully-Furnished,21262000.0,54500.0
1337,230,Apartment,3,3,927,19,24,4,1,Unfurnished,11064000.0,25100.0
1338,112,Penthouse,2,2,1092,24,34,1,1,Unfurnished,12320000.0,43200.0
1339,231,Apartment,4,4,1470,20,11,4,2,Fully-Furnished,17061000.0,35300.0
1340,442,Apartment,3,3,1416,29,15,5,2,Unfurnished,13269000.0,
1341,200,Apartment,2,2,1259,28,11,4,1,Unfurnished,13693000.0,35400.0
1342,207,Villa,5,4,1739,4,31,5,2,Unfurnished,15841000.0,44300.0
1343,485,Villa,4,3,1420,24,30,4,1,Unfurnished,12988000.0,36700.0
1344,155,Row House,2,2,888,3,21,4,1,Semi-Furnished,6773000.0,20000.0
1345,30,Apartment,3,2,1482,19,18,1,1,Unfurnished,11914000.0,29600.0
1346,365,Apartment,2,1,1136,6,25,1,1,Semi-Furnished,10246000.0,
1347,257,Row House,2,1,1160,29,17,1,0,Semi-Furnished,12440000.0,34800.0
1348,159,Villa,4,3,1545,0,8,4,2,Fully-Furnished,12993000.0,35900.0
1349,121,Apartment,4,3,1567,27,25,1,1,Unfurnished,16092000.0,47500.0
1350,261,Apartment,2,2,1048,0,29,2,1,Unfurnished,10113000.0,35900.0
1351,246,Apartment,3,3,1591,6,29,2,1,Semi-Furnished,14388000.0,36500.0
1352,112,Apartment,3,2,1321,26,25,1,1,Unfurnished,15233000.0,41100.0
1353,394,Studio,3,3,1463,29,24,3,2,Semi-Furnished,14199000.0,39600.0
1354,1,Apartment,3,2,1438,16,9,1,1,Unfurnished,15056000.0,35900.0
1355,35,Studio,2,1,1153,1,22,4,0,Semi-Furnished,8962000.0,24300.0
1356,489,Penthouse,4,4,1290,28,11,1,1,Fully-Furnished,10745000.0,26200.0
1357,92,Apartment,1,1,734,8,9,2,2,Semi-Furnished,6556000.0,21200.0
1358,412,Studio,3,2,972,11,9,5,2,Unfurnished,10068000.0,28700.0
1359,122,Apartment,2,2,729,20,4,3,1,Unfurnished,7430000.0,19200.0
1360,329,Studio,2,1,762,24,14,2,1,Fully-Furnished,9779000.0,35500.0
1361,319,Studio,2,1,1164,16,23,2,2,Semi-Furnished,12088000.0,24400.0
1362,69,Villa,3,3,1421,24,30,4,1,Unfurnished,16157000.0,46400.0
1363,106,Apartment,3,2,1234,18,15,0,1,Semi-Furnished,11892000.0,39400.0
1364,35,Apartment,1,1,608,1,11,4,1,Semi-Furnished,8681000.0,25600.0
1365,341,Apartment,2,1,1075,23,32,4,1,Unfurnished,12054000.0,36500.0
1366,484,Penthouse,3,2,1443,10,14,5,1,Unfurnished,15119000.0,43200.0
1367,470,Apartment,3,2,1117,15,15,4,0,Semi-Furnished,10612000.0,24700.0
1368,383,Apartment,3,2,1488,1,22,1,1,Fully-Furnished,18103000.0,33400.0
1369,455,Penthouse,1,1,603,11,24,3,1,Unfurnished,7951000.0,18900.0
1370,52,Apartment,2,2,1119,4,18,3,1,Fully-Furnished,13173000.0,32900.0
1371,210,Apartment,2,1,759,6,5,3,1,Unfurnished,9631000.0,21100.0
1372,475,Villa,1,1,712,17,28,2,1,Semi-Furnished,9253000.0,24600.0
1373,139,Penthouse,3,3,1455,27,13,4,1,Semi-Furnished,14163000.0,33400.0
1374,267,Apartment,3,3,1365,20,11,5,1,Semi-Furnished,15720000.0,39200.0
1375,31,Penthouse,2,2,1295,17,13,2,2,Fully-Furnished,14945000.0,35700.0
1376,220,Villa,3,2,1310,4,25,1,0,Fully-Furnished,14045000.0,35400.0
1377,188,Apartment,2,2,969,4,4,2,2,Unfurnished,10048000.0,25100.0
1378,458,Row House,3,2,1168,5,25,4,1,Unfurnished,12922000.0,38200.0
1379,357,Villa,3,3,1189,17,12,1,1,Fully-Furnished,14845000.0,46200.0
1380,68,Penthouse,3,2,1282,1,17,4,1,Semi-Furnished,16129000.0,42700.0
1381,370,Apartment,3,2,1411,9,7,2,1,Unfurnished,18729000.0,52700.0
1382,313,Apartment,2,2,912,7,15,4,1,Unfurnished,7299000.0,19400.0
1383,492,Apartment,3,3,1570,14,31,3,1,Semi-Furnished,14094000.0,41400.0
1384,136,Apartment,2,1,777,13,25,3,0,Fully-Furnished,7253000.0,21700.0
1385,415,Apartment,3,3,1270,19,23,4,1,Semi-Furnished,14108000.0,41700.0
1386,231,Apartment,2,2,856,14,6,4,1,Unfurnished,7365000.0,24700.0
1387,441,Studio,4,3,1588,16,29,4,1,Unfurnished,17448000.0,49600.0
1388,395,Apartment,1,1,491,29,13,0,1,Unfurnished,4890000.0,14200.0
1389,302,Apartment,2,2,1047,25,5,3,1,Semi-Furnished,10527000.0,24600.0
1390,63,Apartment,2,2,844,1,15,1,1,Fully-Furnished,10379000.0,15800.0
1391,85,Villa,3,3,1030,18,23,0,2,Unfurnished,8634000.0,30000.0
1392,63,Apartment,2,1,733,6,20,1,1,Semi-Furnished,8353000.0,17800.0
1393,441,Villa,2,1,1121,9,5,4,2,Semi-Furnished,11022000.0,27000.0
1394,45,Apartment,2,1,1231,16,12,2,0,Semi-Furnished,11893000.0,35000.0
1395,495,Apartment,5,5,1663,2,14,1,2,Semi-Furnished,20500000.0,52300.0
1396,375,Apartment,2,1,1281,4,14,1,0,Unfurnished,16174000.0,41600.0
1397,77,Apartment,3,3,1381,0,10,5,0,Semi-Furnished,13327000.0,39300.0
1398,250,Penthouse,3,2,1320,21,14,4,1,Unfurnished,17549000.0,35700.0
1399,14,Studio,3,2,1610,10,4,2,1,Fully-Furnished,20228000.0,69500.0
1400,171,Row House,3,3,1251,16,19,2,2,Unfurnished,10462000.0,35300.0
1401,362,Apartment,2,1,1022,14,24,5,0,Fully-Furnished,10659000.0,27400.0
1402,484,Apartment,3,2,1386,18,18,5,2,Unfurnished,12121000.0,28500.0
1403,492,Villa,2,1,1294,6,13,3,1,Unfurnished,13830000.0,43400.0
1404,242,Apartment,3,3,1268,17,5,4,1,Semi-Furnished,31280000.0,34600.0
1405,55,Apartment,2,2,1296,16,20,2,2,Semi-Furnished,13689000.0,41800.0
1406,47,Apartment,4,4,1447,20,23,2,1,Fully-Furnished,18474000.0,63400.0
1407,109,Studio,2,2,867,15,28,3,1,Semi-Furnished,9148000.0,30700.0
1408,178,Studio,3,2,1048,16,15,4,1,Fully-Furnished,11613000.0,28900.0
1409,180,Row House,2,1,1063,14,19,3,1,Unfurnished,15222000.0,34700.0
1410,137,Apartment,4,3,1968,10,8,1,0,Unfurnished,22968000.0,62100.0
1411,28,Apartment,3,2,1133,23,31,1,2,Unfurnished,12708000.0,35800.0
1412,353,Apartment,3,2,1295,17,4,5,1,Unfurnished,16427000.0,49400.0
1413,416,Studio,2,1,1142,3,19,0,0,Semi-Furnished,12555000.0,33400.0
1414,336,Studio,1,1,677,21,8,0,1,Semi-Furnished,8218000.0,23400.0
1415,137,Penthouse,4,3,1630,11,6,1,2,Unfurnished,19329000.0,56200.0
1416,456,Apartment,2,2,1041,11,31,3,2,Unfurnished,11776000.0,29200.0
1417,319,Villa,4,4,1735,2,12,2,1,Fully-Furnished,15612000.0,37600.0
1418,450,Apartment,3,2,1261,29,27,3,1,Semi-Furnished,12990000.0,30900.0
1419,112,Apartment,5,4,1684,10,28,1,2,Semi-Furnished,15975000.0,47100.0
1420,17,Studio,3,3,1251,8,34,2,1,Semi-Furnished,12744000.0,30100.0
1421,227,Apartment,4,4,1472,15,5,5,0,Fully-Furnished,15257000.0,43300.0
1422,133,Row House,4,3,1375,15,25,3,2,Unfurnished,15648000.0,50100.0
1423,472,Studio,3,3,1477,14,15,4,1,Unfurnished,14389000.0,36000.0
1424,130,Penthouse,3,2,1220,24,22,5,2,Semi-Furnished,8676000.0,23000.0
1425,250,Apartment,3,3,1258,18,6,4,1,Semi-Furnished,11864000.0,32000.0
1426,143,Studio,3,2,1395,17,34,3,0,Unfurnished,15225000.0,29800.0
1427,386,Row House,2,2,1050,10,13,1,2,Unfurnished,9194000.0,28600.0
1428,124,Row House,4,3,1359,0,6,1,2,Semi-Furnished,10394000.0,28300.0
1429,138,Villa,3,2,1135,17,14,3,0,Unfurnished,13745000.0,35700.0
1430,484,Apartment,2,1,1042,18,24,5,1,Semi-Furnished,11209000.0,25700.0
1431,119,Studio,2,1,1061,9,7,2,1,Fully-Furnished,10544000.0,19100.0
1432,5,Villa,2,2,445,0,11,5,1,Semi-Furnished,5726000.0,18400.0
1433,221,Villa,3,3,1203,6,25,4,1,Unfurnished,10625000.0,29900.0
1434,174,Apartment,1,1,560,0,34,5,1,Unfurnished,6939000.0,16100.0
1435,428,Studio,4,4,1575,7,11,4,0,Unfurnished,22858000.0,87900.0
1436,135,Villa,2,1,708,9,17,5,0,Fully-Furnished,8831000.0,22700.0
1437,458,Row House,3,2,1090,15,29,4,0,Fully-Furnished,13615000.0,41700.0
1438,147,Row House,2,2,844,1,8,5,1,Unfurnished,9199000.0,24300.0
1439,423,Studio,3,2,1273,10,4,2,1,Unfurnished,12927000.0,38200.0
1440,171,Villa,2,1,962,22,10,2,2,Unfurnished,8350000.0,15700.0
1441,358,Villa,1,1,797,25,15,0,0,Unfurnished,7792000.0,14700.0
1442,368,Row House,5,5,2206,27,7,4,1,Fully-Furnished,24667000.0,75700.0
1443,476,Villa,3,2,1464,28,21,1,1,Unfurnished,15365000.0,32200.0
1444,40,Studio,2,1,1088,12,5,3,2,Semi-Furnished,16558000.0,36600.0
1445,344,Row House,3,3,1497,28,16,3,1,Semi-Furnished,15959000.0,30900.0
1446,258,Apartment,2,1,1138,6,4,5,2,Unfurnished,13925000.0,38600.0
1447,57,Row House,1,1,764,1,13,0,1,Unfurnished,8308000.0,20700.0
1448,16,Apartment,3,3,1310,16,23,2,2,Unfurnished,11454000.0,41100.0
1449,165,Apartment,3,3,1389,4,4,2,2,Unfurnished,15472000.0,47800.0
1450,178,Apartment,4,4,1255,25,9,4,1,Unfurnished,17064000.0,47300.0
1451,318,Studio,3,2,1192,25,25,5,0,Unfurnished,12702000.0,29600.0
1452,13,Apartment,2,1,1023,22,11,5,1,Semi-Furnished,10684000.0,23700.0
1453,89,Row House,2,2,865,15,26,4,1,Unfurnished,6302000.0,23300.0
1454,474,Penthouse,3,3,1171,24,23,5,0,Unfurnished,15432000.0,37600.0
1455,347,Apartment,2,1,1291,11,6,2,1,Unfurnished,12876000.0,42900.0
1456,263,Apartment,2,1,707,14,18,3,1,Semi-Furnished,6690000.0,22700.0
1457,360,Apartment,2,1,915,6,21,2,1,Unfurnished,8672000.0,27000.0
1458,298,Villa,3,3,1601,26,16,3,2,Fully-Furnished,12584000.0,37500.0
1459,332,Apartment,3,2,1186,4,25,2,0,Unfurnished,13464000.0,49000.0
1460,187,Villa,1,1,1011,10,19,0,1,Unfurnished,11252000.0,21400.0
1461,357,Row House,2,2,1083,21,23,1,1,Unfurnished,11412000.0,27700.0
1462,50,Apartment,3,2,1649,5,20,3,1,Semi-Furnished,16510000.0,38400.0
1463,13,Apartment,2,2,1069,1,27,5,1,Unfurnished,13373000.0,32800.0
1464,81,Studio,5,4,1614,3,29,4,1,Unfurnished,17881000.0,43600.0
1465,278,Apartment,5,4,1639,1,22,3,0,Semi-Furnished,18061000.0,41100.0
1466,163,Villa,2,2,869,14,8,2,1,Unfurnished,8592000.0,26000.0
1467,145,Villa,2,2,1088,1,8,2,2,Unfurnished,10998000.0,34200.0
1468,176,Apartment,2,2,914,10,23,1,0,Unfurnished,8581000.0,13400.0
1469,140,Row House,2,1,1150,8,30,1,2,Unfurnished,12603000.0,33400.0
1470,454,Apartment,3,2,1433,14,18,1,1,Semi-Furnished,12698000.0,47000.0
1471,208,Apartment,2,2,1078,15,16,3,2,Semi-Furnished,14349000.0,39100.0
1472,385,Row House,2,1,977,4,8,1,2,Unfurnished,9666000.0,24600.0
1473,469,Apartment,5,4,1741,9,31,0,1,Unfurnished,18516000.0,45400.0
1474,92,Apartment,4,3,1405,15,14,2,2,Unfurnished,14967000.0,47900.0
1475,272,Apartment,4,3,1612,19,20,0,2,Fully-Furnished,11078000.0,41900.0
1476,442,Row House,1,1,1047,2,7,5,2,Semi-Furnished,10344000.0,38500.0
1477,133,Apartment,3,2,1301,11,25,3,0,Unfurnished,15276000.0,42600.0
1478,71,Apartment,3,2,1389,21,11,1,1,Semi-Furnished,39517500.0,43700.0
1479,340,Penthouse,1,1,935,3,22,1,0,Semi-Furnished,11691000.0,19100.0
1480,500,Studio,2,1,1039,11,17,0,0,Semi-Furnished,14084000.0,32300.0
1481,149,Apartment,3,3,1248,25,33,5,1,Unfurnished,13272000.0,39000.0
1482,216,Villa,4,4,1703,2,17,0,0,Semi-Furnished,18557000.0,42400.0
1483,385,Studio,3,3,1328,21,23,1,2,Unfurnished,12828000.0,33500.0
1484,135,Apartment,3,3,1460,25,4,5,1,Fully-Furnished,15992000.0,
1485,292,Studio,2,1,917,23,11,5,2,Semi-Furnished,9475000.0,27700.0
1486,319,Apartment,2,2,983,18,29,2,1,Unfurnished,9494000.0,22900.0
1487,276,Apartment,1,1,994,6,12,4,2,Fully-Furnished,9638000.0,27100.0
1488,311,Villa,4,4,1565,3,18,1,0,Unfurnished,19462000.0,74400.0
1489,302,Penthouse,2,2,892,10,8,3,0,Fully-Furnished,7078000.0,20600.0
1490,27,Apartment,5,5,1642,17,34,0,0,Unfurnished,17425000.0,58400.0
1491,190,Row House,2,2,1058,5,30,3,1,Fully-Furnished,12365000.0,33700.0
1492,203,Apartment,3,2,1164,26,10,4,1,Fully-Furnished,13616000.0,49600.0
1493,417,Studio,3,2,1655,28,25,5,1,Unfurnished,18182000.0,41300.0
1494,397,Apartment,2,2,959,28,24,1,1,Unfurnished,12907000.0,36400.0
1495,186,Apartment,2,1,881,4,22,5,1,Unfurnished,8170000.0,28300.0
1496,434,Apartment,3,3,1312,23,31,5,1,Unfurnished,15437000.0,35200.0
1497,240,Apartment,2,2,744,15,30,3,1,Unfurnished,8101000.0,25100.0
1498,428,Apartment,3,2,1273,21,21,4,2,Semi-Furnished,12977000.0,30400.0
1499,353,Apartment,3,2,1670,28,26,5,2,Unfurnished,18606000.0,60400.0
1500,428,Studio,2,2,644,11,23,4,0,Semi-Furnished,9330000.0,24100.0
1501,237,Penthouse,2,2,855,14,33,5,1,Fully-Furnished,8676000.0,25300.0
1502,429,Studio,4,3,1397,20,14,5,2,Semi-Furnished,12219000.0,41500.0
1503,436,Apartment,1,1,574,14,30,3,1,Fully-Furnished,5182000.0,
1504,360,Row House,1,1,1160,5,23,2,0,Semi-Furnished,10412000.0,34300.0
1505,209,Apartment,2,1,865,24,32,4,2,Fully-Furnished,7921000.0,25700.0
1506,179,Villa,1,1,1182,15,24,2,1,Unfurnished,13731000.0,34800.0
1507,113,Studio,2,2,1121,11,27,5,1,Unfurnished,11260000.0,24900.0
1508,142,Apartment,2,1,990,11,21,3,2,Fully-Furnished,10278000.0,31800.0
1509,184,Apartment,2,1,1193,18,11,2,1,Fully-Furnished,10633000.0,22100.0
1510,477,Apartment,5,5,2213,19,30,2,2,Unfurnished,27236000.0,90400.0
1511,19,Apartment,1,1,284,20,16,4,1,Unfurnished,2404000.0,4300.0
1512,300,Studio,3,2,1132,22,28,3,2,Unfurnished,11512000.0,16200.0
1513,250,Apartment,2,1,951,2,23,4,1,Semi-Furnished,12450000.0,35100.0
1514,114,Apartment,3,2,811,26,6,3,1,Unfurnished,10536000.0,28200.0
1515,409,Apartment,3,3,1176,8,11,5,0,Unfurnished,11699000.0,31300.0
1516,168,Apartment,4,4,1685,9,13,2,1,Unfurnished,17296000.0,64300.0
1517,1,Penthouse,3,3,1438,0,5,1,1,Semi-Furnished,18355000.0,56300.0
1518,84,Row House,4,4,1311,26,26,4,2,Fully-Furnished,16375000.0,55000.0
1519,257,Apartment,3,2,1670,17,25,1,1,Fully-Furnished,15984000.0,44400.0
1520,117,Apartment,5,5,1458,7,33,2,0,Unfurnished,13828000.0,47800.0
1521,307,Villa,1,1,767,4,25,4,2,Unfurnished,9543000.0,34400.0
1522,280,Apartment,1,1,563,0,13,1,0,Unfurnished,5498000.0,14700.0
1523,121,Penthouse,1,1,1071,28,11,1,1,Semi-Furnished,13187000.0,38500.0
1524,12,Villa,2,2,1370,10,8,5,1,Semi-Furnished,14430000.0,37000.0
1525,75,Row House,4,4,1692,9,34,5,1,Fully-Furnished,17155000.0,52900.0
1526,281,Apartment,2,1,1147,20,23,3,1,Unfurnished,15093000.0,53000.0
1527,386,Apartment,4,3,1517,14,21,1,1,Semi-Furnished,15537000.0,47700.0
1528,158,Apartment,1,1,821,3,30,5,2,Unfurnished,9152000.0,26700.0
1529,451,Apartment,2,2,934,5,10,4,2,Semi-Furnished,9182000.0,24700.0
1530,272,Apartment,3,3,1437,14,15,0,1,Semi-Furnished,15289000.0,29900.0
1531,233,Row House,4,3,1854,23,16,3,2,Fully-Furnished,15586000.0,35400.0
1532,432,Apartment,2,2,1347,16,31,2,2,Unfurnished,18099000.0,51100.0
1533,380,Apartment,2,2,858,4,31,0,2,Semi-Furnished,8640000.0,18400.0
1534,283,Apartment,4,3,1734,12,20,0,1,Semi-Furnished,20759000.0,63000.0
1535,133,Studio,2,2,1287,13,8,3,0,Unfurnished,10633000.0,21400.0
1536,232,Apartment,4,4,1312,18,20,5,2,Unfurnished,10705000.0,
1537,446,Villa,3,2,1507,5,32,5,0,Unfurnished,16684000.0,53500.0
1538,195,Apartment,3,2,1529,19,33,2,2,Unfurnished,18613000.0,56400.0
1539,291,Apartment,3,2,1412,21,6,1,2,Fully-Furnished,15901000.0,47100.0
1540,219,Apartment,2,2,887,21,34,2,1,Semi-Furnished,9627000.0,33500.0
1541,375,Studio,3,2,1065,13,24,1,1,Unfurnished,12473000.0,33500.0
1542,349,Villa,3,2,1580,23,11,4,1,Unfurnished,16498000.0,38400.0
1543,454,Apartment,1,1,613,11,6,1,1,Unfurnished,4882000.0,16900.0
1544,77,Studio,3,2,1154,0,25,5,1,Unfurnished,13974000.0,41000.0
1545,260,Apartment,1,1,473,5,28,3,2,Fully-Furnished,5423000.0,10400.0
1546,146,Apartment,3,3,1237,20,30,0,1,Unfurnished,12819000.0,32500.0
1547,235,Apartment,2,2,1410,14,11,5,1,Unfurnished,13053000.0,34400.0
1548,290,Apartment,3,3,1233,1,20,0,1,Unfurnished,12642000.0,42700.0
1549,482,Studio,5,5,1964,6,6,2,1,Fully-Furnished,21923000.0,57800.0
1550,45,Penthouse,1,1,711,27,6,2,1,Unfurnished,9458000.0,22900.0
1551,472,Studio,3,2,850,7,6,4,1,Fully-Furnished,8783000.0,
1552,389,Apartment,2,1,1201,22,16,5,1,Semi-Furnished,11554000.0,23300.0
1553,379,Apartment,2,2,977,5,26,1,2,Unfurnished,11671000.0,36200.0
1554,226,Apartment,3,3,1291,29,13,2,2,Unfurnished,18499000.0,41900.0
1555,450,Apartment,3,3,899,27,7,3,0,Unfurnished,12016000.0,32200.0
1556,171,Row House,2,2,1117,28,7,2,1,Semi-Furnished,9882000.0,28000.0
1557,40,Villa,2,2,892,3,27,3,2,Unfurnished,11515000.0,27700.0
1558,327,Villa,3,3,1390,15,4,5,1,Unfurnished,16667000.0,48500.0
1559,195,Apartment,2,2,1247,8,19,2,1,Fully-Furnished,13974000.0,49600.0
1560,149,Apartment,2,1,1059,17,15,5,1,Unfurnished,9885000.0,19800.0
1561,81,Villa,1,1,477,25,22,4,0,Fully-Furnished,4652000.0,15100.0
1562,380,Penthouse,4,3,1683,26,11,0,2,Fully-Furnished,15923000.0,37300.0
1563,469,Apartment,2,2,1038,10,6,0,1,Fully-Furnished,10488000.0,33300.0
1564,448,Apartment,2,2,865,26,4,5,0,Semi-Furnished,9108000.0,22100.0
1565,247,Apartment,4,4,1187,28,14,4,1,Fully-Furnished,10776000.0,26200.0
1566,116,Villa,1,1,964,4,27,3,2,Semi-Furnished,9464000.0,21600.0
1567,393,Apartment,4,3,1603,18,18,5,1,Semi-Furnished,19766000.0,73200.0
1568,45,Penthouse,3,2,863,3,25,2,2,Semi-Furnished,13110000.0,32300.0
1569,388,Villa,3,3,1103,24,27,5,2,Unfurnished,12569000.0,29600.0
1570,305,Apartment,3,2,1254,14,28,1,1,Fully-Furnished,13234000.0,24100.0
1571,109,Apartment,2,2,1458,13,22,3,2,Fully-Furnished,13106000.0,34700.0
1572,19,Apartment,2,1,1418,5,30,4,2,Fully-Furnished,12131000.0,21300.0
1573,248,Studio,3,2,1185,21,12,5,2,Semi-Furnished,11775000.0,35600.0
1574,86,Penthouse,1,1,250,7,32,2,2,Semi-Furnished,3025000.0,8600.0
1575,52,Apartment,1,1,545,12,31,3,1,Fully-Furnished,6795000.0,20400.0
1576,174,Apartment,3,3,1389,21,24,5,2,Unfurnished,15216000.0,38800.0
1577,52,Penthouse,3,3,1668,10,5,3,1,Fully-Furnished,21416000.0,49800.0
1578,207,Apartment,3,3,1345,9,22,5,2,Unfurnished,13740000.0,30400.0
1579,112,Villa,4,3,1763,20,12,1,1,Semi-Furnished,22716000.0,63100.0
1580,117,Apartment,4,3,1313,14,19,2,1,Fully-Furnished,13047000.0,46200.0
1581,288,Apartment,5,5,2127,9,17,2,1,Unfurnished,21997000.0,63000.0
1582,334,Villa,2,1,1084,11,27,2,2,Unfurnished,10454000.0,30600.0
1583,424,Apartment,1,1,813,21,26,4,1,Unfurnished,7551000.0,25500.0
1584,339,Penthouse,3,3,1384,18,14,3,1,Unfurnished,16336000.0,50600.0
1585,370,Row House,2,2,526,8,27,2,0,Semi-Furnished,6566000.0,18800.0
1586,75,Studio,3,3,1401,23,34,5,0,Unfurnished,14171000.0,33500.0
1587,151,Apartment,3,3,1334,25,27,5,1,Unfurnished,14767000.0,49100.0
1588,7,Apartment,3,2,1489,10,27,2,1,Fully-Furnished,13749000.0,46100.0
1589,287,Apartment,4,4,1363,10,14,3,2,Unfurnished,15530000.0,56700.0
1590,328,Row House,4,3,1573,9,33,4,0,Semi-Furnished,12541000.0,38700.0
1591,389,Apartment,3,2,1326,9,21,5,2,Unfurnished,15252000.0,32400.0
1592,234,Apartment,3,3,1304,25,20,2,2,Unfurnished,11317000.0,27000.0
1593,41,Villa,1,1,648,8,33,1,1,Semi-Furnished,6168000.0,12200.0
1594,337,Studio,4,3,1841,2,29,3,1,Fully-Furnished,17775000.0,52900.0
1595,180,Penthouse,2,1,1321,24,27,3,1,Unfurnished,17180000.0,50000.0
1596,292,Villa,3,2,1330,7,12,5,1,Unfurnished,13512000.0,41700.0
1597,282,Apartment,2,2,1076,17,31,4,2,Unfurnished,13764000.0,45900.0
1598,100,Apartment,1,1,665,19,18,2,1,Unfurnished,6066000.0,19500.0
1599,362,Villa,4,4,1544,9,24,5,1,Semi-Furnished,13361000.0,38600.0
1600,432,Row House,2,2,1043,16,31,2,0,Unfurnished,12168000.0,38900.0
1601,280,Apartment,1,1,800,1,26,1,1,Fully-Furnished,5393000.0,12400.0
1602,237,Apartment,3,3,1139,5,21,5,1,Unfurnished,14415000.0,44800.0
1603,70,Apartment,4,3,1439,6,27,3,1,Unfurnished,16496000.0,35200.0
1604,182,Row House,1,1,658,11,24,1,1,Semi-Furnished,5399000.0,23300.0
1605,318,Apartment,2,2,980,3,7,5,2,Unfurnished,11247000.0,30800.0
1606,463,Apartment,2,2,1497,3,17,1,0,Unfurnished,13228000.0,35800.0
1607,346,Apartment,3,3,1678,4,29,2,1,Unfurnished,21951000.0,51700.0
1608,493,Apartment,3,2,1430,27,32,3,0,Semi-Furnished,14731000.0,44200.0
1609,49,Row House,2,2,1065,7,18,5,1,Semi-Furnished,14188000.0,50700.0
1610,348,Apartment,4,4,1828,25,25,3,2,Unfurnished,20152000.0,66000.0
1611,335,Apartment,1,1,663,29,27,2,0,Semi-Furnished,8083000.0,16300.0
1612,291,Apartment,4,4,1840,9,11,1,1,Semi-Furnished,23643000.0,67500.0
1613,111,Apartment,2,1,1058,0,32,1,2,Semi-Furnished,9949000.0,23300.0
1614,294,Apartment,2,2,1257,2,30,2,1,Fully-Furnished,11502000.0,24400.0
1615,196,Studio,1,1,632,18,23,4,1,Fully-Furnished,6839000.0,16800.0
1616,152,Apartment,2,1,812,29,4,3,1,Semi-Furnished,8961000.0,27700.0
1617,473,Apartment,4,3,1596,19,18,4,0,Semi-Furnished,15076000.0,42200.0
1618,485,Row House,1,1,530,18,34,4,2,Fully-Furnished,5257000.0,14600.0
1619,229,Apartment,1,1,462,17,26,3,1,Unfurnished,4283000.0,
1620,412,Villa,4,4,1545,21,25,5,0,Fully-Furnished,16156000.0,36700.0
1621,59,Villa,4,3,1525,29,18,1,1,Fully-Furnished,14803000.0,49400.0
1622,500,Apartment,4,4,1702,8,13,0,1,Fully-Furnished,22189000.0,56900.0
1623,380,Villa,4,3,1473,15,14,0,2,Unfurnished,15373000.0,33500.0
1624,166,Row House,3,2,806,9,27,3,2,Semi-Furnished,9286000.0,15200.0
1625,312,Penthouse,2,1,1156,11,18,3,1,Semi-Furnished,11786000.0,33300.0
1626,264,Apartment,3,2,1473,29,19,5,2,Semi-Furnished,13192000.0,40200.0
1627,164,Row House,3,3,1662,20,29,5,1,Semi-Furnished,16273000.0,47400.0
1628,285,Apartment,2,2,878,3,11,2,2,Semi-Furnished,12860000.0,28700.0
1629,305,Studio,3,2,1319,21,26,1,1,Semi-Furnished,15014000.0,43800.0
1630,461,Studio,3,2,1182,13,20,5,1,Semi-Furnished,15549000.0,45100.0
1631,287,Apartment,3,2,1549,16,27,3,0,Fully-Furnished,18004000.0,31800.0
1632,262,Apartment,3,3,1408,16,14,0,1,Fully-Furnished,13859000.0,29200.0
1633,105,Apartment,2,1,1156,28,22,5,2,Semi-Furnished,10586000.0,22400.0
1634,316,Apartment,3,2,1261,22,28,2,1,Semi-Furnished,17442000.0,38100.0
1635,91,Villa,5,5,1866,4,8,3,2,Unfurnished,24916000.0,74300.0
1636,399,Penthouse,1,1,673,29,12,5,1,Fully-Furnished,7105000.0,23800.0
1637,336,Apartment,4,4,1709,8,31,0,1,Unfurnished,18223000.0,50800.0
1638,200,Studio,3,3,1031,29,15,4,1,Semi-Furnished,11910000.0,35000.0
1639,27,Apartment,2,2,1131,20,16,0,1,Unfurnished,10411000.0,33000.0
1640,391,Studio,3,3,1113,13,26,2,2,Semi-Furnished,11957000.0,34200.0
1641,347,Row House,1,1,906,3,15,2,0,Semi-Furnished,8947000.0,25300.0
1642,333,Apartment,3,3,1249,15,29,1,1,Unfurnished,10752000.0,34200.0
1643,208,Apartment,4,3,1608,28,16,3,1,Semi-Furnished,23497000.0,71100.0
1644,283,Studio,5,4,1815,27,32,0,1,Unfurnished,18534000.0,54300.0
1645,448,Penthouse,3,2,1356,8,4,5,2,Fully-Furnished,11885000.0,40300.0
1646,475,Apartment,3,2,1532,6,27,2,1,Semi-Furnished,15454000.0,44900.0
1647,342,Apartment,4,3,1936,28,25,4,1,Unfurnished,23797000.0,67000.0
1648,420,Penthouse,3,2,1346,12,21,4,1,Semi-Furnished,13725000.0,42400.0
1649,437,Studio,3,3,1433,15,30,3,1,Unfurnished,13934000.0,35200.0
1650,302,Apartment,2,1,523,28,19,3,1,Unfurnished,6304000.0,19000.0
1651,444,Apartment,2,1,954,8,18,2,1,Fully-Furnished,11668000.0,32000.0
1652,161,Apartment,2,1,1312,6,14,1,2,Semi-Furnished,15418000.0,39000.0
1653,482,Apartment,2,1,999,26,19,2,1,Fully-Furnished,12749000.0,34300.0
1654,122,Apartment,2,1,701,10,25,3,1,Semi-Furnished,7669000.0,19700.0
1655,234,Apartment,4,4,1526,18,33,2,1,Unfurnished,11612000.0,22600.0
1656,159,Apartment,1,1,874,29,8,4,1,Unfurnished,7929000.0,18500.0
1657,197,Apartment,3,2,1219,10,20,1,1,Semi-Furnished,10393000.0,20000.0
1658,391,Apartment,2,2,740,9,7,2,1,Unfurnished,10012000.0,28400.0
1659,478,Villa,3,3,1316,5,33,5,1,Unfurnished,14937000.0,44500.0
1660,239,Apartment,2,2,1187,23,33,1,0,Unfurnished,14376000.0,28400.0
1661,18,Penthouse,1,1,889,4,17,2,0,Unfurnished,6692000.0,25000.0
1662,318,Apartment,2,1,742,3,26,5,2,Semi-Furnished,9468000.0,27500.0
1663,358,Apartment,3,3,1383,11,23,0,2,Fully-Furnished,15287000.0,
1664,432,Apartment,4,4,1848,6,26,2,1,Semi-Furnished,17366000.0,49200.0
1665,20,Apartment,3,2,1134,25,5,4,0,Unfurnished,12024000.0,29500.0
1666,392,Apartment,3,2,1597,16,20,2,1,Fully-Furnished,17341000.0,42100.0
1667,233,Apartment,3,3,1384,28,24,3,1,Unfurnished,13869000.0,42600.0
1668,257,Penthouse,2,1,1179,9,18,1,2,Unfurnished,14846000.0,40500.0
1669,444,Studio,3,3,1256,15,22,2,1,Unfurnished,12346000.0,35200.0
1670,90,Studio,3,3,1114,10,15,2,1,Fully-Furnished,10464000.0,28900.0
1671,91,Apartment,2,2,1186,11,21,3,2,Unfurnished,13903000.0,45000.0
1672,372,Villa,1,1,697,11,11,5,0,Semi-Furnished,5687000.0,12600.0
1673,392,Apartment,5,5,2008,17,11,2,1,Unfurnished,24183000.0,46600.0
1674,34,Penthouse,3,2,1490,1,13,0,1,Unfurnished,17349000.0,44900.0
1675,368,Apartment,3,3,1017,24,23,4,2,Fully-Furnished,6671000.0,19100.0
1676,497,Apartment,2,2,831,7,8,4,1,Unfurnished,8896000.0,30500.0
1677,199,Villa,5,5,2062,24,22,1,1,Semi-Furnished,14753000.0,31000.0
1678,76,Apartment,1,1,553,12,30,5,1,Fully-Furnished,5927000.0,
1679,203,Apartment,3,3,1352,5,11,4,1,Unfurnished,15147000.0,57600.0
1680,293,Apartment,3,2,1120,15,30,2,0,Unfurnished,14001000.0,25900.0
1681,330,Studio,5,5,1604,9,6,1,1,Semi-Furnished,18539000.0,52000.0
1682,273,Apartment,3,2,1021,13,4,2,1,Unfurnished,12814000.0,33300.0
1683,66,Apartment,4,4,1686,20,32,1,1,Semi-Furnished,13052000.0,38800.0
1684,158,Apartment,1,1,1158,13,28,5,1,Unfurnished,13651000.0,32500.0
1685,422,Apartment,3,3,1264,18,9,5,1,Unfurnished,15408000.0,48200.0
1686,33,Apartment,3,3,1450,0,34,0,0,Semi-Furnished,14186000.0,38200.0
1687,429,Apartment,3,2,1295,7,15,5,1,Unfurnished,13748000.0,32900.0
1688,392,Row House,3,2,1692,15,11,2,2,Semi-Furnished,16661000.0,38700.0
1689,447,Row House,2,2,776,11,23,4,2,Unfurnished,7194000.0,15300.0
1690,301,Studio,4,4,1547,2,10,0,0,Unfurnished,17601000.0,36000.0
1691,5,Penthouse,5,4,1733,12,31,5,2,Semi-Furnished,22672000.0,72700.0
1692,136,Apartment,3,3,1528,18,9,3,1,Unfurnished,18985000.0,47600.0
1693,420,Apartment,2,2,1057,27,11,4,2,Unfurnished,13318000.0,42600.0
1694,370,Villa,4,3,1445,3,19,2,1,Semi-Furnished,18720000.0,54500.0
1695,321,Apartment,1,1,627,5,9,3,1,Fully-Furnished,4681000.0,11200.0
1696,445,Studio,2,1,782,1,32,2,1,Semi-Furnished,8491000.0,18200.0
1697,388,Apartment,4,3,1298,8,29,5,2,Semi-Furnished,12767000.0,40100.0
1698,302,Apartment,3,3,1068,4,18,3,1,Semi-Furnished,10528000.0,27500.0
1699,83,Studio,1,1,558,23,31,2,1,Semi-Furnished,6474000.0,19200.0
1700,205,Studio,1,1,740,20,13,2,2,Semi-Furnished,7857000.0,19100.0
1701,207,Apartment,2,2,929,26,18,5,2,Unfurnished,9153000.0,23900.0
1702,128,Villa,3,3,1269,22,6,4,1,Fully-Furnished,12272000.0,41700.0
1703,150,Apartment,5,4,1628,21,9,5,1,Semi-Furnished,15999000.0,44300.0
1704,278,Apartment,3,2,1561,0,8,3,1,Unfurnished,18359000.0,43300.0
1705,361,Penthouse,2,1,1157,9,24,0,1,Unfurnished,12164000.0,35500.0
1706,348,Apartment,1,1,874,11,6,3,2,Semi-Furnished,8595000.0,15400.0
1707,467,Villa,3,2,1309,21,12,4,0,Fully-Furnished,14525000.0,38300.0
1708,278,Apartment,4,4,1775,12,27,3,2,Unfurnished,14990000.0,47400.0
1709,201,Row House,3,2,1426,22,27,2,2,Unfurnished,16951000.0,39000.0
1710,37,Studio,3,2,1319,20,28,4,1,Unfurnished,12885000.0,40600.0
1711,328,Apartment,3,3,1357,7,28,4,0,Semi-Furnished,14388000.0,28300.0
1712,14,Apartment,2,1,1206,17,17,2,1,Fully-Furnished,11546000.0,32800.0
1713,13,Apartment,3,3,1157,18,8,5,2,Fully-Furnished,13273000.0,51600.0
1714,281,Penthouse,5,4,1713,13,6,3,1,Semi-Furnished,51817500.0,55200.0
1715,303,Row House,1,1,533,20,6,3,1,Semi-Furnished,5373000.0,17100.0
1716,29,Penthouse,2,1,979,5,28,4,1,Fully-Furnished,8098000.0,22500.0
1717,465,Penthouse,3,2,1472,14,31,2,0,Unfurnished,11811000.0,35900.0
1718,213,Row House,4,3,1857,28,24,4,2,Unfurnished,42382500.0,50800.0
1719,60,Villa,2,1,1060,29,6,1,0,Unfurnished,9481000.0,25200.0
1720,274,Villa,3,2,1309,29,19,0,1,Unfurnished,14941000.0,26200.0
1721,333,Studio,1,1,430,14,10,1,1,Fully-Furnished,3952000.0,9800.0
1722,248,Apartment,3,3,1233,26,20,5,1,Unfurnished,8653000.0,27800.0
1723,162,Apartment,2,1,868,5,22,4,1,Unfurnished,8726000.0,28700.0
1724,136,Penthouse,3,2,1392,24,9,3,1,Unfurnished,16494000.0,33400.0
1725,81,Penthouse,3,3,1208,4,9,4,1,Unfurnished,11686000.0,37000.0
1726,469,Apartment,3,2,1426,6,25,0,2,Semi-Furnished,12245000.0,40500.0
1727,37,Apartment,4,3,1494,21,22,4,2,Semi-Furnished,17045000.0,70300.0
1728,120,Apartment,3,2,1185,19,9,3,1,Unfurnished,9805000.0,22400.0
1729,271,Apartment,2,2,671,24,27,0,2,Semi-Furnished,6475000.0,17200.0
1730,217,Apartment,2,1,1107,6,24,4,2,Unfurnished,12442000.0,34700.0
1731,271,Penthouse,1,1,1001,24,31,0,1,Semi-Furnished,8809000.0,27800.0
1732,319,Apartment,3,2,1190,4,15,2,2,Semi-Furnished,13486000.0,31300.0
1733,447,Apartment,5,4,1659,20,18,4,1,Semi-Furnished,15339000.0,61200.0
1734,100,Studio,3,3,1025,14,4,2,1,Fully-Furnished,10203000.0,34300.0
1735,300,Villa,5,4,1988,2,22,3,1,Unfurnished,51675000.0,55900.0
1736,275,Apartment,2,1,750,26,7,4,1,Unfurnished,6833000.0,21100.0
1737,196,Row House,2,1,1042,8,14,4,0,Unfurnished,11224000.0,27900.0
1738,131,Apartment,3,2,902,1,18,3,1,Fully-Furnished,6890000.0,26100.0
1739,283,Apartment,2,1,1300,19,30,0,1,Semi-Furnished,12241000.0,37300.0
1740,371,Apartment,2,2,811,14,27,4,1,Fully-Furnished,9380000.0,31300.0
1741,360,Apartment,2,1,952,19,14,2,1,Unfurnished,9885000.0,31100.0
1742,484,Apartment,3,3,1413,29,9,5,2,Semi-Furnished,13548000.0,31200.0
1743,344,Apartment,1,1,392,9,15,3,1,Semi-Furnished,4361000.0,13700.0
1744,4,Penthouse,2,2,826,7,11,4,2,Semi-Furnished,7581000.0,16700.0
1745,17,Penthouse,5,5,1983,25,28,2,1,Unfurnished,25252000.0,83900.0
1746,234,Apartment,3,2,1222,18,25,2,0,Fully-Furnished,10234000.0,26400.0
1747,33,Apartment,1,1,622,25,12,0,2,Unfurnished,7760000.0,20300.0
1748,151,Apartment,4,3,1820,23,31,5,2,Fully-Furnished,17810000.0,39000.0
1749,258,Apartment,3,3,1035,27,25,5,2,Unfurnished,11436000.0,31000.0
1750,418,Apartment,2,2,1194,0,20,2,1,Unfurnished,16494000.0,41000.0
1751,126,Villa,2,2,897,29,22,4,1,Fully-Furnished,10531000.0,27600.0
1752,217,Studio,4,3,1240,5,7,4,1,Semi-Furnished,12959000.0,24600.0
1753,472,Apartment,3,2,1637,10,4,4,1,Fully-Furnished,16693000.0,47400.0
1754,315,Apartment,4,3,1593,7,11,1,1,Semi-Furnished,18499000.0,45200.0
1755,57,Apartment,1,1,725,27,17,0,1,Semi-Furnished,9874000.0,28100.0
1756,224,Apartment,3,2,1413,13,18,0,2,Unfurnished,14977000.0,51100.0
1757,291,Apartment,2,1,1111,22,6,1,1,Semi-Furnished,14408000.0,38700.0
1758,327,Penthouse,2,2,894,12,11,5,2,Unfurnished,10846000.0,27900.0
1759,21,Row House,3,2,1047,7,16,4,1,Semi-Furnished,14162000.0,33100.0
1760,262,Apartment,4,4,1313,7,22,0,2,Unfurnished,15689000.0,40300.0
1761,10,Villa,3,2,1155,11,32,3,1,Semi-Furnished,9102000.0,24700.0
1762,421,Studio,4,3,1367,16,31,1,2,Unfurnished,14447000.0,42300.0
1763,477,Apartment,1,1,713,1,14,2,2,Semi-Furnished,8755000.0,22300.0
1764,112,Villa,2,2,1144,22,27,1,2,Unfurnished,11995000.0,31000.0
1765,336,Apartment,2,1,1066,20,6,0,2,Semi-Furnished,12059000.0,39400.0
1766,452,Apartment,4,4,1493,7,21,2,1,Semi-Furnished,14371000.0,
1767,95,Apartment,3,3,1093,4,13,4,2,Semi-Furnished,7533000.0,21100.0
1768,228,Row House,3,3,999,23,6,2,1,Unfurnished,12843000.0,41000.0
1769,461,Studio,2,1,1068,17,13,5,1,Fully-Furnished,14294000.0,39800.0
1770,456,Studio,1,1,985,8,23,3,0,Semi-Furnished,10522000.0,35400.0
1771,406,Studio,2,2,986,16,12,1,2,Unfurnished,10507000.0,30700.0
1772,368,Apartment,2,2,1093,26,31,4,1,Semi-Furnished,10996000.0,38000.0
1773,151,Apartment,2,2,1116,27,9,5,1,Unfurnished,11188000.0,36000.0
1774,63,Row House,4,3,1211,11,7,1,2,Fully-Furnished,16719000.0,45400.0
1775,224,Villa,1,1,556,5,20,0,0,Unfurnished,5177000.0,14900.0
1776,105,Apartment,4,4,1303,15,28,5,1,Fully-Furnished,11304000.0,39100.0
1777,229,Apartment,2,2,1053,23,32,3,1,Semi-Furnished,8369000.0,24400.0
1778,379,Apartment,2,2,1092,27,24,1,1,Fully-Furnished,10604000.0,27900.0
1779,262,Apartment,1,1,769,20,18,0,1,Semi-Furnished,6334000.0,14600.0
1780,496,Apartment,1,1,666,29,12,4,1,Fully-Furnished,6508000.0,17400.0
1781,273,Apartment,3,3,1557,12,14,2,1,Semi-Furnished,14633000.0,31500.0
1782,329,Villa,2,2,1059,24,10,2,1,Unfurnished,14016000.0,44000.0
1783,303,Villa,2,1,1058,11,19,3,1,Fully-Furnished,9564000.0,29800.0
1784,114,Apartment,3,3,1318,26,31,3,2,Semi-Furnished,17304000.0,41700.0
1785,207,Apartment,2,2,1070,9,32,5,1,Fully-Furnished,9417000.0,25000.0
1786,368,Apartment,2,1,1218,27,10,4,2,Unfurnished,12453000.0,33100.0
1787,268,Apartment,1,1,607,3,10,0,1,Fully-Furnished,6858000.0,18400.0
1788,160,Apartment,1,1,920,13,7,1,2,Fully-Furnished,8974000.0,25900.0
1789,439,Apartment,1,1,907,21,21,0,1,Fully-Furnished,9254000.0,33000.0
1790,480,Apartment,3,2,1132,18,22,0,1,Semi-Furnished,9217000.0,30200.0
1791,54,Penthouse,4,3,1321,19,26,1,1,Fully-Furnished,14334000.0,39600.0
1792,422,Row House,2,1,1089,20,33,5,1,Unfurnished,13006000.0,27700.0
1793,292,Apartment,5,4,2013,10,26,5,1,Semi-Furnished,25429000.0,67100.0
1794,76,Apartment,4,4,1403,8,12,5,2,Fully-Furnished,18751000.0,55600.0
1795,412,Apartment,1,1,590,14,25,5,0,Semi-Furnished,6068000.0,21000.0
1796,100,Apartment,1,1,415,23,18,2,2,Unfurnished,3348000.0,11000.0
1797,357,Apartment,4,4,1625,4,23,1,1,Fully-Furnished,17907000.0,40500.0
1798,14,Apartment,2,2,624,7,25,2,1,Fully-Furnished,7679000.0,20000.0
1799,197,Studio,3,3,1130,6,27,1,1,Semi-Furnished,12396000.0,26400.0
1800,426,Apartment,5,5,1572,17,21,4,2,Semi-Furnished,13770000.0,39900.0
1801,155,Apartment,2,1,826,10,13,4,1,Unfurnished,7994000.0,28400.0
1802,208,Penthouse,1,1,959,1,17,3,2,Semi-Furnished,13328000.0,31500.0
1803,235,Villa,2,2,1060,26,18,5,1,Semi-Furnished,10038000.0,29200.0
1804,114,Apartment,1,1,786,14,23,3,1,Unfurnished,9343000.0,28400.0
1805,328,Apartment,3,2,1575,15,9,4,1,Fully-Furnished,15248000.0,46100.0
1806,73,Apartment,1,1,615,12,11,3,1,Semi-Furnished,5779000.0,13000.0
1807,83,Apartment,2,1,1074,22,33,2,0,Unfurnished,8811000.0,21200.0
1808,451,Apartment,2,1,946,23,6,4,0,Semi-Furnished,11694000.0,31000.0
1809,34,Apartment,2,2,1041,8,25,0,2,Semi-Furnished,9952000.0,27600.0
1810,309,Apartment,4,4,1463,22,8,4,1,Unfurnished,14028000.0,51300.0
1811,430,Apartment,2,1,689,17,7,5,1,Fully-Furnished,8424000.0,25200.0
1812,16,Apartment,4,3,1773,1,12,2,1,Unfurnished,15803000.0,
1813,392,Apartment,5,4,2055,10,18,2,1,Fully-Furnished,22165000.0,66500.0
1814,71,Apartment,1,1,598,25,22,1,1,Unfurnished,6663000.0,14400.0
1815,215,Apartment,3,3,1439,24,22,4,0,Semi-Furnished,10582000.0,30000.0
1816,3,Row House,2,2,714,7,33,4,1,Unfurnished,8701000.0,27200.0
1817,357,Villa,2,2,890,23,26,1,1,Semi-Furnished,10307000.0,28200.0
1818,203,Apartment,2,2,1107,14,33,4,2,Unfurnished,13216000.0,35000.0
1819,412,Apartment,4,4,1872,16,11,5,0,Unfurnished,19437000.0,35600.0
1820,34,Studio,3,3,1752,2,26,0,2,Semi-Furnished,16520000.0,46100.0
1821,59,Studio,3,2,1738,0,21,1,1,Unfurnished,16318000.0,39200.0
1822,331,Studio,1,1,860,2,11,3,2,Unfurnished,11115000.0,27200.0
1823,443,Apartment,3,3,1535,12,17,1,1,Semi-Furnished,11562000.0,33100.0
1824,142,Apartment,3,2,1313,18,27,3,1,Unfurnished,14158000.0,38700.0
1825,73,Apartment,5,4,2024,28,25,3,1,Fully-Furnished,21603000.0,58800.0
1826,159,Apartment,3,3,1314,15,24,4,1,Unfurnished,13218000.0,32400.0
1827,486,Apartment,2,1,863,17,13,3,1,Fully-Furnished,8469000.0,27900.0
1828,279,Apartment,3,2,1223,7,8,4,2,Unfurnished,15264000.0,48300.0
1829,90,Apartment,5,4,1682,8,18,2,1,Semi-Furnished,16227000.0,43500.0
1830,6,Apartment,1,1,645,16,23,4,1,Semi-Furnished,6560000.0,21500.0
1831,94,Apartment,4,3,1521,16,21,3,1,Fully-Furnished,18435000.0,47400.0
1832,322,Apartment,2,1,981,18,4,5,2,Semi-Furnished,8026000.0,25600.0
1833,222,Row House,2,2,1019,29,30,4,2,Fully-Furnished,12187000.0,35400.0
1834,270,Apartment,2,2,1277,0,34,3,0,Semi-Furnished,15596000.0,49200.0
1835,215,Apartment,2,2,1193,12,32,4,2,Semi-Furnished,11499000.0,29900.0
1836,400,Apartment,2,1,1285,5,21,4,2,Semi-Furnished,10540000.0,
1837,270,Apartment,2,1,892,26,26,3,0,Fully-Furnished,8501000.0,23600.0
1838,32,Studio,2,1,1017,17,12,5,2,Unfurnished,8025000.0,24700.0
1839,299,Apartment,3,2,1221,19,33,3,1,Semi-Furnished,13917000.0,32900.0
1840,219,Penthouse,1,1,476,28,23,2,0,Semi-Furnished,5574000.0,20700.0
1841,176,Studio,3,2,1428,22,25,1,1,Fully-Furnished,13074000.0,43400.0
1842,85,Apartment,2,1,1103,7,31,0,1,Semi-Furnished,10830000.0,26200.0
1843,294,Studio,2,2,1077,18,18,2,1,Unfurnished,9657000.0,25200.0
1844,332,Villa,1,1,891,23,16,2,1,Unfurnished,12747000.0,38700.0
1845,315,Villa,3,3,1054,13,29,1,2,Semi-Furnished,11253000.0,18400.0
1846,156,Penthouse,4,4,1613,20,21,4,1,Semi-Furnished,17688000.0,49500.0
1847,370,Row House,5,5,1429,25,15,2,2,Unfurnished,18663000.0,49100.0
1848,489,Apartment,3,2,1522,0,24,1,0,Fully-Furnished,12006000.0,28100.0
1849,295,Apartment,3,2,1081,27,23,5,1,Semi-Furnished,12889000.0,40100.0
1850,300,Apartment,4,3,1703,1,22,3,1,Semi-Furnished,17854000.0,53400.0
1851,434,Apartment,4,4,1474,28,30,5,2,Unfurnished,11146000.0,
1852,154,Villa,4,4,1441,27,6,1,2,Semi-Furnished,17571000.0,51000.0
1853,156,Apartment,4,3,1152,25,21,4,1,Unfurnished,10599000.0,29500.0
1854,25,Studio,1,1,963,3,12,5,0,Unfurnished,11336000.0,22500.0
1855,291,Villa,2,2,1380,7,19,1,1,Fully-Furnished,17200000.0,37900.0
1856,442,Apartment,3,2,1038,6,27,5,0,Semi-Furnished,11514000.0,45000.0
1857,450,Apartment,3,2,1200,4,27,3,0,Fully-Furnished,14233000.0,36000.0
1858,368,Row House,2,2,1035,16,14,4,2,Unfurnished,12421000.0,28200.0
1859,141,Apartment,3,2,1431,19,4,3,1,Unfurnished,12715000.0,40000.0
1860,39,Villa,1,1,573,29,20,2,2,Unfurnished,7090000.0,16400.0
1861,397,Apartment,2,1,637,23,27,1,2,Unfurnished,8095000.0,18600.0
1862,429,Apartment,3,3,1205,6,12,5,1,Unfurnished,11217000.0,29400.0
1863,297,Apartment,3,3,940,11,19,2,1,Fully-Furnished,10756000.0,27200.0
1864,169,Apartment,5,4,1699,13,14,1,1,Unfurnished,55445000.0,55300.0
1865,9,Apartment,1,1,757,8,34,5,1,Unfurnished,8313000.0,22300.0
1866,131,Apartment,2,2,1014,0,30,3,2,Unfurnished,9951000.0,33600.0
1867,181,Apartment,4,3,1275,29,28,5,1,Semi-Furnished,10661000.0,39700.0
1868,150,Apartment,3,3,1406,15,9,5,0,Unfurnished,12715000.0,34700.0
1869,101,Apartment,2,1,984,17,20,3,2,Unfurnished,9348000.0,29700.0
1870,62,Apartment,3,3,1166,12,22,1,1,Semi-Furnished,9959000.0,32000.0
1871,162,Apartment,3,3,1639,9,4,4,1,Semi-Furnished,20113000.0,46200.0
1872,62,Studio,2,1,1197,9,20,1,1,Semi-Furnished,14933000.0,36000.0
1873,100,Studio,4,3,1774,23,34,2,1,Unfurnished,16412000.0,43100.0
1874,84,Penthouse,2,2,1123,25,17,4,1,Unfurnished,11094000.0,35800.0
1875,64,Apartment,1,1,863,22,31,4,0,Semi-Furnished,8508000.0,21700.0
1876,290,Apartment,1,1,832,3,18,0,1,Semi-Furnished,8268000.0,21800.0
1877,37,Studio,4,4,1697,20,28,4,2,Unfurnished,21380000.0,51200.0
1878,230,Studio,1,1,1404,21,30,4,1,Fully-Furnished,16422000.0,44600.0
1879,176,Apartment,3,3,1258,2,5,1,0,Unfurnished,14648000.0,35300.0
1880,297,Apartment,2,1,947,23,22,2,1,Fully-Furnished,7145000.0,17700.0
1881,27,Apartment,1,1,592,22,17,0,1,Fully-Furnished,6039000.0,16700.0
1882,64,Apartment,4,4,1695,20,27,4,1,Semi-Furnished,16668000.0,42100.0
1883,211,Apartment,3,2,1076,23,14,4,1,Unfurnished,9007000.0,19600.0
1884,148,Apartment,2,2,971,27,22,2,1,Fully-Furnished,11894000.0,32000.0
1885,474,Apartment,2,1,878,7,23,5,2,Fully-Furnished,12314000.0,37500.0
1886,284,Villa,3,2,1155,26,10,1,1,Fully-Furnished,15203000.0,40200.0
1887,268,Penthouse,4,4,1519,8,32,0,2,Unfurnished,23859000.0,59400.0
1888,216,Villa,4,3,1624,13,25,0,2,Semi-Furnished,17144000.0,39200.0
1889,486,Apartment,4,3,1408,16,28,3,2,Semi-Furnished,14945000.0,18700.0
1890,37,Apartment,3,3,1282,12,19,4,2,Unfurnished,16545000.0,50100.0
1891,206,Apartment,3,2,1295,1,22,3,1,Fully-Furnished,9908000.0,24400.0
1892,414,Row House,5,5,1978,19,26,5,1,Semi-Furnished,20162000.0,48600.0
1893,12,Penthouse,2,1,975,24,11,5,1,Fully-Furnished,10364000.0,39600.0
1894,380,Studio,2,1,1431,20,26,0,1,Semi-Furnished,12404000.0,20500.0
1895,445,Apartment,3,2,1175,5,4,2,2,Unfurnished,13469000.0,40200.0
1896,131,Apartment,4,4,1662,9,11,3,1,Unfurnished,16291000.0,44400.0
1897,449,Apartment,2,1,944,17,22,2,2,Unfurnished,9218000.0,18200.0
1898,84,Villa,2,2,771,15,24,4,1,Unfurnished,8059000.0,25500.0
1899,204,Row House,2,1,924,26,13,3,2,Fully-Furnished,10276000.0,27700.0
1900,386,Studio,2,2,769,11,30,1,0,Unfurnished,8123000.0,21300.0
1901,275,Apartment,2,2,747,19,32,4,1,Unfurnished,7347000.0,24000.0
1902,274,Apartment,2,1,1339,13,23,0,2,Fully-Furnished,14999000.0,42000.0
1903,225,Apartment,2,2,850,11,7,2,1,Semi-Furnished,8162000.0,21800.0
1904,29,Apartment,2,1,1183,14,10,4,0,Semi-Furnished,12954000.0,41000.0
1905,268,Apartment,2,1,1542,27,18,0,1,Semi-Furnished,17718000.0,53300.0
1906,21,Row House,2,2,948,19,7,4,1,Semi-Furnished,12602000.0,25000.0
1907,158,Penthouse,3,2,985,19,6,5,1,Unfurnished,9920000.0,25300.0
1908,470,Apartment,3,2,1491,28,5,4,2,Semi-Furnished,16209000.0,38700.0
1909,154,Villa,2,2,644,10,27,1,2,Unfurnished,5982000.0,12200.0
1910,365,Apartment,3,3,1218,19,31,1,2,Semi-Furnished,11877000.0,38400.0
1911,464,Studio,3,3,1449,23,6,1,1,Fully-Furnished,16125000.0,56700.0
1912,363,Villa,2,1,654,11,7,4,2,Fully-Furnished,5876000.0,16300.0
1913,239,Row House,1,1,550,19,29,1,1,Unfurnished,6989000.0,19800.0
1914,141,Row House,4,4,1394,29,25,3,1,Semi-Furnished,15417000.0,37400.0
1915,419,Apartment,2,1,1216,24,26,5,2,Unfurnished,10571000.0,35000.0
1916,372,Apartment,2,2,1060,21,10,5,2,Unfurnished,11931000.0,27700.0
1917,115,Apartment,2,2,1244,25,5,0,2,Semi-Furnished,15871000.0,37600.0
1918,309,Studio,2,2,1029,6,18,4,2,Unfurnished,11144000.0,38100.0
1919,442,Villa,1,1,675,0,31,5,2,Unfurnished,5781000.0,13400.0
1920,333,Row House,3,2,1148,26,15,1,1,Semi-Furnished,8541000.0,31500.0
1921,91,Apartment,3,3,1148,3,32,3,2,Fully-Furnished,12800000.0,33100.0
1922,177,Villa,1,1,552,23,32,1,2,Semi-Furnished,3723000.0,11400.0
1923,272,Apartment,2,2,1497,1,32,0,1,Fully-Furnished,11797000.0,31500.0
1924,92,Apartment,3,2,1442,7,33,2,0,Unfurnished,15623000.0,41300.0
1925,303,Apartment,2,2,1162,26,4,3,2,Semi-Furnished,11597000.0,34100.0
1926,70,Apartment,4,4,1534,16,6,3,1,Semi-Furnished,15892000.0,41100.0
1927,309,Apartment,4,4,1481,29,23,4,1,Semi-Furnished,12615000.0,48100.0
1928,155,Apartment,2,1,1014,18,19,4,1,Semi-Furnished,11006000.0,36200.0
1929,320,Apartment,2,1,1246,21,34,3,1,Fully-Furnished,13508000.0,29900.0
1930,426,Studio,3,3,1489,20,34,4,2,Unfurnished,14114000.0,40000.0
1931,215,Penthouse,4,3,1379,8,33,4,1,Fully-Furnished,10784000.0,21200.0
1932,204,Apartment,2,2,758,22,30,3,1,Fully-Furnished,8649000.0,24200.0
1933,153,Apartment,3,3,1180,20,16,3,2,Unfurnished,15941000.0,54100.0
1934,226,Row House,3,3,1161,8,30,2,2,Unfurnished,15464000.0,47400.0
1935,359,Apartment,3,2,1241,12,7,5,1,Fully-Furnished,14102000.0,
1936,320,Apartment,4,4,1437,25,18,3,2,Unfurnished,16030000.0,41000.0
1937,408,Apartment,3,2,1130,8,16,0,2,Unfurnished,14301000.0,33000.0
1938,113,Apartment,1,1,1137,18,22,5,2,Unfurnished,14075000.0,36800.0
1939,361,Row House,2,2,1239,13,30,0,2,Fully-Furnished,12322000.0,47800.0
1940,425,Apartment,3,3,1090,15,29,1,2,Unfurnished,11805000.0,32400.0
1941,445,Apartment,2,1,1027,26,26,2,1,Semi-Furnished,13056000.0,35500.0
1942,92,Apartment,3,3,1475,19,12,2,1,Unfurnished,13728000.0,48700.0
1943,451,Penthouse,4,3,1739,2,28,4,1,Semi-Furnished,16312000.0,50800.0
1944,170,Studio,1,1,792,6,19,0,0,Fully-Furnished,7924000.0,22900.0
1945,91,Row House,2,2,1305,8,28,3,1,Fully-Furnished,14769000.0,29600.0
1946,209,Apartment,1,1,692,0,19,4,1,Fully-Furnished,6954000.0,
1947,430,Apartment,3,3,1351,7,6,5,0,Semi-Furnished,14209000.0,50500.0
1948,61,Apartment,2,2,1108,11,27,5,0,Unfurnished,9806000.0,34000.0
1949,253,Apartment,3,3,1288,21,4,5,2,Unfurnished,14320000.0,26100.0
1950,298,Row House,4,3,1414,13,34,3,1,Semi-Furnished,12787000.0,32700.0
1951,226,Villa,4,3,1367,5,14,2,2,Semi-Furnished,15415000.0,45800.0
1952,366,Apartment,1,1,1023,23,31,1,1,Fully-Furnished,10135000.0,32400.0
1953,119,Studio,2,2,766,4,18,2,2,Fully-Furnished,9587000.0,23400.0
1954,167,Apartment,3,3,1555,27,6,1,2,Semi-Furnished,15257000.0,41200.0
1955,326,Villa,3,3,1182,5,11,3,1,Semi-Furnished,12788000.0,50900.0
1956,182,Villa,1,1,582,24,14,1,0,Unfurnished,6196000.0,15600.0
1957,416,Studio,3,2,1134,22,4,0,1,Unfurnished,13565000.0,41900.0
1958,173,Studio,5,5,1490,7,16,3,1,Semi-Furnished,14021000.0,37600.0
1959,128,Apartment,4,3,1428,22,34,4,0,Semi-Furnished,12907000.0,28100.0
1960,279,Apartment,4,3,1904,0,20,4,1,Semi-Furnished,19956000.0,66300.0
1961,216,Apartment,1,1,966,14,17,0,2,Semi-Furnished,11541000.0,31700.0
1962,149,Row House,2,1,661,28,25,5,2,Semi-Furnished,6022000.0,22000.0
1963,17,Studio,4,4,1410,13,4,2,2,Unfurnished,14156000.0,34700.0
1964,203,Studio,2,1,1055,8,13,4,2,Unfurnished,13403000.0,41000.0
1965,151,Apartment,4,3,1604,14,8,5,1,Fully-Furnished,17464000.0,50200.0
1966,284,Apartment,3,3,1205,25,11,1,2,Semi-Furnished,11902000.0,34100.0
1967,366,Apartment,1,1,733,1,9,1,1,Unfurnished,7252000.0,18400.0
1968,179,Apartment,2,2,768,16,26,2,0,Unfurnished,9656000.0,22900.0
1969,82,Penthouse,2,2,999,4,23,5,1,Unfurnished,11597000.0,26100.0
1970,139,Apartment,1,1,449,18,24,4,1,Semi-Furnished,6070000.0,19100.0
1971,189,Apartment,1,1,1099,20,25,1,1,Fully-Furnished,12996000.0,22900.0
1972,17,Row House,2,1,1002,8,27,2,1,Semi-Furnished,9651000.0,21700.0
1973,120,Apartment,3,3,1450,7,29,3,1,Fully-Furnished,13703000.0,39500.0
1974,141,Studio,4,3,1368,18,34,3,2,Unfurnished,11863000.0,36200.0
1975,486,Villa,2,2,1060,9,17,3,1,Semi-Furnished,10255000.0,29200.0
1976,26,Apartment,2,2,1225,26,8,3,2,Unfurnished,13311000.0,24600.0
1977,468,Apartment,5,5,1559,11,30,1,1,Unfurnished,21493000.0,55200.0
1978,171,Penthouse,2,2,1433,7,30,2,1,Unfurnished,13992000.0,29300.0
1979,409,Apartment,5,4,1655,23,33,5,1,Fully-Furnished,22578000.0,66900.0
1980,364,Apartment,3,2,1605,16,30,0,1,Unfurnished,20169000.0,65100.0
1981,490,Apartment,3,2,1085,28,4,5,2,Fully-Furnished,11057000.0,28300.0
1982,436,Apartment,4,3,1648,12,19,3,2,Unfurnished,18860000.0,53200.0
1983,348,Apartment,4,4,1246,6,12,3,1,Semi-Furnished,15390000.0,41500.0
1984,173,Apartment,3,2,1016,17,10,3,1,Unfurnished,10332000.0,35100.0
1985,393,Studio,3,3,1457,22,6,5,1,Unfurnished,13664000.0,31500.0
1986,4,Villa,1,1,859,24,18,4,2,Fully-Furnished,7928000.0,22400.0
1987,54,Studio,2,2,1252,14,28,1,2,Fully-Furnished,16088000.0,50500.0
1988,80,Apartment,3,3,893,26,7,5,2,Unfurnished,9088000.0,22200.0
1989,211,Studio,2,2,1047,26,23,4,2,Fully-Furnished,12712000.0,31600.0
1990,145,Villa,3,2,1525,27,4,2,2,Semi-Furnished,10940000.0,28800.0
1991,478,Studio,2,1,871,21,18,5,1,Semi-Furnished,8473000.0,22200.0
1992,49,Studio,2,1,1339,14,26,5,1,Unfurnished,14427000.0,43100.0
1993,384,Penthouse,5,4,1957,14,20,0,1,Unfurnished,24363000.0,57300.0
1994,498,Apartment,2,1,955,1,24,3,2,Fully-Furnished,9675000.0,30600.0
1995,226,Apartment,2,2,1063,6,25,2,0,Semi-Furnished,12344000.0,40800.0
1996,212,Penthouse,3,3,1194,1,13,4,2,Unfurnished,7489000.0,20900.0
1997,42,Penthouse,3,3,1351,28,16,5,2,Unfurnished,11690000.0,30700.0
1998,386,Studio,4,4,1733,4,16,1,1,Unfurnished,18396000.0,54400.0
1999,191,Apartment,3,2,1071,13,14,4,1,Unfurnished,13946000.0,32200.0
2000,85,Apartment,3,2,1275,27,10,0,2,Unfurnished,12011000.0,28800.0
2001,402,Studio,3,3,1387,1,7,1,0,Unfurnished,16977000.0,41000.0
2002,409,Apartment,4,3,1974,22,8,5,1,Unfurnished,22875000.0,57900.0
2003,440,Apartment,1,1,600,27,9,2,1,Semi-Furnished,5890000.0,21600.0
2004,133,Apartment,1,1,478,27,33,3,2,Semi-Furnished,5373000.0,8500.0
2005,281,Studio,3,2,1284,10,31,3,0,Unfurnished,16461000.0,23700.0
2006,184,Row House,2,1,985,14,8,2,1,Semi-Furnished,28927500.0,34000.0
2007,11,Apartment,2,1,834,28,22,5,2,Unfurnished,9415000.0,19400.0
2008,124,Apartment,1,1,848,19,34,1,2,Unfurnished,6684000.0,21800.0
2009,243,Villa,1,1,1193,18,7,2,2,Unfurnished,14412000.0,39300.0
2010,403,Row House,2,1,838,20,28,3,1,Fully-Furnished,7834000.0,20500.0
2011,44,Apartment,2,1,911,21,10,5,2,Semi-Furnished,7771000.0,22000.0
2012,326,Studio,3,3,934,8,20,3,1,Semi-Furnished,9709000.0,20400.0
2013,187,Villa,3,2,1641,3,7,0,2,Semi-Furnished,14259000.0,29000.0
2014,435,Apartment,4,4,1732,21,28,3,1,Unfurnished,26031000.0,73000.0
2015,220,Apartment,2,2,883,4,12,1,0,Unfurnished,7186000.0,23700.0
2016,192,Apartment,1,1,787,25,7,1,1,Unfurnished,10147000.0,28200.0
2017,282,Apartment,1,1,680,24,14,4,1,Fully-Furnished,8714000.0,30300.0
2018,404,Row House,1,1,408,12,28,2,1,Unfurnished,4994000.0,11800.0
2019,299,Apartment,2,1,1183,14,18,3,2,Unfurnished,11486000.0,24400.0
2020,132,Villa,3,2,1509,2,9,2,2,Unfurnished,14823000.0,37700.0
2021,135,Row House,2,2,825,1,18,5,1,Fully-Furnished,7436000.0,25900.0
2022,391,Apartment,3,3,1262,26,16,2,1,Semi-Furnished,14089000.0,38700.0
2023,360,Apartment,1,1,918,23,16,2,1,Unfurnished,9592000.0,26700.0
2024,333,Apartment,2,1,917,26,15,1,1,Unfurnished,8754000.0,20100.0
2025,15,Apartment,1,1,969,15,25,3,0,Unfurnished,7601000.0,18700.0
2026,206,Apartment,3,2,1303,7,19,3,1,Fully-Furnished,13279000.0,42800.0
2027,106,Villa,3,2,1224,21,32,0,1,Semi-Furnished,13475000.0,39600.0
2028,119,Studio,4,3,1544,24,5,2,1,Semi-Furnished,17370000.0,50300.0
2029,28,Studio,1,1,1090,2,31,1,2,Unfurnished,14255000.0,52100.0
2030,424,Apartment,3,3,995,19,21,4,1,Semi-Furnished,11231000.0,35800.0
2031,228,Apartment,3,3,1328,27,30,2,1,Fully-Furnished,14785000.0,34900.0
2032,491,Apartment,2,2,1086,18,17,2,1,Unfurnished,13778000.0,40700.0
2033,355,Apartment,4,3,1545,19,28,2,1,Unfurnished,14279000.0,28900.0
2034,362,Apartment,2,1,1161,9,16,5,1,Semi-Furnished,12428000.0,42200.0
2035,96,Villa,5,5,1609,7,12,3,2,Unfurnished,20556000.0,55700.0
2036,328,Apartment,5,5,1772,18,34,4,1,Semi-Furnished,20525000.0,48700.0
2037,300,Studio,2,1,1053,16,13,3,1,Unfurnished,11970000.0,28500.0
2038,36,Apartment,2,1,1140,20,12,1,0,Unfurnished,12478000.0,34200.0
2039,211,Apartment,2,2,775,6,18,4,1,Fully-Furnished,9705000.0,25800.0
2040,369,Penthouse,2,2,981,28,18,2,1,Semi-Furnished,10761000.0,30700.0
2041,7,Row House,5,4,1591,29,20,2,1,Unfurnished,14916000.0,41400.0
2042,49,Penthouse,4,4,1844,3,18,5,1,Fully-Furnished,24080000.0,70200.0
2043,246,Studio,4,4,1392,6,15,2,2,Semi-Furnished,11352000.0,40400.0
2044,36,Penthouse,2,2,1055,6,4,1,1,Semi-Furnished,12797000.0,36500.0
2045,410,Apartment,3,2,1091,8,18,4,2,Unfurnished,9539000.0,18700.0
2046,84,Villa,4,4,1685,14,5,4,2,Unfurnished,16358000.0,51500.0
2047,300,Apartment,3,3,1476,25,13,3,2,Unfurnished,22479000.0,68000.0
2048,63,Villa,5,5,1517,29,19,1,1,Semi-Furnished,17270000.0,48000.0
2049,39,Apartment,2,1,987,19,9,2,1,Fully-Furnished,10616000.0,23800.0
2050,153,Apartment,1,1,461,23,27,3,2,Fully-Furnished,5772000.0,16500.0
2051,309,Apartment,4,4,1780,19,29,4,1,Fully-Furnished,14474000.0,40300.0
2052,492,Penthouse,4,4,1800,15,21,3,1,Semi-Furnished,20111000.0,47700.0
2053,240,Apartment,2,1,1012,9,6,3,1,Unfurnished,11366000.0,25100.0
2054,462,Apartment,1,1,837,13,21,5,1,Unfurnished,9387000.0,33600.0
2055,194,Studio,4,4,1208,13,8,4,1,Unfurnished,14847000.0,48700.0
2056,187,Apartment,2,1,975,9,26,0,1,Unfurnished,7895000.0,21200.0
2057,419,Apartment,3,2,1133,22,9,5,2,Unfurnished,11356000.0,34800.0
2058,461,Apartment,1,1,614,1,29,5,2,Semi-Furnished,8588000.0,22600.0
2059,68,Apartment,2,2,954,1,13,4,1,Unfurnished,11762000.0,30000.0
2060,19,Studio,2,1,1331,24,14,4,1,Unfurnished,10117000.0,23700.0
2061,47,Apartment,2,2,1134,29,9,2,1,Unfurnished,16535000.0,47700.0
2062,211,Penthouse,2,2,1287,2,12,4,1,Fully-Furnished,13873000.0,39200.0
2063,355,Apartment,2,1,886,18,23,2,1,Unfurnished,7832000.0,19800.0
2064,189,Apartment,2,1,784,24,17,1,1,Unfurnished,10684000.0,37000.0
2065,430,Row House,2,1,852,29,25,5,2,Unfurnished,10318000.0,30600.0
2066,245,Apartment,2,2,849,3,14,2,1,Unfurnished,10066000.0,27700.0
2067,239,Apartment,1,1,681,0,16,1,2,Semi-Furnished,11178000.0,26100.0
2068,181,Studio,3,2,1419,1,13,5,1,Unfurnished,12533000.0,40800.0
2069,166,Apartment,1,1,661,22,21,3,2,Semi-Furnished,8073000.0,23400.0
2070,28,Apartment,3,3,1274,18,9,1,1,Semi-Furnished,16572000.0,38700.0
2071,118,Apartment,5,5,1437,14,10,0,0,Semi-Furnished,12212000.0,43900.0
2072,184,Penthouse,3,2,1493,18,30,2,0,Unfurnished,16091000.0,43500.0
2073,57,Apartment,1,1,586,18,14,0,1,Unfurnished,6370000.0,17300.0
2074,93,Penthouse,2,1,1127,1,32,2,2,Unfurnished,16394000.0,51000.0
2075,483,Apartment,3,2,1533,24,4,5,1,Fully-Furnished,17022000.0,42000.0
2076,476,Apartment,4,3,1542,26,23,1,1,Semi-Furnished,17079000.0,43900.0
2077,217,Apartment,3,3,1020,5,8,4,1,Unfurnished,9409000.0,24500.0
2078,3,Apartment,5,5,1650,29,20,4,1,Unfurnished,17341000.0,51400.0
2079,399,Villa,5,4,1779,9,19,5,0,Unfurnished,18648000.0,63800.0
2080,187,Apartment,4,4,1274,2,26,0,0,Unfurnished,12742000.0,41300.0
2081,209,Apartment,1,1,779,1,23,4,0,Unfurnished,7461000.0,
2082,25,Apartment,3,2,1327,3,27,5,1,Semi-Furnished,13769000.0,44000.0
2083,195,Penthouse,3,3,1331,22,19,2,2,Unfurnished,13128000.0,38400.0
2084,380,Villa,3,2,1045,24,21,0,0,Semi-Furnished,8648000.0,18900.0
2085,227,Penthouse,2,2,1243,6,10,5,1,Fully-Furnished,9997000.0,30600.0
2086,466,Apartment,1,1,774,12,4,2,1,Fully-Furnished,9810000.0,18300.0
2087,170,Apartment,3,3,1295,8,21,0,1,Semi-Furnished,13890000.0,33300.0
2088,127,Apartment,4,3,1804,17,11,2,1,Semi-Furnished,19438000.0,50300.0
2089,248,Apartment,2,2,1157,10,34,5,2,Semi-Furnished,13465000.0,36800.0
2090,461,Apartment,1,1,763,13,29,5,2,Fully-Furnished,9437000.0,26300.0
2091,43,Row House,3,3,1358,5,28,1,1,Unfurnished,11991000.0,34600.0
2092,59,Apartment,3,2,1376,22,29,1,1,Unfurnished,14915000.0,53900.0
2093,322,Apartment,1,1,845,28,33,5,1,Semi-Furnished,7487000.0,27000.0
2094,24,Villa,4,4,1382,27,17,5,1,Semi-Furnished,14396000.0,40900.0
2095,432,Row House,2,2,1200,16,31,2,1,Unfurnished,12452000.0,41300.0
2096,282,Apartment,2,1,923,8,33,4,0,Semi-Furnished,10577000.0,31400.0
2097,7,Apartment,2,1,988,8,14,2,1,Unfurnished,8923000.0,18500.0
2098,287,Villa,5,5,2013,20,31,3,1,Semi-Furnished,21516000.0,64300.0
2099,299,Apartment,2,2,1230,22,28,3,1,Unfurnished,13356000.0,38100.0
2100,379,Studio,1,1,493,24,19,1,2,Semi-Furnished,5203000.0,18400.0
2101,64,Villa,3,3,1206,1,5,4,2,Unfurnished,10792000.0,26200.0
2102,64,Studio,2,1,1032,9,22,4,1,Unfurnished,12094000.0,39800.0
2103,158,Villa,4,4,1383,9,22,5,1,Fully-Furnished,13906000.0,38000.0
2104,412,Studio,2,2,661,21,34,5,2,Semi-Furnished,5830000.0,11500.0
2105,114,Apartment,2,1,768,1,33,3,0,Unfurnished,11133000.0,28300.0
2106,450,Apartment,2,2,1139,29,5,3,2,Unfurnished,14967000.0,53000.0
2107,389,Apartment,3,3,1501,23,27,5,1,Unfurnished,18554000.0,44800.0
2108,187,Apartment,1,1,637,23,17,0,1,Semi-Furnished,7417000.0,16800.0
2109,155,Apartment,3,3,1458,8,21,4,2,Unfurnished,17691000.0,51100.0
2110,394,Villa,2,2,1116,0,13,3,2,Unfurnished,11095000.0,42100.0
2111,246,Row House,4,3,1112,0,10,2,1,Semi-Furnished,11067000.0,37400.0
2112,358,Apartment,4,3,1713,19,26,0,1,Semi-Furnished,17457000.0,34900.0
2113,464,Apartment,3,3,1182,1,13,1,2,Unfurnished,13688000.0,38300.0
2114,450,Villa,2,2,1071,2,32,3,1,Fully-Furnished,11913000.0,27500.0
2115,179,Apartment,2,2,1148,8,18,2,1,Fully-Furnished,13256000.0,37200.0
2116,478,Apartment,4,3,1342,24,26,5,1,Semi-Furnished,13455000.0,35000.0
2117,289,Apartment,3,2,1171,20,33,4,1,Semi-Furnished,14922000.0,48400.0
2118,24,Villa,1,1,1005,11,30,5,1,Unfurnished,10712000.0,34300.0
2119,205,Penthouse,3,3,1227,11,34,2,2,Unfurnished,13484000.0,35800.0
2120,401,Studio,3,2,1520,4,9,5,2,Unfurnished,16136000.0,45000.0
2121,67,Apartment,1,1,851,20,30,4,2,Unfurnished,6845000.0,23200.0
2122,210,Villa,1,1,811,28,30,3,2,Fully-Furnished,11701000.0,32900.0
2123,259,Villa,5,5,1931,6,5,2,0,Fully-Furnished,19528000.0,46800.0
2124,51,Penthouse,2,2,1208,18,9,2,2,Unfurnished,15096000.0,43900.0
2125,21,Villa,3,2,1253,12,24,4,2,Unfurnished,13781000.0,47600.0
2126,164,Apartment,2,1,938,12,29,5,1,Semi-Furnished,11671000.0,35300.0
2127,28,Studio,4,3,1434,10,34,1,2,Unfurnished,18168000.0,54100.0
2128,37,Apartment,1,1,951,25,6,4,0,Semi-Furnished,11258000.0,37600.0
2129,29,Apartment,2,2,1123,9,5,4,1,Fully-Furnished,11662000.0,19100.0
2130,151,Penthouse,4,3,1216,22,19,5,0,Semi-Furnished,10951000.0,32600.0
2131,77,Apartment,2,1,1122,13,19,5,1,Fully-Furnished,9446000.0,23700.0
2132,196,Apartment,3,3,1581,15,32,4,1,Semi-Furnished,18884000.0,40300.0
2133,49,Apartment,4,4,1635,29,26,5,1,Unfurnished,16949000.0,45900.0
2134,419,Apartment,2,1,737,11,31,5,0,Semi-Furnished,6241000.0,21000.0
2135,112,Apartment,4,4,1545,29,29,1,0,Unfurnished,16962000.0,49100.0
2136,342,Villa,3,2,1115,26,15,4,2,Unfurnished,11884000.0,34000.0
2137,421,Apartment,3,2,1093,28,7,1,0,Fully-Furnished,12451000.0,32100.0
2138,266,Apartment,2,1,1221,13,34,2,1,Fully-Furnished,15407000.0,36000.0
2139,345,Apartment,4,4,1819,2,32,5,1,Fully-Furnished,19424000.0,57400.0
2140,297,Apartment,3,3,1511,28,31,2,2,Semi-Furnished,14902000.0,43700.0
2141,367,Studio,3,3,1197,15,20,2,1,Unfurnished,12520000.0,37800.0
2142,352,Apartment,2,1,1047,29,34,1,1,Unfurnished,13344000.0,36600.0
2143,238,Studio,4,3,1516,15,26,2,2,Unfurnished,15661000.0,43400.0
2144,156,Apartment,5,5,1590,13,34,4,1,Semi-Furnished,19034000.0,47400.0
2145,325,Villa,5,5,1778,21,33,5,0,Unfurnished,16394000.0,51200.0
2146,427,Apartment,1,1,700,12,20,0,2,Unfurnished,7441000.0,15700.0
2147,55,Apartment,5,5,1667,26,30,2,1,Fully-Furnished,16378000.0,45500.0
2148,445,Apartment,3,3,1628,9,29,2,1,Unfurnished,21451000.0,52100.0
2149,299,Apartment,2,1,843,8,31,3,0,Unfurnished,8141000.0,29400.0
2150,6,Penthouse,3,3,1335,17,12,4,1,Semi-Furnished,17398000.0,
2151,27,Penthouse,4,3,1310,16,24,0,1,Fully-Furnished,12516000.0,38600.0
2152,337,Apartment,3,2,1151,10,14,3,1,Semi-Furnished,8237000.0,20800.0
2153,112,Villa,3,3,1291,5,17,1,1,Unfurnished,16858000.0,47800.0
2154,462,Apartment,4,3,1660,26,33,5,0,Unfurnished,14829000.0,41100.0
2155,24,Apartment,3,3,1476,4,12,5,2,Unfurnished,14046000.0,31900.0
2156,442,Row House,2,2,946,6,8,5,1,Unfurnished,8241000.0,23100.0
2157,161,Apartment,2,2,1003,24,17,1,1,Unfurnished,11634000.0,33400.0
2158,3,Villa,1,1,527,10,25,4,1,Unfurnished,5230000.0,18000.0
2159,58,Apartment,1,1,338,20,15,0,2,Unfurnished,3275000.0,9600.0
2160,223,Apartment,1,1,771,21,10,5,0,Unfurnished,7979000.0,31500.0
2161,304,Apartment,5,5,1825,6,23,1,0,Semi-Furnished,19288000.0,49100.0
2162,383,Studio,2,1,720,13,12,1,2,Semi-Furnished,7978000.0,24200.0
2163,221,Apartment,5,5,2011,27,10,4,1,Unfurnished,22628000.0,60900.0
2164,109,Penthouse,4,4,1402,2,23,3,1,Fully-Furnished,16288000.0,50900.0
2165,357,Studio,2,2,1140,1,29,1,0,Fully-Furnished,13123000.0,
2166,494,Apartment,1,1,872,19,19,3,1,Fully-Furnished,9171000.0,27100.0
2167,13,Apartment,4,4,1890,6,32,5,1,Unfurnished,22007000.0,36700.0
2168,79,Apartment,1,1,812,18,33,3,1,Unfurnished,6106000.0,15200.0
2169,293,Apartment,3,2,1191,15,24,2,0,Unfurnished,12197000.0,32500.0
2170,115,Row House,3,3,1433,19,17,0,1,Unfurnished,17637000.0,49400.0
2171,189,Apartment,2,1,980,20,23,1,2,Semi-Furnished,10791000.0,34800.0
2172,149,Apartment,1,1,716,15,4,5,0,Unfurnished,8060000.0,22800.0
2173,304,Apartment,2,2,672,8,33,1,0,Fully-Furnished,6372000.0,20500.0
2174,488,Apartment,2,1,1163,16,12,1,1,Fully-Furnished,11906000.0,
2175,89,Apartment,2,2,835,6,29,4,1,Fully-Furnished,8205000.0,20900.0
2176,119,Apartment,3,3,1065,18,20,2,1,Fully-Furnished,10168000.0,33200.0
2177,77,Row House,4,3,1616,27,23,5,2,Unfurnished,17985000.0,65200.0
2178,200,Penthouse,4,4,1794,18,18,4,1,Semi-Furnished,21275000.0,47900.0
2179,127,Apartment,1,1,725,11,13,2,2,Fully-Furnished,7367000.0,18400.0
2180,125,Apartment,4,3,1485,16,24,3,0,Unfurnished,17353000.0,39900.0
2181,61,Row House,1,1,814,18,22,5,2,Unfurnished,7993000.0,25400.0
2182,153,Penthouse,5,5,1917,21,12,3,2,Semi-Furnished,31057000.0,114900.0
2183,247,Apartment,1,1,590,0,14,4,1,Unfurnished,5468000.0,14000.0
2184,182,Villa,1,1,686,25,18,1,2,Semi-Furnished,7118000.0,16200.0
2185,191,Studio,5,5,1548,17,32,4,2,Unfurnished,16080000.0,41400.0
2186,6,Row House,2,1,1054,17,10,4,1,Unfurnished,9643000.0,28800.0
2187,343,Row House,4,3,1701,0,11,3,1,Unfurnished,24275000.0,56400.0
2188,46,Apartment,4,4,1248,9,29,5,1,Fully-Furnished,14421000.0,47700.0
2189,13,Apartment,3,2,1128,7,7,5,1,Fully-Furnished,11165000.0,24100.0
2190,115,Villa,2,2,1132,2,11,0,1,Semi-Furnished,15150000.0,36500.0
2191,124,Apartment,2,2,1067,20,12,1,2,Semi-Furnished,10358000.0,29500.0
2192,256,Studio,3,2,1155,21,5,2,1,Unfurnished,9208000.0,23400.0
2193,477,Row House,5,5,1651,19,18,2,2,Unfurnished,18192000.0,54800.0
2194,84,Apartment,4,4,1691,21,27,4,1,Unfurnished,15593000.0,36100.0
2195,464,Apartment,5,5,1655,7,29,1,1,Unfurnished,16964000.0,56500.0
2196,330,Apartment,3,3,1220,13,26,1,2,Unfurnished,12690000.0,29300.0
2197,80,Apartment,2,2,895,7,7,5,1,Unfurnished,9359000.0,28900.0
2198,419,Apartment,2,1,1098,14,17,5,2,Semi-Furnished,8481000.0,32400.0
2199,229,Villa,2,2,1122,25,12,3,1,Semi-Furnished,11191000.0,42900.0
2200,230,Apartment,2,1,1105,16,6,4,0,Semi-Furnished,13717000.0,37900.0
2201,431,Apartment,3,3,1128,24,26,1,2,Fully-Furnished,9743000.0,24700.0
2202,284,Penthouse,2,1,1075,1,34,1,2,Fully-Furnished,13054000.0,43600.0
2203,279,Villa,3,2,1128,7,21,4,1,Semi-Furnished,12758000.0,31900.0
2204,404,Villa,5,4,2022,10,15,2,1,Unfurnished,21896000.0,65500.0
2205,60,Row House,3,2,1587,10,10,1,2,Unfurnished,18216000.0,44500.0
2206,157,Apartment,1,1,946,12,32,3,1,Fully-Furnished,8268000.0,23400.0
2207,160,Row House,3,2,1006,4,5,1,0,Unfurnished,11945000.0,25900.0
2208,42,Penthouse,3,3,1304,6,11,5,1,Semi-Furnished,14442000.0,45300.0
2209,254,Apartment,1,1,819,21,4,0,2,Semi-Furnished,8991000.0,18700.0
2210,31,Row House,2,1,924,4,28,2,2,Unfurnished,10018000.0,27800.0
2211,252,Apartment,3,2,1215,16,27,2,2,Unfurnished,13064000.0,30100.0
2212,322,Apartment,2,1,770,9,4,5,1,Unfurnished,7897000.0,21100.0
2213,404,Apartment,1,1,771,13,17,2,1,Semi-Furnished,8011000.0,24200.0
2214,488,Villa,2,2,969,24,24,1,1,Unfurnished,10502000.0,29900.0
2215,208,Apartment,2,2,807,24,17,3,1,Semi-Furnished,9542000.0,32900.0
2216,252,Apartment,3,2,1269,15,11,2,1,Unfurnished,14524000.0,
2217,136,Studio,3,3,1272,18,10,3,1,Unfurnished,14571000.0,37600.0
2218,351,Apartment,2,2,732,19,25,1,1,Semi-Furnished,9802000.0,27500.0
2219,93,Apartment,2,1,903,3,31,2,2,Unfurnished,11681000.0,37800.0
2220,57,Villa,2,2,1208,9,13,0,1,Semi-Furnished,16792000.0,52200.0
2221,417,Villa,3,2,1173,9,4,5,0,Unfurnished,10510000.0,36100.0
2222,247,Row House,3,2,1349,19,31,4,0,Unfurnished,13033000.0,42800.0
2223,432,Apartment,2,1,851,15,31,2,1,Unfurnished,10458000.0,32900.0
2224,45,Villa,1,1,679,3,7,2,1,Semi-Furnished,7707000.0,20900.0
2225,495,Apartment,1,1,826,4,28,1,1,Semi-Furnished,10174000.0,27500.0
2226,299,Apartment,1,1,377,24,32,3,0,Unfurnished,4132000.0,11400.0
2227,61,Penthouse,2,2,1144,27,33,5,1,Fully-Furnished,10484000.0,26300.0
2228,370,Studio,3,2,1291,29,20,2,0,Unfurnished,17095000.0,33200.0
2229,310,Apartment,3,3,1338,21,9,1,1,Semi-Furnished,11803000.0,15900.0
2230,116,Studio,4,3,1737,6,5,3,2,Fully-Furnished,16860000.0,51000.0
2231,411,Apartment,2,2,876,14,33,0,1,Unfurnished,6505000.0,16600.0
2232,188,Apartment,5,5,1958,11,20,2,1,Unfurnished,18070000.0,63000.0
2233,43,Row House,3,2,1492,4,15,1,2,Unfurnished,19493000.0,52600.0
2234,408,Studio,3,3,1428,3,28,0,1,Semi-Furnished,15944000.0,39500.0
2235,417,Studio,2,2,1017,4,23,5,2,Unfurnished,11281000.0,30400.0
2236,472,Apartment,3,2,1109,29,9,4,2,Semi-Furnished,13127000.0,38100.0
2237,278,Apartment,2,1,913,20,15,3,1,Fully-Furnished,9093000.0,25500.0
2238,487,Villa,4,3,1513,6,31,3,1,Semi-Furnished,19067000.0,61600.0
2239,219,Studio,1,1,951,11,25,2,1,Unfurnished,10717000.0,40600.0
2240,473,Penthouse,1,1,720,10,24,4,1,Unfurnished,4794000.0,14500.0
2241,183,Villa,2,2,966,14,20,3,1,Semi-Furnished,9053000.0,30400.0
2242,361,Studio,2,2,1145,10,12,0,2,Unfurnished,13260000.0,34600.0
2243,419,Apartment,3,3,1689,0,23,5,1,Unfurnished,14363000.0,36400.0
2244,22,Row House,4,3,1454,11,6,5,2,Unfurnished,14580000.0,45600.0
2245,218,Apartment,3,2,1724,2,19,4,2,Semi-Furnished,15712000.0,52400.0
2246,269,Penthouse,2,1,1110,11,17,2,1,Unfurnished,11586000.0,30900.0
2247,172,Apartment,4,3,1412,4,9,2,2,Semi-Furnished,13421000.0,32500.0
2248,278,Apartment,3,2,1375,13,24,3,1,Unfurnished,13095000.0,35400.0
2249,164,Apartment,2,1,1352,22,4,5,2,Unfurnished,13739000.0,46600.0
2250,186,Apartment,2,2,1019,19,8,5,2,Semi-Furnished,10254000.0,25100.0
2251,286,Apartment,2,1,669,18,34,3,2,Semi-Furnished,7557000.0,25400.0
2252,438,Apartment,2,1,853,19,6,3,1,Unfurnished,7677000.0,17000.0
2253,117,Apartment,2,1,1010,18,26,2,1,Unfurnished,10340000.0,
2254,146,Penthouse,3,3,1238,22,32,0,0,Semi-Furnished,14982000.0,45600.0
2255,176,Villa,3,3,1464,7,14,1,1,Fully-Furnished,12019000.0,35900.0
2256,87,Apartment,3,3,1066,11,33,2,1,Fully-Furnished,12768000.0,40100.0
2257,315,Apartment,1,1,697,28,28,1,2,Unfurnished,7841000.0,17800.0
2258,222,Villa,1,1,793,12,29,4,0,Unfurnished,10495000.0,38300.0
2259,252,Apartment,3,2,1220,6,19,2,1,Unfurnished,8596000.0,19300.0
2260,368,Studio,3,2,1231,4,21,4,1,Unfurnished,13107000.0,35400.0
2261,336,Penthouse,4,3,1495,2,8,0,0,Unfurnished,21266000.0,59300.0
2262,263,Studio,5,5,1782,5,6,3,1,Unfurnished,21042000.0,70100.0
2263,296,Apartment,5,4,1771,16,11,3,1,Unfurnished,17112000.0,55200.0
2264,30,Apartment,2,2,1118,29,14,1,1,Semi-Furnished,11473000.0,28900.0
2265,216,Studio,1,1,1089,6,23,0,2,Semi-Furnished,8110000.0,24900.0
2266,127,Apartment,2,1,651,11,4,2,0,Fully-Furnished,5894000.0,18600.0
2267,214,Apartment,1,1,642,23,20,4,2,Semi-Furnished,6001000.0,13200.0
2268,411,Apartment,1,1,1061,14,14,0,1,Unfurnished,7158000.0,20700.0
2269,38,Studio,3,3,1109,22,6,2,0,Unfurnished,12767000.0,42600.0
2270,188,Apartment,3,2,1160,7,5,2,1,Semi-Furnished,10177000.0,30400.0
2271,83,Apartment,2,2,704,15,24,2,1,Semi-Furnished,6933000.0,17700.0
2272,217,Studio,3,3,1509,7,7,4,1,Semi-Furnished,17536000.0,50200.0
2273,441,Apartment,2,1,1033,5,27,4,0,Fully-Furnished,13577000.0,47800.0
2274,104,Penthouse,1,1,576,2,9,1,1,Semi-Furnished,7831000.0,26800.0
2275,294,Row House,3,2,1365,22,23,2,1,Semi-Furnished,11303000.0,24900.0
2276,167,Penthouse,5,4,1869,19,28,1,2,Semi-Furnished,19780000.0,58100.0
2277,130,Apartment,1,1,841,7,11,5,1,Semi-Furnished,9110000.0,24600.0
2278,364,Villa,2,1,1244,21,12,0,1,Unfurnished,15112000.0,45800.0
2279,342,Apartment,2,1,826,19,27,4,1,Semi-Furnished,8969000.0,15200.0
2280,78,Apartment,1,1,792,17,27,4,0,Fully-Furnished,8337000.0,20800.0
2281,116,Penthouse,1,1,764,9,19,3,0,Fully-Furnished,7516000.0,23400.0
2282,80,Penthouse,3,2,1310,27,18,5,1,Semi-Furnished,12076000.0,33600.0
2283,40,Apartment,3,2,1331,15,20,3,2,Semi-Furnished,17046000.0,54200.0
2284,117,Apartment,4,4,1408,25,19,2,1,Fully-Furnished,14406000.0,22000.0
2285,134,Apartment,2,1,891,23,26,3,1,Unfurnished,8157000.0,20000.0
2286,308,Studio,2,2,1242,11,13,4,2,Semi-Furnished,13195000.0,49700.0
2287,435,Penthouse,1,1,983,21,12,3,1,Semi-Furnished,10181000.0,26200.0
2288,238,Apartment,3,3,952,9,25,2,1,Semi-Furnished,11588000.0,37100.0
2289,307,Apartment,2,2,1101,29,15,4,2,Unfurnished,11108000.0,33300.0
2290,396,Apartment,4,3,1483,14,28,2,1,Fully-Furnished,16203000.0,53100.0
2291,81,Apartment,2,2,1069,12,29,4,1,Unfurnished,11172000.0,27500.0
2292,129,Apartment,1,1,446,21,15,1,1,Semi-Furnished,4078000.0,11500.0
2293,416,Apartment,2,1,448,4,25,0,0,Semi-Furnished,4515000.0,8100.0
2294,73,Row House,1,1,869,6,26,3,1,Unfurnished,8248000.0,14500.0
2295,361,Apartment,5,5,1943,16,14,0,1,Semi-Furnished,19467000.0,64900.0
2296,273,Villa,3,3,769,3,14,2,1,Unfurnished,7275000.0,9600.0
2297,231,Villa,3,3,1274,15,16,4,1,Unfurnished,12571000.0,32000.0
2298,258,Apartment,2,2,1141,13,28,5,1,Fully-Furnished,10947000.0,29000.0
2299,411,Apartment,2,2,1275,18,10,0,1,Semi-Furnished,12397000.0,36700.0
2300,352,Apartment,3,2,1060,19,11,1,0,Fully-Furnished,12334000.0,25600.0
2301,15,Apartment,1,1,671,15,16,3,1,Fully-Furnished,5303000.0,21000.0
2302,127,Apartment,5,5,1700,8,24,2,0,Unfurnished,14938000.0,43600.0
2303,495,Row House,2,1,1188,8,27,1,1,Unfurnished,11612000.0,
2304,360,Apartment,3,2,822,17,31,2,1,Unfurnished,8874000.0,25100.0
2305,422,Row House,2,2,863,11,14,5,1,Semi-Furnished,9085000.0,32100.0
2306,414,Apartment,3,2,1304,11,25,5,1,Unfurnished,13328000.0,43000.0
2307,269,Apartment,1,1,486,0,11,2,1,Semi-Furnished,6008000.0,21500.0
2308,434,Apartment,2,2,1002,15,32,5,1,Unfurnished,9666000.0,30300.0
2309,265,Apartment,3,3,1424,25,21,1,1,Semi-Furnished,14881000.0,42600.0
2310,237,Penthouse,1,1,665,26,27,5,2,Semi-Furnished,9178000.0,20400.0
2311,137,Apartment,3,2,1584,26,15,1,1,Unfurnished,17878000.0,58700.0
2312,78,Apartment,4,3,1419,17,18,4,1,Semi-Furnished,15130000.0,39700.0
2313,259,Apartment,4,3,1689,18,24,2,1,Unfurnished,17650000.0,38900.0
2314,471,Studio,3,2,751,11,13,4,2,Unfurnished,6170000.0,16300.0
2315,53,Apartment,3,2,1423,2,7,4,1,Unfurnished,13404000.0,31700.0
2316,270,Apartment,3,2,1254,24,6,3,1,Unfurnished,14899000.0,44300.0
2317,374,Apartment,4,4,1870,9,9,1,1,Semi-Furnished,19222000.0,43400.0
2318,87,Apartment,3,2,1792,5,18,2,2,Semi-Furnished,18221000.0,47300.0
2319,429,Apartment,2,2,905,12,16,5,1,Fully-Furnished,8852000.0,27500.0
2320,133,Row House,2,1,1344,1,5,3,1,Semi-Furnished,16347000.0,38500.0
2321,221,Apartment,5,4,1340,14,16,4,1,Unfurnished,14493000.0,39000.0
2322,490,Apartment,3,2,1546,12,9,5,1,Unfurnished,15393000.0,53000.0
2323,160,Apartment,1,1,698,0,15,1,2,Semi-Furnished,5986000.0,15300.0
2324,90,Apartment,2,2,1397,20,22,2,1,Unfurnished,12411000.0,37900.0
2325,170,Apartment,2,2,1042,18,16,0,1,Semi-Furnished,12197000.0,35000.0
2326,263,Apartment,3,3,1365,1,10,3,0,Semi-Furnished,15465000.0,34900.0
2327,148,Row House,1,1,1214,14,27,2,1,Semi-Furnished,14072000.0,39100.0
2328,305,Apartment,3,2,1090,7,24,1,1,Semi-Furnished,13433000.0,37400.0
2329,382,Studio,5,5,1953,2,9,1,1,Semi-Furnished,23188000.0,74000.0
2330,395,Apartment,5,5,1798,16,30,0,1,Unfurnished,17992000.0,54800.0
2331,87,Apartment,4,4,1665,3,13,2,1,Unfurnished,20838000.0,42300.0
2332,50,Apartment,4,3,1579,13,7,3,2,Unfurnished,16136000.0,33200.0
2333,167,Penthouse,2,2,1224,14,5,1,1,Semi-Furnished,13268000.0,36800.0
2334,194,Apartment,2,1,1217,7,26,4,1,Semi-Furnished,12270000.0,40800.0
2335,487,Apartment,2,1,971,3,34,3,1,Fully-Furnished,10299000.0,23500.0
2336,237,Apartment,4,3,1438,22,5,5,2,Fully-Furnished,18936000.0,57600.0
2337,239,Apartment,1,1,775,19,10,1,1,Semi-Furnished,9877000.0,21800.0
2338,339,Apartment,1,1,1092,24,29,3,1,Unfurnished,12654000.0,45800.0
2339,178,Penthouse,1,1,805,24,5,4,1,Semi-Furnished,11409000.0,36200.0
2340,142,Villa,3,2,1218,4,31,3,2,Semi-Furnished,12855000.0,34300.0
2341,468,Apartment,2,1,1017,12,31,1,1,Fully-Furnished,12634000.0,40100.0
2342,319,Apartment,2,2,869,17,21,2,1,Semi-Furnished,9410000.0,23900.0
2343,19,Penthouse,4,4,1260,25,20,4,2,Unfurnished,10753000.0,35300.0
2344,169,Penthouse,3,2,1195,6,6,1,1,Semi-Furnished,14612000.0,33400.0
2345,221,Studio,4,4,1361,10,34,4,1,Semi-Furnished,14733000.0,37700.0
2346,316,Apartment,4,4,1467,25,25,2,2,Unfurnished,15365000.0,44600.0
2347,168,Apartment,1,1,654,8,26,2,2,Fully-Furnished,7482000.0,27300.0
2348,468,Apartment,2,1,1022,5,23,1,1,Unfurnished,13628000.0,35700.0
2349,179,Apartment,3,2,1087,29,26,2,2,Unfurnished,14120000.0,29400.0
2350,381,Apartment,4,3,1598,0,6,0,1,Fully-Furnished,17812000.0,47000.0
2351,389,Studio,2,2,1023,28,20,5,1,Semi-Furnished,9995000.0,17200.0
2352,325,Row House,2,1,788,4,33,5,0,Semi-Furnished,9129000.0,26200.0
2353,28,Villa,3,2,1369,4,30,1,1,Semi-Furnished,13549000.0,26500.0
2354,21,Row House,5,4,1767,18,30,4,0,Unfurnished,23321000.0,73100.0
2355,392,Apartment,4,4,1564,9,33,2,1,Unfurnished,16705000.0,33800.0
2356,261,Studio,4,3,1558,27,22,2,0,Unfurnished,19318000.0,41500.0
2357,92,Penthouse,2,2,784,13,16,2,1,Semi-Furnished,8475000.0,25800.0
2358,222,Apartment,1,1,860,16,28,4,1,Semi-Furnished,10112000.0,32400.0
2359,32,Apartment,3,2,1467,13,22,5,2,Fully-Furnished,12510000.0,36300.0
2360,106,Apartment,3,2,1312,28,29,0,2,Fully-Furnished,16139000.0,45800.0
2361,158,Apartment,5,4,1628,25,18,5,0,Unfurnished,19253000.0,60000.0
2362,215,Row House,3,3,1235,16,33,4,2,Fully-Furnished,11977000.0,32900.0
2363,311,Row House,1,1,529,27,29,1,1,Unfurnished,6078000.0,19200.0
2364,409,Studio,2,1,1544,8,23,5,2,Semi-Furnished,16180000.0,49700.0
2365,333,Apartment,4,4,1600,7,12,1,1,Semi-Furnished,16346000.0,54900.0
2366,42,Apartment,3,3,1373,10,4,5,1,Unfurnished,16156000.0,51000.0
2367,115,Apartment,3,2,1354,22,7,0,2,Unfurnished,18857000.0,52900.0
2368,473,Apartment,4,3,1035,12,10,4,0,Semi-Furnished,10133000.0,17500.0
2369,361,Row House,2,2,1444,4,21,0,0,Unfurnished,15068000.0,35500.0
2370,295,Apartment,4,4,1640,5,28,5,1,Unfurnished,15133000.0,51800.0
2371,255,Studio,3,3,1180,6,16,3,1,Semi-Furnished,16598000.0,50800.0
2372,173,Penthouse,3,3,1329,23,30,3,1,Semi-Furnished,10532000.0,41400.0
2373,39,Penthouse,5,5,1848,2,32,2,1,Semi-Furnished,21155000.0,51000.0
2374,343,Apartment,2,2,964,3,29,3,1,Semi-Furnished,11118000.0,27700.0
2375,186,Villa,2,1,1057,13,7,5,1,Unfurnished,9151000.0,24100.0
2376,99,Studio,2,2,974,13,33,3,2,Semi-Furnished,9867000.0,30800.0
2377,380,Apartment,4,4,1536,2,4,0,0,Unfurnished,15759000.0,37300.0
2378,437,Studio,2,2,1224,13,13,3,2,Semi-Furnished,14608000.0,45900.0
2379,397,Row House,4,3,1659,14,14,1,2,Fully-Furnished,21092000.0,64300.0
2380,102,Apartment,3,3,1290,28,23,5,1,Fully-Furnished,9715000.0,24800.0
2381,285,Apartment,1,1,801,6,15,2,1,Unfurnished,10994000.0,29800.0
2382,400,Studio,2,2,890,12,16,4,2,Unfurnished,6478000.0,12000.0
2383,432,Studio,1,1,783,18,31,2,1,Unfurnished,8326000.0,20800.0
2384,447,Studio,3,2,1321,26,27,4,2,Fully-Furnished,13031000.0,29700.0
2385,399,Apartment,2,1,1206,3,33,5,1,Fully-Furnished,12545000.0,41200.0
2386,161,Apartment,3,3,1089,8,9,1,1,Fully-Furnished,16446000.0,41900.0
2387,194,Apartment,4,3,1265,12,30,4,1,Unfurnished,13001000.0,24800.0
2388,19,Row House,3,2,1454,20,25,4,2,Semi-Furnished,9419000.0,26400.0
2389,399,Apartment,5,5,1753,3,13,5,1,Semi-Furnished,19441000.0,41600.0
2390,282,Villa,3,3,1236,10,4,4,0,Unfurnished,14037000.0,32200.0
2391,217,Villa,4,3,1644,29,13,4,1,Semi-Furnished,17590000.0,64700.0
2392,242,Apartment,1,1,696,2,27,4,1,Fully-Furnished,5784000.0,18600.0
2393,271,Apartment,4,3,1464,23,25,0,2,Unfurnished,12652000.0,33000.0
2394,130,Villa,3,3,1496,15,13,5,2,Unfurnished,13875000.0,33600.0
2395,46,Apartment,1,1,1057,23,20,5,1,Semi-Furnished,14095000.0,29200.0
2396,485,Studio,2,2,1077,29,32,4,2,Unfurnished,8357000.0,14300.0
2397,64,Apartment,3,2,1490,3,20,4,2,Unfurnished,13827000.0,41900.0
2398,3,Studio,4,3,1400,2,16,4,1,Fully-Furnished,12178000.0,44700.0
2399,5,Villa,3,3,1654,10,10,5,1,Fully-Furnished,10784000.0,35700.0
2400,159,Apartment,1,1,937,21,26,4,1,Semi-Furnished,10406000.0,32300.0
2401,123,Apartment,4,3,1880,21,26,1,1,Semi-Furnished,24646000.0,85100.0
2402,334,Apartment,1,1,1023,1,10,2,1,Fully-Furnished,9032000.0,35000.0
2403,309,Apartment,5,4,1862,26,20,4,0,Unfurnished,18172000.0,56800.0
2404,141,Villa,4,3,1571,26,28,3,1,Fully-Furnished,16726000.0,53400.0
2405,489,Apartment,5,4,2231,25,34,1,1,Unfurnished,24026000.0,83600.0
2406,199,Apartment,4,4,1469,7,25,1,2,Unfurnished,14401000.0,
2407,254,Apartment,4,4,1018,25,18,0,2,Unfurnished,12686000.0,37300.0
2408,321,Apartment,2,1,830,2,12,3,1,Unfurnished,9313000.0,35900.0
2409,323,Row House,2,1,991,3,33,1,1,Semi-Furnished,11539000.0,40100.0
2410,82,Apartment,2,2,979,22,13,5,0,Unfurnished,12062000.0,26100.0
2411,54,Penthouse,3,3,1423,21,5,1,0,Unfurnished,15119000.0,41200.0
2412,153,Apartment,5,5,1617,7,23,3,0,Unfurnished,23758000.0,56800.0
2413,185,Apartment,3,2,915,19,32,2,0,Unfurnished,8380000.0,27700.0
2414,328,Villa,2,2,759,11,5,4,2,Unfurnished,6535000.0,21700.0
2415,162,Apartment,3,3,1165,19,5,4,1,Unfurnished,12854000.0,43300.0
2416,41,Apartment,3,3,1379,8,29,1,2,Fully-Furnished,13720000.0,34800.0
2417,223,Apartment,3,3,1372,24,25,5,2,Unfurnished,13258000.0,38900.0
2418,426,Apartment,1,1,1190,11,22,4,2,Unfurnished,12997000.0,25400.0
2419,323,Apartment,2,1,864,6,30,1,2,Semi-Furnished,10870000.0,26800.0
2420,86,Apartment,1,1,759,13,31,2,2,Unfurnished,8086000.0,22400.0
2421,363,Apartment,1,1,740,0,11,4,1,Unfurnished,7529000.0,19600.0
2422,316,Penthouse,2,2,788,24,19,2,2,Fully-Furnished,10905000.0,23600.0
2423,246,Apartment,3,3,1159,20,8,2,2,Semi-Furnished,6878000.0,21000.0
2424,221,Villa,1,1,541,29,12,4,2,Unfurnished,7127000.0,25000.0
2425,234,Penthouse,2,2,1141,17,28,2,1,Fully-Furnished,11086000.0,27100.0
2426,322,Apartment,3,3,1180,15,28,5,1,Unfurnished,9854000.0,19200.0
2427,231,Studio,4,4,1387,23,22,4,2,Unfurnished,13302000.0,44800.0
2428,176,Penthouse,3,3,1325,27,26,1,2,Semi-Furnished,13121000.0,43800.0
2429,384,Apartment,2,1,1107,11,8,0,1,Unfurnished,15778000.0,34600.0
2430,303,Apartment,3,3,1494,18,6,3,1,Unfurnished,17396000.0,44800.0
2431,130,Studio,3,3,1731,29,21,5,0,Fully-Furnished,17856000.0,53700.0
2432,379,Apartment,4,3,1579,11,34,1,2,Unfurnished,14807000.0,39300.0
2433,88,Villa,4,3,1789,5,10,3,1,Unfurnished,19768000.0,63000.0
2434,109,Studio,3,2,1255,24,34,3,2,Semi-Furnished,11405000.0,28100.0
2435,278,Studio,1,1,667,3,6,3,2,Unfurnished,6667000.0,18200.0
2436,212,Villa,3,2,1401,0,7,4,1,Semi-Furnished,11484000.0,42200.0
2437,82,Apartment,5,5,2002,26,20,5,1,Semi-Furnished,21996000.0,45200.0
2438,183,Apartment,4,4,1757,15,25,3,0,Semi-Furnished,17401000.0,40800.0
2439,359,Row House,3,3,1459,3,7,5,0,Semi-Furnished,18611000.0,34700.0
2440,288,Studio,2,1,688,21,31,2,2,Semi-Furnished,7237000.0,14900.0
2441,219,Apartment,3,3,1219,12,26,2,1,Semi-Furnished,16669000.0,37200.0
2442,252,Apartment,4,3,1527,12,33,2,1,Unfurnished,17497000.0,50500.0
2443,10,Villa,2,1,987,9,21,3,1,Unfurnished,7353000.0,22900.0
2444,180,Row House,3,3,1200,7,24,3,1,Unfurnished,15721000.0,38900.0
2445,117,Apartment,3,2,1415,10,24,2,1,Fully-Furnished,14694000.0,45900.0
2446,367,Villa,2,2,1080,26,15,2,1,Fully-Furnished,9373000.0,27000.0
2447,478,Apartment,3,3,1282,29,27,5,1,Unfurnished,12918000.0,46400.0
2448,475,Apartment,4,4,1512,21,16,2,2,Semi-Furnished,18883000.0,53900.0
2449,303,Apartment,3,2,1254,7,18,3,1,Semi-Furnished,13773000.0,35900.0
2450,455,Apartment,2,2,1132,3,20,3,1,Fully-Furnished,11763000.0,25100.0
2451,499,Apartment,3,3,1273,7,30,5,2,Semi-Furnished,11015000.0,27300.0
2452,245,Penthouse,3,2,1207,19,12,2,1,Unfurnished,14825000.0,47800.0
2453,396,Apartment,3,3,1551,25,7,2,1,Semi-Furnished,14304000.0,38100.0
2454,54,Apartment,4,4,1502,22,7,1,1,Unfurnished,16115000.0,44300.0
2455,474,Apartment,3,3,1339,20,33,5,1,Unfurnished,17762000.0,41600.0
2456,389,Villa,3,2,1184,12,4,5,2,Unfurnished,10718000.0,18000.0
2457,239,Apartment,3,2,1226,18,11,1,0,Unfurnished,13849000.0,39400.0
2458,20,Villa,2,2,945,21,19,4,0,Unfurnished,10418000.0,32300.0
2459,348,Apartment,1,1,557,22,30,3,1,Unfurnished,7444000.0,20500.0
2460,244,Row House,4,4,1534,25,14,0,0,Fully-Furnished,15423000.0,49600.0
2461,195,Row House,1,1,822,26,34,2,0,Semi-Furnished,8603000.0,18000.0
2462,425,Apartment,5,4,1858,7,15,1,2,Semi-Furnished,18423000.0,54000.0
2463,464,Apartment,3,2,922,8,18,1,2,Semi-Furnished,10801000.0,26600.0
2464,228,Apartment,1,1,721,12,23,2,1,Unfurnished,10242000.0,20500.0
2465,186,Apartment,2,1,1021,4,7,5,0,Semi-Furnished,10665000.0,21800.0
2466,232,Apartment,2,2,1229,11,20,5,0,Semi-Furnished,10606000.0,
2467,266,Row House,5,4,1770,25,11,2,2,Unfurnished,21749000.0,47200.0
2468,484,Apartment,2,2,1026,13,20,5,1,Semi-Furnished,8386000.0,20800.0
2469,53,Studio,2,2,609,2,22,4,2,Fully-Furnished,4712000.0,12400.0
2470,266,Apartment,3,3,1336,3,5,2,2,Semi-Furnished,14051000.0,31500.0
2471,36,Apartment,5,4,1857,25,34,1,2,Semi-Furnished,19514000.0,56600.0
2472,500,Studio,3,2,1130,20,26,0,2,Unfurnished,12120000.0,27100.0
2473,461,Penthouse,4,3,1502,24,23,5,1,Unfurnished,17253000.0,46800.0
2474,61,Apartment,3,2,1653,25,32,5,2,Unfurnished,15267000.0,29400.0
2475,363,Row House,3,3,1312,20,23,4,1,Semi-Furnished,11589000.0,29700.0
2476,172,Villa,3,2,1071,7,5,2,1,Semi-Furnished,29347500.0,30500.0
2477,368,Apartment,4,3,1557,12,16,4,2,Unfurnished,16623000.0,49700.0
2478,387,Apartment,2,2,1033,0,22,0,2,Unfurnished,11504000.0,34100.0
2479,274,Apartment,2,2,1036,13,33,0,0,Unfurnished,9386000.0,
2480,227,Row House,3,2,1135,21,4,5,0,Unfurnished,8441000.0,23700.0
2481,327,Apartment,1,1,823,29,33,5,2,Unfurnished,9269000.0,28600.0
2482,184,Apartment,2,1,658,21,19,2,1,Fully-Furnished,7427000.0,18000.0
2483,442,Penthouse,1,1,383,12,20,5,1,Fully-Furnished,3259000.0,6200.0
2484,407,Apartment,2,2,1440,1,19,1,1,Semi-Furnished,14861000.0,35000.0
2485,50,Apartment,4,4,1801,8,19,3,1,Unfurnished,20421000.0,56900.0
2486,45,Penthouse,3,2,1383,17,22,2,1,Semi-Furnished,17078000.0,56500.0
2487,253,Villa,2,1,931,21,32,5,2,Unfurnished,11405000.0,30700.0
2488,488,Apartment,1,1,655,5,30,1,2,Unfurnished,5913000.0,16300.0
2489,126,Apartment,3,2,1092,3,4,4,1,Fully-Furnished,11016000.0,31200.0
2490,378,Apartment,2,1,1505,16,5,3,1,Fully-Furnished,13244000.0,41900.0
2491,453,Apartment,3,3,1271,1,16,1,0,Unfurnished,15914000.0,45900.0
2492,374,Apartment,1,1,725,23,32,1,1,Unfurnished,8378000.0,25300.0
2493,60,Apartment,3,3,1263,27,30,1,2,Fully-Furnished,15509000.0,48000.0
2494,79,Apartment,3,3,1519,2,7,3,1,Semi-Furnished,12179000.0,50800.0
2495,288,Row House,2,1,1090,28,21,2,1,Fully-Furnished,11074000.0,36400.0
2496,131,Apartment,3,2,1467,17,24,3,1,Fully-Furnished,10706000.0,42900.0
2497,452,Apartment,5,5,1842,6,18,2,2,Unfurnished,19441000.0,64900.0
2498,181,Apartment,2,2,883,12,23,5,1,Semi-Furnished,8092000.0,23900.0
2499,409,Villa,2,1,1245,25,29,5,1,Fully-Furnished,13745000.0,52500.0
2500,312,Penthouse,2,2,1160,22,10,3,0,Unfurnished,11450000.0,34600.0
2501,489,Apartment,3,2,1507,29,28,1,1,Unfurnished,34265000.0,38200.0
2502,124,Apartment,2,1,952,26,31,1,0,Fully-Furnished,9411000.0,26600.0
2503,190,Villa,3,2,1575,15,23,3,2,Fully-Furnished,17070000.0,49400.0
2504,373,Penthouse,3,3,1515,8,9,1,0,Semi-Furnished,17348000.0,49500.0
2505,251,Penthouse,3,3,1149,11,5,4,2,Unfurnished,11968000.0,33300.0
2506,494,Row House,2,1,1390,15,13,3,1,Fully-Furnished,20087000.0,44500.0
2507,369,Studio,3,2,909,15,20,2,0,Fully-Furnished,10720000.0,23900.0
2508,14,Villa,1,1,625,13,9,2,1,Unfurnished,6944000.0,20100.0
2509,220,Studio,1,1,305,29,33,1,2,Unfurnished,2404000.0,8600.0
2510,283,Studio,3,2,1075,24,10,0,2,Unfurnished,12366000.0,44800.0
2511,153,Villa,2,2,947,2,7,3,1,Unfurnished,13717000.0,48600.0
2512,430,Studio,4,4,1708,23,4,5,0,Unfurnished,18898000.0,36500.0
2513,267,Apartment,3,3,1210,16,15,5,1,Semi-Furnished,13794000.0,35700.0
2514,296,Apartment,5,4,2165,16,13,3,2,Unfurnished,24131000.0,64500.0
2515,95,Apartment,1,1,617,13,28,4,1,Fully-Furnished,4932000.0,12500.0
2516,139,Apartment,4,3,1694,7,29,4,1,Unfurnished,15423000.0,41700.0
2517,301,Apartment,2,2,857,15,15,0,1,Semi-Furnished,10246000.0,27500.0
2518,300,Studio,2,1,807,19,10,3,0,Fully-Furnished,11302000.0,33100.0
2519,64,Apartment,3,3,1260,22,32,4,1,Semi-Furnished,13491000.0,26600.0
2520,2,Villa,5,5,1834,25,27,3,1,Semi-Furnished,16128000.0,53900.0
2521,126,Apartment,3,2,1214,17,15,4,1,Semi-Furnished,14334000.0,31300.0
2522,299,Apartment,1,1,793,19,5,3,1,Fully-Furnished,6510000.0,16400.0
2523,368,Studio,4,3,1638,24,24,4,1,Fully-Furnished,19702000.0,44900.0
2524,47,Apartment,1,1,740,8,26,2,1,Unfurnished,9341000.0,34300.0
2525,458,Villa,5,4,2107,9,20,4,2,Unfurnished,24073000.0,58400.0
2526,178,Apartment,2,1,596,21,22,4,1,Semi-Furnished,8497000.0,19200.0
2527,148,Villa,3,3,1472,25,28,2,0,Fully-Furnished,15665000.0,29200.0
2528,328,Studio,1,1,857,20,21,4,1,Semi-Furnished,7994000.0,14200.0
2529,380,Penthouse,3,3,1378,19,33,0,2,Semi-Furnished,14811000.0,43600.0
2530,347,Studio,3,3,1196,1,23,2,1,Semi-Furnished,8979000.0,26500.0
2531,424,Apartment,3,3,1387,10,32,4,0,Unfurnished,11565000.0,41800.0
2532,129,Penthouse,2,1,1025,21,22,1,1,Semi-Furnished,13618000.0,44100.0
2533,110,Penthouse,3,3,1552,22,22,5,0,Fully-Furnished,15014000.0,46800.0
2534,487,Apartment,4,3,1685,18,34,3,1,Fully-Furnished,21653000.0,82000.0
2535,8,Apartment,3,2,1504,2,6,1,1,Semi-Furnished,15686000.0,45000.0
2536,370,Villa,2,1,703,29,16,2,0,Unfurnished,9135000.0,30000.0
2537,346,Apartment,3,2,1257,20,11,2,2,Unfurnished,14528000.0,48500.0
2538,249,Apartment,4,3,1470,10,4,3,2,Fully-Furnished,15456000.0,46700.0
2539,376,Studio,2,1,1074,9,11,4,2,Semi-Furnished,13122000.0,34800.0
2540,80,Apartment,2,1,1341,14,24,5,1,Semi-Furnished,12260000.0,36700.0
2541,267,Studio,4,4,1589,19,17,5,2,Unfurnished,20036000.0,30600.0
2542,2,Apartment,2,2,926,11,21,3,1,Unfurnished,9155000.0,22600.0
2543,467,Apartment,2,1,836,18,18,4,1,Unfurnished,9186000.0,
2544,343,Apartment,4,4,1806,25,13,3,1,Semi-Furnished,24537000.0,76500.0
2545,194,Apartment,3,2,1528,2,7,4,1,Unfurnished,43717500.0,51600.0
2546,471,Penthouse,2,2,926,26,11,4,1,Semi-Furnished,5968000.0,18500.0
2547,363,Apartment,3,3,1265,16,14,4,2,Fully-Furnished,12812000.0,36500.0
2548,276,Apartment,1,1,977,24,19,4,1,Unfurnished,7292000.0,18600.0
2549,255,Studio,4,3,1501,7,31,3,1,Semi-Furnished,17466000.0,52900.0
2550,365,Penthouse,5,4,1937,27,13,1,2,Semi-Furnished,20705000.0,51900.0
2551,207,Apartment,3,2,1398,20,22,5,1,Unfurnished,14089000.0,44300.0
2552,426,Apartment,2,1,1089,5,8,4,1,Unfurnished,10912000.0,29500.0
2553,155,Apartment,1,1,557,8,20,4,2,Fully-Furnished,5459000.0,17900.0
2554,153,Apartment,2,1,763,13,5,3,1,Semi-Furnished,10417000.0,22900.0
2555,359,Apartment,3,2,1310,8,15,5,0,Unfurnished,14994000.0,23500.0
2556,80,Apartment,3,2,1492,9,6,5,1,Semi-Furnished,15264000.0,38100.0
2557,221,Apartment,2,1,792,12,18,4,1,Fully-Furnished,8426000.0,22300.0
2558,394,Apartment,1,1,376,1,12,3,1,Semi-Furnished,3429000.0,12200.0
2559,249,Row House,3,2,1339,5,9,3,1,Semi-Furnished,13936000.0,29700.0
2560,300,Studio,3,2,981,12,32,3,1,Unfurnished,12443000.0,35000.0
2561,51,Row House,1,1,639,15,10,2,0,Fully-Furnished,6200000.0,19300.0
2562,86,Apartment,1,1,603,26,16,2,1,Unfurnished,6481000.0,22600.0
2563,447,Studio,2,1,1002,10,33,4,0,Semi-Furnished,10511000.0,36100.0
2564,158,Apartment,3,3,1191,5,29,5,2,Semi-Furnished,13556000.0,42300.0
2565,224,Villa,2,1,1406,9,12,0,1,Unfurnished,14148000.0,32400.0
2566,273,Apartment,3,2,1209,15,32,2,2,Semi-Furnished,14265000.0,54900.0
2567,56,Apartment,1,1,753,8,23,4,2,Semi-Furnished,8582000.0,24100.0
2568,371,Apartment,3,3,1301,6,19,4,1,Unfurnished,17259000.0,37000.0
2569,317,Apartment,4,3,1845,29,12,1,2,Unfurnished,14887000.0,50000.0
2570,389,Apartment,3,2,1624,15,24,5,1,Semi-Furnished,18583000.0,61200.0
2571,496,Apartment,3,3,1448,12,17,4,1,Unfurnished,13440000.0,43500.0
2572,80,Apartment,2,2,1060,14,9,5,0,Fully-Furnished,9592000.0,25100.0
2573,450,Villa,1,1,821,26,4,3,2,Semi-Furnished,9879000.0,31500.0
2574,293,Apartment,3,3,1439,20,14,2,1,Semi-Furnished,15420000.0,36400.0
2575,312,Apartment,2,1,796,14,9,3,1,Fully-Furnished,6818000.0,18800.0
2576,46,Apartment,2,1,1097,22,21,5,1,Unfurnished,10386000.0,38600.0
2577,288,Villa,2,2,1223,7,20,2,1,Fully-Furnished,13592000.0,33000.0
2578,223,Apartment,2,2,1231,28,10,5,2,Semi-Furnished,11672000.0,28800.0
2579,154,Apartment,1,1,826,12,24,1,2,Unfurnished,7799000.0,21100.0
2580,472,Studio,2,1,1055,18,9,4,2,Semi-Furnished,10598000.0,25800.0
2581,31,Apartment,3,2,1465,1,14,2,1,Semi-Furnished,14709000.0,37300.0
2582,162,Apartment,3,2,1069,24,29,4,2,Unfurnished,12896000.0,31800.0
2583,456,Apartment,1,1,1148,23,30,3,1,Unfurnished,12835000.0,
2584,312,Apartment,2,1,499,10,19,3,1,Fully-Furnished,4253000.0,10200.0
2585,310,Studio,2,2,948,14,30,1,2,Semi-Furnished,9169000.0,20100.0
2586,7,Studio,3,3,1239,8,30,2,1,Semi-Furnished,12422000.0,34600.0
2587,349,Penthouse,1,1,723,29,21,4,2,Fully-Furnished,8292000.0,17800.0
2588,309,Apartment,3,3,1463,9,25,4,1,Unfurnished,10738000.0,29400.0
2589,430,Penthouse,2,2,1113,6,20,5,0,Fully-Furnished,12998000.0,44700.0
2590,135,Apartment,1,1,773,21,29,5,0,Semi-Furnished,6348000.0,14700.0
2591,238,Villa,2,1,707,11,15,2,0,Unfurnished,7882000.0,24500.0
2592,255,Apartment,3,3,1290,11,22,3,0,Unfurnished,15836000.0,35700.0
2593,445,Apartment,3,3,1028,2,29,2,1,Fully-Furnished,12308000.0,38500.0
2594,204,Apartment,3,2,933,6,15,3,0,Fully-Furnished,10283000.0,23300.0
2595,127,Studio,2,1,1675,15,19,2,1,Semi-Furnished,17327000.0,55500.0
2596,348,Studio,2,2,1338,25,6,3,1,Semi-Furnished,13520000.0,28900.0
2597,62,Villa,4,4,1470,26,24,1,2,Semi-Furnished,20320000.0,46000.0
2598,415,Penthouse,4,3,1759,25,11,4,1,Unfurnished,16448000.0,41900.0
2599,61,Row House,3,3,1258,12,5,5,1,Unfurnished,16709000.0,37600.0
2600,139,Apartment,1,1,825,24,12,4,1,Semi-Furnished,8997000.0,19500.0
2601,135,Studio,3,3,1275,7,29,5,1,Unfurnished,15336000.0,48300.0
2602,443,Apartment,3,2,1180,17,21,1,0,Semi-Furnished,11090000.0,36500.0
2603,349,Villa,2,1,1364,20,26,4,1,Semi-Furnished,15669000.0,51500.0
2604,473,Apartment,3,2,1257,27,19,4,1,Fully-Furnished,10585000.0,13700.0
2605,430,Apartment,2,1,1261,28,30,5,0,Unfurnished,15219000.0,45600.0
2606,142,Apartment,2,2,1102,24,28,3,0,Unfurnished,13493000.0,34800.0
2607,447,Villa,3,2,1299,20,24,4,0,Semi-Furnished,11431000.0,40400.0
2608,459,Villa,3,3,1189,27,16,2,1,Fully-Furnished,13133000.0,38100.0
2609,8,Apartment,2,2,975,29,11,1,1,Unfurnished,13534000.0,45300.0
2610,194,Apartment,1,1,782,21,27,4,1,Unfurnished,10354000.0,
2611,322,Villa,2,2,1120,9,27,5,1,Unfurnished,10904000.0,38400.0
2612,17,Studio,2,2,381,13,32,2,1,Semi-Furnished,4071000.0,9900.0
2613,430,Row House,2,2,972,20,26,5,2,Semi-Furnished,13269000.0,38200.0
2614,108,Apartment,4,4,1641,20,9,2,1,Unfurnished,21063000.0,53500.0
2615,279,Penthouse,2,2,969,0,14,4,1,Unfurnished,9862000.0,23100.0
2616,480,Apartment,2,1,700,7,10,0,1,Fully-Furnished,6149000.0,18600.0
2617,342,Apartment,3,3,1332,2,14,4,1,Unfurnished,13968000.0,35900.0
2618,294,Apartment,2,2,1182,2,25,2,1,Unfurnished,12480000.0,30200.0
2619,449,Apartment,1,1,1062,0,23,2,1,Unfurnished,8565000.0,20400.0
2620,444,Apartment,4,4,1447,23,15,2,0,Semi-Furnished,17238000.0,37200.0
2621,288,Row House,3,2,952,5,18,2,2,Unfurnished,9382000.0,31800.0
2622,136,Row House,2,2,1256,8,22,3,2,Semi-Furnished,10452000.0,34500.0
2623,362,Apartment,2,2,1202,7,11,5,1,Unfurnished,11926000.0,34000.0
2624,132,Penthouse,4,3,1527,8,20,2,1,Semi-Furnished,23115000.0,82900.0
2625,34,Apartment,3,2,1233,13,33,0,1,Fully-Furnished,11973000.0,32300.0
2626,253,Villa,2,1,827,17,30,5,2,Fully-Furnished,6600000.0,20300.0
2627,317,Apartment,2,1,1233,1,13,1,1,Fully-Furnished,11564000.0,33000.0
2628,166,Apartment,3,2,1562,2,4,3,1,Semi-Furnished,15784000.0,43800.0
2629,234,Studio,2,1,739,7,34,2,1,Unfurnished,8120000.0,20900.0
2630,57,Apartment,4,4,1741,22,8,0,1,Semi-Furnished,21301000.0,55000.0
2631,219,Studio,3,3,925,4,7,2,1,Fully-Furnished,10186000.0,34400.0
2632,79,Villa,3,2,1333,21,29,3,1,Semi-Furnished,10566000.0,23800.0
2633,146,Villa,3,2,1390,11,29,0,0,Unfurnished,13592000.0,40100.0
2634,8,Apartment,1,1,932,14,10,1,2,Unfurnished,13100000.0,28400.0
2635,310,Villa,2,1,1181,29,14,1,2,Unfurnished,10598000.0,31300.0
2636,235,Penthouse,3,2,1289,22,22,5,2,Unfurnished,15089000.0,39000.0
2637,447,Apartment,2,1,1256,24,5,4,1,Fully-Furnished,11592000.0,33500.0
2638,71,Apartment,3,2,1454,23,32,1,0,Unfurnished,13356000.0,34300.0
2639,313,Apartment,2,2,813,24,4,4,1,Semi-Furnished,8497000.0,29900.0
2640,335,Apartment,3,2,1064,17,30,2,2,Semi-Furnished,14046000.0,42600.0
2641,307,Apartment,2,1,1054,29,13,4,2,Unfurnished,11458000.0,35900.0
2642,234,Apartment,3,3,1311,12,20,2,1,Fully-Furnished,11093000.0,28600.0
2643,445,Studio,1,1,650,16,22,2,1,Fully-Furnished,7906000.0,23000.0
2644,102,Apartment,4,3,1675,22,9,5,1,Unfurnished,15780000.0,47000.0
2645,439,Apartment,2,2,958,23,30,0,2,Fully-Furnished,8404000.0,27600.0
2646,340,Apartment,4,3,1676,14,11,1,2,Fully-Furnished,18948000.0,52100.0
2647,115,Row House,2,1,1301,13,8,0,1,Unfurnished,17138000.0,47800.0
2648,499,Row House,2,1,798,16,30,5,1,Unfurnished,6157000.0,13500.0
2649,345,Apartment,1,1,602,20,27,5,1,Semi-Furnished,5065000.0,18100.0
2650,429,Apartment,3,3,1351,21,14,5,2,Unfurnished,13950000.0,39000.0
2651,432,Row House,3,2,1562,5,23,2,1,Unfurnished,18122000.0,53700.0
2652,184,Villa,3,3,1234,6,14,2,0,Semi-Furnished,12352000.0,39000.0
2653,309,Penthouse,3,2,1117,14,11,4,0,Unfurnished,12026000.0,43700.0
2654,53,Apartment,1,1,905,20,21,4,1,Unfurnished,8601000.0,20300.0
2655,26,Penthouse,3,2,1196,2,32,3,2,Unfurnished,10280000.0,38600.0
2656,114,Apartment,2,2,816,8,12,3,1,Semi-Furnished,9233000.0,29300.0
2657,416,Apartment,5,4,1778,7,14,0,2,Unfurnished,21553000.0,54400.0
2658,369,Apartment,4,3,1406,7,15,2,2,Unfurnished,12423000.0,34000.0
2659,212,Penthouse,5,5,2093,2,12,4,2,Unfurnished,18018000.0,46200.0
2660,249,Apartment,3,2,997,8,13,3,0,Semi-Furnished,8677000.0,26800.0
2661,257,Apartment,2,2,736,7,17,1,2,Semi-Furnished,8474000.0,23000.0
2662,72,Row House,3,3,1100,24,29,4,0,Semi-Furnished,8973000.0,19500.0
2663,354,Apartment,3,2,1127,1,27,0,1,Unfurnished,13726000.0,37000.0
2664,33,Apartment,3,3,1079,18,9,0,2,Semi-Furnished,12590000.0,41900.0
2665,396,Penthouse,2,2,1142,1,20,2,1,Fully-Furnished,10485000.0,31800.0
2666,365,Studio,3,3,1367,13,29,1,1,Unfurnished,13702000.0,44800.0
2667,448,Apartment,1,1,684,26,30,5,2,Semi-Furnished,5722000.0,13100.0
2668,18,Penthouse,3,2,1479,12,23,2,1,Fully-Furnished,20296000.0,59300.0
2669,106,Apartment,1,1,797,1,4,0,1,Semi-Furnished,8251000.0,19700.0
2670,152,Row House,1,1,800,20,29,3,2,Unfurnished,8065000.0,24500.0
2671,15,Penthouse,3,3,1409,14,31,3,2,Fully-Furnished,11418000.0,32300.0
2672,65,Penthouse,2,1,1177,24,27,3,2,Unfurnished,11060000.0,24400.0
2673,187,Villa,4,4,1438,27,20,0,2,Semi-Furnished,12572000.0,31300.0
2674,258,Apartment,1,1,872,11,32,5,1,Unfurnished,11234000.0,19500.0
2675,271,Apartment,1,1,794,15,9,0,1,Semi-Furnished,8377000.0,26800.0
2676,46,Apartment,2,1,1027,0,7,5,1,Semi-Furnished,12688000.0,33700.0
2677,242,Row House,1,1,480,13,15,4,1,Fully-Furnished,3891000.0,7700.0
2678,173,Apartment,2,2,740,18,23,3,1,Unfurnished,6864000.0,21700.0
2679,228,Apartment,2,2,845,28,8,2,0,Unfurnished,14582000.0,46100.0
2680,268,Apartment,4,4,1790,23,21,0,1,Semi-Furnished,19630000.0,63600.0
2681,24,Apartment,2,1,1010,6,32,5,1,Fully-Furnished,8622000.0,
2682,13,Apartment,3,2,1034,0,19,5,2,Semi-Furnished,10622000.0,28400.0
2683,319,Studio,1,1,1006,12,33,2,0,Semi-Furnished,8545000.0,22400.0
2684,68,Studio,3,3,1257,4,10,4,1,Unfurnished,14285000.0,49900.0
2685,432,Row House,3,2,1325,24,19,2,2,Fully-Furnished,16516000.0,44400.0
2686,257,Apartment,4,4,1565,26,17,1,1,Unfurnished,19194000.0,64500.0
2687,67,Apartment,1,1,790,24,26,4,2,Semi-Furnished,8209000.0,24300.0
2688,216,Apartment,4,4,1271,27,20,0,1,Semi-Furnished,14400000.0,31500.0
2689,210,Apartment,4,3,1624,29,13,3,1,Unfurnished,24861000.0,62100.0
2690,488,Penthouse,2,1,963,23,9,1,0,Fully-Furnished,9881000.0,32100.0
2691,238,Apartment,1,1,1050,6,22,2,1,Unfurnished,8999000.0,30900.0
2692,233,Studio,1,1,848,0,32,3,1,Unfurnished,9940000.0,26200.0
2693,402,Apartment,2,2,957,28,23,1,2,Semi-Furnished,11626000.0,32200.0
2694,391,Row House,2,1,1046,26,26,2,2,Fully-Furnished,12738000.0,28200.0
2695,346,Apartment,1,1,412,25,4,2,2,Fully-Furnished,5211000.0,15400.0
2696,214,Apartment,3,2,900,6,29,4,2,Semi-Furnished,10271000.0,22000.0
2697,226,Studio,3,2,1395,17,24,2,1,Unfurnished,16111000.0,32700.0
2698,276,Apartment,3,3,1286,27,31,4,1,Fully-Furnished,14176000.0,43300.0
2699,5,Penthouse,3,3,1508,7,25,5,1,Unfurnished,18899000.0,39700.0
2700,278,Apartment,2,2,1503,0,14,3,1,Semi-Furnished,12954000.0,41300.0
2701,95,Apartment,3,2,1293,25,27,4,0,Semi-Furnished,11500000.0,35200.0
2702,120,Apartment,2,2,1445,20,13,3,2,Unfurnished,12249000.0,36400.0
2703,225,Apartment,3,2,1139,23,33,2,2,Fully-Furnished,10454000.0,26000.0
2704,96,Apartment,1,1,833,28,17,3,1,Semi-Furnished,10170000.0,30600.0
2705,134,Apartment,4,4,1417,26,26,3,0,Semi-Furnished,18489000.0,37300.0
2706,325,Apartment,2,1,1204,5,10,5,1,Unfurnished,15494000.0,34300.0
2707,163,Apartment,2,2,1154,7,34,2,0,Semi-Furnished,10492000.0,32300.0
2708,411,Penthouse,2,2,1082,3,26,0,1,Unfurnished,9538000.0,23300.0
2709,91,Apartment,3,2,977,4,24,3,1,Unfurnished,10878000.0,26800.0
2710,375,Studio,2,2,718,10,14,1,0,Unfurnished,7641000.0,24100.0
2711,44,Apartment,3,3,1750,5,20,5,1,Semi-Furnished,13747000.0,28900.0
2712,214,Villa,2,1,675,17,11,4,2,Unfurnished,6328000.0,18100.0
2713,198,Apartment,4,3,1632,6,34,3,2,Unfurnished,17365000.0,56400.0
2714,399,Studio,4,3,1495,3,21,5,0,Unfurnished,18488000.0,58700.0
2715,226,Penthouse,1,1,765,20,9,2,1,Semi-Furnished,10472000.0,37200.0
2716,465,Apartment,5,5,2174,25,22,2,2,Semi-Furnished,22181000.0,78300.0
2717,338,Studio,2,2,1040,28,31,1,0,Unfurnished,11553000.0,
2718,439,Apartment,2,1,896,29,15,0,1,Semi-Furnished,9776000.0,32000.0
2719,2,Apartment,3,2,1391,24,24,3,2,Semi-Furnished,15423000.0,26200.0
2720,409,Studio,4,4,1646,11,30,5,0,Semi-Furnished,20922000.0,53800.0
2721,264,Apartment,3,2,1320,2,27,5,0,Unfurnished,13838000.0,26600.0
2722,260,Apartment,3,3,1234,16,24,3,1,Unfurnished,12570000.0,30900.0
2723,445,Row House,4,3,1497,1,27,2,1,Unfurnished,19273000.0,59500.0
2724,334,Studio,3,3,1015,5,6,2,1,Semi-Furnished,10117000.0,33500.0
2725,217,Apartment,3,2,992,19,25,4,0,Semi-Furnished,10960000.0,33100.0
2726,220,Apartment,2,2,594,5,34,1,1,Fully-Furnished,6721000.0,20300.0
2727,379,Studio,2,2,1251,15,7,1,1,Unfurnished,13381000.0,31900.0
2728,331,Apartment,5,5,2063,18,26,3,0,Semi-Furnished,21188000.0,61300.0
2729,238,Row House,1,1,424,14,5,2,2,Semi-Furnished,4496000.0,14900.0
2730,495,Apartment,2,1,1100,6,29,1,1,Fully-Furnished,11703000.0,31200.0
2731,12,Studio,5,5,2215,4,21,5,1,Unfurnished,21353000.0,37700.0
2732,311,Penthouse,2,2,999,19,10,1,1,Unfurnished,10582000.0,25400.0
2733,410,Row House,5,4,1888,23,25,4,2,Unfurnished,20664000.0,40700.0
2734,173,Apartment,3,3,1485,25,28,3,1,Semi-Furnished,14533000.0,27000.0
2735,258,Villa,3,3,1304,0,27,5,1,Semi-Furnished,14761000.0,46800.0
2736,315,Apartment,4,3,1955,16,29,1,2,Unfurnished,21894000.0,62900.0
2737,226,Row House,2,2,857,21,18,2,1,Unfurnished,10757000.0,25500.0
2738,66,Apartment,1,1,937,3,14,1,1,Unfurnished,12704000.0,39200.0
2739,23,Apartment,3,2,1043,27,25,3,2,Unfurnished,9916000.0,32200.0
2740,146,Apartment,2,2,1163,7,17,0,1,Semi-Furnished,13946000.0,41200.0
2741,230,Row House,3,2,1029,11,7,4,1,Unfurnished,11983000.0,26900.0
2742,397,Studio,4,3,1692,15,6,1,1,Semi-Furnished,19954000.0,41900.0
2743,87,Apartment,2,2,1200,20,26,2,2,Unfurnished,11208000.0,50500.0
2744,346,Apartment,2,1,846,16,7,2,1,Fully-Furnished,8168000.0,21100.0
2745,243,Apartment,4,3,1340,12,12,2,2,Semi-Furnished,18213000.0,44000.0
2746,142,Apartment,2,1,1055,3,31,3,1,Unfurnished,10743000.0,36200.0
2747,59,Apartment,1,1,437,19,27,1,1,Fully-Furnished,3999000.0,9700.0
2748,189,Penthouse,2,1,887,26,12,1,1,Semi-Furnished,10421000.0,30700.0
2749,438,Apartment,2,2,837,12,14,3,1,Semi-Furnished,7685000.0,
2750,36,Apartment,4,4,1813,8,20,1,2,Semi-Furnished,18969000.0,57900.0
2751,35,Apartment,3,2,1029,19,31,4,1,Unfurnished,11659000.0,27300.0
2752,476,Apartment,2,1,884,24,6,1,1,Unfurnished,7809000.0,20900.0
2753,130,Studio,3,2,1780,1,7,5,2,Unfurnished,16834000.0,47500.0
2754,170,Penthouse,3,3,1165,12,31,0,1,Fully-Furnished,12392000.0,28200.0
2755,282,Apartment,2,1,1055,18,32,4,1,Fully-Furnished,14058000.0,38300.0
2756,279,Apartment,2,2,931,4,4,4,1,Unfurnished,9586000.0,31000.0
2757,417,Studio,2,2,829,27,20,5,1,Semi-Furnished,8865000.0,20500.0
2758,170,Apartment,1,1,1028,25,9,0,0,Unfurnished,9385000.0,31900.0
2759,71,Apartment,1,1,734,24,29,1,2,Unfurnished,8699000.0,22600.0
2760,161,Studio,2,1,1144,28,25,1,2,Unfurnished,14766000.0,48500.0
2761,314,Apartment,5,4,1640,28,19,3,2,Semi-Furnished,17732000.0,70100.0
2762,294,Apartment,3,3,1020,15,17,2,2,Unfurnished,11667000.0,38200.0
2763,66,Apartment,1,1,757,14,10,1,2,Unfurnished,9192000.0,20800.0
2764,398,Studio,2,1,911,8,18,2,1,Unfurnished,6743000.0,21800.0
2765,463,Apartment,2,2,899,14,31,1,1,Unfurnished,6337000.0,20800.0
2766,330,Row House,3,2,1244,11,5,1,1,Fully-Furnished,14846000.0,40100.0
2767,500,Apartment,2,2,907,14,13,0,1,Semi-Furnished,10713000.0,26900.0
2768,261,Apartment,3,3,1132,4,20,2,1,Fully-Furnished,13679000.0,33300.0
2769,61,Apartment,3,3,1564,3,29,5,1,Unfurnished,17950000.0,52900.0
2770,237,Studio,3,3,1340,23,11,5,1,Fully-Furnished,17136000.0,27300.0
2771,474,Apartment,2,1,916,14,4,5,2,Unfurnished,10648000.0,
2772,288,Apartment,3,2,1500,17,13,2,1,Unfurnished,17291000.0,45500.0
2773,178,Apartment,3,2,1504,16,28,4,1,Semi-Furnished,18831000.0,52100.0
2774,411,Apartment,1,1,719,5,31,0,1,Unfurnished,5262000.0,16700.0
2775,275,Villa,2,2,1002,8,18,4,1,Unfurnished,12017000.0,37900.0
2776,407,Studio,2,2,751,15,33,1,0,Fully-Furnished,8571000.0,20900.0
2777,430,Apartment,3,3,1344,21,23,5,1,Semi-Furnished,17020000.0,55300.0
2778,394,Apartment,2,2,1179,22,26,3,2,Fully-Furnished,11241000.0,30900.0
2779,183,Apartment,3,2,1488,9,6,3,1,Semi-Furnished,16655000.0,54500.0
2780,149,Studio,3,3,1140,0,18,5,1,Semi-Furnished,12609000.0,34200.0
2781,392,Apartment,4,3,1691,27,15,2,1,Unfurnished,15780000.0,44800.0
2782,442,Studio,3,2,1253,29,29,5,0,Semi-Furnished,11414000.0,34200.0
2783,304,Studio,4,4,1465,0,10,1,1,Semi-Furnished,15468000.0,40500.0
2784,382,Apartment,5,4,1615,1,7,1,1,Unfurnished,15331000.0,44700.0
2785,278,Apartment,1,1,518,15,33,3,1,Fully-Furnished,5429000.0,15600.0
2786,115,Apartment,2,1,752,28,8,0,1,Unfurnished,7407000.0,20900.0
2787,500,Studio,2,2,618,6,25,0,1,Fully-Furnished,6656000.0,20900.0
2788,305,Apartment,4,3,1793,26,6,1,2,Unfurnished,18890000.0,59000.0
2789,138,Apartment,2,2,1396,11,14,3,1,Fully-Furnished,14994000.0,45500.0
2790,256,Studio,4,4,1908,3,13,2,2,Unfurnished,21331000.0,68700.0
2791,254,Apartment,3,3,1521,29,9,0,1,Semi-Furnished,20810000.0,51700.0
2792,459,Apartment,1,1,535,22,15,2,1,Semi-Furnished,5565000.0,19000.0
2793,134,Row House,3,2,1290,25,34,3,1,Unfurnished,13874000.0,40100.0
2794,69,Apartment,4,4,2117,26,32,4,2,Unfurnished,18240000.0,48000.0
2795,320,Apartment,2,1,1245,21,26,3,2,Unfurnished,12490000.0,28300.0
2796,246,Studio,4,3,1788,5,20,2,2,Semi-Furnished,11645000.0,33700.0
2797,431,Studio,3,3,1452,8,9,1,1,Fully-Furnished,16220000.0,26100.0
2798,472,Apartment,1,1,559,10,20,4,1,Semi-Furnished,4823000.0,13800.0
2799,494,Apartment,2,2,659,3,9,3,2,Unfurnished,9145000.0,24800.0
2800,398,Penthouse,3,3,1182,21,28,2,1,Semi-Furnished,10829000.0,24100.0
2801,44,Apartment,1,1,754,19,24,5,1,Semi-Furnished,6904000.0,18900.0
2802,289,Studio,1,1,1271,3,12,4,1,Unfurnished,15490000.0,38900.0
2803,232,Row House,1,1,685,12,32,5,1,Fully-Furnished,6624000.0,17600.0
2804,322,Apartment,3,2,1078,14,6,5,2,Semi-Furnished,7906000.0,22600.0
2805,110,Apartment,2,2,670,21,4,5,0,Semi-Furnished,5246000.0,12900.0
2806,178,Villa,1,1,339,14,9,4,1,Unfurnished,2961000.0,6400.0
2807,449,Apartment,3,2,1102,6,31,2,1,Unfurnished,12722000.0,35400.0
2808,384,Studio,2,1,1268,8,31,0,2,Unfurnished,18531000.0,65500.0
2809,404,Penthouse,2,2,789,2,33,2,0,Unfurnished,9950000.0,23800.0
2810,119,Apartment,3,2,1495,2,6,2,2,Unfurnished,16278000.0,45700.0
2811,128,Penthouse,2,1,726,18,27,4,1,Fully-Furnished,6829000.0,19200.0
2812,407,Apartment,2,2,1268,16,20,1,0,Unfurnished,14800000.0,51400.0
2813,372,Penthouse,5,5,1863,19,7,5,2,Fully-Furnished,19340000.0,52500.0
2814,369,Apartment,2,2,1115,3,7,2,1,Semi-Furnished,10292000.0,26000.0
2815,441,Apartment,4,3,1264,29,24,4,2,Semi-Furnished,14147000.0,47500.0
2816,208,Villa,4,3,1482,10,17,3,1,Fully-Furnished,16472000.0,
2817,426,Villa,2,1,889,6,28,4,2,Unfurnished,7213000.0,20900.0
2818,155,Apartment,1,1,942,13,34,4,0,Unfurnished,11266000.0,25700.0
2819,107,Apartment,4,3,1686,1,11,3,2,Fully-Furnished,15618000.0,62300.0
2820,222,Row House,3,2,1552,15,20,4,2,Semi-Furnished,17478000.0,39000.0
2821,292,Studio,2,2,828,11,26,5,2,Fully-Furnished,9277000.0,29600.0
2822,4,Apartment,3,3,1203,27,17,4,0,Fully-Furnished,10107000.0,33100.0
2823,433,Apartment,3,2,1340,0,14,5,0,Semi-Furnished,17211000.0,36800.0
2824,325,Apartment,2,2,1242,15,30,5,1,Semi-Furnished,14728000.0,30900.0
2825,141,Studio,4,3,1215,8,11,3,2,Unfurnished,11833000.0,35300.0
2826,212,Apartment,3,2,1366,11,16,4,1,Unfurnished,12936000.0,34300.0
2827,262,Apartment,2,1,991,14,4,0,1,Fully-Furnished,7416000.0,18300.0
2828,276,Penthouse,2,2,1059,27,7,4,1,Semi-Furnished,8673000.0,17700.0
2829,39,Row House,2,2,935,15,16,2,2,Fully-Furnished,12066000.0,36800.0
2830,284,Apartment,2,2,882,10,4,1,0,Semi-Furnished,11917000.0,37500.0
2831,75,Apartment,3,3,1378,2,10,5,2,Semi-Furnished,19709000.0,40000.0
2832,495,Villa,4,4,1594,19,15,1,2,Semi-Furnished,15896000.0,43900.0
2833,258,Apartment,3,3,813,11,18,5,2,Unfurnished,8794000.0,18400.0
2834,190,Penthouse,2,1,817,27,16,3,2,Unfurnished,9917000.0,20000.0
2835,442,Row House,1,1,435,22,19,5,1,Semi-Furnished,3847000.0,11000.0
2836,372,Studio,1,1,745,15,11,5,1,Unfurnished,7944000.0,13700.0
2837,134,Apartment,1,1,769,6,7,3,1,Semi-Furnished,10241000.0,35900.0
2838,391,Apartment,2,2,1076,6,13,2,0,Semi-Furnished,11342000.0,24700.0
2839,437,Apartment,3,2,1525,4,14,3,1,Semi-Furnished,16380000.0,47600.0
2840,348,Villa,4,3,1442,6,5,3,1,Semi-Furnished,16052000.0,31900.0
2841,59,Apartment,3,3,1519,20,4,1,1,Unfurnished,13336000.0,
2842,315,Studio,3,3,1612,7,20,1,1,Semi-Furnished,13700000.0,25300.0
2843,350,Studio,3,3,1243,20,25,3,1,Semi-Furnished,17075000.0,49900.0
2844,25,Villa,2,1,817,0,13,5,0,Semi-Furnished,8852000.0,19300.0
2845,442,Apartment,2,2,1096,5,15,5,1,Semi-Furnished,13524000.0,29800.0
2846,326,Apartment,2,2,647,14,10,3,2,Semi-Furnished,6801000.0,21400.0
2847,195,Apartment,2,1,1196,4,27,2,1,Semi-Furnished,13257000.0,30600.0
2848,64,Apartment,3,2,1442,11,30,4,2,Semi-Furnished,12992000.0,27800.0
2849,27,Apartment,4,4,1834,17,7,0,2,Semi-Furnished,25761000.0,55700.0
2850,340,Apartment,1,1,250,15,11,1,1,Unfurnished,3221000.0,12400.0
2851,151,Row House,2,1,844,10,34,5,0,Semi-Furnished,7161000.0,23800.0
2852,445,Row House,2,1,1085,0,10,2,1,Semi-Furnished,14057000.0,47800.0
2853,80,Penthouse,2,1,1052,23,34,5,1,Unfurnished,9155000.0,30400.0
2854,349,Row House,1,1,506,19,12,4,1,Fully-Furnished,4178000.0,9700.0
2855,103,Apartment,3,2,1428,8,23,2,1,Semi-Furnished,9855000.0,29900.0
2856,80,Apartment,4,3,1397,9,5,5,1,Fully-Furnished,11487000.0,28200.0
2857,186,Penthouse,2,1,1055,24,24,5,2,Semi-Furnished,11679000.0,22400.0
2858,408,Apartment,4,3,1195,20,8,0,1,Unfurnished,16000000.0,49300.0
2859,134,Apartment,1,1,898,12,25,3,1,Unfurnished,9867000.0,30900.0
2860,127,Apartment,3,2,1405,15,14,2,0,Semi-Furnished,18885000.0,47900.0
2861,242,Apartment,4,4,1730,3,25,4,0,Fully-Furnished,13515000.0,34500.0
2862,37,Villa,2,2,1323,19,28,4,1,Unfurnished,14164000.0,24800.0
2863,256,Apartment,3,2,1278,14,4,2,1,Semi-Furnished,11073000.0,24500.0
2864,212,Penthouse,1,1,841,20,7,4,1,Unfurnished,6115000.0,17300.0
2865,107,Studio,4,4,1621,22,9,3,2,Unfurnished,25910000.0,85500.0
2866,410,Apartment,5,4,1398,28,26,4,2,Unfurnished,11044000.0,24700.0
2867,125,Studio,4,3,1802,25,27,3,1,Unfurnished,17703000.0,47200.0
2868,95,Apartment,4,3,1757,4,28,4,1,Unfurnished,15856000.0,47100.0
2869,59,Apartment,1,1,927,2,33,1,1,Unfurnished,7802000.0,21200.0
2870,244,Apartment,3,3,1400,3,9,0,2,Semi-Furnished,16435000.0,42000.0
2871,3,Apartment,3,3,1047,20,9,4,0,Semi-Furnished,10164000.0,22400.0
2872,450,Apartment,2,2,993,23,9,3,1,Semi-Furnished,8407000.0,16100.0
2873,29,Villa,1,1,912,20,24,4,2,Semi-Furnished,10576000.0,21700.0
2874,97,Penthouse,1,1,838,19,11,3,1,Semi-Furnished,9920000.0,20100.0
2875,339,Villa,1,1,818,1,5,3,1,Unfurnished,8040000.0,20800.0
2876,293,Villa,3,2,1474,25,9,2,0,Fully-Furnished,16362000.0,49900.0
2877,197,Penthouse,1,1,483,28,13,1,1,Semi-Furnished,4992000.0,13500.0
2878,310,Studio,3,3,1255,13,33,1,1,Unfurnished,11888000.0,39600.0
2879,437,Apartment,1,1,658,14,17,3,1,Unfurnished,5386000.0,17500.0
2880,394,Apartment,2,2,915,12,34,3,1,Unfurnished,8085000.0,18800.0
2881,159,Villa,3,2,1112,2,8,4,2,Unfurnished,9638000.0,26500.0
2882,178,Apartment,1,1,880,29,12,4,1,Unfurnished,9029000.0,31600.0
2883,493,Apartment,2,1,1099,0,31,3,2,Semi-Furnished,10428000.0,
2884,327,Apartment,4,3,1602,9,17,5,1,Fully-Furnished,19373000.0,55200.0
2885,249,Studio,2,1,1144,15,30,3,0,Unfurnished,12766000.0,41500.0
2886,97,Row House,3,3,1387,22,14,3,0,Unfurnished,14316000.0,54800.0
2887,330,Apartment,3,3,1180,5,15,1,1,Unfurnished,13431000.0,40900.0
2888,36,Apartment,2,2,825,9,17,1,1,Unfurnished,7835000.0,25800.0
2889,396,Penthouse,4,4,1448,2,33,2,1,Unfurnished,13543000.0,34400.0
2890,272,Apartment,2,1,1074,28,30,0,1,Unfurnished,12832000.0,30500.0
2891,85,Penthouse,1,1,1185,20,7,0,2,Unfurnished,9226000.0,28200.0
2892,363,Studio,3,2,1299,28,31,4,0,Unfurnished,14307000.0,52600.0
2893,425,Row House,4,3,1623,5,7,1,1,Unfurnished,14804000.0,38100.0
2894,419,Apartment,2,2,1171,27,16,5,1,Semi-Furnished,9558000.0,35000.0
2895,373,Apartment,2,2,1096,9,14,1,1,Unfurnished,13709000.0,32800.0
2896,464,Villa,2,1,750,12,4,1,1,Unfurnished,6967000.0,19600.0
2897,401,Apartment,2,1,1050,26,22,5,1,Unfurnished,10120000.0,40300.0
2898,190,Apartment,3,2,1251,7,5,3,2,Unfurnished,12724000.0,40300.0
2899,143,Apartment,1,1,927,4,18,3,2,Unfurnished,9736000.0,32200.0
2900,171,Studio,2,1,998,26,19,2,2,Fully-Furnished,7946000.0,23000.0
2901,481,Apartment,3,2,1345,21,5,5,1,Fully-Furnished,9862000.0,27100.0
2902,414,Apartment,4,3,1563,21,27,5,2,Semi-Furnished,16885000.0,35900.0
2903,38,Penthouse,2,1,701,27,29,2,1,Semi-Furnished,8676000.0,33200.0
2904,494,Penthouse,2,2,817,1,31,3,1,Semi-Furnished,7725000.0,22900.0
2905,9,Apartment,3,2,1640,15,28,5,1,Unfurnished,14081000.0,34300.0
2906,133,Penthouse,3,3,1274,9,32,3,1,Unfurnished,13293000.0,41100.0
2907,351,Villa,3,2,1029,18,32,1,1,Semi-Furnished,11334000.0,34200.0
2908,34,Villa,4,3,1526,10,23,0,1,Unfurnished,15092000.0,44500.0
2909,333,Apartment,2,2,1037,4,26,1,1,Semi-Furnished,10073000.0,27700.0
2910,206,Studio,3,2,1079,2,25,3,2,Fully-Furnished,9984000.0,24000.0
2911,17,Studio,2,1,858,6,8,2,1,Semi-Furnished,8774000.0,24600.0
2912,31,Apartment,2,2,1195,12,15,2,1,Semi-Furnished,14353000.0,45600.0
2913,39,Apartment,4,4,1637,3,24,2,2,Fully-Furnished,19432000.0,53700.0
2914,113,Penthouse,3,3,1616,20,34,5,0,Unfurnished,16839000.0,51000.0
2915,290,Apartment,4,3,1621,4,13,0,1,Fully-Furnished,19070000.0,61900.0
2916,189,Studio,3,3,1208,5,18,1,2,Unfurnished,13818000.0,45500.0
2917,171,Row House,1,1,713,27,32,2,0,Semi-Furnished,6048000.0,15900.0
2918,262,Apartment,4,4,1926,18,4,0,1,Unfurnished,19393000.0,53500.0
2919,326,Penthouse,1,1,412,22,12,3,1,Semi-Furnished,4874000.0,19200.0
2920,63,Penthouse,1,1,405,4,10,1,1,Fully-Furnished,4613000.0,11700.0
2921,26,Penthouse,3,3,1398,16,28,3,1,Unfurnished,17349000.0,47500.0
2922,33,Apartment,1,1,911,0,28,0,0,Unfurnished,8056000.0,
2923,391,Apartment,3,2,1314,17,21,2,1,Unfurnished,14515000.0,32700.0
2924,394,Studio,3,2,1586,0,22,3,2,Semi-Furnished,18477000.0,36700.0
2925,17,Apartment,5,4,2040,24,31,2,2,Fully-Furnished,24040000.0,52000.0
2926,45,Apartment,2,2,1090,1,15,2,1,Unfurnished,13039000.0,38000.0
2927,314,Apartment,2,1,975,13,9,3,0,Semi-Furnished,8138000.0,28200.0
2928,70,Apartment,2,1,1660,17,28,3,1,Unfurnished,16128000.0,47700.0
2929,114,Apartment,2,2,626,23,14,3,0,Unfurnished,6784000.0,13600.0
2930,470,Studio,3,2,1610,19,10,4,2,Unfurnished,23727000.0,
2931,228,Penthouse,2,1,998,12,5,2,1,Semi-Furnished,15098000.0,42900.0
2932,109,Studio,2,1,1035,29,25,3,2,Unfurnished,8810000.0,21900.0
2933,156,Apartment,1,1,758,27,24,4,2,Unfurnished,9717000.0,20000.0
2934,274,Studio,3,3,1471,26,20,0,1,Fully-Furnished,15606000.0,40400.0
2935,16,Villa,2,2,477,17,34,2,1,Semi-Furnished,4140000.0,10500.0
2936,456,Apartment,1,1,758,16,25,3,1,Semi-Furnished,7545000.0,14600.0
2937,69,Apartment,1,1,908,14,5,4,1,Semi-Furnished,7666000.0,25300.0
2938,321,Studio,2,1,1441,17,10,3,1,Semi-Furnished,13519000.0,50800.0
2939,64,Apartment,3,3,1398,10,34,4,1,Fully-Furnished,12957000.0,26100.0
2940,131,Apartment,1,1,814,16,34,3,0,Fully-Furnished,9483000.0,27500.0
2941,314,Penthouse,2,2,819,11,24,3,0,Fully-Furnished,8212000.0,24000.0
2942,283,Apartment,4,4,1837,29,4,0,1,Semi-Furnished,22692000.0,73700.0
2943,235,Apartment,4,4,1761,18,21,5,1,Unfurnished,14185000.0,31300.0
2944,90,Row House,4,4,1339,16,8,2,1,Unfurnished,13885000.0,38500.0
2945,224,Row House,3,2,881,29,28,0,0,Semi-Furnished,9479000.0,
2946,181,Penthouse,5,4,2215,23,25,5,2,Unfurnished,19914000.0,51400.0
2947,106,Apartment,3,3,1486,20,17,0,0,Semi-Furnished,19511000.0,56600.0
2948,67,Penthouse,2,2,943,26,21,4,0,Semi-Furnished,9051000.0,24000.0
2949,242,Penthouse,2,2,981,16,21,4,0,Fully-Furnished,7044000.0,20000.0
2950,488,Penthouse,5,5,1731,13,17,1,1,Fully-Furnished,20093000.0,43400.0
2951,71,Apartment,2,2,682,2,26,1,0,Unfurnished,7071000.0,22600.0
2952,42,Apartment,1,1,882,28,28,5,0,Fully-Furnished,10206000.0,27400.0
2953,258,Row House,2,1,826,16,19,5,2,Fully-Furnished,11738000.0,33100.0
2954,212,Villa,1,1,894,29,18,4,2,Fully-Furnished,6935000.0,15100.0
2955,77,Villa,3,2,1156,3,25,5,0,Fully-Furnished,15023000.0,43600.0
2956,136,Apartment,2,2,991,22,23,3,1,Unfurnished,8526000.0,30600.0
2957,185,Villa,3,2,1033,8,5,2,1,Unfurnished,11892000.0,28100.0
2958,216,Apartment,3,2,1551,4,7,0,1,Semi-Furnished,12888000.0,37300.0
2959,115,Penthouse,3,3,1455,28,14,0,1,Unfurnished,16734000.0,59600.0
2960,34,Villa,3,3,1296,7,7,0,0,Semi-Furnished,11286000.0,22600.0
2961,415,Apartment,2,2,1182,23,33,4,2,Unfurnished,12556000.0,31700.0
2962,337,Penthouse,4,3,1470,6,15,3,1,Unfurnished,12785000.0,48600.0
2963,141,Apartment,2,2,816,15,19,3,1,Semi-Furnished,7722000.0,22500.0
2964,341,Apartment,1,1,338,12,21,4,2,Unfurnished,4663000.0,13800.0
2965,62,Apartment,4,4,1484,22,26,1,1,Unfurnished,16796000.0,36500.0
2966,473,Villa,3,3,1207,18,27,4,0,Unfurnished,8543000.0,22500.0
2967,4,Apartment,4,4,1340,12,27,4,1,Unfurnished,15760000.0,30300.0
2968,122,Apartment,3,2,1474,16,4,3,1,Unfurnished,15672000.0,43000.0
2969,394,Villa,1,1,540,15,34,3,2,Semi-Furnished,5924000.0,14700.0
2970,379,Studio,4,4,1179,23,22,1,1,Semi-Furnished,12859000.0,47800.0
2971,430,Apartment,4,4,1764,24,33,5,1,Semi-Furnished,20760000.0,48100.0
2972,199,Studio,2,1,1003,19,16,1,1,Semi-Furnished,7168000.0,24700.0
2973,161,Villa,3,3,1377,13,12,1,1,Unfurnished,16121000.0,45200.0
2974,236,Villa,2,2,1081,16,29,5,1,Unfurnished,11138000.0,38100.0
2975,65,Apartment,5,4,1691,4,13,3,1,Unfurnished,17384000.0,32200.0
2976,164,Apartment,3,2,1265,20,26,5,1,Unfurnished,12623000.0,26900.0
2977,426,Apartment,2,2,861,27,34,4,2,Semi-Furnished,8993000.0,22200.0
2978,41,Apartment,3,3,1203,6,28,1,0,Unfurnished,13693000.0,37500.0
2979,115,Apartment,2,2,776,14,19,0,1,Semi-Furnished,8351000.0,20900.0
2980,350,Apartment,2,1,838,15,8,3,1,Unfurnished,12383000.0,37500.0
2981,203,Villa,2,2,1168,13,31,4,1,Semi-Furnished,16424000.0,49900.0
2982,131,Villa,2,2,912,13,27,3,1,Semi-Furnished,9169000.0,26400.0
2983,489,Apartment,3,3,1021,25,23,1,1,Unfurnished,9343000.0,28600.0
2984,200,Apartment,1,1,782,20,12,4,0,Unfurnished,8452000.0,27100.0
2985,166,Studio,2,1,979,23,13,3,1,Unfurnished,8914000.0,27300.0
2986,108,Villa,2,1,869,6,32,2,1,Semi-Furnished,9367000.0,32300.0
2987,50,Villa,3,3,1732,11,11,3,2,Unfurnished,18805000.0,
2988,105,Apartment,3,2,1403,9,33,5,1,Unfurnished,13583000.0,
2989,482,Studio,4,4,1776,16,11,2,1,Unfurnished,22302000.0,
2990,499,Row House,2,2,1108,27,12,5,1,Semi-Furnished,9784000.0,25000.0
2991,109,Studio,2,2,1160,8,33,3,1,Semi-Furnished,11868000.0,34000.0
2992,106,Row House,1,1,454,8,33,0,1,Unfurnished,4521000.0,14100.0
2993,490,Apartment,2,1,970,8,25,5,1,Unfurnished,6995000.0,17500.0
2994,124,Studio,5,4,1714,5,12,1,2,Unfurnished,10876000.0,27900.0
2995,480,Villa,5,4,1625,14,22,0,2,Unfurnished,18070000.0,45200.0
2996,221,Penthouse,4,3,1521,5,4,4,0,Semi-Furnished,15719000.0,35500.0
2997,473,Studio,2,2,728,4,12,4,1,Unfurnished,7407000.0,17200.0
2998,100,Studio,3,2,1739,3,25,2,2,Semi-Furnished,20306000.0,62800.0
2999,232,Apartment,1,1,843,17,34,5,1,Unfurnished,8694000.0,24600.0
3000,380,Penthouse,3,2,1223,3,16,0,0,Fully-Furnished,12800000.0,28500.0
3001,341,Penthouse,1,1,570,8,13,4,1,Unfurnished,5579000.0,13300.0
3002,35,Apartment,1,1,938,29,26,4,1,Unfurnished,12166000.0,33100.0
3003,301,Studio,3,3,1543,4,28,0,1,Semi-Furnished,17747000.0,54600.0
3004,487,Studio,3,3,1423,12,32,3,0,Semi-Furnished,14448000.0,33000.0
3005,218,Studio,4,4,1609,17,20,4,2,Semi-Furnished,10793000.0,29600.0
3006,299,Apartment,3,2,1265,26,28,3,0,Semi-Furnished,13482000.0,43700.0
3007,27,Apartment,2,2,1043,2,19,0,1,Fully-Furnished,13924000.0,38300.0
3008,49,Apartment,3,3,1385,0,16,5,1,Unfurnished,18014000.0,50800.0
3009,286,Apartment,3,2,1420,6,10,3,1,Semi-Furnished,18426000.0,50400.0
3010,121,Apartment,3,2,1030,22,17,1,2,Semi-Furnished,12818000.0,27200.0
3011,404,Apartment,2,2,618,26,11,2,2,Semi-Furnished,7422000.0,19800.0
3012,431,Villa,1,1,709,18,8,1,0,Unfurnished,8062000.0,18200.0
3013,292,Villa,1,1,827,23,11,5,1,Unfurnished,10363000.0,27800.0
3014,282,Apartment,2,1,951,24,33,4,1,Semi-Furnished,13923000.0,37100.0
3015,499,Apartment,1,1,521,25,27,5,1,Unfurnished,4729000.0,13200.0
3016,315,Apartment,5,5,1947,26,6,1,1,Unfurnished,18631000.0,59300.0
3017,383,Row House,2,2,1080,21,7,1,1,Semi-Furnished,12508000.0,30000.0
3018,66,Studio,3,2,1201,23,32,1,2,Unfurnished,12861000.0,41200.0
3019,100,Studio,2,1,1197,4,19,2,0,Unfurnished,11708000.0,29700.0
3020,130,Villa,2,2,1608,14,10,5,0,Unfurnished,14777000.0,36000.0
3021,240,Apartment,2,2,740,13,4,3,1,Semi-Furnished,6628000.0,19800.0
3022,288,Apartment,2,1,795,4,18,2,1,Unfurnished,6275000.0,13400.0
3023,203,Apartment,1,1,375,4,29,4,2,Unfurnished,3407000.0,9500.0
3024,97,Villa,2,1,1007,12,15,3,0,Unfurnished,10000000.0,30400.0
3025,490,Penthouse,4,4,1338,20,14,5,2,Semi-Furnished,12092000.0,31500.0
3026,228,Studio,3,2,1784,5,24,2,0,Unfurnished,26668000.0,90400.0
3027,170,Studio,2,1,1544,14,9,0,0,Unfurnished,14458000.0,38700.0
3028,245,Villa,2,1,1199,25,28,2,2,Unfurnished,11657000.0,
3029,104,Row House,3,2,1000,18,9,1,2,Semi-Furnished,15467000.0,43700.0
3030,245,Apartment,2,2,908,6,25,2,1,Unfurnished,9756000.0,37400.0
3031,307,Apartment,1,1,250,18,27,4,2,Unfurnished,2921000.0,7400.0
3032,460,Apartment,3,2,1316,25,31,0,1,Semi-Furnished,14241000.0,40200.0
3033,97,Apartment,2,1,506,0,7,3,1,Semi-Furnished,6147000.0,14400.0
3034,161,Penthouse,3,2,1382,20,31,1,0,Semi-Furnished,18387000.0,38000.0
3035,156,Apartment,5,4,2117,9,4,4,0,Unfurnished,26800000.0,70500.0
3036,142,Villa,2,1,1002,9,15,3,1,Unfurnished,13723000.0,46100.0
3037,453,Villa,2,1,1250,20,14,1,1,Unfurnished,14905000.0,40200.0
3038,149,Apartment,2,1,913,14,27,5,0,Semi-Furnished,9017000.0,24300.0
3039,410,Apartment,2,1,1034,12,8,4,1,Fully-Furnished,9110000.0,21400.0
3040,104,Villa,1,1,845,25,6,1,0,Fully-Furnished,10303000.0,29100.0
3041,47,Penthouse,3,3,1241,23,12,2,1,Fully-Furnished,19531000.0,50400.0
3042,212,Villa,3,2,1255,26,24,4,1,Unfurnished,9219000.0,20400.0
3043,390,Apartment,3,3,1125,14,7,5,0,Fully-Furnished,14667000.0,40000.0
3044,10,Apartment,1,1,628,17,21,3,2,Semi-Furnished,4457000.0,8400.0
3045,77,Studio,3,3,1479,17,25,5,1,Fully-Furnished,22313000.0,55000.0
3046,300,Studio,3,3,1416,21,16,3,2,Unfurnished,14901000.0,31200.0
3047,105,Penthouse,2,2,974,5,9,5,1,Unfurnished,9270000.0,27000.0
3048,212,Apartment,4,4,1748,29,6,4,1,Fully-Furnished,14216000.0,29300.0
3049,420,Row House,2,1,879,29,34,4,1,Unfurnished,8317000.0,23200.0
3050,368,Apartment,1,1,849,22,26,4,1,Unfurnished,10779000.0,22400.0
3051,313,Apartment,2,1,969,28,22,4,1,Unfurnished,10040000.0,22200.0
3052,258,Penthouse,3,2,1144,10,12,5,1,Unfurnished,11008000.0,31900.0
3053,138,Villa,3,3,1069,28,31,3,2,Unfurnished,12135000.0,30000.0
3054,440,Apartment,4,4,1615,15,25,2,2,Semi-Furnished,18054000.0,51300.0
3055,139,Studio,3,3,1268,11,18,4,1,Fully-Furnished,11194000.0,27000.0
3056,361,Apartment,3,3,1660,12,9,0,0,Semi-Furnished,19114000.0,50600.0
3057,80,Apartment,5,4,1503,23,33,5,1,Semi-Furnished,15145000.0,44800.0
3058,186,Villa,3,2,1084,16,29,5,1,Fully-Furnished,9429000.0,11800.0
3059,168,Apartment,2,1,700,7,8,2,1,Unfurnished,7047000.0,21100.0
3060,288,Row House,4,3,1422,23,19,2,1,Unfurnished,17127000.0,48300.0
3061,283,Apartment,3,3,1171,4,28,0,1,Unfurnished,13852000.0,42800.0
3062,433,Penthouse,1,1,995,24,33,5,0,Unfurnished,11686000.0,33200.0
3063,110,Apartment,3,2,1416,2,19,5,1,Semi-Furnished,10558000.0,34100.0
3064,324,Villa,2,1,1048,11,20,5,1,Unfurnished,11909000.0,17500.0
3065,27,Apartment,5,5,2103,14,25,0,0,Semi-Furnished,19365000.0,56900.0
3066,439,Villa,2,2,1028,10,32,0,1,Semi-Furnished,9977000.0,30000.0
3067,423,Studio,4,4,1531,13,20,2,1,Unfurnished,15815000.0,40600.0
3068,497,Apartment,3,3,1197,7,24,4,0,Unfurnished,9890000.0,22600.0
3069,162,Apartment,3,2,1130,22,5,4,1,Unfurnished,10884000.0,29200.0
3070,484,Apartment,2,2,657,11,31,5,1,Unfurnished,6383000.0,16000.0
3071,382,Villa,2,2,741,15,25,1,0,Semi-Furnished,6694000.0,16400.0
3072,108,Apartment,5,4,2245,11,23,2,2,Fully-Furnished,25690000.0,48000.0
3073,311,Apartment,1,1,718,11,13,1,2,Semi-Furnished,6264000.0,19400.0
3074,75,Apartment,3,2,1831,16,13,5,0,Fully-Furnished,22044000.0,60600.0
3075,196,Apartment,3,2,1710,17,7,4,1,Unfurnished,17223000.0,58800.0
3076,10,Apartment,2,2,1058,12,28,3,1,Fully-Furnished,8967000.0,23200.0
3077,276,Apartment,4,4,1512,10,24,4,1,Semi-Furnished,30507500.0,26600.0
3078,318,Apartment,1,1,737,11,9,5,2,Fully-Furnished,7698000.0,22900.0
3079,210,Apartment,2,1,877,6,31,3,2,Fully-Furnished,9661000.0,
3080,180,Apartment,3,2,1296,17,14,3,2,Semi-Furnished,19689000.0,41700.0
3081,189,Villa,2,2,769,11,34,1,1,Semi-Furnished,8211000.0,18200.0
3082,237,Studio,3,2,1416,18,25,5,1,Unfurnished,16639000.0,38500.0
3083,160,Apartment,2,2,628,15,25,1,0,Unfurnished,5552000.0,15600.0
3084,219,Apartment,2,2,1104,29,30,2,1,Semi-Furnished,11760000.0,40500.0
3085,78,Apartment,2,2,1177,6,16,4,1,Semi-Furnished,13911000.0,29800.0
3086,219,Penthouse,2,1,930,7,28,2,1,Semi-Furnished,9788000.0,33800.0
3087,51,Row House,2,1,789,22,27,2,2,Fully-Furnished,7912000.0,21100.0
3088,79,Apartment,3,2,1308,10,34,3,1,Unfurnished,11972000.0,27200.0
3089,379,Apartment,1,1,544,17,15,1,1,Unfurnished,6000000.0,16500.0
3090,295,Villa,4,4,1710,29,32,5,1,Unfurnished,18148000.0,69100.0
3091,488,Penthouse,3,2,1250,28,16,1,1,Semi-Furnished,13340000.0,46400.0
3092,72,Apartment,5,5,1759,16,24,4,1,Semi-Furnished,12716000.0,29800.0
3093,323,Apartment,3,2,1495,8,33,1,2,Fully-Furnished,15617000.0,38600.0
3094,229,Villa,3,2,1108,13,31,3,0,Unfurnished,9790000.0,35000.0
3095,280,Apartment,2,1,1257,27,18,1,0,Unfurnished,10698000.0,23100.0
3096,439,Villa,2,2,1089,20,11,0,1,Unfurnished,10075000.0,26000.0
3097,40,Apartment,5,4,1969,2,6,3,1,Unfurnished,26315000.0,68600.0
3098,77,Villa,1,1,561,27,22,5,1,Unfurnished,5921000.0,12300.0
3099,378,Apartment,2,1,808,7,8,3,1,Fully-Furnished,6982000.0,16800.0
3100,98,Apartment,2,1,668,25,7,2,1,Unfurnished,7401000.0,16100.0
3101,406,Studio,2,1,887,16,7,1,1,Unfurnished,9789000.0,22200.0
3102,280,Villa,2,2,1183,5,7,1,1,Semi-Furnished,9958000.0,30400.0
3103,464,Row House,2,2,1338,26,24,1,2,Unfurnished,14489000.0,40100.0
3104,360,Apartment,3,3,1044,9,20,2,2,Unfurnished,10004000.0,28900.0
3105,30,Villa,2,1,1097,27,7,1,1,Semi-Furnished,11139000.0,34100.0
3106,103,Penthouse,3,3,1491,3,17,2,1,Unfurnished,13485000.0,34900.0
3107,409,Apartment,2,1,705,18,34,5,0,Fully-Furnished,9202000.0,26300.0
3108,203,Apartment,3,2,1391,13,13,4,1,Unfurnished,18583000.0,54300.0
3109,81,Apartment,2,1,930,23,7,4,2,Fully-Furnished,10003000.0,22100.0
3110,185,Apartment,3,2,1252,7,7,2,1,Fully-Furnished,16550000.0,41900.0
3111,9,Row House,2,2,1312,27,21,5,1,Unfurnished,15454000.0,42600.0
3112,203,Apartment,2,1,1050,5,24,4,0,Fully-Furnished,12465000.0,42700.0
3113,399,Apartment,3,2,1417,15,21,5,1,Unfurnished,16152000.0,53300.0
3114,325,Apartment,4,4,2150,1,18,5,1,Semi-Furnished,26199000.0,72800.0
3115,361,Studio,3,3,1255,7,23,0,1,Semi-Furnished,11899000.0,21800.0
3116,30,Apartment,2,2,1064,18,32,1,1,Unfurnished,8405000.0,26500.0
3117,242,Row House,4,3,1593,7,16,4,1,Unfurnished,11778000.0,36000.0
3118,369,Villa,1,1,440,23,19,2,2,Unfurnished,4909000.0,16000.0
3119,246,Villa,2,1,572,10,12,2,2,Unfurnished,4398000.0,10200.0
3120,476,Apartment,3,2,1350,29,14,1,0,Unfurnished,16624000.0,54300.0
3121,56,Apartment,4,3,1686,3,30,4,1,Semi-Furnished,14660000.0,27900.0
3122,137,Row House,1,1,617,1,14,1,2,Unfurnished,8196000.0,25000.0
3123,441,Apartment,3,2,1438,20,28,4,2,Unfurnished,19070000.0,60100.0
3124,346,Apartment,2,1,1073,3,8,2,0,Unfurnished,12981000.0,40800.0
3125,222,Apartment,2,2,1105,6,32,4,1,Semi-Furnished,13143000.0,29400.0
3126,360,Villa,3,3,1316,14,23,2,2,Fully-Furnished,11208000.0,28700.0
3127,333,Apartment,3,2,893,5,28,1,1,Fully-Furnished,7275000.0,19300.0
3128,169,Apartment,2,2,1124,28,24,1,1,Unfurnished,13827000.0,34900.0
3129,280,Studio,3,2,1336,2,21,1,1,Unfurnished,13009000.0,54600.0
3130,207,Studio,3,2,1073,7,6,5,1,Fully-Furnished,35065000.0,34500.0
3131,8,Villa,4,3,1301,2,22,1,2,Fully-Furnished,18676000.0,54600.0
3132,47,Apartment,4,3,1807,20,10,2,2,Semi-Furnished,19392000.0,39200.0
3133,169,Apartment,3,3,1201,10,13,1,1,Semi-Furnished,8832000.0,18500.0
3134,345,Apartment,3,2,1009,12,27,5,1,Unfurnished,11334000.0,33500.0
3135,264,Studio,5,4,1928,4,12,5,1,Semi-Furnished,18055000.0,50100.0
3136,26,Row House,2,2,1398,21,6,3,1,Semi-Furnished,15976000.0,42600.0
3137,495,Apartment,3,3,1553,4,25,1,2,Unfurnished,15078000.0,45900.0
3138,91,Apartment,3,2,1390,27,19,3,2,Unfurnished,19883000.0,49200.0
3139,336,Apartment,2,1,1099,22,22,0,1,Unfurnished,16679000.0,45500.0
3140,125,Apartment,2,2,1104,9,5,3,1,Unfurnished,13595000.0,49300.0
3141,134,Studio,3,3,1300,28,17,3,2,Unfurnished,20156000.0,59600.0
3142,333,Apartment,3,3,1182,23,11,1,0,Fully-Furnished,10946000.0,39100.0
3143,337,Studio,2,2,1049,19,31,3,2,Unfurnished,9427000.0,24300.0
3144,229,Row House,2,1,852,11,23,3,1,Unfurnished,7634000.0,19700.0
3145,435,Penthouse,3,3,1607,3,16,3,1,Unfurnished,12424000.0,43500.0
3146,283,Villa,2,2,1022,20,24,0,2,Unfurnished,9810000.0,27300.0
3147,196,Apartment,2,1,1159,8,8,4,1,Unfurnished,11041000.0,34100.0
3148,305,Apartment,1,1,723,27,19,1,0,Unfurnished,6159000.0,11800.0
3149,461,Row House,1,1,624,14,11,5,1,Unfurnished,8057000.0,20600.0
3150,392,Studio,2,2,967,23,24,2,1,Semi-Furnished,10484000.0,37600.0
3151,257,Apartment,1,1,693,12,20,1,1,Semi-Furnished,6804000.0,19200.0
3152,394,Studio,2,2,1135,16,6,3,1,Unfurnished,12890000.0,38200.0
3153,487,Apartment,4,3,1473,23,27,3,1,Unfurnished,13385000.0,41000.0
3154,56,Studio,1,1,823,18,26,4,1,Semi-Furnished,8943000.0,28000.0
3155,280,Apartment,2,1,762,18,21,1,1,Unfurnished,6813000.0,18900.0
3156,117,Penthouse,3,3,1332,13,31,2,2,Semi-Furnished,11629000.0,22800.0
3157,256,Penthouse,3,2,1144,18,34,2,1,Unfurnished,10513000.0,26600.0
3158,384,Penthouse,2,2,812,0,26,0,1,Semi-Furnished,8575000.0,20900.0
3159,392,Villa,3,2,1393,16,24,2,1,Semi-Furnished,13464000.0,44300.0
3160,3,Villa,4,3,1544,2,13,4,2,Unfurnished,14886000.0,38000.0
3161,111,Villa,4,3,1705,11,9,1,1,Semi-Furnished,18082000.0,32600.0
3162,76,Apartment,2,1,866,13,20,5,1,Fully-Furnished,9970000.0,32400.0
3163,174,Studio,1,1,911,7,16,5,0,Unfurnished,10418000.0,30500.0
3164,323,Apartment,4,3,1746,22,14,1,1,Fully-Furnished,25803000.0,
3165,264,Penthouse,4,4,1349,29,16,5,2,Unfurnished,13247000.0,42900.0
3166,127,Apartment,1,1,441,28,21,2,1,Semi-Furnished,5004000.0,10500.0
3167,80,Apartment,4,3,1672,5,30,5,2,Semi-Furnished,17876000.0,46000.0
3168,174,Row House,2,2,777,25,26,5,1,Semi-Furnished,8643000.0,29300.0
3169,43,Studio,3,3,1364,11,5,1,1,Unfurnished,14975000.0,39500.0
3170,476,Row House,2,2,780,0,26,1,1,Semi-Furnished,7494000.0,21500.0
3171,365,Row House,3,3,1316,5,7,1,2,Fully-Furnished,13649000.0,32900.0
3172,205,Studio,5,4,1660,13,17,2,2,Fully-Furnished,13116000.0,50800.0
3173,21,Apartment,2,1,898,5,13,4,0,Semi-Furnished,12251000.0,32800.0
3174,99,Apartment,3,3,1017,20,6,3,1,Semi-Furnished,11577000.0,32400.0
3175,24,Apartment,3,2,1622,10,15,5,1,Fully-Furnished,13940000.0,34000.0
3176,11,Apartment,3,3,1270,5,14,5,2,Unfurnished,13721000.0,35500.0
3177,498,Apartment,2,2,703,16,11,3,2,Semi-Furnished,8522000.0,21100.0
3178,363,Apartment,2,1,1052,4,9,4,0,Semi-Furnished,12683000.0,25700.0
3179,19,Apartment,3,2,1096,16,34,4,1,Unfurnished,9700000.0,38600.0
3180,100,Studio,3,3,1432,0,34,2,1,Fully-Furnished,13818000.0,42900.0
3181,199,Apartment,3,2,1287,24,20,1,1,Semi-Furnished,11611000.0,34200.0
3182,245,Villa,2,2,986,27,31,2,2,Semi-Furnished,12694000.0,
3183,56,Penthouse,1,1,944,18,32,4,2,Unfurnished,9881000.0,
3184,85,Apartment,3,2,1411,13,24,0,1,Semi-Furnished,18101000.0,55600.0
3185,75,Penthouse,1,1,418,3,11,5,1,Unfurnished,5465000.0,16200.0
3186,438,Row House,3,2,1493,29,21,3,0,Fully-Furnished,13602000.0,48200.0
3187,54,Apartment,2,2,616,27,32,1,1,Unfurnished,6467000.0,14200.0
3188,106,Apartment,2,2,615,21,15,0,1,Semi-Furnished,6705000.0,29200.0
3189,350,Apartment,3,2,1143,19,28,3,0,Semi-Furnished,16416000.0,36300.0
3190,362,Penthouse,1,1,539,17,22,5,1,Unfurnished,5468000.0,16800.0
3191,132,Apartment,2,2,1129,21,12,2,0,Unfurnished,12721000.0,34900.0
3192,288,Villa,4,3,1312,0,33,2,1,Semi-Furnished,13232000.0,40800.0
3193,22,Apartment,2,2,967,13,21,5,1,Fully-Furnished,9638000.0,20700.0
3194,159,Apartment,2,1,1338,20,23,4,1,Fully-Furnished,11474000.0,36000.0
3195,391,Apartment,1,1,616,16,33,2,2,Unfurnished,6329000.0,20500.0
3196,208,Apartment,2,1,1394,23,10,3,1,Semi-Furnished,16129000.0,38200.0
3197,100,Row House,1,1,769,6,34,2,2,Fully-Furnished,6824000.0,20400.0
3198,407,Studio,2,1,1326,8,22,1,1,Semi-Furnished,14540000.0,38200.0
3199,27,Row House,4,4,1377,20,29,0,1,Fully-Furnished,14162000.0,25800.0
3200,169,Apartment,5,5,1874,25,4,1,1,Fully-Furnished,21975000.0,48900.0
3201,455,Apartment,2,2,581,28,11,3,2,Unfurnished,5939000.0,11700.0
3202,323,Villa,3,2,1197,26,10,1,1,Semi-Furnished,13498000.0,27400.0
3203,324,Apartment,3,3,1187,26,24,5,0,Fully-Furnished,11133000.0,36800.0
3204,333,Studio,2,2,1180,10,23,1,2,Semi-Furnished,7907000.0,22800.0
3205,458,Studio,4,4,1368,9,32,4,2,Semi-Furnished,14328000.0,45500.0
3206,479,Apartment,4,4,1261,7,25,2,1,Fully-Furnished,12394000.0,25000.0
3207,134,Villa,2,2,1074,16,27,3,2,Unfurnished,13256000.0,36200.0
3208,248,Studio,3,3,1143,0,5,5,1,Semi-Furnished,11793000.0,23800.0
3209,141,Villa,3,2,1402,26,7,3,1,Semi-Furnished,14957000.0,32800.0
3210,179,Apartment,3,2,1356,5,25,2,2,Unfurnished,21453000.0,71900.0
3211,127,Studio,3,2,1047,22,24,2,2,Unfurnished,14416000.0,37300.0
3212,241,Apartment,3,3,1321,24,16,4,0,Fully-Furnished,15085000.0,47500.0
3213,485,Apartment,3,2,1157,29,11,4,0,Semi-Furnished,12612000.0,25300.0
3214,414,Apartment,3,2,1497,3,10,5,2,Unfurnished,16368000.0,52100.0
3215,183,Penthouse,1,1,396,14,18,3,2,Unfurnished,3173000.0,
3216,352,Studio,3,3,1048,1,17,1,2,Fully-Furnished,10322000.0,29100.0
3217,404,Villa,3,2,1236,19,9,2,1,Fully-Furnished,15133000.0,40500.0
3218,224,Apartment,2,1,687,16,13,0,1,Unfurnished,7457000.0,13300.0
3219,258,Studio,2,1,1016,5,21,5,2,Unfurnished,11814000.0,23000.0
3220,152,Apartment,4,3,1493,1,17,3,1,Unfurnished,14517000.0,46200.0
3221,363,Apartment,1,1,846,5,28,4,2,Unfurnished,8706000.0,23700.0
3222,309,Studio,4,3,1770,25,17,4,0,Fully-Furnished,17851000.0,63400.0
3223,391,Apartment,2,1,1079,6,34,2,2,Semi-Furnished,12762000.0,33300.0
3224,456,Villa,3,3,1336,15,13,3,0,Unfurnished,14153000.0,41700.0
3225,447,Apartment,2,1,1333,4,13,4,1,Unfurnished,11961000.0,30800.0
3226,187,Apartment,2,1,1085,2,31,0,1,Fully-Furnished,13569000.0,44400.0
3227,412,Apartment,3,2,1089,9,29,5,0,Unfurnished,12067000.0,31900.0
3228,106,Apartment,3,3,1253,13,29,0,1,Unfurnished,15650000.0,31300.0
3229,369,Apartment,3,3,1356,19,15,2,1,Fully-Furnished,12936000.0,29100.0
3230,500,Apartment,2,1,979,28,15,0,1,Unfurnished,12523000.0,32600.0
3231,190,Villa,1,1,683,25,20,3,2,Unfurnished,8168000.0,11600.0
3232,255,Apartment,3,3,1382,9,20,3,2,Semi-Furnished,15231000.0,37600.0
3233,323,Villa,3,3,1371,29,4,1,1,Unfurnished,16125000.0,30800.0
3234,464,Apartment,3,3,1148,20,22,1,2,Fully-Furnished,11548000.0,35100.0
3235,66,Studio,2,1,549,12,25,1,0,Semi-Furnished,6586000.0,15300.0
3236,57,Apartment,5,4,1839,22,19,0,1,Semi-Furnished,17003000.0,46500.0
3237,233,Apartment,2,1,1136,12,31,3,2,Semi-Furnished,11942000.0,22100.0
3238,301,Penthouse,3,2,1279,7,27,0,1,Semi-Furnished,15055000.0,37200.0
3239,449,Row House,1,1,509,3,14,2,1,Semi-Furnished,5503000.0,13700.0
3240,428,Studio,2,2,1119,21,14,4,1,Semi-Furnished,13020000.0,44700.0
3241,200,Studio,1,1,810,9,26,4,1,Unfurnished,9637000.0,28000.0
3242,457,Penthouse,3,3,1193,19,16,3,0,Semi-Furnished,13318000.0,42900.0
3243,24,Apartment,3,3,1277,22,29,5,2,Semi-Furnished,13517000.0,42200.0
3244,62,Penthouse,1,1,787,16,19,1,1,Unfurnished,7996000.0,18700.0
3245,94,Apartment,3,2,1474,12,13,3,1,Unfurnished,14130000.0,36800.0
3246,173,Apartment,2,2,1170,17,25,3,2,Unfurnished,14164000.0,34700.0
3247,374,Apartment,3,2,1217,17,26,1,0,Unfurnished,12392000.0,24100.0
3248,139,Studio,3,2,1096,18,20,4,1,Fully-Furnished,12414000.0,34400.0
3249,499,Apartment,3,2,927,19,31,5,1,Unfurnished,8223000.0,18900.0
3250,145,Row House,1,1,1400,5,24,2,2,Unfurnished,11300000.0,27500.0
3251,176,Penthouse,1,1,893,29,27,1,2,Unfurnished,10255000.0,23500.0
3252,459,Apartment,2,1,1155,8,9,2,2,Semi-Furnished,11549000.0,27300.0
3253,436,Apartment,2,2,752,18,25,3,2,Semi-Furnished,7809000.0,24800.0
3254,301,Apartment,3,3,1296,28,6,0,1,Fully-Furnished,12689000.0,27900.0
3255,148,Studio,2,2,1083,26,25,2,1,Fully-Furnished,11879000.0,30300.0
3256,47,Apartment,1,1,778,8,24,2,1,Unfurnished,8558000.0,17600.0
3257,315,Apartment,3,2,1277,12,17,1,1,Unfurnished,14540000.0,34600.0
3258,269,Apartment,3,2,1473,12,7,2,1,Semi-Furnished,18468000.0,52800.0
3259,414,Apartment,2,1,895,7,9,5,1,Unfurnished,10365000.0,29400.0
3260,342,Apartment,3,3,1240,12,7,4,2,Unfurnished,13332000.0,27000.0
3261,139,Apartment,2,2,882,8,31,4,2,Unfurnished,10097000.0,25300.0
3262,225,Row House,4,4,1738,11,20,2,2,Semi-Furnished,15331000.0,30200.0
3263,38,Villa,4,3,1569,13,10,2,1,Semi-Furnished,18213000.0,
3264,90,Villa,1,1,1078,6,14,2,2,Unfurnished,8872000.0,
3265,292,Penthouse,5,4,1985,25,26,5,1,Semi-Furnished,19018000.0,60500.0
3266,300,Villa,2,2,820,0,20,3,1,Unfurnished,10505000.0,25200.0
3267,409,Studio,3,2,991,8,7,5,0,Fully-Furnished,12224000.0,33200.0
3268,220,Studio,3,3,1283,29,25,1,1,Semi-Furnished,14951000.0,26200.0
3269,62,Apartment,1,1,954,0,21,1,2,Semi-Furnished,10055000.0,19400.0
3270,104,Villa,1,1,749,26,11,1,2,Unfurnished,10202000.0,22900.0
3271,334,Villa,3,2,1379,10,21,2,1,Semi-Furnished,13245000.0,40000.0
3272,225,Apartment,3,2,1199,23,22,2,2,Semi-Furnished,12072000.0,37000.0
3273,210,Apartment,4,3,1539,16,5,3,1,Fully-Furnished,16275000.0,49500.0
3274,199,Apartment,1,1,667,17,33,1,1,Fully-Furnished,5740000.0,13800.0
3275,337,Villa,3,2,1115,1,21,3,2,Semi-Furnished,11722000.0,29300.0
3276,453,Villa,4,4,1329,3,10,1,1,Semi-Furnished,16849000.0,51800.0
3277,481,Apartment,5,4,2005,16,24,5,1,Unfurnished,21751000.0,59100.0
3278,309,Apartment,4,4,1635,7,22,4,0,Fully-Furnished,17469000.0,42600.0
3279,155,Studio,4,4,1364,10,19,4,2,Unfurnished,15658000.0,47200.0
3280,301,Penthouse,3,2,1612,11,29,0,1,Unfurnished,19496000.0,54600.0
3281,285,Studio,2,1,1029,24,32,2,1,Semi-Furnished,11917000.0,42400.0
3282,405,Apartment,2,2,1127,25,34,3,1,Semi-Furnished,14174000.0,29100.0
3283,469,Villa,2,2,1126,23,7,0,1,Unfurnished,13070000.0,27800.0
3284,85,Apartment,1,1,615,6,23,0,1,Semi-Furnished,7054000.0,17600.0
3285,115,Studio,4,3,1497,7,5,0,1,Unfurnished,13520000.0,43100.0
3286,450,Apartment,3,2,1077,20,20,3,1,Semi-Furnished,12984000.0,51500.0
3287,251,Penthouse,3,2,1533,21,17,4,1,Semi-Furnished,15867000.0,
3288,323,Studio,3,2,1628,17,28,1,0,Semi-Furnished,15970000.0,40700.0
3289,46,Apartment,5,5,1554,3,6,5,1,Fully-Furnished,18666000.0,68100.0
3290,97,Penthouse,2,2,1030,16,5,3,2,Unfurnished,9916000.0,23400.0
3291,315,Apartment,2,1,790,6,22,1,2,Semi-Furnished,7004000.0,
3292,165,Apartment,1,1,660,11,30,2,0,Semi-Furnished,7577000.0,24000.0
3293,500,Row House,2,1,942,27,15,0,2,Unfurnished,10716000.0,36400.0
3294,277,Apartment,2,1,1169,3,21,1,1,Semi-Furnished,12486000.0,41100.0
3295,138,Row House,4,4,1500,23,8,3,1,Semi-Furnished,15261000.0,39000.0
3296,229,Row House,3,2,1026,7,21,3,1,Fully-Furnished,8359000.0,27700.0
3297,412,Penthouse,4,4,1916,5,13,5,1,Unfurnished,16026000.0,63700.0
3298,52,Apartment,2,2,851,10,19,3,2,Semi-Furnished,10609000.0,29800.0
3299,368,Studio,4,3,1297,10,17,4,1,Fully-Furnished,13225000.0,35500.0
3300,438,Penthouse,3,3,1135,18,31,3,1,Semi-Furnished,9804000.0,24900.0
3301,373,Row House,3,3,1278,17,17,1,1,Unfurnished,15815000.0,41300.0
3302,284,Apartment,1,1,706,23,19,1,1,Semi-Furnished,8908000.0,26500.0
3303,465,Penthouse,2,1,1333,21,29,2,2,Semi-Furnished,13748000.0,32500.0
3304,439,Studio,1,1,879,11,7,0,1,Semi-Furnished,8831000.0,26800.0
3305,410,Apartment,4,3,2031,23,34,4,2,Semi-Furnished,17430000.0,35100.0
3306,152,Row House,2,2,1081,9,4,3,2,Unfurnished,12432000.0,33400.0
3307,327,Apartment,3,2,1476,28,18,5,0,Semi-Furnished,13818000.0,44700.0
3308,216,Apartment,2,1,982,12,12,0,1,Unfurnished,9698000.0,25400.0
3309,257,Studio,3,3,1311,11,10,1,1,Semi-Furnished,11934000.0,22800.0
3310,349,Apartment,4,3,1665,2,10,4,1,Unfurnished,15466000.0,50700.0
3311,81,Apartment,3,3,1144,29,34,4,1,Unfurnished,13197000.0,29000.0
3312,283,Penthouse,2,1,839,24,4,0,2,Semi-Furnished,9150000.0,23100.0
3313,330,Apartment,2,1,867,8,6,1,1,Semi-Furnished,9689000.0,34800.0
3314,155,Row House,2,2,764,20,20,4,1,Semi-Furnished,8069000.0,23700.0
3315,365,Apartment,3,2,1438,24,31,1,2,Fully-Furnished,14686000.0,37200.0
3316,460,Row House,3,2,946,9,8,0,1,Unfurnished,11045000.0,29400.0
3317,157,Apartment,2,2,1109,24,34,3,1,Semi-Furnished,10618000.0,26700.0
3318,332,Apartment,3,3,1122,22,24,2,1,Unfurnished,11243000.0,25600.0
3319,178,Villa,3,3,1204,28,22,4,0,Semi-Furnished,12019000.0,28300.0
3320,104,Row House,2,2,661,16,11,1,1,Semi-Furnished,8626000.0,18300.0
3321,357,Villa,2,2,1008,28,27,1,1,Unfurnished,13072000.0,35600.0
3322,81,Studio,1,1,892,16,5,4,1,Unfurnished,9173000.0,22800.0
3323,61,Apartment,4,3,1627,8,22,5,2,Unfurnished,15481000.0,32700.0
3324,211,Studio,4,3,1658,20,26,4,2,Unfurnished,20200000.0,52800.0
3325,433,Apartment,1,1,736,1,20,5,1,Unfurnished,9896000.0,20600.0
3326,440,Studio,5,5,2174,25,30,2,2,Semi-Furnished,26429000.0,74400.0
3327,340,Penthouse,1,1,757,29,21,1,2,Unfurnished,8347000.0,15500.0
3328,338,Apartment,4,3,1834,26,13,1,1,Unfurnished,20375000.0,47700.0
3329,384,Apartment,3,3,1251,29,4,0,2,Semi-Furnished,14107000.0,46600.0
3330,340,Apartment,3,3,1319,14,24,1,1,Unfurnished,14020000.0,46900.0
3331,87,Apartment,2,1,1034,24,17,2,2,Unfurnished,11910000.0,33000.0
3332,319,Apartment,2,2,768,4,31,2,1,Unfurnished,7317000.0,13500.0
3333,273,Villa,2,2,614,23,13,2,1,Unfurnished,6367000.0,16600.0
3334,238,Studio,2,1,1196,5,28,2,1,Unfurnished,11832000.0,41700.0
3335,67,Penthouse,3,2,1433,17,7,4,0,Semi-Furnished,14718000.0,34500.0
3336,111,Apartment,3,2,1289,28,21,1,1,Fully-Furnished,11758000.0,31500.0
3337,162,Apartment,2,1,963,7,16,4,1,Semi-Furnished,11541000.0,30300.0
3338,302,Apartment,1,1,923,4,34,3,0,Semi-Furnished,9115000.0,24800.0
3339,82,Penthouse,2,1,950,20,19,5,1,Fully-Furnished,11098000.0,27000.0
3340,232,Apartment,2,1,1074,0,18,5,1,Unfurnished,10741000.0,28500.0
3341,24,Apartment,5,4,1624,5,18,5,2,Semi-Furnished,15544000.0,44400.0
3342,224,Apartment,3,3,1352,8,34,0,1,Fully-Furnished,14752000.0,36100.0
3343,291,Apartment,2,1,958,24,11,1,1,Unfurnished,11058000.0,38600.0
3344,490,Row House,2,1,1072,4,9,5,2,Unfurnished,8463000.0,28000.0
3345,132,Penthouse,3,2,1020,14,4,2,1,Unfurnished,11287000.0,27100.0
3346,320,Row House,3,3,1447,7,5,3,1,Unfurnished,14599000.0,30400.0
3347,297,Penthouse,3,2,1188,25,31,2,2,Unfurnished,10163000.0,32300.0
3348,288,Studio,1,1,548,21,16,2,0,Fully-Furnished,5856000.0,15900.0
3349,229,Apartment,2,1,1192,6,25,3,0,Unfurnished,9502000.0,26100.0
3350,175,Penthouse,1,1,1033,18,24,5,0,Semi-Furnished,11413000.0,35900.0
3351,5,Villa,4,3,1371,5,13,5,2,Unfurnished,14508000.0,34400.0
3352,194,Apartment,4,4,1720,16,12,4,1,Semi-Furnished,18850000.0,68200.0
3353,441,Apartment,4,3,1482,24,8,4,2,Fully-Furnished,16535000.0,27400.0
3354,45,Apartment,5,5,1788,16,18,2,2,Unfurnished,24558000.0,72800.0
3355,242,Apartment,5,4,1790,24,16,4,1,Semi-Furnished,15314000.0,46900.0
3356,441,Villa,3,3,1282,28,23,4,0,Unfurnished,12608000.0,35600.0
3357,287,Row House,3,2,1647,17,17,3,1,Unfurnished,14806000.0,53100.0
3358,162,Penthouse,5,5,1800,17,18,4,1,Semi-Furnished,19688000.0,50800.0
3359,179,Villa,3,3,1071,4,33,2,2,Unfurnished,14737000.0,37600.0
3360,303,Apartment,2,1,1251,23,17,3,1,Unfurnished,11778000.0,39200.0
3361,440,Apartment,1,1,910,6,14,2,1,Unfurnished,8170000.0,20500.0
3362,20,Apartment,2,1,1033,1,6,4,1,Semi-Furnished,10852000.0,38700.0
3363,431,Apartment,4,3,1489,18,19,1,2,Semi-Furnished,14794000.0,
3364,475,Apartment,2,2,1182,21,23,2,1,Semi-Furnished,13610000.0,40200.0
3365,269,Penthouse,3,3,1847,27,4,2,0,Unfurnished,23419000.0,74000.0
3366,213,Apartment,2,2,1188,20,22,4,2,Semi-Furnished,14260000.0,43900.0
3367,345,Villa,2,2,984,8,29,5,2,Unfurnished,9327000.0,27900.0
3368,472,Penthouse,3,3,1442,0,23,4,1,Semi-Furnished,15521000.0,42600.0
3369,13,Apartment,5,5,1740,7,10,5,2,Semi-Furnished,18182000.0,66700.0
3370,125,Apartment,2,2,1008,1,29,3,2,Unfurnished,12067000.0,33900.0
3371,120,Studio,2,2,710,26,33,3,1,Unfurnished,8473000.0,21300.0
3372,31,Apartment,4,4,1870,13,33,2,1,Unfurnished,18227000.0,49300.0
3373,83,Apartment,4,3,1467,19,5,2,1,Semi-Furnished,12884000.0,40500.0
3374,491,Apartment,3,2,1286,16,30,2,1,Semi-Furnished,17772000.0,57600.0
3375,235,Apartment,3,2,1169,22,23,5,1,Unfurnished,13840000.0,33500.0
3376,183,Studio,2,2,979,8,17,3,1,Unfurnished,10918000.0,32900.0
3377,139,Apartment,2,2,1031,24,22,4,0,Unfurnished,8949000.0,26800.0
3378,123,Studio,2,1,579,16,13,1,2,Semi-Furnished,5974000.0,14200.0
3379,246,Apartment,1,1,469,21,24,2,1,Semi-Furnished,4466000.0,16200.0
3380,90,Apartment,2,1,788,21,4,2,0,Semi-Furnished,8288000.0,16700.0
3381,367,Apartment,2,1,1135,25,32,2,0,Semi-Furnished,9848000.0,29900.0
3382,326,Apartment,4,3,1599,3,8,3,1,Unfurnished,17585000.0,48000.0
3383,336,Apartment,3,2,1138,0,25,0,0,Semi-Furnished,13321000.0,40500.0
3384,89,Apartment,2,2,1110,27,8,4,2,Fully-Furnished,10242000.0,23300.0
3385,277,Row House,3,2,1214,19,34,1,1,Semi-Furnished,12249000.0,33800.0
3386,86,Penthouse,2,2,1169,25,21,2,1,Semi-Furnished,10399000.0,23800.0
3387,239,Penthouse,4,3,1718,18,14,1,1,Semi-Furnished,14432000.0,52800.0
3388,60,Apartment,1,1,465,9,34,1,0,Unfurnished,4685000.0,16200.0
3389,430,Apartment,3,2,1091,2,11,5,1,Semi-Furnished,11479000.0,39700.0
3390,243,Apartment,2,1,901,16,34,2,2,Unfurnished,9528000.0,28300.0
3391,42,Row House,3,2,1516,1,24,5,1,Semi-Furnished,17105000.0,41300.0
3392,403,Apartment,2,1,1008,2,14,3,2,Semi-Furnished,13858000.0,38300.0
3393,163,Apartment,2,1,855,2,29,2,1,Unfurnished,7387000.0,
3394,169,Apartment,4,4,1555,16,20,1,2,Semi-Furnished,14903000.0,34900.0
3395,11,Apartment,2,2,1057,14,29,5,1,Fully-Furnished,13581000.0,35000.0
3396,270,Penthouse,4,4,1749,12,20,3,0,Semi-Furnished,20386000.0,65200.0
3397,424,Villa,3,2,1264,10,15,4,2,Fully-Furnished,13384000.0,38000.0
3398,277,Apartment,3,2,1370,2,33,1,1,Unfurnished,15200000.0,42000.0
3399,118,Apartment,2,1,1457,2,6,0,1,Semi-Furnished,11686000.0,33300.0
3400,175,Apartment,2,2,891,2,9,5,1,Semi-Furnished,10624000.0,22100.0
3401,261,Apartment,3,3,1218,13,11,2,2,Unfurnished,13347000.0,37900.0
3402,204,Penthouse,3,2,1295,9,19,3,1,Unfurnished,13711000.0,36100.0
3403,107,Apartment,2,1,863,8,4,3,1,Unfurnished,8491000.0,20400.0
3404,124,Apartment,4,4,1399,26,28,1,2,Semi-Furnished,12199000.0,23900.0
3405,491,Apartment,3,2,1142,19,4,2,1,Semi-Furnished,11854000.0,32600.0
3406,255,Row House,3,3,1102,24,14,3,0,Semi-Furnished,14553000.0,40600.0
3407,43,Apartment,4,3,1329,15,28,1,0,Semi-Furnished,12857000.0,34500.0
3408,472,Apartment,4,3,1586,4,10,4,1,Unfurnished,22241000.0,63900.0
3409,154,Apartment,3,2,1022,19,16,1,1,Semi-Furnished,10406000.0,33600.0
3410,225,Apartment,2,1,883,7,25,2,2,Fully-Furnished,7596000.0,21600.0
3411,261,Apartment,3,3,1317,6,27,2,2,Fully-Furnished,16692000.0,59000.0
3412,243,Apartment,1,1,711,24,26,2,1,Semi-Furnished,7244000.0,20600.0
3413,413,Apartment,2,2,674,14,33,3,1,Semi-Furnished,7974000.0,31000.0
3414,143,Studio,3,2,1259,9,6,3,1,Unfurnished,11355000.0,35400.0
3415,11,Apartment,5,4,1947,27,14,5,1,Fully-Furnished,21217000.0,58200.0
3416,284,Apartment,4,4,1485,24,14,1,0,Fully-Furnished,20825000.0,65200.0
3417,313,Apartment,3,3,1265,1,13,4,0,Semi-Furnished,15729000.0,42700.0
3418,295,Apartment,1,1,539,15,21,5,1,Unfurnished,6199000.0,16000.0
3419,87,Row House,3,2,1096,6,8,2,1,Semi-Furnished,11420000.0,33900.0
3420,319,Apartment,5,5,2553,8,5,2,1,Unfurnished,28869000.0,49400.0
3421,93,Studio,3,2,1220,20,27,2,1,Fully-Furnished,16808000.0,48700.0
3422,408,Apartment,3,3,1290,16,23,0,2,Semi-Furnished,16429000.0,29100.0
3423,333,Apartment,2,2,1077,0,19,1,1,Unfurnished,9316000.0,21800.0
3424,43,Penthouse,3,3,1440,7,29,1,2,Unfurnished,15368000.0,50100.0
3425,339,Row House,3,3,1128,3,19,3,1,Semi-Furnished,13174000.0,36800.0
3426,494,Villa,2,2,914,13,33,3,2,Semi-Furnished,10777000.0,32400.0
3427,139,Villa,4,4,1423,23,28,4,1,Unfurnished,19582000.0,35300.0
3428,420,Villa,3,2,1246,6,11,4,2,Unfurnished,15065000.0,32700.0
3429,88,Row House,3,3,1241,12,18,3,1,Unfurnished,13137000.0,
3430,105,Studio,5,5,2039,7,32,5,0,Semi-Furnished,16666000.0,62100.0
3431,500,Apartment,2,1,851,6,19,0,1,Semi-Furnished,9198000.0,25700.0
3432,483,Apartment,2,1,1000,13,28,5,1,Unfurnished,9868000.0,30000.0
3433,89,Row House,3,3,1121,9,26,4,2,Unfurnished,9349000.0,33800.0
3434,215,Row House,1,1,553,13,29,4,1,Unfurnished,6290000.0,13400.0
3435,492,Apartment,5,4,1744,27,10,3,1,Semi-Furnished,16149000.0,30000.0
3436,358,Villa,1,1,977,24,30,0,1,Semi-Furnished,9312000.0,34700.0
3437,190,Apartment,4,4,1676,20,17,3,2,Semi-Furnished,21102000.0,61600.0
3438,99,Studio,3,3,1343,14,17,3,1,Fully-Furnished,12872000.0,45100.0
3439,5,Apartment,3,3,1331,29,15,5,1,Unfurnished,15522000.0,36500.0
3440,463,Villa,1,1,921,25,22,1,2,Semi-Furnished,8893000.0,27300.0
3441,422,Penthouse,2,1,1005,14,20,5,1,Semi-Furnished,11301000.0,29300.0
3442,121,Apartment,2,1,1064,21,15,1,2,Unfurnished,12135000.0,25300.0
3443,300,Apartment,1,1,775,20,14,3,1,Unfurnished,8712000.0,21100.0
3444,11,Apartment,2,2,900,16,13,5,1,Unfurnished,11448000.0,31400.0
3445,456,Penthouse,1,1,988,8,23,3,2,Semi-Furnished,10954000.0,26300.0
3446,95,Row House,2,1,832,15,7,4,2,Fully-Furnished,6622000.0,18100.0
3447,310,Villa,2,2,1155,15,28,1,0,Unfurnished,11581000.0,27700.0
3448,260,Apartment,4,4,1306,0,20,3,2,Fully-Furnished,11595000.0,34000.0
3449,433,Apartment,3,2,1262,4,27,5,1,Unfurnished,18027000.0,48200.0
3450,399,Apartment,1,1,973,20,17,5,1,Semi-Furnished,12925000.0,34000.0
3451,443,Studio,2,2,1100,6,7,1,0,Unfurnished,8928000.0,19300.0
3452,460,Apartment,3,2,1063,7,14,0,2,Semi-Furnished,11621000.0,29700.0
3453,168,Studio,2,1,968,16,25,2,2,Fully-Furnished,9368000.0,21300.0
3454,345,Penthouse,1,1,741,0,26,5,0,Unfurnished,6839000.0,15400.0
3455,436,Studio,2,1,812,9,24,3,0,Fully-Furnished,8982000.0,29200.0
3456,68,Villa,4,3,1355,1,15,4,1,Unfurnished,15801000.0,32200.0
3457,355,Studio,4,4,1361,10,8,2,1,Fully-Furnished,14185000.0,39700.0
3458,473,Apartment,2,2,970,24,23,4,1,Semi-Furnished,8832000.0,27600.0
3459,271,Studio,2,2,833,19,22,0,1,Semi-Furnished,7480000.0,21600.0
3460,237,Apartment,4,4,1563,18,33,5,1,Fully-Furnished,20289000.0,68400.0
3461,266,Row House,3,3,816,5,7,2,1,Unfurnished,8394000.0,27700.0
3462,228,Villa,2,1,993,0,15,2,0,Fully-Furnished,11586000.0,35000.0
3463,140,Studio,2,2,965,9,29,1,0,Semi-Furnished,10233000.0,31000.0
3464,47,Studio,5,5,1433,27,25,2,1,Fully-Furnished,16016000.0,58100.0
3465,177,Studio,1,1,759,10,9,1,1,Semi-Furnished,15365000.0,17000.0
3466,100,Apartment,2,1,897,15,12,2,2,Unfurnished,8784000.0,33700.0
3467,356,Apartment,3,3,1455,21,17,2,1,Fully-Furnished,13549000.0,36600.0
3468,129,Row House,4,3,1609,6,15,1,2,Semi-Furnished,18088000.0,52700.0
3469,218,Apartment,1,1,937,19,26,4,2,Unfurnished,9007000.0,24700.0
3470,100,Studio,2,2,886,13,27,2,0,Unfurnished,9531000.0,20400.0
3471,367,Penthouse,5,4,1982,2,10,2,2,Unfurnished,17831000.0,55400.0
3472,246,Apartment,3,3,1250,18,12,2,2,Unfurnished,11715000.0,31100.0
3473,477,Apartment,3,2,1605,1,19,2,2,Unfurnished,20997000.0,47800.0
3474,232,Apartment,2,1,882,15,32,5,2,Semi-Furnished,7858000.0,23000.0
3475,488,Row House,2,1,785,12,4,1,2,Semi-Furnished,9604000.0,21100.0
3476,360,Apartment,1,1,961,13,24,2,1,Semi-Furnished,10484000.0,28100.0
3477,318,Penthouse,4,3,1644,28,29,5,1,Unfurnished,13891000.0,37500.0
3478,424,Apartment,3,3,1615,10,24,4,1,Unfurnished,18450000.0,47100.0
3479,458,Row House,1,1,525,8,11,4,1,Semi-Furnished,6334000.0,19400.0
3480,407,Villa,2,2,1268,21,16,1,1,Semi-Furnished,11312000.0,27600.0
3481,415,Row House,4,4,1714,5,12,4,1,Semi-Furnished,17255000.0,48300.0
3482,324,Apartment,2,2,999,1,11,5,0,Semi-Furnished,14148000.0,42300.0
3483,302,Apartment,2,1,1164,24,12,3,1,Unfurnished,12980000.0,34800.0
3484,96,Apartment,3,3,1524,26,7,3,0,Fully-Furnished,14910000.0,51800.0
3485,7,Studio,2,2,689,28,28,2,1,Unfurnished,8654000.0,21900.0
3486,105,Apartment,3,2,1184,10,17,5,1,Unfurnished,10161000.0,23700.0
3487,250,Row House,4,3,1478,4,15,4,1,Unfurnished,12711000.0,36800.0
3488,258,Apartment,2,2,1258,18,22,5,1,Fully-Furnished,16729000.0,51700.0
3489,342,Apartment,2,2,964,21,20,4,1,Semi-Furnished,12688000.0,34300.0
3490,449,Studio,2,2,1150,19,27,2,1,Unfurnished,12108000.0,41800.0
3491,188,Row House,1,1,608,16,21,2,1,Unfurnished,6033000.0,15900.0
3492,464,Apartment,3,3,1277,17,32,1,2,Fully-Furnished,14099000.0,35000.0
3493,275,Apartment,4,4,1517,11,24,4,1,Semi-Furnished,14194000.0,45200.0
3494,370,Villa,4,3,1664,14,11,2,1,Semi-Furnished,21382000.0,73900.0
3495,186,Apartment,2,1,1005,18,13,5,1,Semi-Furnished,9877000.0,29100.0
3496,161,Row House,2,1,1039,0,14,1,0,Unfurnished,13881000.0,24800.0
3497,271,Studio,2,1,962,9,18,0,1,Unfurnished,8273000.0,19400.0
3498,18,Apartment,2,1,1097,5,5,2,2,Unfurnished,10763000.0,27700.0
3499,17,Apartment,2,2,782,28,20,2,1,Semi-Furnished,7993000.0,19400.0
3500,322,Penthouse,2,2,808,27,20,5,1,Unfurnished,7497000.0,25300.0
3501,499,Apartment,2,1,895,16,11,5,0,Semi-Furnished,7935000.0,23000.0
3502,334,Penthouse,3,2,1277,17,8,2,1,Unfurnished,12389000.0,30600.0
3503,241,Apartment,3,3,1264,1,5,4,1,Fully-Furnished,9175000.0,22100.0
3504,197,Villa,2,2,1027,22,4,1,2,Unfurnished,7847000.0,22900.0
3505,413,Apartment,2,1,892,19,28,3,0,Unfurnished,12912000.0,43700.0
3506,248,Villa,4,4,1926,26,33,5,2,Fully-Furnished,21750000.0,50000.0
3507,493,Row House,1,1,847,27,21,3,0,Unfurnished,10038000.0,28200.0
3508,69,Row House,3,3,1283,19,24,4,0,Unfurnished,14719000.0,47700.0
3509,402,Apartment,1,1,914,25,4,1,0,Semi-Furnished,9153000.0,23500.0
3510,262,Apartment,1,1,729,11,33,0,2,Semi-Furnished,9100000.0,20700.0
3511,382,Penthouse,4,3,1365,22,24,1,2,Fully-Furnished,15287000.0,40000.0
3512,52,Studio,3,3,1147,5,11,3,0,Fully-Furnished,14748000.0,50900.0
3513,129,Apartment,2,1,781,29,25,1,2,Fully-Furnished,7055000.0,17200.0
3514,436,Row House,1,1,853,18,17,3,2,Fully-Furnished,10075000.0,24600.0
3515,307,Apartment,2,1,938,22,26,4,1,Fully-Furnished,10958000.0,34000.0
3516,280,Row House,2,2,1241,7,32,1,1,Unfurnished,11301000.0,14700.0
3517,160,Villa,1,1,323,10,26,1,1,Semi-Furnished,2911000.0,7500.0
3518,226,Apartment,2,2,1035,17,22,2,1,Fully-Furnished,12807000.0,37200.0
3519,43,Apartment,3,2,1130,28,10,1,1,Fully-Furnished,13871000.0,39300.0
3520,62,Penthouse,1,1,830,5,11,1,0,Unfurnished,9912000.0,27700.0
3521,57,Apartment,3,2,1104,1,5,0,2,Fully-Furnished,10713000.0,29200.0
3522,149,Apartment,3,2,1356,17,26,5,2,Unfurnished,15326000.0,51000.0
3523,105,Apartment,2,2,1163,23,8,5,2,Unfurnished,11061000.0,29000.0
3524,60,Apartment,4,4,1202,9,22,1,2,Semi-Furnished,11517000.0,34800.0
3525,299,Studio,2,1,921,0,25,3,1,Unfurnished,9030000.0,31600.0
3526,431,Row House,1,1,729,26,33,1,2,Semi-Furnished,7597000.0,15700.0
3527,315,Apartment,2,1,1111,9,5,1,1,Fully-Furnished,14052000.0,19800.0
3528,32,Apartment,2,2,1113,15,24,5,1,Unfurnished,9110000.0,14600.0
3529,14,Villa,2,1,928,1,18,2,2,Unfurnished,10306000.0,20700.0
3530,174,Apartment,2,1,1128,11,21,5,0,Unfurnished,11332000.0,32900.0
3531,1,Apartment,3,2,1114,14,13,1,1,Unfurnished,10549000.0,24100.0
3532,474,Studio,4,4,1345,6,16,5,1,Semi-Furnished,14393000.0,43200.0
3533,159,Penthouse,1,1,1024,29,12,4,1,Unfurnished,9306000.0,22900.0
3534,218,Studio,2,2,1468,11,30,4,2,Fully-Furnished,11959000.0,31700.0
3535,121,Penthouse,3,3,1354,8,19,1,0,Fully-Furnished,15987000.0,
3536,251,Villa,2,1,1003,1,12,4,2,Semi-Furnished,10626000.0,31400.0
3537,197,Apartment,3,3,1470,8,15,1,1,Unfurnished,14815000.0,18500.0
3538,175,Studio,3,2,1196,12,28,5,1,Unfurnished,14139000.0,33200.0
3539,270,Apartment,3,3,1115,24,17,3,1,Unfurnished,14245000.0,39300.0
3540,182,Apartment,4,3,1374,19,30,1,2,Unfurnished,13082000.0,43300.0
3541,219,Apartment,4,3,1598,9,7,2,0,Unfurnished,21281000.0,62900.0
3542,355,Apartment,3,2,1380,13,15,2,2,Fully-Furnished,15151000.0,43000.0
3543,278,Apartment,1,1,831,20,4,3,2,Unfurnished,7228000.0,14400.0
3544,481,Apartment,5,5,1945,23,23,5,1,Semi-Furnished,18227000.0,54600.0
3545,336,Apartment,2,2,1066,13,14,0,0,Fully-Furnished,11796000.0,26800.0
3546,383,Apartment,3,2,1691,20,9,1,1,Unfurnished,20546000.0,62300.0
3547,499,Row House,3,3,1250,6,14,5,1,Semi-Furnished,13349000.0,51600.0
3548,424,Apartment,2,2,1066,10,9,4,1,Fully-Furnished,10515000.0,22300.0
3549,217,Penthouse,5,4,1872,9,29,4,2,Unfurnished,23174000.0,67100.0
3550,402,Villa,3,2,1467,9,33,1,2,Unfurnished,14664000.0,28700.0
3551,161,Apartment,2,2,1021,22,12,1,1,Semi-Furnished,9383000.0,24400.0
3552,85,Apartment,1,1,629,15,32,0,1,Unfurnished,6076000.0,14300.0
3553,395,Studio,4,4,1400,25,6,0,1,Unfurnished,13796000.0,29700.0
3554,276,Row House,3,3,1061,29,9,4,2,Fully-Furnished,9960000.0,18900.0
3555,66,Apartment,3,3,1312,3,28,1,0,Fully-Furnished,11344000.0,41300.0
3556,30,Apartment,2,1,1101,19,7,1,2,Unfurnished,13765000.0,38200.0
3557,290,Apartment,1,1,513,8,13,0,2,Unfurnished,5104000.0,10600.0
3558,1,Apartment,1,1,296,26,18,1,2,Fully-Furnished,2721000.0,6100.0
3559,305,Row House,3,3,1318,28,14,1,1,Semi-Furnished,14920000.0,33900.0
3560,247,Apartment,2,1,831,9,18,4,1,Semi-Furnished,8775000.0,30400.0
3561,413,Apartment,1,1,599,14,22,3,2,Semi-Furnished,7417000.0,19900.0
3562,405,Studio,4,4,1558,5,28,3,2,Fully-Furnished,18483000.0,49400.0
3563,19,Apartment,1,1,926,21,33,4,1,Unfurnished,7114000.0,17300.0
3564,149,Apartment,5,4,2061,29,31,5,1,Semi-Furnished,19124000.0,47300.0
3565,365,Apartment,2,1,1046,14,31,1,2,Fully-Furnished,10030000.0,29600.0
3566,165,Row House,3,2,964,9,19,2,1,Fully-Furnished,9242000.0,26800.0
3567,485,Villa,3,3,1092,7,11,4,0,Unfurnished,7299000.0,20200.0
3568,284,Apartment,2,1,840,0,16,1,1,Fully-Furnished,12794000.0,35600.0
3569,238,Studio,3,2,1471,5,27,2,2,Fully-Furnished,18908000.0,48700.0
3570,266,Row House,5,4,1952,28,22,2,1,Unfurnished,15448000.0,46700.0
3571,144,Apartment,4,4,1727,18,33,3,1,Semi-Furnished,17655000.0,53300.0
3572,439,Row House,3,2,1280,12,5,0,1,Unfurnished,12224000.0,36800.0
3573,273,Apartment,1,1,669,28,34,2,1,Unfurnished,7599000.0,23500.0
3574,330,Studio,4,3,1577,26,17,1,1,Semi-Furnished,19116000.0,57600.0
3575,274,Row House,3,3,1243,21,28,0,0,Unfurnished,11475000.0,40600.0
3576,144,Villa,5,4,1875,25,30,3,1,Unfurnished,22535000.0,52400.0
3577,255,Apartment,3,3,1363,18,31,3,1,Fully-Furnished,16593000.0,49000.0
3578,242,Apartment,3,2,1262,26,20,4,1,Fully-Furnished,9740000.0,31200.0
3579,125,Apartment,1,1,281,2,13,3,2,Unfurnished,3773000.0,6800.0
3580,350,Studio,3,2,1001,13,19,3,2,Fully-Furnished,13396000.0,38300.0
3581,305,Villa,1,1,655,12,12,1,0,Fully-Furnished,5855000.0,15200.0
3582,6,Apartment,4,3,1586,2,33,4,2,Semi-Furnished,13200000.0,24000.0
3583,465,Villa,1,1,844,1,34,2,1,Fully-Furnished,6587000.0,19700.0
3584,191,Row House,3,2,1309,6,26,4,1,Semi-Furnished,16701000.0,42700.0
3585,42,Villa,2,2,852,3,13,5,2,Fully-Furnished,10177000.0,28200.0
3586,26,Row House,1,1,621,7,10,3,1,Semi-Furnished,6780000.0,24200.0
3587,303,Villa,1,1,763,15,15,3,2,Unfurnished,8013000.0,21700.0
3588,337,Apartment,3,3,1331,25,30,3,1,Semi-Furnished,7928000.0,16300.0
3589,478,Villa,1,1,894,24,27,5,1,Semi-Furnished,8391000.0,25300.0
3590,257,Row House,1,1,379,17,28,1,2,Unfurnished,3919000.0,12300.0
3591,74,Apartment,4,3,1694,12,7,4,0,Unfurnished,18590000.0,56600.0
3592,247,Penthouse,2,2,774,12,27,4,0,Unfurnished,7252000.0,15400.0
3593,425,Penthouse,2,2,1150,25,14,1,1,Semi-Furnished,15694000.0,52200.0
3594,23,Studio,3,3,1346,20,15,3,2,Unfurnished,14544000.0,29000.0
3595,111,Row House,2,2,1108,24,32,1,2,Unfurnished,9568000.0,26000.0
3596,148,Villa,3,3,1132,26,32,2,1,Semi-Furnished,10426000.0,35600.0
3597,234,Row House,1,1,250,23,5,2,1,Semi-Furnished,2482000.0,7000.0
3598,172,Villa,2,1,1279,22,17,2,2,Unfurnished,13653000.0,29800.0
3599,235,Row House,3,2,1053,13,31,5,0,Semi-Furnished,9601000.0,30200.0
3600,382,Apartment,3,2,1041,9,22,1,1,Unfurnished,9261000.0,30300.0
3601,473,Apartment,3,2,1129,6,16,4,1,Unfurnished,10186000.0,34900.0
3602,66,Penthouse,3,3,1147,8,34,1,2,Unfurnished,16062000.0,35300.0
3603,173,Apartment,3,3,1218,6,7,3,1,Fully-Furnished,15242000.0,25700.0
3604,342,Row House,4,3,1686,17,16,4,0,Semi-Furnished,18283000.0,43400.0
3605,215,Apartment,3,2,1156,28,9,4,1,Semi-Furnished,12165000.0,37100.0
3606,455,Apartment,3,3,1468,25,27,3,0,Unfurnished,18073000.0,46500.0
3607,480,Row House,3,3,1316,11,9,0,1,Semi-Furnished,14651000.0,35600.0
3608,424,Row House,3,2,1666,4,5,4,1,Unfurnished,16217000.0,43600.0
3609,486,Apartment,2,1,713,1,4,3,1,Unfurnished,6552000.0,18200.0
3610,350,Row House,3,2,1364,25,6,3,1,Unfurnished,14097000.0,37000.0
3611,495,Apartment,2,1,1146,20,7,1,1,Unfurnished,11818000.0,41400.0
3612,408,Row House,3,2,1408,11,30,0,0,Fully-Furnished,11172000.0,20500.0
3613,44,Apartment,3,2,1396,8,15,5,2,Unfurnished,12918000.0,33700.0
3614,237,Penthouse,2,2,1048,19,32,5,1,Fully-Furnished,13536000.0,21700.0
3615,386,Row House,2,1,1196,4,14,1,1,Semi-Furnished,12242000.0,35400.0
3616,235,Apartment,1,1,728,26,21,5,2,Fully-Furnished,7147000.0,20000.0
3617,22,Apartment,1,1,723,23,13,5,1,Unfurnished,6898000.0,19300.0
3618,227,Villa,2,2,1162,29,7,5,2,Semi-Furnished,10308000.0,21300.0
3619,244,Villa,4,4,1604,1,22,0,2,Unfurnished,17250000.0,51300.0
3620,73,Villa,3,3,1087,29,9,3,1,Semi-Furnished,10636000.0,16700.0
3621,245,Apartment,2,2,1052,24,34,2,1,Fully-Furnished,12238000.0,35200.0
3622,336,Studio,1,1,781,18,29,0,1,Unfurnished,9245000.0,27900.0
3623,143,Studio,3,3,1339,26,17,3,2,Fully-Furnished,14710000.0,34700.0
3624,495,Apartment,2,2,931,12,4,1,0,Semi-Furnished,11317000.0,20300.0
3625,57,Apartment,4,3,1396,11,8,0,2,Semi-Furnished,17675000.0,51700.0
3626,250,Apartment,3,3,1240,23,4,4,2,Semi-Furnished,12790000.0,34600.0
3627,333,Studio,1,1,878,14,6,1,2,Semi-Furnished,6876000.0,16700.0
3628,500,Apartment,4,3,1488,11,21,0,1,Unfurnished,15826000.0,43400.0
3629,143,Row House,3,3,1257,24,17,3,1,Semi-Furnished,10674000.0,27400.0
3630,79,Villa,4,3,1685,23,22,3,2,Semi-Furnished,14562000.0,32500.0
3631,487,Apartment,4,4,1683,26,27,3,1,Semi-Furnished,17164000.0,39300.0
3632,225,Villa,3,3,1222,6,9,2,2,Semi-Furnished,11717000.0,34500.0
3633,136,Apartment,2,1,1036,20,28,3,0,Fully-Furnished,10253000.0,39200.0
3634,187,Apartment,1,1,1167,8,12,0,1,Semi-Furnished,13392000.0,23600.0
3635,416,Apartment,1,1,677,17,4,0,1,Unfurnished,7664000.0,21100.0
3636,18,Apartment,2,1,1178,13,12,2,0,Semi-Furnished,13343000.0,20000.0
3637,20,Apartment,1,1,560,23,21,4,1,Fully-Furnished,7327000.0,17200.0
3638,70,Apartment,3,3,1069,23,9,3,2,Semi-Furnished,8517000.0,21300.0
3639,414,Apartment,1,1,425,21,31,5,0,Unfurnished,4513000.0,13900.0
3640,466,Villa,3,3,1387,26,6,2,1,Unfurnished,16784000.0,58700.0
3641,301,Apartment,2,2,1369,5,20,0,2,Fully-Furnished,17091000.0,56400.0
3642,187,Apartment,2,2,1530,10,15,0,0,Fully-Furnished,15119000.0,44000.0
3643,199,Studio,2,1,957,27,34,1,1,Fully-Furnished,8255000.0,20800.0
3644,417,Apartment,2,2,683,3,28,5,2,Fully-Furnished,8258000.0,20200.0
3645,203,Apartment,5,4,1704,16,18,4,2,Unfurnished,17536000.0,40000.0
3646,47,Penthouse,2,1,965,21,10,2,2,Unfurnished,9493000.0,26900.0
3647,305,Apartment,5,4,1897,24,15,1,1,Unfurnished,22683000.0,57600.0
3648,167,Apartment,3,3,1237,22,19,1,1,Unfurnished,14653000.0,43400.0
3649,311,Row House,3,2,1302,29,22,1,1,Semi-Furnished,13344000.0,45400.0
3650,211,Apartment,4,4,1697,11,14,4,2,Unfurnished,17456000.0,43600.0
3651,340,Apartment,3,3,1509,4,5,1,0,Fully-Furnished,17463000.0,60800.0
3652,20,Apartment,2,1,1295,1,18,4,1,Semi-Furnished,15213000.0,35700.0
3653,9,Villa,4,4,1531,26,18,5,1,Semi-Furnished,15454000.0,42200.0
3654,198,Apartment,2,2,901,7,9,3,2,Unfurnished,8195000.0,22600.0
3655,464,Apartment,3,3,1777,5,21,1,1,Fully-Furnished,20582000.0,45700.0
3656,325,Penthouse,1,1,575,24,34,5,1,Semi-Furnished,6872000.0,15600.0
3657,135,Apartment,1,1,630,11,10,5,1,Fully-Furnished,7435000.0,
3658,256,Villa,2,1,1018,22,7,2,2,Unfurnished,7706000.0,22100.0
3659,453,Apartment,3,2,1455,13,8,1,1,Semi-Furnished,11188000.0,32300.0
3660,112,Row House,3,2,1360,7,29,1,1,Semi-Furnished,12848000.0,25000.0
3661,92,Apartment,4,4,1582,8,9,2,1,Semi-Furnished,19794000.0,60200.0
3662,183,Apartment,1,1,1162,2,28,3,2,Unfurnished,11310000.0,27700.0
3663,244,Apartment,1,1,812,19,8,0,0,Unfurnished,7846000.0,24800.0
3664,15,Apartment,3,3,1327,19,10,3,2,Fully-Furnished,13103000.0,33700.0
3665,99,Studio,1,1,512,3,30,3,1,Semi-Furnished,5913000.0,13000.0
3666,219,Villa,2,2,909,5,19,2,2,Unfurnished,10109000.0,22300.0
3667,246,Penthouse,3,2,1755,26,22,2,1,Unfurnished,14194000.0,45800.0
3668,324,Row House,2,1,1212,29,8,5,1,Semi-Furnished,15494000.0,45200.0
3669,250,Apartment,2,1,1082,21,19,4,1,Semi-Furnished,12942000.0,22600.0
3670,462,Villa,2,2,1132,14,25,5,1,Fully-Furnished,10177000.0,28700.0
3671,30,Apartment,2,1,1039,29,28,1,2,Semi-Furnished,10222000.0,31600.0
3672,397,Studio,2,2,1212,2,11,1,1,Unfurnished,14831000.0,45800.0
3673,310,Row House,3,3,1498,7,32,1,1,Fully-Furnished,13476000.0,33700.0
3674,69,Apartment,2,1,1291,19,15,4,2,Semi-Furnished,11422000.0,33200.0
3675,354,Row House,3,3,1307,22,6,0,2,Semi-Furnished,12712000.0,36100.0
3676,138,Row House,5,5,1908,18,33,3,2,Unfurnished,21735000.0,61800.0
3677,167,Apartment,3,3,1252,17,34,1,1,Semi-Furnished,13328000.0,39400.0
3678,124,Studio,2,2,810,25,5,1,2,Semi-Furnished,6351000.0,15000.0
3679,429,Apartment,2,1,1072,17,19,5,2,Fully-Furnished,11298000.0,27000.0
3680,377,Villa,5,4,1807,15,26,1,1,Unfurnished,16831000.0,46000.0
3681,125,Apartment,3,2,1173,20,5,3,1,Semi-Furnished,12745000.0,30300.0
3682,94,Studio,2,2,1208,15,31,3,2,Semi-Furnished,15969000.0,42600.0
3683,452,Apartment,3,2,1508,16,7,2,2,Semi-Furnished,13393000.0,41300.0
3684,63,Apartment,2,1,1072,6,24,1,2,Semi-Furnished,17081000.0,70300.0
3685,438,Apartment,2,1,1220,29,11,3,1,Unfurnished,9992000.0,20400.0
3686,255,Apartment,2,2,868,27,28,3,2,Unfurnished,12726000.0,33400.0
3687,469,Penthouse,3,2,1438,25,27,0,2,Semi-Furnished,15032000.0,40100.0
3688,69,Apartment,3,3,1531,28,5,4,1,Unfurnished,15606000.0,48400.0
3689,333,Apartment,5,4,1780,13,16,1,1,Unfurnished,21432000.0,66200.0
3690,199,Studio,4,3,1256,16,25,1,1,Unfurnished,11414000.0,36700.0
3691,298,Apartment,2,2,921,3,19,3,2,Unfurnished,8432000.0,26200.0
3692,443,Villa,1,1,759,26,13,1,1,Fully-Furnished,9025000.0,26100.0
3693,121,Penthouse,4,3,1290,4,22,1,1,Unfurnished,14766000.0,47700.0
3694,233,Apartment,4,3,1189,24,31,3,0,Unfurnished,13494000.0,41200.0
3695,217,Penthouse,2,2,1137,7,4,4,1,Fully-Furnished,13695000.0,28300.0
3696,215,Penthouse,2,1,913,27,25,4,1,Fully-Furnished,8613000.0,22400.0
3697,23,Row House,4,3,1711,8,27,3,1,Unfurnished,21808000.0,72100.0
3698,265,Apartment,1,1,403,17,26,1,1,Semi-Furnished,3561000.0,11100.0
3699,262,Apartment,2,1,983,5,16,0,2,Unfurnished,11506000.0,30400.0
3700,469,Studio,4,3,1568,7,21,0,1,Unfurnished,15058000.0,45900.0
3701,366,Apartment,1,1,840,28,7,1,2,Semi-Furnished,6884000.0,17100.0
3702,399,Apartment,2,2,835,7,17,5,2,Fully-Furnished,7635000.0,18100.0
3703,391,Apartment,4,3,1395,11,14,2,2,Fully-Furnished,13624000.0,36800.0
3704,407,Apartment,3,3,1320,5,27,1,1,Fully-Furnished,16217000.0,48500.0
3705,310,Villa,2,1,799,15,16,1,1,Unfurnished,8271000.0,25400.0
3706,104,Apartment,2,2,835,6,28,1,2,Unfurnished,12076000.0,30400.0
3707,92,Apartment,1,1,955,0,33,2,2,Unfurnished,9079000.0,20900.0
3708,121,Studio,4,3,1368,15,6,1,1,Unfurnished,13469000.0,27900.0
3709,487,Apartment,3,2,1370,5,7,3,0,Unfurnished,14221000.0,34200.0
3710,170,Penthouse,4,3,1360,1,18,0,1,Semi-Furnished,15849000.0,63100.0
3711,98,Apartment,4,4,1475,6,13,2,0,Unfurnished,14620000.0,29000.0
3712,447,Villa,2,2,1185,3,22,4,2,Semi-Furnished,10052000.0,28100.0
3713,60,Row House,3,2,895,13,10,1,1,Fully-Furnished,9398000.0,26800.0
3714,471,Apartment,1,1,675,10,23,4,2,Unfurnished,4656000.0,12700.0
3715,346,Apartment,1,1,725,0,27,2,0,Unfurnished,7756000.0,25100.0
3716,211,Apartment,3,3,1223,7,26,4,1,Semi-Furnished,9657000.0,15800.0
3717,319,Apartment,5,4,2080,23,25,2,1,Semi-Furnished,18120000.0,49500.0
3718,399,Apartment,2,1,1158,24,34,5,1,Unfurnished,14572000.0,37500.0
3719,328,Penthouse,2,1,861,3,28,4,2,Fully-Furnished,6846000.0,22600.0
3720,146,Apartment,4,4,1294,1,31,0,2,Fully-Furnished,14131000.0,37700.0
3721,43,Apartment,2,1,1120,29,31,1,2,Semi-Furnished,15303000.0,38100.0
3722,338,Apartment,1,1,720,28,25,1,1,Semi-Furnished,7831000.0,20700.0
3723,270,Apartment,2,2,915,24,33,3,1,Unfurnished,11788000.0,30700.0
3724,172,Apartment,2,1,1099,22,15,2,1,Unfurnished,9682000.0,30000.0
3725,139,Apartment,2,1,577,24,5,4,2,Unfurnished,6856000.0,17800.0
3726,89,Villa,2,2,1023,24,23,4,1,Semi-Furnished,7089000.0,17700.0
3727,385,Studio,3,2,1232,19,31,1,1,Semi-Furnished,37810000.0,39000.0
3728,46,Apartment,4,3,1355,18,31,5,1,Semi-Furnished,13786000.0,39200.0
3729,373,Villa,2,2,934,22,12,1,2,Fully-Furnished,11037000.0,23600.0
3730,310,Apartment,1,1,601,0,11,1,2,Unfurnished,5403000.0,15800.0
3731,173,Studio,4,3,1666,2,26,3,2,Unfurnished,13779000.0,21600.0
3732,131,Apartment,2,1,1114,18,24,3,1,Unfurnished,6854000.0,15500.0
3733,153,Apartment,3,3,937,4,18,3,0,Fully-Furnished,12283000.0,49100.0
3734,192,Row House,5,4,1825,9,9,1,0,Unfurnished,18137000.0,31900.0
3735,154,Apartment,3,2,1060,10,16,1,1,Fully-Furnished,14172000.0,43200.0
3736,342,Apartment,5,5,2177,26,8,4,1,Semi-Furnished,27067000.0,70100.0
3737,383,Studio,3,2,1237,18,21,1,2,Fully-Furnished,15439000.0,36200.0
3738,215,Villa,2,1,899,9,32,4,0,Semi-Furnished,8483000.0,20900.0
3739,292,Apartment,2,2,1071,11,8,5,1,Unfurnished,11739000.0,34200.0
3740,83,Apartment,3,3,1195,0,13,2,0,Semi-Furnished,12085000.0,27100.0
3741,74,Studio,4,4,1696,14,32,4,2,Fully-Furnished,15653000.0,43800.0
3742,19,Apartment,2,1,983,15,33,4,1,Unfurnished,10403000.0,41500.0
3743,429,Apartment,1,1,795,16,25,5,0,Unfurnished,8973000.0,27600.0
3744,471,Penthouse,2,1,1102,0,9,4,1,Fully-Furnished,6863000.0,26500.0
3745,295,Apartment,3,3,919,11,34,5,2,Fully-Furnished,9758000.0,26400.0
3746,309,Apartment,1,1,562,25,16,4,1,Unfurnished,5433000.0,12500.0
3747,365,Studio,1,1,490,10,26,1,1,Unfurnished,4785000.0,14300.0
3748,295,Row House,3,3,1420,16,6,5,0,Unfurnished,17202000.0,39700.0
3749,39,Apartment,5,5,1843,2,32,2,1,Unfurnished,22883000.0,55800.0
3750,317,Penthouse,2,1,1305,11,14,1,2,Unfurnished,9714000.0,36300.0
3751,99,Apartment,2,2,1187,0,33,3,2,Semi-Furnished,11181000.0,41200.0
3752,424,Apartment,2,2,876,2,6,4,2,Semi-Furnished,7862000.0,23300.0
3753,289,Apartment,5,4,1730,7,7,4,1,Semi-Furnished,21005000.0,56200.0
3754,20,Row House,4,3,1596,6,7,4,2,Unfurnished,16238000.0,41900.0
3755,321,Apartment,2,2,1238,18,29,3,1,Semi-Furnished,13910000.0,43600.0
3756,264,Apartment,3,2,1584,4,10,5,1,Semi-Furnished,18026000.0,42400.0
3757,200,Apartment,2,1,1328,20,5,4,1,Semi-Furnished,12173000.0,36500.0
3758,147,Apartment,1,1,772,15,34,5,1,Unfurnished,5741000.0,20200.0
3759,102,Studio,4,3,1696,27,10,5,2,Fully-Furnished,16184000.0,32400.0
3760,86,Villa,2,2,1031,20,31,2,1,Semi-Furnished,10348000.0,31400.0
3761,360,Studio,2,2,1296,23,23,2,1,Fully-Furnished,14087000.0,46600.0
3762,9,Studio,5,4,2190,17,18,5,2,Semi-Furnished,22750000.0,
3763,195,Row House,2,2,918,23,28,2,0,Unfurnished,9881000.0,26300.0
3764,20,Apartment,2,1,1253,2,26,4,2,Semi-Furnished,17535000.0,48700.0
3765,460,Villa,2,2,1460,18,21,0,2,Unfurnished,13597000.0,27700.0
3766,127,Row House,3,3,1498,3,24,2,2,Semi-Furnished,13215000.0,51500.0
3767,111,Apartment,5,5,2099,16,17,1,1,Semi-Furnished,19056000.0,73600.0
3768,100,Apartment,2,1,1326,21,22,2,0,Fully-Furnished,10645000.0,31000.0
3769,201,Penthouse,3,2,1459,20,6,2,1,Fully-Furnished,18971000.0,52200.0
3770,391,Apartment,4,4,1376,9,6,2,2,Semi-Furnished,13784000.0,41500.0
3771,249,Apartment,1,1,250,0,6,3,1,Unfurnished,2356000.0,7100.0
3772,434,Apartment,2,1,1547,0,34,5,1,Semi-Furnished,16697000.0,48400.0
3773,356,Apartment,3,2,1049,9,19,2,1,Semi-Furnished,11809000.0,29400.0
3774,52,Apartment,4,3,1672,6,23,3,1,Semi-Furnished,20590000.0,55900.0
3775,92,Villa,4,4,1802,8,16,2,1,Fully-Furnished,16381000.0,55300.0
3776,89,Studio,1,1,811,17,6,4,1,Semi-Furnished,7729000.0,27400.0
3777,466,Penthouse,4,3,1370,27,5,2,1,Unfurnished,14651000.0,34000.0
3778,275,Row House,1,1,630,14,14,4,2,Unfurnished,5808000.0,12100.0
3779,223,Penthouse,1,1,703,1,33,5,0,Unfurnished,7258000.0,19600.0
3780,382,Apartment,3,3,1300,13,28,1,1,Fully-Furnished,11934000.0,29300.0
3781,167,Studio,2,1,991,11,12,1,0,Unfurnished,11028000.0,37400.0
3782,482,Apartment,1,1,517,6,16,2,1,Semi-Furnished,6137000.0,18400.0
3783,303,Apartment,2,1,900,2,8,3,2,Fully-Furnished,10226000.0,32800.0
3784,225,Apartment,2,1,807,3,19,2,2,Fully-Furnished,8973000.0,18000.0
3785,442,Apartment,3,2,1500,12,18,5,1,Unfurnished,12609000.0,28200.0
3786,302,Penthouse,2,2,657,16,25,3,2,Unfurnished,7076000.0,21900.0
3787,279,Apartment,2,1,1148,10,25,4,2,Semi-Furnished,12400000.0,22400.0
3788,115,Apartment,3,2,1331,4,29,0,2,Fully-Furnished,17869000.0,41300.0
3789,100,Apartment,2,2,1058,7,26,2,2,Fully-Furnished,7121000.0,15100.0
3790,499,Apartment,3,2,1507,22,26,5,2,Fully-Furnished,15394000.0,38100.0
3791,132,Studio,1,1,703,23,7,2,2,Unfurnished,5957000.0,16100.0
3792,225,Apartment,5,4,1607,19,34,2,1,Semi-Furnished,18114000.0,55900.0
3793,160,Apartment,3,3,1036,12,24,1,1,Unfurnished,12519000.0,32800.0
3794,357,Row House,3,2,1040,8,14,1,1,Fully-Furnished,12030000.0,33300.0
3795,471,Apartment,3,2,1099,0,18,4,2,Fully-Furnished,7598000.0,18800.0
3796,49,Studio,2,2,982,10,14,5,1,Fully-Furnished,12242000.0,37500.0
3797,261,Penthouse,2,1,883,18,23,2,1,Semi-Furnished,9784000.0,22300.0
3798,287,Apartment,2,2,1021,4,12,3,2,Fully-Furnished,10484000.0,33400.0
3799,216,Apartment,4,4,1499,7,26,0,1,Unfurnished,13656000.0,39500.0
3800,11,Apartment,2,2,734,12,10,5,1,Semi-Furnished,8010000.0,25300.0
3801,168,Studio,1,1,767,4,11,2,1,Unfurnished,21832500.0,20300.0
3802,497,Apartment,2,1,881,2,19,4,2,Unfurnished,9690000.0,22800.0
3803,239,Apartment,3,3,1245,1,15,1,1,Fully-Furnished,9170000.0,25200.0
3804,164,Apartment,1,1,722,3,30,5,2,Semi-Furnished,8747000.0,21400.0
3805,427,Apartment,3,3,1473,27,14,0,0,Semi-Furnished,16304000.0,42000.0
3806,211,Penthouse,2,1,770,12,23,4,1,Unfurnished,6455000.0,19500.0
3807,208,Penthouse,3,3,1460,16,14,3,2,Semi-Furnished,19905000.0,
3808,414,Apartment,1,1,821,6,28,5,0,Semi-Furnished,8557000.0,17400.0
3809,481,Apartment,4,3,1875,14,29,5,1,Semi-Furnished,12584000.0,44700.0
3810,409,Studio,4,4,1443,6,31,5,0,Semi-Furnished,17540000.0,39100.0
3811,98,Villa,2,2,1102,12,33,2,1,Semi-Furnished,12681000.0,31900.0
3812,405,Studio,4,4,1349,15,11,3,1,Unfurnished,16673000.0,44900.0
3813,18,Apartment,1,1,695,25,15,2,1,Semi-Furnished,8304000.0,22700.0
3814,226,Apartment,1,1,682,22,5,2,0,Semi-Furnished,7578000.0,
3815,474,Apartment,1,1,1075,19,8,5,2,Semi-Furnished,12742000.0,33800.0
3816,74,Row House,4,3,1854,17,17,4,2,Semi-Furnished,15604000.0,45600.0
3817,51,Row House,4,3,1773,4,28,2,1,Unfurnished,16563000.0,51600.0
3818,97,Apartment,2,2,1272,21,29,3,1,Fully-Furnished,14733000.0,37500.0
3819,407,Penthouse,1,1,608,3,9,1,2,Unfurnished,7644000.0,14500.0
3820,326,Apartment,3,2,1391,10,6,3,1,Unfurnished,13810000.0,38900.0
3821,316,Studio,3,2,1462,13,26,2,0,Unfurnished,13794000.0,40800.0
3822,461,Row House,3,3,1075,26,29,5,1,Fully-Furnished,11961000.0,26500.0
3823,358,Apartment,2,2,1422,9,4,0,1,Unfurnished,13068000.0,40200.0
3824,75,Apartment,3,2,1488,14,6,5,1,Unfurnished,19561000.0,61700.0
3825,140,Studio,4,4,1658,21,16,1,2,Fully-Furnished,16870000.0,57300.0
3826,99,Apartment,2,1,786,8,33,3,1,Semi-Furnished,7727000.0,21700.0
3827,141,Penthouse,3,3,1384,29,26,3,2,Unfurnished,16585000.0,32900.0
3828,116,Apartment,2,2,865,3,5,3,2,Unfurnished,9129000.0,27000.0
3829,443,Apartment,4,4,1760,4,9,1,1,Unfurnished,19110000.0,51300.0
3830,38,Penthouse,3,2,1638,12,13,2,0,Unfurnished,18747000.0,51000.0
3831,354,Apartment,2,2,1095,20,33,0,2,Unfurnished,11887000.0,35100.0
3832,500,Apartment,1,1,782,5,19,0,0,Fully-Furnished,9894000.0,27900.0
3833,438,Penthouse,3,3,1568,16,14,3,0,Unfurnished,15268000.0,37900.0
3834,79,Apartment,2,1,1096,13,15,3,2,Unfurnished,8450000.0,25400.0
3835,217,Apartment,3,2,1496,18,30,4,1,Unfurnished,13988000.0,38600.0
3836,292,Apartment,2,2,936,15,10,5,2,Semi-Furnished,11835000.0,29500.0
3837,497,Apartment,3,2,955,8,12,4,1,Semi-Furnished,8823000.0,22400.0
3838,82,Apartment,4,4,1500,19,30,5,1,Fully-Furnished,19768000.0,57400.0
3839,411,Apartment,4,4,1390,1,15,0,2,Semi-Furnished,10605000.0,31900.0
3840,485,Apartment,2,1,871,16,22,4,2,Unfurnished,7983000.0,26200.0
3841,215,Apartment,3,2,964,4,14,4,1,Unfurnished,8314000.0,18500.0
3842,428,Apartment,3,2,1505,24,9,4,1,Semi-Furnished,20068000.0,54600.0
3843,459,Villa,2,1,1091,6,19,2,0,Unfurnished,13553000.0,24000.0
3844,104,Apartment,3,3,1164,20,34,1,1,Fully-Furnished,14233000.0,40600.0
3845,103,Apartment,5,4,1892,5,26,2,2,Semi-Furnished,12984000.0,44200.0
3846,230,Villa,1,1,711,26,8,4,1,Unfurnished,7722000.0,20500.0
3847,61,Apartment,3,3,1139,22,5,5,0,Semi-Furnished,12566000.0,37000.0
3848,217,Apartment,2,2,1000,20,20,4,1,Unfurnished,11909000.0,30500.0
3849,26,Studio,1,1,250,29,8,3,1,Unfurnished,2658000.0,8000.0
3850,333,Apartment,3,2,1154,2,7,1,1,Semi-Furnished,10131000.0,28100.0
3851,55,Apartment,5,5,1607,25,6,2,1,Semi-Furnished,19049000.0,58400.0
3852,194,Apartment,3,3,1463,12,11,4,1,Semi-Furnished,15507000.0,66100.0
3853,481,Apartment,4,4,1657,8,9,5,1,Fully-Furnished,14486000.0,45400.0
3854,127,Apartment,2,1,861,28,10,2,2,Unfurnished,8352000.0,17900.0
3855,195,Studio,2,1,818,17,16,2,1,Semi-Furnished,8744000.0,26600.0
3856,93,Villa,3,3,1328,25,23,2,1,Unfurnished,19928000.0,44700.0
3857,363,Studio,3,3,1587,21,7,4,1,Semi-Furnished,17192000.0,59300.0
3858,243,Apartment,2,2,739,29,6,2,0,Unfurnished,7666000.0,22800.0
3859,246,Villa,2,2,1060,13,15,2,2,Fully-Furnished,9426000.0,25800.0
3860,64,Apartment,4,4,1527,8,6,4,1,Semi-Furnished,11975000.0,32000.0
3861,320,Studio,4,4,1459,16,18,3,1,Semi-Furnished,14921000.0,48500.0
3862,414,Apartment,1,1,483,16,5,5,2,Unfurnished,5395000.0,9100.0
3863,458,Villa,1,1,1104,23,8,4,0,Semi-Furnished,13747000.0,43000.0
3864,115,Apartment,3,3,1466,25,20,0,2,Unfurnished,18479000.0,64400.0
3865,119,Apartment,2,2,975,3,9,2,0,Unfurnished,10173000.0,27500.0
3866,99,Studio,2,2,1410,14,17,3,2,Unfurnished,13189000.0,44300.0
3867,282,Apartment,2,2,911,13,18,4,0,Fully-Furnished,10131000.0,33700.0
3868,198,Apartment,3,2,1081,1,33,3,2,Semi-Furnished,10352000.0,19500.0
3869,244,Apartment,3,3,1351,8,22,0,2,Unfurnished,14896000.0,37700.0
3870,289,Studio,1,1,757,19,30,4,1,Unfurnished,10806000.0,35500.0
3871,359,Apartment,3,3,1129,1,23,5,1,Unfurnished,14348000.0,29500.0
3872,411,Apartment,2,2,957,28,12,0,0,Semi-Furnished,8621000.0,21300.0
3873,381,Row House,3,3,1250,1,8,0,0,Unfurnished,14100000.0,38100.0
3874,232,Studio,2,1,1053,11,11,5,1,Semi-Furnished,8676000.0,29100.0
3875,2,Apartment,3,2,1313,7,24,3,2,Unfurnished,13459000.0,37300.0
3876,469,Apartment,1,1,1076,22,7,0,1,Unfurnished,8280000.0,16800.0
3877,435,Studio,3,2,1153,5,34,3,2,Unfurnished,14287000.0,30000.0
3878,170,Penthouse,2,1,600,13,20,0,1,Semi-Furnished,6082000.0,23500.0
3879,219,Apartment,4,4,1567,3,13,2,2,Semi-Furnished,17345000.0,63600.0
3880,23,Apartment,3,2,1331,19,5,3,0,Semi-Furnished,12873000.0,31600.0
3881,215,Villa,3,3,1690,22,6,4,2,Semi-Furnished,16869000.0,58000.0
3882,40,Apartment,2,2,1044,4,29,3,1,Unfurnished,10492000.0,25600.0
3883,224,Row House,2,1,957,11,25,0,2,Unfurnished,9622000.0,25800.0
3884,455,Row House,2,1,1208,17,13,3,0,Fully-Furnished,12681000.0,37000.0
3885,378,Apartment,1,1,729,26,9,3,2,Fully-Furnished,7530000.0,21000.0
3886,180,Studio,1,1,475,22,4,3,1,Unfurnished,5292000.0,11700.0
3887,482,Row House,3,3,1141,11,27,2,1,Fully-Furnished,13145000.0,28300.0
3888,332,Penthouse,1,1,631,14,24,2,2,Semi-Furnished,6669000.0,19800.0
3889,312,Villa,3,3,966,8,9,3,1,Semi-Furnished,7463000.0,22600.0
3890,57,Apartment,3,2,1038,14,9,0,1,Unfurnished,13567000.0,38900.0
3891,226,Studio,3,2,1232,8,7,2,0,Semi-Furnished,13936000.0,44300.0
3892,28,Row House,3,3,1236,29,28,1,1,Unfurnished,11842000.0,40500.0
3893,479,Apartment,2,1,1035,5,9,2,1,Fully-Furnished,9599000.0,23000.0
3894,9,Penthouse,1,1,756,16,23,5,1,Semi-Furnished,7479000.0,13900.0
3895,457,Row House,4,3,1711,29,24,3,2,Unfurnished,20254000.0,44100.0
3896,130,Studio,2,2,1054,22,32,5,2,Semi-Furnished,9808000.0,25900.0
3897,452,Row House,4,4,1538,11,26,2,1,Semi-Furnished,17450000.0,43900.0
3898,451,Penthouse,2,1,768,22,19,4,0,Unfurnished,7327000.0,21300.0
3899,423,Row House,4,3,1412,26,10,2,1,Unfurnished,12796000.0,41300.0
3900,100,Row House,3,2,1097,11,20,2,0,Unfurnished,10010000.0,31300.0
3901,268,Apartment,4,4,1342,26,34,0,2,Unfurnished,16227000.0,33400.0
3902,88,Studio,2,2,1088,19,5,3,1,Fully-Furnished,13312000.0,32800.0
3903,461,Penthouse,2,2,1330,2,31,5,1,Fully-Furnished,16231000.0,50100.0
3904,374,Apartment,2,1,789,18,4,1,1,Semi-Furnished,8003000.0,20600.0
3905,93,Apartment,2,1,957,12,7,2,1,Fully-Furnished,13276000.0,39200.0
3906,104,Apartment,5,4,1820,24,11,1,1,Semi-Furnished,25478000.0,73000.0
3907,83,Apartment,3,3,1283,3,14,2,2,Semi-Furnished,12552000.0,50700.0
3908,283,Villa,2,1,1296,15,16,0,1,Semi-Furnished,15278000.0,39600.0
3909,473,Apartment,2,2,698,22,14,4,0,Semi-Furnished,5302000.0,14300.0
3910,473,Villa,1,1,671,24,15,4,0,Unfurnished,4431000.0,12400.0
3911,79,Apartment,1,1,573,16,25,3,2,Fully-Furnished,5584000.0,16600.0
3912,200,Row House,3,2,1603,22,34,4,0,Fully-Furnished,18370000.0,51600.0
3913,155,Apartment,1,1,524,0,34,4,1,Unfurnished,5823000.0,13200.0
3914,83,Studio,2,1,788,4,19,2,2,Unfurnished,7394000.0,25000.0
3915,301,Apartment,4,3,1647,3,30,0,1,Semi-Furnished,19642000.0,69900.0
3916,431,Villa,1,1,783,22,22,1,1,Unfurnished,7457000.0,
3917,361,Apartment,4,4,1524,21,24,0,1,Semi-Furnished,14982000.0,54000.0
3918,439,Apartment,1,1,783,13,24,0,1,Semi-Furnished,8386000.0,25900.0
3919,220,Row House,4,4,1607,14,11,1,2,Fully-Furnished,14997000.0,52600.0
3920,482,Apartment,3,3,1292,18,18,2,1,Fully-Furnished,14408000.0,50500.0
3921,56,Apartment,2,1,1094,23,17,4,1,Fully-Furnished,9466000.0,22800.0
3922,173,Apartment,2,2,1033,19,17,3,1,Semi-Furnished,10190000.0,35400.0
3923,472,Apartment,3,2,1648,6,20,4,1,Unfurnished,21215000.0,55400.0
3924,145,Apartment,1,1,584,0,24,2,0,Unfurnished,6428000.0,17500.0
3925,349,Apartment,2,2,970,12,12,4,1,Unfurnished,10075000.0,34100.0
3926,454,Apartment,4,4,1478,13,34,1,2,Semi-Furnished,11942000.0,27600.0
3927,477,Apartment,2,2,802,12,27,2,1,Unfurnished,8557000.0,19600.0
3928,318,Apartment,2,2,1243,11,8,5,0,Fully-Furnished,9703000.0,27200.0
3929,449,Row House,3,2,1222,25,5,2,2,Unfurnished,12892000.0,43600.0
3930,124,Apartment,3,3,890,25,9,1,2,Semi-Furnished,6016000.0,
3931,384,Villa,2,1,1282,10,18,0,1,Semi-Furnished,17133000.0,40300.0
3932,256,Apartment,2,1,1235,24,24,2,1,Fully-Furnished,12597000.0,36300.0
3933,116,Apartment,2,1,977,19,14,3,2,Semi-Furnished,9251000.0,
3934,51,Apartment,5,5,1696,19,25,2,1,Unfurnished,18001000.0,58600.0
3935,329,Villa,2,1,1030,1,14,2,1,Fully-Furnished,11824000.0,28400.0
3936,319,Apartment,4,4,1462,11,33,2,1,Fully-Furnished,17606000.0,54600.0
3937,415,Villa,2,2,1035,12,13,4,0,Fully-Furnished,7852000.0,19500.0
3938,289,Row House,4,3,1767,4,16,4,1,Unfurnished,16084000.0,39000.0
3939,237,Row House,3,2,1290,13,7,5,2,Unfurnished,17254000.0,53500.0
3940,250,Apartment,2,1,787,9,30,4,0,Semi-Furnished,9890000.0,29300.0
3941,448,Apartment,2,1,796,29,34,5,1,Unfurnished,6837000.0,14400.0
3942,2,Apartment,2,1,1247,9,33,3,1,Fully-Furnished,11887000.0,38800.0
3943,217,Apartment,4,3,1425,24,23,4,1,Fully-Furnished,13858000.0,46400.0
3944,236,Apartment,3,2,1498,29,5,5,1,Unfurnished,13795000.0,35500.0
3945,362,Villa,2,2,845,14,32,5,2,Fully-Furnished,8417000.0,23000.0
3946,374,Apartment,3,2,1586,0,23,1,1,Semi-Furnished,15944000.0,27300.0
3947,384,Apartment,1,1,765,22,9,0,1,Unfurnished,8403000.0,17700.0
3948,134,Apartment,2,1,819,23,19,3,2,Semi-Furnished,8243000.0,17700.0
3949,313,Apartment,3,2,1040,20,18,4,0,Semi-Furnished,11954000.0,34900.0
3950,374,Apartment,3,3,1351,14,30,1,1,Semi-Furnished,12767000.0,27200.0
3951,455,Penthouse,4,3,1331,23,12,3,2,Fully-Furnished,13449000.0,33100.0
3952,191,Apartment,2,2,976,1,21,4,0,Semi-Furnished,12976000.0,38500.0
3953,295,Studio,3,2,1265,8,28,5,2,Unfurnished,12402000.0,34900.0
3954,490,Apartment,1,1,878,19,9,5,2,Semi-Furnished,8785000.0,30600.0
3955,389,Penthouse,3,3,1382,29,30,5,1,Unfurnished,13498000.0,30600.0
3956,117,Apartment,3,3,1530,23,8,2,1,Unfurnished,18640000.0,55200.0
3957,54,Villa,2,2,1039,12,25,1,1,Unfurnished,13204000.0,30600.0
3958,407,Apartment,3,3,1150,9,29,1,2,Fully-Furnished,13336000.0,29900.0
3959,327,Apartment,3,3,1394,25,18,5,2,Semi-Furnished,14651000.0,38000.0
3960,214,Apartment,5,5,1769,10,21,4,2,Semi-Furnished,15882000.0,40700.0
3961,328,Apartment,3,2,1339,24,22,4,2,Semi-Furnished,12049000.0,32600.0
3962,394,Apartment,1,1,809,14,20,3,1,Semi-Furnished,10029000.0,29300.0
3963,181,Apartment,2,1,957,13,13,5,1,Unfurnished,8459000.0,24100.0
3964,296,Penthouse,4,4,1320,14,20,3,2,Fully-Furnished,16138000.0,47800.0
3965,436,Row House,4,4,919,13,8,3,0,Semi-Furnished,9209000.0,31900.0
3966,498,Villa,4,4,1520,17,11,3,0,Unfurnished,15362000.0,57500.0
3967,385,Apartment,4,3,1589,22,10,1,1,Unfurnished,17159000.0,38400.0
3968,148,Apartment,3,2,1049,25,9,2,0,Unfurnished,12598000.0,31300.0
3969,94,Apartment,2,1,940,22,11,3,1,Semi-Furnished,10016000.0,28200.0
3970,298,Apartment,5,4,1806,16,32,3,1,Fully-Furnished,17176000.0,44900.0
3971,189,Apartment,3,2,1471,7,8,1,2,Semi-Furnished,21955000.0,68500.0
3972,282,Studio,3,2,1359,11,5,4,1,Unfurnished,15996000.0,35500.0
3973,52,Row House,1,1,707,26,31,3,1,Semi-Furnished,9248000.0,27000.0
3974,426,Villa,3,2,1277,11,22,4,1,Semi-Furnished,12239000.0,32300.0
3975,144,Penthouse,2,1,905,20,15,3,1,Unfurnished,9219000.0,20000.0
3976,327,Apartment,3,2,1191,17,15,5,1,Semi-Furnished,13569000.0,34700.0
3977,297,Apartment,4,3,1707,17,15,2,2,Unfurnished,15520000.0,42200.0
3978,7,Apartment,1,1,1146,18,19,2,2,Semi-Furnished,11469000.0,33500.0
3979,361,Apartment,1,1,500,28,34,0,1,Semi-Furnished,5587000.0,12200.0
3980,489,Row House,1,1,727,5,10,1,1,Semi-Furnished,6431000.0,14700.0
3981,261,Studio,4,3,1226,6,13,2,1,Unfurnished,15810000.0,44400.0
3982,461,Apartment,3,2,1088,29,14,5,1,Unfurnished,14167000.0,26900.0
3983,441,Penthouse,2,2,1172,29,25,4,0,Semi-Furnished,11509000.0,32000.0
3984,334,Apartment,2,1,686,18,6,2,2,Fully-Furnished,5703000.0,17700.0
3985,173,Penthouse,2,1,923,14,4,3,2,Unfurnished,10409000.0,27300.0
3986,349,Studio,2,1,1215,29,28,4,1,Semi-Furnished,11283000.0,35500.0
3987,311,Row House,2,2,1252,3,5,1,1,Semi-Furnished,13605000.0,34200.0
3988,477,Villa,4,4,1992,27,4,2,1,Semi-Furnished,20812000.0,51800.0
3989,307,Apartment,3,2,1514,21,17,4,2,Unfurnished,19829000.0,39000.0
3990,388,Apartment,3,3,1132,28,31,5,1,Fully-Furnished,12285000.0,26300.0
3991,413,Apartment,2,1,1089,14,13,3,1,Fully-Furnished,11983000.0,42700.0
3992,300,Apartment,4,3,1659,1,4,3,1,Unfurnished,16369000.0,57300.0
3993,41,Row House,2,1,954,26,18,1,1,Fully-Furnished,9008000.0,23200.0
3994,445,Apartment,3,3,887,29,18,2,0,Fully-Furnished,11507000.0,36000.0
3995,496,Apartment,5,5,1974,13,32,4,2,Semi-Furnished,18037000.0,53200.0
3996,64,Apartment,2,1,1101,6,29,4,2,Semi-Furnished,10443000.0,29700.0
3997,3,Apartment,4,4,1824,3,8,4,1,Unfurnished,18193000.0,28800.0
3998,481,Row House,3,2,1275,7,17,5,0,Semi-Furnished,11875000.0,25900.0
3999,112,Apartment,3,3,1157,5,27,1,1,Unfurnished,11762000.0,39800.0
4000,417,Penthouse,3,2,1214,1,32,5,1,Fully-Furnished,14257000.0,39200.0
4001,378,Villa,3,3,1524,5,24,3,1,Fully-Furnished,16931000.0,52300.0
4002,80,Studio,2,1,905,7,29,5,0,Semi-Furnished,8793000.0,27400.0
4003,418,Apartment,2,2,1149,3,5,2,2,Unfurnished,14572000.0,18700.0
4004,357,Apartment,2,2,837,3,22,1,1,Semi-Furnished,10136000.0,27800.0
4005,442,Apartment,3,2,1328,29,34,5,1,Semi-Furnished,12780000.0,28800.0
4006,472,Apartment,5,4,1635,6,27,4,1,Semi-Furnished,21388000.0,47200.0
4007,268,Villa,2,2,999,27,8,0,0,Fully-Furnished,12213000.0,30600.0
4008,374,Penthouse,1,1,487,16,21,1,2,Unfurnished,3983000.0,11900.0
4009,165,Apartment,4,3,1765,25,31,2,1,Unfurnished,15319000.0,41400.0
4010,412,Penthouse,4,3,1484,8,15,5,1,Semi-Furnished,13881000.0,37700.0
4011,125,Apartment,1,1,685,8,7,3,1,Unfurnished,8224000.0,20000.0
4012,78,Apartment,3,2,1384,28,16,4,0,Unfurnished,12990000.0,19200.0
4013,118,Apartment,3,3,1208,23,8,0,1,Semi-Furnished,11482000.0,39000.0
4014,149,Studio,5,5,1784,17,6,5,2,Unfurnished,19428000.0,28000.0
4015,470,Apartment,2,1,1148,27,34,4,0,Unfurnished,14873000.0,37500.0
4016,489,Studio,3,3,1189,9,32,1,2,Unfurnished,12009000.0,40500.0
4017,429,Apartment,2,1,1136,0,8,5,0,Semi-Furnished,11265000.0,28400.0
4018,326,Studio,1,1,531,0,32,3,2,Fully-Furnished,5464000.0,11600.0
4019,390,Penthouse,3,3,1280,1,32,5,2,Semi-Furnished,16177000.0,32900.0
4020,430,Row House,2,2,716,3,26,5,1,Fully-Furnished,8579000.0,
4021,226,Apartment,2,1,974,7,20,2,2,Unfurnished,11373000.0,37800.0
4022,227,Apartment,2,1,1050,22,12,5,1,Unfurnished,9956000.0,26600.0
4023,82,Villa,3,2,933,7,32,5,0,Unfurnished,11239000.0,32300.0
4024,147,Apartment,2,2,1084,1,7,5,2,Semi-Furnished,11166000.0,32200.0
4025,480,Apartment,1,1,994,20,18,0,1,Semi-Furnished,9935000.0,24700.0
4026,61,Row House,3,2,1409,18,10,5,1,Semi-Furnished,15105000.0,31900.0
4027,447,Apartment,2,2,1249,26,19,4,1,Semi-Furnished,11655000.0,42300.0
4028,63,Apartment,2,2,1035,17,14,1,2,Semi-Furnished,9327000.0,19700.0
4029,21,Studio,3,2,1379,26,16,4,2,Semi-Furnished,16473000.0,45900.0
4030,409,Studio,3,2,1069,0,34,5,1,Semi-Furnished,10952000.0,26300.0
4031,45,Studio,2,1,976,23,21,2,1,Fully-Furnished,12021000.0,39400.0
4032,246,Row House,2,1,1045,16,32,2,1,Semi-Furnished,9753000.0,20800.0
4033,292,Apartment,3,2,1665,6,14,5,2,Unfurnished,19491000.0,51800.0
4034,92,Apartment,2,2,1172,18,28,2,2,Unfurnished,10702000.0,23100.0
4035,379,Row House,2,2,1122,16,33,1,1,Unfurnished,12437000.0,33600.0
4036,26,Row House,2,1,998,0,26,3,1,Semi-Furnished,13438000.0,31600.0
4037,270,Studio,2,1,889,29,11,3,2,Semi-Furnished,9659000.0,28600.0
4038,148,Row House,1,1,413,10,18,2,2,Unfurnished,4584000.0,13600.0
4039,166,Apartment,3,3,1108,27,12,3,1,Semi-Furnished,13520000.0,39500.0
4040,500,Villa,1,1,739,25,28,0,2,Semi-Furnished,8014000.0,22800.0
4041,376,Row House,3,2,1034,9,20,4,2,Semi-Furnished,11449000.0,33600.0
4042,200,Apartment,3,3,1487,22,34,4,0,Unfurnished,17355000.0,34700.0
4043,66,Apartment,4,3,1595,18,29,1,1,Unfurnished,16798000.0,54400.0
4044,307,Apartment,2,2,949,13,29,4,2,Fully-Furnished,12359000.0,44800.0
4045,362,Apartment,1,1,747,15,11,5,0,Unfurnished,7159000.0,19100.0
4046,131,Studio,4,3,1705,18,6,3,2,Fully-Furnished,19136000.0,45100.0
4047,432,Apartment,4,3,1516,6,5,2,1,Fully-Furnished,16748000.0,39300.0
4048,184,Apartment,2,1,827,6,4,2,1,Unfurnished,11013000.0,32500.0
4049,140,Apartment,3,3,1025,7,34,1,2,Semi-Furnished,10829000.0,18900.0
4050,146,Apartment,3,3,1378,16,12,0,0,Semi-Furnished,14065000.0,50800.0
4051,65,Villa,2,2,725,19,22,3,1,Unfurnished,7050000.0,18600.0
4052,38,Studio,2,2,1020,1,6,2,2,Semi-Furnished,10946000.0,33600.0
4053,433,Studio,2,1,913,2,7,5,1,Unfurnished,11075000.0,31800.0
4054,38,Penthouse,2,2,1171,0,5,2,1,Fully-Furnished,12921000.0,38100.0
4055,219,Apartment,5,4,1925,26,21,2,1,Unfurnished,19439000.0,
4056,465,Apartment,2,1,1477,22,12,2,1,Fully-Furnished,13024000.0,32500.0
4057,273,Apartment,5,5,1776,2,22,2,1,Semi-Furnished,22148000.0,58700.0
4058,317,Apartment,1,1,700,15,11,1,2,Semi-Furnished,6026000.0,14100.0
4059,244,Apartment,5,5,1982,28,10,0,1,Fully-Furnished,25308000.0,100000.0
4060,498,Studio,1,1,773,2,13,3,1,Unfurnished,10249000.0,35900.0
4061,345,Penthouse,4,4,1267,20,28,5,1,Fully-Furnished,12644000.0,34900.0
4062,422,Studio,2,2,1103,3,18,5,1,Unfurnished,11566000.0,27400.0
4063,131,Apartment,3,2,1130,5,28,3,2,Unfurnished,11114000.0,37600.0
4064,66,Apartment,1,1,672,21,6,1,2,Unfurnished,7267000.0,18000.0
4065,459,Penthouse,1,1,462,6,9,2,0,Semi-Furnished,5136000.0,11200.0
4066,275,Row House,1,1,747,7,27,4,1,Unfurnished,6952000.0,16700.0
4067,267,Penthouse,4,4,1512,17,19,5,2,Unfurnished,16786000.0,45200.0
4068,420,Apartment,2,1,1090,0,4,4,1,Fully-Furnished,13427000.0,43500.0
4069,477,Apartment,1,1,809,27,15,2,0,Unfurnished,9836000.0,30800.0
4070,468,Studio,3,3,1648,3,21,1,1,Unfurnished,23347000.0,72800.0
4071,273,Studio,1,1,892,22,17,2,1,Semi-Furnished,10951000.0,26200.0
4072,40,Studio,2,1,664,2,4,3,1,Fully-Furnished,9687000.0,23000.0
4073,48,Studio,3,3,1168,12,15,2,2,Unfurnished,10251000.0,22900.0
4074,9,Apartment,4,4,1750,7,19,5,1,Fully-Furnished,19704000.0,54700.0
4075,405,Apartment,3,2,1797,19,4,3,2,Semi-Furnished,23392000.0,63400.0
4076,409,Studio,3,3,1026,5,29,5,1,Unfurnished,12442000.0,30900.0
4077,44,Villa,3,2,1473,14,13,5,1,Semi-Furnished,11022000.0,30000.0
4078,403,Row House,3,2,1156,19,25,3,1,Unfurnished,10166000.0,35300.0
4079,366,Villa,2,2,842,16,16,1,2,Fully-Furnished,10010000.0,30300.0
4080,477,Apartment,1,1,753,20,30,2,0,Unfurnished,7540000.0,21200.0
4081,311,Villa,4,3,1471,16,21,1,1,Semi-Furnished,13150000.0,34000.0
4082,166,Apartment,1,1,726,0,7,3,2,Unfurnished,9131000.0,31500.0
4083,136,Apartment,3,3,918,24,26,3,1,Unfurnished,10081000.0,20500.0
4084,191,Apartment,3,2,1529,28,29,4,0,Fully-Furnished,15859000.0,38500.0
4085,486,Apartment,2,1,1348,25,19,3,0,Unfurnished,14939000.0,
4086,470,Row House,3,2,1533,17,13,4,2,Fully-Furnished,19547000.0,73000.0
4087,229,Apartment,2,2,1282,27,20,3,1,Semi-Furnished,9876000.0,26000.0
4088,397,Apartment,2,1,753,4,9,1,1,Fully-Furnished,6876000.0,20800.0
4089,223,Penthouse,4,4,1485,17,23,5,1,Semi-Furnished,19819000.0,43500.0
4090,126,Villa,2,2,564,28,6,4,2,Unfurnished,5411000.0,13600.0
4091,150,Row House,4,3,1641,19,24,5,2,Unfurnished,18228000.0,43300.0
4092,189,Apartment,2,1,1029,26,11,1,2,Unfurnished,12460000.0,42000.0
4093,261,Penthouse,5,4,2109,0,15,2,2,Fully-Furnished,21830000.0,52700.0
4094,6,Studio,3,3,1586,0,31,4,1,Unfurnished,14635000.0,43200.0
4095,307,Apartment,3,3,1377,9,14,4,2,Fully-Furnished,13226000.0,35200.0
4096,445,Apartment,3,2,1008,7,26,2,2,Semi-Furnished,11528000.0,31600.0
4097,140,Apartment,3,2,1068,7,23,1,0,Semi-Furnished,11022000.0,30100.0
4098,369,Studio,2,2,797,10,17,2,2,Unfurnished,7730000.0,23500.0
4099,340,Villa,2,1,1300,21,8,1,1,Fully-Furnished,19550000.0,56600.0
4100,451,Apartment,1,1,653,21,4,4,2,Semi-Furnished,6486000.0,21800.0
4101,17,Apartment,1,1,631,1,24,2,1,Unfurnished,6076000.0,17100.0
4102,38,Apartment,1,1,577,27,12,2,1,Semi-Furnished,5997000.0,14300.0
4103,414,Apartment,2,2,994,28,27,5,1,Unfurnished,10917000.0,28300.0
4104,264,Apartment,1,1,839,4,19,5,1,Semi-Furnished,10382000.0,26600.0
4105,85,Villa,3,3,1067,29,9,0,0,Semi-Furnished,10036000.0,20900.0
4106,72,Apartment,4,3,1820,9,17,4,2,Fully-Furnished,14926000.0,42700.0
4107,240,Villa,3,2,1044,28,26,3,1,Unfurnished,11612000.0,49100.0
4108,98,Apartment,1,1,821,24,32,2,2,Unfurnished,9549000.0,19400.0
4109,355,Penthouse,1,1,340,11,16,2,1,Unfurnished,3642000.0,9000.0
4110,382,Apartment,2,2,787,0,16,1,1,Semi-Furnished,7602000.0,29500.0
4111,18,Row House,5,4,1932,22,32,2,1,Unfurnished,20868000.0,27700.0
4112,129,Apartment,2,2,743,1,26,1,2,Unfurnished,8987000.0,21700.0
4113,457,Apartment,3,2,1165,4,26,3,1,Semi-Furnished,10901000.0,32600.0
4114,94,Villa,1,1,641,5,16,3,1,Semi-Furnished,7102000.0,18500.0
4115,122,Row House,1,1,1029,5,19,3,1,Semi-Furnished,10727000.0,29200.0
4116,188,Apartment,4,4,1440,25,19,2,1,Fully-Furnished,17599000.0,54800.0
4117,274,Apartment,1,1,718,19,4,0,1,Unfurnished,5875000.0,13600.0
4118,310,Apartment,4,3,1657,12,32,1,1,Fully-Furnished,17203000.0,31500.0
4119,227,Apartment,1,1,716,4,13,5,1,Semi-Furnished,6629000.0,19000.0
4120,320,Apartment,1,1,908,2,7,3,2,Unfurnished,9094000.0,23300.0
4121,455,Penthouse,4,3,1302,23,28,3,2,Fully-Furnished,14763000.0,33500.0
4122,429,Apartment,2,2,673,11,5,5,2,Semi-Furnished,7737000.0,23300.0
4123,244,Apartment,3,3,1185,24,16,0,1,Unfurnished,12496000.0,36200.0
4124,362,Apartment,3,2,1258,21,32,5,1,Semi-Furnished,16810000.0,46800.0
4125,393,Villa,1,1,454,13,10,5,2,Semi-Furnished,5444000.0,14800.0
4126,208,Apartment,3,3,1325,6,14,3,1,Fully-Furnished,13921000.0,28300.0
4127,244,Apartment,2,2,1035,21,7,0,1,Fully-Furnished,9810000.0,21700.0
4128,24,Apartment,2,2,907,18,7,5,1,Unfurnished,9645000.0,26000.0
4129,258,Apartment,3,2,1375,9,28,5,1,Semi-Furnished,15681000.0,47100.0
4130,356,Apartment,5,5,2026,6,16,2,2,Semi-Furnished,19451000.0,66400.0
4131,156,Row House,3,2,1302,17,22,4,1,Unfurnished,14487000.0,36400.0
4132,216,Apartment,4,4,1877,15,30,0,1,Semi-Furnished,19794000.0,31600.0
4133,148,Apartment,2,2,888,29,12,2,1,Unfurnished,11444000.0,39600.0
4134,18,Apartment,2,2,941,24,32,2,1,Unfurnished,9621000.0,40500.0
4135,333,Studio,2,1,1259,3,21,1,0,Semi-Furnished,12946000.0,26500.0
4136,55,Row House,5,4,1600,5,4,2,1,Unfurnished,16771000.0,43700.0
4137,25,Apartment,4,4,1435,28,19,5,1,Unfurnished,20830000.0,45500.0
4138,131,Apartment,2,2,1171,25,26,3,2,Semi-Furnished,11133000.0,30100.0
4139,167,Apartment,3,3,1030,19,19,1,2,Unfurnished,11395000.0,31300.0
4140,308,Row House,3,3,1764,23,23,4,2,Unfurnished,17246000.0,48800.0
4141,92,Apartment,4,4,1678,28,34,2,1,Fully-Furnished,15944000.0,56500.0
4142,225,Apartment,2,2,859,26,10,2,1,Semi-Furnished,8405000.0,22300.0
4143,405,Apartment,2,2,846,22,26,3,0,Semi-Furnished,9953000.0,22400.0
4144,348,Apartment,3,2,1254,4,15,3,1,Semi-Furnished,12594000.0,27600.0
4145,251,Apartment,1,1,343,14,9,4,2,Unfurnished,3481000.0,8200.0
4146,399,Apartment,2,1,1184,1,10,5,0,Unfurnished,13292000.0,50800.0
4147,203,Apartment,3,2,1553,25,30,4,1,Unfurnished,19209000.0,54000.0
4148,497,Apartment,1,1,401,23,30,4,1,Unfurnished,4155000.0,6700.0
4149,373,Villa,2,1,698,0,31,1,0,Semi-Furnished,7495000.0,23100.0
4150,324,Apartment,4,3,1430,17,19,5,0,Fully-Furnished,16120000.0,41100.0
4151,318,Apartment,3,2,1369,27,9,5,2,Unfurnished,13449000.0,28300.0
4152,325,Apartment,3,2,1519,21,26,5,1,Semi-Furnished,21911000.0,66400.0
4153,195,Apartment,3,3,906,21,33,2,0,Unfurnished,9859000.0,31900.0
4154,358,Apartment,2,2,960,23,10,0,2,Semi-Furnished,12247000.0,34700.0
4155,421,Apartment,2,1,759,25,28,1,1,Unfurnished,7832000.0,26000.0
4156,419,Apartment,3,3,948,11,14,5,0,Unfurnished,8399000.0,22100.0
4157,446,Apartment,3,2,1120,27,4,5,1,Unfurnished,13693000.0,31700.0
4158,434,Penthouse,1,1,696,17,11,5,0,Unfurnished,6510000.0,21000.0
4159,500,Studio,4,3,1670,14,33,0,1,Unfurnished,14633000.0,49400.0
4160,63,Studio,3,2,1380,27,15,1,2,Fully-Furnished,16389000.0,48000.0
4161,154,Studio,2,1,1001,9,9,1,1,Semi-Furnished,11715000.0,23700.0
4162,293,Studio,3,2,1272,7,22,2,1,Semi-Furnished,11602000.0,23500.0
4163,267,Studio,2,1,1091,6,20,5,2,Semi-Furnished,13582000.0,48000.0
4164,316,Apartment,4,3,1578,0,18,2,1,Semi-Furnished,18099000.0,44900.0
4165,394,Apartment,2,2,1133,25,29,3,1,Unfurnished,13167000.0,35200.0
4166,234,Villa,2,1,920,21,29,2,0,Semi-Furnished,8615000.0,20700.0
4167,275,Studio,4,3,1342,17,22,4,1,Unfurnished,15480000.0,48800.0
4168,366,Studio,3,2,1057,8,30,1,2,Unfurnished,11159000.0,28100.0
4169,457,Studio,1,1,652,15,11,3,1,Fully-Furnished,7452000.0,27600.0
4170,461,Row House,3,3,1534,10,15,5,1,Unfurnished,17717000.0,53600.0
4171,94,Apartment,1,1,1090,3,15,3,2,Fully-Furnished,11826000.0,25600.0
4172,260,Apartment,1,1,712,28,19,3,1,Unfurnished,8371000.0,23900.0
4173,60,Villa,3,3,1287,9,7,1,2,Fully-Furnished,14495000.0,54500.0
4174,335,Apartment,1,1,589,13,16,2,1,Fully-Furnished,6032000.0,15600.0
4175,149,Studio,4,3,1478,4,14,5,2,Semi-Furnished,14619000.0,41300.0
4176,209,Studio,3,2,1343,22,34,4,1,Semi-Furnished,14695000.0,45200.0
4177,298,Apartment,4,3,1241,26,6,3,2,Semi-Furnished,12677000.0,36900.0
4178,171,Studio,2,2,1052,16,33,2,1,Unfurnished,10079000.0,31200.0
4179,490,Studio,2,2,1001,16,26,5,0,Unfurnished,8666000.0,21000.0
4180,13,Penthouse,1,1,949,10,9,5,1,Semi-Furnished,11818000.0,24200.0
4181,476,Apartment,3,2,1237,4,34,1,2,Unfurnished,15107000.0,33700.0
4182,241,Villa,3,2,1551,0,10,4,1,Fully-Furnished,12093000.0,33200.0
4183,340,Penthouse,2,2,1128,16,27,1,2,Fully-Furnished,12472000.0,32900.0
4184,425,Apartment,2,2,1072,22,7,1,0,Semi-Furnished,8651000.0,17500.0
4185,408,Row House,3,3,1266,29,27,0,1,Semi-Furnished,17251000.0,52700.0
4186,31,Apartment,2,1,1087,13,14,2,2,Semi-Furnished,12759000.0,38500.0
4187,275,Apartment,3,2,1393,7,34,4,1,Unfurnished,13353000.0,44900.0
4188,482,Apartment,3,3,1521,18,14,2,1,Unfurnished,20924000.0,61900.0
4189,17,Villa,4,3,1628,12,28,2,2,Semi-Furnished,20035000.0,58500.0
4190,27,Villa,2,1,1236,16,25,0,1,Unfurnished,14308000.0,33100.0
4191,279,Penthouse,2,2,1168,21,4,4,2,Unfurnished,13454000.0,47100.0
4192,439,Apartment,2,1,1100,3,21,0,1,Unfurnished,11433000.0,30400.0
4193,453,Villa,2,1,941,28,33,1,1,Unfurnished,8276000.0,20600.0
4194,323,Apartment,2,1,848,24,29,1,0,Semi-Furnished,10950000.0,23900.0
4195,142,Apartment,3,3,1401,25,28,3,2,Unfurnished,11885000.0,30500.0
4196,7,Row House,3,2,1317,22,10,2,2,Unfurnished,11633000.0,32500.0
4197,235,Apartment,2,2,616,20,17,5,1,Fully-Furnished,6130000.0,23700.0
4198,176,Penthouse,1,1,881,29,21,1,2,Unfurnished,10999000.0,27000.0
4199,8,Penthouse,3,2,1152,28,6,1,2,Unfurnished,15218000.0,34300.0
4200,469,Studio,4,4,1346,17,33,0,2,Unfurnished,13236000.0,37200.0
4201,356,Row House,2,1,643,26,14,2,2,Unfurnished,5953000.0,17400.0
4202,80,Apartment,3,3,1486,11,30,5,2,Semi-Furnished,12694000.0,36300.0
4203,245,Apartment,2,1,1038,27,12,2,1,Unfurnished,9448000.0,31400.0
4204,115,Row House,3,3,1137,5,30,0,2,Unfurnished,12820000.0,39800.0
4205,59,Villa,2,2,1192,5,14,1,2,Semi-Furnished,14683000.0,27900.0
4206,61,Villa,3,2,1267,17,31,5,2,Fully-Furnished,11831000.0,26100.0
4207,339,Studio,4,3,1574,1,23,3,0,Unfurnished,14613000.0,28800.0
4208,288,Apartment,2,2,1000,29,14,2,1,Fully-Furnished,11463000.0,24900.0
4209,113,Apartment,4,4,1615,24,10,5,1,Unfurnished,16273000.0,49700.0
4210,3,Apartment,2,1,1221,19,13,4,1,Semi-Furnished,10915000.0,32300.0
4211,403,Penthouse,2,1,1244,10,28,3,1,Unfurnished,11898000.0,34200.0
4212,458,Apartment,3,3,1375,2,6,4,1,Semi-Furnished,15450000.0,54300.0
4213,130,Apartment,2,1,844,8,22,5,2,Fully-Furnished,6768000.0,22500.0
4214,148,Villa,1,1,606,18,34,2,0,Unfurnished,7650000.0,22700.0
4215,278,Apartment,1,1,598,1,23,3,1,Unfurnished,6599000.0,22600.0
4216,43,Penthouse,3,3,1129,16,18,1,1,Unfurnished,14793000.0,42500.0
4217,413,Apartment,3,2,1216,29,29,3,1,Semi-Furnished,13619000.0,38000.0
4218,152,Apartment,2,2,978,0,16,3,2,Fully-Furnished,10374000.0,32000.0
4219,425,Villa,1,1,568,25,12,1,2,Semi-Furnished,5793000.0,16800.0
4220,392,Apartment,2,2,872,22,20,2,1,Unfurnished,8576000.0,25100.0
4221,159,Apartment,4,3,1670,15,12,4,1,Semi-Furnished,15447000.0,36600.0
4222,249,Apartment,4,3,1408,1,22,3,0,Semi-Furnished,16837000.0,48600.0
4223,63,Apartment,4,3,1436,23,15,1,1,Semi-Furnished,16140000.0,55100.0
4224,336,Studio,3,2,1382,22,13,0,0,Unfurnished,15978000.0,47200.0
4225,76,Apartment,2,2,1055,14,8,5,1,Fully-Furnished,10670000.0,25700.0
4226,264,Apartment,5,5,1766,13,13,5,1,Semi-Furnished,15460000.0,41700.0
4227,324,Apartment,5,4,1998,25,21,5,1,Unfurnished,22317000.0,61900.0
4228,345,Villa,5,5,2145,4,29,5,1,Unfurnished,24011000.0,80900.0
4229,297,Penthouse,1,1,323,13,11,2,1,Unfurnished,3329000.0,9200.0
4230,84,Penthouse,4,4,1492,20,20,4,1,Unfurnished,15867000.0,42900.0
4231,477,Apartment,4,4,1839,18,25,2,1,Semi-Furnished,22677000.0,46300.0
4232,113,Penthouse,3,2,1240,0,11,5,1,Unfurnished,16028000.0,61800.0
4233,409,Apartment,2,2,1109,19,22,5,2,Semi-Furnished,12196000.0,31900.0
4234,206,Apartment,4,3,1719,26,24,3,1,Semi-Furnished,17737000.0,45600.0
4235,107,Apartment,3,2,1352,2,11,3,1,Unfurnished,12889000.0,27500.0
4236,215,Penthouse,2,2,932,20,21,4,1,Unfurnished,8659000.0,23600.0
4237,233,Apartment,4,3,1718,6,18,3,1,Fully-Furnished,18381000.0,63100.0
4238,317,Row House,3,3,1338,2,21,1,1,Fully-Furnished,11563000.0,32500.0
4239,94,Apartment,4,4,1322,5,34,3,1,Unfurnished,14961000.0,39800.0
4240,367,Villa,1,1,725,16,32,2,2,Unfurnished,7121000.0,18600.0
4241,3,Apartment,1,1,488,20,4,4,0,Fully-Furnished,4681000.0,15300.0
4242,294,Apartment,3,3,1099,22,28,2,0,Unfurnished,9187000.0,29300.0
4243,117,Apartment,3,2,1751,15,23,2,2,Unfurnished,18260000.0,47800.0
4244,423,Studio,1,1,684,2,5,2,2,Unfurnished,6505000.0,16300.0
4245,497,Apartment,1,1,676,1,30,4,2,Unfurnished,8096000.0,26000.0
4246,285,Row House,2,1,1108,24,8,2,0,Semi-Furnished,12501000.0,44900.0
4247,331,Villa,5,4,1951,27,29,3,1,Unfurnished,24640000.0,69300.0
4248,10,Villa,2,2,961,0,21,3,1,Unfurnished,8089000.0,22200.0
4249,205,Apartment,3,2,1124,20,12,2,1,Unfurnished,10709000.0,26600.0
4250,145,Apartment,5,5,2030,9,21,2,1,Fully-Furnished,16915000.0,49200.0
4251,150,Studio,4,3,1721,22,29,5,1,Unfurnished,17712000.0,52200.0
4252,403,Studio,2,1,894,17,7,3,2,Unfurnished,9546000.0,25000.0
4253,234,Penthouse,2,1,729,28,28,2,2,Semi-Furnished,6676000.0,17900.0
4254,336,Studio,3,3,1367,20,13,0,0,Semi-Furnished,17509000.0,43500.0
4255,40,Apartment,2,1,1229,5,18,3,1,Semi-Furnished,18644000.0,69600.0
4256,462,Apartment,1,1,977,11,5,5,1,Semi-Furnished,9058000.0,24900.0
4257,378,Apartment,1,1,1109,22,19,3,1,Semi-Furnished,11819000.0,36200.0
4258,43,Villa,2,2,871,17,22,1,1,Unfurnished,11108000.0,30500.0
4259,117,Penthouse,3,3,1095,28,13,2,0,Semi-Furnished,10209000.0,23900.0
4260,351,Apartment,2,2,865,3,26,1,0,Unfurnished,11217000.0,21000.0
4261,27,Studio,3,2,1376,1,24,0,1,Unfurnished,14409000.0,35300.0
4262,440,Apartment,3,3,1230,20,20,2,2,Semi-Furnished,12579000.0,36300.0
4263,417,Apartment,4,3,1647,14,19,5,2,Unfurnished,19388000.0,49900.0
4264,142,Row House,2,2,832,1,21,3,1,Unfurnished,9170000.0,23300.0
4265,167,Row House,4,3,1428,9,33,1,1,Unfurnished,13275000.0,41800.0
4266,293,Villa,2,2,1060,7,34,2,2,Semi-Furnished,12564000.0,41600.0
4267,315,Apartment,3,2,1372,10,20,1,1,Unfurnished,16874000.0,44100.0
4268,326,Villa,2,1,1143,10,28,3,2,Unfurnished,11031000.0,28100.0
4269,125,Villa,4,3,1510,18,10,3,2,Unfurnished,19492000.0,44200.0
4270,15,Penthouse,3,3,1343,28,8,3,2,Semi-Furnished,11401000.0,38100.0
4271,107,Apartment,4,4,1527,4,4,3,1,Unfurnished,16810000.0,54400.0
4272,464,Apartment,3,3,1154,25,24,1,2,Unfurnished,14539000.0,31600.0
4273,439,Villa,1,1,825,24,24,0,2,Fully-Furnished,7782000.0,26900.0
4274,33,Apartment,2,2,1083,18,23,0,2,Semi-Furnished,11395000.0,33400.0
4275,49,Apartment,5,5,1954,26,22,5,1,Fully-Furnished,22611000.0,62300.0
4276,200,Apartment,2,1,1045,11,5,4,1,Unfurnished,12016000.0,30500.0
4277,266,Apartment,2,2,1177,10,18,2,1,Semi-Furnished,15562000.0,36800.0
4278,320,Apartment,2,2,1056,24,22,3,1,Unfurnished,10103000.0,37300.0
4279,130,Apartment,3,2,1136,13,26,5,1,Unfurnished,8742000.0,21200.0
4280,190,Apartment,4,3,1657,23,7,3,0,Fully-Furnished,18550000.0,59300.0
4281,465,Apartment,3,2,1392,12,12,2,1,Fully-Furnished,12947000.0,40300.0
4282,257,Studio,2,1,1044,8,9,1,2,Fully-Furnished,10106000.0,21900.0
4283,292,Apartment,3,3,1036,14,23,5,0,Unfurnished,12050000.0,35100.0
4284,401,Apartment,4,3,1623,22,28,5,2,Unfurnished,18462000.0,44100.0
4285,448,Apartment,2,1,641,23,22,5,1,Unfurnished,6486000.0,16400.0
4286,500,Apartment,5,4,1885,1,34,0,1,Semi-Furnished,24327000.0,77600.0
4287,230,Studio,2,2,847,8,4,4,0,Unfurnished,10096000.0,38500.0
4288,162,Apartment,4,4,1802,10,13,4,1,Unfurnished,19293000.0,55600.0
4289,275,Penthouse,2,1,1172,8,22,4,1,Semi-Furnished,12294000.0,34100.0
4290,1,Apartment,3,3,1219,12,12,1,1,Semi-Furnished,10660000.0,22300.0
4291,119,Apartment,2,2,996,13,13,2,1,Unfurnished,9211000.0,
4292,331,Penthouse,3,3,1415,1,26,3,1,Semi-Furnished,17214000.0,
4293,6,Penthouse,2,1,1352,14,32,4,2,Fully-Furnished,16660000.0,65800.0
4294,126,Apartment,3,2,1473,21,29,4,1,Fully-Furnished,16623000.0,65100.0
4295,271,Studio,3,2,1668,3,20,0,2,Unfurnished,13862000.0,37700.0
4296,298,Apartment,4,4,1399,10,32,3,1,Unfurnished,16094000.0,37700.0
4297,260,Apartment,3,2,861,20,28,3,2,Unfurnished,8941000.0,31400.0
4298,390,Apartment,3,2,1348,3,18,5,1,Fully-Furnished,14338000.0,29100.0
4299,159,Studio,2,1,900,4,33,4,2,Unfurnished,7486000.0,21000.0
4300,180,Penthouse,2,1,1085,24,5,3,0,Fully-Furnished,13493000.0,39500.0
4301,337,Apartment,5,5,1982,5,5,3,2,Unfurnished,18748000.0,61900.0
4302,104,Apartment,2,2,1126,19,33,1,0,Unfurnished,16560000.0,57400.0
4303,388,Apartment,2,1,1181,6,6,5,1,Unfurnished,12069000.0,30700.0
4304,349,Penthouse,3,3,1459,24,10,4,2,Semi-Furnished,15982000.0,47600.0
4305,365,Row House,4,3,1566,12,17,1,1,Unfurnished,15806000.0,50300.0
4306,341,Apartment,4,4,1431,13,20,4,0,Unfurnished,17988000.0,52100.0
4307,488,Apartment,3,2,1382,16,29,1,2,Semi-Furnished,12832000.0,26200.0
4308,306,Apartment,3,3,1235,16,27,1,1,Semi-Furnished,11338000.0,33300.0
4309,245,Apartment,3,3,1135,18,5,2,2,Unfurnished,9929000.0,30800.0
4310,282,Apartment,2,2,1283,7,26,4,1,Semi-Furnished,15821000.0,51300.0
4311,234,Apartment,2,2,927,27,8,2,1,Unfurnished,8954000.0,24800.0
4312,214,Villa,3,3,1337,10,5,4,2,Unfurnished,12077000.0,33100.0
4313,128,Penthouse,3,2,1264,28,9,4,0,Unfurnished,11532000.0,22100.0
4314,153,Penthouse,2,1,1137,20,5,3,0,Unfurnished,15916000.0,40100.0
4315,361,Apartment,3,2,1384,0,17,0,2,Unfurnished,13519000.0,42200.0
4316,382,Apartment,3,2,1477,20,28,1,1,Unfurnished,13616000.0,39800.0
4317,493,Apartment,3,3,1409,8,23,3,1,Fully-Furnished,16615000.0,39700.0
4318,109,Apartment,2,2,1112,8,11,3,1,Unfurnished,11600000.0,32900.0
4319,164,Apartment,1,1,770,2,15,5,1,Unfurnished,6234000.0,21300.0
4320,248,Apartment,1,1,555,5,6,5,1,Unfurnished,6032000.0,20800.0
4321,330,Apartment,3,3,1275,7,6,1,2,Unfurnished,15573000.0,63800.0
4322,443,Apartment,5,5,1953,9,31,1,1,Unfurnished,18503000.0,64900.0
4323,14,Apartment,1,1,530,15,12,2,2,Semi-Furnished,6213000.0,13800.0
4324,115,Villa,3,3,1474,10,28,0,1,Semi-Furnished,15080000.0,38500.0
4325,370,Villa,2,1,1061,12,12,2,2,Unfurnished,16030000.0,42700.0
4326,221,Apartment,2,1,1073,20,13,4,1,Fully-Furnished,11799000.0,25500.0
4327,185,Apartment,1,1,832,8,18,2,1,Fully-Furnished,9512000.0,30100.0
4328,495,Villa,4,4,1707,4,26,1,1,Semi-Furnished,17082000.0,31900.0
4329,59,Apartment,1,1,1020,29,27,1,2,Unfurnished,10085000.0,27300.0
4330,285,Studio,2,2,1118,5,6,2,1,Unfurnished,12614000.0,37400.0
4331,255,Apartment,3,3,1073,7,7,3,2,Semi-Furnished,9964000.0,28200.0
4332,386,Row House,1,1,632,13,25,1,1,Fully-Furnished,6616000.0,
4333,332,Penthouse,3,2,1274,7,30,2,1,Fully-Furnished,13697000.0,39300.0
4334,232,Apartment,3,3,1458,9,14,5,1,Fully-Furnished,14352000.0,36600.0
4335,498,Apartment,3,3,1321,12,33,3,1,Unfurnished,15099000.0,46000.0
4336,353,Penthouse,4,4,1460,24,15,5,1,Semi-Furnished,13907000.0,23000.0
4337,108,Apartment,2,2,822,3,12,2,1,Unfurnished,7351000.0,20900.0
4338,456,Studio,4,3,1478,6,6,3,2,Semi-Furnished,23134000.0,60800.0
4339,6,Villa,2,1,719,16,19,4,0,Unfurnished,8408000.0,29400.0
4340,330,Studio,1,1,660,26,8,1,1,Unfurnished,7642000.0,19200.0
4341,247,Row House,1,1,814,5,30,4,1,Unfurnished,9527000.0,21900.0
4342,249,Penthouse,5,4,1951,18,16,3,0,Unfurnished,20360000.0,48900.0
4343,235,Apartment,1,1,384,25,19,5,0,Unfurnished,3345000.0,
4344,283,Apartment,3,3,1354,18,14,0,1,Unfurnished,13056000.0,
4345,67,Apartment,2,1,1294,11,9,4,2,Semi-Furnished,12414000.0,33100.0
4346,123,Apartment,2,1,1192,19,9,1,0,Unfurnished,11541000.0,29200.0
4347,434,Studio,2,1,889,29,31,5,1,Unfurnished,8928000.0,33200.0
4348,49,Apartment,4,3,1995,11,21,5,1,Unfurnished,27825000.0,77000.0
4349,153,Row House,2,1,1054,25,16,3,0,Semi-Furnished,15142000.0,41100.0
4350,343,Studio,2,2,1041,0,23,3,2,Unfurnished,12917000.0,35500.0
4351,493,Studio,2,2,1175,20,21,3,2,Unfurnished,13774000.0,42600.0
4352,464,Apartment,1,1,493,15,32,1,2,Semi-Furnished,5150000.0,14700.0
4353,350,Row House,2,1,1005,1,24,3,1,Semi-Furnished,15513000.0,
4354,36,Row House,3,2,1086,7,27,1,0,Unfurnished,13688000.0,29500.0
4355,320,Apartment,3,2,1377,6,22,3,1,Unfurnished,12927000.0,43400.0
4356,132,Row House,2,1,1014,10,14,2,2,Semi-Furnished,12717000.0,35300.0
4357,299,Apartment,2,2,798,8,33,3,1,Semi-Furnished,7483000.0,14200.0
4358,278,Villa,3,3,1372,18,27,3,2,Unfurnished,13422000.0,29700.0
4359,270,Penthouse,3,2,1528,4,15,3,1,Semi-Furnished,15821000.0,43100.0
4360,459,Studio,3,2,1006,21,17,2,2,Unfurnished,11019000.0,24800.0
4361,433,Row House,3,3,1199,15,7,5,2,Unfurnished,11949000.0,38400.0
4362,301,Row House,2,1,956,19,12,0,0,Unfurnished,8918000.0,20700.0
4363,77,Row House,2,2,1020,17,13,5,2,Unfurnished,10001000.0,25100.0
4364,409,Apartment,2,2,1020,29,23,5,1,Fully-Furnished,11580000.0,33900.0
4365,195,Villa,3,2,963,8,19,2,1,Unfurnished,12042000.0,22300.0
4366,306,Apartment,4,4,1489,14,14,1,1,Unfurnished,14190000.0,51900.0
4367,188,Apartment,4,4,1375,1,14,2,1,Semi-Furnished,13963000.0,32400.0
4368,147,Apartment,2,1,1066,27,16,5,2,Semi-Furnished,10507000.0,16900.0
4369,419,Apartment,2,1,1409,10,27,5,1,Semi-Furnished,10373000.0,35300.0
4370,131,Apartment,2,1,1420,26,14,3,1,Unfurnished,14710000.0,40500.0
4371,203,Apartment,3,3,738,4,4,4,1,Fully-Furnished,6872000.0,20300.0
4372,180,Studio,2,2,1241,7,12,3,1,Semi-Furnished,17758000.0,56000.0
4373,348,Apartment,2,1,1051,25,10,3,1,Unfurnished,9698000.0,29800.0
4374,263,Apartment,2,1,1017,21,29,3,2,Semi-Furnished,11153000.0,26700.0
4375,184,Apartment,3,2,1593,3,6,2,1,Fully-Furnished,13556000.0,48400.0
4376,309,Apartment,3,2,1147,18,10,4,2,Unfurnished,12642000.0,34000.0
4377,116,Apartment,3,3,1357,23,7,3,1,Semi-Furnished,14683000.0,28100.0
4378,8,Apartment,2,2,1020,19,31,1,1,Semi-Furnished,14407000.0,42000.0
4379,238,Apartment,2,1,837,17,12,2,2,Unfurnished,8082000.0,14300.0
4380,4,Villa,2,1,1256,19,12,4,1,Unfurnished,14992000.0,38100.0
4381,436,Villa,4,3,1516,27,15,3,1,Fully-Furnished,14984000.0,40800.0
4382,212,Penthouse,3,3,1330,9,11,4,1,Unfurnished,8885000.0,28200.0
4383,382,Apartment,2,2,1069,16,32,1,1,Unfurnished,10826000.0,35200.0
4384,54,Penthouse,5,5,2070,9,26,1,1,Unfurnished,20839000.0,56500.0
4385,152,Villa,4,3,1585,23,13,3,2,Unfurnished,17148000.0,43500.0
4386,15,Studio,3,2,1501,3,28,3,2,Unfurnished,13186000.0,39600.0
4387,8,Penthouse,3,3,1230,28,29,1,1,Fully-Furnished,14084000.0,38500.0
4388,97,Apartment,3,2,1527,16,11,3,1,Unfurnished,16241000.0,66900.0
4389,6,Studio,2,1,1230,28,31,4,1,Fully-Furnished,16385000.0,40000.0
4390,407,Penthouse,2,1,902,16,34,1,1,Fully-Furnished,11861000.0,30800.0
4391,27,Apartment,2,2,796,22,29,0,1,Fully-Furnished,6936000.0,17200.0
4392,14,Studio,2,2,1152,16,8,2,1,Semi-Furnished,12813000.0,47600.0
4393,149,Studio,4,3,1625,11,13,5,2,Semi-Furnished,12979000.0,21800.0
4394,292,Apartment,2,1,1113,21,7,5,2,Unfurnished,13819000.0,
4395,89,Villa,1,1,905,6,21,4,1,Unfurnished,6975000.0,20200.0
4396,239,Apartment,1,1,883,12,20,1,2,Unfurnished,7985000.0,23500.0
4397,499,Apartment,2,1,1026,0,11,5,0,Semi-Furnished,10544000.0,30500.0
4398,199,Studio,2,2,872,12,28,1,1,Unfurnished,9871000.0,31400.0
4399,305,Apartment,4,4,1611,29,32,1,2,Unfurnished,20509000.0,45600.0
4400,469,Apartment,2,1,903,13,21,0,2,Semi-Furnished,9433000.0,27900.0
4401,373,Apartment,2,1,1039,25,19,1,1,Unfurnished,14255000.0,54100.0
4402,447,Apartment,3,2,1022,13,5,4,2,Unfurnished,10538000.0,26600.0
4403,20,Studio,3,2,1335,22,24,4,0,Semi-Furnished,13313000.0,28300.0
4404,243,Apartment,3,3,1391,26,11,2,1,Fully-Furnished,18373000.0,57600.0
4405,443,Apartment,4,4,1569,27,4,1,1,Fully-Furnished,15583000.0,54300.0
4406,395,Penthouse,3,3,1435,20,23,0,1,Semi-Furnished,13882000.0,25400.0
4407,450,Villa,4,4,1235,23,8,3,1,Fully-Furnished,12427000.0,38300.0
4408,315,Apartment,3,2,1320,9,34,1,2,Semi-Furnished,14511000.0,48300.0
4409,178,Studio,3,3,953,4,24,4,1,Unfurnished,13604000.0,35100.0
4410,230,Penthouse,3,3,1193,8,28,4,1,Unfurnished,16983000.0,43600.0
4411,8,Apartment,2,1,956,21,5,1,0,Unfurnished,10814000.0,18600.0
4412,133,Apartment,1,1,438,11,10,3,1,Unfurnished,4799000.0,16300.0
4413,472,Villa,2,2,893,27,6,4,2,Unfurnished,9874000.0,21400.0
4414,97,Villa,3,3,1329,4,24,3,1,Fully-Furnished,13739000.0,40500.0
4415,394,Row House,1,1,608,12,11,3,0,Semi-Furnished,6792000.0,
4416,448,Villa,2,1,1156,8,33,5,1,Semi-Furnished,11697000.0,29000.0
4417,250,Row House,2,2,1006,18,22,4,1,Unfurnished,10738000.0,30000.0
4418,57,Villa,1,1,1193,18,19,0,1,Fully-Furnished,13327000.0,32100.0
4419,342,Studio,2,2,979,13,31,4,2,Unfurnished,9808000.0,26200.0
4420,340,Apartment,3,3,1460,5,13,1,0,Unfurnished,12531000.0,32900.0
4421,427,Apartment,4,3,1548,13,8,0,0,Semi-Furnished,16197000.0,53900.0
4422,66,Apartment,3,2,961,1,31,1,1,Semi-Furnished,10924000.0,
4423,257,Apartment,1,1,986,17,17,1,0,Semi-Furnished,12289000.0,17300.0
4424,433,Penthouse,1,1,1254,26,8,5,1,Unfurnished,13716000.0,33600.0
4425,412,Apartment,2,2,859,1,25,5,2,Unfurnished,6894000.0,
4426,494,Penthouse,3,2,1159,7,23,3,1,Unfurnished,13044000.0,27100.0
4427,364,Apartment,3,3,1522,26,8,0,0,Unfurnished,20867000.0,60600.0
4428,373,Apartment,1,1,624,4,12,1,2,Semi-Furnished,6697000.0,23300.0
4429,217,Apartment,2,2,1022,29,6,4,1,Semi-Furnished,12059000.0,25300.0
4430,5,Apartment,3,2,1110,6,11,5,1,Unfurnished,14399000.0,40300.0
4431,85,Studio,2,1,1052,6,5,0,2,Semi-Furnished,11743000.0,38100.0
4432,212,Apartment,3,3,1503,17,24,4,2,Unfurnished,10548000.0,30700.0
4433,204,Row House,3,3,1168,16,21,3,1,Unfurnished,12244000.0,32900.0
4434,276,Penthouse,2,1,1377,11,7,4,1,Fully-Furnished,11956000.0,42300.0
4435,367,Studio,1,1,436,28,24,2,1,Unfurnished,3612000.0,11700.0
4436,44,Apartment,2,1,1377,25,19,5,0,Semi-Furnished,12681000.0,40600.0
4437,349,Studio,2,1,858,7,11,4,2,Fully-Furnished,7690000.0,25800.0
4438,473,Studio,3,2,1328,19,18,4,1,Semi-Furnished,13379000.0,39400.0
4439,455,Apartment,1,1,751,4,30,3,1,Semi-Furnished,8477000.0,30100.0
4440,57,Apartment,1,1,764,21,8,0,1,Semi-Furnished,8807000.0,21900.0
4441,412,Apartment,1,1,369,1,27,5,2,Unfurnished,3377000.0,10400.0
4442,166,Row House,1,1,828,10,19,3,1,Unfurnished,12057000.0,30900.0
4443,408,Apartment,3,2,1233,7,16,0,1,Unfurnished,14834000.0,35800.0
4444,393,Apartment,3,3,1128,11,27,5,1,Semi-Furnished,13561000.0,39300.0
4445,358,Apartment,3,3,1138,18,26,0,2,Unfurnished,15297000.0,43700.0
4446,360,Penthouse,2,1,860,28,32,2,1,Semi-Furnished,8224000.0,22000.0
4447,168,Row House,1,1,899,9,25,2,2,Fully-Furnished,10834000.0,29200.0
4448,21,Apartment,2,2,722,8,32,4,1,Fully-Furnished,7458000.0,17700.0
4449,13,Apartment,1,1,473,6,13,5,1,Semi-Furnished,5719000.0,16300.0
4450,451,Studio,3,2,1087,9,24,4,2,Unfurnished,12922000.0,28300.0
4451,99,Apartment,1,1,965,7,29,3,0,Unfurnished,9419000.0,21500.0
4452,425,Villa,1,1,945,19,15,1,1,Fully-Furnished,10153000.0,24200.0
4453,9,Villa,3,2,1349,14,18,5,1,Unfurnished,14323000.0,38200.0
4454,198,Studio,1,1,536,25,31,3,2,Semi-Furnished,5311000.0,14600.0
4455,226,Apartment,2,2,702,15,15,2,1,Unfurnished,9670000.0,24500.0
4456,14,Penthouse,2,2,1630,28,6,2,1,Semi-Furnished,21684000.0,47500.0
4457,391,Apartment,3,3,1587,23,34,2,2,Semi-Furnished,21028000.0,39000.0
4458,385,Apartment,3,2,1483,20,5,1,2,Fully-Furnished,15322000.0,43300.0
4459,24,Apartment,3,3,1306,18,14,5,1,Semi-Furnished,13429000.0,20400.0
4460,94,Apartment,2,2,1147,4,17,3,0,Unfurnished,14384000.0,47300.0
4461,447,Apartment,2,2,1039,10,33,4,1,Unfurnished,8244000.0,24700.0
4462,234,Studio,2,1,1213,26,24,2,2,Unfurnished,13179000.0,35000.0
4463,46,Penthouse,4,3,1483,20,25,5,1,Unfurnished,14802000.0,40600.0
4464,376,Studio,2,1,1065,12,17,4,1,Unfurnished,10677000.0,30000.0
4465,202,Row House,2,1,1181,12,33,0,2,Fully-Furnished,14141000.0,25300.0
4466,10,Apartment,3,2,1737,7,11,3,1,Fully-Furnished,16665000.0,53400.0
4467,370,Apartment,3,2,1577,16,11,2,2,Unfurnished,20644000.0,54600.0
4468,114,Apartment,1,1,552,6,34,3,1,Fully-Furnished,5914000.0,15800.0
4469,337,Villa,1,1,536,20,23,3,2,Semi-Furnished,3711000.0,11900.0
4470,411,Apartment,3,3,1397,6,25,0,1,Semi-Furnished,10511000.0,18000.0
4471,231,Penthouse,2,2,1052,24,17,4,2,Unfurnished,9745000.0,33700.0
4472,491,Apartment,2,2,878,12,10,2,1,Unfurnished,10535000.0,27600.0
4473,482,Villa,3,2,1086,21,22,2,0,Fully-Furnished,9324000.0,23100.0
4474,353,Apartment,5,5,2113,18,5,5,2,Semi-Furnished,21928000.0,51200.0
4475,103,Apartment,1,1,518,3,20,2,1,Semi-Furnished,4509000.0,11500.0
4476,167,Apartment,3,3,1161,11,21,1,1,Unfurnished,11879000.0,33400.0
4477,232,Apartment,3,2,1029,16,26,5,1,Semi-Furnished,9922000.0,32500.0
4478,391,Apartment,2,1,699,16,20,2,2,Fully-Furnished,8318000.0,30900.0
4479,356,Apartment,2,2,782,25,20,2,0,Fully-Furnished,7208000.0,25500.0
4480,439,Row House,2,1,1221,2,7,0,1,Unfurnished,14276000.0,41200.0
4481,268,Studio,3,3,1201,28,31,0,2,Semi-Furnished,12560000.0,37400.0
4482,494,Villa,2,2,1078,18,31,3,1,Semi-Furnished,13155000.0,34300.0
4483,366,Studio,1,1,927,16,19,1,1,Semi-Furnished,8682000.0,30700.0
4484,483,Apartment,3,2,1433,5,25,5,2,Fully-Furnished,12361000.0,42300.0
4485,14,Apartment,3,3,1397,1,30,2,1,Semi-Furnished,17537000.0,49000.0
4486,6,Apartment,3,3,1304,23,4,4,1,Semi-Furnished,16892000.0,45100.0
4487,436,Villa,4,3,1668,4,10,3,1,Unfurnished,16510000.0,49400.0
4488,452,Apartment,2,2,1320,21,14,2,2,Fully-Furnished,14161000.0,41100.0
4489,377,Apartment,2,1,616,19,15,1,0,Semi-Furnished,7225000.0,13500.0
4490,399,Studio,2,2,780,26,8,5,0,Semi-Furnished,6738000.0,21900.0
4491,38,Villa,1,1,642,2,22,2,2,Semi-Furnished,6712000.0,16500.0
4492,355,Apartment,2,1,675,27,18,2,1,Unfurnished,8048000.0,24200.0
4493,241,Apartment,1,1,455,27,31,4,2,Fully-Furnished,4081000.0,10900.0
4494,87,Villa,2,2,1268,3,20,2,2,Fully-Furnished,14436000.0,43400.0
4495,353,Apartment,3,2,1273,10,17,5,1,Fully-Furnished,16509000.0,43200.0
4496,27,Apartment,3,3,1215,0,33,0,1,Semi-Furnished,16789000.0,35100.0
4497,391,Apartment,1,1,554,8,31,2,1,Unfurnished,7263000.0,16100.0
4498,148,Penthouse,2,2,1010,25,9,2,2,Fully-Furnished,12279000.0,31700.0
4499,178,Apartment,2,2,748,4,32,4,1,Unfurnished,8569000.0,26300.0
4500,144,Apartment,5,4,1892,1,13,3,2,Semi-Furnished,19506000.0,68000.0
4501,295,Apartment,3,3,1395,20,8,5,2,Semi-Furnished,16234000.0,58300.0
4502,298,Apartment,2,2,1237,2,18,3,1,Unfurnished,12782000.0,16000.0
4503,88,Villa,5,4,1974,4,31,3,1,Unfurnished,21414000.0,68600.0
4504,280,Apartment,5,4,1755,27,19,1,2,Unfurnished,15310000.0,51700.0
4505,57,Apartment,2,2,840,26,22,0,2,Semi-Furnished,8513000.0,26600.0
4506,432,Studio,3,3,1531,6,7,2,1,Unfurnished,14052000.0,30300.0
4507,218,Penthouse,2,1,880,24,15,4,0,Fully-Furnished,7762000.0,22800.0
4508,159,Apartment,1,1,529,3,31,4,1,Unfurnished,4600000.0,16100.0
4509,391,Apartment,3,2,1197,9,27,2,0,Unfurnished,17702000.0,40600.0
4510,393,Apartment,1,1,645,16,28,5,0,Unfurnished,5917000.0,15100.0
4511,153,Apartment,1,1,772,4,34,3,1,Semi-Furnished,11240000.0,21800.0
4512,160,Penthouse,2,1,797,23,19,1,1,Unfurnished,10110000.0,27400.0
4513,305,Villa,5,5,1925,27,10,1,2,Unfurnished,19993000.0,50200.0
4514,472,Villa,5,4,2106,0,7,4,2,Unfurnished,25440000.0,57300.0
4515,486,Penthouse,2,1,1222,27,13,3,1,Unfurnished,13375000.0,39300.0
4516,184,Penthouse,2,2,1440,22,22,2,1,Unfurnished,13482000.0,36300.0
4517,144,Penthouse,2,2,977,12,22,3,1,Unfurnished,10568000.0,24000.0
4518,2,Apartment,3,3,924,21,33,3,1,Unfurnished,6502000.0,15000.0
4519,93,Villa,2,2,896,20,27,2,0,Semi-Furnished,11274000.0,34100.0
4520,484,Studio,2,1,817,4,31,5,0,Semi-Furnished,9020000.0,26100.0
4521,113,Penthouse,4,4,1421,13,30,5,2,Semi-Furnished,15003000.0,36800.0
4522,480,Apartment,1,1,865,17,17,0,1,Unfurnished,10021000.0,32800.0
4523,320,Penthouse,3,2,1258,29,5,3,2,Unfurnished,11390000.0,31100.0
4524,222,Apartment,4,3,1768,26,32,4,2,Fully-Furnished,20610000.0,55700.0
4525,304,Apartment,3,2,1022,9,22,1,1,Semi-Furnished,10031000.0,28300.0
4526,144,Apartment,2,2,1227,25,11,3,1,Unfurnished,14025000.0,26700.0
4527,166,Studio,2,2,1304,8,21,3,1,Unfurnished,16074000.0,46800.0
4528,123,Penthouse,1,1,441,29,6,1,2,Semi-Furnished,4326000.0,7800.0
4529,158,Studio,3,3,1196,18,28,5,1,Unfurnished,11675000.0,34400.0
4530,65,Penthouse,4,4,1728,28,32,3,1,Semi-Furnished,21005000.0,68100.0
4531,419,Apartment,1,1,485,3,11,5,1,Fully-Furnished,3779000.0,10800.0
4532,115,Villa,2,1,1110,17,32,0,1,Semi-Furnished,12037000.0,39000.0
4533,324,Apartment,3,2,1188,6,22,5,1,Semi-Furnished,12069000.0,38600.0
4534,25,Apartment,2,1,726,6,15,5,2,Semi-Furnished,7567000.0,22200.0
4535,8,Apartment,4,3,1860,16,34,1,1,Semi-Furnished,24207000.0,78300.0
4536,166,Row House,2,1,873,9,29,3,1,Unfurnished,9655000.0,32000.0
4537,425,Apartment,1,1,412,19,17,1,1,Semi-Furnished,4904000.0,12000.0
4538,147,Apartment,5,5,1694,22,10,5,2,Unfurnished,17113000.0,43900.0
4539,491,Apartment,3,2,1448,1,19,2,2,Semi-Furnished,16603000.0,43000.0
4540,350,Apartment,2,2,1275,16,29,3,1,Unfurnished,17009000.0,52400.0
4541,277,Apartment,2,2,1208,12,23,1,2,Unfurnished,11474000.0,32000.0
4542,448,Apartment,5,4,1778,1,21,5,1,Semi-Furnished,14372000.0,28200.0
4543,347,Apartment,2,2,1208,23,29,2,1,Unfurnished,12336000.0,36800.0
4544,247,Apartment,2,1,1276,10,20,4,1,Unfurnished,12871000.0,32100.0
4545,39,Penthouse,2,2,1028,6,33,2,2,Unfurnished,10721000.0,33800.0
4546,422,Apartment,4,4,1597,12,17,5,2,Fully-Furnished,18760000.0,71200.0
4547,402,Row House,5,5,1602,28,27,1,2,Unfurnished,24070000.0,62300.0
4548,166,Apartment,3,2,1230,4,31,3,2,Semi-Furnished,15176000.0,50100.0
4549,243,Row House,2,1,871,29,32,2,2,Unfurnished,10087000.0,27300.0
4550,451,Apartment,3,3,1130,20,18,4,1,Unfurnished,11138000.0,30900.0
4551,42,Apartment,1,1,1023,7,14,5,1,Unfurnished,12341000.0,20700.0
4552,344,Apartment,5,4,2137,5,15,3,2,Semi-Furnished,25797000.0,77800.0
4553,260,Apartment,1,1,932,5,32,3,1,Fully-Furnished,9489000.0,31900.0
4554,97,Studio,2,1,768,9,22,3,2,Unfurnished,8488000.0,31100.0
4555,56,Apartment,2,1,1432,7,6,4,2,Semi-Furnished,10846000.0,37600.0
4556,93,Studio,3,2,795,2,24,2,1,Unfurnished,11732000.0,41900.0
4557,439,Villa,3,3,1341,29,25,0,1,Semi-Furnished,13124000.0,31300.0
4558,113,Villa,3,3,1105,8,7,5,1,Fully-Furnished,10957000.0,27300.0
4559,450,Apartment,1,1,633,27,29,3,1,Semi-Furnished,5983000.0,13600.0
4560,499,Penthouse,2,2,1336,20,14,5,1,Fully-Furnished,12682000.0,52100.0
4561,374,Apartment,5,5,2004,2,5,1,1,Unfurnished,22505000.0,76000.0
4562,309,Apartment,4,4,1206,8,23,4,0,Fully-Furnished,14067000.0,47500.0
4563,153,Studio,2,2,643,27,13,3,2,Unfurnished,9213000.0,23900.0
4564,261,Apartment,3,2,1350,18,12,2,2,Semi-Furnished,17526000.0,40000.0
4565,276,Villa,2,2,1045,11,12,4,1,Unfurnished,7759000.0,21600.0
4566,228,Apartment,1,1,715,12,30,2,1,Unfurnished,10740000.0,21300.0
4567,271,Row House,4,4,1443,16,34,0,1,Unfurnished,14014000.0,32800.0
4568,478,Studio,3,2,1501,13,25,5,1,Semi-Furnished,14227000.0,52900.0
4569,309,Apartment,1,1,716,22,18,4,2,Unfurnished,8662000.0,21700.0
4570,203,Apartment,2,2,965,15,12,4,1,Semi-Furnished,12358000.0,22300.0
4571,387,Penthouse,2,2,991,19,25,0,1,Semi-Furnished,12759000.0,38500.0
4572,193,Row House,3,3,1296,17,7,4,1,Unfurnished,12930000.0,36200.0
4573,235,Apartment,4,3,1358,10,8,5,1,Semi-Furnished,12715000.0,34200.0
4574,444,Row House,3,2,985,4,14,2,1,Semi-Furnished,13667000.0,29900.0
4575,115,Studio,2,1,1206,28,6,0,1,Semi-Furnished,15348000.0,43200.0
4576,299,Row House,1,1,928,27,27,3,1,Fully-Furnished,9037000.0,21300.0
4577,146,Apartment,3,2,1144,13,30,0,1,Unfurnished,11686000.0,26900.0
4578,149,Penthouse,3,2,1342,22,20,5,1,Semi-Furnished,14072000.0,46800.0
4579,110,Apartment,1,1,832,19,5,5,1,Semi-Furnished,11398000.0,29300.0
4580,296,Apartment,2,1,630,28,34,3,1,Semi-Furnished,6897000.0,13100.0
4581,328,Apartment,3,3,1750,14,11,4,1,Unfurnished,15680000.0,50000.0
4582,33,Apartment,3,3,1253,6,30,0,1,Fully-Furnished,12685000.0,35400.0
4583,183,Row House,3,2,1494,1,15,3,1,Fully-Furnished,16214000.0,42600.0
4584,26,Apartment,3,3,1494,1,4,3,1,Unfurnished,17765000.0,64600.0
4585,488,Apartment,4,3,1682,24,25,1,0,Unfurnished,22755000.0,62900.0
4586,74,Row House,1,1,1121,23,14,4,2,Fully-Furnished,7876000.0,23800.0
4587,428,Apartment,2,1,1018,5,23,4,0,Semi-Furnished,12398000.0,38200.0
4588,212,Studio,1,1,751,3,13,4,1,Fully-Furnished,6348000.0,17100.0
4589,450,Apartment,3,3,1450,4,15,3,1,Unfurnished,16526000.0,32000.0
4590,126,Apartment,3,3,1328,0,29,4,2,Semi-Furnished,15479000.0,49800.0
4591,486,Villa,4,3,1276,21,28,3,2,Unfurnished,12030000.0,31400.0
4592,452,Villa,3,2,1341,20,27,2,1,Semi-Furnished,15627000.0,46900.0
4593,223,Apartment,2,2,875,26,27,5,1,Unfurnished,10924000.0,26200.0
4594,403,Penthouse,5,4,1436,16,22,3,1,Fully-Furnished,13536000.0,35100.0
4595,392,Apartment,3,3,1318,17,30,2,0,Unfurnished,11959000.0,32200.0
4596,482,Villa,2,1,1024,28,24,2,2,Fully-Furnished,12805000.0,28000.0
4597,420,Villa,2,2,1314,10,19,4,1,Unfurnished,13365000.0,33200.0
4598,403,Apartment,3,2,1206,21,9,3,2,Semi-Furnished,12231000.0,43500.0
4599,484,Apartment,2,1,1004,2,8,5,1,Unfurnished,12076000.0,35700.0
4600,417,Apartment,2,1,1320,0,4,5,1,Fully-Furnished,16701000.0,48300.0
4601,34,Studio,3,2,1159,26,13,0,1,Semi-Furnished,11252000.0,27700.0
4602,153,Villa,5,4,1791,17,14,3,1,Unfurnished,21075000.0,51300.0
4603,88,Studio,2,2,1286,5,13,3,2,Unfurnished,16364000.0,49600.0
4604,497,Villa,1,1,505,27,8,4,1,Unfurnished,5110000.0,9200.0
4605,60,Apartment,1,1,946,3,14,1,2,Unfurnished,11529000.0,32600.0
4606,149,Villa,2,2,1165,15,15,5,1,Fully-Furnished,12888000.0,31900.0
4607,323,Row House,4,4,1582,20,8,1,1,Semi-Furnished,16584000.0,51500.0
4608,170,Apartment,3,2,1234,29,12,0,2,Fully-Furnished,10668000.0,40300.0
4609,77,Row House,3,3,1339,9,5,5,1,Fully-Furnished,16915000.0,46300.0
4610,239,Apartment,4,4,1850,20,22,1,1,Semi-Furnished,18270000.0,61400.0
4611,20,Villa,2,1,1243,5,24,4,2,Unfurnished,14664000.0,46500.0
4612,473,Villa,2,1,991,22,23,4,2,Fully-Furnished,7491000.0,21800.0
4613,164,Apartment,2,1,1031,22,13,5,1,Semi-Furnished,8174000.0,19400.0
4614,444,Villa,4,4,1351,10,4,2,2,Fully-Furnished,16472000.0,44700.0
4615,221,Villa,1,1,363,16,24,4,2,Semi-Furnished,3171000.0,7300.0
4616,187,Penthouse,3,2,1337,18,14,0,0,Unfurnished,16003000.0,41300.0
4617,300,Apartment,1,1,796,22,18,3,1,Fully-Furnished,8173000.0,19300.0
4618,38,Apartment,3,3,1293,22,8,2,1,Semi-Furnished,16305000.0,48300.0
4619,298,Apartment,1,1,454,21,11,3,0,Semi-Furnished,3286000.0,8300.0
4620,10,Studio,4,4,1565,28,22,3,1,Unfurnished,11340000.0,32600.0
4621,249,Apartment,1,1,855,16,9,3,2,Semi-Furnished,7689000.0,18800.0
4622,342,Row House,4,4,1426,18,26,4,2,Unfurnished,15907000.0,36600.0
4623,7,Apartment,3,3,1416,19,28,2,1,Fully-Furnished,13690000.0,43000.0
4624,451,Apartment,2,1,1015,15,9,4,2,Unfurnished,13202000.0,39500.0
4625,120,Apartment,3,3,1514,16,10,3,2,Fully-Furnished,16143000.0,51400.0
4626,421,Apartment,4,4,1588,10,27,1,0,Unfurnished,17318000.0,59000.0
4627,454,Row House,4,4,1444,15,12,1,2,Unfurnished,13423000.0,38000.0
4628,418,Apartment,4,3,1720,7,19,2,1,Fully-Furnished,16148000.0,44000.0
4629,458,Studio,5,5,1782,4,11,4,0,Unfurnished,25447000.0,65800.0
4630,154,Apartment,2,2,1070,27,31,1,1,Fully-Furnished,11978000.0,37700.0
4631,147,Apartment,1,1,536,20,27,5,1,Unfurnished,5040000.0,9700.0
4632,443,Studio,1,1,745,26,19,1,1,Unfurnished,7808000.0,23600.0
4633,5,Apartment,1,1,558,22,32,5,1,Fully-Furnished,5790000.0,17200.0
4634,395,Penthouse,2,2,1085,18,20,0,2,Semi-Furnished,11646000.0,43800.0
4635,187,Apartment,2,1,1278,18,8,0,0,Fully-Furnished,14624000.0,45800.0
4636,441,Villa,4,4,1608,13,19,4,0,Unfurnished,20750000.0,75000.0
4637,112,Row House,2,1,992,4,24,1,2,Fully-Furnished,9441000.0,26800.0
4638,96,Villa,2,2,1025,29,33,3,0,Unfurnished,10891000.0,37500.0
4639,170,Penthouse,1,1,999,24,14,0,1,Unfurnished,8524000.0,19800.0
4640,27,Apartment,2,1,761,9,4,0,0,Semi-Furnished,9973000.0,38000.0
4641,491,Studio,2,2,1096,14,13,2,2,Unfurnished,11422000.0,41000.0
4642,188,Villa,1,1,591,9,26,2,1,Semi-Furnished,5425000.0,19700.0
4643,109,Studio,4,3,1485,23,25,3,0,Semi-Furnished,16160000.0,49400.0
4644,286,Apartment,3,2,1407,14,32,3,2,Semi-Furnished,14916000.0,32200.0
4645,495,Apartment,1,1,740,17,29,1,0,Unfurnished,8300000.0,15200.0
4646,483,Apartment,3,3,1085,14,16,5,1,Fully-Furnished,10771000.0,30500.0
4647,147,Apartment,4,3,1600,2,34,5,2,Fully-Furnished,17448000.0,35800.0
4648,428,Row House,4,4,1679,29,23,4,1,Fully-Furnished,22622000.0,
4649,266,Apartment,3,3,1248,27,33,2,1,Unfurnished,15423000.0,46900.0
4650,224,Apartment,2,1,1110,20,14,0,2,Unfurnished,10528000.0,37700.0
4651,442,Apartment,3,2,1151,13,13,5,1,Unfurnished,9222000.0,19600.0
4652,401,Studio,2,1,1314,7,23,5,2,Unfurnished,12026000.0,28600.0
4653,212,Penthouse,1,1,764,2,19,4,2,Fully-Furnished,5639000.0,12900.0
4654,496,Studio,2,2,742,21,16,4,1,Unfurnished,8840000.0,19000.0
4655,129,Row House,2,2,1513,1,28,1,2,Unfurnished,15620000.0,36100.0
4656,361,Apartment,3,2,1064,4,15,0,1,Unfurnished,10937000.0,29200.0
4657,158,Studio,2,2,1273,19,28,5,1,Fully-Furnished,12060000.0,39200.0
4658,59,Apartment,4,3,1769,26,34,1,1,Unfurnished,17092000.0,52200.0
4659,80,Apartment,3,2,1364,22,15,5,1,Unfurnished,14569000.0,47300.0
4660,126,Villa,4,4,1000,23,7,4,1,Unfurnished,10531000.0,39000.0
4661,73,Apartment,3,2,1385,19,16,3,2,Unfurnished,16256000.0,32000.0
4662,79,Studio,3,3,1118,13,21,3,1,Unfurnished,10990000.0,26800.0
4663,299,Apartment,2,2,699,25,29,3,0,Semi-Furnished,7586000.0,15500.0
4664,113,Row House,4,3,1444,9,4,5,0,Fully-Furnished,15152000.0,42800.0
4665,436,Apartment,1,1,815,21,10,3,1,Semi-Furnished,8236000.0,20000.0
4666,372,Penthouse,3,3,1426,6,19,5,1,Unfurnished,14908000.0,34500.0
4667,374,Apartment,3,2,1537,16,26,1,2,Unfurnished,14332000.0,36800.0
4668,31,Studio,3,3,1421,14,19,2,1,Semi-Furnished,19085000.0,56900.0
4669,448,Apartment,3,3,1068,12,26,5,1,Semi-Furnished,12365000.0,27500.0
4670,54,Villa,2,2,785,15,17,1,1,Semi-Furnished,8400000.0,21000.0
4671,439,Apartment,5,5,1912,15,16,0,2,Semi-Furnished,15753000.0,56400.0
4672,496,Apartment,3,3,1248,29,28,4,1,Unfurnished,12936000.0,36800.0
4673,2,Penthouse,4,4,1486,23,14,3,2,Fully-Furnished,14185000.0,40100.0
4674,384,Apartment,3,2,1236,1,23,0,2,Unfurnished,13968000.0,46500.0
4675,287,Apartment,3,2,1068,10,11,3,0,Fully-Furnished,12110000.0,34800.0
4676,218,Apartment,2,2,917,25,18,4,1,Unfurnished,9127000.0,25200.0
4677,48,Penthouse,3,2,1149,8,15,2,0,Unfurnished,9569000.0,22800.0
4678,247,Row House,5,5,2144,17,22,4,0,Semi-Furnished,25377000.0,69800.0
4679,317,Penthouse,3,2,1572,23,5,1,1,Unfurnished,13005000.0,33500.0
4680,82,Apartment,3,2,1099,24,28,5,1,Semi-Furnished,12314000.0,53200.0
4681,481,Studio,3,3,1646,13,7,5,0,Semi-Furnished,14940000.0,37900.0
4682,418,Apartment,2,1,828,12,10,2,2,Semi-Furnished,8254000.0,19800.0
4683,113,Apartment,4,3,1888,4,12,5,1,Fully-Furnished,20487000.0,59600.0
4684,382,Apartment,2,1,802,14,6,1,2,Unfurnished,6554000.0,12800.0
4685,446,Studio,2,2,865,4,7,5,2,Unfurnished,8879000.0,26600.0
4686,380,Villa,2,1,811,18,24,0,0,Fully-Furnished,10421000.0,18800.0
4687,457,Apartment,3,3,986,15,24,3,1,Semi-Furnished,12575000.0,34700.0
4688,419,Apartment,2,2,1010,22,26,5,1,Semi-Furnished,7949000.0,18800.0
4689,356,Apartment,3,2,1401,10,6,2,1,Unfurnished,10033000.0,23000.0
4690,224,Villa,2,2,911,22,8,0,2,Fully-Furnished,9940000.0,42300.0
4691,109,Apartment,4,4,1887,1,32,3,0,Unfurnished,19993000.0,62500.0
4692,216,Apartment,5,5,1982,7,12,0,2,Semi-Furnished,23286000.0,56900.0
4693,67,Apartment,3,3,1072,15,25,4,1,Fully-Furnished,10217000.0,30300.0
4694,429,Apartment,2,1,1236,13,21,5,2,Unfurnished,10627000.0,30900.0
4695,192,Apartment,4,3,1510,22,34,1,1,Unfurnished,15832000.0,47700.0
4696,4,Row House,2,2,1065,25,10,4,1,Fully-Furnished,9241000.0,22500.0
4697,173,Studio,2,1,822,6,31,3,1,Unfurnished,9322000.0,28800.0
4698,362,Studio,5,5,1833,25,32,5,2,Unfurnished,16881000.0,47800.0
4699,456,Penthouse,2,2,1211,19,32,3,0,Semi-Furnished,11529000.0,30300.0
4700,204,Row House,1,1,629,1,24,3,1,Unfurnished,5745000.0,14100.0
4701,95,Villa,2,2,1042,16,15,4,1,Unfurnished,7894000.0,18000.0
4702,436,Apartment,2,1,655,13,33,3,2,Unfurnished,6560000.0,22200.0
4703,17,Apartment,3,3,1162,9,8,2,2,Unfurnished,11261000.0,39100.0
4704,451,Apartment,2,1,1165,19,5,4,1,Fully-Furnished,16708000.0,48300.0
4705,317,Penthouse,2,2,1045,9,14,1,1,Fully-Furnished,11349000.0,
4706,116,Penthouse,2,2,1251,4,31,3,2,Fully-Furnished,12690000.0,33300.0
4707,303,Apartment,4,4,1664,19,14,3,1,Unfurnished,15941000.0,34300.0
4708,271,Studio,1,1,1085,7,4,0,2,Fully-Furnished,11488000.0,39500.0
4709,484,Penthouse,4,3,1723,21,6,5,2,Unfurnished,16117000.0,40500.0
4710,410,Apartment,3,3,966,29,32,4,2,Unfurnished,8606000.0,23400.0
4711,273,Apartment,2,1,1066,13,24,2,1,Semi-Furnished,12156000.0,32400.0
4712,464,Apartment,1,1,796,19,20,1,0,Semi-Furnished,8593000.0,30800.0
4713,360,Studio,2,1,884,10,16,2,1,Semi-Furnished,10095000.0,20300.0
4714,317,Apartment,3,2,1202,28,21,1,1,Unfurnished,8951000.0,19300.0
4715,32,Row House,3,2,1615,14,27,5,1,Fully-Furnished,19268000.0,62700.0
4716,74,Row House,3,2,1112,7,33,4,1,Unfurnished,9839000.0,36900.0
4717,371,Apartment,1,1,690,6,7,4,2,Semi-Furnished,8233000.0,21300.0
4718,425,Apartment,3,3,1128,7,5,1,2,Unfurnished,10957000.0,36700.0
4719,260,Apartment,1,1,587,28,24,3,2,Semi-Furnished,5135000.0,14600.0
4720,209,Row House,4,3,1642,27,9,4,1,Fully-Furnished,17206000.0,39900.0
4721,111,Penthouse,4,3,1641,14,7,1,1,Semi-Furnished,13690000.0,31900.0
4722,174,Villa,1,1,774,9,18,5,0,Unfurnished,7802000.0,19900.0
4723,35,Villa,2,1,897,8,25,4,1,Semi-Furnished,9607000.0,32900.0
4724,82,Apartment,3,3,1028,18,5,5,0,Unfurnished,12397000.0,34600.0
4725,281,Apartment,2,1,1110,5,15,3,1,Fully-Furnished,13083000.0,36700.0
4726,223,Apartment,1,1,295,6,14,5,0,Fully-Furnished,3471000.0,8600.0
4727,386,Apartment,2,2,603,19,17,1,1,Unfurnished,7025000.0,19300.0
4728,40,Studio,1,1,851,21,27,3,2,Unfurnished,12011000.0,41700.0
4729,20,Row House,3,3,1410,22,6,4,1,Fully-Furnished,15017000.0,44900.0
4730,494,Apartment,3,2,1350,17,28,3,1,Unfurnished,18689000.0,58900.0
4731,265,Studio,2,2,935,17,8,1,1,Semi-Furnished,8870000.0,23100.0
4732,121,Row House,2,2,604,3,13,1,1,Semi-Furnished,5669000.0,19200.0
4733,329,Row House,3,3,1612,18,32,2,1,Semi-Furnished,22243000.0,52400.0
4734,34,Apartment,1,1,951,25,25,0,2,Semi-Furnished,10118000.0,25400.0
4735,40,Studio,3,3,871,5,16,3,1,Unfurnished,11863000.0,31500.0
4736,135,Apartment,3,2,1724,28,9,5,1,Unfurnished,23757000.0,63000.0
4737,185,Apartment,4,4,1485,25,17,2,0,Unfurnished,12156000.0,27200.0
4738,363,Studio,4,3,1621,26,4,4,1,Semi-Furnished,13648000.0,48900.0
4739,59,Apartment,3,3,1217,4,10,1,0,Unfurnished,10729000.0,25700.0
4740,171,Apartment,4,3,1441,28,17,2,2,Fully-Furnished,14406000.0,46400.0
4741,420,Villa,3,2,1534,24,29,4,1,Unfurnished,21297000.0,59200.0
4742,494,Apartment,4,4,1495,20,29,3,2,Unfurnished,14579000.0,43800.0
4743,382,Row House,4,4,1356,12,10,1,1,Unfurnished,9183000.0,19100.0
4744,69,Apartment,5,4,1934,29,31,4,0,Fully-Furnished,15632000.0,28500.0
4745,363,Apartment,4,4,1983,11,4,4,2,Unfurnished,17532000.0,52800.0
4746,203,Villa,1,1,736,7,28,4,2,Semi-Furnished,7824000.0,25600.0
4747,265,Apartment,3,2,1388,20,4,1,1,Semi-Furnished,12719000.0,38700.0
4748,264,Apartment,2,1,833,29,15,5,2,Semi-Furnished,9249000.0,23800.0
4749,33,Apartment,2,2,1021,24,19,0,1,Semi-Furnished,9532000.0,30900.0
4750,58,Villa,4,4,1659,15,22,0,1,Semi-Furnished,15664000.0,35100.0
4751,228,Apartment,3,3,1508,9,26,2,0,Semi-Furnished,20412000.0,56600.0
4752,40,Apartment,2,1,1367,16,9,3,1,Unfurnished,15989000.0,40700.0
4753,340,Studio,1,1,1014,16,17,1,1,Semi-Furnished,15395000.0,37400.0
4754,16,Row House,2,2,960,7,11,2,1,Fully-Furnished,7466000.0,24300.0
4755,403,Studio,2,1,1043,15,17,3,2,Fully-Furnished,11048000.0,35600.0
4756,487,Studio,1,1,698,26,13,3,0,Semi-Furnished,6524000.0,22400.0
4757,447,Apartment,2,2,1284,5,16,4,1,Semi-Furnished,12929000.0,39500.0
4758,184,Villa,1,1,801,27,14,2,2,Unfurnished,7467000.0,20700.0
4759,58,Apartment,4,3,1520,17,29,0,0,Unfurnished,14885000.0,31600.0
4760,66,Apartment,4,4,1403,17,33,1,1,Fully-Furnished,15742000.0,32500.0
4761,21,Villa,2,2,816,10,16,4,1,Semi-Furnished,9201000.0,29500.0
4762,131,Studio,2,1,752,3,16,3,2,Semi-Furnished,9148000.0,31100.0
4763,345,Apartment,5,5,1872,11,19,5,1,Unfurnished,19281000.0,49100.0
4764,2,Apartment,3,2,1064,28,29,3,2,Unfurnished,11052000.0,29900.0
4765,468,Apartment,3,3,954,25,17,1,1,Unfurnished,13985000.0,53500.0
4766,96,Studio,2,1,941,20,8,3,2,Semi-Furnished,12641000.0,41300.0
4767,109,Apartment,4,3,1522,17,13,3,1,Unfurnished,13043000.0,37400.0
4768,275,Apartment,2,2,900,2,34,4,0,Unfurnished,8127000.0,18600.0
4769,313,Studio,3,3,1092,29,19,4,0,Unfurnished,12118000.0,41200.0
4770,423,Apartment,3,3,1311,27,11,2,1,Semi-Furnished,10392000.0,27700.0
4771,191,Apartment,2,2,1165,9,6,4,1,Unfurnished,12757000.0,30600.0
4772,4,Apartment,2,2,783,6,16,4,1,Fully-Furnished,10102000.0,31700.0
4773,185,Villa,4,3,1625,22,4,2,1,Unfurnished,20857000.0,38800.0
4774,372,Studio,3,2,1386,4,15,5,2,Semi-Furnished,15109000.0,41700.0
4775,228,Penthouse,2,2,641,20,24,2,1,Semi-Furnished,10027000.0,31300.0
4776,297,Apartment,3,3,1341,8,23,2,1,Unfurnished,11017000.0,28700.0
4777,48,Apartment,1,1,799,12,31,2,1,Semi-Furnished,9210000.0,27200.0
4778,199,Penthouse,1,1,669,10,24,1,1,Semi-Furnished,5629000.0,16400.0
4779,83,Studio,1,1,865,8,8,2,1,Unfurnished,7719000.0,24600.0
4780,326,Apartment,2,2,670,7,20,3,1,Semi-Furnished,4783000.0,13200.0
4781,417,Apartment,3,2,1500,2,21,5,0,Unfurnished,15081000.0,48300.0
4782,221,Row House,2,2,972,13,27,4,2,Unfurnished,11118000.0,32900.0
4783,310,Studio,2,1,1061,4,18,1,1,Fully-Furnished,9763000.0,26900.0
4784,55,Studio,1,1,689,3,26,2,1,Unfurnished,11266000.0,33400.0
4785,214,Apartment,3,2,1345,10,26,4,0,Semi-Furnished,14679000.0,32200.0
4786,396,Penthouse,3,2,1368,11,30,2,2,Unfurnished,12204000.0,28900.0
4787,314,Studio,2,1,1015,11,29,3,1,Semi-Furnished,10247000.0,28000.0
4788,454,Apartment,4,3,1653,27,20,1,0,Unfurnished,13010000.0,32900.0
4789,365,Row House,3,2,1523,9,17,1,1,Unfurnished,13680000.0,42000.0
4790,356,Apartment,4,3,1702,5,8,2,1,Fully-Furnished,19022000.0,46500.0
4791,414,Apartment,1,1,609,16,28,5,2,Unfurnished,6423000.0,17300.0
4792,234,Penthouse,2,1,893,7,22,2,1,Unfurnished,6761000.0,24500.0
4793,17,Apartment,3,2,929,5,12,2,1,Fully-Furnished,10164000.0,29000.0
4794,207,Studio,3,3,1020,0,12,5,1,Semi-Furnished,9943000.0,27500.0
4795,397,Apartment,2,2,989,5,12,1,2,Unfurnished,9209000.0,
4796,126,Apartment,1,1,935,28,19,4,0,Semi-Furnished,9645000.0,24700.0
4797,233,Studio,4,4,1716,28,8,3,0,Semi-Furnished,20482000.0,42800.0
4798,89,Villa,4,4,1561,11,18,4,2,Semi-Furnished,12948000.0,18300.0
4799,173,Penthouse,2,1,1032,1,4,3,0,Fully-Furnished,11779000.0,24500.0
4800,361,Studio,4,3,1763,25,5,0,0,Semi-Furnished,21926000.0,58700.0
4801,360,Studio,3,2,1217,29,6,2,1,Unfurnished,14276000.0,53700.0
4802,145,Apartment,4,4,1709,11,9,2,1,Unfurnished,15189000.0,42800.0
4803,372,Apartment,2,2,812,15,21,5,1,Unfurnished,9554000.0,31800.0
4804,26,Row House,3,2,1448,11,32,3,2,Semi-Furnished,15232000.0,47400.0
4805,298,Apartment,4,4,1572,14,6,3,1,Unfurnished,20155000.0,44000.0
4806,274,Studio,3,3,1215,25,25,0,1,Semi-Furnished,14642000.0,44900.0
4807,289,Row House,1,1,1031,0,31,4,0,Unfurnished,12266000.0,35600.0
4808,286,Studio,4,4,1421,9,6,3,1,Unfurnished,18081000.0,41100.0
4809,454,Apartment,3,2,906,5,5,1,2,Semi-Furnished,8531000.0,22100.0
4810,400,Apartment,3,3,1191,1,6,4,0,Fully-Furnished,8658000.0,23900.0
4811,95,Row House,2,1,1177,18,28,4,0,Unfurnished,12188000.0,39000.0
4812,81,Row House,5,5,2008,12,15,4,2,Unfurnished,16897000.0,40000.0
4813,417,Apartment,2,2,1131,8,32,5,1,Unfurnished,14172000.0,35700.0
4814,57,Apartment,3,3,1504,3,5,0,0,Unfurnished,17834000.0,59100.0
4815,468,Apartment,4,3,1578,15,26,1,1,Unfurnished,20625000.0,60100.0
4816,126,Villa,3,3,1281,10,7,4,1,Unfurnished,14598000.0,47700.0
4817,12,Apartment,2,2,717,24,13,5,1,Fully-Furnished,7399000.0,16300.0
4818,148,Penthouse,2,2,982,9,34,2,1,Semi-Furnished,11031000.0,16400.0
4819,314,Apartment,2,2,920,18,29,3,1,Unfurnished,22342500.0,23400.0
4820,229,Penthouse,2,1,778,4,23,3,1,Semi-Furnished,6145000.0,18500.0
4821,83,Apartment,3,2,1398,0,21,2,0,Unfurnished,17939000.0,55600.0
4822,165,Apartment,1,1,425,13,4,2,1,Semi-Furnished,3586000.0,8800.0
4823,276,Studio,2,2,1150,17,31,4,0,Unfurnished,10129000.0,37100.0
4824,413,Apartment,4,3,1803,12,19,3,2,Unfurnished,16604000.0,48400.0
4825,212,Row House,2,2,904,28,6,4,1,Fully-Furnished,4772000.0,9100.0
4826,315,Apartment,2,1,1288,25,31,1,0,Unfurnished,13930000.0,49000.0
4827,87,Studio,2,2,1001,16,20,2,1,Unfurnished,7932000.0,26000.0
4828,325,Penthouse,2,2,1270,16,14,5,1,Fully-Furnished,13838000.0,36100.0
4829,137,Apartment,3,3,1168,14,11,1,0,Unfurnished,12210000.0,26300.0
4830,434,Apartment,1,1,469,2,26,5,1,Semi-Furnished,4339000.0,9700.0
4831,440,Row House,3,2,1102,0,17,2,2,Fully-Furnished,10997000.0,32900.0
4832,444,Studio,3,3,1210,6,12,2,2,Fully-Furnished,16327000.0,34900.0
4833,244,Studio,3,3,1169,14,28,0,0,Fully-Furnished,10401000.0,27200.0
4834,425,Apartment,2,1,964,24,34,1,1,Unfurnished,10149000.0,36000.0
4835,239,Apartment,3,3,1378,4,27,1,2,Semi-Furnished,17868000.0,50600.0
4836,11,Studio,2,2,1358,15,25,5,2,Unfurnished,14721000.0,19200.0
4837,290,Apartment,3,2,1065,17,4,0,2,Unfurnished,8106000.0,24400.0
4838,287,Apartment,3,2,1267,26,15,3,1,Semi-Furnished,12670000.0,44000.0
4839,146,Apartment,1,1,508,9,23,0,2,Semi-Furnished,5274000.0,18400.0
4840,377,Apartment,2,1,1303,13,25,1,1,Fully-Furnished,13598000.0,38000.0
4841,9,Row House,2,2,978,11,24,5,1,Unfurnished,9315000.0,19100.0
4842,133,Apartment,2,1,932,24,23,3,0,Semi-Furnished,9593000.0,27300.0
4843,392,Villa,3,3,953,9,13,2,1,Semi-Furnished,9152000.0,27600.0
4844,457,Apartment,3,2,1159,27,5,3,2,Unfurnished,15152000.0,37600.0
4845,275,Apartment,1,1,719,1,17,4,1,Semi-Furnished,7284000.0,18700.0
4846,263,Row House,1,1,569,1,8,3,1,Semi-Furnished,7005000.0,14200.0
4847,48,Apartment,2,1,1502,0,6,2,0,Unfurnished,13250000.0,37300.0
4848,258,Apartment,2,1,1066,27,4,5,2,Semi-Furnished,12482000.0,33100.0
4849,189,Villa,3,2,1229,14,14,1,1,Unfurnished,14203000.0,46900.0
4850,325,Apartment,3,3,990,10,23,5,1,Unfurnished,11832000.0,37000.0
4851,185,Studio,3,3,1523,3,24,2,1,Semi-Furnished,15477000.0,46200.0
4852,386,Apartment,4,3,1544,29,32,1,1,Unfurnished,17329000.0,48000.0
4853,150,Apartment,4,4,1420,9,23,5,0,Unfurnished,17377000.0,36800.0
4854,267,Villa,2,1,701,26,13,5,2,Unfurnished,7320000.0,24900.0
4855,171,Row House,1,1,504,15,16,2,0,Fully-Furnished,5303000.0,11800.0
4856,66,Penthouse,2,2,564,17,20,1,2,Unfurnished,6966000.0,24700.0
4857,278,Apartment,3,2,1248,7,11,3,1,Fully-Furnished,12876000.0,44700.0
4858,97,Apartment,2,2,1216,14,16,3,2,Unfurnished,13533000.0,42900.0
4859,122,Villa,1,1,749,20,34,3,0,Unfurnished,7267000.0,18900.0
4860,10,Apartment,1,1,714,28,15,3,0,Fully-Furnished,5592000.0,16700.0
4861,256,Apartment,2,1,1168,16,10,2,2,Semi-Furnished,11168000.0,30900.0
4862,5,Apartment,2,1,764,11,29,5,2,Fully-Furnished,8895000.0,
4863,80,Row House,2,1,1101,24,14,5,1,Semi-Furnished,12665000.0,34100.0
4864,67,Apartment,3,3,1320,23,19,4,1,Fully-Furnished,14292000.0,41600.0
4865,371,Apartment,3,3,1227,16,12,4,1,Unfurnished,15181000.0,49600.0
4866,389,Studio,1,1,876,21,6,5,1,Semi-Furnished,8209000.0,22700.0
4867,178,Villa,3,2,1612,12,18,4,2,Semi-Furnished,21778000.0,61100.0
4868,360,Apartment,3,3,1437,14,21,2,1,Unfurnished,15797000.0,48800.0
4869,272,Studio,3,2,1053,11,15,0,0,Unfurnished,9572000.0,26300.0
4870,482,Villa,2,1,1238,5,12,2,0,Semi-Furnished,14365000.0,44900.0
4871,208,Row House,1,1,834,7,12,3,0,Fully-Furnished,12776000.0,33300.0
4872,180,Apartment,2,1,1167,27,5,3,2,Semi-Furnished,15038000.0,38300.0
4873,267,Apartment,2,2,880,25,26,5,0,Unfurnished,12500000.0,36900.0
4874,237,Row House,3,2,1595,26,16,5,2,Fully-Furnished,17414000.0,68200.0
4875,123,Penthouse,4,4,1560,18,15,1,2,Semi-Furnished,17589000.0,53700.0
4876,99,Villa,3,2,978,19,14,3,1,Semi-Furnished,8421000.0,23300.0
4877,186,Apartment,3,2,1413,12,31,5,1,Unfurnished,15748000.0,40400.0
4878,451,Apartment,1,1,813,6,11,4,1,Fully-Furnished,10022000.0,36900.0
4879,169,Studio,2,1,1172,4,11,1,1,Semi-Furnished,15550000.0,41400.0
4880,484,Apartment,2,1,913,4,17,5,0,Unfurnished,7941000.0,19500.0
4881,87,Penthouse,4,4,1712,12,26,2,1,Fully-Furnished,15826000.0,45400.0
4882,95,Apartment,3,2,1172,9,20,4,1,Unfurnished,11020000.0,31600.0
4883,34,Apartment,2,1,928,24,25,0,2,Unfurnished,6918000.0,15700.0
4884,266,Apartment,2,1,1003,19,8,2,2,Fully-Furnished,11491000.0,33200.0
4885,224,Penthouse,4,4,1529,28,33,0,0,Semi-Furnished,15656000.0,45800.0
4886,158,Apartment,3,3,1504,15,20,5,1,Semi-Furnished,12131000.0,30000.0
4887,286,Villa,3,3,1631,16,18,3,2,Unfurnished,21965000.0,55800.0
4888,321,Studio,2,1,1003,10,15,3,1,Unfurnished,8067000.0,24100.0
4889,321,Apartment,3,2,1550,24,25,3,1,Semi-Furnished,14754000.0,48400.0
4890,454,Villa,4,4,1103,28,24,1,1,Semi-Furnished,12206000.0,21900.0
4891,174,Apartment,2,1,1201,17,9,5,1,Unfurnished,14714000.0,43800.0
4892,491,Apartment,2,1,921,13,24,2,1,Semi-Furnished,12180000.0,28400.0
4893,142,Apartment,2,2,641,18,10,3,2,Semi-Furnished,8147000.0,22300.0
4894,151,Apartment,4,4,1750,28,25,5,2,Fully-Furnished,17645000.0,46200.0
4895,272,Penthouse,4,3,1734,29,32,0,1,Fully-Furnished,18737000.0,43300.0
4896,463,Apartment,4,4,1657,28,14,1,0,Unfurnished,17477000.0,65500.0
4897,425,Penthouse,3,2,905,29,31,1,2,Semi-Furnished,9813000.0,25500.0
4898,30,Apartment,2,2,747,13,16,1,0,Semi-Furnished,6256000.0,15400.0
4899,384,Penthouse,1,1,971,25,18,0,1,Semi-Furnished,14336000.0,48600.0
4900,1,Studio,4,3,1683,2,15,1,1,Semi-Furnished,13194000.0,38500.0
4901,302,Penthouse,1,1,668,16,23,3,2,Fully-Furnished,9213000.0,20900.0
4902,254,Apartment,3,3,1179,19,17,0,1,Fully-Furnished,14404000.0,35400.0
4903,308,Row House,3,2,1131,21,20,4,2,Fully-Furnished,10205000.0,26000.0
4904,97,Apartment,2,1,1002,9,9,3,1,Unfurnished,9464000.0,28500.0
4905,412,Studio,2,1,1199,0,8,5,1,Unfurnished,9690000.0,24800.0
4906,200,Studio,1,1,955,0,16,4,1,Unfurnished,10076000.0,35400.0
4907,268,Apartment,2,2,1276,1,25,0,0,Unfurnished,13763000.0,23300.0
4908,39,Apartment,2,1,903,27,5,2,0,Semi-Furnished,9630000.0,15700.0
4909,161,Penthouse,1,1,779,6,14,1,0,Fully-Furnished,11432000.0,33400.0
4910,83,Apartment,4,4,1728,11,27,2,1,Unfurnished,17084000.0,52500.0
4911,327,Row House,2,2,812,10,19,5,2,Unfurnished,8916000.0,19200.0
4912,63,Apartment,3,2,1153,5,34,1,1,Fully-Furnished,14234000.0,42400.0
4913,427,Villa,3,2,1250,16,29,0,1,Semi-Furnished,12663000.0,34800.0
4914,238,Studio,3,2,1535,11,31,2,1,Unfurnished,14783000.0,49200.0
4915,281,Penthouse,2,2,1347,11,10,3,1,Fully-Furnished,13838000.0,33400.0
4916,416,Apartment,2,2,923,13,13,0,1,Fully-Furnished,10977000.0,31200.0
4917,250,Studio,3,2,878,17,32,4,1,Semi-Furnished,12347000.0,37400.0
4918,429,Penthouse,2,2,812,23,29,5,1,Unfurnished,8436000.0,21400.0
4919,400,Apartment,2,1,585,0,30,4,1,Unfurnished,4650000.0,12600.0
4920,459,Apartment,3,3,1090,17,26,2,1,Unfurnished,11481000.0,29800.0
4921,292,Apartment,5,5,1878,0,28,5,2,Unfurnished,19294000.0,67100.0
4922,491,Row House,2,2,844,7,25,2,1,Semi-Furnished,8273000.0,25000.0
4923,493,Apartment,2,2,700,18,28,3,2,Semi-Furnished,9014000.0,22100.0
4924,300,Villa,2,2,1219,28,28,3,2,Unfurnished,12875000.0,25200.0
4925,236,Apartment,3,2,1201,3,19,5,1,Unfurnished,12157000.0,25000.0
4926,188,Apartment,3,2,1409,20,21,2,2,Unfurnished,12187000.0,45800.0
4927,134,Studio,3,3,1648,10,20,3,1,Unfurnished,17351000.0,41400.0
4928,343,Penthouse,1,1,873,27,28,3,2,Semi-Furnished,11545000.0,36300.0
4929,489,Apartment,4,3,1555,14,24,1,1,Fully-Furnished,20603000.0,49500.0
4930,161,Studio,1,1,509,18,6,1,1,Fully-Furnished,5240000.0,17000.0
4931,35,Apartment,2,1,1354,15,30,4,1,Semi-Furnished,15786000.0,51700.0
4932,53,Penthouse,3,3,1596,18,8,4,1,Semi-Furnished,18770000.0,51100.0
4933,127,Apartment,1,1,634,20,11,2,1,Fully-Furnished,5694000.0,15400.0
4934,124,Apartment,1,1,543,0,15,1,2,Semi-Furnished,4747000.0,15300.0
4935,361,Villa,3,3,1114,5,24,0,2,Fully-Furnished,12566000.0,29200.0
4936,198,Villa,2,1,1240,12,16,3,1,Semi-Furnished,14296000.0,37500.0
4937,400,Apartment,2,2,737,28,5,4,1,Unfurnished,6223000.0,16500.0
4938,25,Apartment,2,2,941,22,22,5,1,Unfurnished,10909000.0,28900.0
4939,365,Villa,4,4,843,26,25,1,1,Fully-Furnished,7781000.0,22700.0
4940,91,Apartment,4,4,1643,23,13,3,0,Semi-Furnished,20517000.0,62500.0
4941,495,Studio,4,3,1565,19,34,1,2,Unfurnished,19974000.0,48600.0
4942,118,Penthouse,2,2,982,29,13,0,1,Unfurnished,6742000.0,23600.0
4943,320,Villa,4,3,1374,20,9,3,0,Unfurnished,13040000.0,29000.0
4944,71,Apartment,3,3,1149,5,6,1,2,Unfurnished,11866000.0,29500.0
4945,280,Apartment,3,2,1393,14,9,1,0,Fully-Furnished,13447000.0,44100.0
4946,475,Penthouse,3,3,1599,25,27,2,1,Semi-Furnished,17878000.0,57000.0
4947,296,Penthouse,4,3,1776,22,34,3,2,Semi-Furnished,23277000.0,88400.0
4948,165,Apartment,2,2,1150,17,31,2,1,Fully-Furnished,11517000.0,47300.0
4949,35,Penthouse,2,2,1060,21,4,4,2,Unfurnished,12138000.0,27500.0
4950,400,Apartment,5,4,1898,14,7,4,1,Unfurnished,11126000.0,31800.0
4951,198,Apartment,4,4,1361,18,28,3,2,Semi-Furnished,13807000.0,21400.0
4952,214,Studio,2,1,1419,4,4,4,0,Fully-Furnished,10493000.0,24000.0
4953,269,Apartment,3,3,1089,12,29,2,1,Unfurnished,10803000.0,
4954,373,Apartment,4,4,1757,13,4,1,1,Unfurnished,24276000.0,47000.0
4955,347,Penthouse,2,1,750,8,15,2,1,Semi-Furnished,7977000.0,23900.0
4956,179,Apartment,2,2,1207,14,23,2,1,Semi-Furnished,12955000.0,28200.0
4957,293,Villa,2,2,1126,15,26,2,0,Unfurnished,10141000.0,30400.0
4958,6,Apartment,2,1,813,13,16,4,2,Unfurnished,7874000.0,22900.0
4959,74,Apartment,2,1,1004,8,14,4,1,Unfurnished,9848000.0,26700.0
4960,397,Apartment,3,3,1095,3,22,1,2,Fully-Furnished,10455000.0,30500.0
4961,298,Apartment,1,1,250,20,6,3,2,Unfurnished,2656000.0,6400.0
4962,419,Penthouse,2,1,1172,16,19,5,2,Fully-Furnished,9884000.0,
4963,363,Apartment,3,2,1336,21,19,4,2,Semi-Furnished,15092000.0,41200.0
4964,10,Row House,1,1,1088,29,5,3,2,Unfurnished,7978000.0,18900.0
4965,462,Apartment,3,2,1280,20,17,5,1,Unfurnished,11158000.0,34600.0
4966,29,Villa,4,4,1497,19,19,4,1,Semi-Furnished,19962000.0,43400.0
4967,470,Villa,4,3,1470,28,22,4,1,Semi-Furnished,16527000.0,39500.0
4968,230,Penthouse,3,2,1435,10,20,4,0,Unfurnished,17346000.0,44900.0
4969,431,Villa,3,2,1640,13,6,1,2,Semi-Furnished,17056000.0,62400.0
4970,481,Apartment,5,5,2096,4,31,5,0,Fully-Furnished,22490000.0,53900.0
4971,237,Studio,2,1,1392,6,20,5,1,Unfurnished,14103000.0,40000.0
4972,268,Apartment,2,1,1042,19,19,0,0,Semi-Furnished,11088000.0,34100.0
4973,492,Apartment,3,2,1625,7,33,3,1,Semi-Furnished,18178000.0,56900.0
4974,289,Studio,1,1,747,3,5,4,2,Unfurnished,8264000.0,19900.0
4975,214,Apartment,3,2,1049,2,28,4,1,Unfurnished,8558000.0,22500.0
4976,359,Apartment,2,2,977,28,25,5,1,Semi-Furnished,12792000.0,44400.0
4977,307,Apartment,2,2,1024,21,20,4,0,Fully-Furnished,9701000.0,23100.0
4978,276,Studio,3,3,1181,14,32,4,1,Semi-Furnished,11722000.0,33400.0
4979,404,Apartment,2,1,933,18,16,2,2,Unfurnished,9901000.0,26800.0
4980,174,Villa,3,2,1307,26,10,5,1,Semi-Furnished,18220000.0,46500.0
4981,132,Villa,2,2,724,4,20,2,2,Fully-Furnished,9394000.0,23100.0
4982,300,Penthouse,3,2,1097,12,19,3,1,Unfurnished,13805000.0,
4983,93,Row House,1,1,1024,15,33,2,2,Semi-Furnished,12947000.0,35900.0
4984,10,Villa,4,4,1529,26,9,3,0,Unfurnished,11768000.0,27000.0
4985,351,Villa,3,3,1453,8,5,1,1,Unfurnished,19315000.0,65000.0
4986,187,Apartment,2,1,876,25,25,0,1,Semi-Furnished,10408000.0,37900.0
4987,279,Penthouse,3,2,1171,9,4,4,0,Unfurnished,13973000.0,31400.0
4988,274,Villa,2,1,1018,24,31,0,1,Unfurnished,11309000.0,36400.0
4989,364,Penthouse,1,1,998,6,5,0,1,Semi-Furnished,13085000.0,33700.0
4990,433,Penthouse,2,1,920,7,15,5,0,Unfurnished,9200000.0,26900.0
4991,446,Apartment,2,2,1141,12,7,5,0,Fully-Furnished,13388000.0,39500.0
4992,338,Row House,1,1,1013,18,24,1,2,Semi-Furnished,10980000.0,29200.0
4993,23,Apartment,1,1,618,14,13,3,1,Unfurnished,6773000.0,18000.0
4994,233,Villa,1,1,657,26,29,3,1,Unfurnished,8088000.0,21700.0
4995,139,Apartment,2,2,1222,13,4,4,0,Fully-Furnished,12353000.0,27100.0
4996,143,Apartment,3,2,1332,11,15,3,1,Unfurnished,12175000.0,43900.0
4997,108,Apartment,2,2,811,3,32,2,2,Unfurnished,10509000.0,37700.0
4998,159,Villa,4,3,710,25,9,4,2,Semi-Furnished,5222000.0,
4999,49,Row House,4,3,1726,0,30,5,2,Unfurnished,18276000.0,40300.0
5000,436,Studio,3,3,1362,14,31,3,1,Semi-Furnished,15009000.0,53600.0
5001,55,Apartment,2,1,1011,5,21,2,0,Semi-Furnished,11360000.0,21200.0
5002,364,Row House,4,4,1654,2,31,0,2,Semi-Furnished,17992000.0,52500.0
5003,11,Apartment,2,2,1045,5,17,5,1,Semi-Furnished,10246000.0,30000.0
5004,170,Apartment,1,1,726,19,7,0,1,Fully-Furnished,6752000.0,15300.0
5005,209,Villa,4,3,1605,25,33,4,1,Unfurnished,16005000.0,49900.0
5006,319,Apartment,2,1,1167,24,31,2,2,Semi-Furnished,11299000.0,29000.0
5007,271,Villa,2,1,1300,3,27,0,1,Unfurnished,11064000.0,29100.0
5008,140,Apartment,2,2,1080,29,33,1,1,Semi-Furnished,10005000.0,28700.0
5009,250,Apartment,2,2,1037,23,28,4,2,Unfurnished,10234000.0,26100.0
5010,206,Apartment,5,4,1866,5,29,3,2,Semi-Furnished,14686000.0,36000.0
5011,173,Villa,3,3,1440,1,7,3,2,Fully-Furnished,13480000.0,29700.0
5012,160,Apartment,3,3,1308,28,32,1,2,Fully-Furnished,11643000.0,39400.0
5013,249,Studio,2,1,1016,27,10,3,1,Semi-Furnished,12740000.0,29700.0
5014,318,Studio,3,3,1327,9,7,5,1,Semi-Furnished,15704000.0,51400.0
5015,46,Villa,2,1,977,24,18,5,2,Unfurnished,10864000.0,23600.0
5016,490,Apartment,3,2,1574,9,31,5,1,Unfurnished,15437000.0,40200.0
5017,206,Apartment,3,2,1329,7,20,3,2,Semi-Furnished,13609000.0,27800.0
5018,357,Apartment,1,1,814,28,29,1,1,Fully-Furnished,10424000.0,38200.0
5019,321,Apartment,2,1,1168,18,9,3,1,Semi-Furnished,9242000.0,21300.0
5020,367,Apartment,2,1,1009,2,13,2,1,Unfurnished,11222000.0,32100.0
5021,205,Apartment,2,1,1232,1,8,2,1,Unfurnished,14136000.0,40500.0
5022,495,Apartment,2,1,869,3,34,1,1,Fully-Furnished,8190000.0,19300.0
5023,59,Apartment,2,1,955,17,27,1,2,Semi-Furnished,8332000.0,18400.0
5024,49,Penthouse,2,1,829,7,4,5,1,Fully-Furnished,9761000.0,22600.0
5025,236,Apartment,5,5,2041,22,14,5,2,Semi-Furnished,20281000.0,56000.0
5026,85,Studio,4,3,1633,22,32,0,0,Fully-Furnished,12532000.0,42000.0
5027,464,Apartment,4,3,1606,13,24,1,1,Unfurnished,16595000.0,33500.0
5028,100,Penthouse,1,1,741,16,26,2,2,Unfurnished,6483000.0,17400.0
5029,381,Row House,2,1,967,3,34,0,1,Semi-Furnished,10194000.0,22700.0
5030,94,Apartment,2,1,1021,25,27,3,1,Unfurnished,15345000.0,36700.0
5031,492,Apartment,5,5,1745,21,22,3,0,Unfurnished,21301000.0,46500.0
5032,287,Apartment,4,4,1966,0,11,3,1,Unfurnished,21312000.0,55000.0
5033,436,Studio,4,3,1636,24,20,3,1,Semi-Furnished,17576000.0,29400.0
5034,121,Apartment,4,3,1388,10,5,1,1,Unfurnished,16670000.0,39300.0
5035,9,Studio,3,3,1247,13,9,5,1,Semi-Furnished,12667000.0,34600.0
5036,377,Villa,2,1,974,4,16,1,1,Fully-Furnished,11918000.0,33500.0
5037,353,Apartment,3,2,1052,23,14,5,0,Fully-Furnished,12619000.0,23400.0
5038,65,Apartment,3,2,1415,25,17,3,2,Semi-Furnished,17205000.0,37800.0
5039,110,Studio,1,1,620,17,7,5,1,Semi-Furnished,7060000.0,15400.0
5040,53,Apartment,3,3,1265,20,9,4,2,Semi-Furnished,13624000.0,28300.0
5041,107,Apartment,2,2,1088,17,31,3,1,Semi-Furnished,13150000.0,44000.0
5042,421,Row House,3,2,1039,23,16,1,2,Unfurnished,11916000.0,38900.0
5043,495,Penthouse,3,2,1382,27,10,1,1,Unfurnished,15129000.0,33600.0
5044,336,Apartment,2,2,767,19,27,0,0,Unfurnished,8905000.0,17500.0
5045,136,Apartment,4,4,1725,9,4,3,1,Unfurnished,15160000.0,42800.0
5046,481,Apartment,2,2,1128,6,6,5,1,Semi-Furnished,10217000.0,34100.0
5047,53,Penthouse,4,3,2034,4,34,4,1,Unfurnished,20583000.0,53600.0
5048,434,Studio,2,2,869,9,14,5,0,Fully-Furnished,10936000.0,25100.0
5049,65,Villa,2,2,831,3,12,3,1,Fully-Furnished,9491000.0,28100.0
5050,408,Apartment,2,2,747,10,15,0,0,Semi-Furnished,9024000.0,26000.0
5051,296,Apartment,1,1,737,20,33,3,1,Unfurnished,9947000.0,33200.0
5052,494,Studio,2,1,1146,14,19,3,0,Fully-Furnished,13571000.0,43500.0
5053,341,Apartment,3,2,1237,21,34,4,1,Unfurnished,16677000.0,41400.0
5054,188,Apartment,2,1,856,1,28,2,1,Unfurnished,6439000.0,21100.0
5055,103,Apartment,5,5,2255,5,29,2,0,Fully-Furnished,19027000.0,56100.0
5056,276,Penthouse,2,1,965,13,7,4,1,Unfurnished,9509000.0,26200.0
5057,498,Studio,5,5,1836,26,5,3,2,Unfurnished,19778000.0,47300.0
5058,149,Apartment,2,1,812,23,11,5,2,Unfurnished,9589000.0,24100.0
5059,405,Apartment,3,2,1226,1,9,3,1,Semi-Furnished,16663000.0,48400.0
5060,144,Apartment,2,2,1124,28,27,3,1,Fully-Furnished,10329000.0,26900.0
5061,440,Apartment,3,2,1425,9,6,2,2,Fully-Furnished,15178000.0,43100.0
5062,453,Apartment,3,2,928,16,5,1,1,Unfurnished,8204000.0,22200.0
5063,103,Studio,4,3,1411,26,11,2,2,Semi-Furnished,11755000.0,24600.0
5064,456,Apartment,4,4,1476,25,30,3,1,Unfurnished,14114000.0,35000.0
5065,103,Apartment,2,1,1003,12,34,2,2,Unfurnished,9616000.0,36900.0
5066,425,Apartment,3,3,1679,28,8,1,2,Unfurnished,18515000.0,55200.0
5067,248,Row House,1,1,816,5,10,5,1,Unfurnished,8250000.0,21800.0
5068,79,Apartment,1,1,507,3,31,3,1,Unfurnished,4084000.0,8400.0
5069,478,Apartment,5,5,1592,13,13,5,2,Fully-Furnished,16104000.0,33700.0
5070,338,Apartment,4,3,1512,4,22,1,0,Unfurnished,16896000.0,35200.0
5071,195,Apartment,2,1,1050,17,11,2,1,Unfurnished,11351000.0,29500.0
5072,126,Villa,2,1,931,8,22,4,2,Unfurnished,9487000.0,30000.0
5073,147,Apartment,2,2,498,8,30,5,1,Unfurnished,4343000.0,8300.0
5074,9,Penthouse,5,5,1338,6,12,5,1,Unfurnished,13434000.0,40600.0
5075,46,Studio,4,4,1793,24,14,5,1,Unfurnished,23765000.0,67300.0
5076,143,Apartment,3,3,1340,12,13,3,1,Fully-Furnished,12028000.0,36600.0
5077,474,Apartment,4,4,1342,15,6,5,2,Fully-Furnished,13736000.0,41800.0
5078,17,Apartment,4,4,1501,2,25,2,2,Unfurnished,16218000.0,41000.0
5079,90,Row House,2,2,601,23,16,2,1,Unfurnished,5805000.0,19900.0
5080,71,Apartment,3,3,1401,9,27,1,2,Unfurnished,16404000.0,50200.0
5081,349,Apartment,1,1,612,6,5,4,2,Unfurnished,6938000.0,23500.0
5082,146,Row House,2,1,1280,26,17,0,0,Fully-Furnished,14889000.0,43000.0
5083,347,Apartment,2,2,875,14,31,2,2,Semi-Furnished,9599000.0,24400.0
5084,403,Penthouse,4,4,1482,9,17,3,2,Semi-Furnished,14192000.0,40600.0
5085,239,Villa,2,1,1224,19,21,1,1,Fully-Furnished,10771000.0,31100.0
5086,248,Apartment,3,2,1479,23,6,5,1,Unfurnished,14747000.0,35300.0
5087,487,Apartment,1,1,951,1,28,3,1,Semi-Furnished,8951000.0,21100.0
5088,412,Villa,2,1,1305,11,23,5,1,Semi-Furnished,13090000.0,36900.0
5089,46,Apartment,5,4,1929,29,28,5,1,Semi-Furnished,21165000.0,65100.0
5090,211,Apartment,2,1,1327,8,26,4,0,Unfurnished,13889000.0,51600.0
5091,392,Apartment,2,2,1168,11,5,2,2,Semi-Furnished,13072000.0,40800.0
5092,248,Penthouse,3,2,1213,27,13,5,2,Semi-Furnished,14622000.0,34900.0
5093,197,Row House,2,2,1034,4,15,1,0,Unfurnished,10214000.0,28100.0
5094,342,Apartment,2,1,816,23,5,4,0,Unfurnished,7560000.0,17600.0
5095,215,Apartment,1,1,837,19,7,4,0,Semi-Furnished,8601000.0,31600.0
5096,145,Studio,3,3,1605,8,19,2,2,Semi-Furnished,11514000.0,36100.0
5097,211,Apartment,3,2,1117,9,6,4,1,Semi-Furnished,12289000.0,34200.0
5098,58,Apartment,3,2,1264,12,18,0,1,Unfurnished,11812000.0,35600.0
5099,96,Apartment,3,3,1436,27,27,3,1,Semi-Furnished,19352000.0,57800.0
5100,57,Apartment,1,1,1110,8,14,0,1,Semi-Furnished,12870000.0,35600.0
5101,362,Apartment,4,3,1613,28,24,5,1,Unfurnished,18023000.0,57000.0
5102,386,Studio,4,3,1887,15,10,1,2,Fully-Furnished,19579000.0,54800.0
5103,360,Row House,4,3,1357,11,23,2,1,Unfurnished,14073000.0,48400.0
5104,303,Apartment,2,1,1417,12,26,3,2,Fully-Furnished,11872000.0,43100.0
5105,25,Apartment,3,3,1554,20,11,5,1,Semi-Furnished,18802000.0,68000.0
5106,86,Apartment,2,2,827,24,15,2,1,Unfurnished,7876000.0,17700.0
5107,470,Apartment,3,3,1208,20,20,4,1,Unfurnished,13302000.0,43200.0
5108,140,Villa,2,1,840,3,15,1,1,Fully-Furnished,8119000.0,22500.0
5109,264,Apartment,1,1,819,22,10,5,1,Semi-Furnished,10012000.0,33800.0
5110,107,Villa,5,4,1829,28,34,3,1,Semi-Furnished,23146000.0,64500.0
5111,54,Row House,2,1,643,22,23,1,0,Semi-Furnished,6370000.0,16700.0
5112,28,Studio,1,1,594,24,4,1,2,Unfurnished,7106000.0,13200.0
5113,57,Villa,3,2,1218,24,29,0,1,Semi-Furnished,13174000.0,34200.0
5114,189,Apartment,2,2,1169,9,4,1,1,Unfurnished,13091000.0,26100.0
5115,4,Apartment,2,1,1233,22,17,4,1,Semi-Furnished,12902000.0,41100.0
5116,337,Villa,1,1,822,26,13,3,0,Unfurnished,7029000.0,20300.0
5117,274,Penthouse,2,2,871,17,6,0,2,Semi-Furnished,10616000.0,33100.0
5118,53,Penthouse,3,3,1225,25,29,4,0,Unfurnished,11346000.0,26900.0
5119,388,Row House,1,1,544,26,32,5,1,Fully-Furnished,6357000.0,11300.0
5120,13,Studio,2,1,1290,28,33,5,0,Unfurnished,14387000.0,44300.0
5121,377,Studio,1,1,659,22,11,1,0,Fully-Furnished,5026000.0,13700.0
5122,5,Apartment,5,5,1869,4,6,5,1,Unfurnished,21129000.0,58100.0
5123,187,Apartment,5,4,1956,5,31,0,1,Unfurnished,19933000.0,57800.0
5124,407,Studio,1,1,840,22,5,1,1,Unfurnished,9458000.0,24700.0
5125,228,Villa,5,5,1872,25,20,2,1,Unfurnished,22412000.0,61200.0
5126,124,Apartment,3,2,1304,12,22,1,1,Unfurnished,13122000.0,34800.0
5127,389,Apartment,1,1,629,4,9,5,1,Unfurnished,6213000.0,13000.0
5128,240,Apartment,2,2,969,19,12,3,1,Semi-Furnished,8385000.0,28600.0
5129,230,Villa,3,2,1506,28,11,4,1,Unfurnished,17772000.0,54200.0
5130,137,Penthouse,3,2,1476,8,31,1,1,Unfurnished,22302000.0,
5131,58,Penthouse,4,3,1801,19,11,0,1,Unfurnished,16214000.0,60300.0
5132,295,Apartment,4,3,1790,23,6,5,1,Semi-Furnished,21083000.0,53900.0
5133,376,Row House,3,3,1212,22,28,4,1,Unfurnished,11992000.0,44600.0
5134,436,Villa,4,4,1340,27,30,3,1,Unfurnished,11579000.0,32800.0
5135,278,Penthouse,2,2,1129,5,8,3,0,Unfurnished,11722000.0,26500.0
5136,239,Villa,2,1,1052,0,15,1,2,Unfurnished,12228000.0,24100.0
5137,122,Studio,4,3,1649,20,22,3,1,Semi-Furnished,20126000.0,51100.0
5138,371,Apartment,2,1,1319,14,27,4,1,Semi-Furnished,15392000.0,46600.0
5139,344,Apartment,3,2,1454,7,25,3,1,Fully-Furnished,17881000.0,43700.0
5140,148,Apartment,2,2,1011,26,12,2,1,Unfurnished,12505000.0,38600.0
5141,185,Apartment,2,1,1005,16,10,2,1,Semi-Furnished,10484000.0,21200.0
5142,36,Row House,1,1,562,14,4,1,1,Unfurnished,6162000.0,17900.0
5143,360,Apartment,3,2,1335,0,28,2,1,Semi-Furnished,16209000.0,36000.0
5144,438,Apartment,2,2,1037,11,13,3,2,Semi-Furnished,9484000.0,22700.0
5145,381,Row House,2,2,990,19,9,0,1,Semi-Furnished,10795000.0,30800.0
5146,247,Villa,2,2,1308,25,29,4,1,Semi-Furnished,12018000.0,34800.0
5147,449,Row House,3,2,1256,3,15,2,2,Unfurnished,14281000.0,29800.0
5148,347,Apartment,1,1,647,3,17,2,1,Semi-Furnished,7063000.0,12800.0
5149,437,Apartment,4,4,1557,14,20,3,0,Unfurnished,13510000.0,22800.0
5150,110,Villa,4,4,1869,1,32,5,2,Unfurnished,21724000.0,70800.0
5151,189,Apartment,4,3,1738,15,4,1,1,Unfurnished,16503000.0,51300.0
5152,225,Studio,4,4,1611,22,18,2,2,Fully-Furnished,19535000.0,77600.0
5153,48,Apartment,2,2,821,26,8,2,1,Semi-Furnished,8664000.0,24900.0
5154,259,Apartment,1,1,635,3,24,2,0,Unfurnished,5632000.0,21900.0
5155,424,Studio,4,3,1413,6,8,4,1,Unfurnished,15572000.0,34100.0
5156,94,Apartment,2,1,1150,28,27,3,2,Unfurnished,13707000.0,32000.0
5157,225,Apartment,4,4,1727,29,17,2,1,Fully-Furnished,18594000.0,55800.0
5158,134,Row House,2,2,1097,17,28,3,1,Unfurnished,12635000.0,24200.0
5159,497,Apartment,3,3,1474,26,26,4,0,Unfurnished,16231000.0,53300.0
5160,358,Row House,3,2,1813,0,8,0,2,Unfurnished,21399000.0,61100.0
5161,188,Apartment,2,2,832,26,21,2,1,Semi-Furnished,8586000.0,21400.0
5162,84,Row House,2,2,897,25,27,4,0,Semi-Furnished,8245000.0,19000.0
5163,264,Apartment,2,1,1131,1,5,5,0,Unfurnished,13022000.0,45200.0
5164,270,Apartment,4,3,1378,23,9,3,2,Unfurnished,18858000.0,38400.0
5165,162,Studio,4,3,1669,15,24,4,2,Semi-Furnished,17700000.0,59200.0
5166,372,Apartment,2,2,960,19,16,5,0,Semi-Furnished,8852000.0,
5167,484,Studio,2,1,1249,18,6,5,1,Unfurnished,13894000.0,40700.0
5168,341,Apartment,2,1,1164,15,31,4,2,Semi-Furnished,16342000.0,42000.0
5169,489,Row House,4,3,1623,9,10,1,1,Unfurnished,17604000.0,44200.0
5170,431,Apartment,5,5,1443,23,19,1,1,Semi-Furnished,16948000.0,51300.0
5171,185,Apartment,2,1,640,3,34,2,2,Semi-Furnished,6684000.0,18400.0
5172,481,Apartment,3,2,1089,28,25,5,2,Semi-Furnished,7332000.0,18500.0
5173,344,Apartment,2,2,1305,24,14,3,1,Semi-Furnished,15368000.0,35500.0
5174,170,Row House,4,4,1515,9,30,0,1,Unfurnished,17320000.0,53500.0
5175,69,Apartment,3,2,1173,6,4,4,1,Semi-Furnished,13031000.0,35200.0
5176,388,Apartment,4,4,1550,24,4,5,1,Fully-Furnished,16236000.0,41000.0
5177,79,Studio,2,1,1115,3,26,3,2,Semi-Furnished,9251000.0,33000.0
5178,455,Studio,3,2,1071,3,7,3,2,Unfurnished,10936000.0,32700.0
5179,481,Apartment,2,1,1163,8,19,5,1,Fully-Furnished,13607000.0,31800.0
5180,324,Apartment,2,1,847,29,22,5,0,Semi-Furnished,9004000.0,15700.0
5181,350,Penthouse,4,3,1581,18,26,3,1,Unfurnished,17673000.0,64800.0
5182,441,Apartment,2,2,677,17,8,4,1,Unfurnished,8201000.0,10300.0
5183,434,Apartment,2,1,809,5,8,5,2,Unfurnished,8004000.0,24200.0
5184,406,Apartment,2,1,928,21,16,1,1,Fully-Furnished,9251000.0,24800.0
5185,261,Apartment,3,3,809,7,31,2,0,Unfurnished,9387000.0,22700.0
5186,50,Villa,3,3,1447,8,29,3,1,Unfurnished,14863000.0,40900.0
5187,263,Apartment,3,3,1574,7,16,3,1,Fully-Furnished,15590000.0,50000.0
5188,30,Apartment,3,2,1621,16,27,1,2,Unfurnished,16853000.0,44400.0
5189,449,Apartment,1,1,574,17,12,2,2,Unfurnished,6643000.0,13500.0
5190,82,Row House,3,3,1466,27,32,5,1,Fully-Furnished,17742000.0,40200.0
5191,228,Row House,4,4,1404,23,14,2,2,Semi-Furnished,23502000.0,69200.0
5192,440,Studio,3,3,1314,24,12,2,1,Semi-Furnished,15367000.0,51200.0
5193,350,Studio,4,4,1620,16,31,3,2,Unfurnished,21594000.0,87300.0
5194,10,Apartment,1,1,1203,10,9,3,2,Unfurnished,10090000.0,30700.0
5195,294,Apartment,3,2,831,29,15,2,2,Unfurnished,7636000.0,26300.0
5196,281,Apartment,3,3,1324,24,29,3,2,Fully-Furnished,18231000.0,43500.0
5197,305,Apartment,2,1,794,28,33,1,2,Semi-Furnished,8695000.0,22300.0
5198,347,Penthouse,1,1,681,5,19,2,2,Unfurnished,6272000.0,14400.0
5199,326,Penthouse,2,2,1031,4,16,3,1,Unfurnished,11540000.0,32800.0
5200,369,Row House,1,1,791,19,4,2,2,Fully-Furnished,7805000.0,
5201,441,Apartment,1,1,617,3,28,4,1,Semi-Furnished,7710000.0,23000.0
5202,254,Apartment,3,3,1163,29,20,0,1,Unfurnished,14775000.0,37900.0
5203,12,Studio,1,1,719,23,7,5,1,Fully-Furnished,8972000.0,23200.0
5204,22,Penthouse,2,2,881,4,15,5,1,Semi-Furnished,12910000.0,26900.0
5205,478,Apartment,2,1,500,22,27,5,1,Semi-Furnished,5890000.0,16300.0
5206,96,Apartment,4,4,1601,14,16,3,1,Unfurnished,18788000.0,51500.0
5207,478,Penthouse,2,1,1005,18,26,5,2,Unfurnished,8111000.0,21400.0
5208,385,Apartment,5,4,1512,22,28,1,2,Fully-Furnished,19421000.0,61600.0
5209,270,Apartment,2,2,1426,5,4,3,1,Unfurnished,17298000.0,37900.0
5210,121,Apartment,2,1,1007,25,20,1,2,Semi-Furnished,9705000.0,24300.0
5211,148,Apartment,1,1,762,12,9,2,1,Unfurnished,8741000.0,24200.0
5212,212,Row House,3,3,1320,19,20,4,1,Unfurnished,9454000.0,23300.0
5213,329,Studio,3,2,1451,20,34,2,1,Fully-Furnished,17913000.0,44700.0
5214,79,Studio,3,2,1119,23,9,3,1,Unfurnished,7167000.0,18800.0
5215,270,Apartment,2,2,1222,25,32,3,0,Unfurnished,15069000.0,42300.0
5216,183,Studio,2,2,691,28,33,3,0,Semi-Furnished,8755000.0,36300.0
5217,365,Apartment,2,1,1075,26,10,1,0,Semi-Furnished,7953000.0,17400.0
5218,434,Apartment,3,2,1495,15,6,5,2,Semi-Furnished,14025000.0,47400.0
5219,23,Apartment,2,2,986,17,12,3,2,Fully-Furnished,9699000.0,32800.0
5220,195,Penthouse,4,3,1399,17,9,2,2,Semi-Furnished,15609000.0,49700.0
5221,274,Row House,1,1,1042,12,15,0,2,Unfurnished,12127000.0,32000.0
5222,301,Studio,2,1,1080,7,27,0,1,Unfurnished,13595000.0,26200.0
5223,473,Apartment,2,1,1112,20,15,4,1,Unfurnished,9825000.0,17100.0
5224,106,Row House,3,2,1162,24,30,0,1,Unfurnished,15736000.0,36300.0
5225,219,Row House,5,5,2035,23,29,2,2,Semi-Furnished,17748000.0,53300.0
5226,232,Row House,2,1,918,12,9,5,2,Semi-Furnished,10491000.0,26800.0
5227,353,Penthouse,4,3,1413,24,6,5,1,Semi-Furnished,15248000.0,41600.0
5228,26,Studio,3,3,1366,12,13,3,0,Unfurnished,11926000.0,33700.0
5229,93,Apartment,2,1,1046,6,13,2,2,Unfurnished,12751000.0,30700.0
5230,479,Penthouse,3,2,1216,21,9,2,1,Unfurnished,6864000.0,16300.0
5231,58,Apartment,2,2,1306,21,11,0,2,Unfurnished,12470000.0,40600.0
5232,278,Apartment,3,2,960,8,26,3,0,Unfurnished,7495000.0,17700.0
5233,328,Apartment,3,3,1126,3,34,4,2,Unfurnished,10703000.0,23500.0
5234,450,Apartment,2,1,1403,17,21,3,1,Unfurnished,14755000.0,58200.0
5235,497,Apartment,3,2,1613,8,12,4,1,Unfurnished,16451000.0,36600.0
5236,213,Apartment,1,1,782,3,25,4,2,Unfurnished,7841000.0,18300.0
5237,139,Apartment,2,2,1260,11,11,4,1,Semi-Furnished,13523000.0,40200.0
5238,405,Apartment,2,1,1070,29,30,3,1,Fully-Furnished,11164000.0,32100.0
5239,48,Apartment,4,3,1397,16,31,2,1,Semi-Furnished,14254000.0,36000.0
5240,223,Studio,1,1,944,8,7,5,2,Fully-Furnished,8647000.0,32800.0
5241,452,Apartment,3,3,954,29,30,2,1,Unfurnished,11126000.0,32200.0
5242,244,Apartment,2,1,1036,10,18,0,2,Semi-Furnished,9664000.0,26200.0
5243,424,Studio,3,3,1512,24,10,4,0,Fully-Furnished,15985000.0,43500.0
5244,229,Villa,2,2,989,0,22,3,0,Fully-Furnished,10257000.0,33700.0
5245,439,Apartment,3,3,1302,4,24,0,1,Fully-Furnished,14131000.0,36400.0
5246,51,Apartment,3,2,943,2,17,2,2,Fully-Furnished,9809000.0,19100.0
5247,423,Penthouse,3,3,1573,19,15,2,1,Fully-Furnished,16453000.0,65600.0
5248,475,Apartment,4,4,1365,22,32,2,1,Unfurnished,14794000.0,50600.0
5249,443,Penthouse,3,2,1121,27,33,1,2,Semi-Furnished,10306000.0,21700.0
5250,264,Row House,4,3,1512,15,21,5,2,Semi-Furnished,16291000.0,45500.0
5251,404,Apartment,2,2,1099,17,4,2,1,Fully-Furnished,15007000.0,44100.0
5252,45,Apartment,1,1,579,28,21,2,1,Fully-Furnished,7330000.0,14500.0
5253,166,Penthouse,3,3,1246,1,24,3,1,Fully-Furnished,14559000.0,29600.0
5254,79,Apartment,2,2,1008,0,14,3,0,Semi-Furnished,11497000.0,33100.0
5255,263,Penthouse,4,4,1438,0,26,3,1,Unfurnished,14835000.0,20200.0
5256,83,Apartment,4,4,1413,22,31,2,1,Unfurnished,16342000.0,47200.0
5257,240,Apartment,2,2,750,20,26,3,2,Unfurnished,6074000.0,19000.0
5258,280,Apartment,5,4,2183,24,13,1,1,Semi-Furnished,17766000.0,52100.0
5259,19,Apartment,2,1,1146,27,31,4,1,Semi-Furnished,12097000.0,41300.0
5260,473,Apartment,3,2,1352,27,24,4,0,Semi-Furnished,11290000.0,36800.0
5261,126,Villa,3,2,1344,26,27,4,0,Unfurnished,16232000.0,37400.0
5262,119,Apartment,1,1,581,8,31,2,1,Semi-Furnished,6288000.0,20300.0
5263,218,Apartment,5,4,1913,12,5,4,2,Unfurnished,18743000.0,44100.0
5264,50,Apartment,3,2,1275,22,15,3,1,Semi-Furnished,13018000.0,35000.0
5265,148,Apartment,2,1,1002,14,5,2,2,Unfurnished,10924000.0,27000.0
5266,487,Apartment,1,1,975,9,29,3,1,Unfurnished,11497000.0,34000.0
5267,262,Studio,1,1,781,14,25,0,2,Unfurnished,7657000.0,17800.0
5268,392,Apartment,3,2,1599,7,11,2,1,Semi-Furnished,18898000.0,55100.0
5269,55,Apartment,4,3,1349,4,11,2,2,Fully-Furnished,14178000.0,24900.0
5270,253,Apartment,2,1,978,16,28,5,1,Semi-Furnished,10762000.0,29900.0
5271,352,Apartment,2,2,675,18,34,1,1,Unfurnished,7629000.0,23700.0
5272,149,Apartment,2,1,1017,21,30,5,1,Unfurnished,8402000.0,24300.0
5273,292,Studio,3,3,1590,13,4,5,2,Semi-Furnished,15570000.0,55400.0
5274,428,Apartment,4,4,1941,11,22,4,1,Semi-Furnished,25634000.0,68900.0
5275,321,Apartment,3,3,885,1,32,3,2,Unfurnished,6907000.0,12200.0
5276,93,Apartment,3,3,1186,23,28,2,1,Unfurnished,15515000.0,41300.0
5277,281,Row House,2,2,832,23,14,3,2,Fully-Furnished,10106000.0,20000.0
5278,144,Villa,5,4,1667,15,34,3,1,Unfurnished,18118000.0,51400.0
5279,478,Studio,2,2,1170,8,27,5,1,Semi-Furnished,11830000.0,27800.0
5280,308,Apartment,3,2,1407,11,25,4,0,Unfurnished,14637000.0,49600.0
5281,164,Apartment,3,3,1489,14,23,5,2,Semi-Furnished,16741000.0,48400.0
5282,152,Penthouse,4,4,1303,12,34,3,2,Unfurnished,12514000.0,33200.0
5283,112,Row House,3,3,1445,26,4,1,2,Fully-Furnished,18594000.0,32200.0
5284,49,Apartment,1,1,617,25,7,5,2,Semi-Furnished,8850000.0,24900.0
5285,393,Apartment,2,2,1122,25,20,5,1,Unfurnished,11822000.0,29700.0
5286,144,Apartment,4,3,1450,4,18,3,2,Fully-Furnished,15791000.0,46000.0
5287,488,Studio,3,3,1483,11,11,1,1,Unfurnished,15666000.0,42800.0
5288,83,Apartment,2,1,937,2,26,2,1,Semi-Furnished,10744000.0,22400.0
5289,281,Apartment,3,2,1146,19,21,3,1,Unfurnished,13884000.0,40600.0
5290,90,Apartment,1,1,865,17,30,2,2,Unfurnished,10080000.0,30500.0
5291,478,Row House,4,4,2025,21,20,5,1,Fully-Furnished,21830000.0,60800.0
5292,205,Penthouse,2,2,1294,1,21,2,1,Unfurnished,11672000.0,26300.0
5293,286,Apartment,2,1,1231,19,26,3,1,Fully-Furnished,13960000.0,39300.0
5294,478,Apartment,3,2,1441,18,17,5,1,Semi-Furnished,16657000.0,51100.0
5295,84,Row House,4,3,1682,20,34,4,0,Semi-Furnished,15182000.0,49500.0
5296,63,Studio,3,2,757,26,8,1,2,Semi-Furnished,9554000.0,25200.0
5297,240,Studio,4,4,1584,4,20,3,1,Semi-Furnished,15446000.0,37600.0
5298,466,Penthouse,3,2,1395,24,11,2,1,Unfurnished,15065000.0,39100.0
5299,105,Villa,4,4,1636,1,23,5,2,Semi-Furnished,15104000.0,48600.0
5300,186,Penthouse,1,1,561,6,26,5,1,Fully-Furnished,4400000.0,9500.0
5301,134,Apartment,2,1,1227,28,6,3,1,Semi-Furnished,17621000.0,52200.0
5302,492,Studio,2,1,1062,21,8,3,1,Semi-Furnished,12360000.0,31600.0
5303,25,Apartment,2,2,1236,7,16,5,1,Semi-Furnished,12644000.0,33800.0
5304,455,Apartment,2,2,853,8,33,3,1,Semi-Furnished,10103000.0,27500.0
5305,167,Villa,2,1,1186,4,6,1,2,Fully-Furnished,13950000.0,37400.0
5306,338,Apartment,2,2,1016,28,30,1,2,Unfurnished,9107000.0,25600.0
5307,304,Villa,2,1,1308,26,26,1,1,Unfurnished,11357000.0,36800.0
5308,342,Apartment,1,1,437,15,7,4,2,Semi-Furnished,5113000.0,12500.0
5309,202,Apartment,4,4,1814,16,8,0,2,Fully-Furnished,22614000.0,33600.0
5310,154,Apartment,1,1,856,26,33,1,2,Unfurnished,9036000.0,31800.0
5311,468,Apartment,4,4,1473,9,22,1,1,Fully-Furnished,17317000.0,56000.0
5312,181,Apartment,4,4,1457,16,27,5,1,Unfurnished,11691000.0,34200.0
5313,137,Apartment,2,1,1302,19,16,1,2,Unfurnished,15796000.0,38300.0
5314,164,Penthouse,4,3,1865,11,25,5,1,Unfurnished,18168000.0,50900.0
5315,43,Apartment,1,1,805,16,28,1,1,Semi-Furnished,8904000.0,27900.0
5316,234,Apartment,4,3,1412,8,33,2,2,Unfurnished,13516000.0,41800.0
5317,70,Apartment,2,1,816,7,6,3,1,Unfurnished,7767000.0,22500.0
5318,164,Apartment,2,1,785,7,12,5,2,Semi-Furnished,6560000.0,16800.0
5319,417,Penthouse,2,1,511,8,13,5,2,Unfurnished,5870000.0,
5320,316,Apartment,1,1,601,9,7,2,1,Unfurnished,5574000.0,16000.0
5321,479,Row House,3,3,1400,28,7,2,1,Unfurnished,14740000.0,40700.0
5322,1,Apartment,1,1,708,28,31,1,2,Fully-Furnished,7079000.0,23900.0
5323,475,Studio,2,2,1175,16,27,2,2,Semi-Furnished,13565000.0,42800.0
5324,240,Villa,4,4,1714,4,11,3,1,Semi-Furnished,18450000.0,63500.0
5325,426,Apartment,2,2,1373,22,17,4,1,Unfurnished,18646000.0,63100.0
5326,258,Apartment,2,1,1342,17,10,5,2,Semi-Furnished,15028000.0,48000.0
5327,352,Apartment,2,1,784,26,29,1,1,Unfurnished,9582000.0,27900.0
5328,190,Apartment,3,3,1235,14,20,3,0,Fully-Furnished,17340000.0,49900.0
5329,380,Apartment,3,3,1349,19,17,0,1,Semi-Furnished,12038000.0,39700.0
5330,468,Row House,2,1,990,16,27,1,1,Unfurnished,10351000.0,23600.0
5331,483,Penthouse,2,1,691,10,25,5,1,Semi-Furnished,6210000.0,19200.0
5332,419,Apartment,3,3,1606,23,32,5,0,Unfurnished,15490000.0,47400.0
5333,53,Villa,2,1,738,8,21,4,1,Semi-Furnished,8261000.0,24800.0
5334,410,Villa,2,1,691,19,26,4,1,Fully-Furnished,5446000.0,11300.0
5335,173,Studio,3,2,1131,1,34,3,2,Semi-Furnished,12010000.0,42700.0
5336,119,Villa,3,3,1534,26,6,2,1,Semi-Furnished,14833000.0,46100.0
5337,482,Apartment,2,1,840,26,6,2,1,Semi-Furnished,11204000.0,35300.0
5338,20,Studio,2,2,1236,9,23,4,2,Semi-Furnished,12268000.0,
5339,64,Apartment,3,2,1275,10,16,4,1,Semi-Furnished,11851000.0,24400.0
5340,391,Apartment,2,1,1286,21,19,2,0,Fully-Furnished,14992000.0,39000.0
5341,171,Apartment,2,2,1057,17,20,2,1,Semi-Furnished,10159000.0,17100.0
5342,453,Studio,2,1,1105,2,4,1,1,Semi-Furnished,10418000.0,32500.0
5343,264,Apartment,1,1,567,24,14,5,1,Unfurnished,7455000.0,25600.0
5344,100,Studio,2,1,970,28,15,2,0,Unfurnished,9204000.0,26500.0
5345,105,Studio,2,1,1319,14,5,5,1,Unfurnished,10803000.0,27900.0
5346,133,Villa,2,1,784,26,4,3,1,Fully-Furnished,6782000.0,16800.0
5347,380,Penthouse,3,3,1407,22,20,0,2,Unfurnished,14091000.0,29000.0
5348,90,Apartment,4,4,1506,13,18,2,1,Unfurnished,13878000.0,40200.0
5349,225,Apartment,3,3,1202,11,21,2,2,Semi-Furnished,11131000.0,37000.0
5350,102,Apartment,3,2,1419,26,32,5,1,Unfurnished,12183000.0,35900.0
5351,264,Apartment,2,2,971,18,17,5,1,Unfurnished,10573000.0,32500.0
5352,227,Apartment,2,2,698,4,9,5,2,Unfurnished,6857000.0,16800.0
5353,186,Apartment,2,2,837,22,9,5,1,Semi-Furnished,9017000.0,30500.0
5354,34,Apartment,3,2,1239,0,22,0,2,Semi-Furnished,9888000.0,21700.0
5355,301,Apartment,2,2,862,10,4,0,1,Unfurnished,11775000.0,37900.0
5356,111,Villa,2,1,1341,0,11,1,0,Fully-Furnished,13979000.0,44900.0
5357,146,Studio,3,2,1499,27,18,0,0,Unfurnished,17494000.0,39700.0
5358,466,Row House,1,1,794,13,15,2,0,Fully-Furnished,5851000.0,14800.0
5359,111,Villa,2,1,981,14,12,1,1,Unfurnished,10475000.0,26900.0
5360,341,Apartment,3,3,971,12,9,4,1,Unfurnished,10463000.0,32300.0
5361,203,Apartment,2,1,922,17,12,4,1,Fully-Furnished,12031000.0,33000.0
5362,317,Apartment,3,2,1412,18,34,1,1,Semi-Furnished,13836000.0,37600.0
5363,327,Row House,3,2,1132,0,13,5,2,Semi-Furnished,15071000.0,47300.0
5364,27,Apartment,5,4,1730,24,12,0,1,Unfurnished,18788000.0,
5365,246,Penthouse,2,1,1178,14,13,2,1,Unfurnished,11822000.0,37200.0
5366,176,Row House,3,2,1236,5,11,1,1,Unfurnished,13357000.0,27500.0
5367,202,Penthouse,5,4,2027,15,21,0,2,Semi-Furnished,30449000.0,65200.0
5368,6,Row House,2,2,487,8,4,4,1,Semi-Furnished,5192000.0,16500.0
5369,476,Row House,4,3,1446,7,34,1,1,Unfurnished,16514000.0,48000.0
5370,347,Apartment,3,2,1301,13,34,2,0,Unfurnished,13844000.0,46100.0
5371,15,Apartment,2,2,1413,8,33,3,1,Fully-Furnished,12413000.0,32400.0
5372,489,Row House,1,1,544,14,5,1,1,Fully-Furnished,4802000.0,16900.0
5373,163,Apartment,3,2,1155,16,13,2,1,Semi-Furnished,9586000.0,26800.0
5374,84,Studio,4,4,2036,2,16,4,2,Unfurnished,25825000.0,70900.0
5375,188,Row House,2,2,825,16,21,2,1,Fully-Furnished,7874000.0,13600.0
5376,162,Studio,2,2,870,28,7,4,1,Unfurnished,8268000.0,24600.0
5377,263,Penthouse,3,3,1494,8,8,3,2,Semi-Furnished,17814000.0,57000.0
5378,279,Penthouse,4,3,1586,13,27,4,1,Unfurnished,19161000.0,58700.0
5379,14,Penthouse,3,2,1132,9,6,2,1,Unfurnished,14817000.0,37800.0
5380,456,Penthouse,3,2,1306,9,7,3,1,Fully-Furnished,12809000.0,38900.0
5381,75,Penthouse,3,2,1309,2,8,5,1,Unfurnished,14005000.0,35500.0
5382,466,Penthouse,1,1,368,7,27,2,2,Semi-Furnished,3735000.0,9700.0
5383,500,Apartment,2,1,945,6,10,0,1,Unfurnished,10155000.0,29000.0
5384,334,Apartment,3,2,1466,21,4,2,0,Fully-Furnished,14162000.0,32100.0
5385,32,Penthouse,3,2,1202,3,6,5,2,Unfurnished,9089000.0,22200.0
5386,207,Apartment,1,1,381,20,31,5,0,Unfurnished,3995000.0,11000.0
5387,33,Studio,2,1,970,1,27,0,1,Unfurnished,10209000.0,21600.0
5388,218,Studio,3,3,1379,7,17,4,1,Unfurnished,12614000.0,33400.0
5389,189,Apartment,4,4,1657,0,15,1,0,Fully-Furnished,21672000.0,66100.0
5390,166,Apartment,2,1,876,1,18,3,0,Unfurnished,8965000.0,29000.0
5391,460,Penthouse,3,2,1130,16,4,0,2,Unfurnished,11033000.0,34000.0
5392,158,Villa,2,1,1115,0,14,5,1,Unfurnished,10493000.0,20200.0
5393,123,Apartment,1,1,250,7,14,1,2,Unfurnished,2598000.0,10000.0
5394,277,Row House,3,3,1225,15,7,1,1,Unfurnished,12421000.0,46300.0
5395,102,Apartment,3,2,1565,19,7,5,2,Fully-Furnished,14878000.0,46400.0
5396,331,Apartment,3,2,1341,11,8,3,1,Semi-Furnished,15280000.0,33500.0
5397,388,Apartment,3,3,1066,14,29,5,1,Semi-Furnished,10711000.0,32200.0
5398,138,Row House,2,2,1010,6,4,3,1,Unfurnished,10925000.0,34100.0
5399,205,Apartment,2,1,964,23,8,2,0,Semi-Furnished,11251000.0,37900.0
5400,313,Penthouse,4,4,1576,1,13,4,2,Unfurnished,17055000.0,43100.0
5401,418,Apartment,2,1,1267,29,9,2,1,Unfurnished,14894000.0,29000.0
5402,238,Row House,3,3,1344,20,17,2,1,Semi-Furnished,13502000.0,42100.0
5403,43,Villa,2,1,888,5,29,1,2,Fully-Furnished,11368000.0,
5404,177,Studio,2,1,900,5,23,1,1,Fully-Furnished,7913000.0,13200.0
5405,198,Apartment,2,1,685,28,23,3,1,Fully-Furnished,5829000.0,19400.0
5406,155,Apartment,2,2,990,5,21,4,2,Semi-Furnished,10992000.0,25900.0
5407,401,Apartment,3,3,959,4,14,5,2,Semi-Furnished,9198000.0,38000.0
5408,169,Apartment,2,2,1319,24,16,1,0,Unfurnished,13915000.0,38000.0
5409,218,Apartment,5,4,1715,16,34,4,2,Unfurnished,13318000.0,43000.0
5410,381,Apartment,3,2,1355,9,28,0,1,Unfurnished,16025000.0,32100.0
5411,261,Row House,2,1,974,28,19,2,0,Semi-Furnished,10394000.0,25700.0
5412,449,Penthouse,2,2,1128,27,33,2,1,Semi-Furnished,12405000.0,23200.0
5413,191,Apartment,1,1,967,21,18,4,0,Unfurnished,9751000.0,19600.0
5414,282,Row House,5,5,1847,1,11,4,1,Semi-Furnished,17723000.0,44300.0
5415,328,Apartment,4,4,1823,13,5,4,1,Fully-Furnished,18226000.0,44300.0
5416,53,Apartment,2,2,1048,13,19,4,2,Semi-Furnished,10501000.0,22300.0
5417,193,Apartment,3,2,1346,13,4,4,2,Fully-Furnished,12025000.0,30200.0
5418,440,Row House,1,1,667,17,4,2,1,Unfurnished,5992000.0,19000.0
5419,210,Apartment,2,2,807,29,17,3,1,Fully-Furnished,10534000.0,27500.0
5420,456,Penthouse,3,2,983,23,33,3,1,Unfurnished,11251000.0,35500.0
5421,39,Studio,2,2,1099,15,33,2,2,Unfurnished,13978000.0,47700.0
5422,303,Apartment,1,1,948,11,4,3,1,Fully-Furnished,10270000.0,21800.0
5423,226,Row House,3,2,1185,13,17,2,2,Unfurnished,10126000.0,23300.0
5424,193,Apartment,2,2,934,26,5,4,1,Fully-Furnished,10571000.0,22300.0
5425,394,Villa,2,1,971,9,15,3,2,Unfurnished,10500000.0,34600.0
5426,60,Apartment,2,2,774,14,16,1,1,Unfurnished,8290000.0,21600.0
5427,172,Apartment,2,1,1106,5,7,2,2,Unfurnished,11853000.0,26800.0
5428,188,Apartment,4,4,1799,22,20,2,2,Semi-Furnished,17577000.0,52300.0
5429,234,Apartment,2,2,727,15,22,2,2,Unfurnished,7117000.0,16700.0
5430,75,Apartment,4,4,1446,14,10,5,1,Unfurnished,15764000.0,48500.0
5431,364,Villa,3,2,1186,18,16,0,1,Semi-Furnished,11974000.0,31400.0
5432,236,Villa,3,2,1288,8,21,5,2,Unfurnished,12071000.0,32200.0
5433,429,Apartment,2,1,1350,18,8,5,1,Semi-Furnished,12333000.0,33000.0
5434,37,Apartment,2,1,1375,20,24,4,1,Fully-Furnished,15000000.0,42000.0
5435,114,Apartment,3,3,1312,1,17,3,2,Unfurnished,14146000.0,29200.0
5436,340,Apartment,3,2,1512,15,4,1,1,Unfurnished,21214000.0,44000.0
5437,211,Apartment,3,2,1357,12,13,4,1,Semi-Furnished,18423000.0,54200.0
5438,243,Apartment,3,2,1322,24,10,2,1,Unfurnished,14628000.0,30800.0
5439,347,Apartment,2,2,832,5,20,2,2,Unfurnished,7720000.0,23300.0
5440,77,Row House,3,3,1232,5,23,5,1,Fully-Furnished,11799000.0,24500.0
5441,410,Apartment,2,2,1051,20,29,4,1,Unfurnished,10071000.0,28900.0
5442,432,Studio,1,1,986,13,31,2,1,Unfurnished,6665000.0,19300.0
5443,136,Apartment,5,4,2079,10,34,3,0,Fully-Furnished,19880000.0,57200.0
5444,90,Row House,2,2,696,20,12,2,1,Semi-Furnished,6291000.0,16000.0
5445,411,Apartment,3,3,1337,19,34,0,1,Semi-Furnished,8294000.0,23000.0
5446,210,Villa,2,2,1021,14,9,3,2,Unfurnished,11309000.0,27400.0
5447,152,Apartment,3,3,1425,7,17,3,0,Semi-Furnished,18464000.0,60100.0
5448,421,Apartment,3,3,1152,19,23,1,2,Semi-Furnished,10589000.0,
5449,158,Row House,4,4,1405,3,26,5,2,Fully-Furnished,13722000.0,34500.0
5450,157,Row House,2,2,815,15,31,3,1,Semi-Furnished,9429000.0,35100.0
5451,353,Studio,2,1,838,17,20,5,2,Fully-Furnished,10004000.0,40700.0
5452,351,Apartment,3,3,1094,24,27,1,0,Semi-Furnished,13264000.0,47300.0
5453,394,Penthouse,3,3,1162,20,5,3,2,Semi-Furnished,9815000.0,27200.0
5454,183,Row House,3,3,1399,10,17,3,1,Unfurnished,17650000.0,52700.0
5455,383,Studio,2,2,1004,3,17,1,1,Unfurnished,10345000.0,24900.0
5456,30,Villa,1,1,1113,7,26,1,2,Semi-Furnished,8979000.0,19200.0
5457,68,Studio,1,1,623,26,27,4,1,Unfurnished,7304000.0,12900.0
5458,341,Apartment,4,3,1704,24,15,4,2,Semi-Furnished,24735000.0,78300.0
5459,64,Villa,4,4,1329,23,20,4,1,Semi-Furnished,11857000.0,30600.0
5460,128,Penthouse,3,2,1608,13,4,4,1,Semi-Furnished,14430000.0,48800.0
5461,221,Apartment,4,4,1935,29,33,4,2,Unfurnished,25543000.0,71300.0
5462,290,Apartment,2,2,1152,22,24,0,1,Semi-Furnished,11393000.0,24300.0
5463,264,Penthouse,2,2,911,24,20,5,1,Fully-Furnished,8680000.0,26200.0
5464,107,Apartment,2,2,1055,22,28,3,1,Fully-Furnished,13292000.0,50700.0
5465,350,Apartment,3,2,1420,19,4,3,1,Fully-Furnished,16242000.0,40600.0
5466,173,Apartment,4,3,1860,6,5,3,1,Semi-Furnished,19654000.0,57800.0
5467,463,Apartment,3,2,1427,2,13,1,2,Semi-Furnished,13450000.0,41400.0
5468,5,Studio,3,2,1254,28,27,5,1,Semi-Furnished,14767000.0,38100.0
5469,94,Apartment,3,2,1489,22,21,3,2,Unfurnished,16717000.0,48000.0
5470,424,Studio,5,5,1672,16,26,4,1,Fully-Furnished,16840000.0,45600.0
5471,275,Apartment,2,2,1005,25,15,4,1,Semi-Furnished,9877000.0,29700.0
5472,38,Apartment,1,1,713,5,12,2,1,Unfurnished,8424000.0,24700.0
5473,421,Apartment,4,4,1511,16,9,1,1,Unfurnished,16035000.0,38000.0
5474,171,Row House,1,1,468,23,22,2,1,Unfurnished,4663000.0,14900.0
5475,187,Row House,2,1,1159,16,17,0,0,Semi-Furnished,12110000.0,31300.0
5476,327,Row House,4,4,1375,19,26,5,0,Semi-Furnished,11778000.0,33800.0
5477,460,Villa,1,1,927,22,31,0,1,Semi-Furnished,7933000.0,19000.0
5478,492,Apartment,3,3,1365,11,24,3,2,Semi-Furnished,11570000.0,23200.0
5479,335,Studio,2,2,855,17,31,2,1,Unfurnished,12477000.0,28000.0
5480,178,Apartment,4,4,1686,26,8,4,2,Fully-Furnished,24064000.0,55700.0
5481,453,Row House,2,1,923,19,28,1,2,Fully-Furnished,9119000.0,18800.0
5482,318,Row House,3,3,1216,7,6,5,1,Semi-Furnished,14076000.0,48700.0
5483,381,Penthouse,3,3,1443,5,11,0,1,Unfurnished,19322000.0,46400.0
5484,18,Apartment,3,2,752,21,20,2,1,Semi-Furnished,9536000.0,27400.0
5485,404,Apartment,2,2,1144,4,31,2,2,Unfurnished,13977000.0,
5486,151,Apartment,3,2,996,12,17,5,1,Unfurnished,9511000.0,23400.0
5487,454,Apartment,3,2,1123,16,9,1,1,Unfurnished,8810000.0,29100.0
5488,78,Apartment,2,1,920,19,31,4,1,Unfurnished,9575000.0,27300.0
5489,333,Apartment,2,1,1192,1,11,1,1,Unfurnished,10369000.0,23000.0
5490,69,Apartment,4,3,1269,7,31,4,2,Unfurnished,9786000.0,27700.0
5491,80,Row House,2,1,876,14,26,5,1,Unfurnished,8011000.0,18900.0
5492,116,Apartment,3,3,1012,11,14,3,0,Unfurnished,9475000.0,25800.0
5493,385,Apartment,2,1,1188,12,23,1,2,Fully-Furnished,12611000.0,41500.0
5494,471,Apartment,3,2,1034,11,22,4,2,Unfurnished,8594000.0,21500.0
5495,158,Apartment,2,1,630,20,19,5,2,Semi-Furnished,6149000.0,18000.0
5496,162,Villa,2,2,941,27,10,4,2,Semi-Furnished,11270000.0,35600.0
5497,377,Apartment,3,2,1554,20,18,1,1,Unfurnished,18078000.0,57100.0
5498,16,Villa,2,1,714,28,14,2,2,Unfurnished,5346000.0,20000.0
5499,239,Row House,5,5,1760,9,28,1,2,Unfurnished,21246000.0,57700.0
5500,293,Row House,3,3,1388,10,14,2,1,Unfurnished,15275000.0,32500.0
5501,99,Apartment,2,2,1042,25,9,3,2,Semi-Furnished,12167000.0,30400.0
5502,425,Apartment,2,2,1191,8,11,1,2,Fully-Furnished,13064000.0,35900.0
5503,149,Apartment,2,2,1189,3,28,5,1,Semi-Furnished,10676000.0,32500.0
5504,173,Villa,2,2,766,16,31,3,0,Semi-Furnished,8240000.0,19200.0
5505,134,Apartment,2,2,932,27,31,3,1,Fully-Furnished,11957000.0,30400.0
5506,386,Apartment,5,5,1957,3,24,1,0,Unfurnished,20405000.0,65700.0
5507,110,Studio,2,2,1121,15,18,5,1,Fully-Furnished,13154000.0,50900.0
5508,408,Apartment,4,3,1352,17,12,0,1,Semi-Furnished,16946000.0,44200.0
5509,478,Apartment,1,1,862,26,28,5,2,Semi-Furnished,8057000.0,33300.0
5510,495,Apartment,4,3,1531,19,23,1,2,Fully-Furnished,15851000.0,56800.0
5511,474,Penthouse,3,3,1382,24,17,5,2,Unfurnished,17388000.0,61900.0
5512,36,Row House,3,2,1215,9,16,1,1,Unfurnished,14583000.0,55400.0
5513,56,Villa,4,4,1610,3,7,4,1,Semi-Furnished,15129000.0,45900.0
5514,394,Studio,3,3,1329,3,6,3,1,Semi-Furnished,16689000.0,42700.0
5515,396,Studio,2,1,1133,22,20,2,2,Fully-Furnished,10959000.0,27300.0
5516,425,Apartment,2,1,1085,16,16,1,1,Fully-Furnished,11042000.0,38500.0
5517,113,Apartment,3,2,1014,3,17,5,1,Unfurnished,10123000.0,19500.0
5518,20,Row House,4,4,1538,27,13,4,1,Unfurnished,14787000.0,41300.0
5519,159,Apartment,3,3,1131,16,22,4,0,Unfurnished,11900000.0,33100.0
5520,40,Villa,5,4,1889,5,30,3,1,Semi-Furnished,18937000.0,42800.0
5521,272,Apartment,2,2,1094,22,33,0,2,Fully-Furnished,11859000.0,28700.0
5522,83,Penthouse,3,2,1256,3,22,2,2,Semi-Furnished,10411000.0,28900.0
5523,142,Apartment,3,3,1114,19,17,3,1,Unfurnished,13299000.0,34300.0
5524,407,Apartment,3,3,1258,5,28,1,1,Unfurnished,15967000.0,55800.0
5525,251,Apartment,2,2,736,14,7,4,2,Fully-Furnished,6773000.0,21100.0
5526,270,Studio,3,3,1204,1,21,3,1,Semi-Furnished,17886000.0,54100.0
5527,33,Apartment,3,2,1348,5,23,0,1,Unfurnished,14681000.0,24400.0
5528,259,Apartment,5,4,1506,23,7,2,0,Unfurnished,13684000.0,28700.0
5529,57,Apartment,3,2,1322,4,31,0,2,Unfurnished,15753000.0,39000.0
5530,110,Apartment,2,1,935,4,14,5,1,Unfurnished,9039000.0,23600.0
5531,293,Studio,3,3,1239,25,30,2,1,Semi-Furnished,12239000.0,32200.0
5532,490,Apartment,3,3,1393,22,4,5,1,Unfurnished,11623000.0,32200.0
5533,138,Apartment,2,1,992,11,27,3,1,Semi-Furnished,11590000.0,21300.0
5534,426,Apartment,3,3,1298,7,22,4,0,Unfurnished,15065000.0,52400.0
5535,28,Apartment,2,1,759,24,32,1,1,Unfurnished,11008000.0,31700.0
5536,145,Apartment,2,2,722,10,7,2,2,Unfurnished,5836000.0,13900.0
5537,441,Apartment,4,3,1542,2,34,4,1,Unfurnished,18295000.0,41600.0
5538,471,Studio,4,3,1519,7,32,4,1,Unfurnished,12489000.0,23300.0
5539,453,Villa,2,1,854,4,24,1,1,Semi-Furnished,8705000.0,20000.0
5540,262,Apartment,2,2,722,16,14,0,0,Unfurnished,7821000.0,21000.0
5541,83,Villa,2,1,1165,4,13,2,1,Fully-Furnished,12274000.0,28100.0
5542,348,Apartment,4,4,1227,7,23,3,1,Fully-Furnished,15316000.0,36100.0
5543,137,Studio,2,2,872,18,10,1,1,Unfurnished,11141000.0,28900.0
5544,327,Studio,1,1,802,5,26,5,0,Semi-Furnished,10740000.0,27300.0
5545,395,Apartment,1,1,502,0,26,0,0,Unfurnished,4540000.0,11700.0
5546,199,Apartment,3,3,1184,6,9,1,2,Semi-Furnished,9930000.0,16000.0
5547,231,Apartment,3,3,1310,11,5,4,2,Unfurnished,13513000.0,43000.0
5548,246,Villa,3,3,1162,13,29,2,1,Semi-Furnished,12035000.0,29900.0
5549,360,Apartment,2,2,1126,17,6,2,1,Semi-Furnished,9367000.0,27800.0
5550,236,Row House,2,2,890,21,26,5,1,Unfurnished,9580000.0,26100.0
5551,256,Apartment,2,1,1248,7,29,2,1,Unfurnished,10127000.0,22000.0
5552,139,Apartment,1,1,1191,11,17,4,2,Unfurnished,12197000.0,36600.0
5553,266,Apartment,3,3,1307,17,20,2,1,Unfurnished,18426000.0,39800.0
5554,154,Studio,3,2,1372,6,32,1,2,Unfurnished,11468000.0,33300.0
5555,354,Penthouse,1,1,885,7,16,0,1,Unfurnished,7921000.0,26200.0
5556,335,Apartment,3,3,1236,14,8,2,2,Fully-Furnished,13888000.0,34200.0
5557,431,Penthouse,3,2,1058,4,13,1,2,Unfurnished,10410000.0,24000.0
5558,498,Apartment,2,1,1116,28,31,3,0,Semi-Furnished,12081000.0,24600.0
5559,275,Penthouse,5,4,2036,11,34,4,2,Semi-Furnished,24543000.0,64900.0
5560,363,Apartment,2,1,1206,26,11,4,1,Unfurnished,11713000.0,26800.0
5561,445,Penthouse,3,2,895,22,31,2,1,Unfurnished,11886000.0,24000.0
5562,135,Penthouse,2,1,1170,23,30,5,2,Fully-Furnished,12874000.0,35300.0
5563,254,Apartment,1,1,775,2,21,0,1,Semi-Furnished,10741000.0,25700.0
5564,430,Apartment,3,3,1446,22,25,5,1,Semi-Furnished,18929000.0,40400.0
5565,334,Studio,4,3,1653,1,4,2,2,Unfurnished,13770000.0,35500.0
5566,214,Apartment,3,2,1394,1,29,4,1,Fully-Furnished,14418000.0,45000.0
5567,61,Row House,3,3,1384,26,12,5,1,Fully-Furnished,31745000.0,38800.0
5568,42,Studio,1,1,917,16,25,5,1,Semi-Furnished,8796000.0,30900.0
5569,106,Villa,1,1,659,0,5,0,1,Semi-Furnished,7816000.0,24700.0
5570,244,Apartment,2,1,1160,9,29,0,1,Unfurnished,12226000.0,42800.0
5571,90,Apartment,1,1,973,28,34,2,2,Unfurnished,10265000.0,25300.0
5572,315,Apartment,3,2,1438,12,29,1,2,Unfurnished,18684000.0,48600.0
5573,304,Apartment,3,3,1546,3,16,1,1,Unfurnished,18366000.0,44400.0
5574,274,Apartment,3,2,1386,2,33,0,1,Semi-Furnished,14454000.0,46500.0
5575,451,Apartment,3,2,1663,6,22,4,2,Unfurnished,18690000.0,54200.0
5576,222,Villa,1,1,915,6,14,4,2,Semi-Furnished,8133000.0,29900.0
5577,302,Apartment,2,2,856,27,20,3,1,Fully-Furnished,8016000.0,26100.0
5578,388,Apartment,1,1,993,22,27,5,1,Unfurnished,11869000.0,26600.0
5579,315,Studio,3,3,1533,27,10,1,1,Unfurnished,15184000.0,41600.0
5580,123,Villa,2,1,1074,18,33,1,1,Unfurnished,9702000.0,32700.0
5581,66,Apartment,3,2,1558,26,14,1,1,Unfurnished,18155000.0,61900.0
5582,369,Apartment,2,2,1087,15,5,2,2,Unfurnished,10109000.0,20100.0
5583,191,Apartment,3,2,1488,13,13,4,0,Unfurnished,17506000.0,60700.0
5584,346,Apartment,3,3,1164,3,27,2,1,Semi-Furnished,13878000.0,39800.0
5585,69,Penthouse,4,4,1255,9,34,4,2,Unfurnished,10547000.0,27300.0
5586,59,Apartment,4,3,1934,2,14,1,1,Unfurnished,18405000.0,57600.0
5587,466,Apartment,2,1,1072,15,23,2,2,Semi-Furnished,11837000.0,31400.0
5588,483,Row House,2,1,815,29,11,5,1,Unfurnished,7476000.0,20400.0
5589,35,Penthouse,2,2,908,16,31,4,2,Semi-Furnished,9189000.0,21900.0
5590,312,Row House,3,3,1045,0,30,3,1,Semi-Furnished,11390000.0,22400.0
5591,438,Apartment,2,2,1180,1,15,3,1,Fully-Furnished,10316000.0,23800.0
5592,445,Apartment,3,3,1322,2,17,2,1,Semi-Furnished,14235000.0,
5593,65,Studio,1,1,908,0,32,3,2,Unfurnished,10456000.0,27400.0
5594,100,Apartment,3,2,1247,27,17,2,2,Semi-Furnished,12223000.0,45900.0
5595,224,Villa,3,2,1280,0,17,0,1,Unfurnished,14667000.0,49400.0
5596,238,Apartment,2,2,1009,18,21,2,0,Unfurnished,13514000.0,36800.0
5597,419,Row House,3,3,1532,13,33,5,1,Semi-Furnished,12720000.0,28700.0
5598,103,Apartment,2,1,1173,21,9,2,1,Unfurnished,9518000.0,31500.0
5599,283,Apartment,2,1,946,5,31,0,1,Semi-Furnished,9956000.0,34300.0
5600,77,Studio,2,2,1200,9,28,5,2,Semi-Furnished,11634000.0,34800.0
5601,393,Apartment,3,2,1186,16,31,5,1,Unfurnished,11604000.0,19900.0
5602,441,Apartment,2,2,848,24,5,4,1,Unfurnished,9688000.0,20500.0
5603,306,Apartment,4,4,1507,24,31,1,1,Unfurnished,15286000.0,
5604,278,Apartment,1,1,487,25,31,3,0,Semi-Furnished,4298000.0,13000.0
5605,417,Apartment,5,4,1588,8,16,5,1,Fully-Furnished,15285000.0,44600.0
5606,260,Apartment,3,3,1427,15,27,3,0,Unfurnished,12741000.0,33500.0
5607,291,Apartment,3,2,1681,21,18,1,1,Semi-Furnished,17602000.0,66400.0
5608,448,Apartment,3,3,1179,9,14,5,1,Fully-Furnished,12039000.0,31500.0
5609,215,Villa,2,2,1197,4,18,4,0,Semi-Furnished,25632500.0,26400.0
5610,20,Studio,2,2,1144,8,16,4,1,Unfurnished,15245000.0,48000.0
5611,213,Apartment,2,2,980,23,7,4,2,Semi-Furnished,9870000.0,22100.0
5612,2,Penthouse,4,3,1397,18,6,3,1,Semi-Furnished,14640000.0,41800.0
5613,96,Studio,3,2,832,21,32,3,1,Unfurnished,8052000.0,18300.0
5614,263,Apartment,3,2,1440,11,11,3,2,Semi-Furnished,16537000.0,33900.0
5615,253,Apartment,2,1,1023,18,20,5,1,Unfurnished,12458000.0,26000.0
5616,77,Apartment,3,3,972,14,22,5,2,Semi-Furnished,10792000.0,39400.0
5617,245,Villa,1,1,688,10,22,2,1,Semi-Furnished,8172000.0,15900.0
5618,12,Apartment,3,2,1343,18,34,5,0,Unfurnished,15247000.0,43700.0
5619,156,Penthouse,2,2,606,25,20,4,2,Unfurnished,6720000.0,16500.0
5620,167,Villa,2,2,651,26,28,1,2,Unfurnished,7638000.0,17000.0
5621,137,Studio,3,3,1454,26,6,1,2,Semi-Furnished,16080000.0,38900.0
5622,132,Apartment,2,2,642,16,27,2,1,Fully-Furnished,7536000.0,20500.0
5623,135,Apartment,3,2,1455,4,34,5,1,Semi-Furnished,46620000.0,62700.0
5624,431,Apartment,2,2,1192,20,29,1,1,Fully-Furnished,11671000.0,28900.0
5625,190,Villa,2,2,1012,1,22,3,1,Unfurnished,10577000.0,34400.0
5626,333,Apartment,3,2,993,5,26,1,1,Fully-Furnished,9216000.0,17800.0
5627,398,Villa,3,3,1164,1,9,2,1,Semi-Furnished,12305000.0,32500.0
5628,133,Studio,2,1,1249,29,4,3,2,Unfurnished,12161000.0,38000.0
5629,29,Penthouse,2,2,896,20,4,4,1,Semi-Furnished,9736000.0,19700.0
5630,351,Apartment,2,1,1087,7,6,1,1,Semi-Furnished,10746000.0,31900.0
5631,66,Apartment,4,3,1685,21,15,1,1,Semi-Furnished,17931000.0,58500.0
5632,240,Studio,3,3,1425,27,31,3,1,Semi-Furnished,15929000.0,45200.0
5633,133,Row House,4,3,1728,15,28,3,1,Unfurnished,21444000.0,68800.0
5634,486,Penthouse,2,1,905,27,32,3,2,Fully-Furnished,9385000.0,27000.0
5635,79,Apartment,5,5,1823,23,24,3,1,Fully-Furnished,15949000.0,30100.0
5636,313,Apartment,2,1,1021,23,28,4,1,Fully-Furnished,10882000.0,30200.0
5637,416,Apartment,2,2,1171,8,14,0,2,Unfurnished,12468000.0,53000.0
5638,266,Villa,2,1,884,11,26,2,2,Unfurnished,11205000.0,35700.0
5639,463,Row House,3,3,977,25,11,1,0,Unfurnished,8906000.0,18600.0
5640,67,Row House,3,3,1284,3,26,4,2,Unfurnished,14372000.0,50100.0
5641,391,Villa,3,3,1312,6,33,2,2,Unfurnished,15956000.0,48900.0
5642,365,Apartment,2,2,824,24,26,1,1,Fully-Furnished,7441000.0,18900.0
5643,133,Apartment,4,4,1808,0,24,3,0,Fully-Furnished,19887000.0,46700.0
5644,351,Apartment,3,2,1126,6,13,1,1,Unfurnished,13763000.0,42600.0
5645,9,Penthouse,3,2,1455,19,29,5,1,Fully-Furnished,17000000.0,55800.0
5646,365,Apartment,2,1,866,20,33,1,1,Unfurnished,7749000.0,28500.0
5647,446,Penthouse,4,4,1527,7,30,5,2,Unfurnished,13970000.0,52200.0
5648,427,Apartment,3,2,1183,13,19,0,1,Unfurnished,14246000.0,45000.0
5649,407,Penthouse,2,2,949,8,29,1,1,Unfurnished,10011000.0,32000.0
5650,190,Apartment,2,1,749,1,31,3,1,Semi-Furnished,6663000.0,24100.0
5651,36,Penthouse,3,3,1475,13,10,1,2,Fully-Furnished,18665000.0,47200.0
5652,312,Villa,2,1,693,0,31,3,1,Semi-Furnished,6037000.0,21000.0
5653,104,Row House,4,3,1351,9,22,1,0,Unfurnished,23228000.0,68100.0
5654,162,Studio,4,3,1668,23,21,4,1,Unfurnished,16858000.0,47600.0
5655,90,Studio,2,2,1054,20,18,2,1,Unfurnished,9774000.0,25200.0
5656,473,Studio,2,2,1097,14,15,4,1,Semi-Furnished,7333000.0,18400.0
5657,141,Apartment,3,3,1412,18,20,3,2,Fully-Furnished,12622000.0,35900.0
5658,93,Row House,3,3,1003,6,17,2,2,Fully-Furnished,12576000.0,39200.0
5659,421,Villa,2,1,998,2,4,1,1,Fully-Furnished,10543000.0,29600.0
5660,104,Studio,2,1,1141,16,25,1,0,Semi-Furnished,16980000.0,44900.0
5661,307,Apartment,3,2,1306,9,26,4,1,Unfurnished,17676000.0,51100.0
5662,470,Studio,3,3,1445,29,6,4,2,Unfurnished,14632000.0,38400.0
5663,320,Row House,4,4,1715,13,9,3,2,Semi-Furnished,13224000.0,31400.0
5664,69,Studio,3,3,1576,5,10,4,1,Fully-Furnished,17214000.0,40800.0
5665,335,Penthouse,2,2,1165,19,24,2,1,Semi-Furnished,10846000.0,32700.0
5666,431,Apartment,4,3,1367,21,14,1,2,Semi-Furnished,14589000.0,46800.0
5667,290,Apartment,2,1,722,13,7,0,0,Unfurnished,10241000.0,27700.0
5668,383,Apartment,3,2,1214,5,23,1,0,Unfurnished,14142000.0,41400.0
5669,315,Villa,4,4,1530,5,20,1,0,Semi-Furnished,14512000.0,27600.0
5670,174,Apartment,4,4,1702,13,14,5,0,Unfurnished,16898000.0,29400.0
5671,242,Apartment,2,2,1260,11,12,4,1,Unfurnished,9596000.0,26600.0
5672,46,Studio,4,3,1343,26,6,5,0,Semi-Furnished,13460000.0,44100.0
5673,428,Apartment,4,3,1438,21,23,4,1,Unfurnished,15425000.0,46000.0
5674,149,Studio,2,2,899,13,26,5,1,Fully-Furnished,9367000.0,33800.0
5675,406,Apartment,3,2,1303,12,34,1,1,Semi-Furnished,12919000.0,35800.0
5676,30,Penthouse,2,2,901,5,24,1,2,Fully-Furnished,8993000.0,24200.0
5677,60,Row House,3,3,1322,8,30,1,1,Semi-Furnished,14854000.0,37200.0
5678,98,Villa,3,2,1248,23,24,2,2,Unfurnished,10186000.0,22800.0
5679,479,Apartment,2,1,874,0,4,2,0,Semi-Furnished,7865000.0,18900.0
5680,359,Apartment,1,1,1193,13,4,5,1,Unfurnished,16240000.0,52000.0
5681,161,Apartment,2,2,902,2,15,1,1,Semi-Furnished,10378000.0,23500.0
5682,403,Apartment,3,2,1063,22,13,3,0,Fully-Furnished,10618000.0,25800.0
5683,93,Apartment,4,4,1654,15,13,2,1,Unfurnished,20659000.0,74100.0
5684,238,Villa,3,2,1366,15,14,2,1,Semi-Furnished,14361000.0,45000.0
5685,497,Apartment,3,3,1033,18,11,4,1,Semi-Furnished,9754000.0,36900.0
5686,200,Studio,3,2,1295,17,12,4,1,Unfurnished,15773000.0,51000.0
5687,21,Apartment,2,2,1187,15,25,4,2,Fully-Furnished,13390000.0,39700.0
5688,243,Row House,1,1,743,5,18,2,2,Unfurnished,9387000.0,26600.0
5689,216,Apartment,1,1,685,16,32,0,1,Semi-Furnished,4894000.0,12500.0
5690,442,Apartment,2,2,1037,18,29,5,1,Unfurnished,7680000.0,22800.0
5691,241,Apartment,3,3,1376,1,33,4,2,Unfurnished,12074000.0,39800.0
5692,75,Apartment,2,1,1089,27,19,5,1,Fully-Furnished,10982000.0,36000.0
5693,373,Apartment,2,2,865,19,30,1,1,Unfurnished,10493000.0,27900.0
5694,403,Studio,2,1,1034,29,19,3,1,Semi-Furnished,11968000.0,42300.0
5695,422,Villa,1,1,828,29,12,5,1,Unfurnished,8030000.0,18900.0
5696,467,Studio,3,3,1561,19,32,4,2,Fully-Furnished,17500000.0,50500.0
5697,222,Row House,3,2,1503,24,10,4,2,Unfurnished,17307000.0,37400.0
5698,344,Studio,2,1,1062,29,12,3,0,Semi-Furnished,9044000.0,26900.0
5699,60,Row House,3,2,1205,7,21,1,1,Semi-Furnished,12637000.0,43100.0
5700,259,Apartment,3,3,1120,12,16,2,1,Unfurnished,11184000.0,33400.0
5701,258,Apartment,1,1,795,26,11,5,1,Unfurnished,9325000.0,25000.0
5702,209,Row House,4,3,1661,1,5,4,2,Fully-Furnished,15959000.0,46800.0
5703,183,Villa,4,3,1564,27,21,3,1,Unfurnished,12647000.0,22000.0
5704,425,Apartment,2,2,1054,10,19,1,1,Unfurnished,9654000.0,31200.0
5705,250,Studio,3,3,1305,12,18,4,1,Unfurnished,15526000.0,45100.0
5706,298,Apartment,3,2,1150,1,29,3,2,Semi-Furnished,11886000.0,40600.0
5707,125,Studio,1,1,820,15,10,3,1,Unfurnished,9609000.0,30800.0
5708,482,Apartment,2,2,1030,25,22,2,0,Fully-Furnished,11104000.0,34900.0
5709,208,Apartment,1,1,375,2,31,3,1,Unfurnished,6012000.0,14900.0
5710,349,Apartment,5,4,1501,20,21,4,1,Semi-Furnished,12687000.0,34100.0
5711,102,Row House,1,1,354,4,6,5,0,Fully-Furnished,3121000.0,8400.0
5712,332,Apartment,2,1,917,14,31,2,1,Fully-Furnished,10899000.0,27800.0
5713,82,Apartment,4,4,1476,18,6,5,1,Unfurnished,15489000.0,49600.0
5714,176,Apartment,2,2,1162,9,12,1,0,Unfurnished,12411000.0,33600.0
5715,32,Studio,1,1,931,10,29,5,1,Fully-Furnished,6252000.0,19300.0
5716,297,Apartment,5,4,1891,19,25,2,1,Unfurnished,16275000.0,49300.0
5717,288,Apartment,3,3,960,1,24,2,1,Semi-Furnished,7885000.0,17300.0
5718,112,Apartment,4,4,1543,27,29,1,1,Fully-Furnished,20456000.0,46400.0
5719,124,Apartment,2,1,1298,13,27,1,1,Fully-Furnished,12498000.0,27200.0
5720,499,Apartment,2,2,912,10,34,5,1,Semi-Furnished,9081000.0,24700.0
5721,384,Row House,2,2,529,21,8,0,1,Semi-Furnished,12505000.0,16700.0
5722,174,Apartment,2,1,740,13,11,5,1,Unfurnished,8304000.0,20400.0
5723,125,Penthouse,1,1,716,8,14,3,2,Unfurnished,6790000.0,18900.0
5724,223,Apartment,1,1,1131,16,23,5,2,Fully-Furnished,12776000.0,42300.0
5725,346,Apartment,3,2,1590,23,33,2,2,Unfurnished,17210000.0,41000.0
5726,333,Studio,3,2,1380,28,17,1,0,Fully-Furnished,12957000.0,34900.0
5727,271,Apartment,3,2,1310,5,20,0,1,Semi-Furnished,13890000.0,39400.0
5728,314,Apartment,3,2,1051,5,17,3,1,Semi-Furnished,11932000.0,29900.0
5729,234,Apartment,2,1,953,20,17,2,2,Unfurnished,9597000.0,28300.0
5730,425,Row House,2,2,792,8,26,1,0,Fully-Furnished,9319000.0,30900.0
5731,393,Apartment,2,2,845,23,26,5,1,Fully-Furnished,8691000.0,21000.0
5732,80,Studio,4,4,1572,12,10,5,1,Unfurnished,12612000.0,25700.0
5733,128,Row House,3,3,1059,18,24,4,1,Unfurnished,12106000.0,42700.0
5734,466,Apartment,3,3,1329,29,29,2,1,Unfurnished,13031000.0,33600.0
5735,156,Apartment,3,2,1592,8,13,4,2,Semi-Furnished,16987000.0,46800.0
5736,4,Apartment,4,3,1589,4,8,4,0,Fully-Furnished,16402000.0,52900.0
5737,471,Studio,3,3,1596,12,22,4,2,Unfurnished,15324000.0,51900.0
5738,430,Apartment,2,2,975,4,12,5,2,Semi-Furnished,10416000.0,24100.0
5739,310,Apartment,2,2,832,4,24,1,0,Unfurnished,8163000.0,23800.0
5740,54,Penthouse,3,3,1791,4,5,1,1,Fully-Furnished,16121000.0,32300.0
5741,167,Apartment,1,1,871,14,15,1,2,Semi-Furnished,8882000.0,22400.0
5742,204,Apartment,2,1,804,6,22,3,2,Unfurnished,9649000.0,24800.0
5743,285,Row House,3,2,1208,26,17,2,1,Unfurnished,13105000.0,41000.0
5744,4,Studio,1,1,895,2,25,4,0,Unfurnished,9021000.0,28700.0
5745,269,Apartment,2,1,769,8,13,2,1,Unfurnished,7741000.0,30200.0
5746,78,Apartment,4,3,1796,29,21,4,2,Semi-Furnished,22730000.0,54200.0
5747,1,Apartment,3,2,1384,2,10,1,1,Semi-Furnished,15065000.0,32400.0
5748,274,Apartment,4,3,1680,12,15,0,0,Semi-Furnished,18987000.0,41900.0
5749,53,Row House,2,2,1158,10,7,4,1,Fully-Furnished,15210000.0,58800.0
5750,370,Row House,2,1,1191,24,31,2,2,Unfurnished,13310000.0,34300.0
5751,122,Apartment,2,2,1303,0,7,3,0,Semi-Furnished,12785000.0,47300.0
5752,439,Apartment,1,1,718,15,13,0,0,Fully-Furnished,6408000.0,20600.0
5753,152,Apartment,3,2,1438,22,13,3,1,Unfurnished,11905000.0,33900.0
5754,317,Villa,2,1,1228,6,11,1,2,Unfurnished,10811000.0,24300.0
5755,207,Studio,5,5,1545,4,12,5,1,Semi-Furnished,14885000.0,43300.0
5756,425,Apartment,2,2,1152,19,22,1,1,Unfurnished,11512000.0,29700.0
5757,157,Row House,1,1,725,13,19,3,1,Semi-Furnished,7364000.0,15700.0
5758,60,Studio,1,1,665,17,24,1,0,Unfurnished,7338000.0,32700.0
5759,301,Apartment,1,1,793,6,30,0,2,Semi-Furnished,8286000.0,24900.0
5760,238,Row House,4,3,1516,8,20,2,1,Unfurnished,12891000.0,46000.0
5761,127,Penthouse,1,1,751,19,11,2,1,Unfurnished,7898000.0,22800.0
5762,201,Apartment,2,1,710,24,33,2,1,Unfurnished,8286000.0,22800.0
5763,340,Apartment,3,2,1339,24,9,1,1,Unfurnished,35697500.0,49700.0
5764,146,Studio,2,1,727,20,11,0,1,Fully-Furnished,8182000.0,29300.0
5765,426,Studio,2,2,1051,6,30,4,2,Semi-Furnished,12469000.0,37700.0
5766,101,Villa,2,2,965,14,19,3,0,Semi-Furnished,8779000.0,28400.0
5767,182,Apartment,2,1,892,17,6,1,1,Unfurnished,10745000.0,25900.0
5768,387,Penthouse,3,3,1124,26,12,0,1,Unfurnished,12747000.0,43100.0
5769,429,Row House,4,4,1482,0,34,5,1,Fully-Furnished,12402000.0,30300.0
5770,119,Apartment,4,4,1415,16,11,2,2,Semi-Furnished,14396000.0,42400.0
5771,209,Apartment,5,4,1875,3,18,4,0,Unfurnished,22001000.0,60600.0
5772,431,Apartment,1,1,582,23,16,1,1,Fully-Furnished,6617000.0,15000.0
5773,314,Apartment,2,2,1245,8,15,3,1,Semi-Furnished,13705000.0,35400.0
5774,381,Villa,1,1,520,17,34,0,2,Semi-Furnished,6554000.0,18500.0
5775,415,Apartment,4,3,1137,28,11,4,1,Unfurnished,12525000.0,33400.0
5776,363,Row House,3,2,1254,0,30,4,2,Semi-Furnished,14795000.0,54500.0
5777,476,Studio,2,1,569,9,27,1,0,Unfurnished,6215000.0,15700.0
5778,48,Studio,3,2,1100,28,34,2,2,Semi-Furnished,10915000.0,34200.0
5779,48,Studio,2,1,868,16,10,2,1,Semi-Furnished,8567000.0,29400.0
5780,69,Apartment,3,2,1327,19,22,4,1,Unfurnished,12087000.0,23400.0
5781,411,Apartment,3,2,1457,1,14,0,1,Fully-Furnished,8841000.0,25500.0
5782,373,Apartment,4,4,1706,9,6,1,1,Unfurnished,21412000.0,27700.0
5783,416,Apartment,3,2,939,24,33,0,1,Fully-Furnished,10759000.0,18000.0
5784,302,Studio,3,2,1226,1,26,3,1,Semi-Furnished,12877000.0,47500.0
5785,249,Apartment,2,2,809,2,23,3,1,Fully-Furnished,8636000.0,20900.0
5786,445,Apartment,2,2,897,25,4,2,0,Unfurnished,10835000.0,26500.0
5787,426,Apartment,1,1,730,20,9,4,1,Semi-Furnished,7140000.0,14100.0
5788,384,Row House,2,1,798,16,33,0,2,Unfurnished,9193000.0,23000.0
5789,489,Penthouse,2,2,910,23,16,1,1,Unfurnished,9502000.0,22900.0
5790,399,Villa,2,1,960,24,33,5,1,Semi-Furnished,11405000.0,29700.0
5791,180,Villa,3,3,936,9,7,3,1,Semi-Furnished,11026000.0,31700.0
5792,491,Apartment,3,3,1149,5,22,2,0,Fully-Furnished,10496000.0,28800.0
5793,333,Apartment,2,1,1059,16,21,1,1,Unfurnished,11017000.0,40900.0
5794,356,Apartment,1,1,790,19,9,2,1,Semi-Furnished,7534000.0,21900.0
5795,456,Studio,3,2,1196,25,8,3,0,Fully-Furnished,12884000.0,42700.0
5796,81,Studio,4,4,1431,17,22,4,1,Unfurnished,15954000.0,47700.0
5797,294,Row House,1,1,468,29,16,2,0,Unfurnished,3894000.0,9100.0
5798,433,Apartment,3,3,1161,22,26,5,2,Fully-Furnished,13730000.0,36600.0
5799,299,Villa,5,4,2077,6,25,3,1,Unfurnished,19642000.0,49300.0
5800,260,Apartment,2,1,1357,11,31,3,2,Semi-Furnished,15084000.0,35900.0
5801,1,Row House,2,2,1284,17,5,1,0,Unfurnished,11747000.0,34000.0
5802,437,Apartment,5,5,1920,6,11,3,2,Semi-Furnished,21372000.0,59700.0
5803,342,Villa,1,1,743,24,25,4,0,Unfurnished,8722000.0,20900.0
5804,49,Apartment,2,2,1153,13,5,5,0,Semi-Furnished,13434000.0,42100.0
5805,339,Apartment,2,2,1296,0,11,3,1,Semi-Furnished,16197000.0,40900.0
5806,277,Apartment,3,3,1029,28,15,1,2,Fully-Furnished,13280000.0,24900.0
5807,200,Studio,2,1,922,21,8,4,1,Semi-Furnished,10641000.0,28900.0
5808,353,Apartment,2,1,1055,20,10,5,2,Fully-Furnished,12956000.0,24100.0
5809,173,Villa,2,1,1421,14,21,3,2,Unfurnished,13938000.0,40100.0
5810,432,Villa,1,1,704,23,30,2,1,Fully-Furnished,6690000.0,16300.0
5811,212,Apartment,3,3,1168,26,10,4,2,Semi-Furnished,7332000.0,21700.0
5812,181,Apartment,1,1,895,9,34,5,0,Unfurnished,7294000.0,29000.0
5813,299,Villa,3,2,974,27,25,3,0,Semi-Furnished,9850000.0,18900.0
5814,336,Penthouse,3,3,1317,0,24,0,1,Unfurnished,16211000.0,44000.0
5815,370,Row House,2,1,741,8,9,2,0,Semi-Furnished,9002000.0,17500.0
5816,495,Apartment,5,5,2040,13,6,1,2,Unfurnished,22607000.0,46600.0
5817,410,Villa,2,1,1047,0,4,4,1,Unfurnished,9581000.0,31700.0
5818,317,Apartment,4,4,1766,22,7,1,1,Semi-Furnished,14914000.0,45300.0
5819,348,Apartment,1,1,341,28,24,3,2,Unfurnished,4273000.0,11500.0
5820,148,Apartment,4,4,1726,27,6,2,1,Semi-Furnished,18371000.0,74300.0
5821,263,Studio,2,1,1230,29,15,3,1,Semi-Furnished,14318000.0,44100.0
5822,183,Apartment,2,2,1095,21,31,3,1,Unfurnished,13180000.0,27400.0
5823,44,Apartment,3,3,1403,17,20,5,1,Unfurnished,12292000.0,26500.0
5824,246,Villa,3,2,1526,21,5,2,1,Semi-Furnished,14029000.0,41900.0
5825,426,Penthouse,4,3,1674,5,15,4,1,Unfurnished,16735000.0,54600.0
5826,48,Studio,2,1,892,6,20,2,0,Fully-Furnished,8195000.0,24200.0
5827,241,Apartment,4,3,1567,24,31,4,2,Fully-Furnished,13753000.0,45100.0
5828,416,Row House,1,1,900,5,32,0,1,Unfurnished,9072000.0,
5829,330,Apartment,3,3,1295,17,30,1,1,Unfurnished,16166000.0,26300.0
5830,389,Penthouse,2,1,676,14,23,5,0,Semi-Furnished,7299000.0,21600.0
5831,132,Villa,5,4,1924,15,12,2,1,Unfurnished,24870000.0,62500.0
5832,335,Row House,2,1,1009,14,23,2,2,Fully-Furnished,11546000.0,29100.0
5833,481,Apartment,2,2,1135,26,18,5,2,Unfurnished,10995000.0,37600.0
5834,455,Apartment,1,1,573,8,30,3,1,Unfurnished,6611000.0,16500.0
5835,67,Apartment,5,5,1882,25,15,4,1,Semi-Furnished,19701000.0,52600.0
5836,87,Apartment,3,3,1767,29,13,2,2,Semi-Furnished,22395000.0,60700.0
5837,385,Studio,1,1,843,0,34,1,2,Fully-Furnished,8352000.0,24100.0
5838,77,Studio,3,3,1372,10,27,5,1,Fully-Furnished,13625000.0,34200.0
5839,285,Villa,2,1,1096,29,10,2,1,Unfurnished,10770000.0,39800.0
5840,214,Apartment,1,1,606,4,4,4,1,Semi-Furnished,5085000.0,18500.0
5841,406,Villa,1,1,797,8,10,1,1,Unfurnished,9405000.0,38100.0
5842,9,Penthouse,3,2,1400,27,33,5,1,Semi-Furnished,10251000.0,36400.0
5843,125,Apartment,3,2,1425,14,12,3,1,Unfurnished,17825000.0,42100.0
5844,394,Studio,3,2,1403,13,22,3,0,Semi-Furnished,14361000.0,45400.0
5845,370,Apartment,4,3,1261,1,24,2,2,Unfurnished,16112000.0,36700.0
5846,135,Apartment,1,1,460,18,22,5,0,Semi-Furnished,6389000.0,18600.0
5847,54,Penthouse,2,2,983,10,21,1,2,Unfurnished,12639000.0,28100.0
5848,249,Apartment,1,1,599,14,7,3,1,Fully-Furnished,5582000.0,15600.0
5849,33,Apartment,4,3,1430,26,9,0,1,Fully-Furnished,17598000.0,45100.0
5850,394,Apartment,3,2,1634,4,34,3,1,Unfurnished,15428000.0,50000.0
5851,13,Apartment,3,3,1459,13,28,5,2,Unfurnished,16763000.0,50400.0
5852,204,Villa,3,2,1148,9,17,3,1,Fully-Furnished,9479000.0,21200.0
5853,329,Apartment,1,1,1057,16,8,2,0,Fully-Furnished,15201000.0,37300.0
5854,5,Apartment,3,2,1222,20,7,5,0,Semi-Furnished,15340000.0,42600.0
5855,443,Apartment,4,4,1286,26,26,1,1,Unfurnished,11042000.0,25900.0
5856,383,Penthouse,4,3,1326,12,20,1,1,Semi-Furnished,15579000.0,44000.0
5857,289,Apartment,4,3,1514,17,18,4,2,Unfurnished,14871000.0,42700.0
5858,432,Row House,4,3,1659,12,4,2,0,Unfurnished,14340000.0,29300.0
5859,357,Apartment,3,2,1090,0,30,1,0,Unfurnished,11176000.0,35900.0
5860,352,Apartment,3,3,1276,28,9,1,1,Unfurnished,12284000.0,35800.0
5861,300,Studio,1,1,721,23,7,3,2,Fully-Furnished,7953000.0,19400.0
5862,98,Apartment,2,2,912,25,16,2,1,Unfurnished,8454000.0,30100.0
5863,307,Apartment,3,2,1215,27,20,4,2,Fully-Furnished,12403000.0,33800.0
5864,185,Apartment,2,1,1242,24,30,2,1,Unfurnished,16121000.0,42000.0
5865,430,Apartment,2,2,644,2,9,5,2,Fully-Furnished,7563000.0,21200.0
5866,144,Studio,3,3,1333,14,20,3,1,Semi-Furnished,15435000.0,39300.0
5867,172,Row House,1,1,811,12,25,2,0,Fully-Furnished,7161000.0,23300.0
5868,473,Apartment,3,2,1363,12,14,4,0,Unfurnished,11216000.0,36600.0
5869,63,Villa,2,1,861,4,10,1,1,Semi-Furnished,9969000.0,27100.0
5870,63,Apartment,2,2,851,14,22,1,1,Semi-Furnished,9305000.0,28100.0
5871,388,Apartment,1,1,767,8,13,5,1,Fully-Furnished,7886000.0,12100.0
5872,44,Villa,1,1,627,18,6,5,0,Semi-Furnished,6154000.0,16000.0
5873,92,Apartment,2,2,957,1,26,2,0,Semi-Furnished,9454000.0,28400.0
5874,269,Apartment,3,3,1130,27,23,2,1,Unfurnished,13663000.0,35500.0
5875,355,Row House,2,2,872,0,12,2,0,Semi-Furnished,9502000.0,29000.0
5876,407,Apartment,2,2,1388,16,6,1,2,Semi-Furnished,16741000.0,43700.0
5877,441,Apartment,3,3,1269,0,9,4,0,Unfurnished,19148000.0,51100.0
5878,426,Studio,5,5,1283,2,13,4,2,Semi-Furnished,13022000.0,34900.0
5879,366,Apartment,4,4,1820,0,29,1,1,Semi-Furnished,17525000.0,53100.0
5880,291,Studio,3,2,1526,17,26,1,2,Unfurnished,17434000.0,52000.0
5881,381,Villa,3,3,1450,26,17,0,1,Unfurnished,14359000.0,29300.0
5882,77,Studio,1,1,625,29,24,5,1,Unfurnished,6840000.0,13800.0
5883,238,Apartment,3,2,1310,11,10,2,2,Fully-Furnished,15421000.0,44600.0
5884,320,Apartment,2,1,987,2,9,3,2,Semi-Furnished,7110000.0,17900.0
5885,474,Apartment,4,4,1684,23,20,5,2,Unfurnished,19425000.0,52000.0
5886,235,Apartment,4,3,1514,3,26,5,2,Semi-Furnished,17426000.0,61300.0
5887,159,Apartment,4,4,1304,29,22,4,1,Unfurnished,11499000.0,41300.0
5888,401,Row House,3,3,1480,29,27,5,1,Unfurnished,13841000.0,36700.0
5889,282,Apartment,2,1,1091,9,10,4,1,Semi-Furnished,13978000.0,47900.0
5890,279,Apartment,1,1,784,5,4,4,0,Semi-Furnished,9828000.0,28900.0
5891,468,Villa,4,4,1671,2,29,1,0,Unfurnished,18837000.0,60900.0
5892,34,Apartment,1,1,889,1,28,0,1,Semi-Furnished,8468000.0,16100.0
5893,371,Apartment,4,3,1477,15,25,4,1,Unfurnished,13293000.0,35300.0
5894,56,Apartment,3,3,1033,2,25,4,1,Semi-Furnished,8469000.0,28000.0
5895,293,Studio,2,2,878,3,30,2,1,Fully-Furnished,11377000.0,23500.0
5896,145,Apartment,3,2,1420,5,10,2,2,Unfurnished,14764000.0,48000.0
5897,349,Row House,1,1,688,3,13,4,1,Unfurnished,6678000.0,15000.0
5898,320,Row House,3,2,1164,8,6,3,1,Semi-Furnished,9317000.0,29500.0
5899,182,Apartment,4,4,1763,4,30,1,2,Semi-Furnished,19778000.0,42700.0
5900,414,Apartment,3,2,1424,28,15,5,2,Semi-Furnished,17219000.0,77200.0
5901,231,Row House,2,2,1305,20,5,4,1,Unfurnished,9942000.0,20100.0
5902,97,Studio,5,5,1875,6,28,3,2,Unfurnished,20053000.0,51000.0
5903,139,Apartment,2,2,936,2,19,4,2,Fully-Furnished,10825000.0,25700.0
5904,394,Apartment,2,1,973,23,20,3,1,Unfurnished,9436000.0,19700.0
5905,264,Apartment,1,1,813,19,29,5,1,Semi-Furnished,9665000.0,22900.0
5906,36,Villa,4,4,1604,9,34,1,1,Semi-Furnished,18193000.0,43700.0
5907,343,Apartment,2,1,1182,6,31,3,0,Semi-Furnished,17388000.0,39500.0
5908,315,Apartment,3,2,1248,17,19,1,1,Fully-Furnished,14455000.0,33600.0
5909,474,Studio,3,3,1074,25,25,5,2,Fully-Furnished,13136000.0,29900.0
5910,161,Apartment,5,4,2203,24,4,1,2,Semi-Furnished,29378000.0,76400.0
5911,165,Villa,3,3,952,12,31,2,1,Unfurnished,11279000.0,31000.0
5912,488,Villa,2,2,1308,13,12,1,1,Semi-Furnished,14195000.0,34900.0
5913,398,Apartment,1,1,557,14,20,2,2,Semi-Furnished,4385000.0,15200.0
5914,72,Row House,4,3,1699,18,30,4,2,Semi-Furnished,14775000.0,22000.0
5915,152,Villa,2,2,949,10,7,3,1,Unfurnished,10726000.0,30400.0
5916,403,Penthouse,2,2,786,2,27,3,1,Semi-Furnished,8290000.0,27000.0
5917,409,Row House,2,1,1219,2,22,5,1,Fully-Furnished,14029000.0,35900.0
5918,312,Apartment,1,1,692,1,26,3,2,Unfurnished,5973000.0,16500.0
5919,154,Apartment,2,2,1190,14,32,1,1,Unfurnished,13044000.0,32700.0
5920,445,Row House,4,3,1372,11,23,2,1,Fully-Furnished,16103000.0,45000.0
5921,115,Apartment,2,2,1190,18,18,0,2,Unfurnished,14661000.0,40400.0
5922,79,Apartment,2,1,657,19,6,3,1,Unfurnished,5605000.0,16100.0
5923,447,Apartment,2,2,1256,20,9,4,1,Fully-Furnished,13858000.0,42800.0
5924,310,Penthouse,2,1,888,15,34,1,1,Unfurnished,8216000.0,22100.0
5925,69,Studio,4,3,1366,21,27,4,2,Fully-Furnished,15936000.0,47600.0
5926,350,Villa,2,2,779,18,4,3,1,Unfurnished,8714000.0,22800.0
5927,64,Penthouse,5,4,1850,17,20,4,2,Unfurnished,15333000.0,32300.0
5928,463,Apartment,1,1,800,10,22,1,1,Semi-Furnished,9248000.0,21900.0
5929,127,Apartment,3,2,1215,29,23,2,0,Unfurnished,9506000.0,27300.0
5930,400,Apartment,2,1,1083,22,29,4,2,Unfurnished,8447000.0,22400.0
5931,379,Studio,1,1,946,18,27,1,1,Unfurnished,9701000.0,29500.0
5932,95,Penthouse,4,3,1519,27,23,4,2,Semi-Furnished,16145000.0,26800.0
5933,171,Penthouse,2,1,1106,7,12,2,0,Fully-Furnished,9892000.0,23100.0
5934,366,Row House,1,1,687,19,27,1,0,Semi-Furnished,6216000.0,17900.0
5935,105,Apartment,3,2,1143,3,17,5,2,Unfurnished,11260000.0,27200.0
5936,86,Penthouse,2,2,1138,24,25,2,2,Fully-Furnished,9467000.0,23600.0
5937,500,Apartment,2,2,1342,22,5,0,2,Semi-Furnished,17927000.0,52600.0
5938,258,Apartment,2,2,806,15,27,5,2,Unfurnished,20022500.0,23300.0
5939,66,Apartment,1,1,772,14,27,1,1,Fully-Furnished,7997000.0,18200.0
5940,409,Row House,2,1,811,5,30,5,2,Fully-Furnished,10047000.0,25300.0
5941,101,Penthouse,3,2,1428,0,26,3,1,Semi-Furnished,12453000.0,41900.0
5942,485,Villa,1,1,533,12,20,4,1,Semi-Furnished,5015000.0,14600.0
5943,87,Apartment,3,2,997,4,26,2,1,Unfurnished,9388000.0,18400.0
5944,333,Apartment,2,2,1060,23,10,1,1,Semi-Furnished,7445000.0,19200.0
5945,202,Studio,2,2,892,26,12,0,1,Unfurnished,11235000.0,25200.0
5946,90,Studio,3,2,1821,11,34,2,1,Unfurnished,18461000.0,49400.0
5947,307,Studio,3,3,1597,26,32,4,1,Semi-Furnished,16237000.0,32600.0
5948,198,Villa,2,2,817,20,16,3,2,Unfurnished,7604000.0,20000.0
5949,326,Apartment,2,1,1182,13,13,3,1,Unfurnished,14230000.0,22100.0
5950,147,Apartment,2,2,1004,28,8,5,2,Unfurnished,11426000.0,34700.0
5951,383,Apartment,2,2,1138,22,32,1,0,Fully-Furnished,14241000.0,26300.0
5952,30,Studio,2,1,857,3,14,1,2,Semi-Furnished,9608000.0,33600.0
5953,459,Apartment,2,2,1068,0,11,2,2,Unfurnished,11073000.0,27200.0
5954,429,Studio,3,2,898,13,13,5,1,Unfurnished,7712000.0,24400.0
5955,396,Studio,2,1,1598,4,11,2,1,Fully-Furnished,17678000.0,56800.0
5956,270,Penthouse,2,2,959,28,14,3,2,Semi-Furnished,11323000.0,22800.0
5957,196,Apartment,2,1,785,14,18,4,1,Fully-Furnished,8100000.0,
5958,297,Penthouse,2,1,1156,21,21,2,2,Fully-Furnished,11750000.0,17500.0
5959,353,Apartment,1,1,640,0,16,5,0,Semi-Furnished,9396000.0,25600.0
5960,389,Apartment,2,2,678,11,33,5,1,Semi-Furnished,5952000.0,21200.0
5961,9,Studio,2,1,789,21,33,5,2,Unfurnished,7534000.0,24800.0
5962,307,Apartment,2,1,934,4,29,4,1,Fully-Furnished,11649000.0,31700.0
5963,324,Studio,2,1,1105,8,6,5,1,Unfurnished,12665000.0,24800.0
5964,391,Villa,2,1,596,22,13,2,1,Semi-Furnished,7540000.0,25100.0
5965,37,Apartment,4,3,1813,1,29,4,2,Unfurnished,20594000.0,52700.0
5966,373,Penthouse,2,2,1232,19,26,1,2,Unfurnished,14525000.0,25700.0
5967,133,Row House,4,3,1275,10,9,3,1,Fully-Furnished,13393000.0,40700.0
5968,181,Apartment,2,2,830,7,25,5,2,Fully-Furnished,7598000.0,23800.0
5969,370,Apartment,4,4,2007,27,21,2,1,Unfurnished,26718000.0,79700.0
5970,246,Apartment,4,3,1316,19,33,2,2,Unfurnished,12041000.0,32100.0
5971,255,Studio,3,3,1065,25,23,3,1,Unfurnished,12425000.0,45200.0
5972,298,Apartment,2,1,949,17,4,3,2,Fully-Furnished,10594000.0,25600.0
5973,163,Apartment,3,3,1126,27,5,2,2,Semi-Furnished,8078000.0,25800.0
5974,320,Apartment,4,4,1853,25,23,3,2,Unfurnished,17566000.0,46300.0
5975,16,Apartment,2,1,1124,0,32,2,2,Unfurnished,9665000.0,22400.0
5976,263,Villa,2,2,865,22,8,3,2,Unfurnished,10933000.0,21800.0
5977,388,Villa,1,1,993,18,20,5,2,Unfurnished,10468000.0,24400.0
5978,353,Studio,4,4,1519,23,32,5,1,Semi-Furnished,18064000.0,30200.0
5979,56,Apartment,5,5,2036,4,19,4,1,Unfurnished,21101000.0,47100.0
5980,249,Villa,3,2,1014,8,33,3,2,Unfurnished,11062000.0,27400.0
5981,185,Villa,5,5,2219,18,31,2,0,Fully-Furnished,23784000.0,76900.0
5982,376,Apartment,3,2,1082,26,26,4,2,Semi-Furnished,11250000.0,30300.0
5983,375,Apartment,2,2,1048,4,16,1,0,Semi-Furnished,11488000.0,41800.0
5984,276,Villa,2,1,998,15,30,4,1,Semi-Furnished,10450000.0,32000.0
5985,247,Apartment,2,2,1141,24,8,4,1,Unfurnished,12092000.0,35300.0
5986,457,Row House,4,3,1390,1,15,3,1,Unfurnished,15078000.0,42900.0
5987,177,Apartment,3,2,1494,29,12,1,2,Unfurnished,16114000.0,28300.0
5988,115,Apartment,3,3,1318,5,23,0,1,Unfurnished,17200000.0,39500.0
5989,107,Apartment,2,2,1033,0,14,3,1,Unfurnished,11889000.0,29000.0
5990,63,Studio,3,2,1563,4,15,1,1,Unfurnished,19168000.0,54200.0
5991,53,Row House,1,1,589,14,31,4,1,Unfurnished,5294000.0,16300.0
5992,473,Apartment,2,2,1206,27,16,4,2,Unfurnished,9489000.0,27400.0
5993,165,Penthouse,3,2,1103,24,13,2,1,Unfurnished,10859000.0,38500.0
5994,379,Apartment,2,1,1368,21,8,1,1,Fully-Furnished,15248000.0,48400.0
5995,394,Apartment,3,2,1348,28,33,3,2,Unfurnished,11071000.0,23000.0
5996,65,Apartment,4,3,1330,29,31,3,1,Unfurnished,17578000.0,39900.0
5997,234,Studio,4,4,1764,17,30,2,2,Fully-Furnished,18818000.0,57200.0
5998,468,Penthouse,3,3,1089,28,21,1,1,Semi-Furnished,12222000.0,30300.0
5999,118,Apartment,2,1,1112,17,14,0,1,Unfurnished,9332000.0,26400.0
6000,136,Apartment,5,5,1890,4,21,3,2,Unfurnished,20538000.0,54200.0
6001,341,Apartment,1,1,602,21,6,4,1,Unfurnished,8210000.0,30400.0
6002,351,Apartment,1,1,777,3,33,1,1,Semi-Furnished,8578000.0,29700.0
6003,238,Villa,3,3,1616,24,26,2,0,Unfurnished,20937000.0,71600.0
6004,295,Apartment,2,1,814,1,17,5,1,Semi-Furnished,8534000.0,25700.0
6005,173,Penthouse,3,3,1413,18,21,3,1,Unfurnished,15500000.0,39100.0
6006,229,Apartment,3,3,1068,8,21,3,2,Semi-Furnished,9007000.0,17500.0
6007,330,Apartment,5,5,2042,27,5,1,1,Unfurnished,22081000.0,68700.0
6008,239,Apartment,3,2,1278,2,28,1,1,Unfurnished,13102000.0,35600.0
6009,475,Apartment,2,1,889,23,26,2,2,Semi-Furnished,9677000.0,23300.0
6010,341,Apartment,1,1,1013,0,27,4,1,Semi-Furnished,12480000.0,27400.0
6011,422,Row House,4,4,1270,19,5,5,2,Semi-Furnished,16155000.0,53900.0
6012,424,Apartment,2,2,954,10,23,4,1,Fully-Furnished,11030000.0,20900.0
6013,417,Studio,3,3,1437,5,6,5,2,Fully-Furnished,16660000.0,41100.0
6014,130,Penthouse,2,1,1356,20,20,5,1,Unfurnished,17026000.0,41500.0
6015,432,Apartment,3,2,1583,22,14,2,1,Semi-Furnished,17433000.0,48900.0
6016,63,Villa,1,1,556,2,31,1,1,Unfurnished,5727000.0,12800.0
6017,159,Row House,2,2,925,2,14,4,1,Unfurnished,10853000.0,18700.0
6018,497,Apartment,3,3,1437,9,20,4,2,Unfurnished,14313000.0,35800.0
6019,482,Villa,1,1,667,15,28,2,1,Unfurnished,7435000.0,22200.0
6020,351,Apartment,3,2,1710,2,6,1,1,Semi-Furnished,18769000.0,56800.0
6021,471,Apartment,2,2,1131,22,4,4,0,Unfurnished,9509000.0,27000.0
6022,357,Apartment,1,1,685,13,14,1,0,Semi-Furnished,7556000.0,20100.0
6023,338,Apartment,3,3,1009,17,18,1,1,Semi-Furnished,8926000.0,26500.0
6024,121,Apartment,1,1,806,22,12,1,1,Unfurnished,8192000.0,25600.0
6025,115,Apartment,2,1,787,8,7,0,0,Unfurnished,8363000.0,24900.0
6026,248,Row House,2,2,1247,2,15,5,1,Unfurnished,13033000.0,47700.0
6027,85,Penthouse,2,2,850,4,30,0,1,Semi-Furnished,8365000.0,19500.0
6028,365,Apartment,2,2,622,3,25,1,1,Semi-Furnished,5671000.0,8300.0
6029,53,Penthouse,3,2,1144,10,8,4,1,Semi-Furnished,11084000.0,34500.0
6030,159,Apartment,2,2,779,25,33,4,1,Semi-Furnished,7539000.0,27900.0
6031,77,Apartment,3,2,1499,18,24,5,1,Fully-Furnished,21297000.0,58100.0
6032,190,Villa,4,4,1090,0,22,3,2,Unfurnished,14209000.0,29800.0
6033,480,Apartment,2,1,664,10,24,0,1,Unfurnished,6769000.0,18200.0
6034,18,Penthouse,2,2,824,8,6,2,1,Unfurnished,11874000.0,38500.0
6035,198,Apartment,5,4,1780,4,15,3,2,Unfurnished,17156000.0,53600.0
6036,75,Studio,5,5,1910,12,24,5,1,Unfurnished,20054000.0,70200.0
6037,82,Apartment,4,3,1561,24,7,5,2,Semi-Furnished,16539000.0,53500.0
6038,37,Apartment,3,3,1536,10,6,4,2,Unfurnished,12747000.0,28700.0
6039,380,Apartment,2,1,1043,27,15,0,1,Semi-Furnished,7108000.0,21200.0
6040,149,Apartment,3,2,1301,13,4,5,1,Fully-Furnished,16546000.0,48200.0
6041,161,Villa,1,1,523,3,32,1,2,Fully-Furnished,5435000.0,12600.0
6042,129,Penthouse,4,3,1737,8,11,1,1,Semi-Furnished,22803000.0,66100.0
6043,284,Studio,2,2,1626,10,10,1,0,Semi-Furnished,22480000.0,58700.0
6044,219,Penthouse,2,1,987,20,30,2,1,Fully-Furnished,10689000.0,23500.0
6045,99,Apartment,3,2,1225,1,29,3,1,Unfurnished,15860000.0,42100.0
6046,492,Apartment,3,3,1438,13,33,3,1,Semi-Furnished,14725000.0,36600.0
6047,160,Apartment,3,3,1349,19,26,1,1,Unfurnished,11032000.0,38100.0
6048,7,Apartment,3,3,1123,14,31,2,2,Semi-Furnished,9947000.0,18700.0
6049,371,Villa,4,4,1556,9,20,4,0,Semi-Furnished,21225000.0,59200.0
6050,226,Apartment,2,1,982,8,20,2,1,Fully-Furnished,10853000.0,24500.0
6051,401,Apartment,2,1,1247,22,16,5,1,Unfurnished,14325000.0,30900.0
6052,407,Apartment,3,2,1450,25,25,1,0,Unfurnished,13460000.0,39300.0
6053,326,Apartment,2,1,1069,12,25,3,1,Semi-Furnished,11985000.0,31700.0
6054,218,Apartment,3,3,1095,9,24,4,2,Semi-Furnished,10595000.0,34900.0
6055,258,Apartment,2,2,1170,17,20,5,2,Fully-Furnished,15101000.0,29400.0
6056,25,Apartment,2,1,802,21,13,5,2,Unfurnished,12333000.0,32800.0
6057,224,Apartment,2,2,1094,7,5,0,0,Unfurnished,13332000.0,35300.0
6058,451,Villa,4,4,1510,19,30,4,1,Semi-Furnished,13672000.0,47000.0
6059,61,Apartment,2,2,1124,7,27,5,2,Semi-Furnished,13404000.0,41800.0
6060,358,Apartment,2,2,833,29,29,0,1,Unfurnished,7577000.0,13700.0
6061,31,Studio,2,1,1226,0,4,2,2,Unfurnished,14555000.0,54100.0
6062,331,Penthouse,3,2,1424,14,22,3,0,Unfurnished,15150000.0,43400.0
6063,93,Studio,3,3,1123,2,11,2,1,Unfurnished,12246000.0,33600.0
6064,430,Villa,4,4,1291,24,6,5,1,Unfurnished,12126000.0,27500.0
6065,146,Apartment,3,3,808,14,26,0,0,Unfurnished,8861000.0,21600.0
6066,89,Apartment,4,4,1493,15,11,4,1,Unfurnished,13880000.0,34900.0
6067,58,Villa,3,3,1164,6,10,0,1,Semi-Furnished,11564000.0,38000.0
6068,309,Apartment,2,2,1150,2,25,4,1,Fully-Furnished,10746000.0,21100.0
6069,51,Apartment,1,1,526,8,33,2,2,Unfurnished,5286000.0,13400.0
6070,263,Penthouse,3,2,1144,3,7,3,1,Unfurnished,12012000.0,30400.0
6071,26,Apartment,2,2,839,18,24,3,2,Semi-Furnished,9530000.0,28700.0
6072,209,Villa,2,1,1026,15,18,4,1,Semi-Furnished,11533000.0,39700.0
6073,166,Apartment,3,3,1138,11,7,3,1,Semi-Furnished,13984000.0,25700.0
6074,21,Apartment,3,3,1267,20,14,4,1,Fully-Furnished,13295000.0,46600.0
6075,172,Apartment,3,3,1062,23,6,2,1,Semi-Furnished,10418000.0,24000.0
6076,465,Penthouse,4,3,1642,12,18,2,1,Unfurnished,14757000.0,39300.0
6077,371,Apartment,3,2,1391,16,12,4,1,Semi-Furnished,17727000.0,42300.0
6078,391,Apartment,2,2,938,1,5,2,1,Semi-Furnished,11919000.0,39800.0
6079,483,Studio,3,2,1237,2,19,5,1,Semi-Furnished,8539000.0,27500.0
6080,361,Apartment,3,3,1640,0,7,0,1,Fully-Furnished,19842000.0,45600.0
6081,68,Apartment,4,4,1599,13,10,4,1,Unfurnished,21969000.0,62400.0
6082,480,Apartment,4,3,1607,27,22,0,1,Fully-Furnished,21107000.0,58800.0
6083,76,Studio,2,1,783,9,12,5,0,Semi-Furnished,7751000.0,24100.0
6084,255,Apartment,4,3,1694,24,27,3,2,Unfurnished,19986000.0,45900.0
6085,367,Apartment,1,1,910,18,7,2,1,Semi-Furnished,8065000.0,18800.0
6086,214,Row House,4,4,1256,28,16,4,1,Unfurnished,11713000.0,24700.0
6087,422,Apartment,2,2,1092,24,30,5,2,Unfurnished,11386000.0,25900.0
6088,189,Penthouse,3,2,1393,27,24,1,2,Unfurnished,16051000.0,49300.0
6089,232,Apartment,1,1,678,27,26,5,2,Unfurnished,5904000.0,11100.0
6090,327,Apartment,2,1,1325,18,20,5,1,Unfurnished,13114000.0,39300.0
6091,187,Apartment,2,2,1196,8,28,0,2,Fully-Furnished,13503000.0,37600.0
6092,343,Row House,1,1,1007,14,4,3,1,Unfurnished,11479000.0,33600.0
6093,372,Row House,2,1,766,17,22,5,2,Unfurnished,6151000.0,15200.0
6094,369,Villa,4,4,1593,10,33,2,2,Unfurnished,17207000.0,39400.0
6095,352,Apartment,3,3,1123,12,17,1,2,Unfurnished,13755000.0,28700.0
6096,307,Apartment,4,3,1628,3,16,4,1,Unfurnished,18416000.0,42100.0
6097,430,Penthouse,1,1,437,19,25,5,2,Unfurnished,5395000.0,18100.0
6098,380,Studio,1,1,879,5,28,0,1,Unfurnished,6753000.0,14600.0
6099,266,Apartment,2,1,1073,2,18,2,0,Unfurnished,13019000.0,42700.0
6100,51,Apartment,1,1,707,7,24,2,2,Semi-Furnished,6972000.0,15400.0
6101,167,Apartment,3,3,1516,8,15,1,1,Semi-Furnished,16329000.0,49300.0
6102,199,Row House,1,1,514,28,10,1,2,Semi-Furnished,4459000.0,15500.0
6103,475,Apartment,2,2,1242,28,31,2,1,Semi-Furnished,14522000.0,37500.0
6104,159,Apartment,2,2,795,27,27,4,1,Unfurnished,7927000.0,18900.0
6105,100,Studio,3,2,1728,21,9,2,2,Unfurnished,15455000.0,49200.0
6106,223,Apartment,3,3,1238,1,21,5,1,Semi-Furnished,13939000.0,41300.0
6107,272,Apartment,4,3,1947,24,14,0,2,Unfurnished,19095000.0,65400.0
6108,142,Villa,4,4,1293,5,5,3,1,Semi-Furnished,13380000.0,24100.0
6109,139,Apartment,2,2,1310,19,14,4,2,Unfurnished,15796000.0,47400.0
6110,269,Apartment,2,2,1037,17,33,2,0,Fully-Furnished,10142000.0,31800.0
6111,116,Apartment,2,1,864,22,4,3,1,Semi-Furnished,9021000.0,23800.0
6112,357,Villa,4,3,1640,24,15,1,1,Unfurnished,17758000.0,45500.0
6113,234,Villa,3,2,1481,8,9,2,2,Unfurnished,16248000.0,37100.0
6114,236,Apartment,3,2,1224,5,14,5,0,Semi-Furnished,13663000.0,36200.0
6115,410,Row House,3,3,1172,18,33,4,1,Unfurnished,11805000.0,30200.0
6116,486,Apartment,3,2,1313,1,17,3,1,Semi-Furnished,13133000.0,48300.0
6117,26,Apartment,3,2,1066,25,23,3,1,Unfurnished,10462000.0,36400.0
6118,141,Apartment,2,1,1074,10,34,3,1,Unfurnished,10020000.0,31600.0
6119,209,Apartment,3,2,1280,27,12,4,1,Fully-Furnished,12709000.0,29200.0
6120,180,Studio,2,2,1134,0,10,3,1,Fully-Furnished,16096000.0,38400.0
6121,93,Apartment,1,1,759,24,26,2,2,Unfurnished,10520000.0,26600.0
6122,294,Row House,2,2,1092,2,30,2,0,Unfurnished,9480000.0,27500.0
6123,316,Apartment,2,1,1104,16,17,2,2,Semi-Furnished,14952000.0,52200.0
6124,461,Apartment,3,3,1540,5,31,5,1,Fully-Furnished,16031000.0,32300.0
6125,321,Penthouse,1,1,489,27,26,3,2,Unfurnished,4708000.0,
6126,95,Apartment,3,2,1077,13,32,4,0,Unfurnished,9034000.0,26900.0
6127,186,Penthouse,3,3,1142,15,26,5,1,Fully-Furnished,11534000.0,34800.0
6128,142,Row House,2,1,1308,24,25,3,0,Unfurnished,18650000.0,52200.0
6129,495,Apartment,3,2,1223,28,7,1,1,Unfurnished,14014000.0,30100.0
6130,161,Apartment,2,2,1108,11,22,1,1,Unfurnished,11304000.0,38500.0
6131,47,Apartment,2,2,1213,25,29,2,2,Unfurnished,15526000.0,34100.0
6132,163,Apartment,4,4,1836,0,29,2,2,Unfurnished,15680000.0,
6133,389,Row House,4,3,1741,3,30,5,2,Fully-Furnished,17526000.0,50100.0
6134,488,Villa,5,4,1846,10,21,1,2,Unfurnished,20946000.0,47800.0
6135,67,Apartment,1,1,612,9,19,4,1,Semi-Furnished,5629000.0,13900.0
6136,204,Apartment,1,1,1125,0,4,3,2,Semi-Furnished,10820000.0,38200.0
6137,60,Villa,5,5,2108,25,34,1,2,Semi-Furnished,22782000.0,51500.0
6138,6,Studio,3,3,1029,22,4,4,1,Fully-Furnished,10646000.0,32500.0
6139,147,Villa,2,2,1019,14,30,5,0,Semi-Furnished,9443000.0,14100.0
6140,70,Penthouse,2,2,730,15,7,3,1,Semi-Furnished,7146000.0,16800.0
6141,68,Row House,3,2,931,13,19,4,1,Unfurnished,11937000.0,43300.0
6142,151,Apartment,3,2,1265,24,25,5,1,Semi-Furnished,11870000.0,35800.0
6143,53,Penthouse,2,2,1125,2,20,4,1,Unfurnished,11866000.0,19800.0
6144,263,Apartment,1,1,875,13,4,3,1,Unfurnished,7483000.0,17500.0
6145,166,Apartment,1,1,775,26,7,3,2,Fully-Furnished,7234000.0,24200.0
6146,461,Apartment,3,2,1104,18,23,5,2,Fully-Furnished,14258000.0,39700.0
6147,161,Apartment,1,1,592,13,33,1,0,Semi-Furnished,5357000.0,20800.0
6148,243,Apartment,2,1,676,8,28,2,1,Semi-Furnished,8445000.0,20200.0
6149,44,Apartment,3,2,1335,16,32,5,2,Semi-Furnished,12899000.0,21300.0
6150,298,Villa,2,1,899,22,8,3,1,Semi-Furnished,10405000.0,23100.0
6151,494,Apartment,3,3,1314,11,31,3,1,Unfurnished,15285000.0,55400.0
6152,323,Apartment,3,2,781,14,33,1,1,Fully-Furnished,8405000.0,20900.0
6153,183,Apartment,2,2,1176,2,6,3,1,Semi-Furnished,12454000.0,29100.0
6154,329,Row House,3,3,1577,7,6,2,1,Unfurnished,14889000.0,38200.0
6155,325,Penthouse,5,4,1927,16,10,5,2,Unfurnished,23664000.0,50200.0
6156,161,Villa,2,2,1350,18,13,1,1,Semi-Furnished,17992000.0,27100.0
6157,69,Apartment,4,3,1594,28,13,4,1,Unfurnished,15608000.0,33900.0
6158,475,Apartment,2,2,884,21,21,2,0,Fully-Furnished,8347000.0,16000.0
6159,87,Apartment,3,3,1261,19,27,2,1,Unfurnished,12062000.0,34400.0
6160,82,Apartment,5,5,2165,14,28,5,0,Unfurnished,22779000.0,77600.0
6161,131,Apartment,3,2,1443,22,9,3,1,Unfurnished,15725000.0,19700.0
6162,439,Penthouse,1,1,923,29,22,0,0,Semi-Furnished,8070000.0,21700.0
6163,499,Apartment,2,2,1350,0,23,5,2,Unfurnished,10979000.0,26600.0
6164,476,Penthouse,2,2,1044,23,16,1,2,Unfurnished,11021000.0,32600.0
6165,488,Apartment,2,2,1088,9,23,1,0,Fully-Furnished,11868000.0,25500.0
6166,428,Row House,5,4,1866,16,8,4,1,Unfurnished,52975000.0,44200.0
6167,398,Studio,1,1,774,17,30,2,1,Unfurnished,9223000.0,25800.0
6168,223,Apartment,2,2,899,27,20,5,2,Unfurnished,11673000.0,50900.0
6169,154,Apartment,1,1,764,1,5,1,1,Unfurnished,6632000.0,16800.0
6170,176,Apartment,2,2,1314,11,19,1,2,Unfurnished,14912000.0,28800.0
6171,422,Studio,5,4,1640,11,6,5,1,Unfurnished,18215000.0,65000.0
6172,104,Studio,4,3,1549,18,11,1,1,Fully-Furnished,22297000.0,62200.0
6173,240,Row House,3,3,1208,25,16,3,1,Semi-Furnished,13239000.0,31000.0
6174,243,Studio,3,3,1314,19,10,2,1,Unfurnished,15194000.0,39300.0
6175,498,Apartment,3,2,1466,17,34,3,1,Semi-Furnished,17488000.0,50300.0
6176,16,Apartment,2,2,965,13,26,2,1,Fully-Furnished,9686000.0,21900.0
6177,284,Apartment,3,2,1605,16,26,1,1,Fully-Furnished,25678000.0,90000.0
6178,58,Apartment,2,2,1362,22,33,0,1,Unfurnished,11225000.0,37800.0
6179,245,Apartment,2,2,907,13,21,2,1,Unfurnished,10212000.0,24000.0
6180,30,Apartment,4,4,1665,4,23,1,1,Unfurnished,15997000.0,51700.0
6181,253,Apartment,3,3,1916,10,11,5,1,Fully-Furnished,15160000.0,34300.0
6182,19,Penthouse,2,2,1266,14,22,4,1,Fully-Furnished,9137000.0,26200.0
6183,353,Villa,1,1,844,2,7,5,1,Fully-Furnished,11045000.0,26200.0
6184,358,Apartment,3,2,1320,16,19,0,1,Unfurnished,13909000.0,47300.0
6185,138,Apartment,1,1,774,16,7,3,2,Unfurnished,8190000.0,21600.0
6186,388,Studio,1,1,520,24,28,5,1,Unfurnished,5271000.0,14300.0
6187,177,Studio,3,2,1078,8,17,1,2,Unfurnished,9909000.0,29400.0
6188,462,Studio,2,1,1240,9,27,5,1,Fully-Furnished,8911000.0,31100.0
6189,97,Apartment,3,3,1514,3,31,3,1,Fully-Furnished,14122000.0,34300.0
6190,335,Penthouse,2,2,1091,15,20,2,1,Semi-Furnished,15396000.0,44000.0
6191,35,Apartment,3,3,1569,29,17,4,0,Unfurnished,16345000.0,47600.0
6192,304,Villa,3,2,1209,10,32,1,0,Unfurnished,14622000.0,49500.0
6193,485,Apartment,2,1,1203,15,15,4,1,Unfurnished,8993000.0,28300.0
6194,117,Studio,2,2,1211,22,4,2,2,Unfurnished,12846000.0,40400.0
6195,175,Villa,2,1,563,4,19,5,2,Fully-Furnished,5783000.0,10700.0
6196,212,Penthouse,4,4,1644,18,34,4,2,Unfurnished,10824000.0,35400.0
6197,194,Villa,1,1,776,26,9,4,1,Semi-Furnished,6160000.0,21000.0
6198,323,Apartment,3,2,1190,3,26,1,1,Fully-Furnished,14475000.0,45000.0
6199,139,Apartment,2,1,1068,18,4,4,1,Unfurnished,9556000.0,27800.0
6200,382,Villa,1,1,1143,29,14,1,2,Fully-Furnished,27757500.0,36600.0
6201,109,Apartment,3,2,1195,2,31,3,1,Semi-Furnished,11905000.0,45100.0
6202,178,Row House,2,1,1149,24,5,4,1,Semi-Furnished,13579000.0,39900.0
6203,486,Apartment,3,2,1624,15,16,3,2,Unfurnished,12346000.0,38600.0
6204,158,Apartment,3,2,1486,15,17,5,1,Fully-Furnished,15334000.0,41600.0
6205,267,Row House,3,2,921,18,28,5,1,Unfurnished,12167000.0,21600.0
6206,411,Apartment,3,3,1078,14,12,0,1,Unfurnished,10177000.0,21400.0
6207,396,Apartment,1,1,683,11,28,2,1,Semi-Furnished,5951000.0,19400.0
6208,222,Penthouse,5,4,1772,6,17,4,1,Unfurnished,24954000.0,66900.0
6209,305,Studio,2,2,1207,4,9,1,0,Semi-Furnished,12662000.0,38300.0
6210,183,Apartment,5,4,1596,9,31,3,1,Semi-Furnished,13900000.0,44100.0
6211,111,Apartment,3,2,1160,10,29,1,1,Fully-Furnished,12938000.0,41500.0
6212,413,Studio,3,3,1348,0,4,3,0,Fully-Furnished,14055000.0,40200.0
6213,202,Apartment,2,1,697,22,30,0,1,Unfurnished,7447000.0,32100.0
6214,89,Apartment,3,3,1066,2,13,4,2,Semi-Furnished,7876000.0,18800.0
6215,286,Apartment,1,1,902,9,24,3,0,Unfurnished,10309000.0,31800.0
6216,79,Apartment,1,1,752,11,21,3,1,Unfurnished,6803000.0,19000.0
6217,386,Apartment,3,3,1282,12,11,1,1,Semi-Furnished,13320000.0,42100.0
6218,358,Villa,3,3,1321,11,23,0,1,Semi-Furnished,10863000.0,35700.0
6219,442,Villa,4,3,1843,17,34,5,2,Fully-Furnished,14460000.0,37000.0
6220,258,Apartment,5,4,1911,24,19,5,1,Unfurnished,26904000.0,90300.0
6221,320,Penthouse,3,2,1055,2,7,3,0,Unfurnished,9480000.0,22000.0
6222,382,Apartment,1,1,803,9,34,1,1,Fully-Furnished,8324000.0,23200.0
6223,466,Apartment,1,1,1231,1,29,2,0,Fully-Furnished,13360000.0,32400.0
6224,294,Villa,4,4,1241,20,20,2,1,Unfurnished,10887000.0,25400.0
6225,27,Apartment,1,1,593,8,32,0,1,Unfurnished,7732000.0,16000.0
6226,48,Studio,3,3,1399,26,18,2,1,Unfurnished,12220000.0,23400.0
6227,311,Apartment,2,1,885,29,8,1,2,Semi-Furnished,7152000.0,19800.0
6228,359,Apartment,4,3,1522,5,31,5,1,Unfurnished,17988000.0,48100.0
6229,364,Apartment,2,1,1125,4,29,0,1,Fully-Furnished,10817000.0,
6230,41,Apartment,3,3,1311,14,6,1,0,Semi-Furnished,13505000.0,27400.0
6231,231,Apartment,3,3,1521,21,27,4,1,Semi-Furnished,15286000.0,46300.0
6232,371,Studio,3,2,1210,29,14,4,0,Unfurnished,12180000.0,51900.0
6233,52,Penthouse,3,3,1610,18,11,3,1,Unfurnished,18850000.0,47300.0
6234,419,Studio,2,2,953,25,4,5,1,Unfurnished,8415000.0,11300.0
6235,172,Apartment,4,4,1748,12,27,2,1,Fully-Furnished,20057000.0,53700.0
6236,303,Row House,4,3,1715,6,11,3,2,Fully-Furnished,18783000.0,66000.0
6237,397,Row House,1,1,771,6,17,1,1,Unfurnished,10695000.0,23300.0
6238,229,Villa,1,1,588,14,21,3,2,Semi-Furnished,5445000.0,13000.0
6239,128,Apartment,3,2,1283,11,9,4,1,Unfurnished,13146000.0,34100.0
6240,348,Studio,3,3,1586,12,6,3,1,Semi-Furnished,20186000.0,78800.0
6241,236,Apartment,1,1,654,11,8,5,1,Semi-Furnished,5339000.0,
6242,279,Apartment,5,5,1858,9,10,4,0,Unfurnished,20041000.0,68700.0
6243,20,Apartment,2,2,1117,14,26,4,2,Unfurnished,12451000.0,27600.0
6244,285,Apartment,5,5,1886,11,21,2,0,Fully-Furnished,25679000.0,72000.0
6245,225,Apartment,3,2,975,5,4,2,2,Fully-Furnished,9423000.0,25800.0
6246,189,Studio,3,2,967,8,33,1,0,Semi-Furnished,10121000.0,21700.0
6247,123,Apartment,2,2,1005,11,15,1,1,Semi-Furnished,10144000.0,32300.0
6248,152,Penthouse,3,2,1283,5,12,3,2,Fully-Furnished,13414000.0,42600.0
6249,431,Studio,2,1,1022,6,33,1,2,Unfurnished,9036000.0,22900.0
6250,175,Apartment,4,4,1965,22,17,5,2,Unfurnished,20655000.0,52400.0
6251,133,Apartment,3,2,1402,6,23,3,1,Unfurnished,14924000.0,36900.0
6252,23,Villa,1,1,867,26,16,3,1,Unfurnished,8633000.0,26400.0
6253,195,Apartment,4,4,1593,10,8,2,1,Fully-Furnished,21206000.0,50200.0
6254,121,Apartment,3,3,1000,18,25,1,1,Semi-Furnished,8813000.0,28800.0
6255,270,Apartment,2,1,861,10,31,3,0,Unfurnished,9746000.0,31100.0
6256,293,Apartment,5,4,1603,13,31,2,2,Fully-Furnished,15836000.0,42600.0
6257,474,Villa,2,1,1257,18,23,5,1,Semi-Furnished,14366000.0,44000.0
6258,110,Apartment,4,3,1636,21,18,5,1,Fully-Furnished,16182000.0,51100.0
6259,380,Apartment,3,2,1227,20,17,0,2,Semi-Furnished,13181000.0,42300.0
6260,176,Apartment,3,2,1522,0,28,1,1,Semi-Furnished,15297000.0,38000.0
6261,151,Penthouse,2,2,1368,7,8,5,1,Unfurnished,14242000.0,33900.0
6262,194,Villa,2,1,965,12,18,4,2,Fully-Furnished,11486000.0,26400.0
6263,135,Apartment,4,4,1219,18,16,5,1,Unfurnished,17390000.0,52100.0
6264,338,Row House,4,3,1292,25,25,1,1,Fully-Furnished,14162000.0,30000.0
6265,314,Studio,2,1,730,4,15,3,2,Unfurnished,8595000.0,26900.0
6266,225,Apartment,3,2,1336,17,4,2,1,Fully-Furnished,12857000.0,29500.0
6267,281,Apartment,2,1,1250,23,30,3,1,Fully-Furnished,14314000.0,43300.0
6268,1,Studio,1,1,703,5,19,1,2,Semi-Furnished,9098000.0,28000.0
6269,185,Studio,3,2,1318,27,25,2,2,Semi-Furnished,10504000.0,29100.0
6270,291,Apartment,2,2,1280,25,9,1,1,Semi-Furnished,11827000.0,32500.0
6271,88,Apartment,2,1,938,9,25,3,0,Unfurnished,14067000.0,36000.0
6272,162,Apartment,1,1,250,4,28,4,1,Fully-Furnished,2990000.0,8100.0
6273,145,Penthouse,2,2,1571,14,34,2,1,Unfurnished,15101000.0,46900.0
6274,115,Studio,2,2,920,22,34,0,1,Semi-Furnished,13658000.0,46500.0
6275,136,Villa,3,3,1206,15,31,3,2,Semi-Furnished,14586000.0,28800.0
6276,455,Studio,4,3,1481,24,10,3,2,Fully-Furnished,18952000.0,57600.0
6277,218,Apartment,1,1,808,25,33,4,1,Unfurnished,6237000.0,16100.0
6278,281,Apartment,3,3,1177,27,33,3,1,Fully-Furnished,12907000.0,31300.0
6279,445,Penthouse,1,1,666,23,24,2,2,Unfurnished,8012000.0,22400.0
6280,199,Apartment,4,4,1255,23,17,1,1,Semi-Furnished,13508000.0,33100.0
6281,90,Apartment,3,2,1170,11,10,2,2,Unfurnished,10451000.0,28100.0
6282,458,Studio,1,1,960,13,7,4,1,Semi-Furnished,10224000.0,30300.0
6283,472,Studio,3,3,1347,28,24,4,2,Semi-Furnished,13194000.0,35700.0
6284,73,Penthouse,4,4,1864,26,29,3,1,Semi-Furnished,23381000.0,61800.0
6285,374,Studio,3,2,1471,16,23,1,0,Unfurnished,37490000.0,29800.0
6286,142,Studio,2,1,632,0,17,3,1,Semi-Furnished,6790000.0,21900.0
6287,469,Apartment,2,1,550,0,12,0,1,Semi-Furnished,5022000.0,12800.0
6288,328,Apartment,3,2,1359,27,25,4,1,Unfurnished,13143000.0,40100.0
6289,16,Studio,2,1,1331,10,34,2,1,Unfurnished,11197000.0,33000.0
6290,420,Apartment,1,1,831,12,13,4,1,Unfurnished,8802000.0,22600.0
6291,60,Apartment,3,2,1501,0,4,1,1,Fully-Furnished,17590000.0,68500.0
6292,195,Penthouse,2,2,1391,8,16,2,2,Unfurnished,15932000.0,54200.0
6293,435,Villa,4,4,1874,16,14,3,0,Unfurnished,18463000.0,67900.0
6294,65,Studio,1,1,805,28,30,3,0,Semi-Furnished,9759000.0,20900.0
6295,354,Penthouse,2,2,879,11,28,0,1,Fully-Furnished,8446000.0,29000.0
6296,292,Villa,2,1,1378,24,5,5,2,Fully-Furnished,19972000.0,54100.0
6297,73,Apartment,3,3,683,11,32,3,2,Semi-Furnished,6755000.0,14400.0
6298,58,Apartment,3,3,745,15,33,0,2,Unfurnished,6628000.0,18700.0
6299,491,Apartment,3,3,1548,1,15,2,0,Unfurnished,18093000.0,53900.0
6300,31,Apartment,3,2,908,29,28,2,1,Fully-Furnished,10237000.0,23200.0
6301,202,Apartment,4,4,1538,26,6,0,0,Semi-Furnished,18803000.0,60600.0
6302,45,Apartment,2,1,1009,17,28,2,0,Fully-Furnished,12752000.0,37800.0
6303,135,Villa,4,4,1653,2,33,5,1,Semi-Furnished,19789000.0,63000.0
6304,195,Penthouse,2,1,930,5,31,2,1,Semi-Furnished,10311000.0,26700.0
6305,457,Apartment,3,2,1341,19,25,3,1,Semi-Furnished,13002000.0,32700.0
6306,214,Villa,4,3,1669,23,26,4,0,Unfurnished,14741000.0,42400.0
6307,217,Apartment,1,1,438,14,20,4,2,Fully-Furnished,4174000.0,7700.0
6308,178,Row House,3,2,1359,0,11,4,1,Fully-Furnished,19938000.0,46000.0
6309,402,Villa,3,2,1161,19,7,1,1,Unfurnished,15387000.0,33800.0
6310,95,Penthouse,1,1,485,1,17,4,2,Semi-Furnished,3882000.0,10900.0
6311,445,Apartment,4,3,1447,16,24,2,1,Fully-Furnished,19029000.0,34000.0
6312,469,Apartment,2,1,1143,9,24,0,1,Semi-Furnished,9860000.0,19800.0
6313,79,Villa,2,1,882,8,33,3,0,Fully-Furnished,7709000.0,20300.0
6314,413,Apartment,3,2,1312,18,31,3,2,Fully-Furnished,15637000.0,42100.0
6315,265,Apartment,2,2,1096,19,13,1,1,Semi-Furnished,10963000.0,29800.0
6316,94,Villa,3,2,1288,27,17,3,2,Unfurnished,15427000.0,35800.0
6317,262,Apartment,2,1,1052,12,15,0,0,Semi-Furnished,9798000.0,26000.0
6318,317,Apartment,1,1,711,2,5,1,2,Unfurnished,6117000.0,
6319,109,Row House,2,1,886,24,23,3,1,Semi-Furnished,9192000.0,28700.0
6320,398,Apartment,1,1,653,24,16,2,1,Unfurnished,5772000.0,
6321,468,Apartment,3,2,1420,22,8,1,2,Unfurnished,16515000.0,24500.0
6322,116,Apartment,3,3,1288,13,8,3,1,Semi-Furnished,12792000.0,37800.0
6323,349,Apartment,2,1,1301,15,14,4,1,Fully-Furnished,14096000.0,38500.0
6324,341,Penthouse,1,1,933,23,26,4,1,Unfurnished,9862000.0,28500.0
6325,478,Villa,4,3,1663,26,7,5,0,Unfurnished,11830000.0,30300.0
6326,456,Apartment,3,3,1365,4,27,3,1,Semi-Furnished,15322000.0,39300.0
6327,7,Row House,2,2,931,21,6,2,0,Semi-Furnished,8452000.0,16900.0
6328,487,Apartment,2,1,911,29,27,3,2,Fully-Furnished,8860000.0,22400.0
6329,56,Apartment,2,2,1041,6,24,4,1,Unfurnished,11235000.0,17500.0
6330,276,Villa,5,5,1518,12,13,4,1,Unfurnished,10795000.0,32800.0
6331,117,Apartment,3,3,1141,7,16,2,1,Fully-Furnished,15516000.0,39400.0
6332,156,Row House,4,4,1246,22,21,4,2,Unfurnished,13589000.0,35600.0
6333,28,Apartment,1,1,632,10,15,1,1,Semi-Furnished,9308000.0,25100.0
6334,331,Apartment,1,1,875,5,15,3,1,Unfurnished,9987000.0,28200.0
6335,119,Studio,2,2,933,13,17,2,2,Semi-Furnished,9283000.0,19100.0
6336,285,Apartment,1,1,947,3,31,2,2,Unfurnished,12855000.0,37600.0
6337,350,Apartment,2,2,983,1,33,3,1,Semi-Furnished,10600000.0,35400.0
6338,463,Apartment,1,1,1034,12,8,1,1,Unfurnished,9353000.0,23800.0
6339,244,Villa,4,3,1228,26,33,0,1,Fully-Furnished,13234000.0,33200.0
6340,463,Studio,2,2,1018,28,19,1,2,Semi-Furnished,10230000.0,22600.0
6341,94,Villa,4,3,1465,3,18,3,1,Unfurnished,15889000.0,36500.0
6342,337,Apartment,2,1,924,19,30,3,1,Unfurnished,6674000.0,9300.0
6343,176,Apartment,3,3,1142,21,8,1,1,Semi-Furnished,13220000.0,43400.0
6344,363,Studio,3,2,1261,22,13,4,1,Unfurnished,9039000.0,15100.0
6345,110,Apartment,3,2,1379,25,15,5,2,Fully-Furnished,14687000.0,51200.0
6346,468,Apartment,5,5,1576,27,26,1,1,Unfurnished,21049000.0,58300.0
6347,307,Apartment,2,2,1115,11,31,4,2,Semi-Furnished,13390000.0,22200.0
6348,371,Apartment,3,2,1436,17,9,4,0,Semi-Furnished,14779000.0,35600.0
6349,4,Apartment,3,3,1239,4,18,4,2,Unfurnished,13424000.0,36500.0
6350,197,Apartment,1,1,688,19,7,1,1,Unfurnished,5746000.0,12000.0
6351,326,Row House,4,3,1729,0,21,3,1,Unfurnished,16670000.0,35300.0
6352,207,Apartment,3,2,1137,24,17,5,1,Unfurnished,10500000.0,26700.0
6353,144,Apartment,3,3,1239,15,18,3,2,Unfurnished,12523000.0,36800.0
6354,397,Apartment,2,1,1325,21,7,1,1,Semi-Furnished,18332000.0,52400.0
6355,24,Apartment,3,2,1478,20,6,5,0,Fully-Furnished,12947000.0,29000.0
6356,149,Apartment,2,1,1019,21,21,5,2,Semi-Furnished,12835000.0,37000.0
6357,100,Row House,4,3,1534,19,6,2,2,Semi-Furnished,15640000.0,40700.0
6358,336,Apartment,1,1,889,28,32,0,1,Semi-Furnished,9572000.0,37400.0
6359,242,Apartment,3,3,1171,28,13,4,0,Unfurnished,9355000.0,27100.0
6360,408,Apartment,1,1,635,22,13,0,0,Unfurnished,8235000.0,17300.0
6361,420,Apartment,2,2,1207,16,25,4,2,Fully-Furnished,12873000.0,45500.0
6362,210,Penthouse,1,1,1088,26,12,3,2,Semi-Furnished,13044000.0,40300.0
6363,150,Apartment,2,1,958,16,14,5,1,Unfurnished,10742000.0,27700.0
6364,331,Apartment,1,1,785,2,34,3,2,Semi-Furnished,7290000.0,21400.0
6365,67,Apartment,5,5,1734,13,18,4,2,Unfurnished,20551000.0,76700.0
6366,10,Apartment,1,1,432,3,27,3,1,Unfurnished,2938000.0,6000.0
6367,62,Apartment,2,2,1319,5,18,1,2,Semi-Furnished,16424000.0,37800.0
6368,90,Villa,2,2,905,6,28,2,2,Unfurnished,11195000.0,30900.0
6369,353,Apartment,1,1,943,17,15,5,2,Fully-Furnished,11693000.0,27400.0
6370,86,Apartment,2,2,758,28,19,2,1,Unfurnished,6511000.0,23200.0
6371,158,Apartment,2,1,1050,5,9,5,1,Unfurnished,12389000.0,23200.0
6372,336,Villa,2,1,1168,8,19,0,0,Semi-Furnished,14027000.0,38800.0
6373,121,Apartment,2,1,832,3,12,1,0,Fully-Furnished,7696000.0,18400.0
6374,196,Apartment,2,1,1152,2,32,4,2,Unfurnished,10468000.0,35700.0
6375,331,Apartment,5,5,2111,14,22,3,1,Semi-Furnished,27537000.0,70100.0
6376,18,Penthouse,3,2,1455,15,27,2,2,Unfurnished,16741000.0,50600.0
6377,457,Apartment,3,3,1521,24,23,3,2,Semi-Furnished,15892000.0,50300.0
6378,117,Penthouse,2,2,989,27,32,2,0,Unfurnished,10908000.0,33300.0
6379,489,Apartment,2,2,1039,23,17,1,1,Unfurnished,9441000.0,27500.0
6380,286,Villa,3,3,1173,18,23,3,1,Unfurnished,13487000.0,45200.0
6381,205,Apartment,1,1,765,29,32,2,1,Semi-Furnished,8214000.0,26000.0
6382,370,Villa,2,2,1070,16,32,2,2,Unfurnished,14612000.0,21900.0
6383,329,Apartment,3,3,952,24,12,2,1,Fully-Furnished,13143000.0,37700.0
6384,341,Row House,2,2,1147,1,26,4,2,Semi-Furnished,14758000.0,42500.0
6385,15,Row House,5,4,2186,18,16,3,2,Semi-Furnished,21038000.0,60600.0
6386,325,Row House,4,4,1459,1,30,5,1,Unfurnished,15394000.0,28900.0
6387,25,Studio,2,2,1338,25,27,5,1,Fully-Furnished,16082000.0,42800.0
6388,485,Studio,2,1,867,8,25,4,1,Unfurnished,6147000.0,18500.0
6389,92,Villa,4,4,1480,25,11,2,1,Semi-Furnished,17614000.0,43000.0
6390,398,Apartment,2,2,972,26,10,2,1,Fully-Furnished,9450000.0,22800.0
6391,118,Apartment,2,2,743,10,29,0,2,Fully-Furnished,6436000.0,16900.0
6392,53,Villa,2,2,690,28,25,4,1,Semi-Furnished,6762000.0,23600.0
6393,409,Apartment,3,3,1318,5,27,5,2,Semi-Furnished,12852000.0,30300.0
6394,113,Studio,3,3,1295,1,22,5,1,Semi-Furnished,14540000.0,36000.0
6395,33,Apartment,2,2,632,23,20,0,2,Fully-Furnished,6602000.0,18600.0
6396,91,Apartment,3,2,1310,23,8,3,1,Semi-Furnished,15555000.0,47700.0
6397,131,Apartment,2,1,1017,15,6,3,0,Unfurnished,9029000.0,32800.0
6398,81,Apartment,2,2,1078,1,33,4,2,Unfurnished,12307000.0,36400.0
6399,234,Row House,1,1,1249,10,34,2,1,Fully-Furnished,10291000.0,
6400,489,Apartment,5,5,1957,7,12,1,2,Fully-Furnished,20846000.0,68400.0
6401,117,Apartment,3,3,1229,0,25,2,1,Unfurnished,11069000.0,30600.0
6402,368,Apartment,1,1,648,0,21,4,1,Semi-Furnished,7339000.0,24800.0
6403,484,Studio,1,1,1121,13,14,5,1,Semi-Furnished,10912000.0,37900.0
6404,83,Studio,2,1,691,1,8,2,2,Fully-Furnished,6614000.0,21000.0
6405,254,Apartment,3,2,1353,11,12,0,1,Unfurnished,16504000.0,40700.0
6406,265,Penthouse,2,1,1107,27,20,1,0,Unfurnished,10112000.0,30900.0
6407,414,Penthouse,3,3,1641,24,27,5,1,Unfurnished,14424000.0,27300.0
6408,274,Apartment,3,2,1208,7,26,0,1,Semi-Furnished,14799000.0,60300.0
6409,107,Studio,2,2,932,18,15,3,0,Semi-Furnished,9432000.0,18000.0
6410,115,Villa,5,4,1609,0,31,0,0,Semi-Furnished,20102000.0,42800.0
6411,333,Penthouse,2,2,1100,26,21,1,1,Semi-Furnished,9451000.0,31700.0
6412,179,Row House,3,2,1272,14,22,2,1,Fully-Furnished,17538000.0,44400.0
6413,53,Apartment,1,1,582,11,15,4,1,Semi-Furnished,6855000.0,11300.0
6414,124,Row House,2,2,1252,23,33,1,1,Unfurnished,11580000.0,28300.0
6415,490,Apartment,1,1,659,10,20,5,0,Unfurnished,6152000.0,16300.0
6416,164,Apartment,1,1,707,8,6,5,1,Unfurnished,8761000.0,14400.0
6417,423,Apartment,2,2,1149,5,33,2,1,Fully-Furnished,11937000.0,49100.0
6418,66,Row House,3,3,1197,24,5,1,1,Unfurnished,16101000.0,43000.0
6419,223,Apartment,2,1,1236,11,17,5,0,Semi-Furnished,12786000.0,40800.0
6420,172,Apartment,3,2,1274,2,23,2,2,Fully-Furnished,10295000.0,26900.0
6421,202,Villa,2,1,1204,15,11,0,1,Fully-Furnished,12610000.0,37600.0
6422,426,Penthouse,3,3,1293,1,27,4,1,Unfurnished,14904000.0,54400.0
6423,339,Apartment,3,3,1318,5,19,3,1,Unfurnished,16449000.0,50000.0
6424,337,Penthouse,3,3,1429,6,4,3,2,Semi-Furnished,13411000.0,
6425,111,Apartment,1,1,870,16,27,1,2,Semi-Furnished,9202000.0,34100.0
6426,382,Villa,2,2,984,21,15,1,0,Fully-Furnished,9040000.0,23400.0
6427,157,Row House,2,1,891,5,11,3,1,Semi-Furnished,7704000.0,23800.0
6428,87,Apartment,1,1,565,7,32,2,1,Semi-Furnished,6315000.0,14300.0
6429,221,Apartment,3,2,1264,12,17,4,1,Unfurnished,13764000.0,47400.0
6430,261,Apartment,2,1,1168,3,27,2,1,Semi-Furnished,11941000.0,20000.0
6431,32,Row House,2,1,1115,11,15,5,0,Fully-Furnished,10268000.0,31200.0
6432,76,Penthouse,3,3,1272,9,31,5,1,Fully-Furnished,14738000.0,57100.0
6433,220,Villa,2,2,859,20,31,1,0,Semi-Furnished,8144000.0,17400.0
6434,466,Apartment,2,1,827,14,14,2,1,Fully-Furnished,9961000.0,31400.0
6435,124,Studio,4,4,1613,17,17,1,0,Fully-Furnished,14681000.0,44800.0
6436,344,Studio,3,2,1045,11,21,3,1,Semi-Furnished,11335000.0,21200.0
6437,1,Row House,3,3,1265,4,25,1,2,Semi-Furnished,8236000.0,21900.0
6438,189,Row House,3,2,1494,16,34,1,1,Unfurnished,16604000.0,54000.0
6439,249,Apartment,3,2,1319,15,15,3,1,Semi-Furnished,13241000.0,25700.0
6440,337,Apartment,2,2,1155,3,7,3,1,Semi-Furnished,11452000.0,17900.0
6441,121,Apartment,2,2,941,2,11,1,1,Fully-Furnished,8166000.0,25200.0
6442,123,Apartment,3,3,1397,12,28,1,2,Unfurnished,15644000.0,32400.0
6443,483,Apartment,2,1,1107,12,24,5,1,Unfurnished,11080000.0,21400.0
6444,245,Apartment,5,4,1614,24,21,2,0,Fully-Furnished,19197000.0,62100.0
6445,100,Apartment,4,3,1606,24,21,2,1,Semi-Furnished,17207000.0,40100.0
6446,154,Apartment,2,2,1082,15,14,1,1,Unfurnished,12744000.0,24500.0
6447,118,Villa,3,2,1301,7,23,0,1,Unfurnished,11335000.0,29100.0
6448,297,Apartment,2,2,918,0,27,2,2,Unfurnished,7417000.0,25400.0
6449,285,Apartment,3,3,1522,0,21,2,2,Unfurnished,14645000.0,48000.0
6450,483,Studio,3,2,972,16,6,5,1,Unfurnished,6272000.0,21500.0
6451,280,Apartment,2,2,850,21,23,1,0,Semi-Furnished,8586000.0,21000.0
6452,172,Apartment,3,3,1258,10,26,2,1,Semi-Furnished,13406000.0,41100.0
6453,356,Studio,3,2,1337,4,12,2,2,Unfurnished,13320000.0,37600.0
6454,254,Studio,3,3,1431,28,5,0,2,Unfurnished,12923000.0,34800.0
6455,210,Penthouse,3,3,1166,12,32,3,1,Unfurnished,17196000.0,64600.0
6456,364,Apartment,3,3,1095,5,5,0,1,Unfurnished,11398000.0,28200.0
6457,410,Row House,3,3,1185,8,18,4,2,Semi-Furnished,11457000.0,31000.0
6458,368,Villa,5,5,2058,8,19,4,2,Semi-Furnished,21542000.0,79100.0
6459,381,Apartment,3,3,1078,24,15,0,1,Semi-Furnished,15205000.0,37400.0
6460,172,Row House,4,3,1383,25,8,2,2,Unfurnished,12516000.0,30400.0
6461,40,Apartment,1,1,598,0,26,3,0,Semi-Furnished,8544000.0,18900.0
6462,6,Apartment,1,1,1188,25,18,4,0,Semi-Furnished,12685000.0,39900.0
6463,467,Apartment,4,3,1736,11,29,4,0,Semi-Furnished,19990000.0,55000.0
6464,107,Studio,1,1,763,0,26,3,1,Semi-Furnished,9387000.0,25000.0
6465,94,Apartment,1,1,576,18,27,3,2,Semi-Furnished,6005000.0,17800.0
6466,427,Apartment,2,1,1270,6,4,0,1,Semi-Furnished,15314000.0,40500.0
6467,385,Villa,3,2,1527,14,5,1,1,Semi-Furnished,16832000.0,61300.0
6468,208,Row House,2,2,1033,12,23,3,1,Unfurnished,12143000.0,35300.0
6469,339,Apartment,5,5,2043,8,20,3,1,Semi-Furnished,20653000.0,55600.0
6470,286,Studio,3,2,1652,27,13,3,0,Semi-Furnished,19768000.0,67100.0
6471,305,Apartment,2,2,846,10,17,1,2,Semi-Furnished,9882000.0,23400.0
6472,405,Apartment,1,1,675,2,8,3,1,Fully-Furnished,8342000.0,21600.0
6473,263,Apartment,2,1,520,21,25,3,2,Fully-Furnished,5414000.0,16800.0
6474,38,Apartment,2,1,866,7,9,2,1,Fully-Furnished,10995000.0,31500.0
6475,99,Villa,4,4,1520,10,26,3,0,Semi-Furnished,14173000.0,27000.0
6476,60,Penthouse,2,1,859,6,6,1,1,Unfurnished,8857000.0,30400.0
6477,21,Villa,3,3,1253,26,26,4,2,Semi-Furnished,13222000.0,16600.0
6478,37,Row House,2,2,927,27,6,4,1,Fully-Furnished,9087000.0,18400.0
6479,39,Row House,1,1,739,10,10,2,0,Fully-Furnished,9342000.0,18400.0
6480,343,Studio,1,1,749,11,21,3,1,Semi-Furnished,9281000.0,29200.0
6481,410,Apartment,3,3,1416,21,13,4,1,Fully-Furnished,9874000.0,26700.0
6482,92,Apartment,4,4,1587,23,33,2,1,Semi-Furnished,16580000.0,46400.0
6483,492,Apartment,1,1,459,16,9,3,2,Semi-Furnished,4339000.0,15000.0
6484,474,Apartment,3,3,1207,23,31,5,1,Fully-Furnished,9665000.0,26100.0
6485,193,Row House,5,5,2172,28,17,4,1,Unfurnished,23158000.0,50200.0
6486,65,Apartment,1,1,994,23,13,3,1,Unfurnished,11027000.0,35100.0
6487,293,Row House,3,3,1623,27,20,2,1,Fully-Furnished,13565000.0,50900.0
6488,328,Apartment,2,1,1145,19,8,4,2,Unfurnished,10535000.0,
6489,285,Apartment,3,3,1616,3,12,2,1,Semi-Furnished,16091000.0,40100.0
6490,314,Penthouse,2,2,1005,20,24,3,2,Unfurnished,8610000.0,31200.0
6491,477,Apartment,1,1,487,1,27,2,0,Unfurnished,5727000.0,17800.0
6492,87,Apartment,3,3,1250,4,22,2,1,Unfurnished,12189000.0,34500.0
6493,486,Apartment,2,1,1397,10,19,3,0,Semi-Furnished,13111000.0,32200.0
6494,389,Apartment,3,2,1528,3,4,5,1,Unfurnished,16399000.0,55700.0
6495,478,Apartment,2,2,1066,6,16,5,1,Unfurnished,10401000.0,21500.0
6496,158,Apartment,3,3,1097,16,25,5,1,Fully-Furnished,10861000.0,30900.0
6497,406,Apartment,2,1,1089,0,24,1,0,Semi-Furnished,11806000.0,33100.0
6498,221,Apartment,5,4,2187,14,19,4,2,Unfurnished,20455000.0,46800.0
6499,25,Row House,4,3,1486,2,28,5,1,Unfurnished,15943000.0,28800.0
6500,456,Apartment,2,1,1468,3,26,3,1,Unfurnished,13228000.0,33600.0
6501,279,Apartment,2,1,974,15,16,4,2,Semi-Furnished,10062000.0,23200.0
6502,117,Villa,4,3,1329,25,28,2,1,Unfurnished,14425000.0,27200.0
6503,479,Studio,1,1,1161,7,6,2,0,Unfurnished,8349000.0,32100.0
6504,196,Apartment,3,3,1153,13,18,4,2,Fully-Furnished,13200000.0,37600.0
6505,331,Row House,2,2,732,3,5,3,2,Unfurnished,10772000.0,27000.0
6506,246,Studio,3,3,861,28,17,2,0,Semi-Furnished,6847000.0,12700.0
6507,420,Apartment,1,1,931,24,12,4,0,Fully-Furnished,10318000.0,36200.0
6508,262,Apartment,3,3,1186,17,23,0,1,Fully-Furnished,12985000.0,
6509,390,Villa,3,3,1237,29,34,5,1,Unfurnished,14525000.0,35200.0
6510,335,Apartment,3,3,1113,17,18,2,1,Unfurnished,11986000.0,30600.0
6511,480,Row House,4,4,1483,11,13,0,2,Semi-Furnished,15058000.0,53200.0
6512,52,Apartment,1,1,332,21,11,3,1,Unfurnished,4131000.0,10000.0
6513,163,Apartment,4,3,1345,5,21,2,0,Unfurnished,12272000.0,31800.0
6514,173,Penthouse,3,3,1286,27,30,3,1,Unfurnished,10796000.0,37300.0
6515,329,Villa,3,2,1188,14,27,2,1,Semi-Furnished,14390000.0,47500.0
6516,249,Penthouse,2,2,848,8,16,3,2,Unfurnished,9133000.0,23600.0
6517,430,Apartment,2,2,890,3,14,5,1,Semi-Furnished,11667000.0,34300.0
6518,217,Apartment,2,2,1031,0,11,4,1,Fully-Furnished,13285000.0,27600.0
6519,414,Studio,1,1,664,18,24,5,1,Semi-Furnished,7263000.0,22100.0
6520,10,Apartment,1,1,1076,23,13,3,1,Unfurnished,8438000.0,31300.0
6521,41,Row House,4,4,1552,18,11,1,2,Unfurnished,15004000.0,46700.0
6522,286,Penthouse,3,2,1723,0,18,3,1,Unfurnished,22278000.0,
6523,191,Apartment,3,3,1076,0,13,4,1,Semi-Furnished,12622000.0,
6524,220,Row House,4,4,1472,19,6,1,1,Unfurnished,13056000.0,39900.0
6525,47,Apartment,2,1,1406,29,12,2,1,Unfurnished,13077000.0,37100.0
6526,25,Villa,2,1,729,3,17,5,1,Unfurnished,6681000.0,20700.0
6527,455,Studio,2,2,1037,11,12,3,1,Semi-Furnished,12297000.0,29200.0
6528,171,Apartment,2,2,1044,9,13,2,2,Semi-Furnished,13291000.0,36600.0
6529,232,Penthouse,4,4,1708,26,21,5,1,Unfurnished,14737000.0,54000.0
6530,142,Apartment,2,2,1146,29,16,3,1,Unfurnished,13194000.0,36300.0
6531,495,Apartment,2,1,552,12,30,1,2,Fully-Furnished,5550000.0,10900.0
6532,311,Apartment,3,3,1341,7,12,1,1,Unfurnished,12089000.0,32100.0
6533,333,Row House,2,2,844,28,14,1,1,Fully-Furnished,7923000.0,18300.0
6534,480,Row House,4,4,1391,17,9,0,1,Semi-Furnished,13502000.0,33800.0
6535,220,Studio,2,1,1326,8,22,1,1,Semi-Furnished,13195000.0,37400.0
6536,327,Studio,2,2,1076,20,10,5,1,Unfurnished,14562000.0,43900.0
6537,371,Row House,1,1,789,17,19,4,2,Unfurnished,7752000.0,21400.0
6538,226,Villa,2,1,1208,27,19,2,1,Semi-Furnished,17148000.0,36300.0
6539,152,Penthouse,2,1,904,11,17,3,2,Unfurnished,10175000.0,27500.0
6540,384,Apartment,1,1,730,19,32,0,1,Semi-Furnished,8697000.0,20000.0
6541,20,Row House,5,5,1575,14,21,4,1,Semi-Furnished,17668000.0,52500.0
6542,143,Apartment,3,3,1271,7,11,3,2,Unfurnished,12682000.0,37800.0
6543,251,Apartment,3,2,1272,13,31,4,1,Semi-Furnished,10908000.0,30300.0
6544,20,Row House,3,3,1494,8,12,4,1,Unfurnished,17850000.0,37100.0
6545,470,Apartment,2,1,859,22,26,4,2,Fully-Furnished,9976000.0,27200.0
6546,179,Studio,3,2,919,27,13,2,1,Fully-Furnished,10313000.0,37200.0
6547,450,Villa,3,2,987,7,26,3,1,Fully-Furnished,15573000.0,39700.0
6548,95,Apartment,4,4,2037,25,29,4,2,Semi-Furnished,22047000.0,49900.0
6549,267,Penthouse,3,2,1063,22,4,5,1,Fully-Furnished,14285000.0,38100.0
6550,423,Apartment,2,2,908,15,25,2,1,Semi-Furnished,9417000.0,19900.0
6551,31,Apartment,1,1,890,23,5,2,2,Fully-Furnished,9437000.0,27800.0
6552,462,Apartment,4,3,1606,27,30,5,1,Semi-Furnished,14889000.0,39300.0
6553,74,Apartment,2,1,1254,18,16,4,1,Unfurnished,13851000.0,49200.0
6554,302,Apartment,2,1,1002,1,11,3,1,Unfurnished,11817000.0,38500.0
6555,403,Row House,1,1,685,15,34,3,1,Unfurnished,6674000.0,16300.0
6556,482,Apartment,2,1,977,29,20,2,1,Semi-Furnished,12764000.0,34300.0
6557,319,Apartment,2,2,1075,10,13,2,1,Unfurnished,10275000.0,20700.0
6558,414,Villa,5,4,1774,26,29,5,2,Unfurnished,16393000.0,35000.0
6559,218,Apartment,1,1,485,4,13,4,1,Unfurnished,4203000.0,8900.0
6560,231,Apartment,2,2,960,19,17,4,0,Unfurnished,8302000.0,22800.0
6561,486,Apartment,3,3,1291,22,8,3,0,Semi-Furnished,12019000.0,29800.0
6562,329,Studio,1,1,677,8,21,2,1,Fully-Furnished,9036000.0,21300.0
6563,306,Penthouse,2,2,1110,5,19,1,1,Unfurnished,8349000.0,20500.0
6564,31,Studio,5,5,1887,15,23,2,1,Unfurnished,23457000.0,100600.0
6565,72,Apartment,2,1,1213,23,20,4,2,Unfurnished,11476000.0,38400.0
6566,289,Apartment,3,3,1397,16,17,4,0,Unfurnished,14858000.0,37500.0
6567,416,Villa,2,2,1068,1,7,0,0,Fully-Furnished,13418000.0,38800.0
6568,363,Apartment,2,1,850,17,18,4,0,Semi-Furnished,8063000.0,27500.0
6569,365,Studio,3,3,1289,29,13,1,1,Semi-Furnished,9952000.0,32100.0
6570,149,Penthouse,4,3,1231,13,30,5,0,Unfurnished,10956000.0,26700.0
6571,71,Apartment,3,2,1217,25,31,1,1,Unfurnished,14666000.0,47500.0
6572,178,Apartment,4,4,1838,14,25,4,2,Fully-Furnished,26829000.0,86900.0
6573,213,Studio,4,4,1693,23,32,4,1,Fully-Furnished,15632000.0,47700.0
6574,38,Apartment,3,2,1239,18,21,2,2,Unfurnished,14249000.0,36100.0
6575,332,Apartment,3,3,1099,4,27,2,1,Semi-Furnished,13672000.0,39300.0
6576,14,Apartment,3,3,1197,1,30,2,0,Semi-Furnished,13818000.0,44300.0
6577,381,Apartment,1,1,1064,2,34,0,0,Unfurnished,13873000.0,39400.0
6578,240,Apartment,2,1,1239,29,31,3,1,Semi-Furnished,9271000.0,26800.0
6579,445,Row House,3,2,1284,4,30,2,1,Unfurnished,16256000.0,44300.0
6580,481,Row House,2,2,896,9,29,5,1,Fully-Furnished,9114000.0,21200.0
6581,390,Row House,2,1,990,18,31,5,0,Unfurnished,10823000.0,26900.0
6582,298,Studio,2,1,1026,20,33,3,1,Unfurnished,10450000.0,26300.0
6583,294,Apartment,3,2,1025,21,33,2,1,Unfurnished,9504000.0,30400.0
6584,171,Studio,3,3,1463,10,27,2,2,Semi-Furnished,15416000.0,36600.0
6585,46,Apartment,2,2,995,6,7,5,2,Unfurnished,11842000.0,34400.0
6586,450,Apartment,2,1,1007,15,27,3,1,Unfurnished,11725000.0,28400.0
6587,427,Row House,4,3,1465,25,11,0,1,Unfurnished,16041000.0,43000.0
6588,233,Apartment,2,2,1134,1,25,3,2,Unfurnished,33622500.0,49100.0
6589,205,Apartment,3,2,1430,13,14,2,1,Fully-Furnished,15325000.0,48300.0
6590,192,Apartment,2,2,1386,3,32,1,2,Unfurnished,17373000.0,56200.0
6591,154,Row House,2,1,484,26,4,1,1,Fully-Furnished,4839000.0,10100.0
6592,494,Row House,1,1,402,14,20,3,1,Fully-Furnished,3893000.0,11200.0
6593,480,Studio,3,2,989,24,15,0,1,Unfurnished,11299000.0,32600.0
6594,4,Villa,2,1,699,26,29,4,2,Semi-Furnished,4859000.0,16500.0
6595,484,Apartment,3,2,1260,3,32,5,2,Unfurnished,12961000.0,44800.0
6596,81,Studio,2,1,1207,23,29,4,1,Semi-Furnished,10897000.0,
6597,46,Apartment,3,2,1809,19,16,5,1,Unfurnished,19445000.0,42900.0
6598,409,Apartment,2,1,1223,7,24,5,0,Unfurnished,14261000.0,39500.0
6599,62,Apartment,2,2,939,23,8,1,2,Unfurnished,11942000.0,40700.0
6600,449,Apartment,2,2,1168,21,8,2,1,Fully-Furnished,9900000.0,26200.0
6601,304,Apartment,2,1,764,20,13,1,1,Unfurnished,7376000.0,15200.0
6602,32,Row House,5,5,1705,5,10,5,1,Semi-Furnished,16246000.0,46100.0
6603,440,Apartment,2,2,1074,11,7,2,2,Unfurnished,13245000.0,34800.0
6604,431,Apartment,3,3,1220,4,10,1,2,Unfurnished,15115000.0,24000.0
6605,476,Apartment,3,2,1512,14,11,1,2,Unfurnished,17584000.0,51800.0
6606,425,Apartment,2,1,876,27,23,1,0,Unfurnished,10083000.0,32600.0
6607,354,Apartment,2,2,817,18,14,0,2,Unfurnished,9840000.0,33400.0
6608,496,Villa,3,3,1503,3,18,4,1,Semi-Furnished,14789000.0,40600.0
6609,100,Apartment,4,4,1410,15,7,2,1,Fully-Furnished,12436000.0,33100.0
6610,72,Apartment,3,3,1182,3,24,4,1,Fully-Furnished,12505000.0,38000.0
6611,23,Apartment,3,3,1409,10,33,3,1,Semi-Furnished,16326000.0,38100.0
6612,446,Apartment,5,4,1974,5,15,5,2,Unfurnished,23274000.0,58000.0
6613,156,Apartment,4,4,1647,18,7,4,2,Unfurnished,17238000.0,50500.0
6614,155,Apartment,4,4,1432,19,20,4,1,Semi-Furnished,13856000.0,31400.0
6615,95,Apartment,3,3,1188,29,5,4,1,Fully-Furnished,12553000.0,32800.0
6616,122,Apartment,2,1,948,7,29,3,1,Unfurnished,11717000.0,38100.0
6617,421,Apartment,1,1,282,23,34,1,1,Semi-Furnished,2908000.0,8700.0
6618,172,Villa,4,4,1596,7,18,2,1,Fully-Furnished,17531000.0,45200.0
6619,402,Studio,2,2,1149,6,28,1,1,Semi-Furnished,13171000.0,29300.0
6620,363,Row House,3,2,938,14,25,4,1,Fully-Furnished,8769000.0,22900.0
6621,214,Penthouse,3,2,1124,3,33,4,1,Fully-Furnished,9353000.0,23300.0
6622,119,Penthouse,2,1,1099,0,20,2,1,Unfurnished,11239000.0,31800.0
6623,413,Apartment,1,1,297,18,21,3,1,Unfurnished,3611000.0,10200.0
6624,498,Studio,3,2,1176,3,19,3,1,Semi-Furnished,12457000.0,35800.0
6625,270,Studio,2,2,925,24,27,3,2,Fully-Furnished,11591000.0,27500.0
6626,61,Apartment,2,2,1581,20,34,5,2,Unfurnished,16964000.0,43300.0
6627,38,Penthouse,4,4,1509,22,30,2,1,Fully-Furnished,20461000.0,51800.0
6628,176,Apartment,3,3,1336,11,22,1,2,Unfurnished,14159000.0,36600.0
6629,456,Apartment,3,2,1316,23,26,3,2,Unfurnished,14309000.0,39400.0
6630,307,Penthouse,2,2,865,10,15,4,1,Fully-Furnished,10414000.0,40200.0
6631,181,Apartment,3,3,1255,14,20,5,1,Semi-Furnished,9831000.0,25200.0
6632,433,Penthouse,3,3,1410,16,26,5,1,Unfurnished,14625000.0,35200.0
6633,193,Apartment,2,2,1180,18,33,4,1,Fully-Furnished,14328000.0,32300.0
6634,229,Row House,1,1,787,26,33,3,2,Semi-Furnished,8022000.0,23700.0
6635,41,Apartment,4,3,1787,1,26,1,1,Unfurnished,16297000.0,56200.0
6636,230,Apartment,3,3,1365,28,16,4,2,Semi-Furnished,14706000.0,32700.0
6637,416,Apartment,3,2,1395,11,9,0,1,Fully-Furnished,14258000.0,41200.0
6638,287,Studio,1,1,925,15,17,3,2,Unfurnished,12067000.0,33600.0
6639,3,Apartment,2,1,1244,17,23,4,1,Semi-Furnished,8803000.0,24600.0
6640,496,Penthouse,2,1,1176,24,11,4,2,Fully-Furnished,13411000.0,37700.0
6641,113,Studio,3,3,1191,2,10,5,1,Unfurnished,12175000.0,24800.0
6642,402,Apartment,2,2,1086,22,17,1,1,Unfurnished,14877000.0,39500.0
6643,473,Apartment,2,1,677,25,30,4,1,Fully-Furnished,5091000.0,15900.0
6644,39,Penthouse,2,2,911,26,30,2,2,Unfurnished,8608000.0,22500.0
6645,1,Row House,3,2,1425,8,20,1,1,Semi-Furnished,15444000.0,46100.0
6646,434,Apartment,2,2,1236,12,6,5,1,Unfurnished,10526000.0,31800.0
6647,302,Penthouse,2,1,1287,17,28,3,1,Semi-Furnished,12548000.0,42800.0
6648,240,Studio,3,2,1149,25,23,3,1,Unfurnished,8523000.0,21900.0
6649,205,Studio,3,3,1378,14,30,2,1,Unfurnished,14101000.0,38200.0
6650,315,Studio,2,1,1327,26,17,1,1,Semi-Furnished,16054000.0,50200.0
6651,73,Penthouse,1,1,961,29,27,3,1,Unfurnished,10439000.0,29900.0
6652,497,Penthouse,1,1,667,6,6,4,1,Semi-Furnished,7641000.0,17400.0
6653,121,Apartment,2,2,1039,8,4,1,2,Unfurnished,11060000.0,28500.0
6654,206,Apartment,2,2,1317,9,12,3,1,Unfurnished,10545000.0,18900.0
6655,362,Villa,1,1,709,23,20,5,2,Unfurnished,7941000.0,
6656,112,Apartment,3,2,1365,8,8,1,1,Semi-Furnished,14086000.0,27800.0
6657,123,Penthouse,3,2,1465,1,23,1,1,Unfurnished,14480000.0,40300.0
6658,385,Row House,2,1,1212,27,20,1,1,Fully-Furnished,13518000.0,44800.0
6659,307,Apartment,3,2,994,29,34,4,1,Semi-Furnished,9565000.0,25700.0
6660,458,Apartment,4,3,1348,16,7,4,1,Fully-Furnished,13781000.0,33500.0
6661,178,Apartment,2,1,1011,17,33,4,2,Semi-Furnished,10305000.0,25900.0
6662,154,Apartment,3,2,1691,17,14,1,1,Unfurnished,18816000.0,59200.0
6663,406,Row House,3,2,1016,10,15,1,2,Semi-Furnished,9500000.0,28900.0
6664,340,Studio,3,2,1264,15,8,1,2,Unfurnished,16374000.0,47100.0
6665,481,Villa,1,1,701,14,25,5,0,Fully-Furnished,6835000.0,15700.0
6666,427,Apartment,3,3,1331,11,23,0,1,Semi-Furnished,12214000.0,18800.0
6667,496,Apartment,2,1,709,19,9,4,0,Semi-Furnished,6887000.0,22400.0
6668,125,Penthouse,2,1,1154,18,20,3,1,Fully-Furnished,14253000.0,45800.0
6669,285,Villa,2,2,526,16,28,2,0,Semi-Furnished,5359000.0,13900.0
6670,328,Apartment,3,2,1257,20,27,4,0,Semi-Furnished,12717000.0,44300.0
6671,432,Studio,2,2,1133,26,33,2,2,Semi-Furnished,12654000.0,36400.0
6672,248,Apartment,3,2,1182,21,26,5,1,Semi-Furnished,15060000.0,46200.0
6673,167,Apartment,4,3,1520,13,7,1,2,Unfurnished,16789000.0,42700.0
6674,439,Apartment,4,4,1232,7,21,0,2,Unfurnished,13289000.0,41700.0
6675,45,Studio,5,5,1937,7,29,2,0,Unfurnished,23244000.0,62600.0
6676,159,Apartment,4,4,1266,15,30,4,1,Unfurnished,10982000.0,28000.0
6677,372,Row House,2,2,1315,12,18,5,2,Fully-Furnished,14136000.0,36300.0
6678,167,Apartment,2,2,728,20,28,1,0,Unfurnished,8071000.0,16000.0
6679,499,Row House,2,2,800,23,26,5,2,Fully-Furnished,7855000.0,16100.0
6680,438,Apartment,2,2,906,5,18,3,2,Unfurnished,10648000.0,31100.0
6681,13,Apartment,2,2,920,27,18,5,1,Semi-Furnished,11517000.0,27700.0
6682,471,Villa,3,2,1273,5,18,4,2,Semi-Furnished,12368000.0,40200.0
6683,137,Apartment,2,1,888,10,29,1,0,Unfurnished,11443000.0,37100.0
6684,43,Apartment,3,3,1072,3,32,1,1,Fully-Furnished,11490000.0,36700.0
6685,354,Apartment,2,2,919,19,20,0,1,Unfurnished,8713000.0,27900.0
6686,306,Apartment,2,1,693,18,16,1,2,Unfurnished,6953000.0,22800.0
6687,190,Villa,4,4,1598,5,4,3,2,Unfurnished,17494000.0,59300.0
6688,321,Apartment,1,1,604,15,28,3,0,Fully-Furnished,5640000.0,20700.0
6689,454,Apartment,5,5,1992,28,21,1,1,Semi-Furnished,16599000.0,36500.0
6690,240,Apartment,2,1,1225,11,16,3,1,Unfurnished,14774000.0,43300.0
6691,159,Apartment,3,2,1256,2,27,4,1,Unfurnished,11630000.0,28400.0
6692,152,Studio,1,1,817,1,28,3,2,Unfurnished,8534000.0,23400.0
6693,281,Apartment,3,2,1303,28,27,3,1,Unfurnished,14998000.0,33500.0
6694,239,Studio,1,1,849,20,19,1,0,Unfurnished,6764000.0,21400.0
6695,36,Villa,2,2,1105,17,20,1,1,Semi-Furnished,13450000.0,30200.0
6696,387,Apartment,3,3,1117,9,8,0,2,Unfurnished,9333000.0,28200.0
6697,41,Villa,1,1,578,4,17,1,0,Fully-Furnished,5791000.0,19500.0
6698,241,Apartment,2,2,1053,23,17,4,0,Semi-Furnished,7805000.0,13900.0
6699,130,Apartment,1,1,873,17,14,5,0,Unfurnished,8812000.0,27100.0
6700,117,Apartment,3,2,1440,12,34,2,1,Semi-Furnished,12330000.0,34100.0
6701,26,Apartment,2,1,1177,26,24,3,1,Semi-Furnished,12089000.0,22700.0
6702,231,Apartment,4,4,1423,28,24,4,2,Unfurnished,15488000.0,44100.0
6703,479,Villa,3,3,1293,21,4,2,1,Fully-Furnished,10623000.0,
6704,368,Studio,1,1,557,23,16,4,0,Fully-Furnished,5831000.0,15600.0
6705,201,Studio,3,2,1556,19,12,2,2,Fully-Furnished,16299000.0,34200.0
6706,137,Penthouse,2,1,931,5,7,1,1,Unfurnished,9387000.0,29600.0
6707,185,Apartment,2,1,548,27,29,2,1,Unfurnished,6057000.0,16600.0
6708,270,Apartment,4,4,1279,4,26,3,2,Unfurnished,16516000.0,49500.0
6709,74,Row House,1,1,872,3,14,4,1,Semi-Furnished,7466000.0,22300.0
6710,398,Studio,1,1,660,16,4,2,0,Fully-Furnished,5675000.0,16500.0
6711,268,Apartment,5,5,1980,14,32,0,2,Semi-Furnished,22577000.0,74900.0
6712,146,Apartment,4,3,1433,26,12,0,2,Fully-Furnished,14681000.0,32600.0
6713,29,Apartment,3,3,1319,3,29,4,0,Semi-Furnished,16702000.0,63300.0
6714,369,Apartment,4,3,1771,12,7,2,1,Unfurnished,16567000.0,44100.0
6715,476,Studio,3,3,1437,4,33,1,2,Unfurnished,16373000.0,44500.0
6716,448,Studio,3,3,1325,27,11,5,2,Fully-Furnished,11645000.0,33200.0
6717,241,Villa,2,1,948,4,6,4,1,Unfurnished,8470000.0,27900.0
6718,65,Apartment,3,2,1460,23,9,3,2,Unfurnished,14363000.0,31000.0
6719,180,Apartment,1,1,984,25,8,3,1,Fully-Furnished,14693000.0,40500.0
6720,144,Villa,3,3,1081,28,24,3,1,Unfurnished,9640000.0,26300.0
6721,323,Row House,2,2,886,8,21,1,1,Semi-Furnished,10019000.0,28600.0
6722,195,Apartment,4,3,1787,23,19,2,2,Semi-Furnished,22208000.0,54900.0
6723,61,Villa,1,1,752,2,19,5,1,Unfurnished,6736000.0,12700.0
6724,474,Penthouse,1,1,819,26,28,5,1,Semi-Furnished,9107000.0,24500.0
6725,475,Apartment,5,5,1844,28,13,2,1,Unfurnished,19853000.0,46900.0
6726,409,Apartment,1,1,350,3,11,5,1,Fully-Furnished,4777000.0,12100.0
6727,127,Apartment,2,2,1037,10,11,2,0,Unfurnished,11413000.0,32000.0
6728,172,Row House,1,1,413,17,20,2,2,Semi-Furnished,4741000.0,16800.0
6729,162,Villa,3,3,1447,22,34,4,1,Fully-Furnished,16906000.0,44100.0
6730,483,Apartment,1,1,884,9,30,5,1,Semi-Furnished,7607000.0,22200.0
6731,305,Villa,2,1,960,25,28,1,1,Fully-Furnished,9482000.0,21600.0
6732,80,Apartment,3,2,1251,6,21,5,1,Unfurnished,11068000.0,36100.0
6733,463,Row House,3,3,1020,3,16,1,1,Unfurnished,10667000.0,32300.0
6734,384,Apartment,1,1,442,26,17,0,2,Semi-Furnished,5090000.0,11100.0
6735,51,Villa,2,2,1059,25,33,2,2,Fully-Furnished,12891000.0,39600.0
6736,127,Apartment,3,3,1301,16,7,2,1,Fully-Furnished,13581000.0,40700.0
6737,210,Apartment,2,2,1110,20,14,3,1,Semi-Furnished,10186000.0,30300.0
6738,402,Apartment,5,4,1760,9,8,1,2,Unfurnished,20304000.0,59200.0
6739,311,Apartment,3,3,1015,6,23,1,0,Unfurnished,10713000.0,28900.0
6740,141,Studio,2,2,1050,29,26,3,1,Unfurnished,9880000.0,22200.0
6741,262,Apartment,1,1,677,17,21,0,1,Semi-Furnished,6676000.0,16800.0
6742,211,Villa,4,4,1606,29,9,4,1,Unfurnished,15921000.0,51000.0
6743,426,Apartment,4,4,1702,21,34,4,1,Fully-Furnished,16906000.0,58400.0
6744,246,Apartment,2,1,949,22,24,2,1,Semi-Furnished,9645000.0,20100.0
6745,462,Villa,5,5,1824,6,4,5,2,Semi-Furnished,19178000.0,
6746,442,Apartment,1,1,767,19,31,5,2,Unfurnished,5152000.0,14500.0
6747,263,Apartment,2,1,1156,15,17,3,1,Semi-Furnished,12831000.0,34500.0
6748,385,Apartment,2,1,1162,2,12,1,1,Fully-Furnished,14031000.0,
6749,435,Apartment,3,3,1170,2,16,3,2,Unfurnished,12915000.0,46300.0
6750,144,Apartment,2,2,1088,25,16,3,2,Semi-Furnished,11939000.0,39600.0
6751,26,Apartment,4,3,1482,11,24,3,1,Fully-Furnished,16275000.0,38300.0
6752,241,Penthouse,4,4,1518,9,4,4,1,Unfurnished,15321000.0,48200.0
6753,451,Penthouse,3,2,1398,4,21,4,2,Unfurnished,18217000.0,39600.0
6754,50,Apartment,3,3,1171,3,34,3,2,Unfurnished,13136000.0,37600.0
6755,463,Apartment,2,1,879,4,11,1,1,Unfurnished,9728000.0,26000.0
6756,60,Studio,2,1,771,26,23,1,1,Semi-Furnished,8590000.0,
6757,4,Penthouse,2,1,806,24,30,4,0,Unfurnished,9837000.0,28700.0
6758,234,Villa,4,4,1622,8,5,2,1,Semi-Furnished,18682000.0,41400.0
6759,451,Penthouse,4,3,1547,17,6,4,1,Semi-Furnished,16593000.0,40700.0
6760,389,Row House,2,2,1000,11,16,5,2,Fully-Furnished,9066000.0,23900.0
6761,344,Studio,3,2,1223,15,16,3,1,Unfurnished,14644000.0,30800.0
6762,397,Apartment,1,1,399,26,25,1,1,Fully-Furnished,4881000.0,13500.0
6763,355,Apartment,3,3,1188,21,9,2,0,Semi-Furnished,12818000.0,33700.0
6764,468,Row House,2,1,930,13,15,1,2,Unfurnished,12177000.0,29100.0
6765,167,Apartment,2,2,1198,16,9,1,0,Unfurnished,13149000.0,33500.0
6766,64,Villa,3,2,1077,15,6,4,2,Semi-Furnished,8430000.0,27800.0
6767,358,Studio,3,2,1448,29,27,0,2,Unfurnished,13415000.0,38900.0
6768,105,Penthouse,2,1,928,13,28,5,1,Fully-Furnished,8012000.0,22500.0
6769,483,Apartment,1,1,719,23,13,5,1,Semi-Furnished,6870000.0,11600.0
6770,462,Apartment,4,4,1706,16,15,5,2,Unfurnished,15889000.0,45600.0
6771,259,Row House,1,1,832,13,12,2,0,Semi-Furnished,7186000.0,16300.0
6772,249,Apartment,3,2,1346,4,18,3,2,Unfurnished,10827000.0,27500.0
6773,430,Apartment,4,4,1605,6,15,5,2,Unfurnished,18147000.0,56000.0
6774,238,Apartment,1,1,501,10,29,2,1,Fully-Furnished,5363000.0,11900.0
6775,208,Penthouse,4,4,1324,21,15,3,2,Unfurnished,18739000.0,62700.0
6776,185,Penthouse,4,3,1650,10,21,2,1,Unfurnished,15723000.0,38200.0
6777,364,Villa,3,3,1200,22,7,0,2,Semi-Furnished,13583000.0,22900.0
6778,127,Apartment,3,3,1227,3,26,2,2,Semi-Furnished,12979000.0,36900.0
6779,415,Apartment,4,4,1741,26,21,4,1,Unfurnished,19704000.0,50100.0
6780,409,Apartment,4,4,1664,16,15,5,1,Unfurnished,20115000.0,44800.0
6781,300,Apartment,3,2,1254,13,27,3,1,Fully-Furnished,14986000.0,42900.0
6782,186,Apartment,2,2,1030,13,18,5,0,Unfurnished,9838000.0,31300.0
6783,34,Apartment,5,4,1932,3,9,0,1,Unfurnished,22903000.0,66800.0
6784,152,Villa,2,2,630,2,26,3,2,Unfurnished,7698000.0,20000.0
6785,289,Apartment,2,1,942,24,28,4,1,Semi-Furnished,11437000.0,30600.0
6786,83,Row House,4,3,1824,6,5,2,1,Semi-Furnished,20909000.0,62400.0
6787,448,Apartment,2,1,746,6,33,5,0,Fully-Furnished,8609000.0,33100.0
6788,354,Apartment,3,3,1472,9,6,0,2,Semi-Furnished,15680000.0,37000.0
6789,382,Penthouse,4,4,1845,8,32,1,2,Unfurnished,14756000.0,33100.0
6790,262,Apartment,3,2,1398,9,32,0,1,Unfurnished,13434000.0,26200.0
6791,252,Studio,2,2,845,29,5,2,1,Fully-Furnished,8566000.0,22800.0
6792,147,Villa,3,2,1555,0,25,5,1,Unfurnished,11612000.0,33700.0
6793,413,Apartment,1,1,573,27,34,3,1,Fully-Furnished,7317000.0,19900.0
6794,246,Villa,2,1,943,9,11,2,2,Unfurnished,8571000.0,27600.0
6795,214,Apartment,3,3,1475,24,22,4,0,Unfurnished,13061000.0,33500.0
6796,336,Row House,3,3,1336,10,15,0,1,Unfurnished,16400000.0,44600.0
6797,417,Apartment,2,1,1109,1,30,5,2,Unfurnished,13852000.0,39400.0
6798,78,Apartment,2,2,869,12,29,4,2,Unfurnished,8265000.0,26900.0
6799,223,Studio,5,4,2241,19,25,5,0,Semi-Furnished,29105000.0,89900.0
6800,260,Studio,3,3,706,18,7,3,1,Semi-Furnished,6386000.0,12800.0
6801,497,Apartment,4,3,1433,9,16,4,2,Fully-Furnished,12781000.0,
6802,196,Studio,1,1,1073,7,15,4,1,Unfurnished,11724000.0,32900.0
6803,347,Apartment,3,3,1047,22,34,2,1,Unfurnished,10342000.0,21500.0
6804,415,Studio,1,1,980,29,19,4,1,Fully-Furnished,10399000.0,35300.0
6805,237,Villa,1,1,692,4,24,5,1,Unfurnished,10324000.0,25500.0
6806,82,Apartment,3,3,1022,28,18,5,1,Unfurnished,11029000.0,28000.0
6807,327,Apartment,1,1,735,26,16,5,1,Fully-Furnished,8042000.0,22400.0
6808,278,Apartment,2,1,773,0,33,3,0,Unfurnished,9390000.0,31300.0
6809,393,Villa,3,2,1119,9,32,5,0,Unfurnished,11982000.0,30400.0
6810,80,Villa,2,1,895,29,18,5,1,Unfurnished,8321000.0,23200.0
6811,464,Apartment,2,1,1070,9,31,1,1,Semi-Furnished,10375000.0,31300.0
6812,137,Apartment,2,2,1167,1,4,1,2,Semi-Furnished,13014000.0,38300.0
6813,316,Apartment,3,3,1183,29,16,2,2,Unfurnished,14285000.0,42900.0
6814,61,Apartment,3,2,1561,29,18,5,2,Semi-Furnished,17963000.0,44600.0
6815,236,Apartment,3,2,1007,23,29,5,2,Semi-Furnished,11999000.0,36600.0
6816,264,Row House,3,3,1486,29,5,5,0,Semi-Furnished,12169000.0,34400.0
6817,475,Apartment,4,3,1539,19,25,2,1,Unfurnished,18973000.0,44400.0
6818,305,Apartment,1,1,612,0,29,1,0,Unfurnished,7105000.0,22700.0
6819,205,Villa,1,1,561,25,8,2,1,Unfurnished,4802000.0,16100.0
6820,427,Studio,4,4,1857,28,19,0,2,Fully-Furnished,16980000.0,54800.0
6821,193,Apartment,3,3,1184,7,26,4,0,Semi-Furnished,10069000.0,30400.0
6822,177,Row House,2,1,967,15,16,1,1,Semi-Furnished,7307000.0,16900.0
6823,227,Apartment,4,3,1649,11,21,5,1,Unfurnished,17499000.0,46200.0
6824,371,Apartment,3,2,1361,27,27,4,1,Unfurnished,15622000.0,48300.0
6825,72,Apartment,3,2,1460,13,6,4,2,Unfurnished,15273000.0,44400.0
6826,392,Apartment,2,2,1139,10,9,2,1,Unfurnished,10417000.0,33300.0
6827,422,Apartment,2,2,1154,24,26,5,1,Unfurnished,12994000.0,
6828,192,Apartment,1,1,1117,4,27,1,0,Unfurnished,12421000.0,30400.0
6829,156,Apartment,2,1,958,28,20,4,2,Fully-Furnished,10706000.0,21600.0
6830,53,Apartment,2,2,1134,4,20,4,1,Unfurnished,12457000.0,23900.0
6831,419,Apartment,3,2,1714,4,6,5,1,Semi-Furnished,13887000.0,41000.0
6832,118,Apartment,1,1,794,20,26,0,2,Fully-Furnished,8452000.0,16900.0
6833,346,Studio,3,3,1283,5,32,2,1,Unfurnished,12015000.0,35600.0
6834,12,Penthouse,2,2,1004,26,6,5,1,Semi-Furnished,12746000.0,35900.0
6835,121,Apartment,2,1,899,4,4,1,1,Unfurnished,7930000.0,19400.0
6836,11,Studio,2,1,908,25,17,5,2,Unfurnished,9126000.0,23700.0
6837,36,Apartment,1,1,891,26,32,1,1,Semi-Furnished,9562000.0,24500.0
6838,308,Apartment,4,3,1056,21,31,4,1,Unfurnished,8049000.0,22400.0
6839,459,Apartment,4,4,1789,11,24,2,0,Semi-Furnished,19085000.0,51700.0
6840,417,Studio,1,1,323,1,21,5,0,Unfurnished,2913000.0,6600.0
6841,417,Apartment,1,1,854,18,31,5,2,Fully-Furnished,9424000.0,31600.0
6842,167,Row House,3,3,1166,28,17,1,0,Fully-Furnished,12472000.0,30800.0
6843,323,Apartment,2,1,735,1,4,1,1,Fully-Furnished,8023000.0,24100.0
6844,141,Row House,3,3,1184,9,32,3,1,Unfurnished,12468000.0,27800.0
6845,251,Apartment,4,3,1473,27,15,4,0,Fully-Furnished,15996000.0,39000.0
6846,290,Studio,2,1,912,26,27,0,1,Fully-Furnished,9907000.0,31300.0
6847,273,Apartment,1,1,564,14,34,2,2,Unfurnished,6522000.0,24100.0
6848,290,Row House,4,3,1905,26,33,0,1,Fully-Furnished,22619000.0,64600.0
6849,52,Studio,2,2,950,17,18,3,2,Unfurnished,12454000.0,31600.0
6850,302,Apartment,4,3,1640,0,29,3,1,Fully-Furnished,40640000.0,49500.0
6851,202,Apartment,3,2,729,21,4,0,1,Fully-Furnished,8713000.0,31900.0
6852,222,Apartment,1,1,477,20,24,4,1,Unfurnished,6409000.0,20000.0
6853,16,Villa,3,3,1057,4,19,2,0,Fully-Furnished,8372000.0,23800.0
6854,217,Apartment,3,3,1077,21,17,4,2,Semi-Furnished,12993000.0,46200.0
6855,226,Apartment,2,1,1003,7,17,2,2,Fully-Furnished,14745000.0,37000.0
6856,456,Apartment,3,2,1520,15,13,3,1,Semi-Furnished,18144000.0,32900.0
6857,39,Apartment,4,4,1918,4,17,2,1,Unfurnished,21086000.0,47200.0
6858,97,Villa,2,2,1036,17,31,3,1,Semi-Furnished,13264000.0,42500.0
6859,135,Penthouse,1,1,752,12,27,5,1,Unfurnished,9281000.0,28500.0
6860,281,Apartment,1,1,829,14,24,3,0,Unfurnished,9540000.0,24400.0
6861,301,Penthouse,2,1,1089,13,17,0,2,Fully-Furnished,13539000.0,16900.0
6862,200,Apartment,4,4,1503,23,28,4,1,Unfurnished,12803000.0,46800.0
6863,319,Apartment,4,3,1558,2,26,2,0,Unfurnished,17068000.0,58100.0
6864,62,Penthouse,3,2,1571,1,18,1,2,Semi-Furnished,17962000.0,48900.0
6865,395,Apartment,2,2,881,13,4,0,1,Unfurnished,10637000.0,24100.0
6866,459,Apartment,2,1,995,14,6,2,1,Semi-Furnished,10847000.0,22500.0
6867,279,Penthouse,1,1,790,21,28,4,2,Unfurnished,9751000.0,26400.0
6868,166,Penthouse,2,2,974,20,22,3,0,Unfurnished,10134000.0,33100.0
6869,445,Apartment,2,2,1265,14,14,2,0,Unfurnished,13951000.0,45400.0
6870,127,Studio,5,4,1654,25,32,2,2,Unfurnished,19884000.0,54500.0
6871,17,Apartment,1,1,507,28,16,2,1,Semi-Furnished,5794000.0,15200.0
6872,126,Apartment,2,2,988,1,13,4,1,Semi-Furnished,10617000.0,31100.0
6873,24,Apartment,4,3,1485,7,14,5,1,Unfurnished,16540000.0,52700.0
6874,453,Villa,3,2,1664,7,21,1,1,Semi-Furnished,20112000.0,68800.0
6875,7,Apartment,1,1,824,7,19,2,2,Semi-Furnished,8224000.0,23200.0
6876,427,Apartment,4,3,1483,27,14,0,1,Semi-Furnished,17698000.0,54200.0
6877,310,Penthouse,1,1,929,10,17,1,2,Unfurnished,11013000.0,32500.0
6878,231,Villa,3,2,1037,7,7,4,1,Fully-Furnished,10182000.0,29700.0
6879,222,Apartment,3,3,1150,20,12,4,1,Unfurnished,14635000.0,39300.0
6880,180,Apartment,3,2,1549,23,23,3,0,Unfurnished,18036000.0,61600.0
6881,72,Penthouse,3,2,1810,7,24,4,1,Unfurnished,14887000.0,47400.0
6882,69,Penthouse,2,1,950,27,14,4,0,Semi-Furnished,8791000.0,20000.0
6883,486,Studio,1,1,983,13,29,3,1,Unfurnished,9777000.0,37000.0
6884,182,Apartment,1,1,679,13,10,1,1,Unfurnished,7946000.0,16700.0
6885,50,Apartment,5,4,1781,19,18,3,2,Unfurnished,19074000.0,50400.0
6886,86,Apartment,1,1,818,5,19,2,1,Unfurnished,8059000.0,24200.0
6887,174,Studio,5,5,2282,2,31,5,0,Unfurnished,28152000.0,73100.0
6888,405,Row House,3,3,1340,21,34,3,2,Unfurnished,16172000.0,44700.0
6889,4,Apartment,4,3,1543,3,13,4,1,Fully-Furnished,16932000.0,53500.0
6890,80,Apartment,3,2,1677,1,12,5,1,Semi-Furnished,15733000.0,47900.0
6891,316,Apartment,3,2,1463,24,14,2,1,Semi-Furnished,19551000.0,49800.0
6892,265,Apartment,2,2,846,12,20,1,1,Semi-Furnished,7707000.0,23300.0
6893,382,Apartment,2,2,869,25,4,1,1,Unfurnished,6905000.0,19900.0
6894,89,Villa,1,1,813,18,18,4,1,Unfurnished,7977000.0,18000.0
6895,35,Row House,4,3,1177,29,13,4,1,Unfurnished,10270000.0,36400.0
6896,244,Studio,4,4,1632,5,11,0,1,Unfurnished,16328000.0,40300.0
6897,438,Apartment,2,2,1171,17,24,3,1,Unfurnished,10590000.0,26300.0
6898,473,Studio,3,3,1309,13,6,4,2,Fully-Furnished,12563000.0,35400.0
6899,114,Villa,2,1,1124,28,5,3,1,Unfurnished,14646000.0,40400.0
6900,171,Apartment,1,1,1127,17,21,2,1,Unfurnished,11396000.0,39500.0
6901,253,Villa,1,1,665,2,32,5,1,Unfurnished,6515000.0,16300.0
6902,92,Apartment,1,1,560,11,28,2,0,Semi-Furnished,5189000.0,16400.0
6903,24,Apartment,1,1,813,15,34,5,2,Unfurnished,9130000.0,35900.0
6904,236,Villa,3,2,846,9,25,5,1,Fully-Furnished,9057000.0,31200.0
6905,37,Villa,4,3,1501,7,28,4,1,Unfurnished,15755000.0,49700.0
6906,202,Apartment,2,2,1052,6,11,0,1,Unfurnished,11587000.0,28600.0
6907,290,Apartment,3,2,1257,29,8,0,0,Fully-Furnished,14420000.0,41100.0
6908,113,Studio,4,4,1682,4,10,5,1,Semi-Furnished,15116000.0,54500.0
6909,36,Studio,1,1,806,0,34,1,1,Fully-Furnished,7545000.0,18700.0
6910,307,Row House,1,1,535,5,30,4,0,Semi-Furnished,7284000.0,21200.0
6911,500,Apartment,4,4,1753,19,32,0,1,Unfurnished,21932000.0,72600.0
6912,330,Apartment,4,4,1503,13,15,1,0,Unfurnished,16672000.0,52300.0
6913,1,Apartment,2,1,776,1,24,1,2,Semi-Furnished,5899000.0,18400.0
6914,409,Row House,4,4,1627,21,26,5,2,Semi-Furnished,19934000.0,49800.0
6915,307,Apartment,2,2,1040,6,19,4,1,Unfurnished,12921000.0,36500.0
6916,86,Row House,3,2,1262,13,6,2,2,Fully-Furnished,12308000.0,29300.0
6917,353,Apartment,4,4,1752,6,16,5,1,Semi-Furnished,25022000.0,73900.0
6918,271,Apartment,2,2,984,4,26,0,1,Unfurnished,9340000.0,26300.0
6919,80,Apartment,4,3,1315,19,34,5,1,Unfurnished,11922000.0,28500.0
6920,75,Apartment,3,3,1283,7,13,5,1,Unfurnished,14788000.0,55400.0
6921,219,Apartment,1,1,603,3,24,2,1,Fully-Furnished,6667000.0,28400.0
6922,89,Villa,3,3,1165,1,6,4,2,Semi-Furnished,9442000.0,24400.0
6923,95,Row House,3,2,1724,14,30,4,0,Fully-Furnished,17512000.0,39300.0
6924,495,Penthouse,3,3,1478,13,8,1,1,Unfurnished,15990000.0,65400.0
6925,470,Apartment,1,1,740,11,28,4,1,Unfurnished,8815000.0,25000.0
6926,115,Apartment,1,1,825,3,24,0,1,Semi-Furnished,10071000.0,30600.0
6927,420,Studio,1,1,777,4,14,4,2,Fully-Furnished,9768000.0,20900.0
6928,87,Villa,3,3,1478,2,28,2,2,Unfurnished,13034000.0,41100.0
6929,323,Studio,1,1,536,14,9,1,1,Semi-Furnished,5822000.0,18600.0
6930,101,Apartment,2,1,1211,4,5,3,1,Unfurnished,16560000.0,41800.0
6931,332,Villa,2,1,654,2,18,2,1,Unfurnished,6843000.0,17000.0
6932,138,Apartment,3,3,1396,18,21,3,1,Unfurnished,14815000.0,
6933,460,Villa,1,1,675,14,25,0,2,Unfurnished,7862000.0,17900.0
6934,301,Studio,1,1,340,19,14,0,1,Semi-Furnished,3650000.0,11000.0
6935,2,Apartment,2,1,1011,5,19,3,1,Unfurnished,11692000.0,41000.0
6936,308,Apartment,3,3,1351,1,29,4,2,Fully-Furnished,12123000.0,31600.0
6937,281,Villa,4,3,1730,24,23,3,0,Semi-Furnished,23465000.0,53700.0
6938,423,Apartment,3,3,1608,3,23,2,1,Fully-Furnished,14427000.0,40800.0
6939,135,Row House,1,1,520,8,25,5,1,Semi-Furnished,6478000.0,19900.0
6940,211,Apartment,3,2,1325,22,22,4,0,Unfurnished,15140000.0,43100.0
6941,216,Apartment,1,1,783,0,24,0,1,Unfurnished,10046000.0,29300.0
6942,420,Penthouse,2,1,1045,8,25,4,1,Unfurnished,11235000.0,33400.0
6943,211,Apartment,4,3,1499,19,9,4,1,Semi-Furnished,13043000.0,37300.0
6944,60,Studio,5,4,1715,19,13,1,1,Unfurnished,16391000.0,36000.0
6945,21,Penthouse,3,2,815,4,10,4,2,Unfurnished,7691000.0,18700.0
6946,154,Row House,1,1,539,4,19,1,1,Unfurnished,5167000.0,9100.0
6947,142,Penthouse,2,1,1295,27,10,3,0,Fully-Furnished,16951000.0,46900.0
6948,121,Apartment,3,3,891,4,21,1,0,Semi-Furnished,10036000.0,26600.0
6949,11,Apartment,1,1,574,7,5,5,1,Unfurnished,7332000.0,15800.0
6950,303,Apartment,5,4,2092,23,34,3,2,Semi-Furnished,22075000.0,53400.0
6951,278,Villa,3,2,1241,24,9,3,1,Semi-Furnished,12311000.0,32800.0
6952,494,Row House,2,2,1092,24,13,3,1,Unfurnished,12123000.0,39400.0
6953,351,Apartment,2,2,1029,16,7,1,1,Semi-Furnished,12047000.0,39700.0
6954,12,Studio,3,3,1257,23,29,5,0,Fully-Furnished,11840000.0,26600.0
6955,104,Apartment,2,2,757,6,29,1,1,Semi-Furnished,10642000.0,25700.0
6956,281,Penthouse,5,5,1718,24,18,3,0,Fully-Furnished,23070000.0,
6957,189,Row House,1,1,611,10,20,1,2,Unfurnished,6827000.0,17200.0
6958,387,Villa,2,1,1091,1,23,0,1,Fully-Furnished,9661000.0,20700.0
6959,402,Studio,1,1,990,10,4,1,2,Fully-Furnished,12388000.0,31600.0
6960,312,Villa,4,4,1577,29,12,3,1,Semi-Furnished,16287000.0,51500.0
6961,305,Apartment,2,2,1254,24,11,1,2,Fully-Furnished,13044000.0,45900.0
6962,85,Villa,2,1,929,4,9,0,1,Semi-Furnished,9198000.0,24400.0
6963,114,Studio,2,2,936,7,5,3,1,Semi-Furnished,13067000.0,35400.0
6964,313,Apartment,2,2,1108,21,4,4,2,Unfurnished,11373000.0,24800.0
6965,11,Penthouse,3,2,1192,22,20,5,1,Semi-Furnished,10595000.0,35500.0
6966,27,Row House,2,2,984,6,7,0,1,Unfurnished,12264000.0,42000.0
6967,290,Apartment,1,1,675,26,11,0,0,Fully-Furnished,7853000.0,25600.0
6968,354,Apartment,2,1,807,14,30,0,0,Unfurnished,8862000.0,21400.0
6969,333,Penthouse,2,1,968,29,25,1,0,Semi-Furnished,8084000.0,18800.0
6970,80,Apartment,4,3,1646,8,22,5,1,Unfurnished,16226000.0,41300.0
6971,484,Penthouse,5,4,1778,12,8,5,2,Unfurnished,15988000.0,39000.0
6972,322,Apartment,3,2,1389,10,33,5,1,Semi-Furnished,15363000.0,56000.0
6973,165,Apartment,2,2,974,23,31,2,1,Unfurnished,11753000.0,23300.0
6974,178,Villa,3,3,1461,18,6,4,1,Fully-Furnished,16741000.0,40700.0
6975,35,Studio,2,2,1151,0,19,4,0,Fully-Furnished,15663000.0,47600.0
6976,254,Apartment,3,2,1278,25,30,0,1,Fully-Furnished,13954000.0,35500.0
6977,261,Apartment,2,2,1344,22,9,2,1,Unfurnished,13313000.0,47100.0
6978,368,Apartment,4,4,1856,12,24,4,1,Unfurnished,15851000.0,44500.0
6979,59,Apartment,2,1,1213,19,20,1,1,Fully-Furnished,10824000.0,32000.0
6980,283,Apartment,2,1,899,14,17,0,2,Semi-Furnished,9143000.0,33700.0
6981,464,Apartment,4,3,1681,25,17,1,1,Unfurnished,15947000.0,35300.0
6982,132,Apartment,3,2,1267,5,11,2,1,Unfurnished,12524000.0,29700.0
6983,387,Apartment,3,2,1164,14,23,0,1,Fully-Furnished,10437000.0,25800.0
6984,21,Apartment,4,4,1382,26,27,4,0,Semi-Furnished,16067000.0,29200.0
6985,84,Studio,2,1,1106,27,14,4,1,Unfurnished,11317000.0,33600.0
6986,195,Apartment,4,3,1282,24,20,2,1,Fully-Furnished,14361000.0,46100.0
6987,54,Penthouse,2,2,1112,24,6,1,1,Unfurnished,8968000.0,22700.0
6988,386,Apartment,4,4,1418,16,30,1,1,Fully-Furnished,12590000.0,41300.0
6989,2,Apartment,4,4,1313,19,5,3,1,Unfurnished,11063000.0,
6990,235,Penthouse,2,2,732,16,21,5,2,Unfurnished,7497000.0,15000.0
6991,87,Studio,3,2,732,8,10,2,2,Semi-Furnished,7920000.0,14300.0
6992,210,Apartment,3,2,1240,10,10,3,1,Fully-Furnished,12469000.0,35900.0
6993,127,Apartment,3,3,1408,7,8,2,1,Semi-Furnished,16366000.0,46200.0
6994,337,Apartment,3,3,1161,1,4,3,0,Semi-Furnished,11417000.0,27000.0
6995,161,Apartment,3,2,1210,28,29,1,2,Unfurnished,15742000.0,52200.0
6996,130,Studio,2,2,771,3,32,5,1,Semi-Furnished,8172000.0,17400.0
6997,259,Villa,3,3,1472,26,18,2,1,Unfurnished,16747000.0,60200.0
6998,236,Studio,2,1,933,7,24,5,0,Fully-Furnished,9802000.0,26100.0
6999,457,Apartment,2,2,1304,17,19,3,1,Unfurnished,16109000.0,44500.0
7000,494,Row House,4,4,1741,1,11,3,2,Semi-Furnished,18566000.0,
7001,425,Penthouse,1,1,1243,10,6,1,1,Fully-Furnished,14457000.0,43400.0
7002,31,Apartment,4,3,1556,24,10,2,1,Unfurnished,21101000.0,67100.0
7003,285,Apartment,2,2,847,18,23,2,2,Unfurnished,10774000.0,31300.0
7004,260,Studio,3,2,1053,10,26,3,2,Unfurnished,9961000.0,33000.0
7005,255,Penthouse,3,3,1184,28,25,3,1,Fully-Furnished,14444000.0,41300.0
7006,179,Apartment,2,1,742,14,7,2,1,Semi-Furnished,9901000.0,34400.0
7007,496,Apartment,2,1,835,0,19,4,2,Semi-Furnished,7269000.0,15100.0
7008,337,Penthouse,3,3,1335,29,34,3,1,Semi-Furnished,10188000.0,24500.0
7009,154,Villa,4,4,1372,29,23,1,2,Fully-Furnished,13489000.0,29000.0
7010,488,Villa,2,1,1045,9,18,1,1,Semi-Furnished,10786000.0,26400.0
7011,130,Row House,2,2,1039,5,18,5,1,Unfurnished,11326000.0,25300.0
7012,488,Apartment,3,3,1217,25,34,1,0,Unfurnished,18694000.0,32300.0
7013,179,Apartment,5,4,2087,13,29,2,1,Fully-Furnished,26207000.0,70100.0
7014,445,Apartment,2,1,923,29,11,2,2,Unfurnished,9361000.0,25700.0
7015,218,Apartment,3,3,1372,11,17,4,1,Semi-Furnished,12866000.0,38600.0
7016,397,Apartment,3,3,1035,26,6,1,0,Fully-Furnished,14652000.0,28300.0
7017,160,Apartment,2,2,944,4,17,1,1,Unfurnished,11557000.0,35100.0
7018,318,Apartment,3,2,1154,29,20,5,1,Unfurnished,11445000.0,28500.0
7019,402,Villa,2,1,776,19,24,1,1,Unfurnished,10908000.0,26700.0
7020,334,Studio,2,1,1097,5,19,2,1,Semi-Furnished,10545000.0,25500.0
7021,69,Studio,2,2,1003,11,7,4,1,Fully-Furnished,10296000.0,
7022,326,Apartment,5,5,1837,5,18,3,1,Fully-Furnished,19431000.0,52700.0
7023,396,Penthouse,3,3,1231,17,6,2,1,Unfurnished,10409000.0,36300.0
7024,471,Apartment,5,4,1721,21,33,4,1,Unfurnished,14895000.0,46900.0
7025,486,Apartment,3,2,1403,0,10,3,1,Fully-Furnished,11942000.0,43900.0
7026,390,Penthouse,2,2,867,13,31,5,2,Semi-Furnished,8663000.0,23300.0
7027,307,Apartment,5,5,1679,15,32,4,2,Unfurnished,17129000.0,36300.0
7028,288,Apartment,5,4,1781,10,6,2,1,Unfurnished,18889000.0,31300.0
7029,179,Villa,1,1,1255,23,10,2,2,Unfurnished,18202000.0,58200.0
7030,410,Studio,3,2,1365,7,25,4,0,Semi-Furnished,10743000.0,23100.0
7031,1,Apartment,4,4,1624,27,31,1,1,Unfurnished,14649000.0,47300.0
7032,10,Penthouse,3,3,1067,7,23,3,1,Semi-Furnished,6962000.0,17800.0
7033,426,Villa,3,2,1423,15,25,4,2,Semi-Furnished,15636000.0,62200.0
7034,124,Row House,2,1,883,15,17,1,1,Unfurnished,8391000.0,21000.0
7035,169,Apartment,3,3,978,22,5,1,1,Fully-Furnished,11968000.0,30400.0
7036,420,Studio,4,4,1867,19,12,4,0,Semi-Furnished,24360000.0,61500.0
7037,475,Apartment,1,1,1277,19,25,2,2,Semi-Furnished,12583000.0,35100.0
7038,454,Villa,3,2,1377,27,30,1,1,Fully-Furnished,12765000.0,28800.0
7039,365,Apartment,2,2,1028,29,4,1,1,Unfurnished,9237000.0,20500.0
7040,83,Villa,2,1,1123,2,22,2,2,Unfurnished,9214000.0,20500.0
7041,20,Villa,2,1,1179,3,15,4,1,Semi-Furnished,12857000.0,35800.0
7042,491,Apartment,2,1,883,12,16,2,1,Unfurnished,9788000.0,29300.0
7043,192,Apartment,5,5,2036,18,29,1,1,Fully-Furnished,25396000.0,
7044,176,Villa,2,1,1285,17,13,1,0,Semi-Furnished,15591000.0,29900.0
7045,215,Apartment,4,4,1580,24,22,4,1,Unfurnished,16101000.0,30900.0
7046,460,Apartment,1,1,1167,23,12,0,0,Unfurnished,12871000.0,37400.0
7047,251,Apartment,1,1,867,3,13,4,0,Fully-Furnished,10123000.0,32100.0
7048,417,Apartment,2,1,871,23,27,5,1,Semi-Furnished,8959000.0,16300.0
7049,344,Apartment,2,1,1221,17,34,3,1,Unfurnished,13617000.0,47200.0
7050,322,Penthouse,2,2,1047,3,18,5,1,Semi-Furnished,7714000.0,22700.0
7051,293,Apartment,3,3,1142,26,27,2,1,Unfurnished,9412000.0,19800.0
7052,249,Apartment,2,1,943,28,23,3,1,Fully-Furnished,11105000.0,24200.0
7053,145,Apartment,3,2,1202,26,6,2,1,Unfurnished,11923000.0,38600.0
7054,81,Villa,3,2,1033,29,33,4,2,Fully-Furnished,7355000.0,25300.0
7055,10,Studio,2,2,1052,20,28,3,1,Unfurnished,10518000.0,28600.0
7056,428,Apartment,4,4,1661,13,33,4,2,Semi-Furnished,23230000.0,65400.0
7057,192,Villa,2,1,966,4,18,1,1,Semi-Furnished,11193000.0,41800.0
7058,35,Apartment,3,3,1399,7,18,4,1,Unfurnished,15957000.0,46700.0
7059,225,Apartment,3,3,1198,3,19,2,1,Unfurnished,11338000.0,37000.0
7060,349,Penthouse,1,1,468,25,27,4,0,Fully-Furnished,4411000.0,13600.0
7061,225,Apartment,2,2,517,2,31,2,0,Semi-Furnished,4595000.0,14500.0
7062,155,Apartment,5,5,1935,1,22,4,1,Semi-Furnished,22637000.0,59600.0
7063,291,Apartment,2,2,461,26,23,1,1,Semi-Furnished,6219000.0,18700.0
7064,428,Apartment,1,1,733,18,18,4,0,Unfurnished,9260000.0,27000.0
7065,211,Studio,2,2,793,2,22,4,1,Semi-Furnished,6712000.0,15400.0
7066,453,Row House,4,4,1813,10,32,1,1,Unfurnished,17114000.0,32000.0
7067,96,Apartment,4,4,1562,20,15,3,1,Unfurnished,19226000.0,47900.0
7068,456,Penthouse,1,1,540,15,19,3,1,Unfurnished,6536000.0,17000.0
7069,52,Villa,1,1,907,2,21,3,1,Unfurnished,10792000.0,32900.0
7070,411,Villa,2,2,793,17,8,0,2,Unfurnished,7014000.0,17700.0
7071,154,Apartment,2,1,1081,14,7,1,2,Unfurnished,11003000.0,30000.0
7072,42,Villa,2,1,703,28,5,5,2,Semi-Furnished,7622000.0,17400.0
7073,391,Villa,2,2,1280,7,18,2,1,Semi-Furnished,15513000.0,45800.0
7074,215,Studio,1,1,746,13,10,4,2,Unfurnished,6874000.0,26100.0
7075,400,Row House,2,2,1124,15,11,4,1,Semi-Furnished,9917000.0,34200.0
7076,318,Studio,3,2,1410,25,9,5,2,Fully-Furnished,14043000.0,36500.0
7077,240,Apartment,5,4,1820,25,24,3,0,Semi-Furnished,17967000.0,54400.0
7078,357,Apartment,3,2,1240,3,15,1,2,Unfurnished,12493000.0,42300.0
7079,308,Studio,4,4,1679,23,28,4,0,Semi-Furnished,16872000.0,60100.0
7080,233,Villa,2,2,1033,12,13,3,1,Unfurnished,14555000.0,29600.0
7081,65,Studio,2,2,783,9,11,3,2,Unfurnished,8359000.0,25800.0
7082,448,Apartment,3,3,1034,22,23,5,1,Semi-Furnished,9800000.0,28400.0
7083,71,Studio,3,3,1387,22,7,1,0,Semi-Furnished,13612000.0,28900.0
7084,353,Apartment,2,1,756,22,8,5,0,Unfurnished,10020000.0,20800.0
7085,24,Studio,4,4,1514,2,22,5,0,Semi-Furnished,14510000.0,39000.0
7086,345,Apartment,4,3,1535,16,20,5,0,Unfurnished,12063000.0,34300.0
7087,107,Apartment,1,1,729,12,6,3,2,Unfurnished,10248000.0,30400.0
7088,28,Apartment,2,1,656,5,23,1,1,Fully-Furnished,8210000.0,24200.0
7089,300,Studio,1,1,540,25,11,3,2,Fully-Furnished,8055000.0,16500.0
7090,477,Row House,4,3,1825,16,32,2,1,Fully-Furnished,17838000.0,49700.0
7091,192,Studio,4,3,1789,6,31,1,1,Fully-Furnished,20828000.0,52900.0
7092,13,Apartment,5,5,1706,5,21,5,1,Unfurnished,20563000.0,69100.0
7093,131,Villa,3,2,1133,12,29,3,2,Unfurnished,14085000.0,25500.0
7094,246,Row House,1,1,874,10,32,2,2,Unfurnished,6189000.0,19900.0
7095,200,Studio,2,2,774,1,34,4,2,Fully-Furnished,9686000.0,32900.0
7096,390,Penthouse,2,1,931,28,24,5,1,Semi-Furnished,12107000.0,28400.0
7097,86,Studio,3,2,1531,5,19,2,1,Fully-Furnished,14045000.0,42300.0
7098,476,Penthouse,3,2,1293,19,10,1,0,Fully-Furnished,13836000.0,37100.0
7099,191,Apartment,3,3,1279,5,19,4,1,Unfurnished,14079000.0,18800.0
7100,177,Villa,1,1,942,1,11,1,0,Fully-Furnished,7661000.0,20200.0
7101,129,Apartment,1,1,689,0,31,1,1,Unfurnished,8821000.0,27400.0
7102,197,Studio,1,1,735,16,30,1,1,Unfurnished,7748000.0,9700.0
7103,315,Apartment,3,2,1279,26,7,1,1,Semi-Furnished,16499000.0,38100.0
7104,81,Row House,2,1,1340,5,29,4,1,Semi-Furnished,16168000.0,38400.0
7105,453,Apartment,3,3,1298,9,30,1,1,Unfurnished,11542000.0,34000.0
7106,127,Apartment,2,1,960,16,12,2,1,Fully-Furnished,9411000.0,26700.0
7107,294,Villa,3,3,1188,21,20,2,1,Semi-Furnished,12277000.0,35200.0
7108,455,Villa,4,3,1813,21,22,3,0,Fully-Furnished,21143000.0,68400.0
7109,11,Apartment,5,4,1908,19,23,5,0,Semi-Furnished,18480000.0,41700.0
7110,24,Apartment,3,2,1274,14,20,5,1,Unfurnished,11607000.0,32700.0
7111,355,Apartment,3,3,1358,25,24,2,1,Semi-Furnished,14010000.0,37200.0
7112,70,Studio,5,5,1580,28,34,3,2,Unfurnished,16929000.0,
7113,334,Penthouse,1,1,841,7,17,2,1,Unfurnished,7436000.0,19900.0
7114,12,Apartment,3,3,1559,23,32,5,0,Fully-Furnished,16994000.0,57400.0
7115,15,Row House,2,1,941,18,13,3,1,Unfurnished,9309000.0,28400.0
7116,13,Apartment,2,2,1000,8,26,5,1,Unfurnished,13092000.0,39000.0
7117,174,Apartment,2,1,801,20,24,5,2,Unfurnished,9083000.0,28500.0
7118,273,Apartment,2,1,1248,16,33,2,2,Semi-Furnished,14114000.0,29100.0
7119,406,Villa,4,4,1585,26,13,1,2,Semi-Furnished,14206000.0,41000.0
7120,379,Apartment,2,1,1113,15,14,1,1,Semi-Furnished,13618000.0,37600.0
7121,186,Apartment,2,1,1072,17,27,5,2,Unfurnished,10498000.0,22100.0
7122,404,Studio,3,3,1682,28,12,2,2,Semi-Furnished,18702000.0,83600.0
7123,193,Villa,1,1,763,27,27,4,1,Fully-Furnished,9040000.0,20000.0
7124,320,Apartment,2,2,1210,1,34,3,2,Unfurnished,13874000.0,46800.0
7125,296,Studio,4,3,1480,12,20,3,2,Semi-Furnished,18844000.0,44100.0
7126,54,Apartment,3,3,1159,24,25,1,2,Unfurnished,12662000.0,16900.0
7127,33,Villa,4,4,1697,5,29,0,2,Unfurnished,20127000.0,60300.0
7128,489,Penthouse,2,1,1008,21,21,1,1,Unfurnished,9113000.0,23900.0
7129,193,Apartment,4,3,1596,25,26,4,1,Semi-Furnished,17956000.0,46700.0
7130,115,Apartment,3,2,1341,12,24,0,1,Fully-Furnished,17526000.0,43000.0
7131,448,Row House,3,3,1228,13,11,5,2,Unfurnished,11044000.0,32500.0
7132,229,Apartment,2,2,605,9,25,3,0,Unfurnished,6537000.0,27100.0
7133,274,Studio,3,2,1064,2,5,0,0,Unfurnished,11990000.0,32900.0
7134,135,Apartment,1,1,653,17,34,5,2,Semi-Furnished,6884000.0,22000.0
7135,10,Apartment,2,1,873,16,29,3,1,Semi-Furnished,8222000.0,21200.0
7136,203,Penthouse,4,4,1099,20,22,4,1,Unfurnished,12723000.0,32300.0
7137,374,Penthouse,3,3,1600,21,28,1,1,Unfurnished,16946000.0,47300.0
7138,365,Villa,2,2,846,4,25,1,1,Unfurnished,7945000.0,20200.0
7139,490,Row House,5,4,1741,0,8,5,1,Unfurnished,11988000.0,24500.0
7140,358,Villa,3,2,857,12,30,0,1,Unfurnished,10439000.0,30100.0
7141,70,Apartment,3,2,1167,5,24,3,2,Semi-Furnished,12061000.0,30100.0
7142,158,Studio,2,1,821,7,14,5,2,Unfurnished,7153000.0,21300.0
7143,66,Apartment,1,1,936,10,11,1,1,Semi-Furnished,10202000.0,28000.0
7144,486,Apartment,4,4,1309,17,29,3,1,Semi-Furnished,10849000.0,29500.0
7145,327,Apartment,1,1,532,24,17,5,2,Semi-Furnished,7428000.0,16200.0
7146,73,Row House,2,2,816,2,10,3,1,Unfurnished,9608000.0,22900.0
7147,50,Row House,3,2,1319,12,12,3,1,Unfurnished,14967000.0,37900.0
7148,484,Studio,2,1,1103,6,4,5,1,Unfurnished,12573000.0,31500.0
7149,111,Apartment,3,2,1260,28,10,1,2,Fully-Furnished,13969000.0,33400.0
7150,200,Studio,2,1,1285,1,10,4,1,Unfurnished,13458000.0,42000.0
7151,312,Apartment,3,3,694,24,16,3,1,Semi-Furnished,6663000.0,18900.0
7152,387,Apartment,3,2,948,0,19,0,1,Semi-Furnished,9375000.0,27500.0
7153,279,Studio,2,2,978,0,29,4,1,Semi-Furnished,10779000.0,21200.0
7154,380,Villa,2,1,979,22,18,0,1,Semi-Furnished,11937000.0,23900.0
7155,52,Apartment,2,2,786,21,14,3,1,Unfurnished,7491000.0,18900.0
7156,435,Apartment,2,2,1134,3,22,3,2,Fully-Furnished,11632000.0,41300.0
7157,249,Apartment,1,1,250,28,7,3,2,Unfurnished,2436000.0,7600.0
7158,321,Apartment,5,4,1821,9,15,3,1,Semi-Furnished,19583000.0,51600.0
7159,499,Studio,5,4,2066,9,28,5,1,Fully-Furnished,19981000.0,62800.0
7160,95,Row House,1,1,1370,6,12,4,2,Unfurnished,13569000.0,39800.0
7161,377,Apartment,2,1,921,21,21,1,0,Semi-Furnished,11263000.0,27200.0
7162,70,Apartment,1,1,832,18,8,3,0,Unfurnished,7148000.0,19400.0
7163,446,Villa,4,3,1472,26,9,5,2,Unfurnished,17255000.0,53500.0
7164,321,Apartment,4,3,1717,16,28,3,1,Fully-Furnished,15881000.0,37400.0
7165,378,Apartment,2,2,985,14,8,3,1,Unfurnished,9941000.0,23900.0
7166,337,Apartment,3,2,1575,1,16,3,2,Semi-Furnished,14918000.0,36100.0
7167,138,Penthouse,3,2,686,26,19,3,2,Unfurnished,8129000.0,22900.0
7168,395,Apartment,4,3,1448,7,15,0,1,Unfurnished,16225000.0,39100.0
7169,484,Apartment,1,1,816,12,8,5,1,Semi-Furnished,9854000.0,29300.0
7170,79,Row House,4,3,1560,11,26,3,1,Semi-Furnished,12234000.0,40300.0
7171,38,Row House,3,3,1636,13,32,2,1,Fully-Furnished,20667000.0,62300.0
7172,158,Apartment,4,4,1624,9,34,5,1,Fully-Furnished,15319000.0,49000.0
7173,186,Penthouse,3,2,1118,1,14,5,2,Fully-Furnished,30042500.0,30000.0
7174,123,Apartment,2,2,1000,16,9,1,1,Semi-Furnished,10655000.0,30200.0
7175,204,Apartment,2,1,1139,23,25,3,1,Unfurnished,11115000.0,29000.0
7176,95,Apartment,1,1,439,18,16,4,1,Fully-Furnished,3713000.0,10300.0
7177,189,Studio,2,1,1229,8,24,1,1,Semi-Furnished,14119000.0,42000.0
7178,463,Row House,1,1,1051,12,14,1,2,Semi-Furnished,11675000.0,43000.0
7179,232,Apartment,4,3,1399,4,11,5,1,Fully-Furnished,13092000.0,31100.0
7180,339,Villa,3,2,1418,21,12,3,0,Unfurnished,14210000.0,43500.0
7181,338,Apartment,5,5,1954,5,33,1,2,Fully-Furnished,19473000.0,43500.0
7182,496,Villa,3,2,1157,18,4,4,2,Unfurnished,12943000.0,42700.0
7183,17,Row House,1,1,980,1,5,2,1,Fully-Furnished,10203000.0,25800.0
7184,333,Penthouse,2,2,996,5,10,1,1,Unfurnished,10387000.0,26400.0
7185,188,Apartment,2,2,703,1,32,2,1,Unfurnished,7656000.0,23900.0
7186,158,Apartment,2,2,1048,0,33,5,1,Unfurnished,13436000.0,33100.0
7187,181,Apartment,2,2,1136,9,5,5,0,Fully-Furnished,8883000.0,24400.0
7188,43,Row House,2,1,1291,6,30,1,1,Unfurnished,15721000.0,41600.0
7189,147,Apartment,2,2,733,24,24,5,2,Semi-Furnished,5653000.0,15000.0
7190,443,Apartment,4,3,1366,10,12,1,2,Semi-Furnished,13476000.0,30500.0
7191,70,Apartment,2,2,851,25,14,3,2,Unfurnished,7912000.0,20800.0
7192,366,Studio,4,3,1375,25,22,1,2,Unfurnished,14436000.0,47600.0
7193,97,Penthouse,1,1,378,1,18,3,1,Unfurnished,3520000.0,9600.0
7194,336,Apartment,3,2,1517,13,34,0,1,Unfurnished,19637000.0,44700.0
7195,482,Row House,1,1,769,8,27,2,1,Semi-Furnished,9599000.0,28500.0
7196,301,Apartment,2,1,1014,19,22,0,1,Unfurnished,12209000.0,37500.0
7197,250,Apartment,2,1,954,15,10,4,2,Unfurnished,10666000.0,33000.0
7198,50,Studio,2,1,1008,0,30,3,2,Unfurnished,10864000.0,27100.0
7199,354,Penthouse,3,2,1360,4,5,0,2,Fully-Furnished,18828000.0,40200.0
7200,321,Apartment,2,1,861,25,23,3,1,Semi-Furnished,8276000.0,26600.0
7201,459,Apartment,2,1,1077,9,7,2,1,Fully-Furnished,11204000.0,29000.0
7202,358,Villa,1,1,950,29,9,0,1,Fully-Furnished,11227000.0,28000.0
7203,24,Apartment,3,2,1574,9,22,5,1,Unfurnished,12459000.0,37900.0
7204,295,Penthouse,1,1,819,15,13,5,1,Semi-Furnished,7740000.0,22100.0
7205,136,Apartment,2,1,1007,15,11,3,2,Unfurnished,10367000.0,23800.0
7206,323,Apartment,4,3,1678,2,18,1,1,Semi-Furnished,18929000.0,51300.0
7207,217,Apartment,3,3,1307,13,22,4,2,Unfurnished,14130000.0,38900.0
7208,155,Apartment,2,1,1150,12,27,4,1,Unfurnished,11842000.0,28600.0
7209,28,Apartment,3,2,983,6,27,1,0,Unfurnished,12217000.0,22100.0
7210,240,Apartment,4,3,1597,14,4,3,1,Unfurnished,20901000.0,51900.0
7211,413,Apartment,4,4,1682,10,25,3,1,Semi-Furnished,19317000.0,54900.0
7212,93,Apartment,2,1,790,18,18,2,1,Unfurnished,10602000.0,38000.0
7213,210,Apartment,2,1,930,24,33,3,1,Unfurnished,9970000.0,29400.0
7214,99,Apartment,3,3,1185,2,20,3,1,Unfurnished,10171000.0,23600.0
7215,60,Studio,4,4,1142,12,14,1,1,Semi-Furnished,12261000.0,28800.0
7216,234,Apartment,2,1,950,4,13,2,1,Semi-Furnished,8600000.0,22500.0
7217,386,Studio,5,4,2059,27,7,1,1,Semi-Furnished,22975000.0,65100.0
7218,264,Apartment,3,3,1861,29,26,5,1,Fully-Furnished,24386000.0,53300.0
7219,307,Row House,4,3,1820,25,10,4,0,Unfurnished,20442000.0,53200.0
7220,496,Row House,2,1,1457,2,28,4,2,Unfurnished,16967000.0,39400.0
7221,226,Apartment,2,1,1034,7,14,2,1,Unfurnished,13672000.0,29300.0
7222,312,Apartment,2,2,1100,20,7,3,1,Unfurnished,11405000.0,31100.0
7223,239,Apartment,3,2,776,0,12,1,1,Unfurnished,7730000.0,21600.0
7224,404,Apartment,3,2,1189,27,18,2,2,Fully-Furnished,13524000.0,31100.0
7225,319,Apartment,4,4,1740,16,31,2,2,Semi-Furnished,15506000.0,35300.0
7226,300,Studio,4,3,1432,0,25,3,1,Unfurnished,18145000.0,58100.0
7227,397,Apartment,3,3,1457,16,22,1,0,Unfurnished,18313000.0,45800.0
7228,52,Villa,3,3,1433,8,12,3,2,Unfurnished,17260000.0,44300.0
7229,477,Apartment,2,1,1507,3,23,2,2,Fully-Furnished,20220000.0,78800.0
7230,137,Apartment,1,1,728,5,34,1,0,Fully-Furnished,8943000.0,23300.0
7231,1,Row House,3,3,1470,5,18,1,1,Semi-Furnished,12785000.0,36400.0
7232,212,Apartment,4,4,1369,26,34,4,0,Fully-Furnished,12525000.0,27800.0
7233,342,Penthouse,4,4,1196,27,20,4,1,Semi-Furnished,12661000.0,36700.0
7234,352,Apartment,2,1,1294,11,10,1,1,Semi-Furnished,15521000.0,24800.0
7235,252,Apartment,2,1,1053,10,9,2,1,Fully-Furnished,10709000.0,35800.0
7236,120,Apartment,2,2,1338,13,14,3,1,Semi-Furnished,16801000.0,39300.0
7237,76,Apartment,1,1,487,15,31,5,2,Unfurnished,5579000.0,14000.0
7238,434,Row House,1,1,706,3,14,5,1,Fully-Furnished,6926000.0,18300.0
7239,235,Apartment,2,1,858,19,16,5,2,Semi-Furnished,7683000.0,22900.0
7240,498,Studio,2,2,1146,8,11,3,1,Fully-Furnished,12746000.0,41000.0
7241,239,Studio,1,1,344,5,8,1,1,Unfurnished,3388000.0,8800.0
7242,271,Villa,3,2,1361,28,7,0,1,Semi-Furnished,12951000.0,30300.0
7243,479,Apartment,1,1,1042,18,15,2,1,Semi-Furnished,10646000.0,32400.0
7244,46,Studio,2,1,1411,25,9,5,1,Semi-Furnished,15413000.0,25800.0
7245,488,Apartment,2,1,1043,8,22,1,2,Unfurnished,11842000.0,
7246,68,Villa,2,2,1306,13,24,4,1,Semi-Furnished,12535000.0,46300.0
7247,245,Penthouse,2,1,1385,23,11,2,1,Unfurnished,12976000.0,32100.0
7248,406,Apartment,2,2,817,11,8,1,2,Fully-Furnished,8436000.0,21100.0
7249,51,Apartment,2,1,1116,6,18,2,0,Fully-Furnished,13582000.0,33500.0
7250,52,Apartment,3,3,1703,13,6,3,0,Fully-Furnished,23554000.0,51500.0
7251,86,Studio,1,1,736,12,21,2,1,Semi-Furnished,7732000.0,17800.0
7252,169,Villa,2,1,991,17,16,1,1,Unfurnished,9435000.0,29600.0
7253,397,Apartment,5,5,2212,26,34,1,2,Semi-Furnished,25180000.0,59400.0
7254,108,Apartment,5,5,2136,28,16,2,2,Unfurnished,23671000.0,64400.0
7255,284,Villa,1,1,927,18,16,1,0,Unfurnished,11597000.0,39600.0
7256,133,Apartment,4,3,1550,7,23,3,0,Unfurnished,14171000.0,48000.0
7257,210,Studio,2,1,1197,16,14,3,2,Unfurnished,13892000.0,35000.0
7258,275,Apartment,4,4,1494,29,19,4,1,Semi-Furnished,17288000.0,57000.0
7259,409,Apartment,3,3,1265,4,12,5,2,Unfurnished,14215000.0,42300.0
7260,286,Studio,3,3,1070,28,6,3,1,Semi-Furnished,11726000.0,
7261,252,Apartment,4,4,1768,22,26,2,1,Unfurnished,18156000.0,47900.0
7262,204,Apartment,4,3,1455,1,14,3,1,Semi-Furnished,14880000.0,33600.0
7263,427,Penthouse,2,1,1534,5,34,0,2,Fully-Furnished,18943000.0,52800.0
7264,482,Apartment,4,4,1689,27,4,2,1,Semi-Furnished,22060000.0,61600.0
7265,96,Villa,1,1,917,8,18,3,1,Semi-Furnished,10821000.0,33000.0
7266,32,Apartment,4,4,1594,19,32,5,2,Unfurnished,13940000.0,55100.0
7267,459,Villa,2,1,1194,2,13,2,1,Semi-Furnished,15148000.0,44300.0
7268,65,Apartment,2,1,1084,4,22,3,1,Semi-Furnished,9729000.0,20900.0
7269,125,Row House,3,3,1348,15,21,3,1,Semi-Furnished,13770000.0,47100.0
7270,314,Apartment,3,3,1437,28,18,3,1,Semi-Furnished,14396000.0,38600.0
7271,444,Penthouse,3,2,1202,23,17,2,1,Fully-Furnished,12763000.0,31700.0
7272,458,Row House,3,3,1042,12,23,4,1,Unfurnished,11622000.0,26300.0
7273,455,Apartment,2,1,1175,23,25,3,2,Semi-Furnished,12550000.0,26000.0
7274,246,Apartment,3,3,1506,20,32,2,1,Unfurnished,11066000.0,35000.0
7275,2,Apartment,2,1,878,25,12,3,0,Semi-Furnished,10165000.0,30800.0
7276,68,Villa,1,1,953,17,5,4,1,Semi-Furnished,12688000.0,38100.0
7277,393,Apartment,2,2,941,12,11,5,2,Fully-Furnished,8248000.0,20600.0
7278,13,Apartment,2,2,1209,0,18,5,0,Fully-Furnished,17667000.0,54800.0
7279,27,Row House,1,1,867,2,31,0,1,Unfurnished,10151000.0,30700.0
7280,7,Studio,4,4,1953,7,33,2,1,Fully-Furnished,18628000.0,41200.0
7281,77,Apartment,2,1,985,8,33,5,1,Fully-Furnished,11170000.0,31800.0
7282,497,Apartment,3,2,1284,10,34,4,2,Unfurnished,13987000.0,33900.0
7283,157,Apartment,1,1,1157,3,21,3,2,Unfurnished,10095000.0,32800.0
7284,424,Studio,4,4,1620,25,9,4,2,Unfurnished,13855000.0,47000.0
7285,7,Apartment,2,1,1119,4,25,2,1,Unfurnished,9331000.0,23700.0
7286,481,Penthouse,2,1,1144,16,7,5,1,Unfurnished,12182000.0,24100.0
7287,220,Apartment,2,1,1177,25,19,1,1,Fully-Furnished,11491000.0,28800.0
7288,197,Apartment,5,5,1894,8,8,1,1,Semi-Furnished,18638000.0,49900.0
7289,393,Studio,2,2,1138,0,34,5,1,Fully-Furnished,10161000.0,23400.0
7290,214,Villa,3,2,1248,24,21,4,2,Fully-Furnished,12007000.0,43600.0
7291,142,Apartment,2,1,898,1,22,3,2,Semi-Furnished,11182000.0,27700.0
7292,47,Apartment,3,3,1309,19,28,2,1,Unfurnished,15185000.0,46600.0
7293,336,Apartment,3,3,1328,9,6,0,2,Unfurnished,15333000.0,43900.0
7294,352,Apartment,2,1,674,25,18,1,1,Unfurnished,6754000.0,14200.0
7295,209,Apartment,2,2,1147,4,30,4,2,Semi-Furnished,9903000.0,35400.0
7296,23,Studio,1,1,793,24,23,3,1,Unfurnished,10524000.0,28400.0
7297,285,Villa,3,3,1181,2,8,2,0,Unfurnished,11427000.0,27200.0
7298,259,Row House,2,1,1008,27,5,2,1,Unfurnished,8944000.0,25000.0
7299,1,Apartment,4,3,1495,17,12,1,1,Unfurnished,12726000.0,27300.0
7300,458,Apartment,4,3,1396,2,33,4,1,Unfurnished,17447000.0,42100.0
7301,294,Apartment,3,2,1366,5,20,2,2,Unfurnished,15534000.0,46200.0
7302,137,Villa,2,2,1152,21,27,1,0,Unfurnished,12289000.0,23700.0
7303,390,Apartment,3,2,1609,20,32,5,2,Unfurnished,18466000.0,27100.0
7304,274,Apartment,3,2,1087,16,33,0,1,Semi-Furnished,9221000.0,18900.0
7305,379,Studio,3,2,1416,23,4,1,1,Semi-Furnished,14383000.0,43300.0
7306,134,Apartment,5,4,1697,16,21,3,0,Unfurnished,18328000.0,50000.0
7307,415,Apartment,1,1,689,25,18,4,1,Unfurnished,7186000.0,20100.0
7308,277,Apartment,2,2,1082,26,6,1,2,Semi-Furnished,9832000.0,33900.0
7309,370,Apartment,2,1,1003,23,19,2,2,Unfurnished,11562000.0,24700.0
7310,144,Apartment,3,2,1293,6,23,3,1,Unfurnished,13971000.0,41500.0
7311,5,Apartment,3,2,1296,9,5,5,1,Fully-Furnished,16353000.0,55100.0
7312,81,Studio,3,3,885,6,15,4,2,Semi-Furnished,9199000.0,18400.0
7313,177,Apartment,1,1,586,11,31,1,2,Semi-Furnished,4560000.0,14500.0
7314,353,Apartment,4,4,1734,1,14,5,1,Fully-Furnished,22864000.0,67900.0
7315,412,Apartment,2,2,1207,18,8,5,1,Semi-Furnished,9555000.0,26900.0
7316,489,Apartment,3,3,1628,28,24,1,0,Semi-Furnished,13681000.0,34500.0
7317,20,Apartment,4,3,1635,0,20,4,1,Unfurnished,18773000.0,65000.0
7318,95,Apartment,2,2,994,8,19,4,2,Unfurnished,9996000.0,41000.0
7319,107,Apartment,4,4,1203,29,33,3,1,Fully-Furnished,11618000.0,36100.0
7320,222,Villa,2,1,1180,8,6,4,1,Unfurnished,13010000.0,34900.0
7321,188,Row House,2,1,839,1,30,2,1,Unfurnished,7046000.0,15300.0
7322,81,Studio,3,2,1376,11,30,4,2,Unfurnished,14788000.0,51900.0
7323,100,Apartment,3,3,1553,13,29,2,2,Semi-Furnished,14753000.0,29700.0
7324,228,Apartment,2,2,1121,24,28,2,0,Unfurnished,18796000.0,61500.0
7325,22,Apartment,3,2,1581,5,21,5,2,Unfurnished,19544000.0,40200.0
7326,10,Penthouse,4,3,1476,9,24,3,1,Fully-Furnished,10015000.0,30000.0
7327,225,Studio,1,1,907,12,28,2,1,Fully-Furnished,8528000.0,27000.0
7328,51,Studio,3,3,1531,21,28,2,1,Fully-Furnished,16970000.0,48500.0
7329,230,Apartment,4,3,1613,21,12,4,1,Semi-Furnished,18959000.0,57700.0
7330,253,Studio,2,1,906,6,32,5,2,Unfurnished,10194000.0,19500.0
7331,433,Studio,3,2,1322,11,26,5,1,Semi-Furnished,14679000.0,37800.0
7332,30,Apartment,2,2,895,7,26,1,0,Unfurnished,8317000.0,25800.0
7333,86,Studio,4,4,1229,19,13,2,1,Unfurnished,11664000.0,30000.0
7334,385,Apartment,4,4,1614,9,18,1,1,Unfurnished,16942000.0,53300.0
7335,322,Apartment,1,1,700,25,12,5,1,Semi-Furnished,5889000.0,18900.0
7336,253,Apartment,2,1,1061,23,15,5,0,Semi-Furnished,12779000.0,33400.0
7337,136,Studio,2,1,975,23,19,3,1,Semi-Furnished,9554000.0,27700.0
7338,227,Villa,3,3,1038,24,9,5,1,Fully-Furnished,9559000.0,21900.0
7339,328,Apartment,3,3,1989,15,34,4,1,Unfurnished,23681000.0,54100.0
7340,455,Apartment,2,1,999,20,31,3,1,Unfurnished,12409000.0,47200.0
7341,404,Villa,3,2,874,27,13,2,1,Semi-Furnished,11616000.0,39700.0
7342,26,Apartment,1,1,983,21,6,3,2,Fully-Furnished,9013000.0,26000.0
7343,437,Apartment,4,4,1292,19,10,3,1,Semi-Furnished,17067000.0,38200.0
7344,105,Row House,4,4,1419,29,9,5,2,Unfurnished,13294000.0,30200.0
7345,428,Apartment,3,3,1216,26,32,4,1,Semi-Furnished,17118000.0,54400.0
7346,349,Apartment,1,1,720,3,16,4,2,Unfurnished,6082000.0,17100.0
7347,44,Penthouse,2,1,903,10,29,5,1,Fully-Furnished,8707000.0,21300.0
7348,64,Row House,3,3,1370,24,26,4,1,Semi-Furnished,10268000.0,29800.0
7349,146,Row House,2,1,958,17,19,0,1,Unfurnished,9664000.0,25700.0
7350,115,Apartment,3,2,1162,7,31,0,2,Semi-Furnished,17782000.0,42200.0
7351,203,Studio,3,3,1422,22,11,4,2,Unfurnished,16832000.0,44000.0
7352,314,Apartment,2,1,1072,26,19,3,1,Semi-Furnished,10967000.0,22000.0
7353,104,Apartment,3,3,1205,15,10,1,2,Unfurnished,16598000.0,44800.0
7354,10,Apartment,2,2,717,28,29,3,1,Fully-Furnished,6594000.0,21200.0
7355,262,Apartment,4,4,1699,5,12,0,1,Semi-Furnished,18837000.0,49500.0
7356,249,Apartment,1,1,540,25,18,3,0,Fully-Furnished,6648000.0,18500.0
7357,157,Apartment,3,3,1319,1,22,3,1,Semi-Furnished,9367000.0,13600.0
7358,71,Apartment,4,4,1890,9,31,1,1,Unfurnished,22274000.0,48200.0
7359,351,Apartment,4,4,1437,16,16,1,1,Semi-Furnished,19158000.0,49700.0
7360,456,Penthouse,2,2,1509,29,31,3,1,Semi-Furnished,15782000.0,30500.0
7361,445,Row House,2,2,1067,24,8,2,0,Unfurnished,15590000.0,36500.0
7362,121,Apartment,3,3,1154,12,25,1,1,Fully-Furnished,11914000.0,37800.0
7363,423,Apartment,3,3,1068,13,5,2,2,Fully-Furnished,11156000.0,22700.0
7364,190,Apartment,3,3,1490,27,10,3,2,Semi-Furnished,14221000.0,36300.0
7365,285,Apartment,2,2,1082,13,29,2,0,Semi-Furnished,11652000.0,37400.0
7366,489,Apartment,2,1,1225,14,16,1,2,Unfurnished,12142000.0,31800.0
7367,212,Apartment,3,2,1384,17,16,4,1,Unfurnished,7929000.0,25300.0
7368,72,Studio,5,4,1896,12,10,4,0,Semi-Furnished,17140000.0,65200.0
7369,288,Studio,3,2,1504,0,18,2,0,Semi-Furnished,16885000.0,37700.0
7370,103,Villa,3,2,1293,1,24,2,2,Fully-Furnished,10579000.0,26700.0
7371,130,Apartment,1,1,1170,18,19,5,1,Semi-Furnished,11181000.0,30200.0
7372,148,Villa,2,2,896,17,6,2,2,Fully-Furnished,9875000.0,33900.0
7373,391,Apartment,1,1,773,6,23,2,1,Unfurnished,8660000.0,22200.0
7374,238,Apartment,2,2,1085,2,31,2,1,Semi-Furnished,12671000.0,44500.0
7375,456,Apartment,3,3,1298,1,18,3,2,Unfurnished,13476000.0,39800.0
7376,348,Studio,2,1,1166,28,19,3,1,Unfurnished,14029000.0,46400.0
7377,8,Apartment,1,1,972,23,8,1,0,Unfurnished,11626000.0,31900.0
7378,97,Penthouse,4,3,1290,28,23,3,1,Semi-Furnished,36962500.0,56100.0
7379,294,Villa,2,1,845,9,17,2,2,Semi-Furnished,8104000.0,21300.0
7380,203,Studio,2,1,874,9,10,4,0,Unfurnished,11064000.0,30600.0
7381,25,Apartment,2,2,1030,5,8,5,1,Fully-Furnished,10605000.0,22900.0
7382,10,Villa,2,2,1011,22,7,3,2,Semi-Furnished,8297000.0,19300.0
7383,11,Apartment,4,3,1415,0,14,5,1,Fully-Furnished,13809000.0,33100.0
7384,112,Studio,1,1,811,16,25,1,0,Unfurnished,8964000.0,25500.0
7385,227,Apartment,4,3,1464,17,4,5,2,Unfurnished,15260000.0,44400.0
7386,78,Penthouse,2,2,943,21,18,4,1,Fully-Furnished,11292000.0,38700.0
7387,8,Apartment,2,2,953,9,9,1,1,Fully-Furnished,9045000.0,29000.0
7388,37,Studio,3,3,1526,5,34,4,1,Unfurnished,13037000.0,32800.0
7389,252,Apartment,4,3,1606,25,22,2,1,Semi-Furnished,13635000.0,36700.0
7390,279,Penthouse,1,1,520,9,23,4,1,Unfurnished,6583000.0,21100.0
7391,420,Row House,2,1,836,25,28,4,1,Semi-Furnished,8788000.0,30900.0
7392,248,Penthouse,3,3,1254,21,11,5,2,Semi-Furnished,13772000.0,42500.0
7393,306,Penthouse,2,1,716,29,22,1,0,Fully-Furnished,6688000.0,19100.0
7394,386,Apartment,2,1,708,12,23,1,1,Semi-Furnished,7797000.0,21100.0
7395,228,Penthouse,4,3,1528,13,33,2,2,Unfurnished,20926000.0,67200.0
7396,241,Penthouse,3,2,1139,21,8,4,1,Unfurnished,10009000.0,22800.0
7397,368,Apartment,1,1,603,29,15,4,2,Fully-Furnished,13245000.0,20500.0
7398,453,Villa,2,2,857,9,26,1,1,Semi-Furnished,9196000.0,26600.0
7399,254,Apartment,1,1,1064,29,10,0,1,Semi-Furnished,13009000.0,26100.0
7400,23,Villa,4,4,1510,16,31,3,1,Unfurnished,16343000.0,37900.0
7401,9,Apartment,1,1,572,3,4,5,2,Semi-Furnished,6240000.0,21800.0
7402,39,Apartment,3,2,1263,16,15,2,1,Unfurnished,16363000.0,48000.0
7403,448,Studio,4,3,1805,19,9,5,0,Unfurnished,19142000.0,46500.0
7404,62,Apartment,2,1,1069,16,28,1,2,Fully-Furnished,8941000.0,25900.0
7405,154,Villa,2,1,799,14,33,1,2,Semi-Furnished,8132000.0,22100.0
7406,278,Apartment,2,2,1042,28,21,3,1,Semi-Furnished,10181000.0,33500.0
7407,358,Villa,1,1,459,15,11,0,2,Unfurnished,4685000.0,12300.0
7408,227,Row House,3,3,1504,25,34,5,1,Semi-Furnished,13635000.0,44700.0
7409,4,Apartment,1,1,627,13,25,4,1,Unfurnished,7479000.0,17600.0
7410,22,Row House,1,1,690,12,18,5,1,Semi-Furnished,6436000.0,21500.0
7411,446,Apartment,1,1,592,4,15,5,1,Semi-Furnished,7734000.0,25700.0
7412,110,Apartment,1,1,609,29,26,5,2,Semi-Furnished,6504000.0,13900.0
7413,346,Studio,3,2,1430,0,18,2,0,Unfurnished,16956000.0,45200.0
7414,234,Studio,4,4,1774,7,26,2,1,Unfurnished,11709000.0,32100.0
7415,478,Studio,3,2,1198,10,5,5,1,Unfurnished,15227000.0,28700.0
7416,51,Villa,3,3,1466,18,9,2,2,Semi-Furnished,15325000.0,33500.0
7417,334,Apartment,2,2,767,8,17,2,1,Unfurnished,7459000.0,15200.0
7418,67,Apartment,4,3,1446,3,11,4,1,Fully-Furnished,12292000.0,40100.0
7419,207,Studio,3,3,1384,7,32,5,1,Fully-Furnished,16224000.0,55800.0
7420,496,Apartment,3,2,1432,28,15,4,2,Unfurnished,12206000.0,35700.0
7421,198,Studio,3,3,1363,3,15,3,1,Fully-Furnished,12553000.0,34800.0
7422,269,Row House,2,1,850,28,21,2,2,Unfurnished,8765000.0,13400.0
7423,78,Villa,3,3,1326,1,16,4,1,Semi-Furnished,11488000.0,33100.0
7424,212,Row House,3,2,1029,23,6,4,1,Semi-Furnished,8347000.0,26700.0
7425,333,Studio,2,2,686,1,14,1,1,Unfurnished,6021000.0,21700.0
7426,33,Apartment,4,3,1760,25,24,0,1,Unfurnished,16822000.0,42400.0
7427,153,Apartment,3,2,1306,16,7,3,1,Unfurnished,13982000.0,43700.0
7428,482,Apartment,3,2,922,15,16,2,1,Fully-Furnished,10919000.0,29700.0
7429,448,Apartment,5,5,2099,11,20,5,0,Unfurnished,20357000.0,55000.0
7430,427,Villa,4,3,1798,13,16,0,1,Unfurnished,18190000.0,53100.0
7431,290,Apartment,3,3,958,24,32,0,2,Semi-Furnished,11938000.0,31200.0
7432,12,Studio,4,3,1819,5,8,5,1,Unfurnished,17883000.0,43600.0
7433,439,Apartment,1,1,407,15,11,0,2,Semi-Furnished,4760000.0,12800.0
7434,111,Penthouse,1,1,820,4,6,1,0,Semi-Furnished,7045000.0,18200.0
7435,22,Apartment,3,2,1042,20,33,5,0,Semi-Furnished,11446000.0,21300.0
7436,185,Apartment,2,2,1096,19,17,2,2,Unfurnished,11968000.0,30400.0
7437,227,Row House,2,2,1010,26,11,5,2,Unfurnished,10938000.0,24400.0
7438,345,Apartment,1,1,678,5,25,5,0,Unfurnished,6694000.0,17800.0
7439,336,Villa,2,2,1091,17,17,0,1,Unfurnished,12818000.0,45200.0
7440,344,Villa,2,2,962,22,23,3,0,Semi-Furnished,9963000.0,20300.0
7441,3,Apartment,5,5,1786,6,27,4,1,Unfurnished,19757000.0,53000.0
7442,12,Apartment,3,3,1437,24,24,5,1,Unfurnished,18265000.0,59100.0
7443,72,Apartment,4,4,1820,5,25,4,1,Semi-Furnished,16034000.0,59100.0
7444,179,Apartment,3,2,1175,20,34,2,1,Unfurnished,13506000.0,35800.0
7445,422,Studio,2,1,996,16,11,5,1,Unfurnished,13383000.0,36200.0
7446,35,Row House,1,1,638,29,21,4,1,Unfurnished,7459000.0,24600.0
7447,168,Apartment,2,1,770,6,34,2,2,Semi-Furnished,8305000.0,25900.0
7448,272,Apartment,3,2,1195,19,24,0,1,Semi-Furnished,12012000.0,36100.0
7449,114,Apartment,3,3,1135,16,32,3,2,Unfurnished,17276000.0,50600.0
7450,294,Penthouse,2,1,1192,29,31,2,2,Unfurnished,13008000.0,36400.0
7451,327,Apartment,3,3,1329,9,7,5,1,Unfurnished,17224000.0,43500.0
7452,362,Apartment,3,3,1207,13,11,5,1,Unfurnished,14061000.0,40200.0
7453,394,Penthouse,2,1,811,28,4,3,0,Semi-Furnished,7801000.0,17400.0
7454,418,Villa,3,2,1026,26,13,2,2,Unfurnished,11765000.0,30600.0
7455,164,Apartment,2,2,854,13,33,5,1,Semi-Furnished,9460000.0,22300.0
7456,201,Apartment,3,3,1275,17,27,2,2,Semi-Furnished,17550000.0,52900.0
7457,265,Apartment,3,2,1059,16,10,1,1,Unfurnished,11688000.0,37800.0
7458,315,Villa,1,1,969,15,25,1,2,Semi-Furnished,12127000.0,30200.0
7459,200,Apartment,2,1,692,23,9,4,1,Semi-Furnished,8678000.0,14100.0
7460,351,Apartment,1,1,521,3,25,1,1,Unfurnished,5625000.0,17900.0
7461,161,Apartment,5,5,1787,0,10,1,1,Fully-Furnished,20487000.0,46700.0
7462,489,Villa,3,3,1415,9,18,1,2,Fully-Furnished,13742000.0,51600.0
7463,245,Villa,1,1,837,1,10,2,1,Semi-Furnished,8568000.0,18800.0
7464,295,Apartment,2,1,784,12,4,5,1,Semi-Furnished,8012000.0,22000.0
7465,328,Apartment,1,1,626,4,19,4,0,Unfurnished,5871000.0,17500.0
7466,399,Apartment,2,1,875,7,21,5,2,Semi-Furnished,10521000.0,36100.0
7467,91,Apartment,3,2,1238,28,14,3,1,Semi-Furnished,15680000.0,53400.0
7468,62,Row House,3,3,1292,14,32,1,1,Fully-Furnished,16974000.0,50000.0
7469,361,Apartment,4,4,1471,15,5,0,1,Semi-Furnished,14468000.0,52900.0
7470,321,Apartment,3,3,1508,6,29,3,1,Unfurnished,14596000.0,38300.0
7471,485,Villa,2,1,778,4,5,4,1,Unfurnished,7183000.0,17000.0
7472,209,Row House,2,2,974,27,8,4,1,Semi-Furnished,10339000.0,28100.0
7473,69,Villa,3,2,1399,15,30,4,2,Unfurnished,14511000.0,48400.0
7474,41,Villa,2,1,1251,15,26,1,2,Unfurnished,12024000.0,21400.0
7475,455,Apartment,2,2,1282,11,6,3,1,Semi-Furnished,17313000.0,63600.0
7476,142,Apartment,2,1,773,29,5,3,1,Unfurnished,7857000.0,26400.0
7477,480,Apartment,3,2,1489,6,17,0,0,Fully-Furnished,17411000.0,73300.0
7478,276,Row House,2,2,1191,21,20,4,1,Unfurnished,13102000.0,32300.0
7479,126,Apartment,2,2,903,19,18,4,0,Fully-Furnished,9887000.0,27400.0
7480,429,Apartment,3,3,1055,29,7,5,2,Semi-Furnished,10139000.0,34200.0
7481,175,Apartment,1,1,898,5,15,5,1,Semi-Furnished,9497000.0,23800.0
7482,449,Apartment,3,3,1624,27,33,2,1,Fully-Furnished,16129000.0,40200.0
7483,51,Studio,2,2,927,27,10,2,1,Unfurnished,10409000.0,37700.0
7484,194,Apartment,2,2,907,4,33,4,1,Semi-Furnished,12060000.0,31900.0
7485,111,Row House,2,2,935,10,25,1,1,Fully-Furnished,10393000.0,23100.0
7486,25,Apartment,2,1,917,6,23,5,1,Unfurnished,10494000.0,33600.0
7487,192,Villa,2,1,709,14,30,1,2,Semi-Furnished,9464000.0,30400.0
7488,480,Apartment,1,1,480,10,13,0,0,Semi-Furnished,4438000.0,12800.0
7489,245,Apartment,2,1,631,25,20,2,0,Fully-Furnished,6829000.0,19900.0
7490,7,Apartment,1,1,855,15,26,2,1,Unfurnished,7745000.0,16900.0
7491,427,Apartment,2,2,777,27,24,0,2,Semi-Furnished,8053000.0,15100.0
7492,417,Penthouse,1,1,811,16,18,5,1,Unfurnished,9693000.0,21000.0
7493,371,Apartment,3,2,1293,13,13,4,1,Unfurnished,14317000.0,46000.0
7494,484,Apartment,4,3,1423,27,19,5,1,Unfurnished,14878000.0,44700.0
7495,341,Apartment,1,1,545,21,29,4,1,Fully-Furnished,6812000.0,18300.0
7496,451,Row House,3,3,1325,2,30,4,1,Semi-Furnished,14518000.0,36800.0
7497,422,Apartment,5,4,2061,13,4,5,2,Unfurnished,25763000.0,61400.0
7498,181,Penthouse,4,4,1644,22,13,5,0,Semi-Furnished,12629000.0,32400.0
7499,301,Row House,2,2,837,17,9,0,1,Unfurnished,10167000.0,35500.0
7500,44,Apartment,3,2,1415,17,24,5,2,Semi-Furnished,14074000.0,47200.0
7501,302,Row House,3,3,1105,25,22,3,1,Fully-Furnished,9599000.0,15100.0
7502,203,Apartment,2,1,872,14,13,4,1,Semi-Furnished,8649000.0,30400.0
7503,38,Apartment,2,1,1334,16,16,2,2,Fully-Furnished,13255000.0,31800.0
7504,400,Apartment,1,1,695,23,30,4,0,Fully-Furnished,5693000.0,14300.0
7505,137,Apartment,2,2,1217,10,31,1,0,Semi-Furnished,15294000.0,48400.0
7506,131,Apartment,4,3,1544,19,8,3,1,Unfurnished,15303000.0,39200.0
7507,450,Apartment,1,1,801,7,21,3,2,Semi-Furnished,12118000.0,34800.0
7508,233,Apartment,4,4,1390,21,6,3,1,Fully-Furnished,16623000.0,43400.0
7509,198,Apartment,2,1,1182,1,6,3,2,Unfurnished,11043000.0,34000.0
7510,50,Penthouse,2,2,1000,22,10,3,1,Unfurnished,7141000.0,21400.0
7511,145,Apartment,1,1,851,10,28,2,2,Unfurnished,9208000.0,22700.0
7512,327,Row House,2,2,921,17,8,5,2,Unfurnished,10433000.0,27300.0
7513,331,Penthouse,4,4,1399,16,14,3,1,Fully-Furnished,16936000.0,58200.0
7514,13,Studio,3,3,986,29,12,5,2,Fully-Furnished,10326000.0,23500.0
7515,393,Row House,4,3,1331,18,28,5,2,Unfurnished,13107000.0,44000.0
7516,7,Apartment,3,2,1099,24,27,2,1,Unfurnished,11246000.0,29900.0
7517,180,Apartment,1,1,601,26,23,3,2,Semi-Furnished,8208000.0,23700.0
7518,344,Apartment,2,1,1212,19,13,3,2,Unfurnished,12859000.0,27700.0
7519,143,Apartment,3,3,1478,3,25,3,1,Fully-Furnished,16034000.0,42200.0
7520,300,Studio,3,3,1324,18,33,3,1,Unfurnished,13925000.0,44700.0
7521,289,Apartment,2,2,627,14,30,4,2,Unfurnished,8655000.0,25000.0
7522,259,Apartment,2,1,1030,20,25,2,2,Fully-Furnished,8868000.0,25600.0
7523,417,Apartment,2,2,1335,1,6,5,2,Unfurnished,13357000.0,38300.0
7524,308,Apartment,2,2,916,1,12,4,0,Semi-Furnished,6786000.0,23000.0
7525,92,Apartment,5,4,2223,29,13,2,1,Semi-Furnished,20653000.0,70900.0
7526,193,Row House,3,3,1155,13,9,4,1,Fully-Furnished,12761000.0,38000.0
7527,235,Villa,4,4,1726,21,16,5,1,Fully-Furnished,14143000.0,42400.0
7528,92,Studio,2,1,1055,23,33,2,1,Unfurnished,12047000.0,30400.0
7529,250,Villa,4,4,1486,18,17,4,2,Unfurnished,19512000.0,49200.0
7530,141,Apartment,2,1,794,19,32,3,1,Fully-Furnished,7353000.0,20700.0
7531,129,Row House,3,3,1303,25,34,1,1,Unfurnished,13530000.0,41400.0
7532,236,Studio,4,4,1651,10,10,5,1,Unfurnished,13022000.0,29000.0
7533,156,Villa,2,2,1078,11,24,4,0,Unfurnished,12546000.0,32800.0
7534,195,Apartment,2,1,911,20,12,2,1,Semi-Furnished,9995000.0,28300.0
7535,272,Row House,3,3,1155,1,30,0,1,Unfurnished,10070000.0,27800.0
7536,447,Villa,3,3,1345,4,8,4,0,Unfurnished,11973000.0,29800.0
7537,433,Apartment,2,1,647,14,17,5,2,Unfurnished,7006000.0,13500.0
7538,435,Apartment,2,2,931,20,18,3,2,Fully-Furnished,8036000.0,19700.0
7539,279,Apartment,2,1,1362,22,34,4,2,Semi-Furnished,16663000.0,47500.0
7540,427,Penthouse,4,3,1527,15,5,0,0,Semi-Furnished,18597000.0,68000.0
7541,385,Row House,2,2,1143,17,17,1,1,Fully-Furnished,9149000.0,24800.0
7542,333,Apartment,1,1,673,11,24,1,0,Semi-Furnished,6138000.0,22500.0
7543,410,Penthouse,3,3,1409,27,32,4,2,Unfurnished,11415000.0,25200.0
7544,272,Apartment,3,2,1597,16,19,0,1,Unfurnished,18084000.0,39300.0
7545,114,Apartment,3,2,1585,28,32,3,1,Unfurnished,15289000.0,53300.0
7546,372,Studio,3,3,1148,0,6,5,1,Unfurnished,12624000.0,34800.0
7547,90,Apartment,3,2,1064,6,33,2,1,Semi-Furnished,8907000.0,15100.0
7548,249,Studio,1,1,719,18,6,3,1,Unfurnished,6499000.0,19900.0
7549,408,Studio,2,1,771,13,30,0,1,Unfurnished,8286000.0,19000.0
7550,282,Apartment,4,3,1547,15,34,4,1,Unfurnished,17741000.0,63400.0
7551,315,Studio,1,1,356,27,29,1,1,Fully-Furnished,3736000.0,8500.0
7552,102,Penthouse,3,3,1066,7,21,5,2,Fully-Furnished,7604000.0,22500.0
7553,216,Apartment,2,1,997,27,21,0,1,Semi-Furnished,9007000.0,30700.0
7554,343,Apartment,2,1,959,1,5,3,2,Unfurnished,11199000.0,34400.0
7555,49,Apartment,2,2,1024,16,15,5,2,Unfurnished,13701000.0,31500.0
7556,232,Penthouse,5,4,1621,17,31,5,1,Unfurnished,17006000.0,52200.0
7557,447,Apartment,2,1,1562,28,29,4,2,Unfurnished,15767000.0,51800.0
7558,31,Apartment,4,3,1987,22,33,2,0,Semi-Furnished,23644000.0,
7559,457,Apartment,2,2,1219,21,34,3,0,Fully-Furnished,12173000.0,30700.0
7560,442,Apartment,1,1,678,1,31,5,2,Unfurnished,7608000.0,21000.0
7561,106,Studio,2,1,973,15,23,0,1,Semi-Furnished,10452000.0,34800.0
7562,343,Apartment,2,2,642,14,5,3,1,Fully-Furnished,8110000.0,23800.0
7563,401,Row House,2,2,1369,8,31,5,1,Semi-Furnished,14063000.0,36200.0
7564,415,Row House,2,1,1085,8,28,4,1,Semi-Furnished,13792000.0,32700.0
7565,112,Apartment,2,1,1229,27,34,1,2,Unfurnished,14564000.0,35400.0
7566,347,Apartment,4,4,1560,2,20,2,0,Semi-Furnished,14745000.0,45600.0
7567,235,Villa,4,3,1544,1,18,5,2,Unfurnished,15487000.0,54500.0
7568,57,Apartment,2,1,1297,7,7,0,1,Unfurnished,13198000.0,41400.0
7569,54,Apartment,3,2,855,19,34,1,1,Unfurnished,8453000.0,32000.0
7570,1,Apartment,5,5,2184,15,5,1,0,Semi-Furnished,21187000.0,46700.0
7571,494,Penthouse,3,2,977,24,26,3,1,Semi-Furnished,10918000.0,23000.0
7572,235,Apartment,2,2,1083,29,25,5,2,Unfurnished,11330000.0,31600.0
7573,288,Apartment,4,4,1415,22,7,2,1,Unfurnished,13463000.0,42800.0
7574,17,Apartment,3,2,1072,10,13,2,2,Fully-Furnished,13235000.0,35600.0
7575,466,Apartment,3,2,1323,0,10,2,2,Fully-Furnished,13645000.0,36400.0
7576,212,Apartment,2,1,704,19,34,4,1,Semi-Furnished,5760000.0,13900.0
7577,478,Studio,4,4,1466,3,4,5,0,Semi-Furnished,12551000.0,22400.0
7578,331,Studio,4,4,1678,16,10,3,2,Unfurnished,16757000.0,41700.0
7579,344,Row House,4,3,1539,23,4,3,1,Unfurnished,16755000.0,47800.0
7580,83,Apartment,3,3,1343,11,31,2,2,Fully-Furnished,13522000.0,47900.0
7581,106,Apartment,2,1,1058,27,33,0,1,Unfurnished,13373000.0,38500.0
7582,201,Penthouse,2,2,1147,16,32,2,2,Fully-Furnished,12884000.0,29600.0
7583,330,Apartment,3,3,1295,29,17,1,1,Semi-Furnished,16298000.0,47400.0
7584,230,Apartment,2,2,884,0,32,4,1,Unfurnished,9838000.0,25200.0
7585,8,Apartment,4,4,1499,20,17,1,2,Semi-Furnished,18156000.0,59700.0
7586,482,Apartment,1,1,561,24,32,2,1,Semi-Furnished,5731000.0,17500.0
7587,444,Apartment,3,3,1512,13,12,2,1,Unfurnished,15260000.0,40500.0
7588,340,Villa,3,2,1040,10,9,1,2,Unfurnished,13648000.0,36300.0
7589,344,Apartment,3,2,1355,19,21,3,2,Fully-Furnished,14445000.0,50400.0
7590,286,Villa,3,3,1294,13,31,3,1,Semi-Furnished,15994000.0,54400.0
7591,402,Apartment,3,2,1093,12,23,1,0,Unfurnished,14691000.0,30900.0
7592,290,Studio,4,4,1517,27,14,0,1,Unfurnished,19020000.0,58600.0
7593,55,Penthouse,3,3,1309,25,34,2,1,Semi-Furnished,14566000.0,43200.0
7594,113,Row House,3,3,1296,1,22,5,2,Unfurnished,11642000.0,36900.0
7595,5,Villa,4,3,1887,14,25,5,2,Semi-Furnished,19227000.0,51300.0
7596,160,Apartment,2,2,1119,4,31,1,2,Unfurnished,12099000.0,30000.0
7597,247,Studio,1,1,627,21,5,4,1,Fully-Furnished,6451000.0,
7598,278,Row House,3,2,1437,20,11,3,1,Unfurnished,14097000.0,38800.0
7599,357,Villa,2,2,1194,13,18,1,2,Unfurnished,15694000.0,47500.0
7600,171,Row House,3,2,1127,4,23,2,2,Fully-Furnished,10973000.0,32700.0
7601,96,Apartment,3,2,1305,7,21,3,1,Semi-Furnished,18467000.0,40100.0
7602,250,Row House,4,3,1291,8,7,4,2,Unfurnished,15639000.0,46900.0
7603,437,Apartment,3,2,1385,14,10,3,2,Unfurnished,14990000.0,35800.0
7604,21,Row House,2,2,1144,27,11,4,1,Unfurnished,12414000.0,27900.0
7605,483,Apartment,3,2,1583,16,21,5,2,Fully-Furnished,12028000.0,39700.0
7606,347,Apartment,4,4,1620,3,4,2,1,Semi-Furnished,15697000.0,56300.0
7607,465,Penthouse,3,3,1206,19,24,2,1,Unfurnished,11145000.0,29100.0
7608,222,Penthouse,5,5,1841,15,8,4,2,Unfurnished,17068000.0,48400.0
7609,2,Apartment,2,1,856,14,27,3,0,Unfurnished,6940000.0,19300.0
7610,366,Apartment,2,2,987,29,30,1,2,Fully-Furnished,8599000.0,27700.0
7611,141,Apartment,2,2,1014,5,5,3,1,Fully-Furnished,10794000.0,31400.0
7612,170,Apartment,2,2,1195,9,8,0,2,Semi-Furnished,12461000.0,37900.0
7613,300,Apartment,2,1,1394,0,22,3,0,Unfurnished,15737000.0,45500.0
7614,167,Apartment,2,2,1126,12,14,1,1,Semi-Furnished,12161000.0,21400.0
7615,386,Apartment,3,3,1223,6,7,1,1,Semi-Furnished,12994000.0,42300.0
7616,333,Row House,3,2,1197,17,23,1,2,Unfurnished,10018000.0,33300.0
7617,246,Apartment,2,1,780,2,17,2,0,Fully-Furnished,8124000.0,21200.0
7618,436,Apartment,1,1,544,19,6,3,2,Semi-Furnished,5372000.0,20600.0
7619,353,Penthouse,1,1,693,25,31,5,1,Unfurnished,8918000.0,33600.0
7620,432,Villa,5,4,1921,20,30,2,1,Fully-Furnished,19588000.0,45000.0
7621,285,Studio,4,3,1725,26,13,2,1,Semi-Furnished,26426000.0,42800.0
7622,187,Studio,4,3,1605,17,10,0,2,Unfurnished,16078000.0,54200.0
7623,438,Apartment,4,3,1780,18,28,3,1,Unfurnished,14755000.0,33000.0
7624,493,Apartment,3,2,1322,13,15,3,1,Semi-Furnished,16768000.0,42700.0
7625,402,Apartment,2,1,870,7,27,1,2,Semi-Furnished,10104000.0,34000.0
7626,328,Apartment,1,1,942,0,25,4,1,Semi-Furnished,7314000.0,23700.0
7627,91,Apartment,2,2,1181,23,23,3,2,Unfurnished,14993000.0,31200.0
7628,26,Row House,2,1,1046,13,28,3,0,Unfurnished,10543000.0,26400.0
7629,389,Penthouse,2,2,956,11,8,5,1,Unfurnished,8470000.0,22100.0
7630,209,Apartment,3,3,869,5,16,4,1,Semi-Furnished,10453000.0,29200.0
7631,256,Row House,1,1,707,3,34,2,2,Fully-Furnished,6954000.0,22600.0
7632,464,Apartment,2,1,1149,14,13,1,1,Unfurnished,12807000.0,39700.0
7633,18,Apartment,3,2,1181,6,15,2,2,Semi-Furnished,13934000.0,38400.0
7634,344,Apartment,2,2,1016,11,4,3,2,Semi-Furnished,14078000.0,32600.0
7635,140,Apartment,2,2,964,13,12,1,0,Unfurnished,12485000.0,31200.0
7636,292,Penthouse,2,1,1253,22,23,5,1,Semi-Furnished,14717000.0,41000.0
7637,423,Studio,2,2,1140,14,17,2,1,Unfurnished,11242000.0,34800.0
7638,119,Penthouse,2,1,1081,23,26,2,1,Semi-Furnished,11461000.0,34100.0
7639,297,Apartment,1,1,960,6,31,2,2,Unfurnished,7904000.0,17200.0
7640,453,Apartment,2,2,860,7,10,1,1,Fully-Furnished,9656000.0,30300.0
7641,76,Apartment,2,1,799,7,21,5,1,Unfurnished,7064000.0,23200.0
7642,451,Apartment,3,2,1519,28,13,4,1,Semi-Furnished,21089000.0,51100.0
7643,319,Villa,2,1,918,16,11,2,1,Unfurnished,9799000.0,23400.0
7644,228,Apartment,3,3,1206,11,28,2,2,Semi-Furnished,17385000.0,61400.0
7645,8,Penthouse,4,3,1746,27,29,1,1,Unfurnished,16700000.0,55100.0
7646,248,Apartment,2,2,450,17,13,5,0,Semi-Furnished,4280000.0,7200.0
7647,1,Apartment,3,2,1529,22,14,1,2,Fully-Furnished,35612500.0,36800.0
7648,428,Penthouse,3,3,879,9,17,4,1,Fully-Furnished,10647000.0,27000.0
7649,196,Apartment,3,3,1345,23,11,4,1,Semi-Furnished,14679000.0,53000.0
7650,480,Apartment,3,3,1197,9,7,0,2,Unfurnished,11594000.0,36600.0
7651,139,Apartment,1,1,891,14,26,4,1,Semi-Furnished,9888000.0,25100.0
7652,319,Row House,5,5,1654,13,32,2,1,Unfurnished,17928000.0,52500.0
7653,248,Penthouse,4,3,1466,22,9,5,0,Unfurnished,17519000.0,41500.0
7654,32,Apartment,2,2,961,26,14,5,1,Semi-Furnished,7268000.0,26200.0
7655,440,Apartment,2,2,838,15,20,2,0,Fully-Furnished,10814000.0,27800.0
7656,10,Apartment,5,4,2114,18,28,3,1,Unfurnished,18809000.0,25700.0
7657,134,Penthouse,4,4,1647,21,21,3,2,Unfurnished,17275000.0,33500.0
7658,446,Apartment,3,2,1114,24,29,5,1,Unfurnished,13225000.0,36600.0
7659,477,Penthouse,3,3,1358,16,27,2,2,Fully-Furnished,12502000.0,25200.0
7660,489,Studio,1,1,724,5,7,1,1,Fully-Furnished,7367000.0,20800.0
7661,373,Apartment,3,3,1121,7,6,1,2,Fully-Furnished,13754000.0,36400.0
7662,397,Apartment,2,1,1205,23,22,1,1,Fully-Furnished,15685000.0,45900.0
7663,249,Apartment,2,2,615,1,19,3,1,Unfurnished,6801000.0,13400.0
7664,428,Row House,2,2,1066,9,7,4,2,Fully-Furnished,13027000.0,34200.0
7665,331,Penthouse,1,1,772,4,4,3,2,Unfurnished,10843000.0,29000.0
7666,287,Apartment,4,3,1537,22,15,3,2,Fully-Furnished,15834000.0,45100.0
7667,178,Penthouse,2,1,1001,17,31,4,1,Semi-Furnished,14692000.0,39500.0
7668,458,Penthouse,4,4,1471,15,12,4,1,Fully-Furnished,16797000.0,49200.0
7669,353,Apartment,3,3,1297,19,22,5,2,Semi-Furnished,15971000.0,45000.0
7670,402,Studio,4,4,1625,18,5,1,1,Semi-Furnished,24602000.0,65600.0
7671,418,Apartment,3,3,1515,24,16,2,1,Semi-Furnished,20238000.0,75600.0
7672,75,Studio,4,3,1760,17,25,5,1,Semi-Furnished,20375000.0,60200.0
7673,138,Apartment,2,1,997,11,16,3,1,Semi-Furnished,12655000.0,31000.0
7674,451,Villa,3,3,1549,11,23,4,1,Unfurnished,18032000.0,42700.0
7675,328,Apartment,3,3,1597,24,13,4,2,Unfurnished,15070000.0,45100.0
7676,30,Penthouse,2,1,1416,3,7,1,0,Semi-Furnished,15646000.0,42400.0
7677,111,Penthouse,4,4,1786,7,26,1,2,Unfurnished,15910000.0,59200.0
7678,205,Apartment,3,3,1434,0,21,2,0,Fully-Furnished,17101000.0,43400.0
7679,396,Apartment,3,3,1236,25,31,2,1,Semi-Furnished,13615000.0,34700.0
7680,152,Apartment,2,2,1268,27,4,3,1,Semi-Furnished,15168000.0,39500.0
7681,359,Apartment,2,2,1170,29,32,5,1,Fully-Furnished,17090000.0,44600.0
7682,302,Apartment,5,5,1828,9,19,3,2,Unfurnished,19557000.0,53800.0
7683,261,Apartment,3,2,1554,22,25,2,1,Fully-Furnished,16730000.0,41100.0
7684,287,Villa,4,3,985,3,23,3,1,Unfurnished,10157000.0,24500.0
7685,219,Apartment,5,4,1968,27,17,2,2,Fully-Furnished,18714000.0,60000.0
7686,292,Row House,2,2,881,7,31,5,1,Unfurnished,8800000.0,20800.0
7687,363,Apartment,3,2,1281,19,21,4,1,Semi-Furnished,13519000.0,34600.0
7688,128,Apartment,3,2,1357,15,26,4,1,Semi-Furnished,9671000.0,27300.0
7689,115,Apartment,3,2,1389,26,26,0,1,Fully-Furnished,16955000.0,43100.0
7690,196,Apartment,3,2,1105,4,23,4,1,Fully-Furnished,8595000.0,22600.0
7691,194,Apartment,2,2,896,25,13,4,0,Fully-Furnished,8378000.0,22300.0
7692,25,Apartment,3,2,1658,23,29,5,1,Fully-Furnished,22189000.0,80100.0
7693,342,Apartment,5,5,1898,23,7,4,1,Semi-Furnished,18834000.0,41300.0
7694,93,Apartment,3,2,1113,5,28,2,1,Semi-Furnished,14413000.0,31300.0
7695,444,Apartment,2,1,1039,2,14,2,1,Unfurnished,11806000.0,34900.0
7696,146,Apartment,4,3,1658,26,27,0,1,Unfurnished,16100000.0,47400.0
7697,316,Apartment,4,4,1266,23,13,2,1,Unfurnished,15079000.0,53200.0
7698,445,Row House,2,1,893,21,18,2,0,Unfurnished,8506000.0,27600.0
7699,227,Studio,4,3,1367,1,29,5,2,Unfurnished,10674000.0,32000.0
7700,169,Penthouse,2,1,1397,8,14,1,1,Unfurnished,14161000.0,42600.0
7701,225,Apartment,2,1,776,15,25,2,0,Unfurnished,8271000.0,20100.0
7702,54,Apartment,2,1,987,16,6,1,1,Unfurnished,13294000.0,39700.0
7703,167,Apartment,2,1,1081,25,18,1,2,Semi-Furnished,11071000.0,25800.0
7704,435,Apartment,5,5,1472,26,12,3,0,Unfurnished,16728000.0,33200.0
7705,243,Apartment,4,3,1720,6,4,2,1,Unfurnished,17716000.0,61400.0
7706,128,Penthouse,3,3,1301,28,13,4,2,Unfurnished,9502000.0,26000.0
7707,489,Apartment,1,1,538,0,13,1,2,Semi-Furnished,4796000.0,13100.0
7708,125,Apartment,3,2,1439,6,33,3,1,Semi-Furnished,18467000.0,49300.0
7709,278,Apartment,2,2,905,25,33,3,1,Semi-Furnished,8023000.0,28400.0
7710,169,Apartment,1,1,701,10,4,1,1,Fully-Furnished,6543000.0,
7711,32,Studio,4,3,1473,4,19,5,2,Semi-Furnished,14877000.0,57000.0
7712,468,Studio,4,3,1276,3,10,1,2,Semi-Furnished,14994000.0,26300.0
7713,313,Apartment,3,3,1398,26,19,4,1,Semi-Furnished,14926000.0,49100.0
7714,345,Studio,2,1,1012,5,34,5,2,Semi-Furnished,11609000.0,36400.0
7715,107,Studio,4,3,1572,13,34,3,0,Fully-Furnished,20346000.0,38500.0
7716,380,Apartment,3,2,1514,27,32,0,1,Unfurnished,11081000.0,26200.0
7717,366,Row House,2,2,789,22,23,1,1,Semi-Furnished,7488000.0,25900.0
7718,27,Villa,1,1,528,4,29,0,1,Unfurnished,5093000.0,13600.0
7719,109,Penthouse,3,2,1114,23,10,3,0,Fully-Furnished,11891000.0,31900.0
7720,276,Apartment,1,1,825,8,18,4,0,Unfurnished,7578000.0,23600.0
7721,432,Apartment,4,3,1735,29,8,2,1,Semi-Furnished,19269000.0,65800.0
7722,304,Penthouse,1,1,855,5,5,1,1,Fully-Furnished,7914000.0,17500.0
7723,63,Apartment,3,2,1046,6,32,1,1,Semi-Furnished,11485000.0,33200.0
7724,340,Apartment,3,2,892,14,29,1,2,Unfurnished,8831000.0,23500.0
7725,327,Penthouse,2,2,1078,23,17,5,1,Semi-Furnished,12193000.0,37200.0
7726,204,Row House,5,5,1896,2,29,3,0,Semi-Furnished,15170000.0,47200.0
7727,205,Studio,4,3,1514,13,20,2,1,Fully-Furnished,14814000.0,35200.0
7728,428,Penthouse,3,3,1097,5,4,4,0,Unfurnished,14796000.0,49100.0
7729,135,Apartment,1,1,767,10,13,5,2,Unfurnished,9287000.0,26500.0
7730,381,Apartment,5,4,1775,2,12,0,1,Semi-Furnished,19019000.0,42000.0
7731,153,Apartment,4,4,1710,26,8,3,1,Unfurnished,16954000.0,53600.0
7732,75,Villa,3,2,862,11,29,5,1,Semi-Furnished,9875000.0,
7733,46,Apartment,2,1,787,23,34,5,2,Semi-Furnished,11373000.0,33800.0
7734,437,Apartment,1,1,777,8,27,3,2,Semi-Furnished,7757000.0,14000.0
7735,244,Apartment,3,3,1378,18,28,0,2,Fully-Furnished,14306000.0,17900.0
7736,64,Villa,4,3,1740,28,8,4,1,Unfurnished,17823000.0,57100.0
7737,191,Apartment,3,2,905,26,4,4,0,Unfurnished,9767000.0,25900.0
7738,1,Row House,1,1,567,10,29,1,1,Fully-Furnished,6220000.0,18000.0
7739,245,Apartment,2,1,924,18,26,2,1,Semi-Furnished,10181000.0,31700.0
7740,463,Apartment,3,2,1496,9,12,1,2,Semi-Furnished,16794000.0,54900.0
7741,443,Apartment,2,1,1145,29,11,1,0,Unfurnished,10959000.0,33500.0
7742,188,Apartment,2,1,882,14,15,2,1,Semi-Furnished,7965000.0,22200.0
7743,286,Villa,5,4,1787,10,19,3,1,Unfurnished,20532000.0,55700.0
7744,199,Studio,2,1,767,14,20,1,0,Fully-Furnished,9060000.0,29300.0
7745,35,Apartment,1,1,773,14,31,4,2,Unfurnished,8384000.0,23300.0
7746,58,Apartment,3,3,1446,13,5,0,0,Semi-Furnished,14205000.0,28600.0
7747,132,Studio,5,4,1988,19,23,2,2,Unfurnished,27686000.0,75800.0
7748,54,Studio,4,4,1610,17,34,1,1,Unfurnished,18851000.0,40000.0
7749,313,Apartment,1,1,440,0,11,4,2,Unfurnished,4897000.0,14100.0
7750,232,Studio,5,4,1752,22,12,5,1,Fully-Furnished,17014000.0,35500.0
7751,122,Studio,5,4,1710,9,12,3,0,Semi-Furnished,13477000.0,35500.0
7752,264,Apartment,2,2,1263,27,15,5,2,Fully-Furnished,12538000.0,31900.0
7753,153,Apartment,5,5,1855,20,25,3,0,Semi-Furnished,29026000.0,70300.0
7754,407,Apartment,5,5,1737,9,29,1,0,Semi-Furnished,17827000.0,44800.0
7755,419,Apartment,5,4,1721,12,20,5,0,Semi-Furnished,12037000.0,28400.0
7756,263,Penthouse,2,2,780,3,31,3,2,Unfurnished,8861000.0,28100.0
7757,296,Apartment,4,3,1756,11,21,3,0,Fully-Furnished,20556000.0,56900.0
7758,222,Apartment,1,1,983,5,32,4,2,Semi-Furnished,10504000.0,28900.0
7759,399,Villa,3,2,1166,29,32,5,1,Semi-Furnished,13678000.0,34400.0
7760,114,Apartment,3,2,1357,22,31,3,1,Unfurnished,18486000.0,48700.0
7761,248,Villa,3,2,1461,25,11,5,1,Fully-Furnished,18637000.0,47600.0
7762,112,Studio,2,2,1283,20,7,1,1,Unfurnished,13263000.0,35100.0
7763,39,Apartment,1,1,803,3,27,2,0,Unfurnished,10292000.0,21700.0
7764,42,Villa,1,1,739,27,24,5,2,Semi-Furnished,9578000.0,31300.0
7765,441,Studio,1,1,634,7,31,4,1,Unfurnished,7205000.0,26000.0
7766,164,Row House,4,4,1289,14,5,5,2,Unfurnished,14063000.0,41100.0
7767,267,Row House,1,1,586,2,23,5,0,Semi-Furnished,6654000.0,19600.0
7768,350,Apartment,4,4,1760,20,30,3,2,Semi-Furnished,18831000.0,51800.0
7769,470,Studio,3,3,1600,8,7,4,1,Unfurnished,18546000.0,41200.0
7770,301,Studio,4,4,1625,24,33,0,1,Unfurnished,17157000.0,45300.0
7771,107,Apartment,4,4,1593,3,18,3,1,Unfurnished,16500000.0,58800.0
7772,53,Villa,3,2,1323,3,14,4,1,Unfurnished,13937000.0,24600.0
7773,256,Apartment,3,3,1613,14,8,2,1,Unfurnished,15982000.0,30000.0
7774,272,Villa,2,2,985,7,33,0,1,Fully-Furnished,9326000.0,20500.0
7775,196,Apartment,3,2,1270,4,10,4,1,Unfurnished,11624000.0,37400.0
7776,353,Penthouse,2,1,1257,17,33,5,1,Semi-Furnished,34717500.0,27400.0
7777,415,Apartment,3,2,1330,3,24,4,1,Unfurnished,13849000.0,34900.0
7778,123,Studio,4,3,1584,24,7,1,1,Unfurnished,17146000.0,38900.0
7779,113,Apartment,3,2,1444,14,34,5,2,Semi-Furnished,13092000.0,43500.0
7780,450,Row House,3,3,1198,15,31,3,1,Unfurnished,13049000.0,40000.0
7781,159,Apartment,4,3,1523,28,7,4,2,Semi-Furnished,14911000.0,41000.0
7782,317,Penthouse,4,3,1649,24,20,1,2,Semi-Furnished,14453000.0,43200.0
7783,140,Apartment,2,2,920,21,14,1,2,Unfurnished,9630000.0,20000.0
7784,115,Studio,1,1,1121,5,9,0,1,Semi-Furnished,17480000.0,47400.0
7785,380,Studio,2,2,809,5,4,0,1,Semi-Furnished,6260000.0,20700.0
7786,194,Studio,3,2,1256,3,19,4,2,Fully-Furnished,13347000.0,38500.0
7787,59,Apartment,1,1,628,25,14,1,2,Unfurnished,5931000.0,12700.0
7788,305,Villa,3,3,1070,24,24,1,2,Semi-Furnished,15932000.0,40900.0
7789,4,Penthouse,1,1,643,18,33,4,1,Semi-Furnished,5502000.0,14600.0
7790,62,Penthouse,2,2,1021,8,21,1,0,Fully-Furnished,14566000.0,41600.0
7791,437,Studio,3,2,1638,0,6,3,1,Unfurnished,16699000.0,42900.0
7792,389,Penthouse,1,1,1004,24,17,5,0,Semi-Furnished,10925000.0,33400.0
7793,206,Apartment,2,1,1221,21,9,3,0,Semi-Furnished,12539000.0,37900.0
7794,301,Apartment,3,3,1554,21,27,0,0,Unfurnished,20246000.0,65900.0
7795,26,Apartment,2,1,678,26,18,3,1,Unfurnished,7799000.0,23900.0
7796,104,Apartment,3,2,1245,8,34,1,2,Unfurnished,14378000.0,36900.0
7797,499,Apartment,3,3,1065,20,20,5,1,Semi-Furnished,13227000.0,43200.0
7798,68,Penthouse,1,1,730,19,34,4,1,Unfurnished,8919000.0,21400.0
7799,302,Apartment,3,2,1372,24,19,3,1,Unfurnished,16905000.0,41600.0
7800,195,Apartment,5,4,1923,15,9,2,2,Fully-Furnished,25884000.0,66700.0
7801,53,Row House,3,3,1384,28,20,4,1,Unfurnished,10260000.0,27500.0
7802,189,Apartment,2,2,1365,10,18,1,0,Unfurnished,16916000.0,47500.0
7803,190,Studio,4,3,1780,21,18,3,1,Semi-Furnished,18515000.0,60600.0
7804,64,Studio,1,1,854,2,30,4,1,Semi-Furnished,6009000.0,20700.0
7805,486,Penthouse,3,2,1126,16,10,3,1,Semi-Furnished,12611000.0,31000.0
7806,439,Apartment,3,3,1107,25,19,0,2,Fully-Furnished,14278000.0,39700.0
7807,246,Apartment,4,4,1518,22,16,2,1,Unfurnished,17055000.0,44500.0
7808,410,Apartment,4,3,1430,26,27,4,1,Fully-Furnished,14264000.0,23400.0
7809,286,Villa,2,1,1138,10,8,3,2,Fully-Furnished,14084000.0,39100.0
7810,238,Row House,1,1,641,19,15,2,1,Unfurnished,7497000.0,22000.0
7811,174,Villa,3,3,1355,17,27,5,0,Semi-Furnished,15091000.0,24600.0
7812,33,Apartment,2,2,1145,28,24,0,1,Semi-Furnished,12667000.0,34700.0
7813,197,Apartment,4,3,1657,23,19,1,1,Unfurnished,17599000.0,38400.0
7814,119,Villa,5,5,2094,15,18,2,2,Semi-Furnished,20526000.0,68400.0
7815,329,Apartment,1,1,1077,2,31,2,1,Unfurnished,13009000.0,34600.0
7816,354,Studio,3,3,1181,18,34,0,1,Semi-Furnished,14511000.0,35200.0
7817,275,Row House,3,2,1053,14,29,4,1,Semi-Furnished,8920000.0,23000.0
7818,154,Apartment,3,3,1481,4,18,1,2,Unfurnished,16461000.0,34800.0
7819,431,Apartment,2,1,865,29,8,1,2,Semi-Furnished,7951000.0,26500.0
7820,259,Apartment,3,2,1265,13,16,2,1,Unfurnished,9965000.0,25100.0
7821,439,Penthouse,2,1,1130,20,6,0,0,Fully-Furnished,11137000.0,22400.0
7822,118,Apartment,2,1,1209,13,25,0,2,Fully-Furnished,10129000.0,27300.0
7823,52,Row House,4,4,1546,12,24,3,1,Unfurnished,18876000.0,45100.0
7824,432,Apartment,2,2,753,7,14,2,1,Unfurnished,6706000.0,16800.0
7825,399,Apartment,3,2,1502,21,9,5,2,Unfurnished,15656000.0,26500.0
7826,403,Apartment,2,1,967,14,10,3,0,Fully-Furnished,11013000.0,28700.0
7827,476,Apartment,2,1,1114,11,32,1,2,Semi-Furnished,12939000.0,39000.0
7828,193,Row House,3,2,912,4,10,4,2,Unfurnished,7075000.0,17100.0
7829,436,Studio,5,5,1959,5,15,3,1,Semi-Furnished,20555000.0,68000.0
7830,181,Row House,3,2,1665,15,22,5,1,Semi-Furnished,13901000.0,44100.0
7831,267,Penthouse,5,5,1760,17,30,5,1,Unfurnished,16057000.0,38800.0
7832,56,Apartment,3,2,1256,9,14,4,2,Fully-Furnished,12550000.0,43300.0
7833,234,Row House,2,2,1080,9,21,2,2,Unfurnished,11712000.0,26000.0
7834,295,Apartment,3,2,1148,4,8,5,1,Semi-Furnished,13338000.0,31400.0
7835,319,Apartment,3,2,1300,19,10,2,1,Unfurnished,15454000.0,43700.0
7836,69,Apartment,4,4,1616,15,16,4,0,Semi-Furnished,14696000.0,20800.0
7837,216,Apartment,3,2,1330,1,5,0,2,Unfurnished,14607000.0,35000.0
7838,424,Studio,1,1,753,16,26,4,2,Semi-Furnished,6569000.0,17400.0
7839,483,Apartment,1,1,806,9,14,5,2,Fully-Furnished,7618000.0,28300.0
7840,327,Apartment,5,5,1840,9,11,5,1,Semi-Furnished,25058000.0,
7841,321,Row House,5,5,1912,13,12,3,2,Fully-Furnished,16306000.0,48100.0
7842,12,Studio,2,1,963,9,19,5,1,Semi-Furnished,10600000.0,35300.0
7843,100,Penthouse,3,3,1145,11,24,2,2,Semi-Furnished,8983000.0,22800.0
7844,248,Apartment,3,2,1487,27,30,5,1,Semi-Furnished,17304000.0,36600.0
7845,291,Apartment,3,2,1065,21,18,1,1,Semi-Furnished,9027000.0,33800.0
7846,196,Apartment,3,3,1385,21,28,4,2,Unfurnished,18473000.0,47300.0
7847,489,Penthouse,1,1,813,17,31,1,2,Unfurnished,8175000.0,21000.0
7848,134,Apartment,3,2,1198,28,31,3,2,Unfurnished,14998000.0,48700.0
7849,299,Apartment,3,3,1432,14,6,3,1,Unfurnished,12132000.0,30200.0
7850,113,Row House,4,4,1240,6,14,5,1,Unfurnished,15114000.0,46200.0
7851,4,Apartment,4,3,1790,24,25,4,2,Unfurnished,16652000.0,38400.0
7852,453,Apartment,2,2,1137,15,11,1,0,Fully-Furnished,10996000.0,29200.0
7853,89,Apartment,1,1,806,10,31,4,1,Unfurnished,7243000.0,28100.0
7854,230,Penthouse,2,2,1000,14,10,4,0,Semi-Furnished,10802000.0,24500.0
7855,368,Penthouse,2,2,1141,4,6,4,2,Unfurnished,12681000.0,38700.0
7856,281,Villa,1,1,906,19,19,3,2,Semi-Furnished,10624000.0,36400.0
7857,71,Penthouse,4,3,1868,6,24,1,1,Unfurnished,21423000.0,64100.0
7858,230,Villa,2,1,931,9,7,4,2,Fully-Furnished,10342000.0,22200.0
7859,36,Apartment,2,2,1040,7,28,1,2,Semi-Furnished,12557000.0,39500.0
7860,147,Villa,4,4,1862,0,19,5,1,Semi-Furnished,20672000.0,52000.0
7861,13,Apartment,3,2,1501,1,5,5,1,Unfurnished,23693000.0,70900.0
7862,82,Apartment,3,3,1378,15,33,5,2,Semi-Furnished,15018000.0,47800.0
7863,34,Studio,1,1,806,28,10,0,1,Unfurnished,7657000.0,23800.0
7864,263,Studio,3,2,1168,10,11,3,2,Semi-Furnished,12075000.0,30900.0
7865,137,Apartment,1,1,682,11,7,1,2,Unfurnished,8199000.0,15100.0
7866,168,Apartment,2,1,780,9,29,2,2,Semi-Furnished,6889000.0,22000.0
7867,94,Row House,1,1,670,15,14,3,1,Unfurnished,8626000.0,25800.0
7868,48,Apartment,3,2,1384,28,31,2,2,Fully-Furnished,15504000.0,49700.0
7869,197,Penthouse,3,2,1352,21,16,1,1,Unfurnished,9316000.0,29600.0
7870,116,Studio,3,3,1421,15,16,3,0,Fully-Furnished,14832000.0,44800.0
7871,58,Apartment,1,1,498,14,10,0,1,Semi-Furnished,5192000.0,16000.0
7872,123,Apartment,2,2,1055,21,12,1,1,Unfurnished,12950000.0,34600.0
7873,44,Studio,2,1,939,17,29,5,0,Unfurnished,7689000.0,17100.0
7874,172,Apartment,2,2,820,3,28,2,0,Fully-Furnished,8251000.0,21300.0
7875,89,Apartment,2,1,803,3,26,4,2,Unfurnished,8309000.0,25600.0
7876,289,Apartment,3,3,1201,16,4,4,1,Semi-Furnished,13869000.0,44500.0
7877,74,Studio,1,1,644,9,27,4,1,Fully-Furnished,6059000.0,14700.0
7878,483,Studio,2,1,901,2,6,5,1,Fully-Furnished,8122000.0,23500.0
7879,147,Apartment,2,2,814,3,25,5,1,Unfurnished,8419000.0,16600.0
7880,296,Studio,4,3,1706,8,9,3,0,Semi-Furnished,17694000.0,45500.0
7881,168,Apartment,4,4,1619,24,17,2,1,Fully-Furnished,20789000.0,48900.0
7882,2,Penthouse,1,1,874,14,21,3,1,Semi-Furnished,7084000.0,18700.0
7883,163,Apartment,4,4,1485,25,18,2,1,Unfurnished,14708000.0,41100.0
7884,212,Apartment,2,2,1143,2,23,4,1,Unfurnished,8437000.0,28300.0
7885,495,Apartment,2,1,1094,24,12,1,2,Semi-Furnished,13395000.0,38700.0
7886,278,Penthouse,2,1,1164,24,4,3,1,Unfurnished,9294000.0,22600.0
7887,391,Apartment,1,1,634,5,11,2,1,Semi-Furnished,7422000.0,17500.0
7888,187,Apartment,1,1,472,0,25,0,1,Fully-Furnished,5704000.0,15000.0
7889,8,Studio,5,4,1704,19,23,1,1,Unfurnished,23159000.0,70700.0
7890,410,Apartment,1,1,566,7,27,4,1,Unfurnished,4612000.0,9900.0
7891,283,Apartment,2,1,1195,0,16,0,1,Semi-Furnished,13451000.0,35700.0
7892,338,Villa,2,2,1100,24,26,1,1,Unfurnished,11803000.0,25500.0
7893,258,Apartment,2,1,823,23,21,5,1,Fully-Furnished,8018000.0,19400.0
7894,250,Villa,2,2,728,15,18,4,1,Unfurnished,9115000.0,24900.0
7895,238,Penthouse,1,1,551,23,17,2,2,Unfurnished,5044000.0,12400.0
7896,473,Studio,3,3,1321,21,8,4,2,Unfurnished,8740000.0,24200.0
7897,423,Apartment,1,1,711,4,6,2,2,Fully-Furnished,6959000.0,21400.0
7898,143,Row House,2,2,1345,3,13,3,1,Unfurnished,12538000.0,36200.0
7899,105,Apartment,3,3,1310,17,20,5,1,Fully-Furnished,11453000.0,30400.0
7900,186,Apartment,3,2,1583,1,19,5,1,Semi-Furnished,14766000.0,43800.0
7901,473,Row House,4,3,1531,19,17,4,1,Unfurnished,14062000.0,44000.0
7902,84,Apartment,1,1,945,7,34,4,1,Semi-Furnished,12016000.0,35600.0
7903,366,Apartment,2,1,992,1,22,1,2,Fully-Furnished,7857000.0,15800.0
7904,402,Row House,2,2,852,18,32,1,2,Unfurnished,10957000.0,36700.0
7905,336,Villa,3,2,1530,17,30,0,1,Unfurnished,20199000.0,43900.0
7906,412,Apartment,2,2,1034,18,16,5,0,Semi-Furnished,11354000.0,25400.0
7907,41,Apartment,1,1,660,13,15,1,0,Unfurnished,5977000.0,16600.0
7908,494,Apartment,3,3,990,12,10,3,1,Unfurnished,13637000.0,31400.0
7909,425,Villa,2,1,884,22,33,1,1,Semi-Furnished,9988000.0,24300.0
7910,171,Apartment,4,3,1528,25,23,2,1,Fully-Furnished,14321000.0,41200.0
7911,82,Apartment,3,3,1365,25,13,5,0,Unfurnished,16652000.0,40000.0
7912,495,Apartment,5,5,1721,29,6,1,1,Semi-Furnished,20429000.0,46800.0
7913,218,Apartment,2,2,609,14,27,4,2,Semi-Furnished,5559000.0,15400.0
7914,145,Villa,2,1,999,7,23,2,2,Unfurnished,9153000.0,22100.0
7915,394,Villa,3,2,1287,17,12,3,2,Unfurnished,14136000.0,39900.0
7916,200,Apartment,3,2,1407,23,23,4,2,Fully-Furnished,14668000.0,30200.0
7917,461,Apartment,4,3,1478,12,7,5,2,Semi-Furnished,18757000.0,52000.0
7918,437,Villa,2,2,1027,2,16,3,1,Fully-Furnished,11593000.0,27000.0
7919,209,Apartment,2,2,983,27,5,4,0,Unfurnished,8613000.0,28200.0
7920,95,Apartment,2,1,987,9,4,4,2,Fully-Furnished,7859000.0,18000.0
7921,345,Apartment,3,3,1102,8,13,5,2,Fully-Furnished,10198000.0,21900.0
7922,95,Apartment,4,4,1582,12,19,4,1,Unfurnished,12992000.0,34700.0
7923,142,Apartment,4,4,1920,18,22,3,1,Fully-Furnished,23765000.0,60900.0
7924,468,Apartment,3,3,1211,3,34,1,1,Fully-Furnished,13478000.0,29500.0
7925,301,Apartment,3,3,1433,3,9,0,1,Semi-Furnished,16375000.0,55400.0
7926,428,Apartment,1,1,623,8,27,4,2,Semi-Furnished,5645000.0,9400.0
7927,362,Studio,3,3,1455,15,4,5,1,Semi-Furnished,13908000.0,38000.0
7928,186,Penthouse,1,1,785,29,28,5,1,Semi-Furnished,8005000.0,17100.0
7929,330,Penthouse,3,3,1308,16,32,1,1,Unfurnished,13767000.0,40700.0
7930,275,Villa,3,3,1017,24,10,4,2,Semi-Furnished,9559000.0,20000.0
7931,264,Apartment,3,3,1094,22,12,5,1,Unfurnished,11025000.0,20900.0
7932,189,Apartment,1,1,654,0,24,1,1,Unfurnished,7130000.0,17200.0
7933,150,Apartment,3,3,1044,11,28,5,1,Unfurnished,12309000.0,20500.0
7934,79,Apartment,2,2,960,3,28,3,1,Semi-Furnished,8908000.0,23600.0
7935,328,Apartment,4,4,1531,13,26,4,1,Unfurnished,17097000.0,45900.0
7936,241,Apartment,3,3,1106,23,12,4,1,Semi-Furnished,10730000.0,39200.0
7937,103,Villa,3,2,1010,8,28,2,2,Unfurnished,8416000.0,22800.0
7938,222,Apartment,2,2,858,6,10,4,0,Unfurnished,9131000.0,19100.0
7939,461,Apartment,3,2,1424,27,24,5,0,Unfurnished,17496000.0,53800.0
7940,226,Apartment,3,3,1448,13,9,2,2,Semi-Furnished,15520000.0,46900.0
7941,119,Apartment,4,3,1647,8,26,2,1,Fully-Furnished,13681000.0,
7942,450,Apartment,1,1,899,1,14,3,1,Semi-Furnished,11406000.0,
7943,475,Apartment,1,1,818,15,33,2,2,Fully-Furnished,8094000.0,24300.0
7944,66,Apartment,2,1,1051,4,20,1,2,Unfurnished,10854000.0,34300.0
7945,15,Apartment,4,3,1201,10,33,3,1,Fully-Furnished,10148000.0,20100.0
7946,412,Penthouse,2,2,929,16,19,5,1,Unfurnished,9609000.0,26500.0
7947,359,Apartment,5,4,1853,7,6,5,1,Fully-Furnished,26446000.0,79200.0
7948,33,Apartment,5,4,1841,14,6,0,1,Semi-Furnished,19880000.0,61200.0
7949,423,Penthouse,5,4,1694,13,13,2,1,Unfurnished,19577000.0,56500.0
7950,310,Apartment,3,2,1238,23,23,1,1,Unfurnished,15931000.0,36100.0
7951,303,Apartment,1,1,908,8,12,3,2,Semi-Furnished,10188000.0,29300.0
7952,479,Apartment,2,2,812,24,15,2,1,Semi-Furnished,8151000.0,25500.0
7953,263,Apartment,3,3,920,20,21,3,2,Unfurnished,9444000.0,23400.0
7954,249,Villa,2,2,1175,6,26,3,1,Semi-Furnished,30905000.0,44500.0
7955,429,Apartment,3,2,990,23,19,5,1,Unfurnished,10237000.0,24900.0
7956,465,Villa,1,1,639,7,9,2,0,Semi-Furnished,6386000.0,19300.0
7957,260,Villa,2,2,1488,17,11,3,2,Semi-Furnished,18886000.0,52900.0
7958,379,Apartment,2,1,1191,24,14,1,0,Semi-Furnished,12132000.0,41500.0
7959,181,Apartment,2,1,1111,14,34,5,1,Unfurnished,9724000.0,28100.0
7960,323,Villa,3,3,1235,15,4,1,2,Fully-Furnished,15190000.0,36300.0
7961,479,Row House,2,1,992,24,34,2,2,Semi-Furnished,11323000.0,29100.0
7962,464,Studio,2,2,779,4,4,1,1,Semi-Furnished,7008000.0,16000.0
7963,339,Row House,1,1,738,20,4,3,1,Semi-Furnished,9556000.0,25100.0
7964,244,Villa,2,1,924,10,10,0,2,Unfurnished,10675000.0,21600.0
7965,53,Apartment,4,4,1965,15,9,4,0,Semi-Furnished,19130000.0,53800.0
7966,253,Penthouse,2,1,1256,1,12,5,1,Unfurnished,13177000.0,32600.0
7967,363,Apartment,2,1,912,29,20,4,2,Semi-Furnished,6965000.0,13800.0
7968,183,Row House,3,2,1403,21,29,3,0,Semi-Furnished,13891000.0,34000.0
7969,432,Apartment,3,2,825,8,7,2,1,Semi-Furnished,10811000.0,29500.0
7970,129,Apartment,2,1,959,2,9,1,1,Unfurnished,8121000.0,24600.0
7971,271,Apartment,2,1,1427,5,12,0,2,Unfurnished,12333000.0,38000.0
7972,198,Row House,3,3,1098,14,28,3,1,Unfurnished,9460000.0,25600.0
7973,260,Apartment,2,2,996,26,6,3,1,Unfurnished,11725000.0,29900.0
7974,213,Apartment,3,3,1248,24,23,4,2,Unfurnished,12132000.0,24200.0
7975,372,Apartment,4,4,1256,13,8,5,1,Unfurnished,13849000.0,40700.0
7976,256,Villa,1,1,348,13,11,2,1,Fully-Furnished,3910000.0,12600.0
7977,62,Penthouse,2,2,1113,13,30,1,0,Unfurnished,13685000.0,44200.0
7978,291,Studio,1,1,1339,21,33,1,1,Semi-Furnished,17390000.0,58400.0
7979,208,Studio,2,2,1004,5,33,3,1,Unfurnished,13570000.0,46200.0
7980,30,Apartment,2,1,873,14,18,1,0,Unfurnished,7900000.0,19300.0
7981,194,Apartment,3,2,1145,11,25,4,1,Unfurnished,14386000.0,44200.0
7982,338,Villa,2,1,1214,1,33,1,1,Unfurnished,9669000.0,23200.0
7983,312,Villa,2,2,975,20,23,3,1,Fully-Furnished,9684000.0,32600.0
7984,330,Apartment,2,1,1023,17,26,1,1,Fully-Furnished,13756000.0,38800.0
7985,446,Apartment,2,1,786,25,17,5,1,Fully-Furnished,23107500.0,31400.0
7986,84,Apartment,1,1,517,0,17,4,1,Semi-Furnished,6356000.0,14000.0
7987,326,Studio,3,2,1433,8,22,3,2,Semi-Furnished,14098000.0,35800.0
7988,81,Apartment,2,2,1287,24,5,4,1,Unfurnished,14663000.0,49800.0
7989,383,Apartment,1,1,870,19,30,1,1,Semi-Furnished,10730000.0,21000.0
7990,427,Apartment,2,2,628,1,6,0,0,Semi-Furnished,6832000.0,17200.0
7991,316,Apartment,1,1,628,3,34,2,1,Semi-Furnished,7564000.0,10200.0
7992,193,Apartment,4,3,1625,15,28,4,2,Semi-Furnished,16472000.0,29300.0
7993,275,Apartment,3,2,1488,16,11,4,1,Semi-Furnished,14678000.0,34200.0
7994,152,Apartment,3,3,1301,1,20,3,1,Unfurnished,11571000.0,34800.0
7995,246,Apartment,2,2,878,15,14,2,1,Unfurnished,6411000.0,20300.0
7996,46,Penthouse,2,2,876,5,10,5,0,Fully-Furnished,8854000.0,29400.0
7997,199,Apartment,2,1,962,3,24,1,1,Unfurnished,9777000.0,14100.0
7998,35,Studio,4,3,1624,23,20,4,1,Semi-Furnished,17771000.0,47500.0
7999,480,Apartment,4,3,1205,17,32,0,1,Semi-Furnished,16574000.0,39500.0
8000,244,Apartment,4,4,1198,11,6,0,1,Semi-Furnished,13163000.0,38500.0
