rental_id,property_id,rental_date,monthly_rent,vacancy_days,lease_duration
1,7424,2025-06-21,26600.0,32,11
2,7761,2026-07-05,45800.0,13,24
3,877,2025-07-24,14200.0,12,36
4,5511,2024-02-04,63800.0,7,12
5,5343,2023-01-08,26900.0,27,11
6,5306,2025-11-17,25000.0,40,11
7,3860,2025-05-30,34200.0,1,11
8,3165,2026-08-01,45000.0,12,11
9,5858,2024-07-03,28100.0,44,12
10,6396,2022-11-07,45500.0,24,11
11,472,2025-07-10,30600.0,28,11
12,5454,2023-02-15,52900.0,10,12
13,4530,2026-05-14,70800.0,19,11
14,5701,2022-12-14,24000.0,14,12
15,6362,2025-03-16,39400.0,24,11
16,3527,2024-09-24,20900.0,0,12
17,3247,2024-12-07,23600.0,6,11
18,2986,2024-03-23,33000.0,43,11
19,7992,2026-06-29,28000.0,42,11
20,131,2026-05-19,46800.0,35,24
21,1723,2026-01-09,29600.0,12,11
22,7632,2024-04-02,40800.0,36,12
23,783,2023-06-29,31700.0,55,24
24,2443,2023-12-15,23200.0,26,11
25,5734,2026-03-05,32500.0,39,11
26,7739,2024-11-05,32300.0,39,24
27,7100,2023-05-31,19400.0,31,11
28,2487,2023-12-03,29500.0,9,12
29,5430,2025-01-23,47500.0,13,11
30,5164,2023-09-09,38500.0,5,12
31,6557,2025-04-25,20700.0,30,11
32,1212,2024-06-22,38200.0,45,36
33,4660,2024-10-27,38300.0,24,24
34,3468,2022-08-30,56400.0,37,11
35,4211,2025-05-19,36800.0,32,11
36,6533,2022-10-30,19300.0,19,11
37,4951,2023-05-18,23100.0,30,24
38,2971,2023-08-09,48600.0,34,36
39,7887,2025-08-14,17000.0,24,24
40,480,2024-07-18,27400.0,22,12
41,1108,2024-07-12,60800.0,0,12
42,2615,2025-07-23,24800.0,30,12
43,2092,2024-10-19,51300.0,2,36
44,7801,2023-08-12,26200.0,43,11
45,2808,2022-08-28,67600.0,21,12
46,993,2025-03-15,55300.0,56,24
47,1847,2024-11-20,52900.0,33,24
48,190,2023-04-16,37500.0,20,11
49,7254,2025-01-17,68200.0,15,11
50,2795,2024-05-12,30000.0,53,11
51,3076,2023-08-08,22400.0,21,11
52,4764,2023-05-24,28600.0,21,12
53,1942,2025-11-26,50100.0,8,11
54,7893,2025-05-24,19200.0,28,12
55,1295,2025-01-18,50700.0,0,36
56,7127,2024-07-19,62900.0,34,11
57,1563,2025-10-11,32300.0,9,11
58,3280,2023-03-02,53000.0,26,24
59,3640,2024-11-23,62100.0,32,11
60,3981,2026-01-28,43200.0,44,24
61,657,2023-10-16,40200.0,23,12
62,6293,2022-10-17,70800.0,45,11
63,2955,2026-02-08,46400.0,19,36
64,6443,2026-04-27,21500.0,30,24
65,5514,2023-12-03,44700.0,27,11
66,2489,2025-09-07,33200.0,24,11
67,610,2025-11-23,49300.0,31,36
68,2415,2026-05-16,45400.0,9,24
69,2106,2026-03-20,52100.0,28,12
70,243,2024-06-22,18200.0,43,11
71,2086,2025-02-06,18200.0,52,36
72,2888,2025-01-03,24600.0,13,36
73,7669,2023-05-19,46000.0,11,11
74,2669,2023-04-18,19100.0,50,24
75,7193,2024-07-11,9500.0,60,11
76,1394,2023-07-31,33400.0,20,11
77,6366,2026-05-14,6100.0,27,11
78,5609,2023-04-09,27300.0,31,11
79,7252,2025-07-08,30300.0,26,12
80,1511,2026-02-07,4200.0,33,24
81,7753,2025-03-29,66900.0,14,11
82,2613,2022-10-27,37300.0,30,11
83,789,2023-08-03,63000.0,47,11
84,4108,2023-05-13,18900.0,31,11
85,35,2024-12-07,30500.0,42,11
86,6482,2023-08-22,47200.0,58,11
87,3228,2026-08-07,29800.0,27,11
88,1999,2022-11-23,32300.0,34,36
89,1621,2025-02-06,52000.0,36,11
90,4035,2023-07-19,35600.0,33,11
91,7712,2025-10-29,27900.0,17,24
92,3145,2024-09-12,45900.0,12,24
93,1044,2023-10-22,39600.0,28,11
94,3545,2023-06-26,27000.0,10,11
95,2670,2023-10-27,23400.0,24,12
96,5342,2025-04-10,33000.0,32,12
97,3934,2025-01-19,61600.0,33,36
98,1533,2024-09-25,19100.0,12,36
99,4906,2026-03-11,34600.0,27,12
100,6684,2022-09-02,38800.0,11,36
101,7023,2025-04-28,35700.0,21,11
102,5798,2023-12-17,35200.0,9,12
103,162,2023-12-02,23300.0,35,11
104,4398,2022-12-20,31500.0,23,11
105,2025,2026-01-02,20000.0,8,24
106,1015,2025-05-24,50700.0,27,11
107,6550,2023-02-21,19200.0,29,11
108,5023,2024-03-10,19400.0,22,11
109,3424,2026-04-17,50500.0,50,12
110,4656,2024-05-27,30000.0,52,11
111,7787,2024-05-18,13300.0,34,12
112,3886,2025-05-23,11600.0,24,11
113,1303,2025-02-14,55900.0,41,11
114,1038,2023-06-10,21000.0,25,24
115,6576,2026-06-21,44600.0,47,36
116,7012,2023-02-17,31800.0,13,24
117,340,2022-08-25,33900.0,37,36
118,896,2025-12-18,27800.0,38,11
119,1102,2025-10-15,59700.0,2,12
120,4999,2026-07-28,40300.0,3,24
121,4087,2023-06-27,27700.0,59,11
122,6494,2023-04-03,53200.0,22,12
123,4969,2025-09-23,60800.0,7,12
124,6464,2024-05-12,27000.0,0,11
125,383,2025-02-18,29600.0,31,11
126,500,2025-10-01,33000.0,18,11
127,7362,2026-04-15,37800.0,24,11
128,5394,2024-08-08,47700.0,10,24
129,2107,2024-07-02,42800.0,37,12
130,3975,2023-07-05,20900.0,2,36
131,65,2026-05-23,21200.0,36,12
132,2625,2024-04-16,32000.0,57,11
133,5584,2025-07-15,42500.0,21,11
134,5366,2025-06-07,27000.0,0,11
135,2071,2022-10-08,46400.0,14,36
136,2755,2024-03-24,40300.0,5,36
137,1528,2026-05-07,26200.0,25,11
138,7384,2025-07-21,26400.0,32,24
139,5376,2022-09-30,25100.0,15,11
140,5741,2025-11-04,22200.0,36,11
141,6881,2022-08-25,49500.0,27,12
142,395,2024-11-12,36400.0,46,11
143,5918,2022-11-04,15700.0,25,24
144,4618,2024-02-23,49500.0,34,11
145,6569,2022-10-09,33700.0,10,24
146,4578,2025-02-02,47200.0,7,12
147,6017,2023-04-24,18700.0,0,36
148,3645,2024-08-24,39100.0,20,11
149,2329,2023-11-07,78100.0,34,12
150,7315,2025-02-25,28300.0,16,11
151,6313,2022-12-21,21000.0,19,11
152,3172,2025-12-05,52100.0,38,11
153,6410,2025-03-12,41300.0,29,11
154,201,2025-10-18,33700.0,39,11
155,6084,2023-10-28,47100.0,26,24
156,4986,2022-11-06,36600.0,34,11
157,7225,2026-03-23,35000.0,0,11
158,3177,2023-09-18,22200.0,28,11
159,7369,2025-05-02,40100.0,4,11
160,4703,2026-02-08,37900.0,44,11
161,2508,2024-07-11,19400.0,8,11
162,3730,2025-09-01,16300.0,44,11
163,5972,2024-08-28,26800.0,36,11
164,820,2024-05-06,27500.0,24,12
165,6373,2024-04-24,18500.0,40,12
166,2792,2024-02-13,20100.0,31,11
167,6116,2026-05-03,47100.0,12,11
168,2835,2025-12-31,10600.0,13,11
169,1605,2024-05-08,32900.0,32,12
170,5170,2023-04-10,48800.0,9,11
171,6901,2026-01-02,17200.0,11,24
172,5704,2023-08-13,33500.0,23,12
173,2750,2024-04-02,56700.0,40,12
174,3929,2025-11-07,41600.0,13,11
175,1051,2025-04-13,10700.0,7,12
176,7539,2024-01-23,48000.0,2,11
177,510,2026-01-08,30900.0,2,12
178,7061,2025-11-14,14600.0,15,24
179,4597,2024-03-31,33000.0,9,11
180,888,2026-06-15,17200.0,28,11
181,7089,2023-09-07,16300.0,52,24
182,4592,2024-04-12,48700.0,11,11
183,207,2022-12-01,52300.0,33,12
184,5249,2024-12-05,22600.0,42,24
185,6102,2023-09-14,16300.0,38,24
186,7880,2025-01-05,46400.0,46,11
187,7187,2025-03-20,24100.0,21,12
188,1517,2023-06-21,60800.0,35,24
189,7901,2024-09-21,43400.0,20,12
190,881,2023-07-03,34000.0,40,11
191,2853,2024-12-24,29300.0,30,24
192,7563,2025-09-18,36900.0,49,11
193,572,2025-05-08,31500.0,10,12
194,5231,2025-08-17,40700.0,21,11
195,4285,2025-12-27,15600.0,38,36
196,6146,2025-06-19,37900.0,35,11
197,1796,2026-01-01,11700.0,42,12
198,6771,2025-01-09,17300.0,19,11
199,7731,2022-12-11,57800.0,43,11
200,6509,2025-01-10,34500.0,51,12
201,7042,2025-06-16,30400.0,22,11
202,1716,2024-05-05,22500.0,28,12
203,3322,2024-12-27,22400.0,41,11
204,4742,2025-02-11,43600.0,4,11
205,1085,2023-11-23,53500.0,46,11
206,6812,2023-11-21,38600.0,35,11
207,5397,2026-02-06,33600.0,14,12
208,1760,2025-01-08,38400.0,33,11
209,3396,2025-11-01,66400.0,44,11
210,3233,2023-06-19,32300.0,29,12
211,6040,2025-12-05,49200.0,17,11
212,2683,2025-09-25,23800.0,36,11
213,2790,2024-05-18,69600.0,41,11
214,6845,2023-07-02,37600.0,26,11
215,1633,2023-02-28,24200.0,26,24
216,3132,2023-07-10,37300.0,15,11
217,2753,2024-12-29,46300.0,13,11
218,5003,2026-03-16,29200.0,54,11
219,5262,2023-01-15,19400.0,31,11
220,5863,2023-01-14,33900.0,57,11
221,3712,2025-07-04,28700.0,25,11
222,1394,2024-12-22,35100.0,12,11
223,2025,2026-05-16,18900.0,20,11
224,5571,2024-10-07,27000.0,51,12
225,1701,2025-03-27,22800.0,6,36
226,1564,2025-04-11,23600.0,22,11
227,2083,2026-04-10,37300.0,20,11
228,7671,2023-12-14,75900.0,47,11
229,5715,2023-10-15,19400.0,29,36
230,3383,2026-05-13,43000.0,28,11
231,2287,2023-07-19,28000.0,29,11
232,7546,2022-09-12,36200.0,18,11
233,5627,2025-06-07,33500.0,19,11
234,5619,2023-05-13,17600.0,18,11
235,1335,2024-06-08,33700.0,48,24
236,4123,2025-08-07,37500.0,51,11
237,6921,2026-08-02,27400.0,21,11
238,2734,2026-02-19,26800.0,11,11
239,5182,2023-03-08,10600.0,49,12
240,5989,2023-05-29,30800.0,31,12
241,1310,2024-12-31,39900.0,24,12
242,7682,2024-10-03,51300.0,8,24
243,722,2026-04-18,25200.0,10,24
244,5698,2026-05-22,26200.0,49,24
245,5653,2023-11-01,65100.0,54,12
246,4851,2025-12-09,45900.0,26,11
247,4517,2026-05-08,23600.0,26,11
248,3836,2023-04-13,28100.0,12,11
249,7546,2024-03-23,36900.0,40,24
250,5473,2024-06-23,38400.0,31,11
251,4887,2024-08-25,59200.0,26,11
252,674,2024-08-07,20700.0,2,12
253,2042,2026-01-08,74300.0,17,24
254,3528,2025-09-24,14000.0,21,12
255,3831,2024-09-27,37300.0,0,11
256,5851,2026-04-09,51100.0,49,11
257,1528,2023-02-24,26100.0,44,11
258,3385,2024-06-07,34100.0,0,11
259,3851,2025-03-16,60800.0,8,36
260,5349,2025-03-25,35800.0,3,11
261,1895,2022-11-12,42400.0,21,11
262,5739,2025-04-06,24900.0,37,11
263,6725,2026-07-10,45000.0,43,11
264,4765,2023-10-17,55200.0,22,24
265,1319,2024-03-08,31400.0,31,12
266,3666,2022-10-31,21300.0,36,24
267,3541,2025-06-04,67600.0,17,11
268,7711,2026-08-01,59700.0,46,11
269,7434,2023-06-08,18400.0,14,11
270,1673,2025-07-11,46400.0,38,11
271,3782,2024-12-07,19900.0,23,11
272,3070,2024-02-11,17200.0,21,11
273,3228,2023-11-09,30400.0,10,11
274,711,2025-08-16,36800.0,25,12
275,2208,2024-12-07,47400.0,33,11
276,4191,2024-10-11,46500.0,15,11
277,4844,2026-02-10,36200.0,13,24
278,6497,2023-09-19,34700.0,19,36
279,5808,2022-09-24,25600.0,39,12
280,871,2025-05-08,51800.0,30,36
281,5980,2024-09-10,28800.0,30,11
282,7546,2025-05-19,35000.0,21,12
283,6667,2025-02-15,24100.0,25,11
284,3558,2024-11-25,6500.0,0,12
285,5881,2025-10-27,29900.0,39,36
286,5367,2023-05-28,65900.0,48,24
287,5287,2025-05-06,44100.0,23,12
288,1745,2023-08-07,87900.0,29,12
289,2839,2022-08-25,45700.0,1,12
290,5915,2025-02-12,32700.0,24,11
291,1772,2026-04-22,39100.0,30,12
292,5658,2023-04-02,37800.0,11,11
293,6527,2024-03-19,30800.0,0,24
294,5043,2023-02-10,32800.0,8,36
295,3594,2025-12-28,29000.0,12,11
296,203,2022-11-14,47400.0,10,36
297,3335,2026-02-25,36300.0,17,36
298,4314,2024-04-20,40800.0,24,11
299,4600,2024-03-03,49000.0,40,11
300,780,2023-03-01,22300.0,6,11
301,4493,2023-01-11,10600.0,16,12
302,2378,2023-12-04,48800.0,35,11
303,3001,2026-03-28,13900.0,25,12
304,7936,2025-07-25,39800.0,0,36
305,198,2025-05-15,44900.0,0,12
306,7279,2024-04-04,29400.0,31,12
307,1974,2023-09-29,36200.0,14,24
308,3667,2024-08-18,43700.0,13,24
309,7046,2026-05-05,35700.0,11,11
310,6419,2026-06-03,39500.0,35,11
311,618,2023-12-04,22600.0,27,12
312,3352,2025-08-22,69200.0,4,11
313,1175,2024-01-25,48600.0,13,12
314,4382,2024-08-10,26900.0,36,12
315,3480,2023-01-12,26800.0,20,11
316,2566,2026-07-01,54500.0,13,24
317,7672,2023-08-27,61200.0,4,11
318,1834,2024-05-10,49700.0,20,11
319,670,2022-08-28,24500.0,46,12
320,2874,2022-11-04,19400.0,26,11
321,7251,2024-09-23,18700.0,36,11
322,6178,2023-12-26,37400.0,18,12
323,6685,2025-10-12,28800.0,15,24
324,1400,2024-04-17,34500.0,0,11
325,2030,2024-10-03,36900.0,32,11
326,5753,2023-03-02,36000.0,23,36
327,147,2025-05-14,39800.0,0,24
328,3299,2024-01-24,33800.0,6,12
329,2978,2024-04-16,38700.0,20,24
330,1773,2024-01-17,37700.0,32,36
331,1885,2023-12-07,38800.0,5,11
332,496,2023-04-01,25600.0,32,11
333,3047,2026-03-14,26400.0,15,24
334,2003,2026-01-29,21900.0,0,11
335,5883,2023-09-03,46000.0,13,12
336,6839,2025-09-17,53700.0,6,11
337,2437,2024-12-27,45000.0,19,11
338,2986,2024-07-10,30800.0,23,11
339,4843,2023-10-26,27800.0,27,11
340,1843,2023-03-17,25200.0,31,36
341,6759,2026-01-09,38700.0,26,11
342,6192,2023-06-10,49500.0,8,24
343,6427,2024-10-01,23100.0,4,24
344,5657,2026-04-13,38500.0,8,12
345,4155,2026-08-17,26700.0,34,11
346,3452,2022-09-13,30600.0,16,24
347,5854,2025-09-26,43500.0,42,24
348,265,2025-12-24,20900.0,22,24
349,6008,2025-11-30,37800.0,9,12
350,6419,2026-02-07,41100.0,21,11
351,6627,2025-07-21,52300.0,24,11
352,633,2024-06-11,39300.0,19,36
353,1038,2026-06-20,22400.0,32,11
354,3728,2024-04-07,41200.0,3,24
355,5088,2022-10-25,35100.0,10,11
356,2094,2025-02-14,41200.0,59,11
357,7192,2025-11-15,47900.0,34,12
358,5544,2023-09-15,28200.0,29,11
359,6534,2026-04-19,35700.0,3,11
360,3810,2024-09-07,42000.0,19,36
361,4653,2024-04-11,12900.0,40,11
362,3181,2023-04-30,36000.0,12,11
363,5397,2025-10-27,33900.0,40,12
364,4184,2023-12-19,17400.0,27,24
365,7312,2022-10-29,19200.0,34,12
366,2101,2025-01-29,28000.0,7,24
367,7554,2024-10-09,36500.0,30,11
368,3246,2022-10-03,33000.0,21,24
369,1720,2025-01-25,25700.0,46,11
370,7110,2026-02-14,32500.0,0,24
371,2306,2025-08-14,46200.0,0,12
372,1182,2023-06-26,31900.0,27,11
373,4603,2025-04-21,51400.0,24,11
374,6428,2022-09-06,14900.0,12,12
375,6328,2025-09-18,23900.0,16,11
376,3269,2025-03-09,19500.0,44,11
377,1734,2025-12-05,35800.0,39,11
378,4084,2024-07-14,41200.0,4,36
379,4830,2024-07-28,10300.0,2,11
380,4788,2026-01-05,33100.0,39,11
381,1686,2025-12-01,40000.0,24,12
382,5662,2024-12-08,38600.0,0,24
383,1476,2024-07-31,40000.0,18,36
384,4295,2025-12-30,40300.0,7,24
385,4014,2023-12-24,28800.0,39,24
386,255,2023-03-31,25400.0,0,11
387,7548,2023-09-16,21400.0,23,11
388,3259,2023-06-22,31700.0,53,11
389,2614,2024-03-10,56400.0,16,24
390,5715,2023-09-18,19500.0,17,11
391,99,2022-09-08,29900.0,26,12
392,2249,2023-11-27,49300.0,24,11
393,6105,2022-10-20,47800.0,40,12
394,3032,2023-06-14,40200.0,55,24
395,6142,2025-08-24,36200.0,46,12
396,5085,2024-02-22,32000.0,9,11
397,4537,2025-05-25,11500.0,21,11
398,3865,2023-10-31,28800.0,43,12
399,2935,2024-09-02,10600.0,32,11
400,3314,2026-07-27,24100.0,3,12
401,3879,2024-12-04,64400.0,0,36
402,974,2024-08-16,29500.0,25,11
403,5924,2025-03-10,22900.0,30,11
404,4161,2023-07-11,25500.0,9,24
405,161,2023-08-22,27400.0,36,11
406,5822,2022-09-16,29000.0,13,36
407,7095,2023-12-25,32300.0,9,36
408,4597,2025-12-12,33600.0,14,11
409,1329,2025-09-05,30600.0,27,11
410,5023,2022-10-24,18400.0,29,12
411,4080,2025-04-07,22700.0,35,12
412,1562,2024-05-12,38200.0,28,11
413,6142,2023-04-23,34000.0,35,11
414,5634,2025-02-06,28100.0,40,24
415,5372,2023-09-18,16900.0,18,12
416,1246,2025-03-27,24200.0,19,24
417,4600,2025-11-13,47900.0,48,11
418,4842,2022-10-23,26600.0,14,12
419,3177,2023-07-26,20900.0,36,24
420,2796,2022-12-29,33000.0,18,11
421,4660,2026-04-12,39500.0,49,12
422,972,2025-01-13,51900.0,3,12
423,4670,2025-09-07,21000.0,0,11
424,3529,2023-12-18,22300.0,9,11
425,1069,2023-10-03,19300.0,15,24
426,7044,2025-12-31,31900.0,0,24
427,1731,2022-09-14,29900.0,10,11
428,6310,2023-05-26,11000.0,0,11
429,6507,2023-11-19,37500.0,16,12
430,3519,2022-10-18,40100.0,0,11
431,571,2023-01-07,32800.0,0,12
432,2539,2025-08-11,37000.0,15,12
433,6020,2025-04-17,61000.0,37,24
434,3437,2024-07-08,62300.0,13,11
435,6299,2024-10-06,54600.0,22,11
436,227,2024-06-22,24800.0,9,11
437,7600,2025-01-26,31900.0,7,12
438,5005,2026-06-16,49100.0,1,24
439,7935,2023-02-02,44600.0,20,11
440,6564,2023-11-14,96400.0,0,11
441,7174,2024-09-08,31600.0,8,11
442,977,2024-05-02,49100.0,24,36
443,5723,2023-09-14,18600.0,47,11
444,4653,2026-04-09,13600.0,13,24
445,3139,2024-09-21,47100.0,15,36
446,831,2023-04-09,44700.0,14,11
447,4861,2022-08-25,31300.0,26,11
448,7842,2024-09-20,37900.0,45,12
449,4748,2025-07-12,22900.0,31,12
450,5430,2025-12-27,47300.0,5,11
451,3195,2023-11-30,21200.0,30,12
452,7837,2025-03-14,36400.0,36,24
453,17,2026-02-16,37900.0,31,11
454,7493,2025-06-02,45900.0,28,11
455,1271,2025-11-09,15800.0,6,12
456,2255,2023-09-27,36200.0,16,11
457,2579,2024-11-30,20600.0,34,11
458,1095,2023-04-09,19100.0,0,11
459,3527,2025-03-21,20400.0,0,12
460,2622,2023-07-07,34500.0,46,11
461,6373,2026-07-08,19600.0,36,24
462,5989,2024-05-08,28000.0,14,11
463,1086,2025-07-31,28300.0,19,24
464,2378,2024-01-28,47100.0,14,24
465,3503,2024-10-29,21000.0,0,24
466,6783,2025-07-01,65800.0,23,11
467,304,2025-08-29,39400.0,28,11
468,4376,2023-04-19,36500.0,10,11
469,616,2024-04-24,29400.0,42,36
470,3246,2024-07-22,33200.0,25,36
471,712,2026-05-06,15000.0,36,11
472,5203,2023-06-22,23800.0,38,11
473,1167,2026-01-11,14600.0,20,11
474,191,2024-05-28,18700.0,18,11
475,2351,2025-06-07,18200.0,17,11
476,998,2024-03-02,18400.0,31,11
477,3046,2023-05-12,31600.0,41,12
478,6230,2024-12-29,26500.0,30,12
479,1212,2025-04-06,39300.0,3,36
480,3409,2025-03-15,33900.0,29,36
481,3477,2025-05-11,36900.0,42,12
482,128,2024-02-13,31600.0,15,24
483,2110,2026-07-24,41900.0,27,12
484,1858,2024-10-01,27100.0,6,11
485,5979,2026-03-17,47900.0,7,11
486,6854,2025-09-09,45700.0,47,24
487,578,2024-07-04,23900.0,29,24
488,5563,2024-08-20,26000.0,0,36
489,1938,2023-10-24,38500.0,43,11
490,2794,2023-03-22,48800.0,0,12
491,3954,2024-02-28,29300.0,54,12
492,4828,2024-01-30,35800.0,38,36
493,7611,2023-12-29,31800.0,3,24
494,4108,2023-11-19,20900.0,0,36
495,2968,2025-02-14,45400.0,14,11
496,1724,2025-01-03,35200.0,20,36
497,3081,2022-09-23,18000.0,45,11
498,7967,2024-04-25,13600.0,43,11
499,155,2023-03-31,49000.0,4,11
500,2593,2023-03-03,41500.0,44,11
501,1440,2025-07-14,16100.0,28,11
502,4151,2023-07-07,29600.0,30,11
503,799,2024-07-12,12600.0,31,11
504,3251,2024-06-07,23500.0,0,12
505,7717,2024-08-23,25800.0,8,11
506,4445,2024-12-13,46800.0,11,24
507,7497,2026-07-22,62100.0,41,12
508,7360,2026-03-03,30500.0,15,11
509,5719,2023-07-19,25900.0,4,11
510,5925,2025-05-08,46900.0,16,12
511,2869,2024-12-04,20400.0,21,11
512,546,2022-10-11,22000.0,18,11
513,6111,2025-11-19,24100.0,17,11
514,1883,2025-09-07,20100.0,30,11
515,5128,2024-05-06,27900.0,28,24
516,2509,2025-12-05,9200.0,38,12
517,533,2026-02-15,24600.0,0,11
518,7123,2025-06-28,20100.0,7,24
519,5748,2025-02-22,41700.0,29,24
520,3020,2024-06-04,37400.0,33,12
521,4225,2025-04-26,25900.0,0,11
522,4888,2024-11-03,24000.0,3,36
523,4209,2025-11-15,48600.0,11,12
524,2420,2026-07-28,23600.0,17,11
525,3938,2024-12-15,41900.0,9,24
526,6798,2025-06-12,26700.0,36,12
527,4599,2022-12-01,34500.0,3,11
528,2761,2025-10-18,68800.0,23,12
529,989,2024-04-25,23500.0,9,36
530,6128,2023-11-21,51800.0,17,11
531,6757,2023-06-11,28400.0,22,24
532,1194,2024-09-24,28600.0,12,11
533,5327,2026-08-03,28600.0,39,36
534,7677,2026-02-23,57300.0,29,11
535,5041,2024-10-23,47300.0,36,11
536,6044,2025-02-17,23000.0,51,12
537,2836,2022-10-17,13400.0,25,12
538,2026,2024-06-11,44500.0,27,11
539,870,2023-06-23,24100.0,3,11
540,4240,2024-09-09,19300.0,26,11
541,3824,2024-01-17,62400.0,38,12
542,3857,2022-11-22,59200.0,42,12
543,583,2024-08-10,18300.0,19,11
544,3341,2022-11-12,44800.0,14,11
545,1176,2024-12-15,35900.0,33,12
546,6426,2024-02-10,24000.0,24,11
547,6594,2026-08-01,17500.0,31,12
548,6858,2025-09-06,42700.0,36,11
549,7665,2025-02-21,30700.0,34,36
550,6585,2023-04-21,35300.0,30,11
551,1753,2025-12-09,47400.0,8,11
552,4885,2023-06-22,47100.0,0,11
553,5045,2023-09-09,44300.0,35,24
554,3945,2024-09-05,22700.0,20,24
555,5288,2024-04-11,23500.0,12,12
556,7300,2024-09-25,41600.0,39,11
557,2546,2026-01-29,17700.0,13,11
558,2719,2026-06-21,25000.0,34,36
559,7290,2025-05-17,46300.0,19,24
560,6544,2024-03-24,39200.0,27,36
561,3199,2023-03-28,26700.0,0,11
562,5814,2025-01-03,46800.0,5,36
563,3123,2025-05-11,60800.0,0,24
564,7948,2023-05-10,65100.0,29,24
565,5,2026-05-17,22100.0,22,12
566,5339,2025-10-11,25400.0,21,11
567,5434,2025-01-16,43700.0,42,11
568,4979,2025-02-28,26800.0,13,24
569,894,2023-12-20,25900.0,26,36
570,1011,2022-12-26,47400.0,36,12
571,7179,2026-02-23,31400.0,17,12
572,7673,2024-10-26,30600.0,0,24
573,4236,2023-04-02,24300.0,12,24
574,7162,2024-11-25,19700.0,36,11
575,7118,2025-10-15,29400.0,15,11
576,7231,2024-09-22,35200.0,12,11
577,6945,2024-03-07,17800.0,41,12
578,4468,2025-04-03,15200.0,34,11
579,4569,2025-09-06,22200.0,35,11
580,645,2024-09-04,27200.0,18,11
581,5342,2023-03-03,32000.0,9,36
582,1731,2025-11-13,27100.0,18,11
583,1720,2025-03-24,25400.0,5,11
584,4859,2024-08-02,19000.0,0,12
585,120,2026-04-18,38800.0,15,11
586,846,2024-03-08,74600.0,28,24
587,6031,2025-09-03,56100.0,19,11
588,3760,2026-06-30,32800.0,24,11
589,5292,2022-10-12,27100.0,22,11
590,6197,2023-02-09,22600.0,15,36
591,1400,2024-06-14,36600.0,7,11
592,753,2023-02-28,47900.0,12,11
593,7799,2024-07-22,42600.0,23,11
594,117,2023-03-22,40400.0,46,36
595,6074,2024-11-07,47300.0,17,12
596,2902,2024-03-08,36000.0,29,12
597,1178,2025-01-22,26200.0,21,36
598,7717,2023-07-23,26800.0,0,12
599,1975,2023-09-25,29300.0,33,11
600,1033,2025-06-17,32600.0,1,24
601,1702,2025-04-14,40900.0,32,11
602,1107,2026-01-12,36200.0,16,11
603,4836,2025-04-12,20500.0,6,12
604,521,2025-01-23,31000.0,21,11
605,2913,2024-06-13,51300.0,15,11
606,5331,2022-10-26,19000.0,25,12
607,7966,2025-06-27,33800.0,27,11
608,5354,2022-10-23,22700.0,40,12
609,568,2024-08-06,27300.0,34,24
610,3757,2024-06-22,35100.0,33,11
611,4688,2025-02-02,18000.0,23,12
612,7559,2026-01-30,30300.0,25,12
613,5104,2025-10-06,43700.0,15,11
614,3425,2026-02-03,35100.0,31,11
615,5427,2026-08-14,28700.0,0,11
616,4164,2023-05-26,45900.0,27,24
617,4907,2024-01-19,24200.0,35,12
618,1502,2024-06-01,40300.0,0,11
619,590,2025-11-01,19600.0,37,11
620,7084,2024-05-27,22100.0,36,36
621,7156,2025-08-04,39800.0,12,11
622,2345,2025-09-12,40300.0,21,11
623,3223,2025-12-29,35700.0,31,24
624,4348,2025-04-07,81000.0,27,24
625,1717,2026-02-25,37400.0,37,12
626,3590,2023-01-13,12000.0,17,12
627,5207,2023-12-14,21400.0,0,12
628,7407,2025-02-28,12500.0,6,11
629,2805,2025-05-11,12600.0,5,11
630,3439,2025-09-14,37300.0,31,24
631,4139,2024-05-23,29800.0,15,11
632,1271,2026-04-03,16600.0,34,11
633,5303,2024-01-24,32400.0,16,11
634,3193,2025-03-17,21400.0,29,11
635,5219,2024-09-24,34600.0,1,24
636,2189,2025-02-07,23900.0,25,11
637,5994,2025-05-02,47300.0,36,11
638,5167,2025-08-03,40800.0,22,12
639,3131,2024-09-12,57200.0,34,12
640,4653,2025-06-23,13600.0,14,12
641,5442,2023-10-03,20400.0,26,12
642,3030,2022-10-24,39000.0,22,11
643,2316,2024-02-08,46400.0,25,11
644,6760,2024-09-01,24800.0,54,11
645,2533,2023-06-21,50300.0,36,11
646,6622,2026-07-09,32900.0,9,11
647,4752,2023-11-17,41900.0,31,11
648,1672,2023-11-13,12800.0,39,36
649,5529,2024-07-26,38500.0,34,11
650,7576,2022-11-03,14600.0,36,12
651,1796,2026-04-24,11800.0,24,11
652,4556,2023-01-16,41200.0,18,12
653,2115,2023-03-30,36100.0,40,11
654,6006,2023-07-17,18800.0,33,11
655,6809,2025-03-23,32800.0,22,11
656,6002,2023-12-04,30100.0,24,24
657,7421,2022-10-30,33600.0,11,12
658,2913,2024-03-27,53000.0,46,24
659,3331,2026-08-06,32400.0,41,24
660,7544,2023-02-02,40900.0,8,11
661,7056,2025-02-22,68000.0,29,11
662,3818,2024-03-16,39600.0,25,11
663,2544,2026-05-16,80700.0,13,11
664,1668,2024-10-07,40600.0,19,11
665,2879,2022-12-07,16700.0,8,36
666,1037,2022-10-13,24500.0,46,12
667,1379,2025-03-10,47500.0,19,12
668,4717,2026-02-23,21900.0,18,11
669,3159,2024-06-07,42600.0,24,11
670,2903,2024-06-02,33500.0,10,24
671,338,2022-11-06,51100.0,30,11
672,6003,2026-03-01,69200.0,37,11
673,6538,2023-07-25,39100.0,44,11
674,4697,2026-07-12,29800.0,7,11
675,913,2025-11-07,15800.0,28,11
676,6436,2025-02-21,20400.0,41,11
677,3630,2024-01-23,34700.0,46,36
678,868,2024-09-06,44600.0,11,12
679,1725,2023-09-08,39400.0,11,11
680,1975,2026-07-16,29300.0,25,11
681,6980,2024-12-06,35600.0,31,11
682,3834,2023-10-22,26100.0,34,24
683,2481,2026-04-17,27700.0,39,12
684,1603,2026-08-04,33900.0,42,36
685,4094,2025-11-29,42400.0,37,11
686,5165,2024-04-29,61900.0,21,24
687,2799,2026-01-21,24600.0,43,11
688,3582,2026-06-13,24400.0,23,12
689,5856,2025-11-21,46200.0,16,11
690,5508,2022-11-25,43700.0,17,24
691,7903,2023-07-04,16600.0,4,12
692,5659,2023-03-04,30300.0,29,24
693,5406,2023-11-29,25700.0,58,36
694,4004,2023-07-05,26800.0,46,11
695,1092,2024-08-17,46000.0,22,24
696,7882,2025-04-13,18100.0,21,11
697,4484,2026-02-09,43500.0,18,12
698,2498,2024-01-20,24500.0,22,11
699,4201,2026-05-31,17200.0,39,11
700,5850,2024-02-05,48400.0,32,11
701,3456,2025-06-17,34700.0,35,11
702,4062,2023-04-11,26600.0,8,11
703,7575,2026-04-10,36300.0,18,11
704,2602,2025-04-23,37000.0,7,11
705,767,2025-04-13,40500.0,14,11
706,2127,2023-07-27,55500.0,22,24
707,2836,2024-09-01,14300.0,40,36
708,2963,2026-06-25,22900.0,24,11
709,4279,2025-09-23,20900.0,29,11
710,789,2023-06-20,62300.0,30,11
711,6893,2022-10-14,20200.0,12,12
712,7267,2024-11-22,42600.0,33,11
713,1661,2022-12-27,26700.0,41,11
714,3141,2024-11-14,57000.0,17,12
715,421,2026-04-27,20900.0,32,11
716,115,2025-04-13,28800.0,3,12
717,626,2025-03-15,29900.0,56,36
718,4067,2026-08-14,43300.0,31,12
719,3347,2023-07-17,31700.0,31,24
720,841,2023-05-02,38300.0,27,24
721,7826,2022-12-30,29700.0,31,12
722,5869,2026-01-19,27600.0,42,11
723,1550,2025-07-30,24600.0,31,11
724,3222,2022-11-28,65800.0,21,11
725,416,2024-01-08,18300.0,11,36
726,7699,2025-08-03,34200.0,12,11
727,7745,2024-10-13,25100.0,36,11
728,741,2024-12-18,26500.0,8,11
729,3431,2025-10-27,25700.0,48,12
730,7318,2022-09-24,39900.0,42,12
731,2871,2024-07-01,21800.0,18,36
732,687,2023-06-18,53300.0,30,11
733,3549,2023-10-20,67300.0,18,36
734,6113,2024-03-03,38300.0,12,11
735,2559,2024-07-08,31300.0,14,11
736,3038,2023-08-26,23400.0,19,36
737,6468,2023-05-05,37500.0,11,36
738,2849,2023-02-14,56500.0,5,12
739,1150,2025-08-09,29100.0,7,11
740,4173,2024-12-03,57600.0,24,24
741,1606,2024-10-23,36200.0,10,24
742,5187,2025-03-27,48200.0,11,11
743,5219,2026-04-27,31700.0,24,11
744,2191,2024-07-31,30900.0,45,11
745,1725,2025-08-06,38000.0,13,36
746,6952,2026-04-30,41700.0,19,12
747,7511,2025-01-26,22100.0,10,36
748,4226,2024-05-01,39800.0,0,24
749,3942,2024-05-26,38300.0,18,36
750,3523,2023-12-24,30700.0,12,12
751,3854,2026-06-05,18800.0,0,36
752,5767,2026-03-23,28000.0,28,24
753,2377,2022-12-10,38700.0,37,36
754,6494,2025-04-16,53500.0,38,11
755,2981,2024-04-01,47800.0,20,11
756,5080,2024-11-03,47900.0,17,11
757,6042,2025-03-20,70800.0,16,11
758,5513,2026-05-28,47500.0,32,11
759,4044,2026-03-14,44200.0,29,11
760,6336,2023-01-11,40100.0,41,24
761,605,2025-10-13,24400.0,24,36
762,6124,2023-11-01,31900.0,41,12
763,741,2023-09-23,24800.0,27,11
764,1396,2024-07-20,40100.0,28,11
765,4596,2025-06-06,30000.0,43,12
766,711,2022-11-13,35200.0,12,11
767,7340,2024-12-30,48800.0,55,11
768,6453,2025-11-26,39700.0,27,11
769,5855,2023-06-13,25800.0,15,11
770,399,2024-07-31,29700.0,62,24
771,6728,2024-06-07,17700.0,0,11
772,7554,2022-09-26,33800.0,11,11
773,4265,2026-08-14,44300.0,26,11
774,4464,2024-12-31,28800.0,21,11
775,2557,2025-07-05,22400.0,51,12
776,1861,2023-02-19,19100.0,50,11
777,730,2024-04-02,31500.0,41,11
778,2845,2025-04-16,31500.0,6,12
779,7707,2026-08-15,12700.0,33,11
780,7890,2026-07-08,10400.0,29,11
781,5058,2025-09-18,24400.0,32,11
782,3662,2022-09-30,29600.0,14,36
783,5609,2023-03-29,25300.0,17,11
784,144,2026-06-25,33700.0,8,24
785,5092,2025-03-03,34200.0,37,12
786,3216,2026-07-06,30300.0,10,36
787,7420,2025-08-18,37600.0,33,12
788,4595,2024-12-07,30800.0,18,11
789,7346,2025-03-20,18100.0,34,11
790,7243,2024-03-03,33800.0,36,11
791,3008,2025-11-28,51800.0,18,12
792,5711,2023-02-06,8500.0,24,24
793,7809,2026-03-13,39200.0,28,11
794,3721,2024-04-18,36700.0,33,11
795,3302,2024-06-10,26400.0,15,11
796,1195,2023-02-15,38800.0,18,11
797,2673,2025-08-14,32400.0,27,12
798,1088,2026-08-05,9300.0,42,11
799,2204,2024-04-15,69800.0,27,11
800,5276,2026-06-11,42500.0,11,11
801,5424,2022-08-22,21800.0,21,11
802,3053,2026-08-16,28800.0,16,24
803,6680,2025-08-14,30200.0,36,36
804,3375,2026-04-18,33900.0,45,11
805,4836,2023-09-29,19100.0,3,12
806,1184,2025-11-17,48000.0,23,12
807,7484,2026-04-27,33200.0,24,11
808,5454,2023-03-04,51400.0,32,11
809,745,2026-01-11,24000.0,35,24
810,4434,2023-02-23,43300.0,23,11
811,6947,2025-05-09,48800.0,3,11
812,4955,2026-07-20,24600.0,3,12
813,6876,2023-09-16,52900.0,16,12
814,7330,2024-12-26,20800.0,37,12
815,7395,2022-10-16,69400.0,29,11
816,971,2026-03-26,30500.0,6,11
817,2595,2023-06-20,54200.0,22,12
818,7208,2024-05-20,30700.0,16,11
819,3406,2024-04-29,42400.0,32,11
820,3382,2023-07-08,50600.0,16,11
821,1577,2024-04-26,49100.0,13,36
822,5412,2024-01-25,24700.0,0,11
823,5896,2025-08-05,50800.0,39,11
824,1219,2023-01-04,11800.0,51,24
825,6446,2026-02-02,26200.0,28,12
826,5635,2025-02-02,29200.0,14,11
827,3064,2023-12-11,18200.0,23,24
828,7089,2025-03-05,17300.0,28,11
829,2740,2023-09-27,39600.0,28,12
830,1245,2024-03-31,32900.0,12,11
831,1575,2023-09-24,21600.0,25,11
832,6301,2022-09-28,61000.0,6,11
833,3316,2023-04-16,29200.0,26,12
834,5664,2023-08-13,43800.0,21,24
835,2438,2026-01-25,42000.0,42,11
836,3805,2022-11-19,42700.0,35,11
837,5738,2023-11-07,25500.0,7,11
838,1419,2024-03-19,47000.0,42,11
839,1898,2024-01-28,26000.0,24,12
840,1396,2026-02-28,41100.0,55,11
841,507,2023-03-12,19900.0,0,11
842,1718,2025-11-13,53200.0,13,11
843,518,2025-11-20,26400.0,51,12
844,7650,2023-01-27,37800.0,33,24
845,4413,2024-03-02,21200.0,26,24
846,1355,2024-08-04,23400.0,13,24
847,1183,2023-02-23,49900.0,27,36
848,1869,2023-07-04,29100.0,0,11
849,3217,2024-11-26,40400.0,30,11
850,7574,2025-10-05,36900.0,23,36
851,3570,2024-01-23,45600.0,34,12
852,1852,2026-04-02,52600.0,10,12
853,6728,2024-02-28,17000.0,31,12
854,2993,2025-01-30,16700.0,16,11
855,5420,2023-12-22,37100.0,5,12
856,2264,2024-12-18,30100.0,28,12
857,4280,2023-04-07,56800.0,21,11
858,726,2023-05-13,34900.0,11,12
859,6102,2025-05-17,15700.0,9,24
860,3687,2024-02-19,39200.0,0,11
861,4228,2026-02-26,82600.0,11,12
862,7447,2025-11-18,27600.0,29,11
863,3606,2023-10-30,44400.0,62,11
864,4368,2022-10-24,16400.0,47,11
865,4855,2023-07-02,12000.0,35,12
866,4958,2026-01-24,24100.0,0,11
867,1271,2025-10-21,15800.0,47,12
868,3795,2025-11-21,20300.0,27,24
869,1107,2023-12-05,35900.0,44,11
870,5903,2026-07-11,27200.0,25,11
871,6762,2025-08-09,13100.0,18,12
872,460,2023-12-21,22600.0,19,11
873,5036,2022-11-20,33300.0,37,24
874,912,2025-07-09,38800.0,31,11
875,1415,2023-06-20,57600.0,13,24
876,2002,2026-05-19,61800.0,26,11
877,3144,2026-07-05,19300.0,20,11
878,6669,2025-10-01,13700.0,24,11
879,2040,2026-05-02,31300.0,13,12
880,6629,2023-08-28,38100.0,15,11
881,4385,2024-10-30,44700.0,38,11
882,512,2024-07-22,38600.0,28,11
883,1242,2023-05-10,32700.0,28,11
884,1566,2026-04-11,22700.0,19,24
885,3523,2023-07-20,28200.0,10,12
886,7734,2022-08-21,14100.0,38,11
887,839,2024-07-04,48800.0,21,11
888,946,2023-08-07,38500.0,27,12
889,5142,2023-07-27,17800.0,5,11
890,5353,2023-08-24,32300.0,0,36
891,134,2024-01-29,16100.0,22,24
892,2151,2024-02-23,39000.0,0,36
893,3712,2025-08-03,28900.0,13,12
894,4888,2022-12-20,24500.0,27,12
895,6962,2025-05-19,25100.0,19,24
896,6449,2023-10-21,47100.0,46,36
897,1894,2025-12-13,21400.0,45,36
898,5022,2023-03-25,18900.0,19,12
899,5386,2023-01-02,11400.0,26,11
900,4269,2023-09-04,44500.0,28,11
901,3003,2025-10-05,52800.0,41,11
902,3365,2024-06-19,73000.0,23,11
903,4399,2024-09-13,46200.0,28,24
904,2874,2024-12-28,21400.0,36,24
905,5468,2023-11-25,36300.0,17,11
906,5919,2022-11-20,34200.0,14,24
907,1278,2026-02-18,39300.0,23,36
908,5902,2022-08-31,54600.0,2,24
909,5774,2022-09-09,19300.0,43,12
910,3596,2023-12-03,38100.0,25,11
911,7726,2023-08-11,50900.0,44,24
912,6321,2024-08-12,23800.0,21,11
913,1284,2024-05-17,19400.0,6,12
914,3459,2023-01-05,21600.0,32,12
915,5768,2023-05-30,44100.0,7,11
916,5380,2025-06-05,39300.0,36,24
917,3570,2025-11-07,45000.0,40,11
918,3669,2024-08-22,23500.0,6,11
919,1427,2022-11-15,29600.0,34,36
920,3722,2025-07-11,20700.0,9,11
921,3412,2024-10-10,20500.0,33,12
922,2763,2026-06-29,20600.0,20,11
923,476,2022-12-23,29200.0,17,12
924,7268,2023-06-17,22400.0,17,24
925,5246,2022-12-21,20000.0,47,12
926,1384,2023-01-01,21000.0,5,11
927,2846,2022-11-22,20700.0,13,11
928,2895,2023-07-20,35400.0,3,11
929,5177,2024-07-23,33600.0,32,11
930,361,2024-04-13,30400.0,32,11
931,3091,2025-02-27,46200.0,1,24
932,7733,2026-06-01,32500.0,34,36
933,678,2022-09-10,27700.0,26,11
934,4572,2025-10-29,36800.0,25,24
935,5242,2022-12-11,26500.0,28,24
936,1173,2024-06-16,22800.0,48,12
937,5588,2022-10-25,22000.0,22,11
938,6966,2025-04-26,42000.0,23,24
939,4279,2025-02-26,22300.0,23,11
940,3805,2023-11-30,43100.0,17,24
941,2806,2023-11-03,6400.0,7,11
942,7639,2023-12-16,16800.0,31,11
943,7499,2024-06-13,34400.0,18,24
944,548,2022-11-05,66800.0,15,11
945,2842,2025-03-15,26300.0,22,11
946,5076,2025-03-29,37600.0,37,12
947,4230,2022-08-23,43800.0,36,11
948,4943,2026-02-01,28900.0,4,12
949,3863,2025-12-02,43700.0,26,24
950,6169,2025-04-05,16800.0,12,12
951,6788,2023-08-12,38100.0,41,24
952,7255,2025-11-13,42200.0,40,11
953,7466,2022-12-03,35800.0,30,24
954,5439,2026-05-27,24200.0,18,11
955,5137,2023-05-08,52800.0,8,11
956,6261,2025-08-09,35800.0,39,36
957,2563,2022-09-06,38800.0,20,12
958,2842,2022-10-07,26700.0,23,11
959,7046,2023-05-16,36000.0,42,36
960,942,2022-11-07,18500.0,36,11
961,3026,2026-06-21,96900.0,22,11
962,1616,2024-05-11,26500.0,41,11
963,7873,2023-12-22,17200.0,0,36
964,3406,2025-03-22,39900.0,54,36
965,4589,2026-05-27,30700.0,20,11
966,5837,2026-04-10,25700.0,16,24
967,7178,2022-09-16,43500.0,30,12
968,257,2023-12-09,50900.0,2,11
969,4912,2025-12-16,40700.0,20,11
970,1880,2023-04-22,16900.0,26,12
971,1988,2025-08-06,22900.0,14,24
972,6733,2023-01-07,34500.0,18,11
973,10,2025-10-14,49900.0,30,12
974,2937,2022-09-28,26900.0,24,11
975,813,2024-04-08,20200.0,13,12
976,7564,2022-10-12,34200.0,30,11
977,7573,2023-11-23,45900.0,6,36
978,5084,2023-08-29,41800.0,35,11
979,5239,2025-08-03,37300.0,13,11
980,7440,2024-11-24,21300.0,35,24
981,1037,2022-09-16,24400.0,19,24
982,1866,2026-07-26,36200.0,57,12
983,4573,2024-03-29,36900.0,29,11
984,3211,2026-03-16,38300.0,52,24
985,2242,2023-06-16,33800.0,23,11
986,225,2025-08-05,32500.0,19,12
987,5478,2023-03-13,22200.0,0,11
988,6453,2023-03-06,39300.0,3,12
989,6023,2023-03-07,26700.0,11,12
990,5060,2022-10-13,28300.0,8,11
991,7605,2026-08-07,38200.0,20,11
992,4252,2023-07-25,25900.0,46,36
993,5456,2026-07-17,20600.0,56,11
994,4016,2023-02-26,40200.0,25,12
995,7122,2025-04-17,80500.0,35,11
996,7089,2022-10-27,16100.0,0,12
997,4892,2024-02-22,30600.0,21,12
998,5703,2025-04-02,21500.0,13,12
999,4094,2023-01-06,44200.0,0,24
1000,1670,2025-04-15,28000.0,4,12
1001,2200,2025-02-01,39400.0,20,11
1002,7420,2022-10-26,38300.0,31,36
1003,518,2022-12-08,24400.0,42,24
1004,388,2025-08-31,18000.0,0,12
1005,408,2023-08-29,20900.0,25,24
1006,7118,2023-11-11,29900.0,18,12
1007,4719,2023-07-12,14300.0,0,24
1008,4676,2023-01-14,24900.0,24,11
1009,2044,2023-07-18,36900.0,13,24
1010,2818,2023-05-01,27500.0,48,11
1011,1706,2023-05-12,15000.0,10,36
1012,6114,2024-02-24,38000.0,47,11
1013,7065,2026-07-11,14900.0,30,11
1014,1492,2025-10-26,47700.0,42,11
1015,7344,2023-04-08,29300.0,42,36
1016,7294,2025-07-25,13800.0,25,24
1017,3721,2023-08-26,40600.0,29,11
1018,2785,2025-12-18,15100.0,34,11
1019,4917,2024-04-12,40000.0,18,11
1020,7783,2023-10-07,20800.0,25,12
1021,4272,2023-02-20,32500.0,27,12
1022,5382,2023-11-07,10000.0,23,12
1023,7406,2024-08-20,33600.0,43,11
1024,7399,2023-10-29,25400.0,7,11
1025,6740,2025-11-06,21800.0,37,11
1026,6122,2025-01-26,28600.0,26,11
1027,2093,2024-05-06,25900.0,32,11
1028,4240,2022-08-27,18400.0,8,12
1029,4888,2023-09-09,24500.0,4,11
1030,729,2024-09-06,23300.0,19,36
1031,5688,2024-05-08,26300.0,37,11
1032,4649,2023-09-14,49600.0,12,11
1033,5088,2025-08-13,39600.0,42,12
1034,4688,2025-07-21,20000.0,37,11
1035,1865,2024-12-19,22600.0,28,11
1036,2126,2024-01-23,36000.0,30,24
1037,3502,2024-05-19,30700.0,25,11
1038,6369,2024-06-13,28200.0,31,24
1039,7393,2025-04-24,19400.0,51,11
1040,1609,2025-02-18,51700.0,39,11
1041,6430,2026-02-06,20200.0,15,24
1042,251,2023-08-09,32200.0,21,11
1043,685,2025-04-12,26500.0,37,24
1044,4637,2024-10-31,28600.0,55,12
1045,2213,2025-02-18,25400.0,44,36
1046,784,2023-05-06,12200.0,34,11
1047,4054,2024-07-09,39900.0,18,11
1048,7629,2023-07-25,23800.0,17,11
1049,4467,2024-04-02,52900.0,0,11
1050,2028,2025-09-24,53600.0,38,12
1051,1103,2023-12-21,34300.0,23,24
1052,237,2023-05-06,40900.0,38,24
1053,392,2024-03-02,47500.0,15,24
1054,3109,2026-06-22,21200.0,40,11
1055,4968,2024-02-12,43600.0,1,36
1056,1890,2023-12-18,51700.0,10,11
1057,6683,2026-01-08,35600.0,4,36
1058,4826,2023-09-14,48300.0,24,24
1059,2877,2025-09-09,13300.0,9,11
1060,3457,2024-03-11,38500.0,30,36
1061,7214,2023-04-07,23800.0,30,11
1062,3358,2025-10-13,54200.0,36,11
1063,1280,2026-02-14,19400.0,25,11
1064,7148,2024-09-04,33500.0,45,12
1065,4074,2025-02-10,53800.0,14,12
1066,4779,2024-04-19,25700.0,25,12
1067,2169,2023-11-01,33400.0,18,11
1068,4634,2023-09-13,47000.0,34,11
1069,2198,2025-10-06,33200.0,3,11
1070,7747,2024-02-10,81400.0,55,11
1071,4969,2023-08-19,61700.0,0,11
1072,7031,2026-01-11,46900.0,1,11
1073,7100,2025-06-04,21000.0,43,24
1074,1360,2023-04-09,35000.0,22,12
1075,6372,2026-02-22,39500.0,0,12
1076,7092,2025-09-28,74000.0,26,12
1077,1389,2026-06-06,24600.0,11,11
1078,7154,2026-04-30,23800.0,36,12
1079,2536,2024-03-17,29600.0,46,12
1080,4646,2025-07-06,32200.0,0,24
1081,2061,2025-04-20,49500.0,41,11
1082,1362,2023-12-26,46800.0,0,11
1083,4448,2024-11-16,17500.0,29,11
1084,4361,2025-06-05,39100.0,11,24
1085,7806,2025-06-07,42100.0,12,36
1086,7281,2024-04-06,32400.0,14,24
1087,1389,2025-09-06,26000.0,23,11
1088,5230,2026-02-26,15800.0,28,11
1089,4743,2024-12-09,18300.0,29,24
1090,4964,2026-03-09,18500.0,53,11
1091,3253,2025-08-16,25600.0,18,24
1092,7889,2023-04-02,71700.0,27,36
1093,2176,2023-06-11,34100.0,21,11
1094,2229,2026-04-11,16000.0,3,36
1095,5004,2025-08-27,16100.0,32,11
1096,7195,2024-03-09,29700.0,2,24
1097,138,2026-04-30,38300.0,32,11
1098,6460,2023-03-28,31600.0,21,12
1099,3556,2023-01-17,39800.0,10,11
1100,5570,2024-07-13,41300.0,16,24
1101,2896,2023-04-05,19800.0,29,11
1102,3664,2024-06-18,36200.0,6,12
1103,6096,2025-03-19,45000.0,13,11
1104,3103,2026-05-15,42600.0,35,11
1105,4258,2026-06-09,31800.0,50,11
1106,2650,2025-08-12,38700.0,29,11
1107,6327,2024-10-27,18100.0,26,11
1108,5692,2023-07-14,36300.0,15,11
1109,4401,2023-09-20,53500.0,24,11
1110,6401,2026-05-24,31700.0,18,11
1111,3906,2023-10-12,76600.0,17,11
1112,4232,2024-10-29,61100.0,2,36
1113,3911,2024-08-19,16800.0,30,12
1114,4136,2024-05-08,44100.0,4,36
1115,1950,2025-04-23,31400.0,34,11
1116,6385,2022-09-27,59100.0,3,36
1117,774,2025-10-09,30500.0,20,12
1118,7991,2024-03-16,10800.0,14,36
1119,7504,2024-10-14,14800.0,43,12
1120,7143,2023-10-26,27600.0,6,11
1121,6369,2024-07-07,28600.0,28,11
1122,6217,2025-03-10,42100.0,31,36
1123,3528,2025-02-04,14900.0,47,12
1124,6158,2025-08-22,17300.0,8,11
1125,7846,2025-09-01,45200.0,32,11
1126,917,2025-10-13,15500.0,15,11
1127,4559,2022-12-10,14400.0,15,12
1128,3017,2023-01-07,30500.0,32,12
1129,1757,2026-01-28,40700.0,18,11
1130,283,2025-04-30,34700.0,43,24
1131,3346,2024-08-19,29300.0,19,11
1132,1929,2023-01-15,32100.0,26,36
1133,3346,2026-03-22,29800.0,24,36
1134,677,2024-09-10,35400.0,27,11
1135,4282,2023-06-03,20900.0,0,11
1136,682,2024-06-24,55400.0,20,11
1137,2013,2022-10-01,30900.0,25,12
1138,4250,2022-09-22,47600.0,42,11
1139,6922,2025-11-10,25500.0,17,12
1140,3197,2024-07-12,20900.0,28,11
1141,7727,2024-02-25,34600.0,0,24
1142,5239,2024-07-08,37200.0,26,36
1143,5708,2023-04-19,33500.0,37,11
1144,4806,2025-12-14,47200.0,15,12
1145,4885,2022-08-25,49200.0,12,12
1146,3991,2023-01-06,42800.0,36,11
1147,6821,2024-10-11,31000.0,10,12
1148,5647,2024-04-29,53500.0,35,12
1149,7133,2024-07-24,35100.0,40,12
1150,7838,2024-11-06,18800.0,24,24
1151,6934,2025-06-24,10700.0,26,12
1152,6511,2024-11-09,50700.0,36,24
1153,532,2023-03-12,33000.0,34,24
1154,2445,2025-07-24,49400.0,31,24
1155,3192,2024-12-05,40200.0,8,24
1156,2650,2023-02-08,38600.0,27,36
1157,2012,2026-07-20,19600.0,34,12
1158,5312,2026-07-20,33200.0,27,12
1159,1792,2024-03-23,28000.0,26,24
1160,6057,2023-06-03,33800.0,18,24
1161,7394,2025-09-15,20400.0,22,12
1162,7088,2025-10-06,24300.0,14,12
1163,2347,2024-05-26,28900.0,7,11
1164,6321,2023-05-15,24400.0,13,12
1165,5357,2025-03-15,39200.0,5,12
1166,2312,2025-12-26,42200.0,39,12
1167,2337,2025-08-17,21100.0,42,24
1168,5290,2026-08-07,30700.0,15,12
1169,6631,2025-03-01,25100.0,8,11
1170,4298,2024-03-09,29300.0,10,36
1171,2944,2025-06-11,36800.0,31,11
1172,4237,2024-01-05,67500.0,0,24
1173,3729,2024-04-03,23600.0,33,11
1174,4536,2026-04-20,30700.0,23,11
1175,5260,2023-05-26,36400.0,42,11
1176,7098,2023-01-26,39500.0,22,11
1177,5497,2023-03-10,57900.0,10,12
1178,2100,2026-05-10,18600.0,32,36
1179,4827,2026-01-28,27700.0,27,36
1180,6111,2024-12-26,22700.0,21,11
1181,1304,2026-03-25,20800.0,7,11
1182,5935,2022-09-05,26700.0,32,36
1183,2828,2024-03-19,17700.0,25,11
1184,305,2024-12-03,56100.0,14,11
1185,649,2024-08-27,35300.0,37,24
1186,56,2025-04-17,57900.0,50,11
1187,4929,2026-08-10,52200.0,17,12
1188,534,2023-01-27,38300.0,33,11
1189,4674,2025-03-15,44400.0,41,11
1190,4217,2025-06-11,37100.0,28,12
1191,2172,2024-03-01,21800.0,30,12
1192,3368,2023-10-20,44100.0,0,36
1193,7709,2024-06-22,28000.0,23,11
1194,368,2025-02-11,16600.0,5,11
1195,6955,2024-06-09,25800.0,0,12
1196,4727,2025-04-28,20400.0,30,24
1197,6990,2024-04-12,15400.0,0,11
1198,5552,2026-03-10,38700.0,0,11
1199,5090,2023-07-13,51700.0,11,11
1200,5241,2023-12-13,31100.0,47,11
1201,5237,2025-01-12,43100.0,34,24
1202,1684,2022-10-07,33500.0,15,11
1203,936,2026-06-16,39000.0,26,11
1204,2860,2023-01-23,50400.0,21,11
1205,6644,2024-01-13,22400.0,8,11
1206,5995,2025-09-22,23400.0,6,11
1207,1566,2022-09-29,22600.0,18,24
1208,3427,2024-03-28,37900.0,29,11
1209,7831,2025-07-04,39800.0,10,36
1210,7100,2024-11-26,21100.0,44,11
1211,7032,2023-09-21,17500.0,58,11
1212,1950,2024-12-21,33000.0,26,11
1213,3158,2025-09-05,22400.0,21,11
1214,5430,2022-12-16,46300.0,12,36
1215,5874,2023-07-16,37200.0,35,24
1216,4685,2023-09-21,27000.0,27,36
1217,2120,2023-09-21,48600.0,18,11
1218,726,2024-07-15,31800.0,4,24
1219,1088,2025-04-18,9200.0,15,24
1220,2020,2025-12-19,37300.0,19,11
1221,1325,2025-04-05,21900.0,45,11
1222,5470,2023-06-15,48500.0,31,12
1223,6360,2025-05-17,17500.0,7,11
1224,7799,2024-10-07,43700.0,0,11
1225,126,2023-01-13,30000.0,11,11
1226,7106,2022-10-25,26800.0,23,11
1227,4738,2024-11-20,52500.0,5,36
1228,6420,2025-10-27,28400.0,45,12
1229,3681,2023-09-11,30200.0,31,12
1230,3364,2025-07-19,41500.0,9,36
1231,6297,2026-06-15,14000.0,4,12
1232,1639,2026-02-03,32000.0,24,24
1233,7718,2024-08-10,14500.0,32,11
1234,67,2023-07-02,27300.0,33,11
1235,234,2022-12-05,102000.0,21,11
1236,2204,2023-08-21,66900.0,0,11
1237,1197,2024-10-23,34500.0,14,24
1238,2206,2023-01-18,23400.0,35,24
1239,6505,2022-09-04,25800.0,13,12
1240,4302,2023-10-07,58700.0,18,12
1241,1526,2025-04-02,57200.0,0,36
1242,6306,2024-12-29,45000.0,33,11
1243,4825,2025-04-06,9400.0,42,12
1244,4101,2025-09-20,17200.0,39,11
1245,7692,2022-10-28,80500.0,11,11
1246,7041,2023-11-18,34200.0,22,36
1247,6883,2026-03-25,38600.0,0,12
1248,7880,2023-04-13,49000.0,46,12
1249,2526,2026-04-13,19800.0,0,11
1250,2719,2023-03-27,26300.0,0,12
1251,5760,2024-11-17,47300.0,49,36
1252,2800,2026-02-28,23500.0,26,12
1253,5522,2026-01-17,28200.0,11,11
1254,7643,2026-05-03,24500.0,40,11
1255,1800,2024-04-01,40600.0,31,11
1256,3598,2024-10-23,29300.0,5,24
1257,2019,2022-10-07,24500.0,28,11
1258,2414,2026-06-29,21600.0,18,12
1259,894,2026-02-20,26900.0,43,24
1260,6212,2025-01-15,41500.0,46,11
1261,3900,2023-08-15,32900.0,17,11
1262,3531,2023-03-18,24200.0,15,11
1263,1342,2026-06-14,47000.0,0,11
1264,1492,2025-09-17,49700.0,41,11
1265,2769,2023-08-31,52800.0,0,11
1266,2375,2026-03-20,24500.0,20,12
1267,1772,2026-05-16,37000.0,17,12
1268,1641,2023-11-04,25500.0,29,36
1269,5745,2023-09-05,29700.0,21,12
1270,6912,2023-04-04,51000.0,14,11
1271,2620,2022-11-15,39000.0,14,11
1272,3504,2023-11-29,22300.0,40,12
1273,7138,2022-12-07,20100.0,15,36
1274,3601,2022-11-17,37700.0,22,24
1275,2449,2024-07-18,37400.0,32,12
1276,5850,2026-07-28,52300.0,26,11
1277,3823,2023-01-07,39400.0,38,11
1278,2936,2025-12-25,14800.0,27,11
1279,1188,2026-05-07,39300.0,59,11
1280,4964,2023-01-12,19100.0,15,12
1281,7194,2026-04-26,43300.0,49,11
1282,244,2024-02-29,25700.0,54,12
1283,2647,2022-12-14,45600.0,73,11
1284,1089,2025-10-13,32100.0,60,24
1285,4428,2023-01-11,24300.0,46,36
1286,2652,2025-06-10,39900.0,7,11
1287,937,2022-12-24,23400.0,31,11
1288,5462,2024-08-12,25300.0,38,11
1289,6,2023-06-12,42900.0,12,11
1290,7645,2023-03-05,59400.0,34,12
1291,473,2025-06-15,20500.0,14,12
1292,5976,2024-12-18,22200.0,4,11
1293,4264,2023-11-15,22700.0,8,36
1294,4,2026-01-09,36500.0,38,11
1295,6091,2022-09-12,36100.0,37,24
1296,656,2023-03-05,47600.0,23,11
1297,118,2026-04-04,27400.0,24,11
1298,2998,2025-04-23,65000.0,21,12
1299,5849,2022-08-26,43400.0,59,12
1300,2607,2026-07-08,42400.0,22,11
1301,6246,2024-09-18,22500.0,21,11
1302,5155,2025-11-05,35100.0,56,11
1303,6862,2022-12-26,46900.0,5,24
1304,5683,2023-01-01,77700.0,14,11
1305,4389,2023-03-01,39000.0,11,12
1306,862,2024-10-07,48400.0,15,11
1307,2824,2026-01-14,31000.0,28,11
1308,5634,2023-10-30,25800.0,0,11
1309,7347,2023-03-07,22600.0,20,11
1310,5677,2024-07-27,39500.0,11,24
1311,6449,2025-06-03,51600.0,3,12
1312,7623,2025-09-21,33800.0,28,36
1313,5888,2025-01-23,36500.0,21,11
1314,6607,2026-07-06,32200.0,38,11
1315,5652,2024-07-16,22600.0,38,12
1316,1169,2024-09-03,41700.0,52,36
1317,7131,2024-08-06,34100.0,26,36
1318,1852,2023-10-24,53600.0,3,11
1319,736,2024-05-07,19100.0,13,11
1320,226,2025-01-20,29200.0,30,12
1321,4733,2023-08-03,55600.0,10,11
1322,4304,2025-10-15,47100.0,5,36
1323,6415,2022-12-14,16000.0,27,36
1324,4760,2026-04-22,32300.0,49,11
1325,2093,2024-08-18,28500.0,28,11
1326,6364,2025-02-03,22600.0,17,12
1327,4856,2023-01-29,24700.0,29,11
1328,4519,2026-07-30,33300.0,28,24
1329,1608,2023-02-14,45700.0,17,12
1330,1870,2024-12-10,31400.0,14,11
1331,1961,2023-10-12,31500.0,3,11
1332,4330,2023-08-19,36100.0,8,12
1333,7836,2023-03-29,20000.0,28,36
1334,7140,2024-01-10,30300.0,11,12
1335,2070,2026-02-21,37300.0,14,11
1336,6539,2022-12-09,26700.0,30,36
1337,3832,2023-08-01,28400.0,27,12
1338,919,2026-04-25,35400.0,16,11
1339,4893,2023-07-04,21700.0,20,24
1340,2084,2022-11-03,20200.0,27,11
1341,10,2025-01-07,53000.0,25,11
1342,262,2024-05-14,41100.0,47,11
1343,6165,2025-04-13,26300.0,16,11
1344,1711,2024-03-09,28100.0,23,11
1345,2269,2024-04-04,42100.0,45,11
1346,7193,2023-08-25,9400.0,18,12
1347,2105,2024-01-05,29800.0,22,11
1348,5406,2023-04-21,26600.0,38,11
1349,3799,2023-12-05,42300.0,4,11
1350,1655,2025-08-30,22400.0,15,11
1351,323,2024-08-14,30100.0,34,24
1352,1373,2023-11-18,32400.0,43,11
1353,5856,2022-12-07,42000.0,15,36
1354,2428,2023-03-10,42000.0,39,12
1355,2896,2024-02-01,20200.0,9,11
1356,2888,2024-07-30,24700.0,15,11
1357,2038,2025-11-13,35800.0,52,12
1358,3029,2026-05-15,43800.0,30,12
1359,6166,2024-07-01,46400.0,32,24
1360,7876,2024-10-21,44300.0,9,11
1361,2083,2025-06-14,38000.0,36,24
1362,3574,2023-09-27,61000.0,5,11
1363,3763,2024-09-26,25400.0,28,12
1364,1146,2026-04-10,27200.0,27,12
1365,1640,2024-05-03,33000.0,30,36
1366,6599,2025-01-19,42100.0,15,11
1367,4121,2024-08-29,33800.0,34,11
1368,237,2026-07-24,39500.0,43,11
1369,2013,2025-01-09,27600.0,20,11
1370,4533,2026-07-23,39000.0,29,11
1371,1952,2022-10-03,33000.0,26,12
1372,379,2023-01-21,48200.0,48,11
1373,3614,2026-08-05,22600.0,33,36
1374,5374,2025-06-08,69600.0,31,11
1375,2693,2023-12-30,31200.0,20,11
1376,1605,2024-06-09,31900.0,20,11
1377,2617,2026-05-22,34800.0,51,11
1378,5536,2026-04-20,13300.0,26,11
1379,3474,2023-06-20,24300.0,8,11
1380,3036,2024-02-02,45600.0,37,11
1381,3728,2024-08-26,40500.0,22,24
1382,6076,2026-03-07,40000.0,33,11
1383,5589,2026-01-15,23400.0,0,11
1384,3941,2023-05-16,14500.0,33,11
1385,890,2025-03-09,49700.0,19,36
1386,1280,2022-12-24,20000.0,35,11
1387,6550,2023-04-05,19100.0,24,11
1388,6072,2024-04-01,42700.0,49,12
1389,7092,2025-09-03,65900.0,27,11
1390,1344,2024-01-30,20900.0,47,11
1391,4928,2024-02-07,35400.0,29,11
1392,7486,2023-09-02,35800.0,5,11
1393,6277,2026-02-16,17100.0,4,36
1394,2965,2024-07-16,36700.0,11,11
1395,7702,2025-04-15,40100.0,38,11
1396,78,2022-12-19,30500.0,29,11
1397,7735,2026-01-26,18700.0,21,24
1398,2678,2025-04-01,21200.0,25,12
1399,4323,2023-09-24,14500.0,27,11
1400,610,2025-12-27,48900.0,35,11
1401,5993,2022-08-27,39400.0,38,36
1402,1091,2025-11-27,5100.0,33,11
1403,2184,2024-09-02,15400.0,39,24
1404,2503,2026-06-16,51600.0,16,12
1405,2394,2024-04-26,35300.0,19,11
1406,1905,2023-05-10,52200.0,10,11
1407,1349,2022-10-18,48300.0,30,24
1408,4818,2025-06-08,16900.0,19,11
1409,3682,2024-05-31,44900.0,13,11
1410,7094,2025-11-12,21300.0,0,12
1411,3850,2026-02-21,29600.0,28,24
1412,7965,2022-08-25,54900.0,11,11
1413,6705,2025-03-09,33000.0,34,24
1414,6109,2025-11-19,45800.0,0,36
1415,5257,2024-04-08,18400.0,11,24
1416,4776,2025-01-11,29200.0,42,12
1417,2239,2025-04-28,43300.0,27,11
1418,1012,2026-08-02,43700.0,2,12
1419,2773,2025-11-06,55900.0,17,11
1420,2241,2023-01-13,30500.0,32,24
1421,1276,2023-03-06,26300.0,34,12
1422,3126,2023-03-13,29200.0,30,12
1423,4703,2024-07-09,39700.0,0,36
1424,4127,2023-04-23,22600.0,34,24
1425,2041,2024-08-21,42800.0,25,11
1426,5028,2023-01-29,16900.0,28,11
1427,3773,2024-01-15,31600.0,61,11
1428,2199,2025-10-21,42100.0,16,36
1429,4112,2023-04-12,20900.0,39,12
1430,3185,2023-07-21,15800.0,39,11
1431,2014,2024-11-03,73100.0,42,11
1432,198,2023-05-11,46900.0,19,11
1433,5889,2024-11-09,49600.0,22,12
1434,2684,2023-10-08,53900.0,19,36
1435,6673,2024-10-11,45700.0,14,11
1436,1230,2024-07-08,44800.0,6,24
1437,6842,2026-02-05,31800.0,42,12
1438,5690,2024-09-26,22100.0,8,36
1439,7825,2024-01-24,28400.0,0,24
1440,7336,2025-01-21,32300.0,37,11
1441,5866,2025-01-06,39800.0,41,11
1442,5912,2022-10-05,35300.0,49,12
1443,5529,2023-09-22,41600.0,25,12
1444,2079,2022-10-15,64000.0,30,11
1445,483,2025-08-21,67900.0,36,11
1446,1282,2023-09-15,19100.0,22,12
1447,940,2025-01-20,47600.0,15,12
1448,423,2023-02-05,35500.0,34,11
1449,2254,2024-02-15,44200.0,44,24
1450,2654,2025-10-05,21600.0,30,11
1451,7766,2025-06-14,43300.0,0,12
1452,1148,2026-05-18,18500.0,24,11
1453,3140,2024-01-09,53200.0,42,12
1454,7294,2022-10-02,15100.0,25,11
1455,7736,2026-01-17,54700.0,30,36
1456,968,2025-09-24,31900.0,45,11
1457,2387,2023-05-30,24100.0,27,11
1458,5494,2026-07-03,21100.0,33,24
1459,2293,2026-05-29,7900.0,16,11
1460,2703,2026-05-06,27900.0,2,12
1461,1899,2023-04-17,27400.0,46,24
1462,7848,2025-03-16,48400.0,29,11
1463,4718,2024-12-31,39100.0,11,11
1464,5878,2026-04-30,36600.0,44,11
1465,1907,2022-08-31,24900.0,23,36
1466,2979,2026-05-08,19900.0,13,11
1467,5354,2023-10-16,21600.0,17,36
1468,2917,2025-03-11,15600.0,0,12
1469,6155,2026-05-18,50600.0,6,36
1470,7480,2024-01-27,34300.0,0,11
1471,5022,2024-08-03,20400.0,39,36
1472,6505,2026-07-22,27300.0,5,11
1473,6121,2025-01-10,27900.0,46,12
1474,6493,2024-06-28,30700.0,34,11
1475,7243,2023-08-06,31300.0,30,11
1476,6287,2023-02-22,13100.0,60,36
1477,3308,2024-10-17,26100.0,29,36
1478,3805,2026-01-15,40900.0,31,11
1479,7583,2022-09-23,50700.0,31,24
1480,3308,2023-11-01,26400.0,11,11
1481,6321,2025-02-13,24700.0,28,12
1482,2423,2026-04-10,22600.0,33,12
1483,2958,2025-06-25,39000.0,30,36
1484,3844,2023-12-14,41400.0,0,11
1485,4321,2023-11-03,61900.0,20,12
1486,7736,2025-01-31,57900.0,16,12
1487,95,2026-02-13,33900.0,31,36
1488,2733,2023-02-20,41400.0,38,11
1489,7049,2025-09-06,46800.0,42,11
1490,1999,2025-09-04,31800.0,32,12
1491,7615,2023-01-06,43000.0,28,11
1492,808,2025-04-04,38600.0,34,11
1493,1876,2023-10-14,21500.0,22,11
1494,7606,2024-11-08,59800.0,43,11
1495,2162,2025-10-31,23100.0,11,24
1496,5903,2023-10-14,25000.0,20,12
1497,4200,2026-03-03,37400.0,17,36
1498,3407,2023-02-24,37000.0,26,12
1499,6086,2022-10-12,25800.0,38,11
1500,2986,2022-12-22,34200.0,50,11
1501,2654,2024-09-03,20700.0,25,11
1502,3283,2024-11-08,29300.0,38,12
1503,4915,2025-01-27,33500.0,12,24
1504,6295,2022-09-21,31000.0,21,11
1505,830,2023-07-10,60600.0,25,12
1506,348,2024-01-05,25900.0,35,11
1507,2400,2026-07-23,31300.0,10,12
1508,366,2024-11-14,21800.0,0,24
1509,2497,2025-06-22,65500.0,42,24
1510,2316,2022-09-25,46800.0,26,12
1511,2237,2026-08-13,25800.0,27,12
1512,7944,2024-06-28,35100.0,7,24
1513,3076,2024-12-21,24600.0,21,24
1514,3361,2023-02-04,21300.0,0,12
1515,1002,2023-03-21,29500.0,23,24
1516,7290,2023-07-10,44700.0,37,24
1517,7951,2025-04-11,30800.0,20,12
1518,1676,2025-07-14,32000.0,24,11
1519,843,2025-07-05,32600.0,16,36
1520,2791,2023-08-21,54300.0,18,12
1521,3615,2026-04-21,36000.0,45,11
1522,7301,2023-08-04,49700.0,27,11
1523,4555,2025-07-07,37800.0,30,11
1524,7305,2025-01-07,45700.0,20,36
1525,5564,2022-09-09,40800.0,18,11
1526,7454,2025-11-21,32300.0,34,11
1527,3005,2024-11-04,29200.0,31,12
1528,3967,2026-06-19,38400.0,53,11
1529,6084,2026-04-17,45300.0,34,11
1530,127,2025-10-08,37000.0,24,24
1531,3253,2025-01-01,24500.0,28,11
1532,3128,2023-11-10,34700.0,39,24
1533,613,2025-09-15,27700.0,19,12
1534,3532,2024-10-23,42600.0,52,12
1535,6151,2023-09-30,58800.0,13,11
1536,5224,2024-12-08,39100.0,28,11
1537,4240,2025-07-31,19400.0,60,24
1538,7350,2025-12-20,42800.0,45,11
1539,3617,2025-01-16,20000.0,23,12
1540,3450,2024-05-09,34200.0,12,36
1541,3451,2025-03-08,19100.0,33,12
1542,3885,2025-05-23,20100.0,43,12
1543,7073,2024-01-26,46900.0,15,11
1544,5649,2023-03-31,30600.0,19,12
1545,1832,2025-01-23,26700.0,42,11
1546,2926,2024-10-21,38800.0,25,11
1547,5856,2022-09-10,47200.0,1,11
1548,3560,2022-11-25,28900.0,32,36
1549,3500,2022-10-29,25200.0,21,12
1550,1683,2023-12-17,40800.0,0,11
1551,6702,2024-06-21,46400.0,15,12
1552,1233,2023-07-27,29000.0,33,11
1553,3102,2025-08-28,30200.0,27,11
1554,2938,2024-02-13,48800.0,35,11
1555,3144,2026-03-17,18900.0,38,11
1556,1896,2022-12-19,43100.0,0,11
1557,4115,2023-11-28,29100.0,20,11
1558,4768,2024-05-29,18400.0,40,11
1559,6652,2023-01-03,18700.0,23,12
1560,5144,2023-07-11,21900.0,45,12
1561,6157,2025-04-15,36300.0,7,11
1562,2768,2022-11-28,32400.0,56,11
1563,3586,2024-12-25,24500.0,27,11
1564,7266,2024-11-03,57800.0,60,11
1565,1363,2023-03-12,37800.0,4,12
1566,7458,2023-07-07,29600.0,12,11
1567,202,2022-09-18,31300.0,19,24
1568,3591,2023-10-03,55300.0,14,11
1569,6593,2024-07-19,32500.0,24,24
1570,4308,2024-03-24,31900.0,0,11
1571,7994,2025-02-01,35600.0,48,24
1572,5145,2025-03-12,32800.0,19,11
1573,583,2026-01-11,16600.0,40,12
1574,6524,2023-10-26,38800.0,29,36
1575,545,2023-11-03,34500.0,16,11
1576,1661,2025-09-23,25000.0,45,11
1577,2169,2024-08-17,34800.0,27,36
1578,389,2026-04-09,46400.0,32,12
1579,3361,2023-12-05,21400.0,37,12
1580,480,2026-02-20,26100.0,12,11
1581,421,2022-09-02,22300.0,0,11
1582,6628,2023-10-05,35400.0,35,12
1583,3685,2023-05-16,19500.0,10,36
1584,6928,2025-08-10,40100.0,39,24
1585,5147,2026-03-28,30900.0,1,11
1586,972,2023-05-01,48800.0,27,12
1587,5083,2023-11-03,23400.0,31,36
1588,4968,2022-08-26,43000.0,19,11
1589,5417,2022-10-05,31000.0,13,36
1590,1233,2022-12-14,27200.0,32,36
1591,4867,2025-06-21,60500.0,19,11
1592,4214,2023-11-12,23300.0,5,11
1593,2034,2025-07-07,44900.0,21,12
1594,5418,2024-01-01,18300.0,24,24
1595,4913,2026-05-27,36400.0,19,24
1596,3656,2024-03-23,16800.0,44,11
1597,6100,2023-01-24,15600.0,34,24
1598,5398,2024-10-09,36200.0,0,11
1599,6453,2023-11-23,36600.0,2,24
1600,4484,2023-10-05,41800.0,20,11
1601,4252,2026-06-17,24600.0,2,11
1602,5213,2026-05-07,47200.0,32,12
1603,4865,2024-03-03,53400.0,25,11
1604,2774,2025-12-20,17100.0,9,11
1605,2252,2024-11-19,16600.0,17,12
1606,5711,2024-02-24,8400.0,27,24
1607,3195,2023-04-13,19900.0,11,11
1608,984,2023-04-17,39000.0,31,24
1609,5056,2024-06-10,27200.0,41,12
1610,5318,2023-08-04,16900.0,25,11
1611,3515,2025-09-07,35700.0,27,11
1612,701,2023-07-09,45500.0,53,11
1613,4340,2023-03-18,20000.0,37,11
1614,3787,2025-10-24,22300.0,49,11
1615,344,2025-05-03,38200.0,25,12
1616,6762,2023-10-19,13700.0,33,24
1617,5297,2023-05-11,38600.0,12,12
1618,1762,2023-07-10,41300.0,14,12
1619,5601,2022-12-18,19500.0,38,11
1620,6849,2025-03-12,30300.0,2,24
1621,4526,2026-04-27,27400.0,31,11
1622,1832,2023-03-11,26000.0,15,24
1623,1798,2024-03-07,19100.0,0,11
1624,3292,2022-10-26,23800.0,1,12
1625,1008,2022-09-18,20400.0,21,11
1626,2313,2025-12-11,40100.0,29,11
1627,2536,2025-01-20,31900.0,14,12
1628,969,2024-03-15,36500.0,32,11
1629,735,2026-04-02,22700.0,20,11
1630,3472,2025-05-24,33600.0,34,11
1631,2124,2025-01-12,42100.0,22,11
1632,2778,2024-05-27,30200.0,29,12
1633,2383,2023-01-11,21100.0,48,11
1634,3459,2023-10-25,22000.0,35,11
1635,4628,2023-04-06,47500.0,9,11
1636,1533,2023-03-10,19100.0,38,36
1637,288,2023-02-27,53700.0,42,11
1638,7465,2023-11-04,18800.0,20,24
1639,3579,2024-04-06,7100.0,40,12
1640,7340,2024-10-19,47400.0,18,11
1641,2110,2025-09-16,44600.0,24,11
1642,782,2026-04-03,50800.0,28,11
1643,6878,2024-01-26,31400.0,16,11
1644,5613,2023-08-06,18100.0,47,12
1645,7496,2023-05-04,35700.0,37,12
1646,3129,2024-04-04,52800.0,20,24
1647,4389,2025-01-18,41800.0,6,24
1648,6788,2024-07-13,35300.0,19,11
1649,5197,2026-08-06,21700.0,22,11
1650,5349,2022-08-27,37300.0,13,11
1651,2209,2023-07-09,18100.0,24,11
1652,3374,2023-02-20,59100.0,39,12
1653,5921,2024-01-20,40000.0,12,24
1654,964,2022-10-07,23900.0,0,12
1655,5038,2023-06-30,37200.0,14,11
1656,7972,2025-12-27,26700.0,11,11
1657,6143,2024-12-23,20800.0,0,12
1658,3417,2024-08-19,46000.0,10,11
1659,7220,2023-11-04,38300.0,27,12
1660,4244,2025-10-02,16600.0,39,12
1661,7971,2025-12-01,41000.0,17,12
1662,5007,2022-08-31,29500.0,36,12
1663,4984,2023-03-28,27600.0,2,11
1664,1514,2024-04-21,29200.0,13,11
1665,1944,2025-04-26,22800.0,38,11
1666,6438,2022-10-30,55400.0,0,12
1667,3534,2024-12-09,31600.0,31,11
1668,4158,2025-03-16,22100.0,44,24
1669,6361,2023-06-25,48800.0,13,36
1670,55,2025-02-09,47600.0,34,11
1671,7801,2024-08-04,27400.0,25,11
1672,1865,2024-07-31,23400.0,33,24
1673,5416,2025-01-18,22800.0,15,11
1674,3546,2022-08-23,65300.0,25,24
1675,7672,2025-03-20,58400.0,1,11
1676,3151,2023-05-15,18800.0,41,24
1677,848,2024-12-16,57500.0,26,11
1678,4512,2024-01-01,28000.0,21,11
1679,2869,2023-01-12,20600.0,14,11
1680,6079,2023-03-21,26400.0,23,12
1681,6231,2025-12-31,44300.0,9,11
1682,6230,2024-02-21,28600.0,0,24
1683,2545,2025-07-03,53500.0,14,24
1684,6011,2023-10-04,51300.0,52,12
1685,330,2024-08-08,42800.0,14,11
1686,7375,2024-09-09,39400.0,13,12
1687,7055,2024-02-09,28800.0,16,11
1688,3391,2026-07-06,40400.0,26,11
1689,3381,2023-11-14,31500.0,35,11
1690,6867,2025-07-17,28000.0,21,24
1691,7372,2024-12-13,34800.0,29,12
1692,7935,2025-02-13,47800.0,33,36
1693,3760,2026-03-24,32800.0,33,24
1694,3126,2023-07-17,30600.0,37,11
1695,5504,2023-10-11,19600.0,39,11
1696,7743,2025-10-02,58700.0,1,36
1697,2191,2025-07-17,29500.0,38,24
1698,5323,2026-07-18,45500.0,24,12
1699,7399,2023-03-07,28000.0,33,36
1700,1341,2023-07-28,37400.0,20,11
1701,3269,2026-06-26,20800.0,22,12
1702,7108,2025-03-27,67400.0,16,24
1703,2594,2024-07-04,25000.0,19,11
1704,4076,2026-04-19,31700.0,10,12
1705,4652,2024-10-08,27800.0,24,11
1706,5742,2022-12-08,24200.0,25,24
1707,165,2023-12-17,48600.0,42,11
1708,4377,2023-10-17,27200.0,16,11
1709,6754,2025-07-27,39700.0,45,12
1710,5117,2025-12-26,35400.0,18,24
1711,7028,2024-05-29,32500.0,29,12
1712,838,2025-10-06,28500.0,31,12
1713,961,2023-02-08,53100.0,24,12
1714,6224,2023-10-26,27000.0,18,11
1715,6279,2025-08-29,23100.0,38,12
1716,4529,2023-06-02,34800.0,34,36
1717,788,2025-02-02,29500.0,46,24
1718,2247,2026-04-14,34900.0,34,11
1719,3232,2026-04-25,37100.0,40,24
1720,4339,2025-04-24,28100.0,15,12
1721,3781,2026-07-13,37700.0,42,11
1722,3536,2024-05-06,30100.0,20,11
1723,932,2024-04-25,52400.0,41,24
1724,5790,2024-05-06,31200.0,21,12
1725,1337,2022-11-13,26700.0,24,24
1726,6991,2023-05-05,15400.0,17,11
1727,4271,2024-07-08,52200.0,23,24
1728,522,2026-03-21,20900.0,22,12
1729,1964,2024-04-21,39300.0,33,12
1730,7109,2023-02-18,41600.0,49,11
1731,7001,2025-10-08,46600.0,32,36
1732,6162,2023-04-10,22800.0,5,11
1733,3679,2022-12-24,25700.0,27,36
1734,4949,2025-06-08,27300.0,19,24
1735,7320,2023-12-02,34800.0,41,24
1736,1440,2024-10-27,15400.0,0,12
1737,4910,2024-04-05,50800.0,26,12
1738,4671,2022-12-06,59300.0,33,11
1739,3268,2025-07-08,27000.0,0,12
1740,4595,2022-11-15,34300.0,22,11
1741,1590,2023-02-28,41300.0,41,12
1742,6541,2022-11-29,56700.0,53,11
1743,820,2023-02-02,25000.0,36,12
1744,5142,2024-07-19,19100.0,22,12
1745,1307,2024-10-27,42000.0,12,11
1746,5978,2026-05-05,29600.0,29,12
1747,5112,2022-09-24,12700.0,54,24
1748,7547,2025-02-24,15200.0,39,24
1749,5287,2024-07-18,41800.0,14,36
1750,7235,2024-05-05,37400.0,57,36
1751,6111,2023-12-22,22900.0,23,12
1752,5742,2023-03-05,25900.0,11,11
1753,3662,2023-06-05,28500.0,31,12
1754,2968,2024-07-30,45600.0,30,11
1755,1418,2024-10-15,32300.0,34,12
1756,5520,2024-12-22,44300.0,9,12
1757,4794,2022-12-02,29300.0,22,11
1758,2823,2023-03-09,38700.0,20,12
1759,7479,2025-11-28,26500.0,5,11
1760,2738,2024-09-13,40500.0,51,24
1761,2152,2023-10-09,19800.0,39,36
1762,4319,2024-09-06,20800.0,24,11
1763,4939,2024-04-15,24200.0,36,11
1764,2830,2026-04-12,37300.0,0,36
1765,4045,2022-12-20,19500.0,32,11
1766,3262,2023-10-11,32300.0,4,36
1767,3360,2023-03-30,38000.0,41,11
1768,2630,2023-11-18,52300.0,17,11
1769,4722,2022-09-20,19400.0,9,24
1770,2656,2022-10-01,31000.0,38,24
1771,4127,2025-08-14,22500.0,24,11
1772,238,2024-06-12,15800.0,24,11
1773,1333,2023-12-24,53500.0,20,11
1774,3513,2026-04-08,16700.0,33,12
1775,7522,2024-11-29,24700.0,8,11
1776,6002,2024-10-13,30600.0,43,12
1777,1330,2026-04-07,20000.0,16,24
1778,7556,2023-03-24,53000.0,38,11
1779,2597,2023-08-10,45500.0,46,11
1780,2096,2025-06-03,30300.0,21,11
1781,6955,2023-06-18,27500.0,24,11
1782,445,2023-09-03,30400.0,20,11
1783,2121,2024-01-05,24000.0,21,11
1784,3256,2025-04-08,17000.0,17,11
1785,2715,2024-08-22,36200.0,33,36
1786,3886,2024-02-26,12600.0,36,12
1787,820,2025-01-31,27300.0,41,11
1788,75,2023-02-21,54000.0,0,11
1789,7133,2024-07-19,32800.0,13,11
1790,7467,2026-06-29,56500.0,14,12
1791,2224,2025-06-27,20400.0,34,11
1792,4015,2023-01-17,38500.0,33,12
1793,2134,2025-04-08,20300.0,33,12
1794,5597,2023-06-10,28000.0,0,12
1795,41,2025-05-13,27400.0,18,12
1796,7229,2024-04-14,79900.0,54,36
1797,2126,2024-11-29,34100.0,11,24
1798,7338,2026-03-01,22700.0,18,11
1799,5920,2023-12-30,47100.0,15,24
1800,7474,2023-06-23,21500.0,0,11
1801,7295,2024-09-23,34800.0,22,36
1802,5620,2022-10-19,18100.0,37,11
1803,4789,2023-01-10,42700.0,3,12
1804,1658,2023-09-25,28000.0,30,11
1805,7957,2026-02-12,52900.0,46,36
1806,344,2025-11-22,37700.0,11,11
1807,4146,2025-11-06,51800.0,28,11
1808,2119,2023-04-16,35800.0,28,12
1809,7610,2024-05-06,28700.0,15,24
1810,656,2023-10-21,50200.0,18,11
1811,4934,2024-05-10,14600.0,13,11
1812,4363,2026-02-04,24900.0,14,11
1813,619,2026-02-21,49100.0,29,12
1814,6548,2026-02-13,48500.0,40,36
1815,5993,2024-02-09,37100.0,23,11
1816,6265,2025-11-08,28400.0,0,24
1817,7116,2024-08-01,38600.0,18,11
1818,459,2026-08-10,33100.0,11,12
1819,3023,2023-11-24,9000.0,46,11
1820,1746,2024-01-06,26300.0,53,11
1821,3556,2026-06-25,41100.0,6,24
1822,3040,2026-04-09,29500.0,32,12
1823,3100,2024-08-03,16300.0,29,12
1824,7801,2025-12-21,28300.0,28,11
1825,4905,2025-04-28,25800.0,56,24
1826,2740,2023-11-21,40100.0,40,11
1827,3714,2025-08-21,13200.0,4,12
1828,5818,2025-02-01,47900.0,21,11
1829,4321,2026-07-18,62000.0,8,12
1830,3139,2023-09-04,47900.0,29,11
1831,6066,2024-05-25,36200.0,10,36
1832,1417,2023-10-22,36400.0,15,11
1833,3864,2024-05-03,67500.0,12,36
1834,2932,2023-04-17,23400.0,42,11
1835,4896,2025-11-21,67400.0,29,11
1836,3446,2024-12-11,17400.0,15,11
1837,5613,2025-06-19,18800.0,23,12
1838,5001,2025-12-15,22000.0,53,24
1839,4218,2022-09-20,33700.0,45,11
1840,149,2024-04-05,41300.0,16,12
1841,3941,2023-03-09,15400.0,38,11
1842,5536,2022-08-28,13800.0,40,11
1843,2103,2024-04-14,39700.0,43,11
1844,7837,2023-02-25,37400.0,7,36
1845,6966,2024-11-26,42600.0,24,11
1846,1164,2023-12-10,41900.0,29,11
1847,187,2024-10-07,30000.0,30,11
1848,2918,2023-12-20,53200.0,63,11
1849,7037,2023-01-27,36700.0,18,36
1850,1278,2025-11-27,38800.0,22,24
1851,1364,2022-11-07,27500.0,27,12
1852,4287,2024-04-27,41400.0,28,12
1853,4244,2023-02-20,17000.0,8,24
1854,6911,2024-06-03,72600.0,45,11
1855,2772,2024-04-21,47100.0,17,11
1856,4963,2024-08-08,42400.0,10,12
1857,4605,2025-01-08,33800.0,12,24
1858,6343,2023-07-24,45100.0,0,12
1859,7635,2023-11-29,31100.0,0,24
1860,5529,2022-09-20,37200.0,36,24
1861,1825,2024-05-25,60300.0,41,36
1862,7874,2025-09-29,22300.0,1,11
1863,763,2023-08-31,49700.0,23,11
1864,7469,2026-02-21,54800.0,0,24
1865,7792,2026-02-05,33900.0,39,11
1866,1801,2022-12-04,27200.0,7,12
1867,7566,2024-12-07,48300.0,23,12
1868,7816,2023-11-02,36200.0,1,24
1869,4011,2026-02-09,19400.0,16,11
1870,7254,2025-04-05,69500.0,9,12
1871,7832,2026-03-28,46500.0,28,11
1872,4564,2023-05-18,42800.0,22,12
1873,6251,2025-10-13,35500.0,36,11
1874,489,2023-10-21,33000.0,21,12
1875,6477,2024-08-09,17000.0,33,12
1876,154,2024-10-31,22900.0,40,36
1877,7775,2026-01-23,38600.0,28,24
1878,1559,2026-05-16,47400.0,24,36
1879,2167,2025-06-06,36000.0,23,11
1880,7005,2025-07-21,41400.0,25,24
1881,2394,2022-08-29,35500.0,42,11
1882,5251,2026-04-11,44100.0,28,12
1883,5884,2026-07-10,17300.0,16,11
1884,1268,2025-07-11,16500.0,61,12
1885,61,2024-06-27,19100.0,30,11
1886,956,2026-02-21,23800.0,44,24
1887,1676,2024-02-16,31200.0,16,36
1888,6314,2026-02-02,44300.0,10,11
1889,4214,2023-10-19,23200.0,5,11
1890,5273,2025-04-03,53500.0,22,11
1891,4322,2024-06-20,68600.0,34,12
1892,3653,2023-06-13,43100.0,31,36
1893,1280,2025-03-26,19000.0,27,11
1894,4299,2024-10-01,21000.0,31,11
1895,172,2023-01-03,25100.0,16,11
1896,1490,2024-06-11,57700.0,14,12
1897,3633,2025-05-10,40600.0,58,11
1898,4293,2026-06-03,68800.0,35,11
1899,7161,2026-07-29,26600.0,54,12
1900,6811,2023-03-18,31700.0,24,11
1901,2373,2023-08-10,51900.0,43,24
1902,1673,2024-05-30,47400.0,26,12
1903,3190,2025-07-23,17700.0,15,24
1904,4184,2023-04-05,17200.0,13,11
1905,7111,2022-11-09,38000.0,42,12
1906,3075,2024-11-25,57500.0,0,11
1907,5251,2025-06-12,45500.0,6,12
1908,332,2023-11-25,22800.0,21,11
1909,3725,2025-07-03,17400.0,22,36
1910,3985,2024-03-18,27000.0,30,11
1911,5739,2024-03-26,22900.0,37,24
1912,4201,2025-07-21,18700.0,27,24
1913,1372,2022-09-06,23700.0,26,12
1914,3748,2023-06-04,40100.0,1,12
1915,216,2025-02-25,50600.0,6,11
1916,341,2025-04-26,17100.0,21,24
1917,6020,2026-01-10,57500.0,31,11
1918,4156,2025-10-08,21600.0,32,11
1919,2768,2025-11-12,33600.0,42,36
1920,3228,2024-05-03,32000.0,37,24
1921,1789,2022-08-26,33300.0,8,12
1922,5727,2022-11-26,41400.0,19,11
1923,2474,2023-03-10,28900.0,16,11
1924,7273,2025-10-22,24800.0,34,11
1925,722,2023-03-29,25500.0,0,11
1926,5438,2025-12-02,31300.0,32,11
1927,7863,2025-12-30,23000.0,44,11
1928,6751,2026-03-14,38300.0,47,11
1929,5324,2025-07-06,60800.0,36,11
1930,5508,2024-09-14,46200.0,6,36
1931,3813,2024-08-24,21700.0,35,24
1932,3727,2023-09-16,42000.0,23,11
1933,4087,2024-03-08,27500.0,45,11
1934,496,2023-08-24,25500.0,22,11
1935,5780,2026-06-29,23900.0,5,12
1936,47,2024-10-21,27800.0,36,11
1937,3442,2023-06-14,25800.0,59,11
1938,4984,2025-08-23,27100.0,28,36
1939,5250,2024-04-28,45900.0,46,24
1940,4914,2024-06-09,52800.0,27,11
1941,404,2024-12-08,33700.0,19,11
1942,4083,2022-09-22,19900.0,26,11
1943,6038,2025-10-17,30200.0,9,11
1944,7278,2023-04-20,55700.0,27,11
1945,3233,2026-07-17,32900.0,15,11
1946,4449,2024-10-17,16100.0,13,36
1947,394,2024-04-03,32000.0,32,11
1948,3944,2025-07-12,36500.0,26,24
1949,4534,2025-03-09,22800.0,28,24
1950,638,2025-06-03,43600.0,26,12
1951,7845,2024-02-27,36200.0,10,24
1952,4328,2026-01-15,32300.0,35,12
1953,3000,2025-03-12,30600.0,30,12
1954,6978,2023-08-24,42800.0,26,36
1955,1556,2026-04-21,27200.0,19,12
1956,842,2026-03-13,66900.0,27,12
1957,4930,2026-02-20,18000.0,22,11
1958,1533,2025-01-11,17700.0,28,12
1959,6882,2022-09-24,21200.0,44,24
1960,3375,2026-07-29,35000.0,6,24
1961,5199,2026-04-21,32700.0,0,11
1962,2472,2023-10-02,28100.0,8,24
1963,952,2025-06-29,12600.0,22,12
1964,3114,2022-11-03,75600.0,2,11
1965,4601,2026-02-06,26600.0,40,12
1966,1498,2023-03-20,30600.0,28,11
1967,3645,2025-02-13,39700.0,42,12
1968,624,2025-09-08,62600.0,52,11
1969,5513,2023-01-03,44200.0,31,24
1970,7852,2024-11-20,29000.0,33,11
1971,1210,2023-06-30,27400.0,8,11
1972,3303,2022-10-31,31800.0,43,24
1973,7292,2025-03-31,46800.0,51,11
1974,2726,2026-03-12,20600.0,40,36
1975,6464,2022-08-21,24400.0,36,12
1976,5333,2023-01-25,24600.0,34,11
1977,131,2023-12-17,48700.0,41,36
1978,7099,2024-03-13,17900.0,10,36
1979,5409,2024-07-14,42100.0,47,12
1980,3054,2025-10-12,49400.0,56,11
1981,7283,2024-10-03,34900.0,35,11
1982,4378,2025-05-25,45100.0,22,12
1983,7280,2025-06-20,40900.0,14,11
1984,4563,2022-11-15,25400.0,0,12
1985,39,2026-02-22,50600.0,36,12
1986,7853,2023-07-02,29100.0,24,11
1987,4051,2024-09-23,19400.0,44,11
1988,6783,2024-09-02,65000.0,0,11
1989,3672,2025-03-10,46900.0,23,12
1990,5589,2025-07-18,22400.0,25,12
1991,7279,2022-10-11,30000.0,31,12
1992,938,2023-08-27,22100.0,18,11
1993,7721,2022-11-27,64600.0,32,24
1994,2831,2023-10-05,39800.0,21,12
1995,7482,2023-09-21,41000.0,15,12
1996,4205,2022-11-21,28400.0,14,24
1997,500,2024-04-03,33000.0,30,11
1998,5668,2026-03-17,42000.0,18,36
1999,1159,2023-12-29,41600.0,32,11
2000,7189,2025-05-19,15800.0,0,36
2001,3605,2025-12-19,39700.0,37,11
2002,313,2023-05-25,16800.0,28,12
2003,751,2025-03-03,22200.0,29,11
2004,3321,2023-01-17,36200.0,28,11
2005,554,2024-09-10,28200.0,42,36
2006,2515,2023-07-03,13300.0,18,12
2007,4450,2023-11-16,30300.0,57,24
2008,4964,2023-11-30,20200.0,16,12
2009,1845,2024-08-27,18800.0,23,36
2010,3292,2023-06-03,24500.0,28,11
2011,5514,2025-02-17,43400.0,15,11
2012,7741,2022-09-06,33800.0,26,24
2013,5851,2026-04-28,48500.0,18,12
2014,3898,2024-09-12,22000.0,47,36
2015,6137,2023-11-27,52500.0,2,11
2016,7360,2023-10-05,31100.0,31,12
2017,829,2023-01-27,41000.0,20,12
2018,4218,2025-12-30,31800.0,27,11
2019,5167,2024-06-08,40900.0,8,24
2020,2076,2023-09-07,41800.0,16,11
2021,4677,2022-12-31,22400.0,18,11
2022,4517,2026-05-05,25200.0,32,11
2023,246,2022-10-13,42200.0,9,12
2024,4951,2026-03-10,21900.0,28,36
2025,4900,2025-10-17,39000.0,17,24
2026,274,2025-04-05,43400.0,16,11
2027,3595,2024-04-02,25500.0,17,36
2028,1810,2025-01-21,51000.0,47,12
2029,1290,2025-05-29,40600.0,38,36
2030,2477,2025-03-20,49800.0,10,36
2031,4465,2023-06-14,25200.0,0,11
2032,7221,2025-06-10,28300.0,44,11
2033,938,2024-05-17,22700.0,47,36
2034,3513,2023-01-22,17900.0,17,12
2035,4539,2024-09-11,45000.0,29,11
2036,4588,2024-03-10,17600.0,24,12
2037,2682,2026-07-23,28300.0,35,12
2038,3848,2024-09-13,29900.0,23,24
2039,2095,2024-04-28,42100.0,19,11
2040,3584,2022-12-22,45700.0,29,12
2041,1193,2024-12-01,18200.0,0,11
2042,379,2025-12-09,48500.0,36,11
2043,7998,2024-03-05,51100.0,17,12
2044,2077,2024-01-22,25400.0,8,11
2045,6605,2025-07-30,55400.0,28,11
2046,146,2024-09-19,32900.0,21,36
2047,6204,2025-04-16,43800.0,26,11
2048,4492,2023-04-10,23900.0,7,11
2049,7993,2022-11-23,33300.0,25,24
2050,435,2026-02-10,32000.0,31,12
2051,717,2025-07-06,52000.0,6,11
2052,7244,2026-02-03,27000.0,17,12
2053,6221,2023-12-19,21700.0,17,24
2054,2690,2026-07-20,31500.0,8,24
2055,4598,2023-06-18,41800.0,27,11
2056,7111,2023-05-23,39800.0,32,24
2057,7667,2024-01-22,41200.0,0,11
2058,981,2024-10-15,19900.0,33,11
2059,7461,2024-12-26,44600.0,8,11
2060,2284,2024-04-27,21400.0,10,11
2061,2086,2024-05-23,19800.0,38,11
2062,1870,2023-03-27,31100.0,25,36
2063,2154,2024-02-11,40400.0,45,11
2064,4162,2024-02-03,24200.0,29,36
2065,956,2023-08-04,23400.0,19,11
2066,7703,2023-08-16,26900.0,31,24
2067,4913,2025-04-04,34500.0,40,11
2068,822,2025-09-18,42200.0,30,12
2069,1495,2024-09-01,26900.0,58,24
2070,7642,2023-10-06,50700.0,27,12
2071,5542,2024-03-08,37300.0,28,12
2072,3498,2025-04-09,26400.0,18,11
2073,11,2023-01-04,27300.0,8,11
2074,5296,2026-04-03,24800.0,36,11
2075,1910,2025-06-08,39600.0,19,24
2076,6503,2023-12-22,33100.0,38,11
2077,7474,2022-10-22,22700.0,25,24
2078,6852,2025-05-11,21500.0,30,24
2079,4977,2024-10-16,24400.0,5,11
2080,5813,2023-09-15,20100.0,30,12
2081,5826,2024-05-02,24000.0,19,24
2082,7988,2024-10-28,48600.0,21,36
2083,7901,2025-01-19,41900.0,18,11
2084,5550,2023-06-19,26200.0,19,11
2085,902,2025-11-22,24400.0,22,12
2086,7565,2025-09-27,36700.0,6,12
2087,3648,2022-08-29,42100.0,38,12
2088,1420,2025-10-15,29100.0,14,12
2089,3484,2023-12-31,52300.0,52,12
2090,7428,2023-04-07,28700.0,42,11
2091,4424,2025-12-08,34800.0,51,11
2092,840,2023-05-08,42600.0,47,11
2093,2316,2025-08-25,46900.0,9,12
2094,954,2024-05-09,72500.0,18,12
2095,2863,2024-11-15,24100.0,28,11
2096,2609,2025-03-22,46800.0,10,11
2097,6539,2023-08-27,26300.0,33,12
2098,6134,2022-11-29,50500.0,14,36
2099,3936,2024-02-12,56300.0,37,12
2100,7843,2025-08-03,24000.0,19,11
2101,1837,2022-11-17,23600.0,19,12
2102,54,2023-11-30,25400.0,49,24
2103,7368,2026-02-18,69100.0,18,11
2104,739,2024-02-12,21800.0,36,36
2105,2797,2023-11-01,25000.0,40,24
2106,5763,2023-01-22,48300.0,33,11
2107,3246,2023-08-03,34000.0,15,12
2108,5254,2025-11-06,33300.0,50,12
2109,1957,2024-07-02,41000.0,27,12
2110,5997,2023-05-25,61700.0,39,36
2111,1632,2026-04-18,28100.0,47,11
2112,1958,2024-10-09,38900.0,0,36
2113,7815,2024-11-21,37300.0,20,36
2114,2520,2024-07-09,58200.0,31,11
2115,2798,2026-03-06,14800.0,14,11
2116,865,2026-01-01,16600.0,32,12
2117,2155,2025-03-10,30800.0,42,24
2118,7466,2025-09-11,36300.0,35,12
2119,6493,2023-07-12,31500.0,12,12
2120,3,2026-02-03,52600.0,1,11
2121,4355,2026-01-04,43000.0,29,11
2122,4163,2026-06-08,45800.0,29,12
2123,4987,2025-10-22,32500.0,37,11
2124,7441,2024-07-05,56400.0,5,11
2125,910,2026-04-24,33300.0,28,12
2126,2074,2026-06-08,49500.0,33,12
2127,3236,2023-02-05,50100.0,0,12
2128,2428,2026-02-23,42100.0,2,12
2129,4781,2024-08-21,49300.0,0,11
2130,1977,2023-03-12,56800.0,33,12
2131,1411,2023-02-23,36300.0,18,12
2132,3767,2025-07-25,75400.0,38,11
2133,1318,2025-03-30,42300.0,24,11
2134,1677,2026-04-27,29600.0,11,36
2135,5160,2023-06-05,64500.0,8,11
2136,7646,2025-10-02,7700.0,22,11
2137,2741,2022-11-17,26600.0,0,11
2138,1006,2024-05-27,25600.0,55,24
2139,7867,2022-12-19,25500.0,6,24
2140,7977,2022-12-04,46700.0,20,11
2141,1246,2025-12-10,22800.0,12,36
2142,5128,2025-07-01,29300.0,33,24
2143,7031,2023-10-01,46200.0,44,11
2144,1386,2023-05-29,24700.0,40,11
2145,4365,2025-05-02,23000.0,9,24
2146,4722,2024-08-03,21400.0,26,12
2147,5705,2026-03-10,48700.0,20,11
2148,4229,2026-06-28,9600.0,28,12
2149,1595,2024-01-11,49300.0,20,12
2150,7583,2025-04-08,48500.0,23,11
2151,1449,2026-01-11,49600.0,45,11
2152,972,2025-05-26,55200.0,21,12
2153,7547,2024-06-03,15200.0,39,11
2154,1001,2024-07-06,39400.0,20,12
2155,7445,2025-08-30,37600.0,12,11
2156,992,2025-12-20,50700.0,23,24
2157,4227,2025-10-07,59900.0,41,12
2158,6609,2026-03-31,34000.0,2,11
2159,5491,2026-05-16,19700.0,23,11
2160,4065,2025-05-06,11600.0,23,24
2161,5414,2024-12-18,42300.0,36,36
2162,5845,2024-07-13,37900.0,42,12
2163,931,2024-02-20,45100.0,34,11
2164,4654,2025-06-21,19400.0,40,12
2165,37,2024-05-15,52800.0,17,11
2166,3470,2025-09-20,20100.0,25,11
2167,1749,2024-03-30,32800.0,28,24
2168,3092,2024-06-15,28300.0,26,24
2169,810,2023-10-26,18500.0,41,36
2170,4130,2025-01-23,64600.0,0,12
2171,5182,2025-07-11,10600.0,37,12
2172,4794,2024-02-22,26300.0,18,24
2173,5350,2026-01-19,37300.0,46,24
2174,3186,2023-05-31,48100.0,30,11
2175,1355,2025-10-01,23600.0,53,11
2176,6501,2022-09-12,24900.0,11,11
2177,320,2025-02-03,64700.0,33,12
2178,2448,2024-02-06,53300.0,60,24
2179,2210,2023-04-12,27600.0,14,12
2180,2806,2025-12-06,6700.0,0,12
2181,5563,2023-10-05,24800.0,16,11
2182,1627,2023-03-10,46200.0,9,11
2183,3186,2025-05-01,50400.0,32,11
2184,6110,2025-05-12,32600.0,0,11
2185,6312,2024-02-03,19200.0,31,36
2186,4022,2025-10-03,28100.0,8,11
2187,2040,2025-02-16,29800.0,23,11
2188,5993,2026-06-18,41000.0,11,11
2189,1342,2023-05-13,47400.0,13,36
2190,1313,2025-12-26,24700.0,5,11
2191,4412,2024-12-13,16800.0,16,11
2192,7468,2025-09-03,47900.0,15,12
2193,2435,2023-08-11,17500.0,32,12
2194,3319,2025-02-16,28900.0,24,11
2195,2187,2022-09-08,59500.0,28,36
2196,6634,2022-09-20,22700.0,6,24
2197,6859,2025-05-28,27600.0,37,24
2198,7897,2024-07-18,20800.0,13,24
2199,7110,2023-08-10,32300.0,27,12
2200,1742,2022-11-01,32500.0,38,12
2201,7075,2023-02-02,34900.0,20,11
2202,366,2024-08-09,22400.0,23,11
2203,2661,2025-03-12,21900.0,2,11
2204,7668,2023-02-02,47500.0,13,24
2205,1754,2026-04-07,45900.0,25,11
2206,5408,2023-12-13,40800.0,16,12
2207,4555,2025-08-12,38000.0,15,24
2208,4386,2023-01-07,40100.0,0,12
2209,3826,2022-11-29,21900.0,52,11
2210,2523,2025-06-20,48200.0,26,24
2211,4903,2026-04-09,27300.0,36,11
2212,6279,2024-04-23,23000.0,9,24
2213,6408,2022-10-03,58800.0,0,11
2214,565,2022-10-06,26900.0,48,24
2215,841,2024-03-28,38900.0,18,24
2216,2871,2024-11-15,22100.0,39,12
2217,5265,2025-07-03,28500.0,20,12
2218,6822,2025-04-24,18200.0,25,11
2219,4625,2026-01-05,49400.0,31,11
2220,7718,2026-04-10,14000.0,20,24
2221,2780,2025-01-09,34000.0,42,24
2222,6644,2026-02-01,24200.0,34,11
2223,3592,2026-04-22,14900.0,37,36
2224,3829,2023-06-13,52700.0,39,12
2225,1609,2023-11-28,48900.0,16,12
2226,4092,2024-08-30,44800.0,36,24
2227,2177,2025-06-27,63000.0,50,11
2228,2455,2024-01-25,43600.0,23,12
2229,3411,2026-03-18,58900.0,26,36
2230,598,2025-01-12,24200.0,39,12
2231,2056,2023-01-24,20300.0,9,12
2232,1582,2024-11-30,32600.0,35,24
2233,297,2024-07-09,35900.0,27,11
2234,2029,2022-12-31,54500.0,4,12
2235,5463,2023-08-23,26500.0,44,12
2236,5767,2023-08-09,26700.0,0,36
2237,3192,2026-03-21,39700.0,17,11
2238,1728,2024-08-27,22300.0,19,11
2239,1164,2024-04-14,42800.0,9,24
2240,5472,2025-03-02,24500.0,4,12
2241,2109,2026-01-17,51300.0,41,11
2242,4559,2025-05-07,14500.0,13,11
2243,7544,2023-08-05,41100.0,0,11
2244,7161,2023-04-04,29300.0,7,24
2245,4903,2026-02-20,26600.0,21,24
2246,4647,2022-12-31,37100.0,25,11
2247,7151,2026-08-12,18700.0,16,12
2248,6646,2024-08-11,34300.0,32,12
2249,4878,2023-03-10,35900.0,22,11
2250,1028,2025-04-06,28100.0,0,11
2251,5566,2024-04-29,45200.0,27,11
2252,2569,2023-03-21,51600.0,34,12
2253,6696,2024-09-15,29500.0,44,12
2254,3610,2023-11-16,37600.0,43,24
2255,4787,2024-10-15,26600.0,17,11
2256,5472,2023-09-09,24100.0,34,12
2257,1275,2026-03-10,41400.0,51,11
2258,5204,2026-03-29,27100.0,14,11
2259,3993,2026-08-03,23700.0,23,36
2260,1466,2024-08-16,26800.0,43,11
2261,580,2023-02-23,35100.0,31,12
2262,2434,2022-08-23,29000.0,26,24
2263,1273,2025-11-16,50900.0,29,12
2264,2129,2025-05-22,18200.0,29,11
2265,5198,2025-07-28,14100.0,0,36
2266,280,2025-04-07,53300.0,37,24
2267,5434,2022-09-19,41100.0,0,12
2268,7211,2024-03-13,55700.0,16,12
2269,1929,2022-10-31,31200.0,18,24
2270,4684,2023-11-07,13000.0,11,11
2271,1293,2025-08-14,33600.0,33,11
2272,7647,2025-10-17,38900.0,20,36
2273,4934,2023-11-29,16100.0,44,11
2274,6468,2024-12-27,37700.0,7,24
2275,1064,2024-11-14,24900.0,33,24
2276,6811,2023-12-26,33000.0,1,11
2277,935,2023-06-20,18300.0,10,24
2278,6683,2023-03-17,37300.0,7,11
2279,903,2026-02-21,16200.0,20,11
2280,2813,2024-03-27,54800.0,33,11
2281,22,2025-03-29,28500.0,19,24
2282,4674,2025-07-20,47800.0,20,11
2283,3269,2026-02-24,19000.0,35,11
2284,6486,2025-06-01,35400.0,21,36
2285,2404,2023-06-05,56700.0,32,24
2286,7592,2023-07-28,62300.0,20,36
2287,4907,2026-03-24,22200.0,16,12
2288,699,2026-01-05,44400.0,0,24
2289,287,2026-04-09,27100.0,23,24
2290,4919,2024-02-28,13200.0,38,11
2291,3835,2025-06-26,37400.0,30,24
2292,776,2025-12-18,27600.0,18,12
2293,5466,2023-06-09,58300.0,31,11
2294,5156,2022-09-07,31800.0,37,11
2295,2482,2026-04-06,18600.0,36,11
2296,2562,2022-11-11,22900.0,22,11
2297,5241,2022-10-14,33300.0,26,24
2298,29,2022-11-04,24000.0,10,36
2299,924,2025-12-01,20200.0,46,12
2300,3177,2024-12-27,21000.0,31,24
2301,7974,2022-11-24,25700.0,5,11
2302,7174,2024-05-28,32500.0,21,12
2303,6353,2023-02-02,37100.0,35,11
2304,4093,2022-08-25,54900.0,6,12
2305,3065,2026-05-25,59200.0,52,24
2306,2561,2026-01-18,19400.0,18,11
2307,4771,2024-10-04,31600.0,17,12
2308,6230,2022-10-24,26600.0,39,12
2309,3694,2024-09-27,39200.0,18,11
2310,3637,2026-07-25,17200.0,10,24
2311,1485,2023-07-22,27800.0,31,11
2312,4941,2025-06-06,50100.0,22,11
2313,3439,2023-10-01,37800.0,42,12
2314,524,2023-12-22,31000.0,45,12
2315,6223,2026-02-26,33500.0,40,11
2316,7420,2025-01-12,37000.0,52,11
2317,6679,2023-05-09,16700.0,45,12
2318,7814,2025-05-13,68600.0,22,24
2319,39,2025-02-13,47000.0,27,12
2320,3424,2023-07-22,51100.0,28,11
2321,904,2026-04-30,23100.0,0,11
2322,2908,2025-06-16,43200.0,9,24
2323,2254,2025-03-02,44200.0,33,12
2324,1125,2024-04-20,54200.0,10,11
2325,7179,2022-12-27,29900.0,23,11
2326,1865,2025-09-18,23200.0,14,11
2327,3279,2024-03-17,50800.0,27,24
2328,5930,2024-10-07,21400.0,17,11
2329,5183,2025-03-15,25300.0,30,12
2330,3231,2024-09-05,12100.0,29,11
2331,3166,2025-11-16,10300.0,11,24
2332,3614,2023-03-13,21400.0,29,11
2333,5781,2023-03-08,25900.0,6,11
2334,3866,2025-03-05,46800.0,19,11
2335,2963,2024-09-17,21600.0,29,24
2336,3537,2024-01-11,19300.0,13,24
2337,7041,2026-07-27,37300.0,19,24
2338,3595,2025-09-04,26300.0,43,12
2339,7930,2023-11-05,19800.0,33,24
2340,1007,2024-06-20,61100.0,2,36
2341,4210,2025-06-03,32200.0,27,36
2342,6583,2023-08-29,30100.0,25,11
2343,5076,2024-06-19,36400.0,0,12
2344,4120,2022-08-25,24700.0,38,11
2345,4273,2024-01-09,28400.0,10,24
2346,1720,2025-07-03,27700.0,37,11
2347,6199,2022-12-05,27300.0,16,12
2348,7778,2025-12-12,40000.0,9,11
2349,5629,2026-08-16,18800.0,21,11
2350,5749,2022-10-12,57600.0,32,12
2351,7579,2024-01-11,50100.0,36,11
2352,4771,2024-10-29,31400.0,29,11
2353,4056,2023-06-25,31900.0,40,12
2354,951,2025-10-02,45100.0,44,11
2355,3683,2023-08-12,41700.0,21,11
2356,3313,2026-01-30,34300.0,7,11
2357,2024,2024-05-13,19300.0,24,12
2358,7484,2026-05-09,30700.0,23,11
2359,1897,2025-01-19,19500.0,28,24
2360,3128,2025-02-08,33800.0,9,12
2361,807,2023-10-18,64900.0,22,11
2362,806,2023-03-11,28400.0,35,12
2363,7850,2024-11-11,49000.0,32,11
2364,1850,2026-08-01,51600.0,3,11
2365,5511,2025-08-15,62100.0,16,11
2366,6778,2023-03-12,36400.0,29,11
2367,2306,2024-04-27,43200.0,17,12
2368,3695,2023-07-26,28500.0,1,24
2369,1643,2026-08-18,69900.0,8,11
2370,5294,2025-07-26,49600.0,0,11
2371,6713,2024-01-22,63400.0,22,12
2372,1002,2022-10-01,29800.0,23,11
2373,5900,2025-07-19,79200.0,25,24
2374,3761,2024-04-03,47200.0,7,12
2375,3463,2024-07-29,31300.0,30,11
2376,528,2024-07-19,33800.0,36,12
2377,600,2026-02-06,50200.0,21,11
2378,1074,2024-09-01,44300.0,22,12
2379,5929,2024-07-19,26800.0,35,11
2380,3718,2026-02-10,39300.0,16,12
2381,6260,2023-02-19,39600.0,18,12
2382,6475,2024-10-03,28200.0,22,11
2383,6669,2025-11-16,13900.0,40,11
2384,4548,2023-07-02,50800.0,18,12
2385,977,2026-05-05,50800.0,10,24
2386,6186,2024-05-12,14100.0,26,11
2387,705,2024-09-26,70500.0,34,24
2388,5778,2025-04-17,34400.0,34,36
2389,3990,2024-01-24,25600.0,19,11
2390,4577,2022-12-26,27700.0,41,36
2391,3016,2025-04-02,57500.0,26,11
2392,7211,2026-02-24,53100.0,45,11
2393,7884,2025-10-05,29800.0,12,11
2394,535,2023-04-12,47800.0,8,11
2395,3304,2026-05-01,25900.0,24,12
2396,7027,2023-04-28,38000.0,31,12
2397,2304,2023-04-09,24000.0,26,12
2398,6738,2024-05-02,59800.0,9,11
2399,3426,2024-05-16,32300.0,28,24
2400,4058,2024-09-10,13600.0,12,24
2401,5475,2025-05-25,31400.0,35,12
2402,1917,2022-09-05,36100.0,28,36
2403,1802,2025-06-06,30700.0,15,24
2404,529,2023-05-31,39900.0,22,11
2405,5921,2025-03-17,41100.0,32,12
2406,1038,2022-12-23,23100.0,26,11
2407,7252,2024-03-19,31900.0,32,12
2408,7018,2025-11-25,27300.0,8,11
2409,5224,2023-04-23,37300.0,19,11
2410,6787,2024-10-31,31500.0,37,12
2411,117,2025-03-13,41900.0,0,11
2412,2487,2025-05-03,30300.0,44,24
2413,5584,2025-06-28,41200.0,19,11
2414,593,2026-07-03,47100.0,33,11
2415,398,2022-08-20,40600.0,37,12
2416,5298,2023-10-19,41200.0,31,11
2417,3876,2024-12-19,17700.0,32,36
2418,2830,2025-11-13,38500.0,3,24
2419,4261,2024-11-23,36500.0,26,11
2420,3951,2023-01-22,32500.0,27,11
2421,276,2023-12-05,44000.0,38,11
2422,2057,2025-02-14,35700.0,27,36
2423,5560,2024-07-21,28700.0,10,11
2424,4537,2023-03-30,12200.0,0,36
2425,1420,2023-12-04,30900.0,33,11
2426,3650,2025-01-17,42800.0,0,36
2427,4809,2024-08-13,21800.0,35,12
2428,166,2023-10-27,50300.0,30,36
2429,1602,2024-10-30,44100.0,49,36
2430,6283,2023-05-21,34900.0,0,12
2431,5541,2024-11-10,27100.0,29,11
2432,741,2026-06-21,27500.0,38,12
2433,7095,2024-10-05,31500.0,7,11
2434,2088,2023-11-26,53300.0,25,11
2435,4293,2026-05-01,67900.0,24,12
2436,3580,2026-04-22,40800.0,37,11
2437,5634,2026-05-26,26800.0,45,11
2438,792,2023-10-19,73200.0,18,11
2439,214,2025-09-22,38000.0,15,11
2440,3850,2023-01-26,29400.0,18,24
2441,5323,2026-06-03,42300.0,20,11
2442,1611,2024-03-08,15800.0,13,12
2443,2502,2024-07-25,26100.0,11,11
2444,6876,2024-12-18,51500.0,20,11
2445,3006,2024-12-02,43100.0,20,11
2446,3192,2026-06-12,40300.0,21,12
2447,5915,2023-03-11,29400.0,44,24
2448,7788,2026-06-18,44100.0,26,24
2449,601,2026-01-31,37900.0,26,12
2450,5550,2026-02-07,26500.0,14,11
2451,5321,2024-01-14,40300.0,21,36
2452,6366,2023-01-02,6300.0,8,24
2453,7988,2024-10-06,50000.0,51,11
2454,2781,2022-12-15,46300.0,54,11
2455,726,2023-02-02,34100.0,29,24
2456,953,2026-07-17,21800.0,19,36
2457,6174,2024-09-25,37600.0,31,36
2458,4441,2022-10-16,10100.0,20,12
2459,6268,2026-02-15,27400.0,13,11
2460,2,2024-01-29,48300.0,7,11
2461,6502,2022-10-22,27100.0,31,36
2462,2912,2025-07-04,49200.0,4,24
2463,5989,2023-05-15,28000.0,14,11
2464,4138,2023-09-18,30400.0,33,12
2465,1993,2025-06-13,61400.0,38,12
2466,6877,2023-05-11,34500.0,37,11
2467,6390,2026-06-04,24000.0,12,12
2468,7994,2024-11-16,37500.0,24,36
2469,935,2026-03-10,19400.0,18,11
2470,3250,2024-01-12,28600.0,31,24
2471,2291,2024-06-26,27000.0,30,24
2472,7487,2022-10-31,32600.0,18,11
2473,7166,2023-07-26,37400.0,10,11
2474,90,2022-09-13,46700.0,49,11
2475,1747,2023-03-14,21500.0,26,11
2476,2218,2023-06-02,27700.0,42,11
2477,4335,2023-02-16,49700.0,7,36
2478,3113,2025-07-23,53700.0,49,11
2479,106,2023-03-27,44900.0,7,11
2480,904,2025-03-02,23200.0,57,11
2481,431,2022-11-21,29400.0,0,12
2482,5545,2024-08-29,11700.0,24,24
2483,1938,2025-12-22,36900.0,15,12
2484,6217,2022-10-11,44700.0,27,24
2485,319,2023-09-26,40200.0,7,11
2486,6209,2024-12-02,39400.0,19,11
2487,644,2026-07-05,15800.0,17,11
2488,1969,2024-03-28,26700.0,27,36
2489,2101,2025-03-16,27700.0,27,36
2490,7068,2024-01-05,18000.0,42,24
2491,3220,2026-08-13,48500.0,29,11
2492,7682,2023-04-13,57300.0,50,11
2493,2321,2026-01-14,37900.0,0,24
2494,1470,2024-04-07,49900.0,31,11
2495,561,2023-06-24,46200.0,7,11
2496,7693,2023-02-09,42900.0,28,11
2497,728,2024-11-16,30300.0,29,12
2498,5504,2024-03-03,20400.0,31,36
2499,4002,2026-03-07,29300.0,39,11
2500,1751,2022-09-08,28700.0,9,12
2501,6104,2026-06-11,19100.0,11,24
2502,3472,2025-03-10,31900.0,25,11
2503,1134,2022-09-17,23800.0,8,11
2504,5558,2023-03-06,26300.0,21,11
2505,4302,2023-09-06,56500.0,27,12
2506,252,2023-04-29,18400.0,18,24
2507,2484,2024-03-04,36400.0,15,24
2508,2099,2025-06-23,38100.0,29,11
2509,463,2023-03-10,20900.0,45,11
2510,5318,2025-06-10,17700.0,39,12
2511,208,2024-12-05,19800.0,29,24
2512,917,2024-02-02,15500.0,38,12
2513,3545,2024-07-06,28900.0,33,11
2514,3468,2025-10-20,52500.0,36,11
2515,22,2025-03-04,27800.0,28,12
2516,413,2026-08-11,58700.0,31,11
2517,912,2025-06-03,35500.0,21,11
2518,523,2023-12-10,40200.0,26,11
2519,7448,2026-03-03,38200.0,17,12
2520,5016,2025-05-24,39100.0,15,24
2521,5081,2025-11-10,23600.0,12,11
2522,4203,2025-09-07,32700.0,16,11
2523,5180,2023-11-08,15300.0,28,11
2524,7275,2026-06-02,29400.0,33,11
2525,7311,2026-06-24,56500.0,0,12
2526,7333,2024-02-07,28900.0,23,11
2527,2182,2024-04-07,115600.0,47,11
2528,3680,2025-09-28,44100.0,29,36
2529,3026,2024-08-13,92700.0,38,11
2530,1595,2022-10-31,53900.0,5,11
2531,5541,2024-02-26,26900.0,47,11
2532,1294,2026-03-31,38600.0,34,24
2533,2218,2025-10-15,27700.0,27,12
2534,7468,2024-01-30,48900.0,31,11
2535,3723,2023-11-07,29600.0,9,24
2536,762,2026-05-23,21400.0,14,12
2537,3510,2023-07-05,20700.0,14,11
2538,4888,2023-12-15,25400.0,21,12
2539,1971,2022-11-23,22400.0,0,11
2540,3892,2024-02-27,43100.0,44,11
2541,3788,2024-05-07,41700.0,39,11
2542,2408,2024-10-30,35800.0,52,11
2543,4898,2024-10-11,16000.0,45,11
2544,2386,2025-12-03,40200.0,46,24
2545,309,2024-01-19,26900.0,46,11
2546,3750,2026-02-16,35400.0,15,11
2547,2033,2023-06-06,29600.0,40,24
2548,7209,2025-08-16,23400.0,16,11
2549,672,2023-09-15,32300.0,21,36
2550,4750,2023-06-05,34700.0,42,11
2551,7675,2023-10-27,44700.0,23,11
2552,314,2025-08-07,39400.0,0,11
2553,2990,2023-07-20,26400.0,45,12
2554,1108,2026-05-24,59200.0,7,12
2555,7971,2024-01-17,38800.0,12,11
2556,3042,2024-10-27,21800.0,41,11
2557,5958,2024-05-07,16800.0,46,12
2558,768,2023-04-10,44600.0,34,12
2559,4224,2024-04-19,49600.0,31,11
2560,4644,2024-08-11,31700.0,35,11
2561,6367,2024-05-15,40400.0,22,11
2562,6205,2024-03-14,22100.0,27,11
2563,5445,2023-10-31,24300.0,51,24
2564,356,2023-11-20,22400.0,0,24
2565,920,2023-04-02,42800.0,23,24
2566,5572,2026-01-28,49100.0,7,12
2567,3979,2025-11-17,12900.0,11,12
2568,7157,2024-07-10,7400.0,0,12
2569,5969,2024-09-24,84400.0,29,11
2570,159,2022-08-26,53000.0,14,11
2571,2021,2024-08-31,25700.0,31,11
2572,974,2025-01-25,27700.0,40,12
2573,2116,2023-08-11,36200.0,39,11
2574,407,2025-09-22,11300.0,14,24
2575,7099,2025-03-27,20300.0,7,12
2576,4717,2025-09-20,21600.0,20,11
2577,2842,2025-01-27,25100.0,14,11
2578,1418,2023-07-05,29600.0,23,12
2579,3537,2025-12-13,19800.0,17,12
2580,6819,2023-08-22,15600.0,1,36
2581,973,2023-08-11,22400.0,40,11
2582,6428,2026-07-15,14600.0,20,11
2583,7888,2024-05-10,14600.0,23,11
2584,1750,2025-01-08,40000.0,23,36
2585,7242,2023-12-25,30500.0,5,11
2586,4810,2024-10-10,23700.0,26,11
2587,7945,2024-01-22,21400.0,76,12
2588,6702,2025-09-07,46500.0,39,36
2589,1301,2025-10-17,18100.0,2,36
2590,7438,2023-11-29,17500.0,1,11
2591,7161,2022-11-15,25800.0,27,11
2592,5754,2026-08-12,25900.0,8,11
2593,3899,2022-10-05,41700.0,28,11
2594,2683,2023-05-02,22000.0,25,11
2595,2434,2023-09-17,29300.0,23,36
2596,1472,2024-06-27,25900.0,32,24
2597,3050,2025-07-25,21500.0,32,11
2598,1838,2022-08-31,26600.0,41,12
2599,4494,2024-06-18,46800.0,26,11
2600,4103,2023-10-03,30200.0,48,11
2601,4959,2026-04-21,26700.0,16,24
2602,1425,2025-08-31,33400.0,13,24
2603,4381,2025-09-01,40200.0,18,12
2604,1297,2024-11-25,29800.0,35,11
2605,4839,2025-06-03,18800.0,29,36
2606,5508,2024-06-02,42500.0,16,24
2607,3800,2026-04-17,24500.0,30,24
2608,7559,2024-08-04,32900.0,26,11
2609,538,2023-03-15,95900.0,28,11
2610,3708,2026-07-10,28400.0,7,12
2611,6293,2023-11-22,72000.0,36,12
2612,3029,2025-03-04,42900.0,20,36
2613,2981,2026-04-28,52300.0,29,11
2614,5001,2025-04-20,21300.0,40,36
2615,3676,2026-07-06,66700.0,25,12
2616,2195,2022-08-26,58400.0,5,11
2617,7046,2024-11-18,38400.0,31,24
2618,4678,2022-09-30,68200.0,23,11
2619,5842,2024-04-27,37000.0,0,12
2620,3452,2023-12-22,29600.0,32,12
2621,957,2026-08-09,54900.0,11,24
2622,534,2023-01-27,39600.0,45,11
2623,6615,2022-10-15,33200.0,0,11
2624,2,2023-03-01,49500.0,17,36
2625,378,2025-06-03,34000.0,24,12
2626,2391,2022-08-27,67600.0,23,24
2627,7132,2026-08-08,26800.0,48,11
2628,4099,2022-09-22,58500.0,50,11
2629,3124,2023-05-17,43200.0,38,11
2630,4754,2024-11-18,23900.0,14,11
2631,2417,2023-11-18,38300.0,17,11
2632,1560,2024-01-03,20400.0,41,11
2633,6072,2026-03-04,41300.0,21,12
2634,4580,2023-03-11,12800.0,43,11
2635,1684,2024-06-27,33500.0,33,11
2636,14,2023-09-10,47000.0,8,11
2637,4704,2025-05-15,50200.0,0,12
2638,2329,2025-04-28,74800.0,21,11
2639,6232,2023-07-25,54800.0,19,11
2640,3231,2023-07-12,12400.0,33,11
2641,130,2024-08-07,23500.0,17,11
2642,3902,2026-01-25,35300.0,22,36
2643,5045,2025-09-01,42300.0,27,12
2644,3296,2023-05-21,27200.0,5,11
2645,3008,2025-10-28,52000.0,28,24
2646,4019,2025-07-14,34700.0,0,11
2647,2085,2023-01-13,31700.0,16,36
2648,28,2023-03-15,49100.0,41,11
2649,2159,2025-04-05,9700.0,10,11
2650,7484,2024-12-08,30500.0,11,11
2651,1280,2023-09-25,20200.0,25,11
2652,4460,2026-02-09,45700.0,27,11
2653,2091,2024-03-28,33600.0,30,24
2654,5691,2023-05-16,38600.0,11,11
2655,5666,2024-06-23,48500.0,29,24
2656,4660,2023-09-09,39000.0,44,11
2657,4117,2024-11-02,13900.0,28,11
2658,4500,2025-12-29,70400.0,23,11
2659,7214,2024-02-26,23200.0,25,36
2660,3457,2023-05-14,40400.0,35,12
2661,6567,2025-04-21,39200.0,20,11
2662,3550,2023-01-29,27400.0,26,11
2663,3153,2022-11-02,39500.0,66,11
2664,3866,2024-02-02,46200.0,12,24
2665,639,2023-07-12,27700.0,11,11
2666,272,2023-05-28,40200.0,27,11
2667,2697,2025-06-29,33800.0,15,12
2668,2037,2024-01-13,29800.0,27,12
2669,5848,2023-10-21,16400.0,12,11
2670,6022,2026-06-14,20100.0,17,36
2671,2958,2023-09-03,35600.0,57,11
2672,5069,2025-08-29,32700.0,31,12
2673,3515,2026-07-17,34800.0,3,11
2674,1308,2025-10-29,17600.0,51,11
2675,6408,2025-12-05,63800.0,30,11
2676,7599,2025-02-19,47400.0,0,12
2677,6020,2024-12-21,59200.0,15,11
2678,5926,2023-12-06,23600.0,24,12
2679,7269,2022-12-12,46100.0,20,11
2680,6799,2025-04-18,94900.0,22,11
2681,2412,2026-04-29,59900.0,28,12
2682,584,2024-01-04,28200.0,9,12
2683,7181,2024-01-24,44300.0,9,36
2684,6226,2025-08-28,23700.0,0,36
2685,1336,2023-07-07,55700.0,26,11
2686,3270,2024-06-12,23900.0,10,24
2687,3254,2022-10-04,29600.0,16,11
2688,6179,2025-09-10,23500.0,23,24
2689,2795,2023-03-06,30100.0,31,11
2690,6245,2023-05-19,25100.0,19,11
2691,7525,2026-01-05,73600.0,14,11
2692,2262,2024-04-18,69500.0,38,11
2693,2403,2023-06-07,59500.0,40,11
2694,3652,2024-05-27,36800.0,6,36
2695,1693,2024-03-04,44900.0,23,24
2696,1614,2026-08-16,25700.0,40,24
2697,6068,2023-03-13,20900.0,26,11
2698,2252,2022-12-24,16600.0,41,11
2699,1421,2023-11-26,45500.0,22,11
2700,1781,2024-07-14,32900.0,37,11
2701,1969,2026-06-27,28000.0,37,12
2702,629,2025-07-05,29700.0,11,24
2703,1302,2025-09-07,27600.0,8,12
2704,974,2025-08-15,30000.0,42,11
2705,1983,2025-09-04,42200.0,29,36
2706,4045,2023-08-30,19500.0,32,11
2707,2433,2023-01-15,65000.0,12,12
2708,7970,2025-08-24,24900.0,33,11
2709,986,2022-09-30,12300.0,16,11
2710,6797,2023-08-31,39900.0,16,24
2711,1347,2023-02-09,33700.0,15,24
2712,1067,2026-07-15,38800.0,17,36
2713,284,2025-04-02,31300.0,26,11
2714,2908,2024-03-15,43200.0,40,12
2715,7322,2022-09-09,50600.0,30,36
2716,6393,2025-02-12,32600.0,15,11
2717,1084,2022-11-14,49800.0,28,11
2718,4393,2024-12-01,22900.0,32,12
2719,2588,2022-12-20,28800.0,5,24
2720,3917,2025-12-17,53400.0,53,24
2721,5293,2023-08-06,41100.0,42,11
2722,7132,2025-10-17,26400.0,14,11
2723,5398,2023-07-29,34900.0,47,24
2724,1029,2025-02-08,37400.0,0,11
2725,6981,2023-12-23,34700.0,0,12
2726,1257,2022-12-05,29200.0,31,24
2727,1058,2025-08-12,49800.0,35,11
2728,4690,2026-05-25,42800.0,58,36
2729,278,2023-11-17,21100.0,21,11
2730,2801,2022-10-06,18900.0,57,11
2731,2340,2023-12-15,34000.0,20,12
2732,1267,2025-02-04,22300.0,33,11
2733,5491,2024-12-29,19900.0,4,11
2734,126,2023-03-16,29600.0,29,11
2735,4159,2025-12-01,52500.0,20,11
2736,4413,2026-04-16,21000.0,35,11
2737,7629,2025-06-13,22200.0,21,11
2738,3959,2024-04-22,36400.0,45,12
2739,1236,2023-07-18,48700.0,40,12
2740,7360,2025-11-06,29900.0,22,12
2741,5462,2026-06-04,25700.0,51,11
2742,7505,2026-06-11,51700.0,20,11
2743,6781,2023-06-30,41100.0,24,24
2744,6710,2025-10-04,15700.0,13,24
2745,3329,2025-12-11,49200.0,27,11
2746,936,2024-10-03,35100.0,6,36
2747,7753,2024-11-09,75100.0,13,11
2748,5534,2026-06-18,53700.0,44,11
2749,4014,2023-11-13,30200.0,0,36
2750,6427,2024-01-04,23500.0,27,36
2751,6666,2026-05-18,19600.0,20,11
2752,5881,2025-04-06,30200.0,15,12
2753,4507,2025-03-26,21900.0,9,11
2754,5576,2022-11-11,29700.0,12,12
2755,2013,2024-02-10,28200.0,15,11
2756,2856,2025-11-24,28100.0,30,12
2757,909,2024-03-27,31000.0,2,24
2758,4574,2024-02-06,31200.0,7,12
2759,7329,2026-01-26,56100.0,34,11
2760,2077,2023-03-19,25000.0,52,12
2761,1395,2023-05-03,56000.0,46,12
2762,129,2025-07-10,42800.0,9,36
2763,1036,2023-01-23,34900.0,32,11
2764,1840,2023-08-28,22200.0,28,11
2765,6959,2024-07-08,30500.0,12,12
2766,7675,2025-09-13,46800.0,30,12
2767,5599,2024-05-26,34000.0,14,11
2768,4718,2024-07-01,37400.0,39,12
2769,1553,2025-01-21,37400.0,38,11
2770,4275,2022-11-21,61100.0,12,24
2771,1226,2025-07-04,35200.0,4,11
2772,3964,2023-10-21,49300.0,20,12
2773,7514,2022-09-24,22900.0,19,11
2774,6591,2023-10-10,9600.0,19,11
2775,5355,2023-09-02,40700.0,18,36
2776,7539,2026-03-20,45300.0,40,12
2777,2528,2024-09-19,14000.0,21,24
2778,6216,2025-06-18,19600.0,32,12
2779,3569,2025-03-22,47500.0,27,12
2780,6388,2023-08-18,19200.0,44,12
2781,4143,2026-03-01,22400.0,21,24
2782,7466,2024-02-15,36900.0,0,11
2783,7864,2026-04-18,31000.0,7,11
2784,3805,2022-12-21,40000.0,28,11
2785,305,2022-10-14,50800.0,16,11
2786,7037,2025-03-31,36300.0,37,11
2787,4044,2023-04-06,43200.0,22,11
2788,4789,2026-07-23,44500.0,59,24
2789,1005,2024-07-26,62400.0,5,36
2790,1905,2023-02-09,57500.0,51,11
2791,4544,2025-03-15,34100.0,51,11
2792,5021,2023-12-01,39700.0,19,11
2793,6210,2024-04-07,47400.0,22,36
2794,7095,2025-05-14,33500.0,27,11
2795,3144,2023-02-03,19200.0,31,12
2796,7468,2025-04-29,51900.0,26,11
2797,5527,2024-07-03,24500.0,30,24
2798,6222,2023-02-20,24000.0,14,11
2799,5897,2026-03-31,15600.0,23,24
2800,3199,2026-06-22,27400.0,74,11
2801,1358,2025-11-13,28400.0,0,24
2802,5303,2026-04-10,33100.0,38,24
2803,2460,2023-06-28,49400.0,0,24
2804,3758,2023-04-13,21300.0,39,12
2805,3372,2023-01-29,48900.0,23,11
2806,4127,2024-05-05,23400.0,41,12
2807,5220,2025-05-17,48400.0,11,12
2808,716,2022-12-19,46000.0,31,36
2809,583,2022-11-06,18200.0,2,11
2810,5827,2024-08-24,44300.0,50,11
2811,3312,2023-07-19,24300.0,8,12
2812,5324,2025-02-08,63700.0,18,24
2813,4891,2023-04-05,41800.0,27,12
2814,7075,2025-01-03,35900.0,15,24
2815,2690,2023-08-14,32900.0,42,11
2816,3917,2024-11-25,57000.0,13,11
2817,6877,2022-12-08,31000.0,6,12
2818,3310,2023-12-03,51600.0,23,11
2819,496,2023-07-04,24700.0,24,12
2820,7268,2024-06-22,22500.0,11,12
2821,1378,2025-09-29,37000.0,35,11
2822,3767,2023-02-02,71500.0,35,11
2823,7704,2022-09-28,33600.0,15,11
2824,3249,2023-03-08,18900.0,9,36
2825,4694,2024-09-08,33300.0,11,11
2826,1705,2024-06-09,35800.0,38,24
2827,1674,2022-08-21,46800.0,7,11
2828,4208,2025-03-17,24000.0,33,11
2829,7779,2024-01-07,43100.0,26,12
2830,3637,2025-01-05,16600.0,0,12
2831,7920,2025-02-08,18900.0,13,12
2832,6679,2025-07-20,16300.0,38,11
2833,1021,2024-02-16,35900.0,0,11
2834,7602,2023-06-03,45800.0,40,11
2835,866,2023-08-26,85600.0,24,11
2836,1419,2023-11-27,45700.0,25,36
2837,5571,2022-09-04,25600.0,0,11
2838,3798,2026-08-02,33400.0,50,36
2839,1398,2022-08-28,36100.0,11,11
2840,837,2025-09-26,34000.0,37,11
2841,459,2024-02-22,31000.0,25,11
2842,1660,2025-11-10,28800.0,16,11
2843,2834,2023-08-11,20700.0,50,24
2844,3813,2024-08-11,24500.0,36,11
2845,7386,2025-01-31,38600.0,37,11
2846,3223,2026-03-07,35900.0,55,12
2847,4183,2025-08-12,31400.0,11,11
2848,4914,2023-11-15,48500.0,35,11
2849,2239,2024-01-07,43800.0,56,11
2850,934,2022-11-08,51100.0,30,11
2851,4079,2025-01-04,31600.0,31,11
2852,2941,2024-08-23,23600.0,42,24
2853,6893,2024-06-11,20600.0,61,12
2854,5715,2024-03-21,20700.0,20,11
2855,1471,2023-08-02,37700.0,49,12
2856,4504,2025-10-01,51400.0,39,36
2857,748,2023-09-21,55600.0,61,24
2858,3652,2025-01-19,37000.0,0,11
2859,6571,2025-07-05,48500.0,25,11
2860,6186,2023-06-16,13600.0,10,36
2861,6376,2024-04-07,52300.0,44,11
2862,6233,2025-05-23,47700.0,30,11
2863,3420,2025-05-08,48000.0,46,36
2864,7162,2023-10-28,18900.0,2,24
2865,3087,2022-11-28,22600.0,7,24
2866,7950,2025-06-23,37400.0,27,11
2867,7271,2023-03-21,33100.0,37,11
2868,2956,2025-10-15,32700.0,13,24
2869,979,2024-10-19,11800.0,12,11
2870,3060,2023-01-07,50500.0,37,36
2871,3939,2022-12-08,54700.0,42,12
2872,1049,2023-08-10,24100.0,15,11
2873,6359,2024-10-30,26100.0,0,24
2874,3956,2023-03-01,52700.0,5,11
2875,6609,2023-04-29,31900.0,0,12
2876,2928,2022-10-29,48200.0,49,12
2877,5692,2025-08-20,38500.0,43,11
2878,2556,2023-01-13,40400.0,31,11
2879,1991,2023-08-12,22600.0,23,12
2880,6917,2024-02-19,76600.0,2,12
2881,7542,2023-01-13,23700.0,7,11
2882,1205,2023-11-16,30200.0,11,11
2883,4868,2023-03-25,48100.0,32,11
2884,12,2023-01-10,31500.0,17,36
2885,5370,2024-10-10,47100.0,39,11
2886,4503,2024-10-27,72900.0,37,12
2887,3447,2024-01-30,28000.0,46,24
2888,3094,2023-07-30,34500.0,25,11
2889,3454,2022-10-05,15900.0,25,12
2890,5984,2024-10-31,30500.0,18,11
2891,2894,2023-06-03,37700.0,37,12
2892,43,2025-07-23,30300.0,34,12
2893,961,2026-02-27,54800.0,30,12
2894,2442,2025-04-27,50800.0,5,12
2895,5566,2024-09-22,48100.0,28,24
2896,2601,2025-07-12,48400.0,18,24
2897,2463,2025-03-07,28400.0,35,36
2898,5098,2023-07-10,33900.0,12,36
2899,6710,2025-12-30,15900.0,23,12
2900,1025,2023-08-02,24600.0,25,11
2901,21,2024-11-22,34200.0,0,36
2902,410,2025-04-21,57900.0,14,12
2903,6907,2022-12-23,39800.0,24,12
2904,1036,2026-05-22,35400.0,44,11
2905,4535,2024-07-19,76700.0,50,24
2906,1880,2023-08-13,18000.0,34,12
2907,3266,2024-02-26,25600.0,46,11
2908,5360,2022-09-07,31600.0,0,11
2909,6681,2025-08-18,29700.0,41,11
2910,7087,2025-01-01,31900.0,23,12
2911,6048,2023-11-10,18700.0,23,12
2912,727,2024-07-30,17100.0,9,24
2913,4240,2024-07-24,20000.0,39,12
2914,3945,2022-10-26,22100.0,28,11
2915,4523,2022-09-22,32800.0,35,36
2916,4995,2023-02-25,27200.0,60,11
2917,141,2023-08-30,42600.0,32,36
2918,4670,2025-07-02,20100.0,44,11
2919,4993,2025-10-03,17300.0,47,24
2920,6046,2026-07-02,36700.0,49,24
2921,5574,2026-04-15,50100.0,6,12
2922,6139,2024-06-17,14200.0,29,11
2923,981,2024-05-14,20600.0,23,11
2924,7305,2023-09-17,45300.0,5,11
2925,376,2024-02-04,29200.0,27,11
2926,3720,2025-10-23,39400.0,37,11
2927,2597,2025-10-23,49100.0,29,11
2928,3695,2025-04-26,28700.0,56,11
2929,1730,2025-12-26,34900.0,16,11
2930,7045,2023-12-01,30400.0,0,36
2931,5393,2023-05-10,10000.0,25,12
2932,6571,2024-06-20,49600.0,0,12
2933,5891,2024-09-30,64100.0,18,11
2934,7465,2022-12-16,17100.0,44,11
2935,106,2023-01-27,43100.0,29,24
2936,5662,2025-10-04,38400.0,39,24
2937,6960,2025-08-24,51900.0,41,11
2938,1719,2025-02-14,25600.0,13,11
2939,4191,2025-10-29,49000.0,55,11
2940,4110,2023-11-07,31500.0,28,11
2941,2694,2023-09-03,29100.0,23,24
2942,6933,2024-02-01,18500.0,48,24
2943,2185,2025-01-20,40100.0,13,24
2944,3499,2023-03-15,18900.0,59,11
2945,4549,2024-03-19,28400.0,36,11
2946,3614,2023-12-27,22200.0,27,24
2947,1314,2025-12-03,29900.0,23,12
2948,7674,2025-01-12,43300.0,4,36
2949,3255,2024-06-12,29600.0,38,11
2950,7912,2024-08-17,47900.0,44,11
2951,5273,2023-07-31,59000.0,39,11
2952,7204,2024-06-01,23400.0,39,11
2953,6435,2025-05-15,44100.0,15,36
2954,3739,2023-02-05,34700.0,9,24
2955,7255,2025-08-27,42700.0,51,11
2956,2411,2024-08-20,43500.0,38,11
2957,7563,2024-04-17,38500.0,0,11
2958,448,2023-03-14,41300.0,4,11
2959,6578,2024-05-02,27500.0,2,12
2960,5160,2024-12-21,62600.0,49,24
2961,36,2024-03-27,68000.0,45,24
2962,5318,2023-03-04,16800.0,32,36
2963,1508,2024-03-28,30700.0,12,11
2964,4049,2025-12-13,18500.0,18,12
2965,1839,2026-04-30,31700.0,36,36
2966,1887,2024-05-24,63200.0,13,11
2967,1439,2023-07-05,36900.0,48,12
2968,5410,2022-09-25,31200.0,12,11
2969,5618,2024-02-02,45900.0,7,12
2970,1746,2023-06-19,25600.0,34,12
2971,5604,2023-01-10,13900.0,24,12
2972,6847,2024-10-23,23700.0,32,24
2973,3008,2026-01-15,51500.0,23,12
2974,6416,2024-07-18,13700.0,11,36
2975,7182,2023-10-12,43900.0,10,12
2976,7439,2026-08-09,43300.0,30,12
2977,1329,2023-04-19,29900.0,28,11
2978,7018,2023-03-12,30600.0,51,11
2979,1271,2025-05-20,15500.0,23,11
2980,4069,2026-05-06,32400.0,0,36
2981,3170,2025-09-05,21700.0,35,12
2982,4722,2023-10-15,20500.0,1,36
2983,6027,2024-02-27,19900.0,18,11
2984,10,2022-11-28,51300.0,20,12
2985,5193,2023-10-28,92900.0,38,11
2986,2478,2024-03-13,35100.0,23,11
2987,5876,2024-02-28,41900.0,71,11
2988,1698,2024-08-11,28000.0,18,24
2989,6972,2023-06-15,56300.0,17,12
2990,2689,2023-07-05,66500.0,2,11
2991,6428,2023-10-27,14300.0,45,11
2992,4923,2025-05-09,21900.0,0,12
2993,1098,2022-12-02,43100.0,35,11
2994,3305,2024-06-17,34500.0,20,11
2995,5066,2025-10-01,55800.0,1,12
2996,1347,2025-05-15,36000.0,30,11
2997,5822,2023-05-01,27500.0,9,12
2998,4239,2025-04-26,41600.0,41,12
2999,6953,2024-02-18,41200.0,48,12
3000,6818,2023-10-25,23800.0,19,12
3001,3769,2023-07-17,51900.0,17,11
3002,7381,2025-01-14,23400.0,21,11
3003,7488,2026-08-05,13600.0,21,12
3004,3353,2025-07-31,27600.0,15,24
3005,7152,2023-06-18,28800.0,39,12
3006,146,2026-04-29,33200.0,30,12
3007,5122,2023-09-06,56600.0,0,11
3008,3112,2022-09-28,40900.0,12,11
3009,1494,2023-08-20,35700.0,0,12
3010,6520,2023-11-20,30100.0,8,11
3011,4782,2024-10-14,32300.0,23,11
3012,6977,2024-11-23,48700.0,23,11
3013,1620,2025-01-02,36700.0,15,12
3014,490,2026-03-30,57100.0,25,11
3015,3255,2026-05-05,29500.0,4,24
3016,1277,2023-07-02,38300.0,33,12
3017,4876,2024-11-02,23700.0,20,11
3018,640,2025-10-01,40600.0,27,24
3019,6950,2023-07-23,52500.0,25,11
3020,672,2022-09-30,30300.0,17,11
3021,3587,2024-10-18,22500.0,29,11
3022,2916,2024-07-30,46500.0,14,11
3023,7983,2025-01-17,33800.0,34,12
3024,2520,2025-03-13,51800.0,44,12
3025,1006,2024-03-28,26300.0,14,11
3026,7780,2023-07-17,42900.0,5,11
3027,7481,2026-01-02,23300.0,14,24
3028,1581,2025-09-11,66200.0,15,11
3029,660,2024-12-09,29700.0,4,11
3030,986,2023-05-11,11800.0,7,11
3031,2695,2026-06-11,16400.0,17,11
3032,1127,2025-10-01,25800.0,5,11
3033,6795,2025-06-17,32500.0,9,24
3034,444,2026-06-05,10000.0,30,11
3035,7576,2023-02-01,13900.0,32,12
3036,5128,2025-03-17,28000.0,40,11
3037,783,2024-07-25,32300.0,21,24
3038,1374,2022-11-12,42200.0,23,12
3039,6047,2023-12-14,38900.0,11,11
3040,4462,2023-07-11,35100.0,27,11
3041,7923,2022-11-22,61800.0,14,11
3042,3817,2026-04-07,53900.0,29,12
3043,3997,2022-10-31,29500.0,10,11
3044,1612,2025-08-09,69000.0,0,36
3045,7697,2025-05-17,52700.0,50,11
3046,6925,2024-12-12,26700.0,23,36
3047,7488,2022-12-17,12900.0,22,11
3048,4102,2024-06-09,13800.0,39,11
3049,6742,2023-02-23,48700.0,34,36
3050,5209,2023-04-06,40500.0,0,12
3051,3434,2024-07-21,14100.0,55,36
3052,4903,2024-09-15,25300.0,19,11
3053,2400,2022-09-18,31500.0,6,11
3054,3687,2024-10-11,41100.0,3,11
3055,5822,2024-06-02,28600.0,15,12
3056,1269,2024-12-19,55500.0,38,11
3057,1153,2026-08-03,23900.0,21,11
3058,2658,2024-03-27,33100.0,22,12
3059,6568,2022-11-06,28500.0,38,11
3060,1218,2025-12-10,74000.0,30,11
3061,6909,2023-12-21,18000.0,48,11
3062,5216,2024-06-04,36000.0,5,12
3063,4225,2025-01-31,27400.0,31,11
3064,4947,2025-10-17,93500.0,13,12
3065,5985,2025-07-17,36200.0,28,11
3066,4552,2025-04-04,76500.0,7,12
3067,6145,2025-12-18,23600.0,8,12
3068,73,2024-07-16,54700.0,39,11
3069,6937,2023-10-10,57200.0,20,36
3070,5594,2025-02-02,48600.0,34,11
3071,1958,2025-02-17,35800.0,1,11
3072,5304,2022-11-11,29600.0,32,24
3073,2526,2023-04-12,18600.0,23,11
3074,3118,2026-02-08,17200.0,53,12
3075,720,2023-01-22,24000.0,42,12
3076,1845,2023-02-17,19000.0,37,24
3077,6849,2023-10-01,31100.0,8,24
3078,7123,2026-01-18,20700.0,31,11
3079,3799,2025-10-17,37700.0,24,12
3080,5164,2026-08-02,40500.0,39,11
3081,2621,2024-01-22,32200.0,36,12
3082,2529,2025-08-01,46800.0,54,24
3083,3695,2024-11-04,29700.0,19,11
3084,4355,2024-10-08,42600.0,29,11
3085,6425,2023-01-16,36600.0,41,11
3086,2887,2026-05-25,42800.0,25,12
3087,7551,2026-07-04,9200.0,22,36
3088,1774,2024-05-13,47200.0,26,12
3089,1621,2024-08-08,52200.0,28,11
3090,67,2025-02-28,27700.0,17,11
3091,3133,2025-05-16,18000.0,23,11
3092,2482,2026-06-19,19100.0,48,24
3093,4247,2025-06-17,65900.0,25,24
3094,7581,2024-04-04,37700.0,26,12
3095,344,2023-08-10,37100.0,9,12
3096,5367,2026-08-09,68300.0,42,11
3097,2836,2023-06-08,13100.0,32,24
3098,5410,2023-01-04,32200.0,20,12
3099,2880,2025-01-07,18600.0,3,11
3100,2720,2026-07-23,52400.0,41,24
3101,1260,2024-02-06,24600.0,19,12
3102,3965,2024-01-16,30600.0,53,11
3103,2453,2025-11-27,38600.0,27,12
3104,1527,2025-08-12,46200.0,23,12
3105,6042,2025-08-24,64100.0,46,11
3106,4307,2023-01-18,26900.0,34,24
3107,7586,2025-01-07,17800.0,35,24
3108,672,2025-01-25,28800.0,45,24
3109,3974,2023-07-04,33900.0,50,11
3110,5684,2026-04-16,46000.0,17,11
3111,3704,2024-08-29,46800.0,25,24
3112,6736,2022-12-27,43700.0,18,11
3113,1910,2025-12-28,39600.0,44,11
3114,7802,2023-06-24,50700.0,25,11
3115,2385,2026-01-17,43400.0,18,36
3116,3457,2025-06-23,42700.0,40,11
3117,1038,2025-03-24,20700.0,37,11
3118,4510,2026-03-07,14800.0,46,24
3119,208,2022-11-06,20100.0,36,11
3120,2724,2024-10-02,34800.0,30,24
3121,2548,2026-06-04,19200.0,31,36
3122,6960,2025-06-04,52000.0,40,12
3123,642,2023-02-02,52900.0,16,11
3124,2147,2023-06-18,43800.0,60,11
3125,3030,2025-12-04,36500.0,28,24
3126,3155,2024-08-18,18300.0,0,36
3127,4859,2024-05-03,18100.0,23,11
3128,5642,2024-08-10,18500.0,30,12
3129,1975,2023-05-22,30800.0,25,12
3130,3805,2025-05-14,41500.0,6,12
3131,7277,2023-04-27,21300.0,31,24
3132,2619,2024-03-10,22000.0,29,12
3133,1717,2025-11-04,35500.0,20,24
3134,7868,2025-05-25,51200.0,49,36
3135,238,2024-04-26,16100.0,15,11
3136,7602,2023-02-12,50400.0,33,12
3137,4547,2025-12-25,62800.0,21,24
3138,6915,2022-12-10,36500.0,7,11
3139,7425,2025-02-01,20800.0,39,11
3140,4832,2024-09-27,33800.0,29,11
3141,1575,2023-09-15,20200.0,40,12
3142,6226,2022-10-12,24000.0,36,11
3143,4035,2026-01-09,32800.0,41,11
3144,5488,2023-11-16,26800.0,32,11
3145,367,2025-01-15,26600.0,42,12
3146,2420,2022-11-10,21500.0,20,11
3147,7961,2024-07-15,29400.0,54,11
3148,288,2023-04-15,54800.0,19,11
3149,149,2024-01-23,41000.0,34,36
3150,5318,2023-10-26,16200.0,4,12
3151,4131,2024-09-11,37400.0,1,12
3152,6688,2023-12-19,21900.0,20,11
3153,7275,2023-07-14,31000.0,29,11
3154,4656,2025-05-31,29000.0,31,24
3155,1805,2026-04-01,47500.0,37,11
3156,5007,2025-11-30,28600.0,13,12
3157,5398,2023-07-28,33000.0,23,11
3158,1033,2025-01-09,33900.0,24,36
3159,2895,2024-12-23,34900.0,21,11
3160,2562,2025-09-01,21800.0,23,11
3161,7876,2023-02-16,46300.0,35,12
3162,1558,2024-07-23,52400.0,11,11
3163,2848,2023-09-30,29600.0,36,24
3164,2613,2025-07-25,40600.0,66,11
3165,3812,2025-01-18,43000.0,48,12
3166,4681,2023-04-02,38000.0,17,11
3167,5906,2026-04-11,45700.0,36,12
3168,6388,2025-09-28,19700.0,53,36
3169,7042,2026-03-15,30200.0,22,12
3170,1637,2023-01-21,48800.0,38,11
3171,2460,2025-11-13,50000.0,43,12
3172,343,2022-11-29,40800.0,11,11
3173,2880,2025-01-12,19700.0,24,11
3174,6234,2025-08-04,10800.0,44,12
3175,7055,2023-12-04,28700.0,11,11
3176,7266,2026-02-26,53200.0,21,11
3177,2551,2022-11-25,47300.0,7,11
3178,6087,2025-08-03,26000.0,28,11
3179,5042,2026-07-23,37200.0,22,24
3180,5418,2026-06-06,20000.0,13,11
3181,1763,2023-08-26,23200.0,47,24
3182,7731,2024-08-10,55100.0,24,11
3183,1727,2024-04-26,69200.0,18,24
3184,3347,2023-05-09,32600.0,32,24
3185,7791,2026-05-17,44500.0,52,12
3186,4510,2025-11-28,15400.0,39,11
3187,263,2026-08-07,35300.0,17,11
3188,1473,2025-06-17,44100.0,18,11
3189,409,2024-04-03,38100.0,24,11
3190,2239,2022-10-13,41900.0,57,12
3191,4541,2025-06-02,33300.0,32,12
3192,5556,2024-03-19,36400.0,36,11
3193,7422,2024-12-01,13400.0,54,11
3194,245,2023-09-05,21800.0,41,11
3195,4690,2023-09-01,42400.0,34,12
3196,4201,2025-12-07,17900.0,48,12
3197,7561,2025-07-11,34400.0,33,36
3198,569,2024-11-07,19800.0,7,11
3199,4231,2023-11-28,49300.0,42,12
3200,2786,2023-01-04,22500.0,12,12
3201,603,2024-03-11,23700.0,38,36
3202,5671,2025-09-26,27300.0,0,24
3203,1868,2025-01-17,33000.0,18,11
3204,3309,2022-09-01,24300.0,30,11
3205,3368,2025-09-20,41900.0,8,24
3206,4167,2024-07-07,51000.0,14,24
3207,5913,2024-03-26,14800.0,13,11
3208,7787,2025-04-12,12400.0,35,12
3209,134,2023-12-26,15800.0,10,11
3210,3213,2026-06-19,25200.0,41,12
3211,4010,2022-10-26,40200.0,36,11
3212,7328,2024-12-24,46600.0,24,11
3213,5156,2025-06-01,33800.0,22,11
3214,7852,2023-11-09,27900.0,0,12
3215,73,2026-02-28,52800.0,23,12
3216,4598,2024-12-13,46700.0,97,12
3217,5647,2024-06-29,51400.0,41,36
3218,6866,2025-02-24,23500.0,18,36
3219,7154,2026-04-17,23200.0,29,12
3220,4321,2022-10-05,66800.0,28,11
3221,3049,2026-07-29,22900.0,29,12
3222,7791,2025-01-29,44400.0,3,11
3223,7527,2026-02-05,44700.0,11,12
3224,6032,2025-06-11,32100.0,25,12
3225,6224,2024-06-23,24500.0,33,11
3226,4465,2025-03-06,24700.0,43,36
3227,5779,2026-03-15,29700.0,39,11
3228,2029,2023-12-13,54200.0,26,36
3229,807,2026-06-01,62100.0,37,11
3230,6533,2026-05-03,17400.0,25,12
3231,7117,2024-04-22,27400.0,54,24
3232,5529,2024-08-31,41400.0,10,24
3233,4359,2022-11-25,42100.0,16,11
3234,95,2023-06-17,36600.0,23,11
3235,6026,2026-06-26,48500.0,17,12
3236,7128,2024-07-07,24800.0,31,11
3237,1161,2026-05-16,27600.0,22,24
3238,6617,2024-06-11,8400.0,23,11
3239,5029,2024-07-18,23200.0,45,12
3240,239,2023-03-06,56000.0,15,11
3241,6663,2024-07-19,29400.0,16,24
3242,7761,2023-07-16,49800.0,43,12
3243,3016,2023-10-23,59600.0,8,11
3244,2586,2022-09-05,35900.0,34,11
3245,2004,2026-04-24,8900.0,27,11
3246,7197,2023-11-09,35000.0,38,24
3247,1072,2025-03-27,23600.0,19,11
3248,5896,2025-03-21,47100.0,0,36
3249,7438,2025-07-28,17400.0,11,24
3250,2585,2026-05-31,21300.0,8,12
3251,7716,2023-01-04,26900.0,61,11
3252,3035,2025-02-06,68700.0,4,24
3253,7291,2026-02-25,29700.0,24,11
3254,981,2025-12-28,21300.0,11,11
3255,545,2023-07-21,34200.0,30,12
3256,7400,2025-11-14,39300.0,11,36
3257,5822,2024-04-12,28200.0,32,12
3258,7494,2026-04-13,45200.0,16,12
3259,6202,2023-05-17,38100.0,8,12
3260,7333,2023-07-28,31100.0,15,12
3261,4319,2023-11-19,22300.0,14,11
3262,3765,2026-03-29,27000.0,18,12
3263,4281,2023-01-04,41900.0,12,24
3264,3811,2024-10-23,30700.0,19,24
3265,551,2025-03-24,39400.0,23,11
3266,861,2023-11-15,32600.0,43,11
3267,3688,2023-09-16,47800.0,15,24
3268,5901,2023-10-27,19900.0,28,11
3269,3108,2026-07-10,52300.0,0,24
3270,6072,2026-02-14,38600.0,32,11
3271,2549,2023-09-19,50600.0,13,36
3272,4589,2025-04-23,32800.0,17,11
3273,2780,2025-04-22,34500.0,0,11
3274,1926,2023-04-06,39400.0,32,12
3275,4232,2023-10-02,60400.0,23,11
3276,4453,2025-11-13,39300.0,30,12
3277,3279,2025-08-25,49200.0,20,12
3278,5294,2022-08-30,49300.0,19,12
3279,2770,2025-01-13,27900.0,2,11
3280,6752,2024-05-22,51900.0,10,11
3281,6567,2024-01-14,40100.0,43,11
3282,7308,2026-03-18,35900.0,15,11
3283,5759,2022-12-30,23700.0,36,24
3284,7792,2025-04-22,33500.0,31,36
3285,1997,2024-09-10,32100.0,31,12
3286,7072,2025-04-06,18700.0,10,24
3287,6626,2026-07-21,41700.0,0,36
3288,4844,2024-04-19,36600.0,11,12
3289,6664,2023-09-24,45200.0,23,11
3290,3941,2025-01-31,13800.0,1,12
3291,702,2024-12-08,22300.0,0,11
3292,5493,2023-01-17,42900.0,7,11
3293,1994,2024-08-12,29400.0,0,12
3294,5290,2023-05-28,29100.0,28,24
3295,5705,2024-10-15,47700.0,17,11
3296,461,2025-06-17,31400.0,17,24
3297,5192,2026-03-22,52100.0,0,11
3298,2178,2024-07-02,47500.0,13,12
3299,4069,2023-11-30,30500.0,0,36
3300,5334,2025-12-15,11400.0,40,11
3301,4341,2023-03-04,22900.0,30,11
3302,5569,2025-12-27,25500.0,14,11
3303,1207,2026-08-05,35600.0,29,12
3304,4385,2025-05-15,45600.0,21,12
3305,3649,2025-02-16,44900.0,21,24
3306,900,2024-09-01,17300.0,9,11
3307,6543,2025-12-06,30300.0,21,11
3308,7401,2024-03-05,22800.0,41,12
3309,403,2022-12-09,23100.0,42,11
3310,7058,2026-03-29,48400.0,23,12
3311,618,2025-10-02,22800.0,42,11
3312,7582,2022-09-28,29400.0,39,12
3313,6016,2023-06-07,12200.0,28,12
3314,1675,2024-03-02,20500.0,28,11
3315,5794,2025-02-05,21600.0,67,11
3316,7079,2023-05-11,63200.0,35,12
3317,2196,2024-12-11,30900.0,48,36
3318,1413,2026-08-05,31700.0,17,36
3319,1434,2022-10-10,15500.0,22,11
3320,835,2026-06-17,36500.0,31,11
3321,3373,2023-08-08,42900.0,0,36
3322,835,2024-02-29,33700.0,32,12
3323,423,2024-02-28,37700.0,10,12
3324,4315,2024-12-18,40300.0,31,24
3325,4621,2026-05-19,19800.0,35,11
3326,3383,2024-04-29,39200.0,38,11
3327,7384,2023-04-30,26700.0,0,12
3328,1542,2023-04-22,39100.0,35,11
3329,7956,2024-01-08,20400.0,18,24
3330,5816,2023-07-24,45700.0,19,12
3331,781,2024-03-02,32700.0,21,24
3332,2089,2024-11-27,36400.0,37,24
3333,6769,2023-01-02,11700.0,16,12
3334,6806,2022-11-23,27000.0,15,11
3335,6431,2025-12-03,29700.0,20,12
3336,2187,2025-10-06,54200.0,24,36
3337,3101,2023-05-27,23700.0,35,11
3338,1584,2025-05-04,48300.0,22,11
3339,6738,2025-12-23,59000.0,8,36
3340,1803,2025-10-21,29500.0,28,24
3341,6269,2025-10-07,30200.0,11,11
3342,2703,2023-11-09,25300.0,39,12
3343,3802,2023-10-03,23300.0,26,12
3344,4711,2025-02-26,31000.0,6,11
3345,5421,2023-03-25,45800.0,19,11
3346,4585,2022-08-23,64100.0,11,36
3347,5816,2024-05-01,47400.0,50,11
3348,6687,2023-05-06,57400.0,0,12
3349,2344,2025-08-11,34800.0,16,11
3350,4945,2023-09-18,45900.0,15,11
3351,7917,2023-05-26,53700.0,22,12
3352,2768,2025-11-09,32400.0,9,36
3353,6939,2025-05-01,20000.0,0,11
3354,7796,2024-10-15,38500.0,11,36
3355,6134,2023-07-22,47100.0,41,11
3356,5665,2023-08-02,35000.0,8,11
3357,918,2023-06-20,41600.0,56,11
3358,6339,2024-02-12,35000.0,33,12
3359,3156,2026-05-22,22800.0,27,36
3360,6490,2025-08-01,31700.0,10,11
3361,2053,2024-02-28,25900.0,17,11
3362,243,2026-03-30,19100.0,8,24
3363,6779,2023-08-26,52500.0,50,12
3364,7534,2022-10-13,27400.0,0,12
3365,2437,2024-05-16,43700.0,25,24
3366,6245,2025-11-13,27100.0,25,11
3367,4368,2025-11-18,16500.0,4,24
3368,682,2023-05-03,55900.0,22,11
3369,164,2023-08-18,35500.0,6,11
3370,470,2024-11-18,42800.0,32,24
3371,3114,2024-03-02,69800.0,12,11
3372,4697,2025-02-11,29200.0,0,11
3373,4903,2023-03-03,26000.0,14,24
3374,2496,2023-12-14,44200.0,26,11
3375,4906,2022-09-19,35000.0,9,11
3376,6163,2023-09-16,26900.0,56,11
3377,2407,2023-12-29,38400.0,46,11
3378,6012,2025-12-18,21600.0,41,12
3379,4378,2024-12-10,40500.0,36,12
3380,4831,2024-01-09,31700.0,43,12
3381,2614,2026-07-13,51900.0,0,12
3382,5951,2026-01-16,26500.0,0,24
3383,554,2025-03-02,28700.0,0,36
3384,5806,2026-05-18,24500.0,37,11
3385,4826,2025-11-10,47600.0,22,36
3386,3924,2026-08-03,18900.0,13,11
3387,603,2025-01-25,24200.0,6,12
3388,4947,2026-02-24,95300.0,11,12
3389,7548,2026-04-26,21000.0,31,24
3390,5989,2026-01-03,30300.0,7,11
3391,3892,2026-02-04,42500.0,11,11
3392,1491,2023-08-18,32500.0,37,11
3393,6171,2024-05-04,67500.0,45,11
3394,3577,2026-04-02,47100.0,3,24
3395,2658,2026-02-16,33300.0,39,11
3396,6293,2024-04-27,65300.0,39,11
3397,6842,2023-12-10,32900.0,40,11
3398,2498,2023-12-04,24600.0,17,11
3399,2731,2023-01-07,39900.0,0,11
3400,4296,2026-01-30,36300.0,37,12
3401,6468,2024-04-02,34500.0,22,11
3402,17,2022-10-24,34900.0,36,36
3403,3269,2024-06-19,20800.0,65,11
3404,396,2025-11-04,53000.0,9,36
3405,428,2024-09-22,18200.0,18,11
3406,6404,2022-08-26,21900.0,5,24
3407,7451,2025-09-06,44700.0,47,24
3408,580,2025-10-29,33300.0,3,36
3409,3716,2023-12-30,16200.0,15,24
3410,6301,2023-03-07,57800.0,13,11
3411,1148,2024-09-01,18000.0,41,11
3412,7331,2024-06-15,36500.0,20,11
3413,243,2026-05-16,19300.0,38,24
3414,3988,2026-07-30,50800.0,36,36
3415,4189,2025-08-04,60900.0,30,36
3416,2330,2025-01-27,58400.0,35,24
3417,803,2024-03-29,20900.0,29,11
3418,7607,2024-02-22,31300.0,10,12
3419,727,2026-06-26,15200.0,37,11
3420,4964,2024-05-08,20200.0,24,11
3421,2913,2024-12-27,52700.0,48,12
3422,789,2025-01-29,59600.0,55,24
3423,4120,2023-09-01,24800.0,26,11
3424,7018,2022-09-12,29600.0,12,12
3425,2297,2025-06-08,30900.0,22,11
3426,7240,2024-06-18,41500.0,17,11
3427,79,2026-01-17,37100.0,10,11
3428,7252,2025-03-15,31900.0,0,11
3429,4017,2026-02-14,29700.0,3,24
3430,872,2026-02-06,51500.0,1,11
3431,7494,2024-05-13,47600.0,47,11
3432,6752,2022-11-03,46400.0,0,24
3433,6869,2026-01-07,44700.0,5,11
3434,5658,2025-02-12,39100.0,15,24
3435,7235,2026-04-07,34600.0,41,24
3436,6732,2022-12-16,36700.0,38,12
3437,6361,2026-06-27,47500.0,23,24
3438,2196,2023-06-29,30200.0,14,12
3439,1054,2024-09-22,37600.0,17,24
3440,5052,2025-10-26,46600.0,16,12
3441,3351,2026-06-09,34500.0,27,12
3442,3661,2026-05-13,59800.0,22,12
3443,4276,2024-06-04,29900.0,9,36
3444,6315,2023-12-24,29700.0,4,24
3445,3540,2024-07-21,42500.0,14,11
3446,7949,2024-01-25,57900.0,12,11
3447,3590,2024-05-12,11700.0,32,11
3448,411,2023-12-08,51800.0,0,12
3449,7808,2025-03-30,22600.0,45,11
3450,2772,2022-12-09,48000.0,28,11
3451,3160,2025-07-18,37900.0,11,11
3452,1706,2024-04-28,16600.0,18,12
3453,148,2022-09-18,28400.0,5,36
3454,6557,2023-01-07,20600.0,36,12
3455,4431,2024-08-06,37600.0,1,12
3456,3988,2023-10-21,51800.0,8,24
3457,1994,2024-11-19,29800.0,18,11
3458,369,2025-07-11,19500.0,15,11
3459,7549,2023-05-11,18500.0,31,12
3460,1712,2023-10-09,31700.0,26,11
3461,4635,2023-06-19,43800.0,45,24
3462,4598,2026-06-30,45400.0,66,36
3463,5450,2025-01-28,36500.0,17,11
3464,5633,2025-03-11,66100.0,37,11
3465,2602,2024-05-16,38300.0,34,36
3466,6828,2024-09-13,31000.0,22,11
3467,571,2022-09-16,35400.0,50,11
3468,3646,2026-07-16,25600.0,0,11
3469,2544,2026-05-04,77700.0,27,36
3470,5501,2023-12-06,29600.0,38,12
3471,786,2026-04-09,27700.0,10,12
3472,6631,2025-03-20,26000.0,4,12
3473,2082,2025-10-04,45200.0,48,11
3474,3506,2024-04-07,49600.0,45,12
3475,2624,2025-06-18,82400.0,9,24
3476,5560,2025-10-18,26200.0,25,12
3477,6413,2023-07-21,10800.0,0,11
3478,1608,2024-01-03,47100.0,17,12
3479,3780,2022-10-25,28200.0,24,11
3480,5202,2025-12-07,38800.0,15,11
3481,6649,2025-08-18,37100.0,36,24
3482,3372,2023-09-10,50600.0,36,11
3483,7660,2023-05-06,20100.0,7,11
3484,1274,2024-11-16,23200.0,21,12
3485,3805,2022-12-03,42900.0,13,11
3486,3928,2025-12-16,28900.0,18,12
3487,363,2024-10-12,43200.0,24,11
3488,5128,2023-04-22,27500.0,53,12
3489,2428,2023-12-16,45600.0,35,12
3490,3081,2024-06-01,18300.0,11,12
3491,6747,2023-11-02,35100.0,17,11
3492,3064,2022-10-07,18800.0,56,11
3493,980,2023-02-26,31800.0,22,11
3494,3717,2022-11-09,52100.0,31,11
3495,1869,2026-01-30,29000.0,34,11
3496,7705,2026-01-26,59600.0,0,24
3497,7131,2024-10-15,33600.0,22,11
3498,1649,2026-02-12,37400.0,3,12
3499,1677,2026-08-18,31300.0,26,12
3500,2266,2024-05-06,17900.0,53,11
3501,4413,2023-04-28,22100.0,31,24
3502,381,2024-02-20,32300.0,42,24
3503,4310,2025-12-15,50300.0,0,11
3504,4385,2024-09-09,46700.0,12,12
3505,7061,2025-10-16,14200.0,25,36
3506,373,2025-02-24,52100.0,41,12
3507,6022,2025-09-04,20900.0,28,12
3508,2245,2023-08-19,56400.0,0,11
3509,3835,2025-03-22,37100.0,27,24
3510,662,2024-12-04,40600.0,60,11
3511,6103,2025-09-01,36900.0,12,11
3512,5730,2024-04-05,32700.0,28,11
3513,783,2024-11-14,32400.0,3,11
3514,2474,2022-11-03,28800.0,30,12
3515,794,2024-03-05,36800.0,14,24
3516,1754,2023-12-05,45600.0,23,24
3517,6436,2024-01-14,22400.0,22,36
3518,6632,2022-09-16,37400.0,27,36
3519,4076,2025-12-29,32800.0,29,12
3520,1341,2022-09-20,38000.0,16,11
3521,3442,2022-12-14,26000.0,33,11
3522,7187,2025-09-09,23500.0,0,12
3523,5465,2024-05-22,42800.0,18,11
3524,531,2024-12-11,28400.0,0,11
3525,530,2025-01-14,36400.0,1,11
3526,4989,2022-12-20,32600.0,14,12
3527,2371,2025-11-10,54600.0,50,11
3528,953,2025-03-24,22100.0,14,12
3529,7726,2022-08-22,45200.0,22,36
3530,2280,2023-10-23,20400.0,25,11
3531,4134,2026-04-26,39600.0,16,11
3532,5908,2026-01-26,32200.0,31,24
3533,4688,2023-03-23,19200.0,44,12
3534,6071,2026-02-08,27800.0,42,11
3535,5053,2025-06-19,41300.0,29,12
3536,6398,2024-06-21,36500.0,38,36
3537,7282,2024-09-23,33900.0,19,12
3538,3783,2025-09-01,32400.0,52,36
3539,2901,2022-10-30,28300.0,30,11
3540,4177,2023-07-01,36700.0,25,24
3541,2515,2023-12-11,12400.0,18,12
3542,6226,2023-03-22,23400.0,5,12
3543,5969,2026-06-01,80400.0,17,11
3544,3323,2025-08-15,32500.0,20,11
3545,3442,2023-07-01,25100.0,7,12
3546,7760,2023-11-07,49100.0,54,24
3547,698,2023-10-04,30900.0,41,12
3548,2208,2025-02-23,46000.0,0,36
3549,7183,2023-09-01,25000.0,23,24
3550,4081,2024-09-01,35200.0,0,36
3551,4160,2025-01-09,46100.0,44,24
3552,6396,2025-08-15,47100.0,36,11
3553,1602,2025-07-05,45500.0,42,12
3554,5461,2023-07-25,70600.0,1,24
3555,7959,2024-10-12,28000.0,32,11
3556,39,2025-05-01,50700.0,27,36
3557,2600,2023-03-27,19300.0,25,11
3558,4986,2023-07-10,39400.0,15,36
3559,1284,2024-05-23,19700.0,20,24
3560,3061,2024-04-27,43300.0,32,12
3561,7856,2024-07-16,38200.0,10,11
3562,2245,2026-01-01,50700.0,32,24
3563,3552,2026-03-30,14800.0,10,36
3564,7319,2024-06-05,35700.0,30,36
3565,2768,2023-07-07,35500.0,10,11
3566,7966,2023-02-17,34900.0,53,11
3567,6150,2024-06-02,24100.0,12,11
3568,304,2023-10-02,37700.0,10,12
3569,7683,2024-01-24,39300.0,38,11
3570,6516,2024-06-24,24700.0,7,11
3571,657,2024-05-06,43800.0,34,11
3572,4866,2025-05-02,24300.0,29,24
3573,6514,2026-03-12,38600.0,38,12
3574,1798,2024-03-09,21200.0,14,12
3575,6479,2026-05-29,19200.0,42,11
3576,4455,2024-05-30,25400.0,18,11
3577,607,2023-11-20,14900.0,16,11
3578,672,2022-10-19,28800.0,50,11
3579,4434,2025-02-02,41600.0,22,11
3580,1399,2026-04-09,69900.0,19,12
3581,2638,2026-04-17,36000.0,50,12
3582,7155,2025-01-20,18100.0,12,11
3583,3959,2025-11-20,37800.0,22,24
3584,3621,2023-09-11,37100.0,26,11
3585,4975,2024-08-13,23700.0,40,11
3586,6829,2025-09-22,22800.0,18,11
3587,4409,2024-02-17,37000.0,14,36
3588,4663,2023-09-22,16200.0,6,12
3589,6719,2023-10-13,43600.0,39,24
3590,285,2023-08-04,24700.0,12,11
3591,7888,2023-10-10,15000.0,33,24
3592,3764,2024-08-23,47800.0,39,11
3593,1519,2023-12-21,45100.0,20,24
3594,4176,2024-12-25,48200.0,26,12
3595,5649,2026-01-10,33800.0,3,36
3596,4277,2024-06-01,39300.0,25,24
3597,5278,2024-06-21,51100.0,33,11
3598,465,2023-08-25,23200.0,30,11
3599,2376,2025-12-08,29700.0,32,11
3600,3842,2022-09-29,57900.0,0,12
3601,2522,2025-08-24,17200.0,28,12
3602,1762,2023-08-05,44000.0,3,36
3603,1407,2024-03-10,29600.0,27,11
3604,2804,2024-04-24,24000.0,15,24
3605,523,2024-07-14,41700.0,25,24
3606,715,2022-09-25,43200.0,23,12
3607,1691,2026-02-14,73000.0,38,11
3608,2111,2022-09-21,38600.0,17,11
3609,23,2026-02-06,27300.0,20,11
3610,2514,2024-04-26,65100.0,5,11
3611,5264,2024-01-20,34000.0,3,11
3612,6051,2023-11-13,33200.0,0,11
3613,6382,2024-05-31,21600.0,34,11
3614,7690,2023-06-07,21900.0,13,11
3615,1333,2022-12-26,50600.0,20,24
3616,7449,2023-11-26,49000.0,25,11
3617,3381,2024-07-08,31300.0,26,24
3618,5347,2023-06-19,29000.0,25,12
3619,6411,2025-09-28,31400.0,30,11
3620,365,2022-11-14,15600.0,29,11
3621,7507,2024-12-26,35200.0,19,36
3622,3815,2025-10-15,35900.0,33,11
3623,7910,2025-03-16,44100.0,23,11
3624,6404,2022-10-26,22200.0,28,11
3625,6120,2026-01-14,37400.0,31,11
3626,1312,2025-08-02,27900.0,6,12
3627,523,2025-10-26,41100.0,32,36
3628,452,2024-02-15,29700.0,13,11
3629,6146,2024-01-23,38500.0,34,11
3630,7425,2024-08-28,22100.0,34,36
3631,5725,2023-08-08,42600.0,25,11
3632,5463,2023-10-18,25500.0,44,36
3633,1897,2023-09-08,17300.0,23,24
3634,5081,2023-08-11,24000.0,8,11
3635,3646,2026-07-26,27100.0,19,11
3636,2575,2025-11-01,18400.0,1,11
3637,3153,2025-04-02,39400.0,29,12
3638,1459,2024-04-28,49500.0,21,11
3639,4060,2023-08-14,36100.0,30,11
3640,6582,2026-06-13,28100.0,12,36
3641,6509,2026-04-16,36100.0,24,12
3642,5975,2026-02-03,23200.0,4,24
3643,940,2023-02-26,43500.0,21,12
3644,3212,2024-04-12,49500.0,50,36
3645,7232,2026-07-27,29000.0,4,11
3646,2207,2025-02-27,26000.0,26,12
3647,5247,2026-04-18,67800.0,23,11
3648,5635,2025-04-26,29800.0,0,36
3649,2603,2022-09-08,55300.0,15,11
3650,3050,2026-06-19,21800.0,44,36
3651,6886,2023-09-04,25000.0,23,36
3652,2332,2022-10-01,35000.0,25,11
3653,2707,2026-08-19,34500.0,13,12
3654,316,2025-07-31,36500.0,10,11
3655,2670,2022-11-30,24800.0,16,11
3656,3155,2025-07-29,19600.0,37,12
3657,2307,2025-11-22,21600.0,11,12
3658,6220,2024-12-21,85900.0,19,36
3659,1060,2025-08-24,35600.0,17,11
3660,5876,2024-01-30,45600.0,20,11
3661,3573,2024-04-26,24300.0,5,11
3662,7762,2022-12-12,33700.0,39,12
3663,7700,2025-05-23,40700.0,20,11
3664,7341,2025-01-09,41400.0,21,12
3665,2692,2024-11-26,26100.0,30,12
3666,4076,2025-07-29,31800.0,58,11
3667,1818,2025-12-19,35100.0,15,11
3668,5225,2026-08-10,53400.0,24,11
3669,5304,2022-12-24,28100.0,35,12
3670,3986,2023-01-15,34000.0,49,24
3671,7532,2026-03-07,30800.0,36,24
3672,1152,2024-08-22,28700.0,19,11
3673,710,2025-08-18,15000.0,18,11
3674,2228,2024-06-04,35500.0,23,24
3675,7951,2026-05-08,31500.0,46,11
3676,1435,2024-03-29,90800.0,14,24
3677,5369,2022-12-09,49100.0,23,36
3678,1067,2025-07-21,39500.0,25,11
3679,1973,2024-07-07,38300.0,33,11
3680,6823,2024-05-01,48300.0,5,12
3681,1034,2023-01-02,28600.0,57,11
3682,228,2025-03-16,26200.0,9,12
3683,7475,2025-03-23,61100.0,25,11
3684,1870,2024-09-04,32800.0,24,24
3685,5711,2025-04-23,8800.0,21,24
3686,5029,2023-10-04,22100.0,21,11
3687,2067,2024-06-24,27000.0,37,24
3688,5078,2024-12-19,41300.0,34,12
3689,2506,2024-03-26,47900.0,10,36
3690,6478,2025-03-27,19600.0,20,11
3691,2130,2025-10-05,32900.0,22,11
3692,7237,2024-03-02,14500.0,14,11
3693,6016,2026-03-05,13800.0,30,11
3694,4383,2025-06-19,36200.0,37,12
3695,1106,2022-09-12,45000.0,33,11
3696,5149,2024-02-15,23100.0,25,24
3697,7341,2023-03-02,38500.0,62,11
3698,2371,2024-04-01,52000.0,32,11
3699,3268,2026-07-18,25600.0,32,12
3700,2688,2024-12-23,30100.0,34,11
3701,2620,2022-09-13,35500.0,42,12
3702,3373,2025-03-14,43400.0,16,11
3703,4727,2022-11-27,20300.0,67,12
3704,3671,2025-07-04,33800.0,33,11
3705,4535,2025-06-09,80000.0,35,12
3706,6988,2025-05-26,39500.0,15,11
3707,5289,2022-08-25,42900.0,17,11
3708,6786,2023-05-10,67300.0,25,12
3709,3017,2025-06-14,28700.0,7,11
3710,4051,2024-08-14,18300.0,20,12
3711,2876,2026-04-07,49700.0,32,24
3712,2640,2026-01-20,42600.0,12,11
3713,162,2023-11-24,22600.0,28,12
3714,7998,2025-12-26,51000.0,35,11
3715,603,2025-05-10,25800.0,29,12
3716,6161,2025-02-15,19400.0,24,36
3717,6435,2024-04-28,45000.0,19,24
3718,3339,2026-04-17,26000.0,14,12
3719,4249,2022-11-26,27600.0,19,11
3720,3033,2022-11-08,14100.0,18,11
3721,3979,2022-11-26,13100.0,12,12
3722,3473,2026-02-19,47000.0,17,11
3723,6122,2024-10-05,28800.0,25,11
3724,6487,2024-02-20,53000.0,15,11
3725,4605,2023-11-13,31200.0,11,36
3726,674,2023-11-12,19000.0,15,24
3727,1160,2026-02-07,27400.0,0,11
3728,5310,2023-06-27,31700.0,42,12
3729,550,2024-12-30,44000.0,43,11
3730,5554,2022-12-29,35300.0,35,11
3731,5208,2024-06-12,58600.0,40,12
3732,5353,2025-08-06,29300.0,16,11
3733,3045,2023-12-29,57300.0,28,11
3734,885,2023-09-05,18300.0,38,11
3735,2111,2023-10-31,37400.0,19,11
3736,435,2023-11-04,31400.0,19,11
3737,4943,2023-02-23,30200.0,33,24
3738,5590,2023-05-21,23900.0,40,12
3739,4378,2025-01-20,43100.0,39,24
3740,6387,2023-10-06,42900.0,1,24
3741,1234,2022-09-13,42100.0,6,11
3742,2584,2026-03-22,9900.0,1,24
3743,1197,2026-02-16,35700.0,25,36
3744,846,2023-04-20,81100.0,15,24
3745,1689,2025-07-09,16200.0,30,11
3746,1164,2025-10-07,46000.0,26,24
3747,2873,2024-07-22,22600.0,32,11
3748,481,2023-07-15,48500.0,14,24
3749,2873,2024-01-24,21300.0,39,11
3750,1357,2022-12-17,21300.0,12,12
3751,5180,2026-04-18,15500.0,24,24
3752,1041,2025-05-12,19900.0,49,36
3753,5354,2025-08-26,20900.0,29,12
3754,1878,2024-04-04,47100.0,3,11
3755,4356,2023-11-16,35700.0,15,12
3756,2502,2026-02-06,26300.0,37,11
3757,4393,2024-08-14,22700.0,40,36
3758,1311,2023-11-04,22400.0,19,11
3759,670,2023-06-13,24300.0,28,12
3760,5996,2026-07-06,41300.0,41,12
3761,5281,2026-04-23,46300.0,24,12
3762,2054,2022-12-09,32300.0,24,11
3763,402,2025-05-01,26000.0,18,12
3764,1772,2022-09-01,40500.0,30,11
3765,5801,2024-01-21,36000.0,18,24
3766,2172,2024-02-17,24400.0,19,11
3767,2220,2023-09-14,54700.0,49,12
3768,75,2026-05-31,49100.0,3,12
3769,6412,2024-04-22,46800.0,43,12
3770,4804,2023-11-28,49200.0,52,11
3771,3555,2025-11-22,44000.0,28,11
3772,852,2024-01-12,44000.0,27,11
3773,5747,2026-06-09,34900.0,23,24
3774,507,2026-05-18,19800.0,19,11
3775,5815,2025-09-26,17400.0,34,11
3776,138,2024-02-03,41600.0,38,11
3777,2142,2023-04-22,37900.0,34,11
3778,6015,2023-02-09,51800.0,30,11
3779,5182,2024-11-01,10100.0,35,12
3780,5862,2023-12-12,29600.0,17,24
3781,3782,2026-02-21,18400.0,28,24
3782,1927,2025-11-10,51600.0,38,11
3783,6534,2022-11-12,34900.0,23,12
3784,7958,2024-12-10,42500.0,42,11
3785,6253,2023-11-06,47800.0,7,11
3786,2819,2026-03-06,65400.0,39,11
3787,4011,2025-10-22,19600.0,0,36
3788,1943,2022-12-09,52500.0,4,11
3789,2667,2023-04-26,12500.0,26,24
3790,7051,2026-08-17,19200.0,31,11
3791,4079,2026-07-20,32200.0,33,24
3792,1480,2023-12-15,31000.0,46,12
3793,555,2025-11-11,50500.0,9,12
3794,7625,2025-12-28,35800.0,7,11
3795,5129,2026-07-11,57200.0,23,12
3796,4782,2023-01-28,35200.0,35,11
3797,5589,2024-06-23,22900.0,3,36
3798,6179,2025-08-31,25500.0,13,12
3799,2047,2023-05-06,71300.0,11,11
3800,2141,2024-10-14,39700.0,44,24
3801,7212,2026-05-27,40100.0,44,11
3802,7395,2023-01-08,69300.0,34,24
3803,716,2023-07-07,48500.0,42,12
3804,6541,2024-10-05,50000.0,25,12
3805,2455,2026-06-14,43700.0,15,24
3806,7908,2022-12-31,31100.0,34,36
3807,1661,2026-03-14,24700.0,33,11
3808,3413,2025-09-11,31200.0,40,12
3809,4840,2025-07-24,38700.0,12,11
3810,7036,2026-08-09,60500.0,12,12
3811,7618,2026-06-23,19600.0,21,12
3812,5220,2022-11-23,49000.0,21,12
3813,3049,2023-09-01,23800.0,3,12
3814,4843,2024-03-04,29400.0,0,11
3815,2903,2023-09-02,34000.0,31,11
3816,3467,2025-06-12,36400.0,22,12
3817,2718,2026-07-24,33700.0,29,11
3818,1903,2023-04-29,22000.0,36,11
3819,2920,2026-04-17,12600.0,57,24
3820,5420,2023-01-17,34700.0,41,11
3821,698,2025-01-24,32700.0,34,12
3822,6072,2024-02-11,40400.0,56,24
3823,7687,2024-06-26,36500.0,10,11
3824,4383,2025-12-30,37000.0,6,11
3825,7895,2026-07-18,11800.0,24,36
3826,7869,2026-01-08,29800.0,25,12
3827,1655,2025-12-29,21900.0,0,11
3828,5907,2025-07-29,42500.0,22,36
3829,5194,2023-01-15,30200.0,52,36
3830,4749,2022-11-20,30600.0,15,24
3831,7017,2023-11-22,36600.0,47,12
3832,7221,2024-07-09,31500.0,8,11
3833,1462,2023-05-29,38300.0,19,12
3834,893,2022-12-30,40900.0,14,12
3835,4820,2022-12-25,18000.0,26,11
3836,2515,2025-07-12,12000.0,37,11
3837,1396,2022-12-26,42200.0,27,11
3838,1271,2023-08-19,16600.0,25,12
3839,5110,2023-12-18,61700.0,14,36
3840,163,2025-03-13,55400.0,0,11
3841,2018,2024-01-31,11600.0,37,24
3842,3372,2026-01-11,49200.0,44,24
3843,272,2026-06-11,38200.0,26,12
3844,641,2023-12-01,32600.0,27,11
3845,923,2022-10-15,59000.0,45,11
3846,3555,2022-11-14,43000.0,12,11
3847,3333,2023-11-11,16800.0,4,11
3848,2058,2022-09-03,22300.0,12,12
3849,1679,2024-05-25,61600.0,20,12
3850,205,2022-12-26,18200.0,48,12
3851,591,2025-06-25,34200.0,31,12
3852,5798,2026-03-17,35000.0,34,12
3853,856,2025-02-05,36900.0,56,36
3854,6057,2026-03-09,33900.0,31,11
3855,5467,2024-04-06,40100.0,4,11
3856,1757,2025-02-01,37600.0,18,12
3857,5862,2023-11-05,31200.0,29,24
3858,2701,2025-09-15,35300.0,17,11
3859,2348,2023-11-30,38000.0,33,12
3860,892,2024-04-05,30000.0,10,11
3861,5683,2025-12-28,72600.0,22,11
3862,7859,2024-05-12,38500.0,26,24
3863,6472,2025-08-18,22000.0,16,12
3864,702,2023-11-09,24500.0,30,11
3865,4094,2026-08-02,46200.0,0,12
3866,6234,2023-11-06,10800.0,15,11
3867,7845,2025-10-07,34600.0,0,11
3868,3217,2025-08-08,38900.0,30,36
3869,6927,2023-05-15,22400.0,14,11
3870,1453,2024-12-30,22500.0,21,36
3871,6224,2023-03-14,27100.0,22,11
3872,682,2026-05-22,52900.0,40,11
3873,7524,2026-01-24,23600.0,45,11
3874,1199,2025-01-09,76900.0,39,12
3875,5714,2023-12-31,34700.0,33,11
3876,3813,2022-11-08,22700.0,12,11
3877,961,2023-11-11,55700.0,27,12
3878,6475,2022-12-17,27600.0,22,11
3879,1480,2025-02-08,33200.0,27,11
3880,3825,2025-07-26,55900.0,23,11
3881,2595,2023-01-17,56000.0,37,24
3882,4051,2024-04-23,18800.0,21,11
3883,5103,2023-01-19,46300.0,17,11
3884,6417,2025-05-31,50800.0,35,12
3885,5553,2024-02-29,38400.0,13,11
3886,4360,2025-03-13,26400.0,45,24
3887,2413,2025-05-24,29700.0,6,12
3888,6293,2023-01-03,72700.0,19,11
3889,5316,2022-11-14,41800.0,4,24
3890,3737,2025-08-25,35100.0,26,11
3891,7452,2025-12-29,40000.0,11,11
3892,3755,2025-06-11,44400.0,48,24
3893,1792,2024-09-27,29300.0,16,12
3894,7281,2023-03-01,32900.0,24,12
3895,2403,2025-04-16,57400.0,34,11
3896,1982,2023-03-03,53700.0,18,11
3897,374,2025-08-05,22500.0,35,11
3898,6101,2024-04-01,53200.0,24,12
3899,5060,2023-03-14,26300.0,2,11
3900,4583,2025-12-06,42300.0,61,11
3901,1975,2026-05-02,31100.0,18,24
3902,6728,2023-03-29,17900.0,32,12
3903,428,2022-12-20,18400.0,1,24
3904,6437,2025-11-16,21600.0,11,11
3905,7499,2024-01-21,36800.0,11,12
3906,4831,2025-03-09,33100.0,9,24
3907,912,2023-04-26,36900.0,8,12
3908,6776,2025-10-05,39000.0,29,11
3909,7314,2025-12-22,68100.0,35,12
3910,6608,2024-11-27,40400.0,32,36
3911,607,2024-02-28,16600.0,20,12
3912,3134,2023-03-21,35900.0,6,12
3913,2387,2024-09-30,25800.0,26,11
3914,4794,2025-02-27,29400.0,0,12
3915,1725,2024-08-14,39300.0,31,24
3916,7899,2025-10-31,32100.0,13,24
3917,581,2025-06-19,30300.0,42,11
3918,7677,2025-08-13,63400.0,14,12
3919,6300,2022-09-05,23600.0,19,11
3920,7250,2024-11-27,54800.0,14,11
3921,2135,2023-03-11,52300.0,18,11
3922,5924,2025-10-31,23400.0,1,12
3923,6706,2025-03-02,29700.0,44,12
3924,3754,2026-05-19,43800.0,19,12
3925,4372,2025-03-02,56300.0,1,24
3926,4730,2024-08-08,62800.0,23,24
3927,1670,2025-09-03,29000.0,43,12
3928,5175,2024-11-02,34700.0,27,36
3929,1552,2024-06-16,24700.0,51,11
3930,4393,2025-06-12,21100.0,24,12
3931,2715,2023-04-07,39900.0,9,11
3932,3733,2022-10-03,47700.0,0,11
3933,7137,2026-06-22,48100.0,50,11
3934,5060,2025-04-11,26800.0,29,11
3935,3673,2026-04-14,36300.0,36,12
3936,1572,2023-09-14,21400.0,23,36
3937,6294,2023-12-29,19900.0,19,36
3938,7433,2024-08-09,13500.0,0,11
3939,5291,2023-02-24,61200.0,50,11
3940,3212,2025-11-08,50500.0,27,11
3941,7137,2024-11-10,45600.0,42,12
3942,98,2026-05-23,26300.0,24,11
3943,3295,2023-03-19,41400.0,14,11
3944,6124,2024-01-12,31400.0,48,12
3945,4634,2023-10-25,44000.0,0,11
3946,4839,2023-05-19,18600.0,37,12
3947,3838,2025-07-02,55400.0,36,11
3948,3233,2022-10-24,29500.0,37,11
3949,4789,2025-05-04,42500.0,8,11
3950,346,2024-09-05,34400.0,7,11
3951,5534,2026-05-03,50100.0,22,12
3952,6202,2025-03-15,41700.0,27,11
3953,4772,2025-06-17,30100.0,13,11
3954,7978,2023-03-23,61700.0,19,12
3955,620,2025-02-27,30000.0,21,12
3956,1765,2024-09-11,39700.0,50,12
3957,2341,2022-09-12,39300.0,28,11
3958,1896,2024-02-26,43000.0,22,11
3959,2665,2023-10-14,33800.0,20,12
3960,5169,2022-09-30,45000.0,32,11
3961,2124,2025-10-19,46900.0,35,24
3962,6673,2025-12-17,41200.0,30,11
3963,2375,2023-09-06,25600.0,5,24
3964,4733,2024-04-22,53000.0,0,11
3965,1205,2024-01-25,29900.0,18,12
3966,6665,2023-11-01,15800.0,48,24
3967,1117,2024-07-17,49500.0,27,11
3968,6122,2024-06-09,28700.0,28,24
3969,5091,2025-11-07,42800.0,26,12
3970,6491,2025-05-27,17900.0,14,11
3971,5898,2025-01-22,29200.0,10,11
3972,6658,2023-12-31,43200.0,38,11
3973,2854,2025-07-04,9300.0,33,11
3974,6490,2022-09-23,32000.0,10,11
3975,6353,2026-02-11,36600.0,5,11
3976,1788,2025-03-04,24900.0,32,11
3977,2734,2026-07-10,28500.0,28,24
3978,6892,2024-12-20,23500.0,32,11
3979,796,2023-12-15,24800.0,33,24
3980,7704,2024-03-14,34600.0,13,11
3981,3120,2025-05-20,55100.0,42,11
3982,6970,2023-06-14,41200.0,30,12
3983,2151,2023-01-03,40000.0,15,11
3984,3958,2024-03-10,29500.0,0,12
3985,7347,2025-02-21,22400.0,42,12
3986,5088,2024-01-19,36400.0,8,24
3987,4646,2025-11-08,31800.0,13,11
3988,2159,2023-07-08,9400.0,10,12
3989,6004,2024-11-13,26700.0,14,12
3990,5494,2024-10-03,22000.0,56,12
3991,4063,2026-05-04,40300.0,32,12
3992,2035,2024-05-27,53400.0,28,24
3993,1093,2026-02-25,46800.0,15,11
3994,7418,2024-01-09,42700.0,0,11
3995,1612,2025-06-03,66700.0,23,11
3996,1032,2026-04-12,34200.0,41,36
3997,2325,2025-02-01,34300.0,33,36
3998,4979,2025-12-14,25900.0,10,11
3999,6969,2022-12-06,18000.0,27,11
4000,7761,2024-03-10,49000.0,6,11
4001,1856,2026-06-21,47000.0,16,24
4002,6889,2024-04-19,52000.0,39,11
4003,2480,2023-02-22,22900.0,16,11
4004,5416,2026-05-06,22700.0,2,12
4005,5669,2026-01-03,27300.0,35,24
4006,7001,2022-09-22,45100.0,29,11
4007,4506,2022-12-26,30900.0,21,12
4008,4985,2023-01-09,63100.0,6,24
4009,2607,2025-07-17,40400.0,12,36
4010,6548,2023-05-29,49500.0,13,12
4011,3742,2024-02-29,44300.0,41,24
4012,8,2026-04-28,35300.0,26,11
4013,2612,2024-07-24,9900.0,12,11
4014,481,2024-12-27,49600.0,37,12
4015,5537,2025-04-18,41000.0,28,11
4016,2261,2024-06-03,63500.0,27,11
4017,492,2026-02-28,28700.0,31,24
4018,7923,2025-08-25,62700.0,21,11
4019,7393,2025-02-04,19300.0,17,24
4020,6855,2023-06-29,38300.0,15,12
4021,5112,2022-09-13,13400.0,30,12
4022,4760,2023-12-14,33300.0,0,11
4023,6190,2025-09-03,45100.0,13,24
4024,2336,2025-07-21,58000.0,28,24
4025,5340,2026-01-22,40700.0,40,11
4026,5449,2024-09-19,35600.0,22,12
4027,6842,2025-10-28,30400.0,29,11
4028,7123,2025-09-11,20500.0,38,11
4029,4668,2025-07-21,60600.0,0,12
4030,3609,2024-11-15,18900.0,50,24
4031,3421,2026-06-09,50500.0,31,11
4032,6668,2024-11-29,47500.0,23,36
4033,2886,2023-11-13,57000.0,38,11
4034,5055,2024-12-27,54300.0,28,11
4035,6669,2025-08-24,13700.0,60,24
4036,2994,2023-09-03,29400.0,13,11
4037,260,2025-11-13,31500.0,13,11
4038,285,2025-07-23,25000.0,17,11
4039,5869,2026-06-18,29200.0,31,36
4040,1941,2023-07-26,34000.0,6,11
4041,4229,2024-05-24,9000.0,0,36
4042,6772,2024-11-16,29200.0,25,24
4043,3047,2024-12-26,26800.0,40,36
4044,2318,2026-03-01,47800.0,30,11
4045,3278,2026-06-18,41900.0,36,11
4046,5225,2024-04-08,57400.0,27,24
4047,7321,2023-06-30,16500.0,33,11
4048,7846,2022-11-10,45000.0,7,11
4049,622,2024-11-21,34100.0,46,11
4050,7223,2025-07-19,20500.0,39,36
4051,6138,2023-02-20,34000.0,23,11
4052,700,2025-07-21,76000.0,52,36
4053,3776,2024-08-09,26600.0,20,12
4054,622,2025-11-12,33800.0,44,11
4055,2358,2023-08-28,32400.0,29,11
4056,7287,2024-09-03,27900.0,28,11
4057,3085,2024-09-13,28400.0,17,24
4058,6647,2025-11-22,42600.0,51,11
4059,1821,2024-09-30,41300.0,1,11
4060,6031,2025-09-18,59200.0,33,12
4061,2648,2025-12-21,13300.0,22,11
4062,2756,2023-12-17,33200.0,11,11
4063,5766,2025-05-22,29000.0,4,11
4064,6153,2023-03-26,30900.0,52,12
4065,7108,2026-03-13,70100.0,7,36
4066,4050,2024-02-08,54100.0,24,11
4067,7337,2025-04-15,26900.0,18,12
4068,5366,2025-04-13,29300.0,7,11
4069,583,2025-04-15,16800.0,15,36
4070,7430,2026-02-14,55200.0,2,36
4071,1954,2023-04-09,44000.0,7,11
4072,5223,2026-04-05,16400.0,42,12
4073,3689,2025-07-02,65200.0,28,11
4074,680,2026-03-28,22500.0,34,11
4075,4468,2025-09-03,16900.0,6,11
4076,7483,2023-01-28,37900.0,18,24
4077,1311,2023-07-04,22500.0,0,24
4078,941,2023-08-13,28200.0,40,11
4079,1153,2023-06-22,23300.0,30,12
4080,1564,2024-05-19,22500.0,12,36
4081,5979,2024-09-03,47300.0,15,11
4082,1630,2024-01-02,47000.0,15,11
4083,248,2024-10-09,44100.0,23,11
4084,3797,2023-10-29,23500.0,11,24
4085,1595,2026-05-27,49200.0,36,12
4086,6406,2024-04-28,30900.0,14,12
4087,2452,2026-04-05,49700.0,22,12
4088,2293,2025-03-10,8000.0,22,11
4089,3955,2024-08-22,32500.0,24,24
4090,1983,2025-01-28,44200.0,0,11
4091,5138,2024-03-25,50200.0,20,11
4092,7994,2023-12-06,34000.0,34,12
4093,7705,2024-11-02,60300.0,4,12
4094,3141,2024-07-20,60500.0,31,36
4095,6934,2023-09-16,11000.0,15,11
4096,228,2023-10-04,26400.0,35,12
4097,6992,2023-12-08,36800.0,0,36
4098,3631,2024-12-06,37800.0,42,12
4099,7802,2023-12-22,47900.0,34,12
4100,267,2022-12-13,32900.0,0,11
4101,1426,2024-01-24,29200.0,50,12
4102,3641,2023-06-09,54100.0,0,11
4103,5676,2026-05-20,24700.0,30,11
4104,656,2023-12-03,49500.0,29,24
4105,6487,2024-01-05,49300.0,30,12
4106,7898,2025-10-13,36500.0,8,11
4107,7700,2023-12-14,43500.0,41,11
4108,5637,2025-02-23,56700.0,24,11
4109,5692,2026-04-30,38000.0,18,11
4110,3061,2025-06-07,40700.0,29,11
4111,5606,2024-08-02,33500.0,15,11
4112,1942,2024-10-13,47100.0,6,12
4113,2559,2024-06-18,31600.0,42,11
4114,2834,2023-09-27,19800.0,14,24
4115,5465,2026-07-02,42100.0,33,11
4116,5191,2022-11-22,70800.0,25,12
4117,1182,2025-03-06,30600.0,6,12
4118,597,2026-07-08,31200.0,26,24
4119,4676,2024-03-05,26700.0,44,11
4120,1863,2026-03-08,26800.0,31,12
4121,1004,2026-05-07,30600.0,12,11
4122,4173,2024-05-07,52700.0,46,36
4123,3431,2023-12-05,27300.0,0,11
4124,6432,2023-02-11,54600.0,11,12
4125,3920,2025-08-17,48700.0,26,11
4126,1269,2023-02-08,55300.0,5,12
4127,190,2025-02-06,38800.0,17,11
4128,5659,2024-08-09,31800.0,0,11
4129,998,2023-08-30,20000.0,4,11
4130,1736,2023-07-13,21200.0,10,24
4131,1753,2025-01-31,47100.0,0,11
4132,2650,2024-01-21,37100.0,32,36
4133,4230,2023-11-28,41900.0,10,24
4134,6587,2025-09-14,42300.0,11,12
4135,5151,2025-09-30,54400.0,16,12
4136,4537,2024-05-17,11900.0,28,11
4137,5554,2026-03-07,35200.0,11,12
4138,1125,2025-01-29,54900.0,19,11
4139,7249,2024-05-24,32200.0,3,11
4140,2377,2025-01-10,36200.0,26,11
4141,3327,2023-08-02,15200.0,27,12
4142,913,2025-07-10,15700.0,21,11
4143,7990,2026-04-15,16600.0,28,11
4144,6553,2022-10-31,49800.0,16,11
4145,7132,2026-06-15,26800.0,54,24
4146,6908,2024-01-14,55800.0,20,36
4147,1712,2024-08-25,33200.0,50,12
4148,2976,2023-05-15,27800.0,22,12
4149,948,2025-12-22,51500.0,18,11
4150,4488,2024-03-20,39900.0,26,11
4151,736,2023-05-27,18000.0,39,12
4152,3010,2022-10-13,27500.0,10,24
4153,6552,2025-09-01,42200.0,47,11
4154,6176,2023-12-11,22500.0,39,11
4155,1115,2024-07-14,11900.0,11,11
4156,4683,2025-03-11,57400.0,54,12
4157,953,2023-04-29,22900.0,31,11
4158,2346,2023-10-04,45200.0,39,11
4159,156,2023-02-20,23000.0,0,11
4160,1096,2023-10-04,44500.0,57,11
4161,2002,2024-10-19,60400.0,13,36
4162,2556,2025-08-12,39100.0,31,11
4163,6477,2023-11-09,16100.0,37,12
4164,5903,2025-04-14,25000.0,44,24
4165,4315,2023-04-21,43200.0,71,11
4166,6273,2024-02-28,47300.0,37,11
4167,5177,2024-11-05,34200.0,5,12
4168,3919,2024-11-26,53800.0,13,11
4169,871,2024-09-17,54800.0,55,12
4170,650,2023-08-26,25400.0,47,12
4171,2288,2025-04-02,36500.0,34,11
4172,1638,2022-10-31,33400.0,15,24
4173,6803,2022-12-18,21500.0,9,36
4174,445,2025-03-02,30900.0,53,11
4175,6167,2024-08-28,26300.0,0,11
4176,6059,2022-10-08,43800.0,44,36
4177,6050,2022-08-31,23800.0,29,11
4178,6418,2023-06-14,40900.0,24,12
4179,7512,2026-04-10,26800.0,6,11
4180,4734,2024-11-05,26600.0,46,36
4181,6504,2022-12-03,38700.0,26,11
4182,1367,2026-01-19,26000.0,21,12
4183,3786,2026-02-11,21700.0,19,12
4184,966,2024-05-21,59500.0,28,12
4185,3456,2023-08-08,32100.0,42,11
4186,7982,2025-10-23,22100.0,0,11
4187,6244,2024-09-27,72800.0,43,11
4188,464,2024-03-26,33100.0,29,12
4189,7725,2025-08-15,39400.0,29,11
4190,4752,2023-01-19,42300.0,24,24
4191,396,2024-01-07,50400.0,34,11
4192,4030,2023-09-05,25200.0,17,12
4193,1827,2024-04-19,28300.0,46,24
4194,5052,2022-09-12,44100.0,3,11
4195,7528,2023-08-13,29900.0,34,11
4196,2308,2023-04-02,31000.0,63,11
4197,1166,2024-03-16,27300.0,26,11
4198,3896,2025-02-03,27200.0,30,11
4199,4848,2024-05-20,32600.0,30,12
4200,7573,2026-01-21,44700.0,36,12
4201,6496,2026-05-11,30000.0,8,11
4202,2508,2025-12-06,19900.0,33,11
4203,1498,2024-03-30,30200.0,17,11
4204,3759,2025-06-08,33800.0,30,12
4205,1408,2024-08-13,28900.0,24,11
4206,7183,2022-10-29,26600.0,28,24
4207,6846,2023-12-19,32900.0,5,11
4208,2654,2023-06-17,21000.0,5,11
4209,142,2026-05-02,39400.0,26,11
4210,2718,2026-01-16,33800.0,19,11
4211,4701,2023-10-30,18500.0,54,12
4212,855,2024-12-04,31000.0,22,11
4213,6993,2023-01-23,48600.0,28,11
4214,3703,2025-05-25,35300.0,1,11
4215,5902,2025-06-23,51100.0,38,12
4216,5784,2025-12-01,50700.0,42,11
4217,6271,2024-01-11,38800.0,3,12
4218,4008,2024-05-30,12400.0,19,36
4219,5749,2025-02-20,59900.0,25,11
4220,605,2025-05-13,26100.0,28,12
4221,1948,2025-11-05,33100.0,29,12
4222,283,2024-02-03,36900.0,43,12
4223,427,2022-10-21,61600.0,35,11
4224,7151,2026-07-23,18500.0,9,24
4225,4469,2026-02-24,12000.0,20,11
4226,4348,2026-06-06,82800.0,0,24
4227,6902,2026-07-06,17100.0,4,36
4228,1789,2025-07-10,34000.0,33,12
4229,4865,2026-01-12,49700.0,30,24
4230,2011,2025-03-25,22200.0,25,11
4231,4182,2025-04-04,35300.0,31,11
4232,4272,2024-11-10,30200.0,27,11
4233,7950,2026-01-28,35600.0,20,12
4234,7242,2025-04-30,30400.0,18,11
4235,3016,2024-06-13,56400.0,19,12
4236,1480,2026-02-18,34600.0,39,12
4237,5515,2024-10-30,27500.0,28,11
4238,2382,2022-12-28,12100.0,52,11
4239,5189,2023-04-08,13000.0,6,24
4240,2270,2023-05-13,32300.0,41,36
4241,7650,2023-09-03,36000.0,32,12
4242,3877,2026-05-27,28500.0,7,12
4243,7384,2024-02-12,25700.0,24,11
4244,7394,2024-07-17,21900.0,25,24
4245,2873,2024-09-06,22800.0,29,11
4246,5879,2023-10-15,56400.0,17,24
4247,5617,2024-03-19,15400.0,29,12
4248,4835,2024-06-01,52000.0,45,24
4249,1566,2025-01-26,21400.0,51,11
4250,4993,2025-12-17,19200.0,53,24
4251,3061,2025-12-16,44100.0,30,11
4252,7309,2025-12-14,24300.0,29,11
4253,4597,2022-12-18,35500.0,38,11
4254,1171,2025-10-04,27700.0,54,24
4255,951,2024-11-18,46300.0,0,11
4256,1492,2024-11-29,48300.0,9,24
4257,6073,2023-01-13,26500.0,33,11
4258,2784,2024-08-26,45400.0,33,11
4259,7231,2024-06-16,38500.0,15,12
4260,2567,2024-02-18,25700.0,43,11
4261,288,2022-11-28,50500.0,19,24
4262,267,2024-12-03,29700.0,0,11
4263,2419,2025-05-21,27100.0,10,11
4264,6963,2023-10-30,36900.0,18,36
4265,3530,2025-10-22,34900.0,14,12
4266,7115,2025-01-18,28500.0,4,24
4267,6363,2023-04-18,28400.0,41,11
4268,5897,2023-06-16,14500.0,31,11
4269,5441,2023-01-13,30700.0,0,11
4270,5028,2026-04-21,18300.0,18,11
4271,1801,2025-02-10,27500.0,39,12
4272,3120,2023-05-06,53800.0,3,11
4273,2433,2025-09-02,63800.0,44,11
4274,2320,2025-09-03,40900.0,64,12
4275,41,2024-09-13,29900.0,37,11
4276,5951,2025-03-18,26900.0,22,11
4277,68,2025-04-14,39300.0,45,11
4278,1006,2024-07-15,25000.0,19,12
4279,6020,2024-05-23,56400.0,19,12
4280,6800,2024-05-15,13700.0,35,11
4281,7965,2024-02-25,56000.0,26,12
4282,7950,2023-11-29,34900.0,10,24
4283,5841,2026-03-23,41000.0,45,12
4284,4102,2024-07-23,15300.0,29,11
4285,5875,2024-01-30,28200.0,20,24
4286,3276,2023-11-05,49800.0,46,12
4287,5495,2025-01-31,17200.0,28,11
4288,4898,2025-03-24,16200.0,19,12
4289,7337,2025-06-19,29500.0,14,11
4290,2579,2025-03-10,20600.0,23,24
4291,1111,2023-11-09,29900.0,32,11
4292,7176,2026-07-27,10200.0,28,11
4293,2533,2024-05-12,49500.0,30,11
4294,1731,2024-07-07,27200.0,12,11
4295,2366,2024-08-08,50900.0,22,24
4296,5269,2023-12-24,26200.0,22,24
4297,792,2024-04-10,80200.0,25,12
4298,7902,2024-11-20,34900.0,21,24
4299,4694,2026-06-09,30100.0,47,11
4300,1621,2025-07-15,48100.0,33,12
4301,1525,2025-12-14,56800.0,29,24
4302,6011,2023-09-12,54300.0,40,12
4303,671,2025-01-30,27600.0,0,11
4304,1379,2026-03-23,45700.0,28,11
4305,5544,2024-07-31,26700.0,17,11
4306,1328,2026-06-02,29700.0,12,11
4307,4032,2025-05-29,20600.0,43,11
4308,2030,2023-10-30,37400.0,3,24
4309,7310,2023-01-31,43400.0,19,24
4310,2089,2023-06-23,35900.0,6,11
4311,7522,2025-01-03,26800.0,23,11
4312,3600,2024-07-01,30400.0,17,24
4313,6151,2026-08-11,56400.0,30,11
4314,5564,2025-04-16,39900.0,3,12
4315,1084,2023-01-27,50200.0,14,11
4316,994,2026-06-07,33300.0,42,12
4317,4682,2025-03-17,20000.0,23,12
4318,740,2024-06-25,44800.0,7,11
4319,2582,2026-01-25,31000.0,26,12
4320,3211,2025-09-12,39900.0,39,11
4321,5242,2025-02-02,27100.0,18,12
4322,7624,2023-09-07,45800.0,28,24
4323,345,2025-04-14,13900.0,27,12
4324,7756,2025-11-28,28600.0,27,24
4325,1478,2025-04-09,42800.0,50,24
4326,2431,2025-05-30,54300.0,46,11
4327,6721,2024-07-26,30200.0,25,11
4328,3744,2023-04-29,26000.0,12,12
4329,6450,2026-05-28,21300.0,0,12
4330,6847,2024-07-04,23900.0,53,12
4331,535,2024-08-20,45800.0,18,12
4332,1939,2024-03-28,51100.0,13,11
4333,4861,2023-01-18,31900.0,42,24
4334,2118,2024-01-02,33400.0,39,12
4335,5027,2025-03-23,31900.0,10,36
4336,6893,2025-07-23,19900.0,36,24
4337,409,2024-08-01,39200.0,33,11
4338,6510,2023-01-06,29700.0,29,24
4339,6820,2024-10-08,58600.0,55,12
4340,1608,2026-02-19,46800.0,18,24
4341,6032,2024-02-17,29200.0,28,11
4342,4706,2023-06-28,33900.0,52,24
4343,3828,2025-04-17,26800.0,0,11
4344,4374,2023-03-29,28000.0,14,24
4345,4323,2026-01-28,14200.0,18,36
4346,1888,2024-10-11,42200.0,41,24
4347,1511,2026-07-02,4400.0,0,11
4348,2447,2024-01-12,48600.0,14,12
4349,6828,2022-09-14,29700.0,22,11
4350,785,2025-09-25,29700.0,0,12
4351,5648,2025-08-19,45800.0,18,36
4352,6350,2025-10-10,12400.0,13,11
4353,588,2025-12-24,36900.0,33,11
4354,2968,2024-07-30,40900.0,23,11
4355,5734,2025-01-09,32500.0,17,12
4356,194,2025-12-18,26300.0,38,11
4357,2051,2024-01-31,40100.0,37,12
4358,1213,2024-08-21,28500.0,40,24
4359,2446,2025-03-31,26700.0,6,11
4360,3069,2024-03-29,30800.0,48,11
4361,5602,2023-04-04,21000.0,44,11
4362,1832,2026-03-23,24400.0,23,11
4363,7910,2024-10-03,39400.0,31,12
4364,1137,2026-04-09,47300.0,10,11
4365,4099,2025-02-22,55000.0,35,12
4366,7584,2023-02-07,24700.0,3,11
4367,2312,2023-05-29,39400.0,44,11
4368,3824,2023-04-21,65100.0,0,12
4369,3881,2023-06-27,60200.0,23,12
4370,1980,2025-07-30,66900.0,44,11
4371,6861,2025-10-12,16700.0,52,12
4372,4986,2025-03-09,40300.0,53,12
4373,4461,2024-05-29,25100.0,29,11
4374,742,2023-11-02,39600.0,36,12
4375,4482,2024-06-29,33500.0,53,11
4376,7976,2023-08-22,12000.0,39,36
4377,5709,2025-11-10,14400.0,33,11
4378,3534,2026-08-15,32900.0,20,11
4379,4561,2024-05-30,80500.0,40,11
4380,7774,2025-07-01,22000.0,31,12
4381,4640,2023-08-26,38100.0,39,11
4382,2188,2026-07-20,49400.0,40,11
4383,1682,2025-04-24,35700.0,43,11
4384,2863,2024-08-03,26300.0,38,36
4385,5074,2025-11-14,39200.0,24,12
4386,5666,2025-11-30,46100.0,9,11
4387,142,2023-08-13,38100.0,32,11
4388,5531,2023-10-18,33000.0,31,12
4389,1487,2024-11-09,26700.0,52,11
4390,7042,2025-06-27,30800.0,35,12
4391,6096,2024-12-02,40300.0,36,11
4392,6068,2026-08-12,20400.0,29,12
4393,5932,2024-09-15,27700.0,24,24
4394,6942,2023-07-02,35500.0,20,11
4395,4904,2026-05-22,29400.0,8,36
4396,5208,2024-02-15,60300.0,43,11
4397,2141,2025-09-12,37000.0,23,12
4398,1356,2022-10-13,26400.0,13,11
4399,5088,2024-06-24,36800.0,11,11
4400,1241,2023-05-25,29300.0,38,11
4401,1187,2025-12-06,30700.0,4,11
4402,4756,2023-01-14,24100.0,28,11
4403,4603,2022-12-11,50500.0,8,11
4404,5099,2024-01-10,61300.0,15,36
4405,7160,2025-05-06,42900.0,11,11
4406,4804,2025-04-08,47100.0,8,12
4407,6051,2022-10-16,29800.0,0,11
4408,343,2023-01-20,45600.0,24,11
4409,3917,2025-08-19,52600.0,19,12
4410,2012,2026-05-24,21600.0,32,36
4411,716,2024-06-22,45600.0,12,12
4412,4517,2025-10-18,25600.0,6,12
4413,6906,2023-09-18,30400.0,43,11
4414,5605,2022-10-07,43500.0,16,36
4415,2483,2024-10-21,6000.0,38,36
4416,6511,2025-06-08,53900.0,39,36
4417,1841,2023-05-07,41300.0,16,11
4418,5584,2024-09-30,40000.0,10,11
4419,5791,2023-11-21,33200.0,35,11
4420,5024,2023-01-09,23300.0,16,11
4421,4754,2026-04-01,24200.0,27,24
4422,7855,2023-04-05,39500.0,36,12
4423,872,2025-08-18,50000.0,32,12
4424,1854,2024-02-04,23800.0,39,11
4425,2932,2025-11-16,22900.0,35,11
4426,3727,2023-07-31,39300.0,31,12
4427,183,2024-10-31,49600.0,29,36
4428,3187,2025-10-19,13900.0,47,11
4429,5793,2024-12-22,40100.0,12,24
4430,4596,2024-05-31,27300.0,30,36
4431,5947,2025-05-04,33900.0,42,12
4432,7073,2024-01-17,45700.0,47,12
4433,1552,2023-06-05,24800.0,40,12
4434,7987,2024-05-06,36100.0,33,11
4435,5114,2026-08-19,25700.0,20,11
4436,1387,2024-02-08,50400.0,36,24
4437,2223,2025-04-30,33100.0,24,11
4438,3714,2024-01-22,12200.0,14,11
4439,3713,2024-09-28,25800.0,0,11
4440,4190,2024-04-06,35000.0,18,12
4441,3319,2024-08-03,27500.0,20,12
4442,3777,2024-06-13,34300.0,21,12
4443,19,2023-03-02,19000.0,20,11
4444,3486,2024-10-14,25000.0,22,11
4445,4785,2023-09-18,33600.0,17,11
4446,4656,2022-12-22,28400.0,48,11
4447,3075,2023-06-28,57700.0,45,12
4448,6261,2025-11-02,36600.0,29,12
4449,1160,2025-11-30,26500.0,14,12
4450,3421,2025-08-24,51200.0,15,12
4451,6728,2025-01-30,16800.0,37,11
4452,3392,2022-12-06,41000.0,31,11
4453,6175,2023-05-23,51700.0,32,24
4454,3455,2025-01-17,31200.0,16,11
4455,6890,2026-04-11,49100.0,47,11
4456,6377,2023-11-15,51000.0,48,12
4457,1006,2024-08-08,25200.0,26,12
4458,3403,2023-11-15,19700.0,36,11
4459,7778,2025-02-02,40400.0,32,11
4460,4721,2024-05-12,31800.0,41,24
4461,7474,2026-01-14,21800.0,7,36
4462,5066,2026-04-29,56700.0,0,24
4463,174,2023-11-21,43900.0,9,24
4464,5583,2025-06-25,63500.0,38,11
4465,3829,2025-07-17,50100.0,42,12
4466,3124,2024-04-15,42500.0,35,24
4467,6714,2025-09-15,43200.0,1,11
4468,739,2026-03-04,22100.0,25,11
4469,3848,2026-06-08,31900.0,36,11
4470,5930,2023-09-15,21800.0,38,24
4471,1917,2026-06-27,35800.0,49,11
4472,7145,2023-06-02,16300.0,8,11
4473,5901,2025-09-14,21500.0,28,11
4474,4127,2026-07-12,22700.0,31,12
4475,5564,2025-04-21,39700.0,11,12
4476,1008,2025-04-16,21900.0,6,11
4477,3832,2026-04-16,29300.0,43,11
4478,2745,2025-04-30,43200.0,35,24
4479,423,2023-07-19,35200.0,26,11
4480,603,2024-02-03,24700.0,37,12
4481,6771,2025-02-23,16100.0,0,11
4482,7987,2026-01-03,34400.0,0,24
4483,1814,2024-11-16,14000.0,40,12
4484,2513,2023-04-01,35700.0,22,11
4485,953,2025-12-06,21500.0,35,11
4486,5318,2024-09-08,16300.0,18,11
4487,5349,2026-07-13,39800.0,21,24
4488,3896,2024-01-02,27300.0,29,12
4489,334,2026-06-05,25800.0,36,12
4490,3532,2025-04-23,42100.0,17,11
4491,2762,2023-08-01,36500.0,38,11
4492,6313,2025-07-20,21400.0,22,11
4493,4100,2025-11-15,21300.0,28,36
4494,6014,2026-06-02,43400.0,29,12
4495,5168,2025-06-18,42900.0,0,11
4496,3959,2025-10-31,40300.0,26,11
4497,4296,2023-03-14,40500.0,25,12
4498,202,2024-08-29,30800.0,16,36
4499,2552,2025-09-08,30400.0,41,11
4500,1884,2024-03-12,30600.0,23,24
4501,1908,2026-05-22,38500.0,30,12
4502,2040,2023-01-18,30200.0,14,24
4503,5506,2025-11-15,69800.0,11,11
4504,927,2025-04-28,25600.0,26,12
4505,4406,2026-06-18,26100.0,20,11
4506,4764,2025-10-27,30400.0,22,11
4507,3267,2023-04-19,35000.0,32,12
4508,7005,2023-09-09,43100.0,11,11
4509,7700,2025-04-06,42900.0,24,24
4510,7877,2023-12-03,15700.0,0,11
4511,5782,2023-04-09,27000.0,0,12
4512,784,2024-02-22,12600.0,16,24
4513,3231,2026-04-29,12200.0,18,24
4514,2556,2024-12-22,41100.0,9,12
4515,2775,2025-10-16,40900.0,40,24
4516,4831,2024-10-26,32000.0,25,12
4517,3670,2025-11-09,30700.0,4,11
4518,1665,2023-03-22,30000.0,30,11
4519,5921,2023-12-19,41900.0,49,24
4520,390,2025-02-08,39700.0,0,11
4521,6158,2023-11-10,16800.0,31,24
4522,3504,2026-07-17,23800.0,43,12
4523,6576,2025-09-01,44000.0,34,12
4524,6538,2024-06-09,38000.0,22,11
4525,5315,2023-09-09,30000.0,32,24
4526,4102,2025-02-24,14300.0,29,12
4527,4187,2024-02-22,43800.0,17,11
4528,4467,2024-02-14,55400.0,23,12
4529,2520,2023-06-29,53500.0,32,11
4530,2333,2024-02-18,39400.0,28,12
4531,1898,2025-11-28,26800.0,0,12
4532,7634,2023-10-03,33500.0,11,12
4533,2042,2026-05-01,74900.0,29,24
4534,7283,2023-01-26,33500.0,21,36
4535,5598,2023-01-09,32900.0,22,12
4536,1264,2025-09-21,72300.0,43,11
4537,4775,2024-10-05,32200.0,31,12
4538,4238,2026-01-12,31900.0,11,11
4539,1178,2026-04-03,26500.0,11,11
4540,4420,2024-01-02,32800.0,48,36
4541,7216,2023-06-28,21400.0,6,11
4542,7602,2026-04-27,47600.0,39,36
4543,1462,2023-05-21,40600.0,29,11
4544,5747,2026-07-01,31400.0,26,36
4545,7617,2025-05-19,21800.0,19,11
4546,1861,2023-03-18,19300.0,11,24
4547,2375,2023-06-17,25900.0,1,36
4548,5680,2025-12-08,49500.0,39,11
4549,1158,2025-03-17,37200.0,26,11
4550,5901,2023-01-13,19300.0,3,11
4551,6702,2025-01-02,43300.0,40,11
4552,2716,2024-05-30,82100.0,39,24
4553,3584,2026-06-09,40700.0,40,11
4554,378,2024-05-07,32600.0,54,24
4555,2167,2023-11-02,36100.0,27,11
4556,4114,2023-01-12,19800.0,42,12
4557,2065,2025-09-30,30800.0,23,12
4558,3791,2023-10-02,16300.0,48,24
4559,5264,2024-08-14,34700.0,23,12
4560,3339,2022-12-15,28400.0,17,36
4561,3518,2024-02-29,39100.0,23,11
4562,1931,2023-03-04,21100.0,27,12
4563,1865,2022-09-29,23400.0,29,11
4564,1507,2022-12-06,26300.0,30,11
4565,2292,2025-04-13,11900.0,15,11
4566,5393,2023-08-11,10400.0,38,11
4567,3323,2023-08-09,32900.0,9,24
4568,7142,2023-09-14,21400.0,0,24
4569,5275,2022-11-15,12400.0,30,11
4570,3209,2023-01-09,35000.0,20,12
4571,2115,2023-05-16,35600.0,50,12
4572,363,2023-04-23,47700.0,29,12
4573,7396,2023-06-18,24300.0,7,12
4574,6848,2024-03-10,64500.0,58,36
4575,6962,2023-06-01,25800.0,46,11
4576,2086,2024-08-31,18700.0,3,12
4577,1169,2026-02-23,39500.0,13,12
4578,1672,2024-03-18,12500.0,0,12
4579,5622,2023-10-19,20900.0,10,12
4580,4094,2026-04-07,45500.0,46,12
4581,1987,2022-10-26,48000.0,42,11
4582,4882,2024-12-04,30400.0,0,11
4583,3444,2026-08-07,32500.0,0,36
4584,6723,2025-04-12,12200.0,31,11
4585,7996,2024-07-25,31400.0,32,11
4586,3051,2023-01-25,23400.0,19,11
4587,7,2024-10-21,37900.0,27,11
4588,3347,2025-09-25,34600.0,39,11
4589,6704,2024-02-22,15300.0,35,12
4590,1627,2025-08-05,47500.0,19,36
4591,5040,2024-02-16,28500.0,40,36
4592,3344,2024-07-25,26600.0,19,24
4593,2663,2025-04-01,38800.0,29,11
4594,3299,2025-05-22,38300.0,34,11
4595,6031,2022-11-23,59700.0,25,12
4596,7997,2024-04-18,15000.0,27,11
4597,3353,2026-06-20,29200.0,15,24
4598,7769,2024-08-18,43100.0,2,11
4599,931,2022-10-20,45000.0,29,24
4600,2055,2024-10-25,48500.0,16,11
4601,1473,2026-01-06,44900.0,20,12
4602,5669,2024-03-18,28600.0,0,36
4603,3126,2022-10-31,27900.0,30,11
4604,5721,2023-11-01,18000.0,40,11
4605,3630,2024-08-20,32700.0,18,12
4606,4317,2025-11-21,42000.0,20,11
4607,6677,2023-07-10,35600.0,47,11
4608,5024,2023-07-16,23900.0,32,24
4609,2998,2025-12-10,65400.0,43,11
4610,1871,2023-04-13,45500.0,31,12
4611,584,2026-01-05,27100.0,12,11
4612,6606,2025-04-01,35000.0,43,11
4613,5634,2025-10-25,27400.0,42,24
4614,947,2023-08-30,34900.0,3,12
4615,3847,2024-05-08,35900.0,29,12
4616,3785,2023-10-30,27300.0,15,36
4617,1495,2024-12-27,29000.0,30,11
4618,3355,2022-12-19,46100.0,15,11
4619,7811,2022-10-13,25500.0,43,11
4620,5040,2025-07-03,30300.0,9,12
4621,1080,2025-05-16,35200.0,32,11
4622,7712,2023-07-23,27300.0,20,12
4623,5868,2025-05-12,35900.0,2,24
4624,1943,2024-03-07,49600.0,22,11
4625,1489,2026-04-13,21400.0,43,12
4626,7132,2025-10-26,27300.0,23,24
4627,7221,2024-11-28,30800.0,27,11
4628,1430,2026-06-30,27100.0,21,24
4629,3498,2025-07-05,26300.0,20,11
4630,446,2025-08-20,44300.0,30,12
4631,3735,2025-03-19,42700.0,43,36
4632,6349,2023-07-21,35700.0,49,12
4633,4758,2023-02-26,19900.0,28,11
4634,7994,2025-11-21,34200.0,27,12
4635,1206,2026-08-17,39700.0,19,12
4636,7755,2025-06-15,27300.0,25,11
4637,6262,2025-01-07,26400.0,26,12
4638,4562,2025-05-13,45400.0,24,11
4639,6731,2023-02-16,22600.0,30,11
4640,1285,2022-11-29,43100.0,15,36
4641,3719,2026-02-01,22800.0,23,11
4642,1883,2024-11-13,20600.0,54,11
4643,2360,2023-01-12,49100.0,36,24
4644,6071,2024-03-22,29800.0,29,11
4645,6400,2024-10-23,70900.0,27,24
4646,928,2024-12-13,24600.0,27,12
4647,4444,2024-06-28,41800.0,30,11
4648,4743,2022-09-04,20400.0,20,36
4649,4103,2023-09-29,30200.0,16,11
4650,6771,2023-02-08,17000.0,59,36
4651,2218,2023-12-18,28900.0,11,11
4652,2221,2023-08-15,35200.0,25,11
4653,5791,2025-01-10,31700.0,34,11
4654,6446,2025-03-08,25100.0,13,24
4655,124,2024-03-23,29100.0,0,11
4656,7356,2023-03-10,19700.0,23,11
4657,3234,2026-02-17,36800.0,18,36
4658,6935,2026-06-11,44100.0,38,12
4659,5951,2024-03-28,26300.0,19,24
4660,800,2022-08-25,63500.0,0,36
4661,6268,2023-05-01,29100.0,15,36
4662,6477,2024-04-29,17000.0,20,12
4663,2469,2025-07-28,13000.0,47,24
4664,811,2025-08-29,23400.0,6,11
4665,4266,2024-11-01,42500.0,24,11
4666,4248,2024-09-03,23500.0,33,11
4667,6714,2024-02-06,45400.0,18,11
4668,6926,2023-09-27,30400.0,33,24
4669,5742,2022-09-04,24100.0,8,12
4670,1980,2026-02-03,62900.0,11,24
4671,2204,2026-05-06,68000.0,30,24
4672,3895,2023-07-24,43400.0,32,11
4673,7305,2025-09-21,43400.0,31,24
4674,1330,2024-02-08,20400.0,0,11
4675,4257,2023-07-23,37000.0,34,11
4676,3216,2024-08-24,29100.0,22,12
4677,3316,2023-10-29,28400.0,20,12
4678,7814,2025-05-13,71500.0,19,11
4679,2403,2025-02-13,57000.0,27,11
4680,1976,2022-12-18,26100.0,22,11
4681,2782,2024-04-07,36600.0,18,11
4682,368,2024-06-05,16800.0,31,11
4683,5028,2026-03-05,18400.0,23,11
4684,5621,2023-12-09,40100.0,19,12
4685,2442,2022-12-21,52200.0,27,12
4686,964,2023-11-18,24300.0,9,11
4687,7194,2026-04-22,46500.0,0,11
4688,5796,2024-02-22,49500.0,33,11
4689,1408,2023-07-04,30700.0,26,11
4690,1470,2025-05-24,45200.0,20,11
4691,3256,2024-01-06,18500.0,59,36
4692,7889,2022-09-26,68900.0,21,36
4693,4967,2023-04-15,39700.0,21,11
4694,7822,2022-12-17,27900.0,33,12
4695,343,2022-10-27,44600.0,43,36
4696,3060,2025-11-12,49800.0,0,11
4697,386,2022-12-27,15000.0,0,11
4698,5214,2026-04-11,19900.0,22,12
4699,1591,2023-08-12,31300.0,41,11
4700,302,2022-12-24,40200.0,24,11
4701,139,2023-12-15,35600.0,9,11
4702,362,2024-09-07,11800.0,20,11
4703,5043,2025-03-04,33600.0,34,11
4704,1557,2025-06-17,27800.0,0,11
4705,3540,2024-11-24,46200.0,29,11
4706,1664,2022-09-06,51900.0,36,24
4707,6205,2023-07-08,21500.0,10,11
4708,1332,2025-11-12,14100.0,14,12
4709,7965,2026-01-30,52400.0,16,11
4710,6769,2024-06-12,11600.0,28,24
4711,5116,2024-08-08,21500.0,14,12
4712,1162,2024-08-09,13000.0,5,12
4713,7161,2026-01-23,26200.0,27,12
4714,2235,2025-06-06,32000.0,5,12
4715,5206,2023-05-27,52800.0,26,24
4716,6718,2024-01-06,29600.0,18,11
4717,6795,2024-08-19,36000.0,49,11
4718,6553,2026-04-06,50500.0,13,12
4719,3246,2026-03-17,37500.0,4,12
4720,3924,2023-11-06,17100.0,17,11
4721,2199,2023-02-25,46000.0,26,11
4722,1265,2026-04-10,22600.0,45,12
4723,6005,2025-06-05,41100.0,39,11
4724,3823,2022-08-27,39900.0,0,11
4725,7056,2023-01-03,62700.0,55,11
4726,2898,2024-03-14,42100.0,50,36
4727,4360,2024-10-18,25600.0,29,36
4728,1019,2023-07-24,25800.0,44,12
4729,2624,2025-03-04,84400.0,31,12
4730,1336,2024-11-08,55600.0,9,12
4731,6804,2023-12-01,34400.0,0,36
4732,667,2023-08-04,39100.0,1,24
4733,2719,2024-03-04,27200.0,51,24
4734,2261,2023-09-02,59400.0,32,12
4735,1953,2025-08-28,24000.0,23,11
4736,3818,2024-06-12,40100.0,21,11
4737,2091,2025-12-18,35300.0,48,12
4738,6338,2024-06-18,24500.0,0,24
4739,3238,2026-02-04,39000.0,38,11
4740,1168,2024-05-17,45900.0,27,24
4741,6110,2022-11-16,31900.0,29,12
4742,269,2024-03-08,38200.0,35,12
4743,1887,2023-07-13,60400.0,9,11
4744,1746,2023-12-07,25400.0,31,12
4745,3715,2026-06-14,24300.0,66,24
4746,3290,2026-01-02,22500.0,15,36
4747,2344,2026-05-11,33700.0,42,24
4748,3820,2025-10-30,37300.0,20,11
4749,3918,2024-06-14,27900.0,52,11
4750,6677,2025-03-04,38200.0,0,11
4751,1544,2026-01-01,39600.0,39,36
4752,481,2026-01-02,47500.0,33,36
4753,7843,2025-03-10,23100.0,12,11
4754,994,2024-07-10,30900.0,32,11
4755,1235,2023-07-31,24000.0,23,11
4756,5254,2023-07-18,31500.0,26,36
4757,2004,2023-05-05,8500.0,12,11
4758,566,2024-12-14,30300.0,37,36
4759,5228,2024-04-24,34600.0,22,11
4760,7850,2025-12-12,44600.0,27,11
4761,5824,2025-07-14,42500.0,19,11
4762,7855,2023-12-19,40900.0,27,11
4763,900,2025-08-26,18600.0,24,12
4764,2243,2024-08-19,37500.0,25,24
4765,4869,2026-07-21,26700.0,17,11
4766,7627,2026-08-12,32700.0,27,11
4767,2726,2023-12-30,20900.0,38,12
4768,5992,2025-10-01,29000.0,0,36
4769,7115,2023-11-04,29200.0,30,12
4770,5071,2023-10-04,29400.0,15,11
4771,4783,2024-10-07,26800.0,29,11
4772,7320,2022-10-22,35400.0,0,11
4773,4898,2023-11-06,15400.0,44,11
4774,5467,2026-02-15,42300.0,31,11
4775,7423,2024-05-22,32900.0,16,36
4776,1646,2025-11-03,43400.0,39,12
4777,3572,2026-01-03,36900.0,45,11
4778,5455,2024-10-18,25800.0,14,11
4779,2508,2026-08-06,21500.0,15,11
4780,4598,2024-03-07,45900.0,4,36
4781,1990,2026-01-22,30700.0,30,11
4782,4918,2026-01-05,20900.0,67,24
4783,4907,2023-04-13,22200.0,14,12
4784,2871,2022-11-03,21300.0,35,24
4785,6785,2025-01-04,30300.0,15,11
4786,3913,2026-01-10,12700.0,0,11
4787,3620,2026-03-13,17600.0,22,12
4788,5934,2024-01-27,17300.0,30,24
4789,6195,2024-12-13,10700.0,31,24
4790,7271,2026-03-11,31700.0,5,12
4791,3890,2025-11-04,38900.0,5,11
4792,4271,2024-04-15,55700.0,14,36
4793,4806,2023-02-07,43700.0,32,11
4794,2014,2023-01-24,74900.0,47,11
4795,5930,2024-07-27,23800.0,14,11
4796,6271,2026-08-10,38700.0,20,11
4797,3910,2024-07-10,12500.0,17,12
4798,2882,2023-11-11,33900.0,1,11
4799,920,2024-06-06,41900.0,17,36
4800,368,2023-10-17,17600.0,36,11
4801,4358,2025-08-09,32000.0,24,11
4802,3194,2024-04-22,37200.0,37,12
4803,2615,2024-06-24,23600.0,21,36
4804,7652,2024-09-05,56200.0,4,11
4805,1905,2025-10-17,55000.0,61,11
4806,116,2023-03-29,35300.0,0,11
4807,7236,2024-03-07,39800.0,37,24
4808,2436,2024-12-09,44200.0,54,12
4809,5088,2023-10-26,36400.0,29,24
4810,7030,2023-12-26,23800.0,16,12
4811,4027,2026-05-29,45200.0,32,12
4812,5047,2025-05-09,54500.0,12,11
4813,6422,2025-08-31,56200.0,25,11
4814,7901,2024-12-14,47200.0,49,11
4815,5563,2025-01-25,27400.0,11,24
4816,2545,2023-08-31,53700.0,15,12
4817,7132,2025-05-17,26300.0,35,12
4818,5247,2024-09-30,65900.0,51,12
4819,960,2024-01-11,21400.0,38,11
4820,7819,2024-04-20,28200.0,24,36
4821,1762,2026-01-02,45400.0,0,12
4822,2385,2024-02-24,43900.0,1,12
4823,2829,2024-12-29,35300.0,3,11
4824,1165,2025-01-08,35400.0,38,11
4825,2582,2026-04-28,31400.0,32,12
4826,4211,2026-06-13,32800.0,22,12
4827,3503,2025-07-03,22500.0,54,11
4828,5970,2024-04-06,34100.0,19,12
4829,4886,2023-07-05,29000.0,13,11
4830,3997,2023-03-01,29500.0,46,24
4831,3722,2024-04-09,21300.0,47,11
4832,3023,2024-10-28,10200.0,17,36
4833,6054,2022-10-08,34400.0,1,12
4834,2419,2025-09-14,28000.0,7,11
4835,4317,2024-05-28,38300.0,13,12
4836,279,2024-05-24,25000.0,36,24
4837,2043,2024-06-16,42800.0,32,11
4838,1255,2025-01-06,44500.0,0,11
4839,6470,2024-07-04,67300.0,25,11
4840,3840,2025-08-29,25200.0,48,11
4841,3823,2023-06-15,42500.0,38,11
4842,7873,2024-11-22,18300.0,26,11
4843,708,2025-12-07,29500.0,42,12
4844,1338,2023-03-18,44300.0,7,12
4845,4246,2023-07-11,47100.0,51,12
4846,7626,2024-07-04,25300.0,35,11
4847,3314,2023-05-15,24500.0,28,12
4848,4208,2025-08-13,26100.0,0,12
4849,7693,2025-09-01,41200.0,32,12
4850,2362,2024-05-29,33300.0,16,11
4851,2905,2025-04-24,35700.0,17,36
4852,4304,2022-12-22,51200.0,11,11
4853,3643,2026-06-02,19900.0,27,12
4854,3481,2025-09-02,46900.0,31,11
4855,550,2026-08-02,42400.0,24,24
4856,2754,2023-02-15,28100.0,24,12
4857,4780,2024-11-06,14200.0,12,36
4858,1114,2024-04-23,31700.0,13,12
4859,3446,2023-05-20,18600.0,22,36
4860,25,2025-10-21,40600.0,14,11
4861,1607,2024-04-05,50000.0,9,11
4862,6273,2026-07-02,48400.0,60,11
4863,3029,2025-03-31,44000.0,13,11
4864,5791,2023-04-22,33700.0,20,36
4865,4333,2023-06-10,40600.0,31,11
4866,1806,2023-07-24,13000.0,3,11
4867,4850,2025-05-15,38400.0,18,24
4868,2285,2025-09-27,20600.0,11,12
4869,7449,2022-11-03,50900.0,13,12
4870,201,2023-03-17,32100.0,4,12
4871,3276,2025-02-06,53700.0,28,12
4872,258,2026-05-08,37100.0,49,12
4873,3835,2023-08-23,36900.0,25,36
4874,4748,2024-02-24,25000.0,18,11
4875,2291,2025-10-13,26800.0,38,12
4876,6994,2025-11-21,27700.0,2,24
4877,3251,2026-03-11,23900.0,35,12
4878,3691,2025-12-21,26100.0,0,36
4879,3418,2026-06-10,16900.0,18,36
4880,5009,2024-02-23,26300.0,19,12
4881,5150,2026-07-28,71400.0,26,24
4882,7707,2023-09-01,13200.0,15,36
4883,7582,2023-07-17,28200.0,27,11
4884,417,2026-04-20,39600.0,12,24
4885,2058,2024-03-24,22600.0,42,11
4886,1412,2024-01-04,48900.0,31,11
4887,1125,2023-02-26,53100.0,5,11
4888,3509,2023-12-31,23900.0,38,12
4889,3740,2024-10-13,29100.0,11,36
4890,927,2024-03-14,24600.0,30,36
4891,188,2025-09-30,33100.0,45,24
4892,4138,2025-01-10,30100.0,46,12
4893,3844,2022-12-29,41000.0,0,11
4894,2059,2024-08-28,29000.0,4,11
4895,5530,2023-08-09,23500.0,17,11
4896,2137,2025-06-30,33900.0,11,24
4897,3729,2022-10-29,22900.0,27,11
4898,2178,2025-10-10,49600.0,23,11
4899,5359,2026-01-29,27300.0,12,12
4900,361,2023-09-11,32100.0,15,11
4901,5770,2024-10-03,40600.0,46,11
4902,5300,2025-12-11,9200.0,22,11
4903,7231,2023-12-24,37400.0,32,11
4904,5900,2024-10-04,82200.0,41,24
4905,2475,2025-10-02,28800.0,29,11
4906,4357,2023-12-30,13700.0,43,12
4907,7703,2023-01-22,26000.0,0,12
4908,7984,2026-06-25,39600.0,41,11
4909,7681,2025-02-27,43300.0,9,11
4910,7509,2025-09-10,32500.0,5,11
4911,6603,2024-09-18,35700.0,27,36
4912,4650,2022-09-03,39900.0,37,11
4913,1530,2023-04-20,29600.0,42,36
4914,5247,2024-01-13,68300.0,40,12
4915,6460,2023-11-17,32000.0,19,24
4916,2206,2023-03-17,24900.0,0,24
4917,6173,2025-11-03,30200.0,20,12
4918,2612,2023-12-06,9600.0,17,24
4919,5530,2026-07-13,22600.0,20,11
4920,2393,2024-04-10,32700.0,43,11
4921,7776,2026-08-10,26300.0,44,12
4922,3021,2026-07-08,19800.0,11,11
4923,1266,2024-02-04,62600.0,4,11
4924,991,2025-11-01,38600.0,11,11
4925,4834,2024-07-20,35600.0,26,36
4926,4058,2026-01-26,13800.0,45,36
4927,5809,2026-06-09,40100.0,23,11
4928,1074,2024-11-01,47000.0,30,36
4929,3787,2025-03-08,24100.0,33,11
4930,2843,2024-06-02,50700.0,32,11
4931,7552,2024-03-21,23100.0,45,12
4932,1624,2025-05-07,14700.0,2,11
4933,3969,2022-10-20,29800.0,28,11
4934,2420,2025-07-09,22000.0,45,12
4935,7208,2026-06-09,30100.0,23,11
4936,7554,2023-04-23,32800.0,30,12
4937,5913,2023-08-18,16400.0,36,24
4938,440,2022-12-07,37800.0,0,12
4939,2892,2024-07-22,56100.0,18,11
4940,1591,2026-03-29,31700.0,38,11
4941,7727,2023-01-02,34500.0,25,12
4942,5287,2026-07-05,46100.0,12,24
4943,3949,2026-04-01,37000.0,42,11
4944,7636,2024-11-15,40200.0,38,11
4945,1333,2026-06-29,52900.0,7,24
4946,7018,2026-04-28,27400.0,23,12
4947,6303,2026-06-10,60400.0,21,11
4948,2436,2025-09-26,42500.0,47,24
4949,183,2025-04-12,51000.0,36,11
4950,7344,2024-10-16,32500.0,13,24
4951,6832,2024-07-09,17400.0,21,24
4952,5688,2024-09-24,28100.0,48,36
4953,7395,2024-07-27,71900.0,26,12
4954,7331,2026-04-24,39100.0,21,12
4955,7809,2024-09-16,41100.0,8,24
4956,5698,2023-06-12,28200.0,41,11
4957,1625,2025-10-28,34700.0,24,11
4958,1623,2022-12-09,34800.0,15,24
4959,670,2025-11-02,23700.0,24,11
4960,160,2025-11-08,36700.0,21,12
4961,4045,2024-11-25,18300.0,25,12
4962,7335,2025-10-27,19100.0,35,11
4963,7499,2023-04-30,36100.0,43,24
4964,6694,2025-11-26,20400.0,3,36
4965,1032,2024-07-12,33600.0,44,12
4966,53,2025-04-19,25800.0,27,11
4967,6690,2024-03-15,46700.0,34,36
4968,7142,2023-11-01,21900.0,22,11
4969,5256,2024-05-05,49400.0,12,11
4970,5264,2023-07-28,33600.0,34,36
4971,6994,2025-09-03,27800.0,17,11
4972,2358,2024-10-19,31800.0,18,12
4973,1256,2024-08-29,15400.0,0,11
4974,7380,2024-07-08,31700.0,46,11
4975,5713,2022-09-17,49500.0,41,12
4976,7070,2022-12-12,17900.0,28,11
4977,5708,2022-10-19,36100.0,29,11
4978,1058,2024-09-28,45800.0,31,11
4979,3788,2023-11-19,39600.0,20,11
4980,6173,2025-05-16,32600.0,32,12
4981,4139,2023-03-27,32900.0,23,11
4982,7613,2022-09-19,48700.0,31,36
4983,5057,2025-05-11,49000.0,21,11
4984,4553,2025-07-22,30500.0,50,12
4985,7967,2025-04-04,14800.0,19,24
4986,5309,2022-08-25,32400.0,32,11
4987,7168,2025-07-11,40900.0,19,11
4988,5960,2024-08-03,21000.0,42,12
4989,7887,2023-10-28,18000.0,14,11
4990,7917,2026-06-03,50200.0,26,11
4991,5683,2022-11-25,70500.0,24,12
4992,5201,2023-09-26,24800.0,22,11
4993,1292,2024-08-17,34300.0,34,11
4994,7315,2023-03-08,26700.0,5,11
4995,1926,2026-02-03,39500.0,41,12
4996,7475,2022-11-27,65700.0,31,12
4997,1850,2026-02-08,55700.0,13,36
4998,3243,2023-09-17,43000.0,0,11
4999,3885,2024-04-17,20700.0,34,11
5000,2392,2026-02-17,18500.0,50,11
5001,6485,2023-11-29,54100.0,28,11
5002,3497,2025-08-04,20300.0,25,36
5003,5323,2025-10-02,42100.0,21,24
5004,833,2024-01-21,29900.0,24,36
5005,6020,2024-04-03,59900.0,33,11
5006,6183,2025-05-10,27300.0,16,12
5007,2491,2024-06-03,46000.0,7,11
5008,6606,2023-09-26,33400.0,21,36
5009,7235,2025-12-07,38400.0,31,24
5010,906,2023-07-21,31900.0,28,11
5011,6076,2025-07-08,41600.0,7,24
5012,5394,2022-11-08,45500.0,27,12
5013,678,2024-10-08,30200.0,21,11
5014,7979,2025-09-13,46000.0,21,11
5015,4835,2023-10-21,48200.0,38,11
5016,2682,2024-10-21,29000.0,43,11
5017,5862,2026-05-22,28900.0,19,11
5018,7987,2023-05-22,36600.0,2,24
5019,4328,2022-09-08,32000.0,15,11
5020,6169,2026-07-03,17800.0,17,12
5021,5917,2024-08-30,38200.0,31,11
5022,4627,2024-08-09,38200.0,30,12
5023,5694,2026-03-29,40200.0,37,11
5024,6900,2025-05-22,42200.0,12,12
5025,7206,2023-07-01,54600.0,6,11
5026,834,2024-10-09,20900.0,21,11
5027,2237,2025-03-18,26400.0,14,12
5028,1133,2024-05-03,25800.0,35,11
5029,2274,2025-10-25,25800.0,36,11
5030,198,2026-02-02,46800.0,25,24
5031,2730,2023-12-23,30300.0,10,12
5032,7894,2026-07-18,25200.0,29,11
5033,6218,2023-04-01,35100.0,0,11
5034,6981,2023-03-04,36100.0,21,11
5035,3576,2024-07-29,56500.0,32,12
5036,2502,2023-09-15,25500.0,24,11
5037,476,2025-04-15,29700.0,7,11
5038,6495,2024-01-02,22000.0,46,12
5039,1992,2025-06-13,43500.0,16,24
5040,5137,2025-02-12,52100.0,40,11
5041,3990,2024-06-22,27000.0,25,11
5042,2054,2023-01-06,35800.0,27,11
5043,3888,2022-10-23,20800.0,35,24
5044,6920,2023-01-23,58800.0,37,36
5045,7247,2024-05-12,32600.0,0,36
5046,5113,2025-01-26,32700.0,2,36
5047,6451,2026-01-08,21400.0,9,24
5048,4212,2024-07-26,53000.0,27,11
5049,3884,2023-03-01,36300.0,52,11
5050,4081,2025-02-07,36200.0,49,12
5051,236,2024-01-13,38600.0,38,24
5052,7334,2024-12-01,53200.0,21,12
5053,5336,2022-10-26,49800.0,30,11
5054,946,2026-01-10,38200.0,10,12
5055,3692,2023-04-03,27600.0,0,12
5056,531,2025-07-12,27700.0,36,11
5057,6029,2024-01-17,34000.0,14,12
5058,3607,2023-08-03,38100.0,34,24
5059,4630,2025-06-15,36600.0,43,11
5060,5000,2026-07-06,55200.0,27,11
5061,1666,2024-06-07,44000.0,7,12
5062,5956,2022-08-25,23500.0,34,36
5063,4734,2023-09-16,25600.0,30,24
5064,7276,2025-03-22,38500.0,11,12
5065,5967,2023-06-04,43400.0,25,24
5066,5895,2024-07-16,25000.0,12,11
5067,1347,2023-12-30,34500.0,50,36
5068,2921,2023-04-12,48400.0,12,11
5069,5120,2026-04-09,43000.0,0,11
5070,1152,2024-01-04,27200.0,56,12
5071,5744,2026-06-29,28100.0,14,12
5072,5544,2025-02-27,27300.0,11,12
5073,7166,2024-02-14,35500.0,6,12
5074,2644,2023-12-04,48700.0,26,12
5075,1046,2023-02-18,48000.0,55,36
5076,5795,2024-05-08,40600.0,55,36
5077,1409,2023-06-24,36700.0,31,11
5078,3457,2025-01-18,39300.0,8,11
5079,1554,2024-05-29,40000.0,31,11
5080,5901,2023-10-06,21300.0,41,11
5081,6220,2023-04-17,89100.0,33,11
5082,228,2022-09-17,27600.0,20,12
5083,5475,2025-10-13,30100.0,26,11
5084,5080,2023-12-21,49200.0,26,11
5085,909,2026-05-18,30700.0,2,12
5086,5697,2023-11-05,35800.0,45,12
5087,4166,2026-01-26,21300.0,0,11
5088,5247,2026-08-12,69200.0,0,11
5089,2308,2026-06-27,30100.0,8,11
5090,2851,2026-04-17,25300.0,28,24
5091,400,2023-10-30,60900.0,29,11
5092,5335,2025-11-16,42100.0,8,12
5093,2123,2025-12-09,48000.0,31,12
5094,7193,2024-12-18,9400.0,37,12
5095,7854,2023-04-08,23600.0,0,11
5096,4851,2023-02-26,44800.0,48,11
5097,4528,2025-01-14,7900.0,44,12
5098,3317,2024-09-13,27000.0,26,12
5099,5701,2024-10-24,26900.0,29,11
5100,3984,2025-05-28,17300.0,9,11
5101,5160,2023-05-06,64200.0,35,11
5102,2049,2025-03-31,25500.0,13,24
5103,2060,2026-06-11,23600.0,25,11
5104,3247,2026-07-04,24900.0,25,36
5105,2727,2026-04-17,30800.0,0,12
5106,1920,2025-07-18,31200.0,30,11
5107,1224,2023-07-30,42100.0,26,12
5108,1811,2026-04-30,26300.0,26,12
5109,162,2024-05-15,23200.0,11,12
5110,4069,2025-10-16,32100.0,0,24
5111,1790,2024-07-21,29200.0,35,11
5112,789,2026-02-28,63600.0,11,12
5113,7585,2023-08-31,64200.0,13,11
5114,6048,2023-05-26,18700.0,28,36
5115,6554,2023-11-09,37500.0,4,11
5116,7324,2025-02-24,65500.0,37,24
5117,5262,2024-01-02,20300.0,2,11
5118,6607,2023-11-07,34900.0,22,24
5119,957,2026-03-22,55000.0,11,11
5120,3300,2024-09-16,25400.0,55,12
5121,548,2023-04-17,65400.0,54,11
5122,6774,2026-07-13,11900.0,25,36
5123,5029,2024-02-20,21900.0,0,11
5124,1493,2024-07-16,41000.0,15,11
5125,5299,2023-12-26,49600.0,30,11
5126,359,2024-04-04,33100.0,17,11
5127,3689,2025-06-23,63200.0,18,12
5128,3405,2023-11-12,32900.0,33,11
5129,236,2026-03-18,36500.0,47,11
5130,6504,2026-02-06,40400.0,34,24
5131,1583,2025-03-23,24900.0,5,11
5132,7636,2025-12-21,42300.0,6,11
5133,2141,2025-02-01,35900.0,30,11
5134,4309,2024-12-01,32600.0,19,12
5135,2146,2025-09-07,16800.0,23,11
5136,1711,2023-07-16,28500.0,45,24
5137,6853,2026-05-06,23400.0,30,12
5138,5278,2025-03-22,52900.0,7,24
5139,2145,2025-03-13,52200.0,0,11
5140,3742,2023-02-19,44200.0,24,36
5141,4759,2024-07-07,30200.0,34,11
5142,3681,2026-02-02,31400.0,44,36
5143,3836,2026-06-24,30100.0,26,11
5144,3249,2025-02-20,18700.0,36,11
5145,1857,2025-07-08,35900.0,27,11
5146,3931,2024-11-26,39500.0,22,11
5147,2049,2022-09-02,25400.0,25,11
5148,7163,2022-11-24,55400.0,10,11
5149,4597,2025-06-06,33200.0,34,36
5150,7459,2024-07-25,13600.0,45,12
5151,686,2024-07-18,42400.0,3,11
5152,390,2023-02-22,39800.0,36,24
5153,2206,2026-02-24,24200.0,38,24
5154,2720,2024-04-03,56700.0,24,11
5155,2109,2025-05-30,48700.0,29,36
5156,3942,2026-07-05,36900.0,14,36
5157,3333,2025-12-19,16400.0,35,11
5158,5091,2023-02-19,40400.0,29,24
5159,7862,2023-09-06,47500.0,0,11
5160,4742,2023-04-01,44400.0,41,11
5161,4366,2022-10-07,53700.0,38,11
5162,6691,2024-04-13,27400.0,14,36
5163,752,2025-01-12,11500.0,26,11
5164,1432,2022-11-05,18200.0,26,11
5165,3339,2025-09-04,28600.0,0,11
5166,7153,2025-07-03,21300.0,42,11
5167,2328,2023-09-16,35600.0,24,24
5168,3995,2025-12-14,55300.0,25,12
5169,4014,2026-07-13,27100.0,29,11
5170,4310,2026-04-13,49200.0,3,11
5171,3307,2025-05-07,43000.0,37,24
5172,2895,2023-03-24,32800.0,15,12
5173,3846,2023-08-08,21100.0,13,11
5174,2567,2026-05-30,25800.0,31,11
5175,2199,2023-02-02,41700.0,21,36
5176,3760,2024-06-22,31400.0,0,12
5177,2806,2025-11-29,6900.0,4,11
5178,6218,2024-03-20,37000.0,25,11
5179,3957,2026-04-12,31300.0,24,12
5180,7827,2023-09-01,38000.0,0,12
5181,3852,2026-06-22,63700.0,29,11
5182,5925,2023-12-12,46100.0,10,24
5183,5942,2024-12-02,14600.0,14,12
5184,2272,2025-10-14,53600.0,33,24
5185,2855,2026-02-23,31900.0,37,11
5186,1735,2025-03-03,56100.0,25,11
5187,5663,2024-09-20,32400.0,30,24
5188,7455,2023-02-19,22800.0,42,11
5189,3546,2025-01-27,62100.0,2,12
5190,4157,2023-07-11,34000.0,43,12
5191,5980,2026-07-20,28600.0,55,12
5192,1559,2025-01-28,50200.0,50,12
5193,4868,2026-07-29,51900.0,64,11
5194,33,2023-09-22,10000.0,14,11
5195,6329,2025-11-02,16600.0,9,11
5196,4119,2023-04-15,18600.0,1,11
5197,2623,2024-12-07,33000.0,44,11
5198,2866,2025-03-08,26500.0,0,11
5199,3987,2025-12-20,36700.0,36,11
5200,3795,2026-06-26,19000.0,27,11
5201,6284,2025-03-22,64300.0,22,11
5202,5770,2023-12-04,40400.0,35,11
5203,732,2024-04-20,24800.0,35,12
5204,6843,2024-04-17,23200.0,18,11
5205,6654,2025-05-29,20000.0,9,12
5206,4684,2025-10-13,12200.0,39,12
5207,990,2025-10-27,29500.0,50,11
5208,3804,2022-12-18,21900.0,36,36
5209,7549,2024-01-17,19600.0,20,36
5210,6911,2026-01-31,70500.0,46,12
5211,4506,2022-09-18,31000.0,10,11
5212,4657,2023-04-23,40300.0,35,24
5213,2257,2024-05-11,17400.0,11,11
5214,4530,2026-04-14,68700.0,10,24
5215,7070,2025-08-07,19100.0,0,11
5216,4423,2024-06-29,16500.0,47,11
5217,3102,2025-10-01,31300.0,39,11
5218,7022,2024-03-30,55200.0,18,11
5219,3660,2022-09-04,24300.0,31,11
5220,5698,2025-07-06,27700.0,25,12
5221,3191,2023-03-17,35300.0,4,12
5222,3366,2024-11-19,45600.0,42,36
5223,5293,2024-12-06,38900.0,4,11
5224,654,2025-06-12,23900.0,40,11
5225,4818,2025-03-06,16300.0,64,11
5226,195,2024-05-12,29200.0,34,11
5227,4090,2026-01-01,14400.0,4,12
5228,496,2024-04-05,25500.0,20,11
5229,2254,2026-02-03,44900.0,33,11
5230,2715,2025-03-19,38800.0,23,36
5231,5465,2023-11-02,38700.0,13,12
5232,6694,2024-06-09,20600.0,52,12
5233,3356,2024-08-03,34000.0,33,24
5234,1129,2026-01-01,48500.0,23,12
5235,5360,2025-06-15,34800.0,38,12
5236,6757,2023-11-27,28100.0,36,11
5237,1269,2025-04-08,56900.0,19,11
5238,524,2022-11-04,30300.0,35,24
5239,5845,2026-04-26,37400.0,4,24
5240,5340,2023-05-04,39800.0,44,11
5241,396,2023-08-18,51400.0,28,12
5242,640,2024-03-27,38100.0,22,12
5243,3802,2024-08-08,23200.0,45,11
5244,1889,2023-03-17,19800.0,38,11
5245,2713,2025-06-15,57200.0,20,24
5246,997,2022-11-17,22700.0,40,12
5247,4633,2024-05-13,16500.0,22,36
5248,3485,2026-06-08,22500.0,28,36
5249,7464,2025-11-17,23500.0,30,24
5250,3962,2023-09-15,30600.0,16,11
5251,6828,2024-12-01,31700.0,47,11
5252,280,2025-02-13,49700.0,20,24
5253,234,2023-11-09,95300.0,20,11
5254,1587,2023-07-23,48800.0,21,24
5255,5813,2024-12-06,18400.0,25,24
5256,5325,2024-12-25,66000.0,10,36
5257,7817,2023-09-28,22800.0,0,11
5258,3350,2026-01-18,35100.0,7,11
5259,2461,2025-08-04,19400.0,41,12
5260,3596,2025-04-27,35400.0,15,11
5261,26,2026-02-03,63600.0,1,11
5262,7346,2025-10-18,17300.0,34,24
5263,5636,2025-05-22,29500.0,30,11
5264,6793,2023-05-01,21100.0,6,11
5265,7624,2024-07-04,43200.0,16,11
5266,7662,2025-05-29,46900.0,41,11
5267,6547,2023-12-21,42600.0,50,24
5268,465,2023-06-05,23700.0,0,36
5269,3852,2025-12-10,67400.0,41,12
5270,6739,2025-12-08,27600.0,30,24
5271,3514,2023-01-11,26000.0,30,12
5272,5302,2023-07-09,33200.0,47,11
5273,5217,2022-09-17,18600.0,24,11
5274,7158,2024-07-23,52700.0,47,11
5275,3567,2023-09-29,19200.0,38,12
5276,2038,2023-08-18,33700.0,40,12
5277,498,2026-03-24,47600.0,7,12
5278,1098,2025-05-08,43300.0,17,11
5279,6852,2022-11-01,19000.0,44,11
5280,3249,2026-07-30,19600.0,32,11
5281,216,2024-04-29,51300.0,25,11
5282,7763,2023-01-15,23400.0,16,11
5283,1761,2023-05-08,23700.0,51,24
5284,1628,2023-10-22,29100.0,25,11
5285,2663,2024-07-14,39800.0,19,12
5286,159,2023-08-25,51200.0,47,11
5287,6775,2025-03-02,65000.0,7,12
5288,4889,2024-10-15,48300.0,2,11
5289,3395,2023-05-25,33600.0,31,11
5290,2905,2025-11-28,34700.0,19,11
5291,1816,2023-04-06,29100.0,53,11
5292,2097,2023-08-08,17600.0,47,11
5293,7922,2024-01-08,36600.0,42,11
5294,6064,2023-12-06,27100.0,19,11
5295,6642,2022-12-04,38200.0,53,11
5296,6742,2022-10-29,53100.0,39,11
5297,2346,2023-08-18,47700.0,12,36
5298,5808,2023-02-28,23600.0,28,24
5299,1734,2023-01-07,36500.0,57,11
5300,3064,2022-09-30,17600.0,39,11
5301,2523,2025-06-20,47500.0,29,12
5302,1990,2024-02-05,27500.0,22,36
5303,3897,2024-01-22,47300.0,19,12
5304,6287,2024-10-08,13300.0,26,11
5305,2846,2024-08-17,22700.0,33,11
5306,3729,2025-11-06,25300.0,26,12
5307,5358,2026-06-16,15700.0,9,11
5308,6557,2023-09-13,20500.0,0,11
5309,5800,2026-08-16,38100.0,9,36
5310,2555,2022-11-04,23500.0,33,24
5311,7714,2023-03-29,38800.0,41,11
5312,7617,2026-03-20,21400.0,14,11
5313,3730,2025-11-26,16600.0,32,11
5314,2703,2025-05-02,25000.0,25,11
5315,6729,2026-06-02,45400.0,30,11
5316,6486,2024-03-16,34200.0,40,12
5317,7916,2022-12-02,28700.0,0,12
5318,7006,2025-01-03,34500.0,25,11
5319,2400,2023-04-05,31300.0,2,11
5320,1976,2025-11-19,25900.0,27,11
5321,3375,2026-01-21,32200.0,20,11
5322,1796,2023-02-28,11700.0,25,11
5323,6275,2023-07-25,30100.0,43,12
5324,5199,2025-11-01,35400.0,3,11
5325,5760,2022-10-11,46900.0,26,12
5326,1143,2024-07-30,23300.0,37,11
5327,2624,2024-09-13,80100.0,17,11
5328,3583,2024-12-23,20300.0,35,24
5329,500,2026-01-04,33600.0,16,11
5330,3387,2025-12-03,50900.0,43,11
5331,629,2025-07-25,26900.0,6,11
5332,3312,2026-03-06,23500.0,0,12
5333,3911,2026-03-31,16000.0,28,11
5334,6612,2024-01-12,56600.0,32,12
5335,2432,2025-08-09,37400.0,51,24
5336,6324,2025-07-20,29100.0,35,11
5337,1581,2023-11-15,66400.0,18,12
5338,5070,2026-06-24,37500.0,37,11
5339,5911,2026-05-12,30200.0,24,12
5340,3647,2026-07-13,60400.0,68,11
5341,1641,2025-02-05,26000.0,16,11
5342,3840,2026-02-17,28100.0,47,24
5343,6552,2023-01-27,38200.0,21,11
5344,4781,2025-05-27,47600.0,13,12
5345,1932,2026-01-25,23900.0,37,12
5346,1303,2023-11-21,59400.0,15,36
5347,6848,2024-08-13,62700.0,40,24
5348,2804,2023-02-13,24100.0,18,11
5349,6076,2026-05-12,41900.0,42,11
5350,7411,2024-05-12,25500.0,36,12
5351,2548,2023-07-22,19000.0,35,11
5352,7314,2026-06-20,65000.0,12,12
5353,5572,2025-02-28,52300.0,23,11
5354,5376,2023-02-28,25200.0,31,36
5355,360,2023-09-29,55300.0,0,36
5356,5844,2023-08-14,44100.0,5,12
5357,6554,2025-12-29,38400.0,12,24
5358,7340,2024-05-10,47100.0,17,11
5359,6230,2025-08-12,28600.0,15,11
5360,6591,2023-03-03,10400.0,23,11
5361,887,2026-01-15,53100.0,17,24
5362,903,2025-04-26,18100.0,30,11
5363,2045,2026-02-14,19300.0,44,12
5364,6430,2025-04-06,20100.0,45,11
5365,5632,2026-03-14,43200.0,12,11
5366,1311,2025-07-01,22500.0,1,11
5367,629,2023-08-01,28700.0,9,11
5368,900,2023-02-28,16700.0,36,11
5369,811,2026-02-16,23300.0,35,11
5370,3727,2022-08-21,40600.0,14,11
5371,6400,2024-05-17,69900.0,13,11
5372,3508,2022-12-04,47700.0,24,12
5373,1325,2022-10-19,20600.0,54,36
5374,4821,2023-04-01,54000.0,35,11
5375,6055,2023-11-22,28700.0,28,24
5376,246,2024-11-18,40800.0,53,12
5377,2962,2024-03-05,48000.0,19,11
5378,6733,2025-11-13,30800.0,15,24
5379,947,2025-04-21,36500.0,49,11
5380,5487,2024-04-24,28700.0,30,11
5381,528,2024-05-31,31800.0,42,24
5382,3292,2026-02-21,23000.0,0,12
5383,2461,2023-11-10,18000.0,11,11
5384,8,2025-05-18,35900.0,13,24
5385,2580,2025-05-28,26900.0,14,11
5386,3506,2024-04-28,49100.0,42,11
5387,2063,2026-04-14,19200.0,31,24
5388,4695,2024-08-27,47700.0,31,11
5389,5849,2025-08-12,44800.0,0,12
5390,7128,2025-01-02,23400.0,10,12
5391,7752,2023-01-26,34100.0,18,11
5392,5273,2022-12-12,53000.0,33,11
5393,6881,2023-10-09,45800.0,8,11
5394,4382,2025-08-26,29900.0,29,11
5395,3752,2025-07-25,22800.0,39,11
5396,3756,2026-01-12,40500.0,2,24
5397,2864,2025-07-25,18000.0,0,11
5398,6098,2025-01-12,14600.0,33,11
5399,6367,2024-07-29,37400.0,26,36
5400,86,2024-09-08,34200.0,40,12
5401,3190,2024-08-20,18000.0,33,11
5402,4328,2023-01-10,33900.0,48,11
5403,2522,2025-01-03,15900.0,29,11
5404,6348,2022-10-14,33900.0,29,11
5405,3704,2025-10-30,46800.0,12,11
5406,1673,2026-03-20,48800.0,66,11
5407,3668,2025-04-05,45600.0,43,11
5408,7477,2024-03-05,75500.0,36,11
5409,4103,2023-08-10,27400.0,23,12
5410,3408,2024-09-22,67300.0,23,11
5411,2268,2024-04-06,20300.0,25,24
5412,5972,2024-08-31,25500.0,18,12
5413,2267,2025-06-18,14000.0,6,11
5414,6008,2025-07-27,38100.0,20,12
5415,5079,2022-12-27,19400.0,33,12
5416,2421,2025-11-26,19000.0,9,12
5417,3723,2024-01-18,32600.0,43,11
5418,2558,2024-04-25,11700.0,22,24
5419,961,2025-01-06,53600.0,6,11
5420,5846,2026-08-09,17800.0,17,12
5421,2901,2025-02-22,28800.0,12,12
5422,2719,2025-04-11,24900.0,37,11
5423,7476,2024-02-28,27000.0,38,36
5424,3006,2026-08-10,46600.0,12,11
5425,4548,2025-09-01,52400.0,5,11
5426,7776,2024-10-11,26300.0,14,36
5427,4039,2023-04-11,38700.0,21,11
5428,1714,2024-07-19,54200.0,40,11
5429,1224,2024-09-23,43700.0,30,11
5430,4199,2022-09-06,36200.0,26,11
5431,2850,2026-06-06,11900.0,0,11
5432,7587,2025-06-28,41500.0,31,11
5433,1493,2023-04-05,39500.0,49,24
5434,3400,2022-08-22,23600.0,10,11
5435,677,2025-03-09,37200.0,30,11
5436,6834,2024-11-06,37300.0,17,11
5437,5741,2025-04-29,22500.0,66,12
5438,2225,2026-05-29,28000.0,16,12
5439,3831,2023-10-18,37300.0,13,11
5440,610,2023-04-02,48900.0,4,12
5441,2710,2023-05-29,24700.0,7,24
5442,4526,2023-06-23,25700.0,22,11
5443,3912,2024-04-24,54400.0,26,11
5444,3997,2022-09-14,29000.0,41,24
5445,997,2024-09-11,21200.0,34,12
5446,2505,2025-07-17,33700.0,38,36
5447,638,2025-06-25,47200.0,9,11
5448,1666,2022-10-01,43700.0,38,11
5449,7937,2024-10-07,24100.0,10,12
5450,3782,2022-10-31,17900.0,26,36
5451,3513,2024-03-26,18500.0,38,11
5452,3759,2024-05-28,31700.0,9,12
5453,4021,2026-03-03,40200.0,35,11
5454,2827,2025-09-03,18600.0,26,11
5455,7338,2024-12-20,21000.0,0,11
5456,4473,2026-08-03,23900.0,22,24
5457,4888,2024-02-13,24300.0,20,12
5458,116,2025-03-14,34900.0,24,36
5459,5068,2024-01-08,8200.0,25,11
5460,2047,2023-10-09,67000.0,25,11
5461,705,2024-10-29,64300.0,16,12
5462,3238,2024-04-12,35900.0,7,11
5463,1132,2026-03-14,25100.0,30,24
5464,6605,2023-09-04,49700.0,11,12
5465,3080,2024-07-22,39800.0,20,12
5466,2209,2024-11-21,19100.0,44,11
5467,6013,2026-05-29,42600.0,21,12
5468,7379,2024-02-24,22100.0,18,12
5469,154,2024-09-10,22500.0,23,11
5470,6121,2024-04-21,25900.0,24,24
5471,5646,2024-02-15,30000.0,22,12
5472,3785,2026-02-08,27100.0,0,11
5473,5506,2023-12-26,64400.0,42,12
5474,4514,2024-08-06,60900.0,60,12
5475,3874,2023-01-14,31000.0,20,12
5476,1090,2024-05-01,19700.0,30,11
5477,4296,2024-01-19,37200.0,15,36
5478,6147,2022-10-25,20900.0,0,12
5479,1957,2025-04-23,44900.0,32,11
5480,1244,2025-10-25,39500.0,23,12
5481,5643,2025-12-01,46700.0,33,12
5482,7601,2023-06-18,40900.0,37,12
5483,2453,2023-11-06,38900.0,15,24
5484,7313,2026-05-04,15200.0,22,12
5485,1811,2022-12-28,24200.0,40,24
5486,2004,2022-10-30,8500.0,21,11
5487,2843,2025-02-19,51700.0,7,12
5488,5822,2024-05-22,29300.0,17,11
5489,4912,2024-12-26,40300.0,28,11
5490,7578,2023-03-22,40000.0,19,12
5491,4853,2025-07-06,36500.0,28,11
5492,2937,2023-03-04,24800.0,22,11
5493,5155,2024-10-01,34700.0,32,12
5494,671,2026-06-24,28400.0,30,24
5495,6373,2024-05-07,19200.0,40,11
5496,2693,2025-09-01,33500.0,42,11
5497,2380,2023-06-28,24300.0,19,11
5498,4046,2025-09-18,47400.0,45,24
5499,2504,2025-06-12,53200.0,19,12
5500,1160,2024-07-24,26100.0,25,36
5501,712,2023-08-08,15300.0,24,12
5502,6475,2025-05-05,28000.0,52,12
5503,7626,2023-01-12,24700.0,19,36
5504,2083,2024-08-12,36800.0,15,11
5505,6608,2024-11-11,43700.0,48,24
5506,6430,2023-01-25,21500.0,15,36
5507,4753,2025-10-06,38900.0,58,11
5508,7973,2025-12-28,32300.0,7,11
5509,4604,2023-01-24,9400.0,25,36
5510,4662,2023-10-07,27200.0,0,11
5511,2228,2024-07-21,35300.0,12,11
5512,2902,2023-04-01,38800.0,41,11
5513,891,2026-01-15,50600.0,24,11
5514,84,2023-03-17,30300.0,45,11
5515,1453,2025-04-17,23200.0,16,11
5516,7048,2023-03-10,15500.0,22,11
5517,2734,2024-02-18,26500.0,18,11
5518,3256,2025-11-27,16800.0,29,11
5519,4418,2023-12-25,33400.0,37,11
5520,4068,2022-09-23,43200.0,51,11
5521,6841,2022-11-12,32900.0,0,12
5522,1422,2024-01-01,47700.0,19,11
5523,3298,2024-12-28,30000.0,11,11
5524,4303,2022-10-04,30800.0,41,11
5525,624,2026-08-10,62800.0,14,11
5526,5800,2025-07-06,36600.0,30,36
5527,3042,2025-04-18,21700.0,28,11
5528,3649,2024-12-23,47600.0,37,36
5529,3661,2024-11-01,60700.0,20,24
5530,4675,2023-06-21,35900.0,3,11
5531,7131,2026-01-07,32600.0,43,11
5532,6136,2024-03-28,36400.0,30,11
5533,273,2024-06-19,36000.0,55,12
5534,4160,2024-09-18,47300.0,51,11
5535,2522,2024-07-18,16800.0,38,12
5536,6143,2023-11-15,20100.0,14,12
5537,6998,2023-01-09,26200.0,41,36
5538,1421,2023-06-29,41900.0,21,11
5539,7603,2023-06-11,36400.0,19,11
5540,3437,2025-10-22,64400.0,30,11
5541,4229,2023-10-06,8900.0,28,11
5542,6205,2024-09-26,22100.0,26,24
5543,6465,2025-09-21,19100.0,24,11
5544,7485,2022-11-14,23200.0,54,24
5545,5204,2022-10-02,26900.0,22,36
5546,6236,2022-12-14,71000.0,30,24
5547,3692,2023-07-12,25900.0,48,12
5548,2640,2023-04-06,45400.0,31,36
5549,4167,2023-11-11,47800.0,11,24
5550,3147,2026-05-19,35400.0,24,11
5551,3997,2026-07-30,28000.0,30,11
5552,292,2024-08-07,37300.0,7,11
5553,2534,2026-07-12,83300.0,51,11
5554,6757,2023-09-30,30400.0,21,11
5555,3332,2024-05-20,13500.0,5,11
5556,7570,2024-11-27,48400.0,35,24
5557,6916,2026-06-25,29800.0,22,11
5558,281,2024-04-14,21000.0,31,11
5559,2994,2026-08-05,29100.0,28,12
5560,590,2024-04-14,19600.0,45,11
5561,5070,2024-03-08,35000.0,33,11
5562,255,2024-09-06,23300.0,2,11
5563,4376,2024-08-14,32400.0,11,12
5564,4884,2023-05-31,32500.0,11,11
5565,840,2023-01-12,47200.0,0,36
5566,7834,2025-01-20,32100.0,23,11
5567,3921,2024-02-22,24100.0,21,11
5568,712,2023-03-20,16500.0,39,11
5569,6854,2023-04-03,44400.0,43,11
5570,5566,2025-09-29,43200.0,18,12
5571,1411,2025-02-28,36300.0,39,36
5572,3987,2022-11-09,34700.0,33,24
5573,1711,2023-04-19,29400.0,13,12
5574,2788,2023-08-19,56200.0,7,11
5575,6673,2023-02-25,43500.0,17,24
5576,5858,2026-03-21,28600.0,21,11
5577,6180,2023-10-13,53500.0,43,11
5578,3232,2024-02-14,37300.0,33,12
5579,3471,2025-08-10,55300.0,0,11
5580,4408,2024-06-09,48100.0,16,11
5581,5757,2026-01-09,15700.0,15,24
5582,387,2026-06-12,30200.0,32,11
5583,5934,2023-05-16,18400.0,24,11
5584,344,2022-12-13,33900.0,20,11
5585,6059,2024-02-10,40200.0,19,12
5586,2031,2024-11-20,36200.0,45,11
5587,4153,2022-10-22,30700.0,30,12
5588,5051,2023-09-07,33100.0,57,12
5589,3184,2026-04-29,57900.0,16,11
5590,4176,2026-01-14,47200.0,25,24
5591,5753,2023-04-19,33600.0,27,12
5592,4619,2026-01-30,8200.0,23,12
5593,2861,2026-03-01,32900.0,20,11
5594,3320,2022-09-06,18100.0,11,11
5595,2032,2022-11-29,40700.0,33,24
5596,6155,2024-03-30,49500.0,22,11
5597,3497,2022-10-22,20500.0,34,36
5598,1891,2024-10-20,23400.0,10,12
5599,308,2023-02-03,50400.0,31,36
5600,3698,2023-05-09,10600.0,23,11
5601,2810,2024-12-13,48800.0,0,11
5602,5076,2024-08-01,36500.0,63,24
5603,6824,2024-11-05,50500.0,61,24
5604,1163,2025-09-19,22600.0,19,11
5605,5653,2024-07-29,69700.0,16,12
5606,206,2025-02-02,37800.0,47,12
5607,7506,2024-12-19,37500.0,0,36
5608,7705,2024-02-28,61800.0,0,11
5609,4696,2023-05-29,23200.0,18,12
5610,3533,2022-12-19,24300.0,1,12
5611,7368,2023-03-13,66500.0,28,24
5612,6131,2024-03-13,34100.0,15,11
5613,3899,2023-12-04,42600.0,32,24
5614,3707,2024-11-02,21300.0,30,12
5615,3684,2025-11-18,71700.0,29,11
5616,2607,2026-01-24,39200.0,15,11
5617,5256,2023-11-05,47100.0,0,36
5618,4409,2023-04-03,35800.0,22,12
5619,312,2023-03-19,36500.0,23,24
5620,2768,2025-10-30,33100.0,44,11
5621,2035,2023-09-03,58300.0,26,11
5622,7047,2024-11-08,32800.0,16,11
5623,274,2023-08-21,44000.0,33,11
5624,3727,2024-10-23,41500.0,13,11
5625,4180,2024-03-16,24700.0,44,11
5626,1864,2025-07-13,55900.0,9,11
5627,7233,2023-08-11,35300.0,4,12
5628,3353,2024-06-24,26300.0,28,12
5629,6304,2024-06-25,27900.0,17,12
5630,4642,2023-11-01,19900.0,37,12
5631,6438,2022-10-19,52400.0,24,11
5632,7061,2026-05-28,14400.0,39,24
5633,4453,2025-12-25,36300.0,10,11
5634,529,2026-02-13,44800.0,31,36
5635,994,2026-04-15,33100.0,24,11
5636,3809,2022-10-05,46700.0,32,11
5637,3635,2023-03-30,20600.0,24,12
5638,4199,2025-05-08,35100.0,0,12
5639,2835,2025-02-27,10900.0,38,12
5640,2608,2025-11-18,39500.0,38,11
5641,2896,2026-04-25,20300.0,20,24
5642,3998,2025-10-14,24800.0,27,12
5643,5802,2025-01-18,61500.0,0,11
5644,6719,2023-08-18,43000.0,32,11
5645,5347,2024-12-05,30300.0,24,36
5646,153,2022-08-29,33200.0,31,12
5647,5878,2022-12-22,37100.0,45,11
5648,3035,2023-09-09,68900.0,0,11
5649,2983,2026-05-10,28700.0,30,11
5650,7423,2025-10-14,34900.0,21,24
5651,2863,2026-02-15,23700.0,28,11
5652,6077,2024-11-26,41100.0,14,24
5653,5429,2025-08-11,16300.0,33,11
5654,1791,2025-12-15,40700.0,42,24
5655,2667,2025-11-22,13200.0,18,12
5656,3966,2025-11-06,58400.0,37,24
5657,1131,2025-02-04,38700.0,43,11
5658,2592,2025-07-26,37800.0,18,24
5659,5102,2026-01-08,55700.0,24,24
5660,5323,2024-02-23,43900.0,34,11
5661,7515,2025-04-07,46200.0,30,11
5662,4295,2025-01-11,37000.0,44,11
5663,3945,2026-03-09,24400.0,5,24
5664,7417,2025-07-16,16300.0,15,11
5665,3578,2024-04-08,30500.0,25,24
5666,1958,2024-11-03,38200.0,37,36
5667,7519,2025-09-28,42600.0,5,24
5668,3144,2023-10-16,20300.0,3,24
5669,1027,2026-07-05,36500.0,41,12
5670,410,2023-07-08,51600.0,32,11
5671,5620,2022-12-12,16500.0,11,11
5672,167,2023-01-03,53300.0,44,11
5673,516,2025-08-27,66000.0,28,12
5674,1699,2024-09-11,19700.0,18,11
5675,6593,2023-01-28,31600.0,23,24
5676,3749,2026-01-24,56600.0,41,11
5677,3573,2026-01-20,23100.0,21,12
5678,4968,2025-03-02,45400.0,35,24
5679,692,2023-11-18,35400.0,19,24
5680,2579,2026-06-06,20200.0,31,12
5681,2167,2024-01-01,35400.0,3,11
5682,5378,2022-12-23,58600.0,25,11
5683,4783,2025-06-13,26400.0,2,36
5684,4461,2023-04-05,26000.0,40,12
5685,1394,2025-03-06,37600.0,23,11
5686,1362,2024-05-31,47900.0,37,11
5687,2343,2024-12-24,34300.0,33,11
5688,1573,2022-08-23,36200.0,5,12
5689,3491,2023-11-18,15600.0,34,11
5690,7901,2022-10-15,42200.0,30,11
5691,569,2024-01-29,20600.0,13,12
5692,1126,2022-08-21,31100.0,40,12
5693,1947,2025-08-12,52200.0,0,36
5694,175,2025-10-20,46400.0,32,12
5695,2204,2025-11-10,64800.0,42,24
5696,2280,2026-03-30,22000.0,22,11
5697,4387,2024-06-12,36600.0,37,12
5698,4254,2023-10-26,45500.0,39,11
5699,4011,2025-11-26,21000.0,2,24
5700,7259,2024-06-20,41600.0,6,24
5701,1530,2023-06-26,30700.0,42,24
5702,3945,2022-09-20,24100.0,17,11
5703,3247,2023-01-19,23000.0,17,11
5704,1602,2025-11-14,46800.0,36,11
5705,7159,2024-01-18,61500.0,42,24
5706,1179,2026-04-11,28100.0,31,11
5707,7777,2023-09-21,35200.0,15,12
5708,6160,2024-07-12,75000.0,26,11
5709,372,2026-06-02,27400.0,15,12
5710,5058,2023-03-30,23600.0,0,11
5711,43,2023-12-12,29700.0,23,12
5712,1951,2026-07-16,46100.0,25,24
5713,3574,2025-01-12,59900.0,10,24
5714,2591,2025-10-18,25100.0,46,11
5715,4267,2024-06-14,43800.0,10,11
5716,2939,2023-09-15,26400.0,23,11
5717,1866,2023-07-11,35300.0,13,11
5718,1321,2026-01-24,35000.0,26,12
5719,4877,2026-05-20,39100.0,1,12
5720,4904,2023-09-11,29700.0,14,11
5721,4964,2025-02-08,18200.0,8,11
5722,6146,2024-12-15,39200.0,24,36
5723,7020,2026-04-26,27300.0,46,11
5724,3469,2024-09-25,24600.0,13,11
5725,3043,2022-08-25,43200.0,24,11
5726,4013,2026-05-28,38300.0,6,11
5727,5109,2023-08-15,33400.0,20,11
5728,7184,2023-01-22,27600.0,32,12
5729,1012,2023-07-20,46900.0,22,11
5730,5406,2025-08-16,25200.0,8,11
5731,2438,2026-08-18,42500.0,0,12
5732,2290,2023-10-16,53800.0,0,11
5733,1509,2023-05-18,22600.0,25,11
5734,6563,2025-02-25,20400.0,30,12
5735,3490,2026-06-27,41500.0,52,24
5736,393,2022-12-01,20700.0,19,11
5737,1020,2025-12-19,14000.0,14,11
5738,4726,2022-09-13,9000.0,16,11
5739,7562,2023-04-22,24100.0,8,12
5740,1897,2025-09-02,17500.0,11,11
5741,5725,2024-06-08,43000.0,14,36
5742,669,2023-07-27,67100.0,8,12
5743,2825,2022-11-23,36600.0,45,12
5744,3748,2025-03-20,40900.0,25,12
5745,5098,2022-10-25,35100.0,23,24
5746,7881,2024-08-03,48000.0,0,11
5747,1514,2026-06-04,28200.0,66,11
5748,7410,2023-08-07,23100.0,19,11
5749,3819,2025-05-17,15400.0,14,24
5750,7416,2022-10-11,32300.0,37,24
5751,455,2022-09-28,39600.0,20,11
5752,2529,2024-10-07,45100.0,35,11
5753,3302,2024-04-04,26400.0,20,36
5754,1572,2023-12-18,21600.0,26,12
5755,7699,2024-04-05,34100.0,31,36
5756,3166,2023-01-05,10700.0,39,11
5757,900,2023-12-03,18700.0,15,11
5758,4512,2024-03-20,27600.0,46,11
5759,4162,2024-03-09,24200.0,39,36
5760,5047,2023-10-15,55000.0,13,11
5761,2623,2022-11-17,34500.0,8,12
5762,3357,2024-05-25,55200.0,38,11
5763,378,2026-06-08,32600.0,0,11
5764,4651,2024-03-26,20300.0,2,11
5765,3783,2025-01-11,31900.0,58,24
5766,3134,2026-02-21,32000.0,32,36
5767,4797,2024-02-24,42800.0,17,11
5768,3330,2025-03-05,45000.0,4,12
5769,5449,2024-12-20,33200.0,27,36
5770,4700,2024-09-16,15000.0,29,12
5771,4664,2023-09-20,44500.0,21,11
5772,7445,2023-08-23,37400.0,53,11
5773,113,2022-11-29,18100.0,26,11
5774,5246,2022-09-06,19800.0,7,11
5775,3275,2025-03-26,29100.0,14,12
5776,7891,2024-04-03,34200.0,40,12
5777,2430,2023-01-22,47000.0,45,12
5778,1968,2026-08-02,24100.0,40,11
5779,7606,2026-04-27,57100.0,12,11
5780,140,2024-06-16,50300.0,1,12
5781,1455,2024-07-04,45300.0,20,12
5782,3019,2025-08-24,30100.0,31,11
5783,3244,2024-05-30,18800.0,58,24
5784,525,2026-06-07,28500.0,4,12
5785,2673,2025-09-10,32700.0,3,24
5786,6170,2023-07-10,30400.0,29,11
5787,7141,2024-07-21,31000.0,9,11
5788,7390,2024-12-05,20200.0,43,12
5789,6392,2023-11-15,23500.0,4,11
5790,905,2023-06-04,27400.0,0,11
5791,7380,2023-06-11,29100.0,29,24
5792,3177,2026-08-05,20900.0,33,24
5793,5558,2022-10-13,26000.0,31,24
5794,50,2024-09-29,21500.0,23,11
5795,4043,2023-01-28,53100.0,17,12
5796,3644,2026-03-04,21500.0,25,11
5797,19,2024-05-27,18700.0,43,24
5798,4929,2024-12-05,47400.0,27,24
5799,6473,2025-09-01,16500.0,27,11
5800,1506,2025-12-17,34300.0,25,24
5801,4155,2026-08-09,26600.0,19,11
5802,2663,2023-09-30,38300.0,52,11
5803,455,2022-09-23,39300.0,22,11
5804,6569,2026-04-27,34000.0,9,24
5805,5378,2023-09-15,57000.0,20,11
5806,5318,2023-10-23,16100.0,1,24
5807,3853,2026-05-31,43200.0,43,11
5808,2492,2025-11-15,24800.0,48,12
5809,7917,2023-12-21,54900.0,8,12
5810,4411,2024-12-31,18700.0,28,12
5811,1584,2024-06-04,48600.0,0,24
5812,6492,2023-07-18,35900.0,23,36
5813,3558,2023-07-26,6100.0,0,24
5814,128,2025-04-13,29500.0,22,12
5815,6066,2023-11-05,37000.0,32,11
5816,7802,2024-11-21,47300.0,9,12
5817,4965,2024-04-05,36600.0,30,11
5818,6686,2025-06-09,22400.0,12,11
5819,7350,2024-01-02,42700.0,25,11
5820,6036,2026-05-24,70300.0,0,12
5821,6619,2023-07-20,28600.0,47,11
5822,7126,2026-07-30,16900.0,19,24
5823,2823,2024-07-21,39100.0,1,24
5824,4560,2025-05-09,54600.0,49,11
5825,4770,2025-11-27,26300.0,1,12
5826,1446,2025-07-16,41400.0,30,36
5827,6495,2024-01-28,21000.0,5,11
5828,5816,2026-04-05,47100.0,33,12
5829,5912,2026-02-20,34800.0,30,24
5830,202,2025-08-30,30300.0,42,11
5831,6289,2023-11-17,33000.0,36,11
5832,2421,2025-05-31,18800.0,29,12
5833,526,2024-12-22,38400.0,0,11
5834,7896,2023-05-10,24700.0,18,11
5835,5565,2025-02-20,38300.0,15,11
5836,5654,2026-07-21,47300.0,20,11
5837,1372,2023-06-29,25300.0,41,11
5838,4884,2024-03-05,34600.0,6,11
5839,2032,2023-01-30,43500.0,10,11
5840,7403,2025-08-04,50200.0,15,12
5841,3629,2024-07-17,28400.0,31,11
5842,5710,2025-12-16,33900.0,34,11
5843,4624,2023-07-29,41600.0,18,11
5844,6191,2026-08-11,48200.0,47,11
5845,3890,2023-07-02,38500.0,17,12
5846,5932,2024-11-26,25800.0,7,11
5847,3355,2023-11-06,49600.0,7,12
5848,3739,2024-05-05,36600.0,5,24
5849,7316,2026-04-14,33700.0,33,11
5850,2488,2023-09-22,17100.0,19,12
5851,4984,2024-08-12,26900.0,5,12
5852,6372,2025-07-10,39100.0,16,12
5853,7668,2026-05-08,52000.0,25,11
5854,6047,2023-06-02,36400.0,0,11
5855,208,2025-08-14,18400.0,31,24
5856,5756,2024-11-15,29700.0,21,12
5857,5879,2024-01-11,55700.0,8,36
5858,2691,2024-09-26,32700.0,40,12
5859,6442,2026-01-24,33100.0,26,24
5860,4211,2026-07-06,33600.0,37,24
5861,154,2023-08-10,23300.0,18,11
5862,6185,2025-02-13,22800.0,11,24
5863,7764,2026-02-04,32200.0,20,12
5864,3449,2025-04-08,49300.0,46,11
5865,4416,2024-03-08,30500.0,36,24
5866,4872,2024-06-12,37200.0,4,11
5867,1553,2023-01-02,38400.0,6,12
5868,6507,2025-06-09,37100.0,30,11
5869,6292,2026-08-06,56000.0,13,11
5870,2657,2026-06-21,52300.0,39,11
5871,5158,2023-09-23,25600.0,27,11
5872,2244,2023-06-09,45300.0,0,12
5873,7429,2023-02-17,52400.0,12,24
5874,4602,2025-09-10,51100.0,23,11
5875,4798,2026-04-21,19100.0,32,11
5876,3638,2024-03-12,22500.0,52,24
5877,2467,2026-05-20,46400.0,4,11
5878,5656,2024-05-09,18000.0,23,12
5879,7632,2024-02-04,39000.0,23,11
5880,2913,2024-11-14,54900.0,31,11
5881,7213,2023-01-14,29900.0,27,11
5882,5371,2026-02-15,34300.0,17,11
5883,1781,2025-12-06,31200.0,16,12
5884,1335,2024-06-25,33300.0,15,11
5885,3940,2023-02-19,31300.0,0,11
5886,4262,2026-02-26,36500.0,22,12
5887,4681,2023-02-13,39200.0,12,11
5888,7675,2023-03-07,46800.0,38,11
5889,4761,2022-09-24,29000.0,15,11
5890,7649,2025-06-04,57000.0,18,24
5891,4948,2024-12-25,49700.0,27,12
5892,5685,2025-01-30,37600.0,25,11
5893,4289,2026-05-16,35900.0,36,11
5894,5293,2024-02-13,38300.0,34,24
5895,2612,2023-09-08,9500.0,29,11
5896,2356,2023-11-04,41100.0,37,12
5897,4612,2023-06-20,20800.0,15,36
5898,7777,2025-01-01,34400.0,37,24
5899,1114,2025-05-29,32200.0,7,24
5900,2700,2024-06-04,43500.0,0,24
5901,1205,2023-01-15,32600.0,51,36
5902,6232,2023-10-26,52600.0,48,12
5903,6546,2026-07-17,39300.0,26,12
5904,5028,2025-03-20,18400.0,0,36
5905,7400,2024-01-28,36100.0,67,11
5906,7638,2022-08-27,35800.0,39,24
5907,4865,2026-02-16,49100.0,0,11
5908,3065,2025-01-11,54200.0,26,11
5909,568,2023-08-01,25900.0,13,36
5910,3035,2025-04-12,69300.0,46,11
5911,7186,2024-07-14,33400.0,42,24
5912,1299,2025-12-29,24300.0,0,24
5913,1855,2023-01-11,40500.0,18,11
5914,2982,2024-10-18,27200.0,23,11
5915,619,2024-03-19,47000.0,28,12
5916,2515,2026-06-13,12600.0,41,11
5917,4214,2024-12-19,23400.0,40,36
5918,6253,2023-03-28,52100.0,46,12
5919,286,2023-12-03,57600.0,27,11
5920,5691,2025-01-18,42000.0,8,12
5921,2998,2026-01-16,61300.0,17,12
5922,4500,2022-11-08,71700.0,16,11
5923,1117,2022-09-23,49400.0,11,11
5924,5241,2026-04-30,32000.0,36,11
5925,832,2024-03-10,43600.0,28,24
5926,7458,2022-11-06,30100.0,26,11
5927,7485,2022-10-28,24600.0,61,36
5928,83,2022-12-15,31400.0,0,36
5929,1964,2026-06-20,42800.0,8,24
5930,7978,2025-11-28,60500.0,3,11
5931,3575,2025-04-20,42800.0,17,12
5932,3220,2025-08-19,45800.0,11,12
5933,7559,2022-12-19,30400.0,47,11
5934,2138,2023-12-10,35500.0,46,24
5935,4820,2022-12-05,18900.0,15,12
5936,7223,2022-11-30,21000.0,21,11
5937,6542,2024-12-22,37500.0,42,11
5938,176,2023-05-28,31100.0,18,11
5939,5404,2023-08-31,12700.0,22,12
5940,2764,2023-08-23,22500.0,7,12
5941,5049,2025-09-19,27300.0,17,24
5942,373,2025-02-15,48300.0,32,12
5943,1860,2024-09-09,16800.0,34,24
5944,2146,2023-03-11,15600.0,19,11
5945,4893,2022-12-26,21300.0,33,24
5946,3574,2023-07-23,56500.0,29,11
5947,1819,2022-10-27,38400.0,39,11
5948,7832,2025-08-04,46100.0,58,11
5949,1395,2024-09-06,54200.0,25,11
5950,7448,2025-04-03,38400.0,64,24
5951,5651,2023-05-29,47600.0,13,11
5952,4566,2026-01-18,20300.0,23,11
5953,3424,2025-04-19,53300.0,22,11
5954,4846,2024-02-19,14900.0,30,11
5955,3761,2024-12-04,48100.0,14,11
5956,2480,2022-11-02,24000.0,39,12
5957,73,2025-05-10,50600.0,35,11
5958,3033,2026-06-08,15000.0,46,11
5959,5488,2026-04-15,27800.0,24,12
5960,876,2025-11-29,15000.0,28,36
5961,3947,2026-01-16,17000.0,34,12
5962,4232,2024-07-18,65300.0,31,11
5963,2477,2023-06-03,50400.0,47,12
5964,1090,2026-05-12,20300.0,29,11
5965,2267,2022-12-05,13200.0,59,12
5966,4111,2023-09-09,28600.0,33,36
5967,2310,2023-09-07,20400.0,11,11
5968,5735,2023-02-18,47000.0,31,11
5969,3839,2025-05-04,30300.0,32,11
5970,2131,2026-05-30,24900.0,22,11
5971,372,2024-07-01,26200.0,40,11
5972,2867,2025-02-22,49300.0,9,24
5973,151,2025-02-22,40600.0,30,24
5974,1162,2024-04-13,13700.0,17,11
5975,5722,2026-03-28,20700.0,25,11
5976,5678,2024-02-01,22600.0,23,11
5977,5281,2023-11-26,47400.0,0,12
5978,5234,2024-04-23,62800.0,22,11
5979,5817,2025-01-21,32700.0,38,12
5980,2847,2023-02-20,30800.0,64,12
5981,6265,2022-12-02,25700.0,48,11
5982,5608,2026-08-07,32300.0,51,36
5983,4258,2024-10-27,30000.0,25,12
5984,2397,2026-02-23,44600.0,45,11
5985,5152,2022-09-19,81000.0,38,24
5986,5009,2023-06-27,25200.0,24,11
5987,6576,2022-12-17,46900.0,18,11
5988,2300,2025-07-17,27100.0,8,12
5989,61,2024-03-22,20000.0,24,11
5990,5154,2023-10-13,23200.0,22,36
5991,3082,2024-07-22,40700.0,32,11
5992,3992,2022-11-20,61200.0,6,11
5993,1368,2025-02-24,35000.0,53,11
5994,1212,2026-07-14,41800.0,38,11
5995,4530,2023-07-12,67000.0,32,11
5996,1586,2022-10-01,35800.0,0,11
5997,4537,2023-05-23,12500.0,19,11
5998,1666,2023-09-06,42500.0,17,11
5999,1358,2023-02-06,28900.0,3,11
6000,1561,2025-02-22,15800.0,17,11
6001,1711,2025-01-23,30200.0,33,24
6002,1392,2024-04-29,17700.0,14,11
6003,1608,2023-05-23,46600.0,41,24
6004,2745,2026-04-14,45300.0,24,36
6005,4474,2025-01-26,52300.0,0,11
6006,5401,2022-11-24,28400.0,43,11
6007,7768,2026-01-09,51100.0,41,36
6008,2418,2024-05-15,27000.0,21,11
6009,6877,2022-09-10,34900.0,23,12
6010,6790,2023-08-11,25900.0,12,24
6011,3845,2023-07-15,44300.0,0,12
6012,2488,2024-12-10,15700.0,16,11
6013,2037,2022-11-26,28400.0,32,12
6014,887,2024-12-02,52700.0,51,11
6015,7128,2023-07-19,23000.0,27,24
6016,1036,2023-05-09,34400.0,21,11
6017,1955,2024-01-03,53500.0,29,36
6018,612,2025-10-14,30700.0,37,36
6019,3909,2024-10-07,14700.0,25,36
6020,6020,2026-03-05,54500.0,11,11
6021,703,2025-03-04,33800.0,29,36
6022,501,2024-03-29,63300.0,14,11
6023,497,2024-06-13,68000.0,34,11
6024,7013,2023-01-15,70000.0,12,24
6025,7394,2024-02-26,21700.0,32,11
6026,2613,2025-01-16,38100.0,33,36
6027,4589,2024-06-23,31200.0,11,11
6028,7947,2023-09-03,78500.0,22,11
6029,297,2026-01-06,35500.0,0,12
6030,5611,2024-11-26,23000.0,24,12
6031,4121,2026-01-06,34900.0,29,11
6032,2907,2023-04-18,35200.0,28,11
6033,2979,2023-05-19,19900.0,24,11
6034,1755,2023-05-17,27900.0,14,11
6035,2653,2025-02-03,45900.0,48,36
6036,4851,2025-09-05,45900.0,10,12
6037,1915,2023-09-01,35400.0,10,24
6038,4769,2025-05-15,39600.0,38,11
6039,3338,2023-09-30,24100.0,35,24
6040,7148,2026-06-24,33700.0,6,12
6041,2880,2025-11-02,18100.0,43,12
6042,448,2025-08-15,42800.0,44,12
6043,3726,2024-05-08,17400.0,23,11
6044,4562,2025-06-12,47500.0,35,24
6045,6397,2024-10-20,34200.0,8,11
6046,5426,2024-08-30,22300.0,32,11
6047,754,2026-02-14,22500.0,39,12
6048,2086,2026-03-03,19400.0,24,11
6049,691,2022-12-06,24100.0,14,24
6050,2521,2025-10-07,33000.0,39,12
6051,3783,2023-07-11,33500.0,46,11
6052,7574,2022-10-26,35600.0,11,36
6053,5862,2023-08-31,28700.0,35,12
6054,5791,2025-01-19,30200.0,19,11
6055,1389,2024-09-17,24700.0,22,12
6056,6366,2023-12-01,5800.0,42,11
6057,7856,2024-08-19,38200.0,22,11
6058,63,2022-12-22,22600.0,5,12
6059,7990,2023-12-20,17500.0,2,12
6060,2616,2025-06-11,19100.0,6,24
6061,5376,2025-01-03,26200.0,28,11
6062,3857,2025-04-10,62500.0,29,12
6063,7506,2025-05-30,42100.0,34,36
6064,5443,2025-09-19,57100.0,25,24
6065,7066,2026-04-10,30700.0,8,11
6066,7535,2025-06-05,27600.0,21,11
6067,4455,2023-04-20,26300.0,20,11
6068,135,2024-07-23,67000.0,0,11
6069,3729,2024-07-19,24600.0,0,12
6070,5082,2025-01-26,43200.0,13,24
6071,5029,2023-04-27,23500.0,33,11
6072,2183,2024-01-22,15100.0,22,12
6073,7285,2023-01-10,24200.0,15,12
6074,3358,2023-03-29,51800.0,33,12
6075,7450,2025-06-27,38300.0,30,12
6076,838,2023-09-13,29200.0,53,12
6077,3146,2024-03-12,26200.0,38,24
6078,5183,2023-07-29,24000.0,36,12
6079,3052,2023-04-22,30500.0,9,11
6080,5998,2024-04-13,32100.0,43,24
6081,121,2026-03-06,41700.0,39,24
6082,7708,2026-07-02,48600.0,14,36
6083,1674,2024-03-19,43800.0,64,12
6084,7359,2022-09-21,50700.0,7,36
6085,5581,2023-03-20,64100.0,11,11
6086,5218,2023-12-06,46700.0,32,11
6087,942,2023-10-27,20400.0,27,36
6088,655,2024-10-09,41200.0,41,24
6089,2076,2022-08-29,42100.0,25,11
6090,2823,2025-02-14,38800.0,33,12
6091,7155,2024-01-05,18900.0,32,11
6092,2113,2025-02-09,38400.0,38,24
6093,243,2024-11-26,18600.0,31,24
6094,6738,2024-08-04,59300.0,35,11
6095,7259,2025-09-17,45100.0,0,11
6096,2727,2025-07-09,33700.0,0,11
6097,6583,2026-07-07,29800.0,55,12
6098,5839,2025-10-26,40700.0,30,12
6099,7921,2023-06-01,21500.0,22,12
6100,818,2025-12-15,35300.0,0,12
6101,5173,2026-07-17,37200.0,16,11
6102,4258,2026-01-16,29100.0,28,11
6103,5366,2023-11-24,29500.0,31,11
6104,196,2024-01-07,19200.0,0,11
6105,2236,2024-11-21,37500.0,26,11
6106,3599,2025-03-17,30300.0,20,11
6107,2381,2023-03-21,29000.0,40,11
6108,2411,2025-07-06,44100.0,47,11
6109,4949,2023-09-17,26200.0,26,11
6110,3691,2022-12-22,26800.0,26,11
6111,5908,2022-11-22,35700.0,22,11
6112,279,2025-05-02,26000.0,17,11
6113,61,2026-08-01,19900.0,26,12
6114,3473,2026-06-27,49100.0,30,12
6115,1957,2024-06-16,40900.0,42,12
6116,6326,2023-07-05,39900.0,43,12
6117,4018,2024-09-28,12300.0,35,11
6118,6429,2023-03-24,46500.0,37,11
6119,5993,2024-01-20,40800.0,52,24
6120,5551,2026-06-19,21800.0,30,12
6121,6058,2024-06-26,47300.0,13,11
6122,2648,2024-05-10,14200.0,12,12
6123,575,2023-01-18,27100.0,0,36
6124,4027,2024-02-03,42100.0,22,12
6125,7713,2024-11-08,52100.0,28,11
6126,1606,2025-07-21,37600.0,23,24
6127,4824,2023-04-11,48800.0,0,36
6128,6250,2023-06-19,49900.0,33,11
6129,1228,2025-10-26,54600.0,0,11
6130,7685,2024-10-21,62000.0,18,36
6131,4513,2024-01-30,52400.0,19,11
6132,2918,2026-06-17,55600.0,31,11
6133,2962,2022-10-05,48500.0,24,11
6134,6371,2026-06-04,23700.0,36,12
6135,7176,2025-06-06,9800.0,21,11
6136,1264,2024-12-11,67100.0,41,11
6137,7124,2023-04-19,46100.0,37,12
6138,137,2023-08-24,45800.0,14,11
6139,1052,2025-03-08,34400.0,1,11
6140,7308,2023-03-11,34600.0,26,11
6141,2204,2024-07-01,68600.0,15,36
6142,2651,2026-06-24,55600.0,31,24
6143,7360,2025-12-27,30400.0,72,11
6144,672,2023-04-27,32000.0,23,12
6145,2526,2023-01-28,19000.0,39,11
6146,2736,2026-03-09,63400.0,16,12
6147,2359,2025-05-13,36600.0,38,36
6148,7751,2024-09-20,34600.0,5,12
6149,87,2023-06-12,44400.0,3,11
6150,2567,2023-04-27,24000.0,16,11
6151,6350,2024-05-25,11900.0,0,11
6152,6757,2025-07-01,30400.0,35,12
6153,6696,2026-07-24,29200.0,25,24
6154,7120,2025-09-07,36300.0,23,11
6155,3012,2023-10-18,19600.0,25,36
6156,2835,2024-01-11,11300.0,43,11
6157,2559,2023-05-15,29300.0,37,11
6158,5525,2024-07-09,20800.0,43,11
6159,3391,2022-08-29,41000.0,28,11
6160,1738,2025-02-06,25400.0,27,12
6161,3755,2026-01-05,42000.0,38,11
6162,2760,2024-11-01,47100.0,36,24
6163,6962,2023-03-09,23800.0,43,11
6164,3714,2024-07-06,12200.0,41,11
6165,7695,2025-12-14,35400.0,18,12
6166,4695,2022-11-29,49000.0,9,11
6167,1685,2025-05-12,50600.0,12,24
6168,6165,2023-04-11,24600.0,21,36
6169,5279,2025-01-31,27900.0,27,12
6170,5643,2024-05-09,47200.0,27,24
6171,3400,2026-03-09,23400.0,28,11
6172,3773,2025-02-24,30000.0,0,12
6173,606,2023-12-09,44700.0,27,12
6174,4650,2023-04-06,39300.0,36,11
6175,492,2025-07-23,28700.0,51,36
6176,656,2023-12-11,45200.0,39,11
6177,6908,2023-12-18,57000.0,23,11
6178,3161,2025-05-15,34600.0,42,12
6179,5849,2022-09-17,45000.0,27,11
6180,4865,2026-06-18,49400.0,12,36
6181,4963,2026-03-04,41400.0,20,11
6182,4488,2022-10-06,39200.0,29,12
6183,7739,2023-02-03,34100.0,40,11
6184,733,2023-11-06,20000.0,10,11
6185,4840,2024-10-13,40000.0,18,24
6186,6513,2023-08-28,31800.0,23,12
6187,6698,2023-02-24,14100.0,0,12
6188,7233,2024-05-08,35100.0,27,12
6189,506,2023-04-29,43100.0,25,36
6190,7271,2025-05-24,34100.0,29,11
6191,4836,2022-09-07,19000.0,17,11
6192,1711,2024-04-22,28600.0,0,11
6193,6255,2026-08-14,30600.0,18,12
6194,3139,2023-03-04,47500.0,0,12
6195,115,2023-08-06,31200.0,20,12
6196,3050,2022-10-14,23300.0,35,12
6197,4877,2025-08-13,40100.0,28,36
6198,1775,2024-09-30,15400.0,17,11
6199,5473,2022-08-24,39700.0,27,11
6200,3696,2026-04-02,22300.0,54,11
6201,7332,2025-04-24,27400.0,33,11
6202,2304,2025-05-13,26200.0,0,12
6203,2345,2026-02-21,36500.0,44,11
6204,3715,2025-03-11,27000.0,11,12
6205,7052,2023-06-04,23200.0,25,11
6206,7448,2024-06-17,38500.0,2,12
6207,147,2025-11-10,39800.0,44,12
6208,6392,2024-12-06,25000.0,33,36
6209,4075,2026-07-22,61100.0,17,24
6210,3537,2025-09-14,18900.0,31,11
6211,4611,2023-03-14,50100.0,21,11
6212,5907,2026-06-17,42500.0,39,36
6213,7910,2022-10-03,44400.0,5,12
6214,2462,2025-01-21,57300.0,27,11
6215,5751,2026-02-12,45000.0,20,12
6216,137,2025-06-21,43500.0,13,11
6217,7496,2023-07-09,35300.0,37,11
6218,3443,2024-04-27,22100.0,13,36
6219,3076,2026-03-26,23000.0,14,11
6220,3636,2024-05-03,21100.0,31,11
6221,19,2024-03-05,17100.0,41,11
6222,2292,2024-11-12,12200.0,16,12
6223,6611,2025-07-16,37200.0,9,11
6224,6182,2023-11-09,27900.0,1,12
6225,6451,2023-08-18,20400.0,25,11
6226,5212,2026-01-24,22400.0,39,12
6227,452,2023-08-26,33000.0,0,12
6228,1992,2023-09-30,41600.0,49,11
6229,963,2023-08-24,23500.0,35,12
6230,5595,2026-05-28,53100.0,35,12
6231,5741,2024-03-11,23600.0,11,11
6232,4333,2024-05-17,37800.0,32,11
6233,7052,2023-09-09,24000.0,28,12
6234,1964,2024-06-28,39600.0,6,12
6235,3048,2022-10-03,28500.0,1,24
6236,4282,2024-10-26,23200.0,34,11
6237,4109,2023-10-17,8700.0,21,36
6238,240,2025-07-27,36100.0,24,11
6239,205,2024-11-03,18800.0,46,11
6240,2664,2023-01-12,43200.0,6,11
6241,5675,2025-07-19,35800.0,20,12
6242,4444,2023-01-05,38000.0,46,36
6243,5039,2024-04-05,16200.0,23,11
6244,3471,2023-03-16,58200.0,0,12
6245,3043,2026-06-01,40300.0,30,11
6246,4494,2025-12-14,46300.0,39,12
6247,2746,2023-04-25,38700.0,43,12
6248,5063,2022-08-25,26300.0,10,11
6249,7605,2023-02-25,38200.0,24,12
6250,6289,2023-01-07,34000.0,17,11
6251,4260,2024-01-26,20400.0,36,11
6252,5509,2023-11-27,33400.0,39,11
6253,1379,2022-09-15,48700.0,0,11
6254,4504,2025-01-26,54100.0,52,36
6255,7776,2025-11-09,28400.0,28,36
6256,5241,2025-02-03,33800.0,33,11
6257,5554,2026-07-19,34800.0,56,11
6258,832,2024-04-18,41500.0,35,11
6259,5339,2025-07-22,23800.0,44,11
6260,836,2025-09-22,23200.0,2,36
6261,193,2023-02-14,28100.0,13,11
6262,1816,2025-12-24,29000.0,29,11
6263,3730,2025-06-19,15900.0,19,11
6264,4730,2024-02-15,62700.0,37,11
6265,6447,2025-06-04,31400.0,26,36
6266,7863,2025-06-02,25600.0,26,11
6267,252,2023-03-02,18400.0,22,12
6268,1828,2025-10-21,49500.0,37,11
6269,7711,2024-11-04,60600.0,15,24
6270,7528,2022-10-29,29600.0,49,11
6271,6829,2024-08-24,20800.0,18,12
6272,3786,2024-10-28,23600.0,24,12
6273,6251,2026-07-27,38400.0,30,11
6274,2517,2025-03-23,26500.0,30,24
6275,7088,2025-03-06,23000.0,19,12
6276,5622,2023-07-29,21100.0,36,24
6277,1195,2026-04-26,39500.0,15,36
6278,6297,2025-08-05,15400.0,53,24
6279,3984,2026-06-14,19000.0,23,12
6280,6958,2026-01-14,20300.0,26,11
6281,1122,2023-11-10,27400.0,28,11
6282,2738,2026-08-12,39800.0,35,11
6283,1889,2023-05-01,20000.0,3,24
6284,3995,2023-12-29,56500.0,25,24
6285,7414,2026-02-11,33200.0,24,11
6286,512,2023-06-05,40100.0,33,36
6287,1657,2024-02-02,19600.0,57,12
6288,6617,2025-09-20,8700.0,13,11
6289,2526,2022-12-25,20400.0,22,11
6290,2602,2026-04-17,36200.0,23,11
6291,1418,2025-09-27,29400.0,34,12
6292,3065,2025-11-25,59700.0,10,11
6293,6918,2023-11-29,27600.0,0,11
6294,3904,2025-05-17,20400.0,29,11
6295,5437,2025-12-21,55600.0,20,11
6296,730,2024-06-26,35700.0,9,11
6297,3568,2025-06-13,37200.0,0,11
6298,4538,2024-11-03,47100.0,16,11
6299,669,2023-05-05,67800.0,22,36
6300,5171,2022-10-17,19400.0,15,11
6301,4102,2022-12-18,14900.0,32,11
6302,4628,2024-05-31,44600.0,38,11
6303,5106,2024-10-04,18100.0,39,24
6304,4330,2022-09-16,38500.0,27,11
6305,3852,2023-08-02,63200.0,24,11
6306,3060,2023-08-27,50800.0,19,12
6307,4743,2026-06-28,19200.0,26,12
6308,2149,2025-11-04,28500.0,30,11
6309,1283,2024-10-07,29300.0,15,12
6310,6947,2025-10-28,49700.0,3,12
6311,2536,2022-08-30,29700.0,18,11
6312,387,2025-09-02,33600.0,52,11
6313,2664,2024-07-07,42100.0,25,11
6314,194,2025-12-24,26400.0,7,11
6315,3895,2024-05-11,42900.0,44,11
6316,3805,2025-10-30,44200.0,11,11
6317,2638,2026-01-12,36000.0,28,12
6318,2622,2023-11-15,35300.0,44,24
6319,2825,2026-03-28,33900.0,0,12
6320,2861,2023-05-07,36500.0,24,12
6321,6461,2026-08-07,18900.0,36,12
6322,6116,2023-07-07,51400.0,0,11
6323,2390,2026-06-18,32400.0,32,11
6324,3489,2023-12-12,36100.0,27,11
6325,744,2025-05-27,47400.0,26,12
6326,6390,2023-10-25,24000.0,19,24
6327,2938,2025-07-22,54400.0,27,11
6328,3195,2025-01-07,22000.0,34,24
6329,4888,2023-05-11,25400.0,52,12
6330,4271,2023-12-09,51700.0,17,11
6331,7129,2025-10-22,44900.0,29,11
6332,6614,2024-11-20,29900.0,17,11
6333,2661,2024-05-28,23800.0,29,24
6334,2434,2024-05-31,29600.0,41,11
6335,540,2025-01-11,30600.0,31,11
6336,6206,2026-07-25,23000.0,18,11
6337,4418,2022-12-26,32900.0,40,11
6338,644,2025-05-10,17200.0,36,11
6339,1808,2025-10-10,29800.0,50,12
6340,3892,2026-08-04,39300.0,1,11
6341,2422,2025-10-28,22900.0,20,11
6342,6095,2023-07-12,28900.0,20,24
6343,3,2025-06-20,50800.0,12,12
6344,5937,2025-09-01,50100.0,30,12
6345,206,2024-07-03,38800.0,20,11
6346,6076,2026-07-09,40300.0,46,12
6347,4229,2024-05-26,8900.0,30,24
6348,6333,2023-08-20,23900.0,28,12
6349,7247,2025-09-13,33800.0,0,11
6350,2678,2025-05-13,20900.0,23,11
6351,4846,2022-12-26,14700.0,29,36
6352,5749,2024-03-10,62000.0,7,24
6353,7898,2024-10-30,35500.0,38,24
6354,6129,2026-07-20,30700.0,15,12
6355,2957,2026-01-11,27500.0,51,24
6356,3271,2026-07-04,39900.0,0,11
6357,7804,2024-11-30,22300.0,45,11
6358,2725,2026-04-12,34300.0,38,24
6359,6370,2022-10-15,22600.0,46,11
6360,7739,2025-08-29,33700.0,23,11
6361,3387,2026-02-23,51000.0,18,24
6362,915,2025-04-09,29200.0,0,11
6363,1111,2026-06-28,32200.0,33,11
6364,1307,2023-05-12,40800.0,41,12
6365,6849,2025-09-27,32400.0,6,11
6366,7200,2023-06-10,27200.0,49,12
6367,6629,2025-06-21,39600.0,26,12
6368,681,2025-01-05,42300.0,2,11
6369,7445,2024-02-20,38400.0,25,12
6370,1539,2022-08-31,46300.0,6,11
6371,6598,2024-09-08,38100.0,28,11
6372,3660,2023-09-21,24900.0,15,36
6373,4922,2024-05-13,25800.0,20,11
6374,5282,2025-08-17,33300.0,54,11
6375,7734,2023-02-25,13900.0,35,12
6376,1999,2024-08-30,33200.0,43,11
6377,5373,2024-12-11,27300.0,44,12
6378,7522,2024-09-12,25900.0,15,12
6379,251,2025-02-07,32300.0,22,12
6380,6594,2023-07-18,16600.0,30,11
6381,1934,2025-05-19,48600.0,8,11
6382,3522,2026-04-26,50800.0,40,12
6383,7754,2023-10-04,46100.0,10,36
6384,1895,2026-03-30,39900.0,21,12
6385,2918,2025-08-05,51700.0,50,12
6386,1537,2025-08-16,52000.0,45,24
6387,3468,2025-07-22,51700.0,46,12
6388,3655,2024-12-03,43800.0,42,11
6389,3880,2025-08-27,34100.0,10,11
6390,3509,2024-07-20,22800.0,17,11
6391,6771,2026-03-03,17500.0,29,11
6392,5450,2026-01-06,33600.0,15,24
6393,44,2023-02-21,15800.0,35,36
6394,3697,2023-01-20,70900.0,22,11
6395,2675,2026-04-05,25800.0,26,12
6396,4784,2023-12-12,34300.0,38,11
6397,3239,2024-03-17,14100.0,35,11
6398,1316,2022-10-30,77500.0,22,12
6399,3012,2025-10-07,19500.0,12,11
6400,220,2026-01-11,19900.0,32,24
6401,1969,2023-06-24,27500.0,28,12
6402,3043,2025-05-04,42100.0,31,11
6403,3597,2025-08-17,7000.0,29,24
6404,2502,2026-02-28,28400.0,45,12
6405,3555,2025-05-04,41600.0,39,24
6406,2836,2026-03-01,14800.0,48,11
6407,1009,2023-03-20,33300.0,25,11
6408,3016,2024-02-04,63400.0,11,11
6409,1854,2025-03-15,22600.0,6,11
6410,7902,2026-05-29,38100.0,45,11
6411,5065,2026-01-28,38600.0,41,24
6412,819,2024-09-06,45000.0,26,24
6413,497,2024-09-06,62300.0,23,36
6414,3640,2023-01-20,61700.0,6,36
6415,6001,2025-09-22,32800.0,1,36
6416,1526,2023-09-01,52900.0,11,11
6417,3730,2023-07-29,17000.0,23,11
6418,7233,2024-12-07,37600.0,0,11
6419,2958,2024-03-20,36000.0,33,11
6420,1743,2023-08-09,13700.0,5,11
6421,3600,2025-06-24,31600.0,35,11
6422,3422,2026-03-21,29600.0,22,11
6423,6547,2022-09-01,41100.0,26,11
6424,54,2022-08-25,25100.0,26,11
6425,2632,2023-08-01,25400.0,16,11
6426,3676,2024-12-25,63700.0,26,11
6427,625,2025-02-04,20300.0,10,11
6428,5293,2026-07-22,38300.0,14,36
6429,6069,2026-01-12,13900.0,0,11
6430,7361,2026-05-28,38800.0,15,12
6431,7559,2025-03-31,32500.0,20,12
6432,972,2023-10-28,49600.0,34,11
6433,2487,2023-09-28,30900.0,10,11
6434,1666,2024-06-25,40300.0,0,12
6435,2844,2026-03-27,18700.0,2,11
6436,7008,2025-04-09,26300.0,52,12
6437,660,2026-02-10,30600.0,9,12
6438,2398,2023-11-15,46500.0,23,11
6439,4594,2023-01-28,34900.0,47,11
6440,3358,2026-06-26,53100.0,15,11
6441,5576,2024-06-10,30500.0,75,36
6442,2698,2024-12-16,45800.0,21,11
6443,3889,2025-12-12,23200.0,41,11
6444,2618,2025-08-10,30700.0,30,36
6445,3329,2023-03-05,50100.0,20,24
6446,6678,2025-03-12,16900.0,40,11
6447,374,2026-05-04,23600.0,34,12
6448,874,2023-10-10,55500.0,42,11
6449,4997,2023-07-25,39400.0,15,11
6450,4860,2025-09-15,15900.0,45,24
6451,7641,2025-12-15,22900.0,23,24
6452,7029,2026-08-10,57000.0,54,12
6453,5611,2023-01-26,21600.0,25,11
6454,387,2024-03-13,30500.0,19,24
6455,6336,2026-05-19,39900.0,9,11
6456,3968,2025-07-26,32500.0,18,24
6457,2608,2023-08-19,40500.0,18,11
6458,4438,2024-12-13,39300.0,62,24
6459,4390,2026-04-24,29900.0,34,11
6460,2786,2023-06-21,22100.0,14,24
6461,4128,2025-01-28,25100.0,27,12
6462,3374,2023-12-14,62000.0,42,11
6463,6335,2025-02-20,20600.0,12,12
6464,5366,2025-06-23,29200.0,46,12
6465,7287,2024-11-26,28400.0,34,11
6466,6975,2022-11-07,46600.0,7,11
6467,6239,2025-11-18,32900.0,0,24
6468,4350,2025-06-13,37500.0,4,12
6469,4081,2024-12-03,36400.0,1,24
6470,7701,2024-05-08,21000.0,14,12
6471,7950,2024-08-28,38000.0,15,12
6472,940,2023-11-22,43200.0,8,36
6473,2982,2024-08-30,28300.0,35,11
6474,3020,2023-07-11,36800.0,0,12
6475,5829,2025-04-27,26600.0,45,24
6476,3118,2023-12-14,16300.0,46,11
6477,7762,2025-04-19,35200.0,22,11
6478,992,2025-10-27,50100.0,12,11
6479,1258,2022-12-03,32600.0,4,36
6480,2489,2024-07-16,32800.0,9,11
6481,7805,2023-11-15,32800.0,22,36
6482,1856,2025-12-05,45000.0,29,11
6483,3004,2026-08-06,32600.0,41,24
6484,5045,2025-05-05,45900.0,0,12
6485,6231,2024-08-03,49800.0,15,11
6486,1394,2026-06-15,33600.0,40,12
6487,4032,2023-06-23,20200.0,17,11
6488,6621,2026-08-14,22100.0,30,36
6489,204,2025-03-29,30700.0,35,24
6490,161,2023-01-09,30600.0,30,12
6491,7866,2025-05-19,21400.0,16,11
6492,4591,2024-06-30,32000.0,18,12
6493,782,2026-06-18,53500.0,33,24
6494,3836,2023-01-04,30500.0,42,24
6495,6863,2026-04-26,58400.0,21,11
6496,2638,2025-03-07,35700.0,12,11
6497,1119,2023-05-29,27000.0,15,11
6498,7188,2025-04-06,42600.0,0,12
6499,4604,2025-03-14,9500.0,32,11
6500,617,2022-08-23,18300.0,34,12
6501,5834,2024-08-30,16800.0,31,11
6502,1575,2023-07-04,19700.0,14,11
6503,2941,2024-12-20,24200.0,24,11
6504,3269,2023-03-25,20500.0,34,11
6505,1879,2023-06-04,35800.0,56,11
6506,702,2025-06-24,24300.0,31,11
6507,3847,2023-12-02,35500.0,28,11
6508,3019,2022-09-08,30000.0,17,12
6509,5456,2026-04-02,18700.0,27,11
6510,2148,2024-04-08,53600.0,32,24
6511,369,2024-12-25,19400.0,15,24
6512,5942,2023-12-29,15100.0,19,12
6513,3660,2026-06-13,24200.0,44,11
6514,4655,2023-12-19,36900.0,19,24
6515,4295,2025-09-11,40000.0,14,24
6516,4266,2025-07-18,43400.0,36,11
6517,4429,2023-07-13,25900.0,21,12
6518,6160,2025-09-10,80000.0,10,11
6519,7580,2026-06-25,50500.0,53,11
6520,7586,2026-05-09,17300.0,28,11
6521,2430,2025-05-14,45000.0,69,24
6522,1233,2024-03-15,28000.0,40,11
6523,5100,2023-06-01,37600.0,38,36
6524,3928,2024-06-20,28900.0,31,24
6525,5792,2023-11-21,28200.0,35,11
6526,2796,2025-04-26,32400.0,7,24
6527,6299,2023-12-16,56200.0,44,11
6528,3430,2023-02-09,59900.0,27,11
6529,1713,2025-02-15,50600.0,56,24
6530,301,2023-04-04,46300.0,0,11
6531,974,2025-01-04,29800.0,45,36
6532,7093,2022-11-06,25400.0,4,12
6533,1141,2023-03-12,49200.0,26,11
6534,6766,2023-02-22,28800.0,20,12
6535,6861,2023-09-15,17100.0,36,11
6536,2560,2024-07-31,34000.0,16,11
6537,1507,2023-10-20,24500.0,46,24
6538,4564,2025-10-20,38900.0,7,11
6539,7154,2023-12-14,23000.0,22,11
6540,5918,2022-10-07,16800.0,34,11
6541,4550,2023-08-10,31500.0,42,12
6542,3813,2024-01-23,22100.0,23,12
6543,3555,2024-02-08,43800.0,38,12
6544,6533,2025-05-31,17700.0,47,11
6545,2892,2026-07-31,52000.0,37,36
6546,6126,2022-10-20,27600.0,34,11
6547,2914,2026-07-24,48700.0,37,11
6548,5222,2022-10-12,28000.0,10,11
6549,2561,2024-04-11,20300.0,52,11
6550,3858,2024-07-07,24300.0,24,12
6551,3035,2022-12-05,71900.0,16,24
6552,4699,2024-04-21,28900.0,21,11
6553,967,2023-11-14,11800.0,26,11
6554,6217,2026-05-19,42100.0,44,12
6555,6271,2025-10-21,34600.0,29,24
6556,4709,2024-11-20,40700.0,0,12
6557,5544,2025-10-30,27700.0,0,11
6558,6787,2025-10-30,32100.0,26,24
6559,2914,2023-01-29,53300.0,13,11
6560,6886,2023-04-10,24700.0,23,11
6561,166,2024-11-02,52800.0,19,11
6562,3570,2023-08-19,45500.0,42,11
6563,2564,2025-04-14,40500.0,13,24
6564,937,2023-01-03,23400.0,28,24
6565,114,2025-03-04,40900.0,18,11
6566,3588,2024-07-17,16400.0,41,36
6567,1011,2025-07-25,50500.0,36,12
6568,7679,2025-10-10,35600.0,23,24
6569,6174,2026-01-02,38900.0,15,11
6570,6483,2023-12-07,15200.0,0,24
6571,3928,2024-05-20,26300.0,53,12
6572,1286,2024-04-03,31400.0,24,12
6573,7767,2026-04-04,20600.0,48,12
6574,3509,2023-04-23,24000.0,22,36
6575,523,2023-03-26,38200.0,19,24
6576,5446,2026-07-19,26100.0,27,11
6577,4912,2025-03-25,45200.0,21,11
6578,3274,2025-04-04,13900.0,25,12
6579,6413,2025-02-28,11600.0,30,11
6580,4538,2024-02-03,47300.0,10,11
6581,2641,2023-10-26,37000.0,15,12
6582,68,2024-04-23,40300.0,6,11
6583,1632,2025-05-31,27900.0,42,24
6584,5783,2023-08-17,17400.0,24,11
6585,4582,2022-08-26,37500.0,37,12
6586,19,2023-08-29,18900.0,23,11
6587,2791,2024-02-11,52700.0,16,11
6588,3605,2025-11-17,38800.0,37,12
6589,6348,2023-12-29,38100.0,20,24
6590,581,2023-12-19,32600.0,37,24
6591,7234,2023-02-20,24600.0,52,11
6592,7993,2024-04-06,33200.0,16,12
6593,5516,2025-06-16,40200.0,27,11
6594,7369,2024-05-07,40000.0,26,11
6595,2309,2024-08-19,43800.0,19,24
6596,2969,2024-07-31,14300.0,30,12
6597,6166,2024-10-15,46400.0,16,11
6598,661,2025-11-03,33800.0,21,12
6599,5865,2023-11-18,20700.0,29,11
6600,5204,2025-10-22,28000.0,5,12
6601,6985,2023-07-25,35400.0,27,12
6602,2644,2023-03-08,50700.0,21,24
6603,3342,2024-04-09,38300.0,24,24
6604,1369,2026-07-30,20200.0,61,11
6605,5108,2024-12-09,21700.0,22,11
6606,3719,2025-01-13,22200.0,0,11
6607,5904,2023-09-08,19500.0,33,11
6608,2891,2025-12-05,28800.0,18,24
6609,5804,2022-10-10,41700.0,34,24
6610,6146,2024-09-17,42000.0,16,24
6611,6002,2025-05-30,29600.0,46,12
6612,5349,2025-12-07,38900.0,37,11
6613,2267,2024-03-26,14000.0,19,11
6614,3623,2024-02-21,36700.0,8,12
6615,6167,2025-04-11,26200.0,8,36
6616,1060,2025-11-29,35300.0,12,36
6617,5959,2023-03-15,27400.0,36,24
6618,4487,2026-06-22,52500.0,38,11
6619,4071,2026-03-11,26400.0,54,11
6620,6465,2024-11-19,17900.0,11,12
6621,3032,2023-05-15,41800.0,5,11
6622,3306,2025-05-17,35000.0,7,24
6623,5809,2023-03-26,41900.0,25,24
6624,6984,2024-11-21,28000.0,41,11
6625,5966,2024-02-18,26400.0,29,12
6626,7183,2023-12-25,26400.0,27,11
6627,6757,2022-09-23,28500.0,12,12
6628,1125,2023-01-19,53800.0,22,11
6629,2375,2025-09-22,23000.0,56,36
6630,957,2022-10-13,52000.0,14,11
6631,3802,2025-03-16,23100.0,36,11
6632,3497,2026-04-19,20000.0,0,36
6633,1479,2022-09-23,20200.0,29,12
6634,579,2025-07-08,32600.0,19,36
6635,7836,2026-06-16,21100.0,37,11
6636,2971,2025-05-06,47600.0,14,11
6637,5211,2023-04-29,24700.0,38,12
6638,5420,2022-11-09,36300.0,13,11
6639,2560,2024-12-20,36800.0,25,24
6640,935,2023-06-21,18300.0,4,11
6641,1916,2023-11-14,28100.0,34,12
6642,5040,2022-10-07,30000.0,31,12
6643,7385,2024-05-18,45000.0,29,11
6644,7134,2024-07-14,23200.0,35,11
6645,7582,2023-04-16,28800.0,27,11
6646,6469,2023-02-03,57100.0,21,11
6647,1716,2023-05-13,21800.0,30,12
6648,625,2022-12-05,20500.0,3,12
6649,4605,2025-03-25,32600.0,49,12
6650,1788,2025-05-18,24800.0,36,36
6651,3913,2025-08-26,12800.0,34,12
6652,7238,2025-11-26,17700.0,19,24
6653,7013,2024-12-26,75300.0,39,11
6654,4282,2025-03-05,22000.0,18,11
6655,2531,2025-12-27,44600.0,19,11
6656,4856,2025-08-06,25400.0,36,24
6657,3589,2023-04-07,25500.0,15,11
6658,3559,2026-04-24,34000.0,13,36
6659,4633,2025-10-07,17000.0,43,11
6660,1163,2025-01-26,21800.0,9,11
6661,4094,2023-01-31,46500.0,33,36
6662,378,2026-01-12,36100.0,37,12
6663,7380,2023-07-13,31200.0,19,11
6664,5277,2024-07-21,19200.0,29,12
6665,207,2023-04-10,53900.0,16,11
6666,4986,2026-04-24,38600.0,3,36
6667,1350,2022-10-20,35100.0,26,12
6668,1169,2022-11-09,40400.0,35,12
6669,4733,2024-11-14,50500.0,37,12
6670,7543,2026-03-04,25900.0,33,12
6671,6442,2024-09-04,34200.0,40,11
6672,2750,2025-03-30,56400.0,43,11
6673,7477,2024-05-30,76800.0,27,11
6674,3335,2023-10-02,36200.0,19,24
6675,90,2024-06-13,48700.0,35,11
6676,5329,2022-11-07,39900.0,21,11
6677,4202,2023-10-11,34700.0,36,11
6678,3092,2024-11-14,31300.0,45,24
6679,1899,2024-08-06,26400.0,24,12
6680,820,2024-10-19,26100.0,19,11
6681,962,2026-03-11,27000.0,14,11
6682,2852,2025-10-16,48000.0,6,11
6683,6078,2026-03-13,39100.0,44,11
6684,3966,2026-05-14,55600.0,0,11
6685,7763,2022-11-18,22000.0,38,11
6686,7864,2023-05-29,31800.0,2,12
6687,1646,2023-04-08,46600.0,45,11
6688,2993,2025-04-10,17800.0,16,11
6689,6182,2025-12-15,25000.0,5,11
6690,3973,2025-08-15,29000.0,32,12
6691,3301,2022-09-26,42900.0,24,12
6692,6949,2022-12-13,16700.0,29,36
6693,7329,2026-08-15,61400.0,36,12
6694,5263,2024-04-26,45900.0,25,12
6695,4495,2024-12-09,41500.0,28,12
6696,7283,2022-11-05,31400.0,58,11
6697,5134,2023-10-19,35100.0,24,11
6698,4842,2024-04-18,28300.0,19,24
6699,2439,2024-04-23,34500.0,6,36
6700,4830,2024-08-24,9400.0,23,11
6701,6722,2023-12-06,54600.0,27,11
6702,5381,2025-08-06,35400.0,37,24
6703,959,2023-09-19,14200.0,20,11
6704,5037,2024-04-07,23400.0,27,12
6705,5991,2026-01-05,16100.0,21,11
6706,2623,2024-04-20,34900.0,12,11
6707,993,2025-05-27,51700.0,24,11
6708,7366,2022-09-17,30700.0,9,36
6709,972,2024-05-04,52700.0,40,11
6710,1290,2025-12-15,42100.0,32,12
6711,5160,2023-09-11,63800.0,17,36
6712,961,2023-04-04,55800.0,32,11
6713,2251,2025-02-21,24800.0,25,11
6714,5419,2026-04-20,26900.0,17,11
6715,7536,2026-08-19,31600.0,20,12
6716,6362,2023-05-05,40000.0,22,11
6717,3409,2024-06-23,34100.0,34,11
6718,5753,2024-06-11,34100.0,22,24
6719,5307,2024-06-30,39200.0,40,24
6720,7226,2023-08-21,58600.0,15,11
6721,4374,2024-08-11,27500.0,16,12
6722,2310,2026-04-04,21900.0,34,11
6723,1870,2023-09-05,31200.0,25,12
6724,1285,2024-05-26,39700.0,31,24
6725,470,2025-11-16,44300.0,48,11
6726,5995,2025-06-06,23600.0,29,12
6727,3375,2023-09-22,35100.0,20,11
6728,6919,2023-11-27,30600.0,20,36
6729,7120,2024-07-03,38700.0,13,24
6730,7586,2025-09-25,18300.0,19,36
6731,1258,2022-11-05,33400.0,28,36
6732,2712,2024-05-15,19200.0,0,36
6733,902,2023-03-15,26300.0,17,24
6734,3893,2025-02-03,24000.0,17,36
6735,6647,2024-08-19,41000.0,38,11
6736,6556,2024-06-12,36200.0,20,12
6737,6662,2026-04-26,62600.0,23,11
6738,5549,2024-10-25,28400.0,62,11
6739,5874,2023-04-03,34500.0,26,11
6740,7590,2024-09-21,57500.0,1,12
6741,5153,2025-10-25,25500.0,27,12
6742,3947,2023-03-07,17900.0,48,11
6743,3210,2025-10-26,72400.0,23,11
6744,7104,2023-03-22,38600.0,0,11
6745,7673,2024-03-27,33400.0,6,36
6746,942,2025-07-06,20600.0,53,12
6747,6161,2025-06-18,19200.0,38,11
6748,4694,2025-08-28,30900.0,39,11
6749,1581,2023-08-30,65600.0,21,12
6750,7419,2024-05-20,56600.0,0,24
6751,6192,2022-08-21,50600.0,49,24
6752,1120,2023-06-02,39700.0,27,11
6753,2463,2024-08-08,27100.0,36,12
6754,2674,2025-03-20,19600.0,27,12
6755,6046,2026-05-26,39000.0,0,12
6756,776,2022-10-07,26200.0,25,12
6757,2374,2024-03-07,27300.0,20,36
6758,4239,2025-07-02,39400.0,30,36
6759,7681,2024-10-20,43300.0,59,24
6760,2837,2022-09-04,37500.0,18,11
6761,5113,2023-06-10,33500.0,30,12
6762,7223,2025-05-24,23000.0,13,36
6763,4765,2026-06-27,52300.0,25,11
6764,4989,2024-03-28,36000.0,42,11
6765,6771,2023-11-09,16800.0,0,12
6766,3231,2024-07-09,12100.0,28,11
6767,4063,2026-02-10,40000.0,16,11
6768,7966,2025-12-26,31700.0,9,12
6769,2085,2025-03-06,30700.0,34,12
6770,6052,2023-03-18,37400.0,22,11
6771,593,2024-12-18,45700.0,34,11
6772,5536,2023-05-25,13700.0,36,11
6773,4435,2023-02-16,11700.0,21,11
6774,2148,2023-05-01,51300.0,14,11
6775,1986,2025-09-05,21800.0,23,11
6776,4559,2023-09-07,14200.0,9,11
6777,6153,2024-11-10,29800.0,32,11
6778,110,2024-01-29,14700.0,39,24
6779,192,2026-07-26,28800.0,44,36
6780,921,2025-04-28,62900.0,7,11
6781,5328,2023-09-18,48900.0,28,11
6782,878,2025-12-26,35200.0,16,24
6783,6856,2025-10-19,35000.0,0,24
6784,1109,2022-12-21,8600.0,52,24
6785,660,2025-01-18,30900.0,0,11
6786,4228,2026-07-17,77600.0,9,12
6787,3696,2024-11-09,21500.0,27,11
6788,7370,2023-09-06,26500.0,48,11
6789,7745,2022-09-17,24800.0,21,11
6790,646,2024-05-23,50600.0,36,12
6791,1059,2026-05-11,37100.0,18,24
6792,4225,2023-02-09,24500.0,13,11
6793,2196,2022-08-21,28400.0,43,11
6794,3956,2024-09-09,55700.0,17,11
6795,3233,2025-07-12,30300.0,46,11
6796,3672,2024-03-26,46800.0,6,24
6797,3375,2026-02-14,35500.0,48,11
6798,5578,2023-01-17,26800.0,15,12
6799,6206,2023-04-26,20500.0,28,11
6800,4361,2024-07-20,39300.0,45,12
6801,2484,2025-03-24,34000.0,0,12
6802,1921,2025-07-13,32200.0,47,11
6803,4059,2022-11-08,104500.0,0,36
6804,7699,2025-12-10,31400.0,38,11
6805,7796,2022-11-13,35200.0,41,11
6806,7084,2023-07-16,20600.0,42,12
6807,3799,2024-05-01,42100.0,19,12
6808,4220,2024-10-28,24100.0,18,11
6809,7698,2024-02-15,27700.0,24,24
6810,4200,2024-05-27,37800.0,21,11
6811,2055,2024-02-25,52400.0,45,12
6812,3456,2025-06-06,31600.0,25,11
6813,2191,2025-03-23,30900.0,18,12
6814,7511,2023-10-23,23200.0,35,11
6815,2555,2022-12-19,22900.0,25,24
6816,6468,2022-11-06,37800.0,27,11
6817,4686,2026-07-13,17900.0,30,12
6818,1317,2022-12-31,23200.0,14,11
6819,1478,2026-05-04,44300.0,4,12
6820,3277,2024-11-30,61100.0,31,24
6821,6516,2022-08-20,24700.0,17,36
6822,1987,2025-05-04,52900.0,21,11
6823,7678,2022-11-02,43400.0,25,11
6824,6186,2023-01-22,14900.0,0,11
6825,3259,2024-11-08,30500.0,25,36
6826,6072,2024-01-31,40500.0,21,12
6827,5688,2025-07-16,25800.0,31,12
6828,5583,2022-09-06,57900.0,13,12
6829,3296,2022-10-29,26400.0,40,12
6830,3211,2024-01-10,37200.0,21,11
6831,3400,2023-10-16,22500.0,24,24
6832,2845,2024-07-11,28500.0,16,11
6833,1009,2025-05-18,37000.0,25,11
6834,7815,2026-05-10,36300.0,20,11
6835,5032,2023-07-21,52500.0,27,24
6836,5681,2025-05-13,22600.0,17,12
6837,2201,2023-05-03,23600.0,34,36
6838,6457,2022-12-17,32400.0,30,11
6839,6460,2026-08-05,30400.0,43,11
6840,227,2023-04-28,27600.0,32,12
6841,790,2026-03-28,18600.0,31,24
6842,2901,2024-07-07,28500.0,28,12
6843,5324,2026-04-02,62600.0,3,12
6844,700,2025-10-18,74300.0,0,24
6845,538,2024-07-11,89800.0,10,11
6846,3525,2025-03-24,30300.0,33,12
6847,5181,2025-05-01,67700.0,37,11
6848,5144,2025-04-01,23000.0,22,12
6849,5641,2026-01-27,52000.0,21,11
6850,2201,2023-12-20,25600.0,16,36
6851,1322,2023-07-22,27600.0,26,12
6852,6221,2025-01-11,22800.0,26,12
6853,7126,2023-12-02,17500.0,31,11
6854,1561,2026-02-06,15800.0,12,11
6855,4882,2026-08-02,33900.0,41,11
6856,7851,2025-08-17,39600.0,36,11
6857,2963,2023-08-26,23300.0,24,11
6858,3176,2025-09-03,33800.0,37,36
6859,2494,2024-01-08,54400.0,41,12
6860,4229,2024-03-02,8900.0,28,12
6861,6949,2025-05-06,16600.0,17,24
6862,7539,2025-02-04,50000.0,24,11
6863,3890,2025-08-08,41500.0,50,11
6864,7278,2025-04-23,58600.0,3,11
6865,5316,2023-04-19,44400.0,14,12
6866,860,2023-10-04,37300.0,29,11
6867,5964,2024-04-01,24300.0,37,11
6868,6477,2023-02-01,15900.0,5,11
6869,450,2025-09-30,21000.0,25,11
6870,4006,2023-06-24,49300.0,21,12
6871,7753,2023-10-20,71000.0,16,24
6872,3184,2026-05-26,53300.0,0,24
6873,1262,2025-10-12,20300.0,47,12
6874,6727,2026-01-14,34200.0,0,12
6875,5567,2023-01-02,39600.0,15,11
6876,7055,2026-03-24,28100.0,38,11
6877,228,2023-05-21,26900.0,24,24
6878,4237,2024-06-19,63500.0,20,11
6879,7339,2025-10-04,54500.0,70,11
6880,3030,2025-01-31,36700.0,33,11
6881,5681,2023-07-21,22600.0,32,24
6882,1872,2024-05-29,34500.0,22,12
6883,3867,2024-04-30,36100.0,35,12
6884,187,2025-08-22,28900.0,29,12
6885,6626,2025-08-07,44400.0,16,11
6886,6501,2025-09-20,22700.0,34,11
6887,2943,2025-05-19,33800.0,0,11
6888,2591,2024-06-03,26000.0,29,11
6889,1976,2024-10-07,25200.0,17,12
6890,2994,2025-08-10,27100.0,27,11
6891,864,2026-03-27,42200.0,27,24
6892,2076,2025-09-13,45900.0,29,11
6893,1280,2022-08-27,19300.0,26,36
6894,5632,2024-10-02,45500.0,9,24
6895,5188,2024-01-03,46700.0,12,24
6896,5832,2025-09-13,28200.0,23,11
6897,5227,2025-11-12,43200.0,39,11
6898,6464,2024-06-18,24300.0,28,24
6899,1923,2025-01-10,30200.0,21,24
6900,272,2022-10-26,38300.0,42,11
6901,1667,2024-02-01,44000.0,29,11
6902,4509,2023-10-29,42600.0,23,11
6903,3281,2025-07-12,43500.0,34,24
6904,6268,2024-09-12,27000.0,8,11
6905,1609,2022-12-13,49000.0,7,12
6906,5306,2023-09-22,27300.0,32,11
6907,2959,2025-01-30,58700.0,30,11
6908,1733,2024-09-11,65200.0,4,11
6909,3338,2023-06-24,26500.0,54,11
6910,6772,2025-11-29,27900.0,11,12
6911,3342,2023-12-25,34600.0,4,24
6912,1476,2024-03-27,40000.0,35,11
6913,6394,2023-10-07,34900.0,8,36
6914,220,2022-10-24,17800.0,40,11
6915,53,2024-01-21,26300.0,0,11
6916,1796,2023-08-28,10600.0,32,12
6917,5693,2023-12-16,27500.0,51,12
6918,7737,2024-11-22,27700.0,17,11
6919,1704,2024-12-10,43900.0,28,11
6920,5476,2024-05-19,36200.0,4,11
6921,7052,2023-05-13,24000.0,28,11
6922,2848,2024-02-17,26700.0,30,11
6923,732,2023-08-10,24400.0,16,12
6924,409,2023-03-20,42000.0,11,12
6925,6896,2024-05-25,42500.0,5,24
6926,7318,2024-12-30,40000.0,19,12
6927,6705,2023-01-08,35000.0,33,11
6928,7004,2023-02-06,31700.0,38,24
6929,2345,2025-05-26,40400.0,37,11
6930,72,2022-11-10,43200.0,19,11
6931,6074,2025-06-09,49700.0,29,11
6932,6461,2024-02-14,19800.0,28,12
6933,2098,2025-05-28,66600.0,31,11
6934,1257,2022-12-01,32600.0,37,12
6935,1602,2024-10-08,47300.0,33,36
6936,3768,2024-04-10,29800.0,27,12
6937,3023,2024-04-30,9700.0,10,11
6938,4586,2024-09-05,23700.0,15,11
6939,6012,2024-11-06,20400.0,28,11
6940,711,2026-08-13,37100.0,28,12
6941,7397,2023-12-02,19900.0,34,11
6942,5415,2023-07-10,46300.0,24,11
6943,842,2023-04-19,70500.0,30,12
6944,6043,2023-08-09,61100.0,36,11
6945,352,2025-12-09,42700.0,29,24
6946,5495,2024-04-13,18800.0,30,11
6947,3999,2024-08-19,41300.0,21,36
6948,310,2023-06-22,30000.0,25,11
6949,3499,2025-11-28,20100.0,13,11
6950,5363,2024-06-13,50600.0,23,11
6951,6183,2025-05-30,25800.0,30,11
6952,2385,2025-03-27,41000.0,10,12
6953,4971,2025-05-28,38700.0,22,11
6954,4928,2026-01-14,34800.0,16,24
6955,2872,2022-09-01,15400.0,58,24
6956,5839,2025-09-02,40200.0,34,11
6957,3642,2026-03-04,42900.0,33,36
6958,4582,2023-03-23,36200.0,25,12
6959,3561,2026-01-25,19400.0,3,12
6960,6670,2023-09-10,46300.0,13,11
6961,4726,2024-01-07,9100.0,18,36
6962,7883,2026-07-03,42200.0,11,11
6963,2745,2024-08-12,41900.0,9,11
6964,3056,2026-05-13,51700.0,21,11
6965,7954,2022-09-01,43500.0,38,11
6966,278,2026-01-15,19100.0,11,12
6967,2603,2023-10-27,51400.0,37,24
6968,2826,2025-12-09,35700.0,41,11
6969,339,2025-12-03,36700.0,27,24
6970,2017,2024-09-13,31700.0,32,11
6971,3050,2026-03-04,21700.0,22,11
6972,4681,2024-07-27,36300.0,24,12
6973,4061,2025-10-19,37200.0,11,12
6974,928,2026-02-02,21900.0,24,12
6975,2040,2025-07-04,29200.0,43,12
6976,7595,2023-03-13,55200.0,37,12
6977,3204,2022-11-21,22100.0,38,24
6978,5568,2025-09-01,32400.0,37,11
6979,6258,2023-10-05,52400.0,4,24
6980,5975,2026-07-09,23000.0,10,36
6981,4300,2023-08-28,41800.0,15,24
6982,7602,2025-07-19,47400.0,5,24
6983,3845,2023-10-03,45500.0,12,11
6984,330,2023-11-08,45100.0,21,11
6985,1840,2022-08-27,22300.0,24,11
6986,317,2023-05-01,13900.0,20,12
6987,3629,2023-08-17,28000.0,6,12
6988,1162,2024-06-15,13000.0,22,12
6989,2807,2023-01-18,36000.0,19,12
6990,4987,2025-07-08,31000.0,24,11
6991,7550,2026-04-23,60500.0,0,11
6992,1555,2025-05-12,31300.0,1,11
6993,156,2026-07-31,22400.0,28,11
6994,5715,2026-02-25,20500.0,47,11
6995,1762,2022-12-15,43700.0,53,24
6996,3425,2024-05-08,38800.0,0,11
6997,904,2024-06-19,24100.0,25,11
6998,3145,2024-08-18,43000.0,27,24
6999,2868,2024-10-10,46400.0,27,11
7000,734,2025-11-13,52500.0,43,11
7001,7836,2024-01-04,21100.0,27,12
7002,930,2023-03-18,23100.0,28,11
7003,3440,2025-12-17,27400.0,35,11
7004,888,2023-05-11,18700.0,22,36
7005,4202,2024-06-01,37400.0,23,11
7006,6896,2026-05-28,40900.0,45,12
7007,505,2024-05-06,38100.0,10,12
7008,1795,2026-04-24,21100.0,0,36
7009,6516,2024-09-15,22500.0,23,11
7010,1144,2025-02-08,61200.0,51,24
7011,3492,2024-12-28,36000.0,45,11
7012,2892,2024-10-19,51300.0,54,11
7013,5409,2024-06-23,45200.0,2,11
7014,6227,2024-07-07,20900.0,13,11
7015,6894,2023-10-22,19400.0,41,11
7016,6950,2023-12-14,51000.0,22,36
7017,1685,2023-08-31,51700.0,7,12
7018,5809,2024-06-10,41400.0,49,11
7019,7144,2023-10-24,28300.0,22,24
7020,3054,2022-11-29,49300.0,30,12
7021,5709,2023-09-29,15600.0,32,12
7022,6916,2023-02-04,29800.0,6,11
7023,143,2025-01-27,59300.0,27,11
7024,5439,2026-08-12,24200.0,27,12
7025,7501,2025-07-09,15100.0,20,11
7026,2823,2024-12-16,36100.0,17,12
7027,3518,2025-05-26,37300.0,20,36
7028,6765,2023-06-27,34900.0,14,12
7029,4766,2026-08-12,40600.0,17,12
7030,6757,2026-04-20,30500.0,48,11
7031,2485,2025-05-25,59200.0,34,11
7032,5935,2026-06-26,28000.0,4,11
7033,7221,2024-05-16,28800.0,12,11
7034,4616,2025-05-31,39900.0,9,11
7035,1890,2023-12-19,51300.0,26,36
7036,6588,2026-08-06,47000.0,35,11
7037,2756,2026-08-02,30500.0,25,12
7038,1755,2024-12-16,29400.0,2,11
7039,5609,2023-08-21,26200.0,13,11
7040,3144,2026-03-20,21300.0,22,11
7041,1093,2024-09-11,44100.0,34,12
7042,2849,2022-09-28,53000.0,13,11
7043,6087,2023-03-31,24900.0,24,24
7044,5333,2023-10-01,24600.0,6,11
7045,3879,2026-07-18,62200.0,38,11
7046,1316,2023-10-12,75500.0,23,24
7047,3962,2023-10-24,31000.0,23,12
7048,1847,2025-01-18,51600.0,36,36
7049,6415,2024-04-27,17600.0,45,11
7050,1538,2025-10-14,59000.0,36,24
7051,3389,2024-01-12,39000.0,29,11
7052,7271,2023-02-09,31400.0,25,12
7053,5227,2026-03-08,42200.0,46,24
7054,5161,2026-07-23,21500.0,2,12
7055,3021,2024-04-09,19000.0,0,11
7056,72,2025-11-05,45600.0,12,11
7057,1728,2023-03-06,21400.0,36,11
7058,7511,2023-03-01,23900.0,11,12
7059,5508,2026-04-27,42000.0,35,36
7060,1375,2026-02-07,34900.0,34,11
7061,6381,2022-11-18,26900.0,14,11
7062,3384,2026-05-27,22800.0,49,12
7063,3188,2024-06-29,28000.0,36,24
7064,900,2025-04-06,17300.0,10,11
7065,4330,2023-12-22,37600.0,28,11
7066,2721,2023-08-23,25900.0,41,11
7067,7158,2022-10-03,51800.0,18,11
7068,6553,2023-11-24,51200.0,8,11
7069,1538,2023-07-25,60900.0,17,36
7070,2517,2024-02-24,27800.0,29,36
7071,2609,2023-02-27,45300.0,0,12
7072,745,2023-02-26,25700.0,16,11
7073,1787,2025-03-05,18200.0,36,12
7074,4015,2023-10-31,38200.0,9,11
7075,427,2023-08-17,59900.0,27,12
7076,3562,2023-06-27,48200.0,27,11
7077,1627,2024-05-23,45900.0,13,12
7078,4589,2025-05-02,34500.0,23,12
7079,4541,2025-11-13,30600.0,0,11
7080,5154,2026-04-15,23600.0,15,36
7081,4816,2025-06-30,50400.0,9,11
7082,500,2026-04-08,33900.0,14,11
7083,192,2022-11-26,26700.0,34,11
7084,506,2024-04-15,45500.0,22,24
7085,5029,2025-03-24,22300.0,31,12
7086,5955,2023-10-09,57300.0,49,12
7087,1284,2024-06-17,18500.0,16,11
7088,2012,2026-02-17,19500.0,5,11
7089,4426,2024-04-22,27200.0,39,12
7090,5613,2026-01-29,19600.0,53,11
7091,2235,2025-10-31,31500.0,20,11
7092,7151,2023-01-20,20300.0,7,11
7093,832,2025-02-18,46700.0,21,36
7094,3300,2023-06-22,23900.0,21,12
7095,7436,2025-06-05,29200.0,16,11
7096,1506,2024-08-07,36600.0,20,24
7097,1112,2026-01-09,9400.0,36,24
7098,4295,2024-11-11,39200.0,37,11
7099,1916,2024-08-02,27600.0,8,12
7100,888,2025-08-31,17500.0,25,11
7101,4871,2022-10-28,32700.0,11,11
7102,2087,2024-03-19,32900.0,24,11
7103,275,2022-12-11,30000.0,14,11
7104,1052,2025-06-03,35500.0,24,11
7105,3298,2023-10-30,31400.0,24,11
7106,6460,2025-02-14,30000.0,0,36
7107,4163,2024-09-04,47400.0,0,24
7108,1077,2024-09-08,21600.0,21,11
7109,4127,2024-02-21,23300.0,30,11
7110,1608,2024-01-18,43200.0,17,24
7111,3268,2023-12-09,27000.0,27,24
7112,4492,2025-12-19,23400.0,25,11
7113,7694,2022-12-14,30200.0,0,11
7114,7566,2026-05-09,48700.0,30,12
7115,7906,2023-04-18,24300.0,25,11
7116,3885,2026-01-19,20200.0,32,36
7117,3370,2025-05-10,33100.0,46,12
7118,6453,2023-05-04,39500.0,8,11
7119,7622,2023-03-11,56200.0,40,11
7120,3835,2026-05-21,38900.0,22,11
7121,2151,2026-04-17,41100.0,22,11
7122,5509,2024-09-22,34000.0,24,24
7123,310,2024-10-17,32600.0,13,36
7124,7896,2024-05-13,25700.0,29,12
7125,3442,2022-10-19,26500.0,30,11
7126,5186,2026-05-02,42500.0,53,24
7127,3252,2025-12-20,26300.0,10,11
7128,1279,2025-02-01,45000.0,24,12
7129,5487,2024-03-11,29400.0,17,12
7130,2808,2026-04-28,67500.0,39,12
7131,1552,2025-01-20,24000.0,47,12
7132,6357,2025-09-05,40100.0,11,11
7133,5424,2023-05-03,22900.0,0,36
7134,6532,2024-08-21,32600.0,48,11
7135,1409,2023-04-05,36700.0,13,11
7136,5994,2025-05-28,46400.0,13,24
7137,5939,2024-10-06,19400.0,44,12
7138,6267,2023-10-12,44000.0,16,36
7139,5003,2026-03-02,29300.0,26,24
7140,5104,2023-12-12,46100.0,15,11
7141,2005,2022-10-23,22600.0,19,12
7142,4406,2022-12-13,24400.0,22,12
7143,2928,2023-07-07,47900.0,37,24
7144,2714,2025-05-01,61000.0,34,12
7145,2549,2025-11-21,50900.0,50,11
7146,6743,2024-10-17,55700.0,29,11
7147,5177,2026-02-06,33200.0,31,11
7148,4672,2024-06-22,37600.0,9,11
7149,6651,2025-10-21,32300.0,41,11
7150,7195,2025-08-26,27700.0,39,11
7151,4099,2023-04-21,59000.0,17,12
7152,3647,2025-08-13,59900.0,48,11
7153,940,2026-04-22,47900.0,43,11
7154,4328,2023-06-19,33600.0,14,11
7155,4566,2024-05-13,22400.0,27,36
7156,3030,2024-02-28,37900.0,16,12
7157,184,2024-05-18,41200.0,26,11
7158,7914,2023-10-22,22500.0,10,11
7159,3441,2025-10-13,30600.0,48,11
7160,6758,2026-05-08,42400.0,12,36
7161,1429,2025-08-18,38100.0,15,11
7162,6943,2024-10-24,38800.0,2,12
7163,2859,2023-03-06,32000.0,40,12
7164,545,2026-05-31,35700.0,14,12
7165,7836,2025-06-11,21100.0,1,36
7166,7096,2025-09-29,28100.0,23,11
7167,5821,2023-05-18,46900.0,15,24
7168,1301,2023-03-18,18100.0,18,36
7169,3038,2024-06-26,24100.0,24,12
7170,6796,2024-02-24,44600.0,0,11
7171,6918,2022-10-01,26400.0,8,12
7172,3121,2023-08-10,26700.0,21,11
7173,1122,2022-08-29,25800.0,17,11
7174,1334,2026-08-11,69500.0,46,11
7175,933,2024-07-25,32900.0,39,12
7176,7683,2024-11-16,41400.0,13,11
7177,3153,2025-12-16,41000.0,30,11
7178,7532,2024-05-20,30400.0,24,11
7179,4346,2022-12-14,30900.0,16,11
7180,1051,2025-08-10,11600.0,52,12
7181,5433,2024-04-05,34300.0,23,11
7182,2021,2025-04-18,25900.0,18,36
7183,3437,2023-07-18,66200.0,3,24
7184,2566,2023-07-10,59200.0,0,12
7185,7434,2025-03-08,17800.0,22,11
7186,273,2024-01-08,38100.0,34,24
7187,1214,2026-02-11,27200.0,14,12
7188,4660,2025-08-29,38800.0,14,11
7189,4296,2026-06-16,36400.0,16,24
7190,3852,2025-06-13,64500.0,0,12
7191,7882,2024-07-21,18400.0,19,11
7192,7605,2024-01-01,39100.0,22,12
7193,5930,2024-05-02,22400.0,34,11
7194,6438,2023-05-28,58000.0,38,11
7195,2450,2025-03-27,25700.0,20,11
7196,4633,2026-01-25,17200.0,18,36
7197,7147,2026-01-14,40800.0,44,11
7198,4331,2024-06-11,29800.0,21,11
7199,5713,2025-03-18,48100.0,37,11
7200,7453,2025-09-13,16800.0,27,11
7201,4276,2022-11-09,30600.0,39,11
7202,1749,2023-12-15,30600.0,15,12
7203,2280,2023-12-29,20400.0,29,11
7204,6649,2024-01-22,41200.0,17,24
7205,129,2024-12-20,43300.0,0,11
7206,1297,2023-07-04,30100.0,7,12
7207,3757,2026-05-26,35800.0,29,24
7208,1637,2025-09-26,53500.0,23,24
7209,4873,2023-07-08,37500.0,31,11
7210,4063,2025-03-06,36000.0,6,11
7211,7701,2025-12-07,20200.0,47,11
7212,4341,2023-04-25,23200.0,25,12
7213,5194,2024-01-05,29200.0,27,36
7214,5059,2026-05-01,47700.0,23,12
7215,5675,2024-06-04,37800.0,36,11
7216,637,2026-04-12,28300.0,0,24
7217,3885,2023-11-19,21800.0,52,11
7218,5711,2023-04-15,8500.0,0,11
7219,6729,2023-08-26,43900.0,3,11
7220,2089,2025-09-08,38800.0,17,11
7221,3636,2026-07-08,21500.0,18,11
7222,5091,2023-12-16,40500.0,32,36
7223,2392,2023-12-26,19500.0,25,11
7224,6009,2026-04-07,24200.0,10,12
7225,3294,2024-09-19,44200.0,5,11
7226,251,2025-07-16,34100.0,21,11
7227,2995,2025-06-08,43700.0,28,12
7228,5156,2023-07-11,34000.0,37,11
7229,992,2024-12-12,46900.0,34,12
7230,1356,2024-06-07,26000.0,34,11
7231,7346,2026-04-18,17600.0,9,12
7232,7083,2024-06-19,28200.0,41,12
7233,1001,2022-10-15,39700.0,45,11
7234,906,2023-01-19,29500.0,27,36
7235,3007,2024-04-18,38800.0,28,11
7236,2163,2026-07-08,60800.0,0,12
7237,2731,2024-10-13,36100.0,2,24
7238,5082,2026-06-14,41600.0,28,24
7239,7433,2024-01-27,12300.0,27,11
7240,7687,2024-12-19,34100.0,42,24
7241,1357,2025-03-08,21200.0,18,11
7242,476,2026-02-02,31300.0,19,11
7243,2031,2024-03-26,37300.0,46,24
7244,91,2025-03-19,24100.0,37,11
7245,538,2023-07-26,93900.0,19,11
7246,4864,2024-03-13,42200.0,20,12
7247,4153,2025-10-12,32500.0,8,36
7248,4942,2026-02-16,23500.0,28,24
7249,2835,2024-02-26,11500.0,38,24
7250,5079,2022-09-03,20900.0,11,11
7251,1724,2026-06-28,35300.0,9,12
7252,192,2023-09-30,27000.0,36,24
7253,2030,2025-04-26,37000.0,32,11
7254,3708,2026-03-23,29200.0,36,11
7255,7564,2025-08-14,31800.0,30,24
7256,2234,2024-05-11,41000.0,28,12
7257,4544,2025-08-14,31500.0,2,11
7258,7501,2023-06-18,15000.0,30,12
7259,1029,2025-06-24,39700.0,43,11
7260,3871,2025-02-16,28600.0,4,24
7261,6789,2022-12-01,33700.0,20,11
7262,4399,2025-05-23,47400.0,15,12
7263,4774,2023-10-08,44800.0,37,11
7264,4387,2025-01-15,37900.0,32,12
7265,2097,2024-01-16,19000.0,0,12
7266,6136,2024-06-29,39000.0,22,11
7267,3389,2025-05-23,41500.0,15,36
7268,1754,2022-10-01,45700.0,16,11
7269,313,2025-04-09,16300.0,13,11
7270,6837,2024-04-29,24100.0,10,12
7271,6330,2023-04-13,35100.0,55,12
7272,4642,2025-05-05,18900.0,61,11
7273,1288,2023-09-06,38500.0,35,11
7274,5077,2023-11-19,43200.0,45,11
7275,4024,2025-12-29,31200.0,41,12
7276,3348,2025-05-05,15200.0,0,11
7277,594,2023-10-01,31400.0,64,12
7278,5813,2023-04-10,18100.0,0,11
7279,2862,2023-09-25,26500.0,8,11
7280,5756,2024-08-02,29500.0,35,11
7281,7774,2022-09-24,21300.0,27,24
7282,363,2024-11-08,43500.0,8,11
7283,5943,2023-12-04,19700.0,34,11
7284,2932,2022-11-14,23200.0,25,24
7285,6302,2023-02-24,38900.0,23,24
7286,6023,2025-07-04,27600.0,19,12
7287,2055,2023-07-15,49400.0,15,12
7288,6382,2026-06-15,22800.0,7,11
7289,5051,2024-12-08,33300.0,39,12
7290,4100,2022-10-01,22400.0,21,24
7291,1661,2023-02-07,25000.0,24,11
7292,2826,2025-07-08,32700.0,33,24
7293,908,2024-08-26,34200.0,30,24
7294,6214,2022-12-31,19100.0,30,11
7295,6205,2025-09-02,20900.0,36,11
7296,5169,2023-03-18,45600.0,32,36
7297,5687,2023-07-13,42800.0,43,11
7298,7188,2024-01-21,42200.0,18,11
7299,5680,2024-10-31,51700.0,66,12
7300,744,2022-11-05,44000.0,11,11
7301,4053,2026-03-13,32600.0,17,11
7302,4808,2024-10-28,43000.0,28,12
7303,2559,2026-08-17,28900.0,54,11
7304,624,2022-10-14,67900.0,22,11
7305,3894,2025-04-30,13300.0,58,11
7306,6988,2026-06-03,43700.0,1,12
7307,6227,2024-02-05,18900.0,0,36
7308,1757,2023-07-05,37800.0,22,12
7309,7820,2024-06-17,23900.0,9,24
7310,4877,2025-12-25,42900.0,27,11
7311,5487,2023-06-04,29600.0,15,11
7312,6831,2024-03-31,43500.0,23,12
7313,1623,2022-09-19,35500.0,25,11
7314,7152,2025-03-06,26400.0,11,36
7315,1647,2024-06-07,70100.0,31,11
7316,914,2023-04-19,48000.0,14,11
7317,5681,2025-09-13,23800.0,27,11
7318,280,2022-12-01,54000.0,15,12
7319,4753,2023-11-28,38000.0,21,11
7320,1673,2024-02-27,47000.0,4,24
7321,2206,2025-01-24,23000.0,34,12
7322,2486,2025-04-10,55100.0,11,24
7323,3995,2024-02-08,56100.0,47,24
7324,4966,2025-06-03,41500.0,45,24
7325,3342,2024-12-16,38500.0,34,11
7326,7815,2026-03-23,34400.0,46,12
7327,6984,2024-01-18,28200.0,42,11
7328,1480,2024-08-11,34100.0,30,24
7329,4604,2024-11-27,9600.0,22,11
7330,5575,2025-01-29,54700.0,23,12
7331,1260,2024-02-12,25300.0,26,11
7332,4211,2024-02-08,32900.0,23,11
7333,689,2026-03-13,36000.0,62,12
7334,2716,2023-12-06,74600.0,29,11
7335,2072,2025-03-24,45200.0,15,11
7336,5446,2025-05-21,28000.0,38,11
7337,6280,2024-03-07,31600.0,10,36
7338,6993,2024-11-19,49500.0,32,12
7339,3846,2025-02-27,21700.0,48,11
7340,6029,2024-05-28,34400.0,38,12
7341,4730,2023-11-01,61900.0,19,11
7342,2082,2024-02-03,43600.0,10,11
7343,2707,2026-03-12,31300.0,27,12
7344,5896,2025-12-29,51800.0,31,11
7345,667,2026-03-23,35700.0,37,12
7346,166,2024-11-13,51100.0,30,12
7347,5056,2025-02-17,26600.0,32,11
7348,4696,2026-05-27,21600.0,31,11
7349,599,2025-05-23,35800.0,7,36
7350,4628,2023-02-27,46100.0,18,11
7351,2885,2026-01-17,44300.0,58,11
7352,4358,2026-03-22,31700.0,66,11
7353,6647,2023-03-17,41200.0,18,11
7354,7852,2026-05-14,29700.0,27,12
7355,1290,2026-05-27,44300.0,12,12
7356,72,2026-03-18,44700.0,36,12
7357,3600,2025-09-23,31500.0,28,12
7358,4857,2025-03-19,47800.0,12,11
7359,3665,2024-08-20,12400.0,46,12
7360,271,2025-09-25,30700.0,6,11
7361,1816,2022-12-06,29300.0,42,11
7362,2516,2025-03-26,41800.0,48,24
7363,1296,2023-01-07,44800.0,21,11
7364,1037,2022-11-26,25500.0,12,12
7365,2783,2025-02-24,40000.0,26,36
7366,1109,2023-05-17,9000.0,10,11
7367,4195,2023-10-31,32700.0,0,11
7368,5191,2026-04-07,72700.0,12,11
7369,6858,2024-08-06,40500.0,17,11
7370,410,2025-06-23,56300.0,15,36
7371,7538,2023-11-30,20100.0,52,11
7372,6176,2022-11-15,23500.0,7,11
7373,6298,2023-06-14,18800.0,0,36
7374,3148,2025-10-16,11600.0,8,11
7375,1004,2025-04-17,28400.0,20,12
7376,3688,2024-07-11,48800.0,35,36
7377,4589,2024-03-05,31400.0,0,11
7378,722,2025-02-15,24000.0,50,36
7379,2675,2023-09-06,28100.0,3,24
7380,5690,2023-06-11,24100.0,25,24
7381,4958,2024-09-07,23300.0,31,11
7382,6421,2025-09-24,37600.0,21,12
7383,1442,2023-03-14,73300.0,25,11
7384,7079,2026-06-09,62300.0,28,12
7385,5489,2023-05-22,24100.0,33,11
7386,4727,2025-07-19,19800.0,22,24
7387,1518,2025-05-14,52500.0,9,11
7388,6285,2023-08-08,30700.0,34,24
7389,3020,2025-07-12,37300.0,25,11
7390,6666,2022-12-31,18900.0,25,11
7391,4757,2023-04-23,41200.0,0,24
7392,3004,2026-08-08,33700.0,37,11
7393,7723,2026-02-22,31900.0,38,12
7394,4208,2023-10-11,25600.0,25,11
7395,4776,2025-07-31,28200.0,14,11
7396,7816,2023-04-29,36400.0,29,11
7397,7045,2023-06-08,32600.0,11,12
7398,1024,2025-09-22,35700.0,32,12
7399,2520,2023-07-27,54800.0,65,11
7400,7660,2025-03-17,20200.0,1,12
7401,2520,2025-10-23,54500.0,34,36
7402,1982,2022-09-21,51300.0,20,12
7403,1983,2023-08-21,39800.0,46,11
7404,1672,2023-05-04,12900.0,18,11
7405,1736,2025-07-01,20900.0,47,24
7406,6396,2025-12-04,49300.0,24,11
7407,4631,2026-03-28,10100.0,14,24
7408,2136,2024-01-30,33500.0,20,24
7409,1938,2025-12-15,37600.0,6,11
7410,6166,2023-04-17,46900.0,18,12
7411,5557,2024-07-18,23200.0,9,11
7412,6663,2023-11-26,30600.0,36,12
7413,4337,2024-11-27,21700.0,39,11
7414,3481,2025-06-18,48700.0,16,11
7415,6644,2023-10-06,22400.0,39,12
7416,1099,2025-11-26,59000.0,2,11
7417,5299,2025-01-23,48300.0,30,11
7418,2454,2023-08-24,43000.0,32,11
7419,5007,2023-03-07,28300.0,10,24
7420,7485,2026-04-11,22700.0,9,11
7421,3292,2023-07-31,24500.0,34,12
7422,4131,2023-04-01,37100.0,38,24
7423,7121,2023-11-04,21600.0,16,12
7424,1179,2022-08-31,29900.0,10,11
7425,2499,2024-11-05,54600.0,28,11
7426,2000,2025-01-04,30500.0,24,24
7427,7175,2026-06-14,29700.0,27,24
7428,4663,2025-10-05,15000.0,28,11
7429,5995,2023-06-13,24600.0,39,11
7430,6270,2023-11-05,33600.0,30,11
7431,3998,2026-06-27,25600.0,21,24
7432,823,2026-07-17,30600.0,30,11
7433,187,2023-09-06,32200.0,11,36
7434,5964,2024-08-22,24100.0,14,24
7435,4935,2024-02-07,30900.0,54,11
7436,6158,2022-11-28,16300.0,29,36
7437,5428,2023-06-29,51800.0,37,12
7438,5630,2025-09-13,31300.0,33,12
7439,4628,2025-02-15,42100.0,29,11
7440,7153,2025-05-26,21900.0,44,11
7441,1336,2026-03-15,55000.0,37,11
7442,2335,2024-05-05,22700.0,32,24
7443,5432,2024-04-18,30800.0,41,11
7444,5527,2023-05-18,24800.0,16,12
7445,4976,2023-08-04,43400.0,37,36
7446,771,2025-11-29,31800.0,12,11
7447,4327,2023-02-05,30600.0,23,11
7448,4999,2023-02-06,39600.0,34,36
7449,3945,2022-09-26,24400.0,17,11
7450,4366,2023-04-18,51000.0,48,11
7451,2256,2022-12-24,39700.0,0,12
7452,6477,2025-06-01,16000.0,29,11
7453,3642,2023-06-13,45800.0,0,11
7454,1615,2022-12-20,17800.0,37,24
7455,979,2023-07-12,10800.0,30,36
7456,3938,2023-01-01,41800.0,19,12
7457,6871,2025-01-01,15400.0,16,11
7458,3660,2023-11-09,25400.0,38,11
7459,893,2022-10-09,41300.0,23,24
7460,2471,2025-02-07,53900.0,21,12
7461,4294,2026-06-09,63100.0,18,11
7462,1022,2022-11-02,49700.0,40,11
7463,5361,2024-10-24,33000.0,47,24
7464,3467,2024-09-29,37300.0,31,12
7465,7273,2022-11-30,25200.0,9,12
7466,4160,2024-02-25,49200.0,26,11
7467,2909,2024-04-13,27200.0,2,11
7468,1514,2025-11-14,28400.0,42,11
7469,3382,2023-04-07,48000.0,9,11
7470,668,2023-02-06,24500.0,6,11
7471,7177,2024-12-03,42500.0,40,12
7472,5435,2025-05-03,27900.0,42,24
7473,2843,2026-02-09,50000.0,14,11
7474,426,2022-10-11,51700.0,55,11
7475,6860,2023-04-02,25000.0,56,11
7476,3767,2025-04-25,74200.0,31,24
7477,4366,2023-05-27,50200.0,7,11
7478,7705,2024-03-15,65800.0,18,12
7479,6449,2024-11-17,46300.0,38,12
7480,2770,2025-11-25,26700.0,50,12
7481,456,2023-06-18,24700.0,22,24
7482,2449,2024-05-27,38000.0,46,11
7483,2019,2023-03-29,24200.0,17,36
7484,1695,2025-09-03,11000.0,1,11
7485,2597,2026-02-27,45900.0,36,11
7486,6908,2025-02-19,55100.0,22,12
7487,3147,2024-08-03,36000.0,12,24
7488,3240,2026-08-07,45200.0,40,11
7489,3037,2026-07-12,40300.0,13,12
7490,2098,2025-06-24,68800.0,18,12
7491,290,2025-06-01,37600.0,27,11
7492,5861,2022-11-29,20100.0,11,24
7493,3297,2024-07-27,62800.0,47,11
7494,3945,2022-09-05,24700.0,49,24
7495,1478,2025-04-03,43000.0,39,12
7496,6136,2025-05-25,40500.0,29,11
7497,617,2026-03-29,19900.0,32,12
7498,4657,2023-01-01,40300.0,37,11
7499,1803,2023-02-04,29400.0,43,36
7500,1253,2024-08-28,23500.0,17,11
7501,1263,2025-09-07,52300.0,7,36
7502,1052,2023-10-18,35900.0,34,11
7503,2730,2023-12-02,30800.0,32,11
7504,6658,2026-02-06,42800.0,37,24
7505,4054,2023-01-30,36600.0,32,11
7506,4646,2025-07-10,30100.0,3,24
7507,5042,2025-10-05,41400.0,23,12
7508,3253,2022-09-22,23700.0,35,11
7509,3809,2026-03-08,47700.0,22,11
7510,5018,2023-08-18,38400.0,20,11
7511,5643,2026-06-11,46000.0,0,11
7512,7417,2023-09-08,14500.0,13,12
7513,5630,2024-02-08,31300.0,44,11
7514,5168,2022-09-29,41300.0,18,11
7515,1508,2024-08-09,33600.0,33,12
7516,2963,2023-08-29,21700.0,63,36
7517,824,2024-09-16,18200.0,1,12
7518,996,2025-09-17,35800.0,19,11
7519,2517,2024-01-05,27900.0,13,36
7520,738,2025-12-09,17900.0,15,24
7521,7829,2024-08-13,67200.0,42,36
7522,2556,2024-01-08,40300.0,0,11
7523,3445,2025-06-12,28300.0,14,12
7524,7860,2024-01-25,52700.0,56,11
7525,1244,2026-01-26,39600.0,48,36
7526,4145,2024-06-20,8500.0,27,12
7527,2246,2023-07-16,31000.0,32,12
7528,6124,2025-12-08,34100.0,12,36
7529,2869,2025-08-28,20600.0,38,11
7530,792,2023-06-21,75600.0,13,12
7531,990,2024-03-18,26700.0,6,24
7532,2873,2025-12-22,21700.0,30,36
7533,7299,2025-04-13,28300.0,13,24
7534,5757,2026-06-22,16300.0,41,11
7535,5635,2024-08-25,31600.0,1,11
7536,7639,2022-12-10,16700.0,35,11
7537,2170,2025-03-30,48000.0,20,12
7538,608,2026-01-16,36000.0,56,36
7539,3423,2025-08-11,22400.0,26,24
7540,226,2025-09-16,29000.0,47,11
7541,5772,2023-11-23,15100.0,7,11
7542,6387,2026-03-10,41600.0,0,24
7543,6531,2025-08-27,10800.0,0,36
7544,7554,2026-07-16,35900.0,15,12
7545,856,2026-07-08,36200.0,17,11
7546,1856,2026-06-13,44700.0,28,24
7547,4917,2025-09-02,36800.0,40,12
7548,1133,2024-12-04,23200.0,41,24
7549,125,2024-02-24,55900.0,19,24
7550,3326,2025-09-20,71600.0,34,12
7551,5303,2022-11-16,33500.0,48,11
7552,7368,2024-03-24,68800.0,16,36
7553,3001,2024-06-24,13800.0,34,11
7554,5496,2022-09-08,37500.0,3,24
7555,5971,2025-01-03,47300.0,21,11
7556,4219,2023-10-04,17800.0,22,11
7557,6561,2026-04-16,30400.0,57,11
7558,3042,2026-01-31,20300.0,25,12
7559,2061,2026-07-04,45600.0,26,11
7560,7559,2024-03-22,29500.0,16,36
7561,7570,2025-01-19,47200.0,43,12
7562,2468,2026-01-29,22000.0,27,12
7563,4695,2023-03-08,46100.0,12,12
7564,3169,2025-09-11,39800.0,37,24
7565,1645,2023-07-04,42100.0,48,11
7566,730,2024-06-23,34600.0,42,12
7567,3645,2022-10-01,41300.0,5,12
7568,1038,2023-01-24,22500.0,24,12
7569,3649,2025-05-11,48800.0,0,11
7570,5554,2024-09-21,34200.0,4,11
7571,4808,2022-09-02,43300.0,26,11
7572,4574,2022-09-27,29400.0,24,24
7573,6927,2024-08-12,20700.0,25,36
7574,2004,2026-04-14,8600.0,16,24
7575,1072,2023-09-24,23100.0,28,11
7576,1388,2022-10-29,15100.0,31,24
7577,3509,2024-04-25,24800.0,22,11
7578,116,2023-08-19,35600.0,44,11
7579,2140,2023-07-01,43800.0,50,11
7580,1842,2023-06-30,26700.0,36,12
7581,2194,2022-10-03,36700.0,1,12
7582,5701,2025-08-23,25000.0,34,11
7583,5765,2023-12-26,39200.0,31,12
7584,1656,2024-10-08,18800.0,37,24
7585,6687,2024-08-06,61400.0,22,11
7586,7535,2023-10-10,28700.0,41,11
7587,4888,2025-06-01,23900.0,0,11
7588,3020,2025-05-29,37000.0,56,11
7589,6789,2024-11-03,32600.0,32,36
7590,3880,2025-02-15,30400.0,24,12
7591,5690,2025-03-28,23900.0,5,12
7592,3011,2023-08-10,19700.0,13,12
7593,5818,2023-12-22,48400.0,23,24
7594,6538,2025-07-24,35100.0,45,24
7595,7139,2025-12-30,25400.0,0,11
7596,6395,2024-08-09,19600.0,37,24
7597,5017,2023-03-15,27900.0,34,12
7598,995,2026-01-14,39700.0,26,36
7599,6328,2023-12-07,22900.0,7,11
7600,3138,2024-10-19,51100.0,42,11
7601,5571,2025-05-27,25900.0,29,36
7602,798,2025-05-18,12100.0,11,11
7603,242,2024-11-01,34800.0,24,24
7604,5999,2023-12-26,26700.0,24,11
7605,1588,2023-09-24,46600.0,34,11
7606,4683,2023-11-25,59600.0,24,36
7607,1033,2026-02-11,31300.0,48,11
7608,187,2023-06-25,29700.0,32,11
7609,1923,2025-09-16,32200.0,11,12
7610,6945,2026-03-18,19600.0,23,11
7611,6542,2026-06-14,36800.0,19,11
7612,5161,2025-10-05,22800.0,40,11
7613,5606,2026-06-28,33300.0,41,11
7614,4691,2026-04-24,60100.0,20,12
7615,434,2024-09-16,23400.0,15,11
7616,240,2023-04-18,38200.0,29,36
7617,6584,2025-08-21,39300.0,8,11
7618,2396,2024-05-06,14500.0,22,36
7619,76,2024-10-20,52300.0,30,24
7620,1387,2026-04-08,50800.0,11,36
7621,6146,2024-10-28,38600.0,19,12
7622,7296,2024-08-03,30100.0,30,11
7623,6002,2024-03-21,30800.0,43,24
7624,6930,2024-11-18,43300.0,15,36
7625,7799,2025-03-04,41700.0,32,11
7626,5034,2023-03-20,40700.0,20,11
7627,2381,2023-08-06,29800.0,13,36
7628,4792,2022-09-13,24500.0,36,12
7629,6346,2023-09-01,57200.0,36,36
7630,7585,2023-07-29,56900.0,5,11
7631,6994,2023-08-28,26900.0,39,24
7632,1945,2024-02-02,29000.0,20,24
7633,6133,2023-11-17,50600.0,29,36
7634,4107,2024-04-26,50800.0,26,12
7635,4776,2025-10-31,30500.0,42,24
7636,7297,2024-09-13,28500.0,42,12
7637,5099,2025-08-02,61900.0,20,11
7638,2104,2026-05-29,11800.0,37,12
7639,141,2023-09-12,44300.0,21,24
7640,1829,2024-03-16,45700.0,18,24
7641,3711,2024-08-06,30700.0,35,36
7642,17,2022-12-27,35000.0,37,11
7643,5297,2022-10-15,39200.0,8,24
7644,4452,2023-07-19,24700.0,9,12
7645,470,2024-06-18,43100.0,32,11
7646,4575,2024-01-06,46500.0,35,12
7647,1869,2023-04-23,29300.0,21,11
7648,3100,2024-05-27,17300.0,4,11
7649,528,2024-03-25,34200.0,31,11
7650,6081,2023-02-13,66600.0,43,11
7651,90,2024-01-25,47900.0,43,36
7652,4923,2023-11-04,23800.0,9,11
7653,2915,2024-09-07,61600.0,9,11
7654,2907,2023-01-29,33300.0,31,12
7655,4832,2025-09-27,37100.0,20,12
7656,1926,2023-08-24,39300.0,45,12
7657,7496,2022-12-14,39100.0,24,11
7658,4265,2024-05-22,41700.0,50,24
7659,7939,2024-10-22,53100.0,31,11
7660,943,2025-06-17,30700.0,40,12
7661,3822,2025-06-24,28400.0,35,12
7662,6682,2025-06-12,39200.0,34,11
7663,6026,2026-03-14,45400.0,16,12
7664,987,2022-12-04,27100.0,21,24
7665,1120,2024-10-15,39200.0,37,11
7666,6253,2023-02-08,50600.0,19,24
7667,7501,2023-11-11,15600.0,33,11
7668,3273,2026-04-21,51600.0,15,11
7669,1435,2026-01-27,85700.0,18,11
7670,3447,2026-02-21,26600.0,18,24
7671,7091,2022-12-09,54700.0,32,11
7672,4390,2024-09-12,31300.0,34,36
7673,4075,2023-04-20,61800.0,11,11
7674,4427,2025-08-17,58400.0,0,11
7675,7756,2022-09-21,26800.0,28,24
7676,4107,2023-12-19,51500.0,31,12
7677,5678,2023-12-29,22100.0,33,11
7678,4661,2025-02-26,34100.0,24,11
7679,4820,2024-02-24,18100.0,32,24
7680,3165,2024-01-14,45900.0,27,11
7681,4253,2023-09-01,17500.0,37,11
7682,6441,2025-08-07,26700.0,45,12
7683,2119,2024-08-20,34500.0,3,11
7684,7634,2023-08-15,31500.0,32,36
7685,7309,2024-08-29,26100.0,19,12
7686,287,2023-08-28,29000.0,11,36
7687,5903,2026-01-11,24500.0,1,24
7688,6561,2025-09-30,29600.0,36,12
7689,5045,2026-01-06,42200.0,27,12
7690,5038,2023-07-24,37600.0,26,11
7691,1215,2024-06-10,43900.0,29,11
7692,4062,2026-08-03,26600.0,29,36
7693,3036,2025-11-10,44100.0,45,11
7694,4421,2023-06-05,53500.0,39,36
7695,798,2026-02-21,12100.0,8,12
7696,7467,2025-05-04,54500.0,10,11
7697,7262,2025-02-28,34200.0,10,11
7698,967,2023-11-22,12300.0,22,12
7699,4031,2026-08-08,39000.0,31,11
7700,7351,2026-01-09,43900.0,39,24
7701,45,2024-01-19,36100.0,0,36
7702,1852,2024-04-10,52300.0,35,11
7703,4671,2024-04-30,55600.0,16,24
7704,2126,2022-09-01,34000.0,31,24
7705,6942,2026-08-09,34600.0,35,11
7706,3582,2026-01-14,24100.0,11,11
7707,845,2023-01-02,32400.0,6,11
7708,1953,2026-06-15,24900.0,31,36
7709,6498,2025-03-17,44600.0,37,24
7710,6112,2023-03-09,45400.0,14,11
7711,2638,2024-08-14,33800.0,34,11
7712,704,2023-03-26,11600.0,45,12
7713,4113,2023-07-08,33000.0,9,12
7714,5609,2024-09-21,27800.0,17,12
7715,949,2025-10-31,22500.0,35,24
7716,5048,2024-07-08,24000.0,18,11
7717,7308,2023-09-14,33600.0,42,24
7718,6161,2023-02-19,20300.0,43,12
7719,5792,2023-01-11,29800.0,21,24
7720,6870,2026-01-23,52500.0,9,12
7721,7437,2026-07-01,26300.0,26,24
7722,6517,2024-05-31,34000.0,30,11
7723,3489,2026-02-14,32900.0,26,24
7724,6724,2023-06-19,25700.0,42,12
7725,148,2025-10-28,31000.0,7,11
7726,1055,2023-07-24,45400.0,42,12
7727,1341,2024-02-08,34000.0,14,11
7728,391,2025-10-11,17200.0,17,11
7729,3196,2022-11-08,40700.0,49,11
7730,1915,2024-12-15,34900.0,46,11
7731,3673,2025-12-25,32200.0,49,24
7732,933,2025-02-26,31200.0,37,12
7733,1920,2022-09-20,30400.0,18,24
7734,6926,2025-10-17,31400.0,0,24
7735,7913,2023-05-29,15200.0,23,12
7736,3836,2022-10-01,29700.0,60,11
7737,280,2025-07-01,53400.0,12,11
7738,2021,2024-12-05,27200.0,3,11
7739,1901,2024-04-04,23600.0,17,12
7740,3108,2026-04-23,53800.0,19,12
7741,3454,2024-01-28,15600.0,13,11
7742,6046,2024-10-22,38700.0,38,12
7743,6877,2022-11-29,34300.0,31,12
7744,6054,2024-04-12,35000.0,25,11
7745,6938,2025-05-28,41600.0,20,36
7746,4820,2023-09-03,18500.0,0,12
7747,5850,2026-03-14,53600.0,4,36
7748,2231,2025-09-23,16600.0,21,11
7749,4781,2022-09-17,50800.0,8,11
7750,1198,2023-09-25,19400.0,22,11
7751,497,2024-09-28,69500.0,55,24
7752,2580,2023-08-22,24700.0,11,11
7753,1210,2023-09-21,27500.0,52,11
7754,4583,2026-02-13,41700.0,22,11
7755,4358,2026-06-24,30900.0,15,11
7756,2542,2025-11-19,24400.0,8,12
7757,1918,2022-10-08,37500.0,9,11
7758,5427,2025-05-25,28700.0,19,11
7759,2516,2023-04-29,39800.0,17,11
7760,5579,2024-07-31,41100.0,2,12
7761,1667,2024-11-30,45000.0,12,24
7762,5419,2025-06-26,27000.0,13,11
7763,290,2024-12-09,34900.0,21,12
7764,6078,2026-02-20,40500.0,23,12
7765,4382,2023-02-17,27100.0,48,12
7766,1951,2025-11-17,48900.0,24,24
7767,1189,2025-01-03,47500.0,22,11
7768,130,2024-01-21,24100.0,46,11
7769,6470,2023-10-10,71400.0,4,11
7770,2415,2025-08-18,44200.0,18,11
7771,6108,2024-05-05,24500.0,19,12
7772,144,2023-12-14,36000.0,2,36
7773,16,2023-03-09,56000.0,24,12
7774,7625,2022-12-21,34700.0,21,36
7775,6706,2025-08-07,28900.0,36,11
7776,246,2025-06-02,41200.0,5,12
7777,944,2026-01-01,18500.0,36,11
7778,3254,2025-06-05,28100.0,24,11
7779,7409,2024-01-18,16800.0,12,11
7780,2225,2024-05-16,26700.0,27,24
7781,5114,2024-07-13,26200.0,19,24
7782,904,2023-04-23,22900.0,50,11
7783,343,2022-08-31,43800.0,20,11
7784,2096,2022-09-06,31000.0,50,11
7785,3481,2024-04-17,49800.0,33,12
7786,5652,2026-05-10,21800.0,11,36
7787,4042,2026-03-10,34500.0,25,12
7788,308,2026-03-09,50900.0,12,11
7789,925,2025-07-04,14900.0,54,11
7790,2712,2022-11-25,17800.0,9,11
7791,3880,2026-08-09,33200.0,16,11
7792,7546,2023-06-15,37600.0,27,12
7793,4136,2023-11-10,44800.0,6,11
7794,1402,2024-12-14,30100.0,38,11
7795,7289,2025-10-07,24900.0,17,11
7796,323,2025-06-03,30500.0,19,12
7797,4760,2023-11-28,31800.0,8,11
7798,4153,2023-05-16,33200.0,55,12
7799,5419,2023-11-20,29300.0,45,11
7800,6906,2023-02-07,27500.0,38,36
7801,7003,2024-04-08,33000.0,17,12
7802,5628,2023-06-26,40000.0,16,11
7803,5861,2023-07-19,20900.0,28,24
7804,1159,2023-04-14,42300.0,16,24
7805,2635,2023-09-30,33200.0,48,11
7806,6692,2025-07-24,23300.0,34,11
7807,4136,2025-01-21,43000.0,4,11
7808,3450,2025-07-04,35000.0,14,11
7809,833,2025-05-19,26700.0,22,11
7810,5409,2025-05-14,43300.0,8,11
7811,7654,2022-10-26,26700.0,21,11
7812,6779,2022-12-30,47800.0,25,11
7813,7516,2022-09-07,30300.0,44,24
7814,12,2024-11-09,30400.0,41,11
7815,195,2026-06-02,28500.0,21,11
7816,2593,2023-02-19,41300.0,41,11
7817,2906,2025-06-25,42400.0,25,11
7818,7176,2023-10-08,10900.0,27,36
7819,2279,2025-04-04,14500.0,18,12
7820,3081,2024-06-05,18500.0,0,11
7821,4858,2026-06-10,44700.0,19,12
7822,6144,2025-08-01,16900.0,39,12
7823,7639,2023-08-04,17300.0,42,11
7824,6984,2026-01-22,29600.0,17,12
7825,2122,2026-02-16,34000.0,19,24
7826,5839,2025-09-29,38200.0,47,11
7827,3958,2026-05-24,32000.0,34,11
7828,5331,2023-11-03,18600.0,12,11
7829,7704,2023-10-05,33700.0,64,11
7830,4984,2025-06-06,26600.0,43,11
7831,447,2026-01-17,21600.0,56,36
7832,300,2023-04-30,13500.0,0,24
7833,5015,2025-06-15,24400.0,31,12
7834,5981,2025-03-07,80700.0,41,11
7835,860,2026-03-11,38800.0,15,11
7836,1037,2023-08-13,23600.0,17,36
7837,1415,2025-06-27,57700.0,25,11
7838,1428,2025-09-23,27600.0,56,11
7839,562,2025-10-13,34400.0,0,11
7840,2401,2026-03-07,83300.0,42,12
7841,4620,2026-03-15,33000.0,48,36
7842,1297,2023-06-11,31800.0,56,24
7843,1288,2023-06-27,41200.0,13,12
7844,7860,2023-04-23,51800.0,0,11
7845,185,2024-10-09,32100.0,19,12
7846,4668,2024-07-09,54600.0,29,11
7847,7048,2024-01-26,17500.0,22,12
7848,2462,2024-04-03,51900.0,20,11
7849,5523,2024-08-07,33700.0,25,11
7850,5795,2026-08-10,41700.0,22,11
7851,4535,2023-02-18,75500.0,42,11
7852,2259,2023-06-20,19300.0,0,11
7853,7481,2026-04-22,22900.0,67,12
7854,5716,2024-04-16,50000.0,28,24
7855,3757,2023-12-08,38200.0,27,12
7856,7645,2023-09-24,57500.0,25,11
7857,6284,2024-06-16,65200.0,4,11
7858,5666,2025-06-23,48000.0,29,12
7859,7394,2023-01-07,20400.0,29,36
7860,4789,2022-12-18,41600.0,32,24
7861,1923,2024-09-14,30800.0,35,11
7862,4397,2023-02-25,31400.0,41,11
7863,530,2025-07-19,38800.0,32,11
7864,1929,2026-07-28,31500.0,30,11
7865,2608,2025-12-23,39400.0,25,12
7866,3897,2026-02-04,46800.0,10,11
7867,5931,2026-06-22,28700.0,14,12
7868,4994,2026-06-22,23100.0,50,12
7869,7360,2025-05-02,30500.0,30,36
7870,4249,2024-09-20,25500.0,14,11
7871,4779,2025-01-04,25400.0,0,11
7872,4520,2022-12-04,26600.0,23,36
7873,5677,2025-07-09,38800.0,47,11
7874,7964,2022-08-22,21700.0,19,11
7875,3563,2025-07-18,18100.0,2,12
7876,6262,2023-02-12,25800.0,26,36
7877,5131,2026-08-03,62800.0,22,12
7878,1440,2023-02-10,15700.0,33,36
7879,1732,2023-11-02,30700.0,51,24
7880,4770,2024-03-28,28500.0,23,24
7881,5312,2023-08-26,34600.0,32,11
7882,7515,2025-06-26,44800.0,16,11
7883,7608,2022-12-17,48200.0,50,24
7884,535,2023-01-17,44500.0,10,11
7885,6811,2024-12-18,33500.0,31,36
7886,2719,2024-08-26,25000.0,31,11
7887,7477,2022-11-16,74000.0,29,11
7888,7663,2024-12-09,14000.0,30,11
7889,2221,2024-02-01,36800.0,22,24
7890,5078,2023-11-06,40100.0,45,24
7891,282,2025-07-23,48500.0,20,24
7892,3035,2023-11-04,68700.0,39,11
7893,4070,2026-04-22,72700.0,50,12
7894,2728,2023-06-27,61500.0,38,11
7895,2960,2025-07-23,23300.0,14,12
7896,6113,2025-09-17,35700.0,43,11
7897,7986,2024-09-12,13600.0,25,11
7898,1790,2024-10-26,30000.0,24,24
7899,4074,2025-03-28,58200.0,9,11
7900,4877,2023-12-24,39500.0,49,12
7901,5365,2025-06-22,40000.0,1,11
7902,2413,2023-08-07,29600.0,25,24
7903,4531,2026-08-19,10300.0,11,11
7904,5387,2025-04-23,21800.0,11,12
7905,6264,2026-07-07,29100.0,38,12
7906,5696,2024-11-14,51400.0,25,24
7907,4225,2025-12-27,24400.0,45,12
7908,1746,2025-07-18,25600.0,17,11
7909,5662,2024-06-19,40200.0,31,12
7910,7343,2022-11-10,37400.0,33,12
7911,6482,2024-11-15,44600.0,33,11
7912,2745,2026-03-08,44100.0,4,11
7913,2962,2025-03-01,46800.0,21,12
7914,5597,2023-12-30,29600.0,17,12
7915,4639,2023-04-29,18900.0,21,24
7916,2838,2026-05-11,26500.0,48,24
7917,1147,2023-04-06,52000.0,24,11
7918,3059,2025-08-21,21500.0,3,11
7919,4359,2025-07-17,44300.0,42,24
7920,4340,2024-11-07,19700.0,39,36
7921,7856,2022-10-03,36900.0,41,11
7922,6574,2026-07-05,34900.0,25,11
7923,195,2025-08-26,30700.0,39,24
7924,673,2024-04-04,16500.0,0,36
7925,486,2024-12-02,45600.0,24,24
7926,4314,2024-12-22,42100.0,31,24
7927,1454,2025-02-02,39400.0,27,12
7928,6990,2025-04-18,15600.0,10,11
7929,5174,2024-04-12,57400.0,0,36
7930,7777,2022-09-17,33600.0,7,11
7931,2768,2024-10-18,34000.0,6,12
7932,3251,2024-01-28,24900.0,14,12
7933,5999,2025-07-05,28000.0,11,12
7934,5704,2023-06-12,31100.0,29,12
7935,3902,2026-08-09,34500.0,12,36
7936,2058,2025-12-13,21900.0,56,12
7937,3877,2025-03-21,28600.0,38,11
7938,4913,2024-01-29,36300.0,13,11
7939,2497,2022-11-20,68100.0,3,11
7940,929,2023-11-12,45400.0,32,11
7941,5577,2025-08-31,27600.0,46,12
7942,7302,2025-04-22,22900.0,23,24
7943,7925,2023-03-03,53700.0,30,11
7944,3293,2023-01-25,36500.0,26,12
7945,2416,2025-07-02,35000.0,34,12
7946,5954,2025-12-13,26200.0,16,12
7947,3714,2023-05-23,13400.0,9,12
7948,6044,2026-08-09,24800.0,39,11
7949,7853,2024-07-10,29400.0,49,24
7950,5798,2025-12-17,35200.0,17,11
7951,3556,2025-08-18,37000.0,0,11
7952,692,2026-01-02,35600.0,17,12
7953,5550,2022-09-19,25400.0,37,11
7954,6781,2022-10-27,40800.0,12,11
7955,4757,2023-08-14,41100.0,50,11
7956,619,2024-09-17,46100.0,15,11
7957,2204,2022-11-16,66200.0,12,12
7958,3957,2025-02-27,30900.0,33,11
7959,375,2025-08-22,26900.0,9,12
7960,7150,2024-04-20,40400.0,15,12
7961,625,2025-06-27,19100.0,4,24
7962,7062,2025-09-08,59400.0,21,24
7963,6137,2025-08-21,52300.0,35,12
7964,2304,2026-05-23,24300.0,29,24
7965,5054,2023-07-14,21300.0,32,24
7966,4232,2022-10-12,60000.0,10,12
7967,882,2025-11-01,39800.0,13,36
7968,1296,2025-10-23,44900.0,34,36
7969,7610,2025-06-16,26500.0,37,12
7970,5596,2024-11-30,36300.0,12,11
7971,799,2026-03-11,12400.0,8,12
7972,4676,2024-09-10,25000.0,25,11
7973,4272,2023-09-22,32700.0,6,24
7974,5346,2023-09-20,16500.0,34,12
7975,2287,2023-04-02,26600.0,30,11
7976,4148,2025-05-31,6400.0,20,11
7977,5007,2024-05-16,31200.0,27,11
7978,953,2025-07-10,23000.0,14,36
7979,4073,2024-10-18,23600.0,7,24
7980,6531,2026-02-04,11100.0,25,36
7981,2389,2026-05-15,42000.0,29,12
7982,5888,2023-05-04,38800.0,15,36
7983,7522,2024-04-09,26800.0,8,11
7984,328,2022-11-14,19600.0,30,11
7985,1569,2024-07-13,30600.0,34,11
7986,3564,2023-10-12,45000.0,21,24
7987,7933,2026-02-01,19600.0,12,12
7988,3952,2025-11-18,41300.0,16,11
7989,2029,2024-03-19,53000.0,39,36
7990,6187,2024-05-26,28000.0,16,24
7991,5044,2024-05-04,18800.0,20,11
7992,4709,2024-03-19,42300.0,31,36
7993,2840,2025-05-05,32300.0,38,24
7994,7927,2022-12-29,36700.0,19,11
7995,6346,2025-01-09,56800.0,10,11
7996,1298,2023-04-10,35600.0,47,36
7997,651,2023-01-17,12600.0,20,11
7998,7235,2026-08-16,38200.0,32,11
7999,6099,2023-09-20,41000.0,24,24
8000,4810,2024-07-16,23700.0,13,11
8001,7913,2024-01-13,15400.0,34,36
8002,6181,2026-01-26,32900.0,7,12
8003,4172,2025-11-10,23800.0,23,11
8004,4767,2023-05-30,37400.0,25,12
8005,1398,2023-12-20,35400.0,44,11
8006,4136,2023-03-01,45700.0,17,12
8007,6328,2023-03-25,23100.0,18,12
8008,5974,2023-05-18,49100.0,10,11
8009,2632,2026-07-14,22700.0,4,36
8010,6899,2024-03-22,38900.0,23,12
8011,3688,2026-08-07,49600.0,18,12
8012,1616,2023-07-15,29500.0,20,11
8013,2030,2023-07-02,35800.0,3,12
8014,2290,2026-01-05,53200.0,15,11
8015,4059,2024-03-10,98100.0,20,11
8016,2151,2026-06-10,41500.0,28,12
8017,7762,2023-08-28,35600.0,20,11
8018,7432,2023-04-28,44300.0,15,12
8019,129,2026-05-04,42300.0,12,11
8020,6093,2026-06-11,14800.0,37,11
8021,4909,2023-07-11,35600.0,35,24
8022,4090,2022-09-03,13900.0,19,11
8023,868,2026-04-11,44800.0,46,24
8024,7649,2025-09-01,52300.0,38,11
8025,4197,2026-08-18,25200.0,20,12
8026,2121,2024-06-24,24200.0,14,24
8027,5348,2025-09-25,40900.0,41,11
8028,3065,2023-08-31,54400.0,34,11
8029,3832,2025-09-04,26900.0,63,11
8030,6406,2025-07-25,31000.0,24,36
8031,6464,2023-07-17,27000.0,26,36
8032,5918,2022-12-24,16100.0,36,12
8033,2818,2024-09-10,27700.0,17,36
8034,5717,2023-03-22,18100.0,10,11
8035,7687,2023-03-24,33200.0,10,24
8036,7525,2024-06-29,71600.0,3,12
8037,6489,2025-08-11,42700.0,9,11
8038,1682,2024-02-08,35400.0,24,12
8039,4475,2023-02-18,11600.0,14,36
8040,3220,2025-06-19,49500.0,26,11
8041,5922,2023-06-08,16400.0,38,11
8042,6016,2025-09-03,13000.0,44,24
8043,244,2024-12-06,27500.0,2,11
8044,4179,2026-07-26,21900.0,23,12
8045,7423,2022-11-18,32200.0,20,11
8046,7284,2025-10-29,50700.0,17,12
8047,6975,2025-12-30,48900.0,14,12
8048,171,2026-02-25,43600.0,26,36
8049,663,2024-03-25,33200.0,42,12
8050,6155,2026-05-01,53200.0,52,12
8051,6464,2024-04-07,24700.0,37,11
8052,3596,2026-05-10,34900.0,0,36
8053,5321,2023-05-30,40900.0,52,12
8054,1532,2024-08-08,53900.0,14,12
8055,2144,2023-07-22,47600.0,29,11
8056,2206,2026-08-09,23900.0,25,36
8057,2016,2023-02-25,27000.0,30,24
8058,7172,2024-10-06,50900.0,25,24
8059,4016,2024-01-20,41600.0,32,11
8060,5277,2024-03-26,19400.0,19,12
8061,2309,2025-09-22,43600.0,30,11
8062,4133,2025-09-19,42600.0,30,11
8063,2079,2023-07-23,66700.0,29,36
8064,3351,2023-03-12,34700.0,0,12
8065,874,2025-10-12,53900.0,15,11
8066,3911,2026-01-19,16900.0,23,11
8067,6915,2023-07-06,39100.0,25,11
8068,1073,2025-04-30,28400.0,15,12
8069,4083,2023-05-19,21200.0,29,11
8070,301,2025-08-21,44200.0,28,11
8071,7398,2023-06-19,26300.0,40,24
8072,941,2022-10-10,29600.0,28,24
8073,4328,2025-11-15,31300.0,27,12
8074,5254,2025-07-03,35200.0,40,11
8075,6723,2025-12-06,13200.0,0,12
8076,4407,2025-07-26,40500.0,22,12
8077,2862,2025-06-28,26300.0,46,11
8078,5793,2022-11-05,41500.0,37,36
8079,6718,2024-10-21,31900.0,14,12
8080,4986,2024-12-20,38900.0,29,12
8081,5445,2023-03-16,23300.0,4,12
8082,4156,2023-06-19,22800.0,29,12
8083,6722,2026-05-17,57200.0,2,36
8084,4139,2022-10-08,32400.0,18,11
8085,1843,2025-08-09,24400.0,1,24
8086,2774,2022-09-05,15900.0,4,11
8087,5276,2023-06-04,41000.0,26,11
8088,4610,2023-07-26,66300.0,54,12
8089,7849,2025-09-05,30800.0,34,12
8090,2917,2025-05-13,16200.0,0,12
8091,2715,2025-02-28,35400.0,14,36
8092,4626,2024-10-13,58600.0,8,36
8093,3428,2025-11-16,32200.0,49,24
8094,1504,2023-06-23,33500.0,61,12
8095,3019,2023-10-04,31100.0,29,11
8096,959,2024-03-24,14400.0,0,24
8097,1951,2025-09-12,46000.0,1,11
8098,4945,2022-12-18,47200.0,22,11
8099,5611,2024-01-28,22600.0,33,11
8100,1271,2024-07-31,15500.0,38,11
8101,5819,2024-10-27,11200.0,19,11
8102,5471,2026-04-27,29800.0,25,11
8103,4527,2023-09-17,49900.0,33,24
8104,1498,2023-07-06,29100.0,29,11
8105,6326,2023-01-14,40000.0,48,12
8106,4049,2024-09-23,19700.0,18,11
8107,2010,2025-06-23,21600.0,52,11
8108,379,2025-02-20,52800.0,4,11
8109,265,2025-08-23,18500.0,34,11
8110,4466,2025-05-19,56700.0,36,12
8111,6640,2023-02-02,37500.0,26,36
8112,3471,2026-06-07,54800.0,16,11
8113,3478,2024-12-01,50200.0,24,24
8114,1988,2024-03-05,21700.0,7,24
8115,7994,2022-09-13,33100.0,44,12
8116,1936,2026-07-17,40000.0,23,12
8117,6122,2025-02-22,29500.0,41,11
8118,6941,2023-10-26,30500.0,23,11
8119,3719,2026-01-04,24100.0,8,11
8120,1690,2024-01-22,36300.0,19,11
8121,5663,2023-11-04,31400.0,49,12
8122,4235,2025-12-17,29400.0,8,11
8123,3983,2023-03-18,34200.0,26,11
8124,609,2024-02-08,13000.0,43,24
8125,4923,2025-04-18,23700.0,12,11
8126,1956,2024-10-16,16000.0,36,11
8127,1320,2023-07-11,33100.0,18,11
8128,610,2025-02-11,46700.0,22,12
8129,384,2023-04-06,28300.0,22,11
8130,4309,2023-10-16,30700.0,15,12
8131,3722,2023-12-05,20600.0,23,11
8132,2211,2025-06-27,31700.0,30,12
8133,7958,2025-02-24,42500.0,42,24
8134,4459,2024-06-07,21400.0,28,24
8135,1125,2025-03-23,53500.0,43,11
8136,5722,2026-08-06,20800.0,9,11
8137,6585,2025-01-16,33200.0,29,12
8138,6279,2024-09-21,24100.0,9,11
8139,369,2024-01-31,20800.0,42,36
8140,5877,2023-06-14,54500.0,24,24
8141,2627,2025-07-15,33800.0,9,12
8142,3502,2023-03-02,30200.0,31,11
8143,5680,2026-08-08,50500.0,52,11
8144,6249,2023-06-27,22500.0,19,11
8145,7536,2025-11-04,29800.0,42,12
8146,2530,2022-10-14,26800.0,10,11
8147,805,2025-01-17,21200.0,17,11
8148,3653,2025-02-01,41400.0,28,11
8149,7866,2025-01-23,23500.0,0,24
8150,759,2026-04-15,26400.0,44,24
8151,6648,2025-05-05,23300.0,28,24
8152,315,2024-09-14,80300.0,30,36
8153,4739,2023-07-04,27100.0,3,12
8154,938,2023-06-24,23400.0,44,11
8155,1103,2025-05-29,35000.0,49,12
8156,7867,2022-09-22,27200.0,20,11
8157,5709,2023-04-18,16100.0,25,12
8158,7160,2025-01-03,41100.0,20,11
8159,7485,2024-02-17,24700.0,0,36
8160,2893,2024-12-16,36500.0,25,12
8161,2433,2025-04-30,66800.0,33,11
8162,3703,2026-06-28,38700.0,3,11
8163,813,2025-10-28,20300.0,26,11
8164,4547,2025-10-01,64200.0,40,11
8165,275,2025-05-10,30400.0,18,36
8166,3082,2025-07-17,36900.0,51,36
8167,4923,2023-02-22,22000.0,25,24
8168,1813,2022-09-06,64700.0,23,11
8169,7739,2024-05-17,30900.0,30,36
8170,2603,2026-02-21,53800.0,40,11
8171,3240,2025-07-30,46400.0,30,11
8172,4888,2024-09-23,26000.0,30,11
8173,6353,2025-03-08,38900.0,30,12
8174,4824,2025-09-14,46700.0,33,11
8175,6264,2024-03-31,30800.0,49,12
8176,7538,2024-06-18,19800.0,10,12
8177,964,2026-08-06,25300.0,18,36
8178,6639,2024-08-11,26200.0,31,36
8179,2724,2024-07-08,35100.0,19,11
8180,514,2026-02-12,28400.0,26,36
8181,5801,2025-12-12,35800.0,26,36
8182,7502,2024-12-10,30100.0,35,11
8183,6864,2024-10-05,46600.0,19,11
8184,7568,2023-08-15,43000.0,22,11
8185,245,2024-11-14,22600.0,14,24
8186,513,2024-01-25,39000.0,27,11
8187,4621,2025-02-04,18500.0,19,12
8188,7643,2026-03-13,22200.0,13,11
8189,3234,2022-08-21,34500.0,19,11
8190,6494,2024-09-29,53700.0,28,36
8191,7815,2023-05-17,36400.0,27,12
8192,3675,2023-03-22,36800.0,36,11
8193,7601,2024-07-06,40200.0,43,11
8194,1914,2023-04-23,38600.0,0,36
8195,3881,2023-01-17,58600.0,52,12
8196,7306,2024-01-16,50100.0,34,11
8197,1220,2025-09-02,28400.0,17,36
8198,4529,2023-08-08,35700.0,25,11
8199,4852,2025-05-05,48100.0,26,12
8200,1496,2023-10-24,34000.0,16,12
8201,394,2024-12-03,33000.0,16,11
8202,5738,2026-07-30,24800.0,27,12
8203,4580,2023-07-18,13100.0,16,36
8204,3460,2025-01-18,67800.0,54,12
8205,4945,2025-02-03,46800.0,44,24
8206,6234,2026-04-20,11300.0,23,36
8207,5027,2023-10-16,36100.0,26,24
8208,684,2023-06-09,17400.0,20,11
8209,2617,2024-11-19,36100.0,16,11
8210,5992,2023-12-01,26700.0,30,36
8211,7244,2025-08-11,26300.0,38,11
8212,1239,2024-04-16,58300.0,8,11
8213,947,2024-05-17,35500.0,8,11
8214,1574,2025-04-13,8400.0,16,11
8215,930,2024-02-08,24200.0,12,11
8216,654,2022-12-06,24500.0,36,24
8217,4626,2022-11-13,58900.0,41,12
8218,509,2024-08-05,34000.0,24,12
8219,742,2022-10-04,43100.0,28,11
8220,1311,2023-03-26,21100.0,20,11
8221,7838,2026-01-16,18200.0,22,24
8222,2164,2022-09-11,49900.0,15,24
8223,6764,2023-03-21,29900.0,24,24
8224,7499,2025-11-10,34300.0,36,12
8225,4657,2024-07-03,38500.0,40,12
8226,6465,2023-06-14,17100.0,20,11
8227,4490,2025-04-27,23400.0,25,11
8228,7846,2023-07-09,49400.0,66,12
8229,3925,2025-08-09,35300.0,26,11
8230,937,2023-04-22,20700.0,35,12
8231,4144,2025-07-30,28000.0,29,11
8232,2390,2025-04-05,34700.0,2,12
8233,6192,2024-06-23,47100.0,20,12
8234,769,2025-07-06,28700.0,4,12
8235,5878,2025-12-09,33600.0,1,12
8236,6055,2023-04-25,30800.0,28,36
8237,5523,2025-07-21,34200.0,3,11
8238,5786,2023-10-10,28100.0,56,12
8239,1911,2024-08-26,59200.0,53,12
8240,4576,2023-09-15,22200.0,22,36
8241,7986,2023-06-28,15000.0,5,36
8242,5393,2026-07-21,9900.0,13,11
8243,515,2024-05-03,30800.0,31,24
8244,1467,2024-03-13,36400.0,20,11
8245,2632,2025-10-27,23300.0,60,12
8246,3509,2024-12-14,25300.0,37,11
8247,567,2022-10-07,63600.0,47,11
8248,7508,2022-09-04,45000.0,35,11
8249,3175,2024-10-29,34300.0,34,12
8250,6540,2024-05-10,20900.0,19,11
8251,4620,2025-07-06,32500.0,26,24
8252,5771,2025-07-17,63200.0,33,12
8253,3707,2025-08-16,21600.0,56,12
8254,4503,2023-06-19,72300.0,12,11
8255,5150,2026-01-25,69400.0,40,11
8256,4151,2023-04-02,30100.0,0,24
8257,7360,2023-11-15,30700.0,20,36
8258,7814,2026-04-30,69500.0,32,11
8259,3801,2024-06-03,21600.0,30,11
8260,6830,2025-09-16,23600.0,45,12
8261,7998,2026-03-07,46700.0,25,36
8262,1330,2025-02-22,20100.0,58,11
8263,7524,2023-06-04,22800.0,9,11
8264,5300,2024-07-05,10100.0,0,11
8265,2203,2024-01-24,33200.0,35,12
8266,6548,2024-02-01,49000.0,0,12
8267,6499,2026-05-23,27700.0,41,11
8268,6048,2022-12-31,19000.0,41,36
8269,5772,2026-08-07,15300.0,32,24
8270,7411,2025-10-24,27100.0,9,11
8271,705,2025-10-12,65800.0,0,24
8272,4454,2025-02-05,15300.0,56,11
8273,1511,2022-09-22,4100.0,2,11
8274,6533,2023-06-05,19100.0,32,12
8275,258,2023-01-08,39600.0,46,11
8276,2484,2024-04-17,36300.0,37,11
8277,445,2026-04-18,27800.0,32,12
8278,1923,2025-09-19,30600.0,20,11
8279,2704,2025-04-05,32100.0,20,12
8280,5325,2024-02-05,62900.0,42,11
8281,3908,2026-06-07,41800.0,13,12
8282,6672,2023-01-23,45800.0,4,11
8283,4783,2023-10-11,27900.0,25,11
8284,7365,2025-08-21,39800.0,22,12
8285,1774,2025-11-22,43300.0,23,36
8286,3823,2025-06-30,42500.0,29,36
8287,2703,2024-04-22,25700.0,50,12
8288,19,2026-06-24,17400.0,0,12
8289,1152,2025-12-22,26600.0,36,12
8290,4078,2023-08-27,36600.0,11,12
8291,2712,2024-08-10,17800.0,17,11
8292,5598,2023-06-27,31700.0,22,12
8293,5784,2026-06-23,46300.0,7,36
8294,2125,2023-07-27,51100.0,24,11
8295,6216,2024-05-24,18200.0,8,11
8296,7550,2024-10-30,64100.0,12,11
8297,1582,2022-11-11,31100.0,32,12
8298,7958,2025-09-19,41900.0,38,36
8299,878,2026-03-15,32800.0,9,36
8300,155,2025-06-24,46700.0,11,11
8301,3578,2023-02-27,32500.0,19,36
8302,922,2026-05-29,36600.0,0,12
8303,1297,2022-10-02,28500.0,45,11
8304,408,2023-12-17,20000.0,15,11
8305,859,2024-05-19,56200.0,19,11
8306,1822,2026-04-22,25900.0,26,36
8307,1599,2022-12-26,37800.0,16,12
8308,1212,2023-05-26,40200.0,21,11
8309,759,2024-10-20,26000.0,35,11
8310,1763,2026-03-18,22700.0,17,11
8311,3266,2025-08-05,26900.0,14,12
8312,273,2024-05-27,36200.0,31,11
8313,4975,2025-01-02,21600.0,53,24
8314,5935,2026-04-28,28300.0,6,24
8315,5729,2024-10-16,27900.0,12,11
8316,4048,2023-07-31,32100.0,10,24
8317,172,2024-05-31,27000.0,41,11
8318,276,2023-08-13,43600.0,42,11
8319,2357,2023-09-09,26200.0,0,11
8320,1186,2022-10-22,48400.0,13,11
8321,1744,2025-11-29,16400.0,14,36
8322,1810,2024-08-31,53700.0,25,12
8323,425,2025-02-09,33800.0,39,11
8324,5663,2024-08-24,30200.0,23,12
8325,1237,2024-03-19,35000.0,22,11
8326,6645,2025-08-15,43900.0,25,36
8327,7933,2022-11-12,20500.0,4,24
8328,6660,2023-08-05,32100.0,42,36
8329,7849,2024-09-05,30000.0,23,12
8330,4781,2024-11-30,47200.0,43,11
8331,908,2024-12-31,34800.0,36,11
8332,4925,2025-04-29,24100.0,45,11
8333,3347,2023-10-03,31400.0,22,24
8334,5088,2025-11-04,37100.0,17,12
8335,5333,2026-06-11,25700.0,29,12
8336,6893,2023-04-18,21200.0,37,11
8337,6231,2026-05-10,48100.0,26,36
8338,6294,2023-10-29,21600.0,33,11
8339,1506,2026-02-18,34200.0,4,36
8340,3323,2024-01-25,32400.0,42,12
8341,4582,2024-09-29,36300.0,26,11
8342,2230,2025-01-05,52900.0,25,11
8343,1480,2023-05-05,32800.0,49,11
8344,3169,2023-01-30,39400.0,16,24
8345,6789,2025-11-30,33200.0,23,11
8346,3336,2025-05-18,33700.0,24,24
8347,3232,2024-03-10,38100.0,32,24
8348,1626,2025-12-03,40300.0,33,11
8349,6007,2024-08-25,73700.0,18,11
8350,4336,2022-11-20,23500.0,15,11
8351,6107,2024-09-19,64200.0,10,36
8352,4074,2022-10-24,52700.0,23,11
8353,5922,2023-12-15,16800.0,11,11
8354,1466,2023-11-16,24700.0,13,12
8355,225,2025-02-13,31500.0,43,11
8356,220,2024-02-28,19700.0,23,24
8357,4374,2022-08-21,27800.0,17,24
8358,1692,2023-10-31,49500.0,26,11
8359,4632,2025-11-04,23700.0,37,11
8360,267,2023-06-25,33000.0,17,11
8361,971,2024-03-29,30500.0,11,11
8362,4628,2024-05-25,47300.0,83,24
8363,3821,2024-06-21,40000.0,53,12
8364,6698,2025-07-28,13700.0,0,11
8365,7778,2024-12-18,37200.0,41,24
8366,2836,2025-04-05,14100.0,33,24
8367,6473,2026-02-27,18100.0,27,11
8368,5796,2024-05-03,48600.0,13,12
8369,3199,2023-05-19,26900.0,23,11
8370,486,2023-02-05,46500.0,27,11
8371,3598,2023-12-26,30200.0,17,11
8372,1384,2026-07-29,21700.0,5,12
8373,3404,2023-08-02,25700.0,11,24
8374,3969,2024-12-06,29400.0,47,12
8375,907,2025-05-10,27600.0,17,11
8376,3945,2025-06-05,24600.0,64,36
8377,942,2026-07-20,18500.0,19,11
8378,2219,2024-11-02,40000.0,14,11
8379,1945,2024-04-08,29300.0,0,24
8380,5629,2024-08-23,20200.0,28,11
8381,5579,2026-05-04,43900.0,16,12
8382,4984,2022-11-30,28700.0,36,11
8383,2447,2024-11-19,44800.0,12,24
8384,29,2025-03-10,22200.0,12,11
8385,7272,2022-10-20,25900.0,20,11
8386,35,2025-12-12,30500.0,19,36
8387,3674,2023-02-15,34100.0,29,11
8388,5638,2024-09-19,34100.0,0,12
8389,2729,2023-07-09,15200.0,0,11
8390,3448,2023-07-02,35700.0,51,11
8391,598,2023-02-27,24600.0,37,36
8392,7672,2024-10-22,62700.0,0,12
8393,3298,2025-06-29,28600.0,22,12
8394,3213,2025-04-12,25500.0,27,11
8395,921,2022-08-21,65100.0,12,36
8396,6807,2025-11-22,23700.0,39,24
8397,4180,2024-09-11,23700.0,4,11
8398,2218,2023-11-24,28300.0,8,12
8399,342,2022-08-20,67400.0,26,12
8400,4370,2026-01-31,39000.0,32,12
8401,6146,2023-04-21,37900.0,11,11
8402,1752,2023-12-27,25700.0,33,11
8403,4799,2026-01-19,25900.0,31,12
8404,4651,2023-05-29,20900.0,30,24
8405,565,2024-09-15,26200.0,31,24
8406,5373,2023-01-21,26800.0,34,11
8407,3159,2026-02-19,42200.0,28,11
8408,5573,2022-10-04,46300.0,0,11
8409,3346,2023-05-16,30700.0,44,11
8410,3651,2023-10-23,59000.0,7,11
8411,2101,2024-01-18,27400.0,50,11
8412,3990,2024-06-30,26000.0,27,12
8413,6615,2026-06-27,31900.0,16,11
8414,7656,2023-01-02,27500.0,29,11
8415,1038,2024-02-18,21800.0,19,11
8416,6608,2022-11-08,43200.0,0,12
8417,2107,2025-08-16,42700.0,6,11
8418,854,2025-04-01,57900.0,13,11
8419,1674,2022-12-30,45700.0,16,12
8420,4424,2023-10-25,32600.0,33,11
8421,3580,2024-11-27,37700.0,0,12
8422,1855,2024-12-12,40300.0,42,11
8423,3563,2023-05-24,18300.0,22,11
8424,6387,2024-03-28,44800.0,35,11
8425,6245,2025-10-09,25600.0,0,24
8426,1482,2024-02-16,40400.0,41,24
8427,6273,2026-02-21,45700.0,57,12
8428,2364,2023-12-23,53200.0,30,12
8429,1548,2024-12-07,43500.0,0,11
8430,1259,2025-04-27,26800.0,22,11
8431,1683,2025-08-04,37900.0,18,11
8432,5955,2025-01-02,59800.0,25,12
8433,3070,2025-12-19,16600.0,47,11
8434,3523,2024-12-09,29800.0,57,12
8435,4150,2024-10-05,40600.0,22,11
8436,308,2022-12-17,48700.0,14,12
8437,6284,2024-05-13,63700.0,31,11
8438,7668,2025-04-10,52100.0,32,11
8439,3620,2022-12-10,17200.0,45,11
8440,1761,2022-08-31,25600.0,48,11
8441,1727,2022-09-05,69800.0,19,11
8442,1552,2023-11-17,23800.0,61,36
8443,5610,2026-06-04,51200.0,40,12
8444,4008,2025-01-08,12600.0,16,12
8445,7232,2023-06-14,27900.0,42,24
8446,423,2023-04-15,35700.0,17,11
8447,3006,2025-12-22,47000.0,35,12
8448,3953,2026-06-20,37500.0,0,11
8449,6447,2024-11-12,31100.0,31,11
8450,4325,2025-06-30,41600.0,7,11
8451,6255,2025-10-04,32800.0,19,36
8452,7262,2026-05-18,34900.0,55,12
8453,1481,2024-02-05,40500.0,41,11
8454,3169,2024-08-05,40100.0,19,11
8455,5772,2026-04-13,15600.0,29,12
8456,3341,2023-01-15,44400.0,49,12
8457,1192,2024-04-28,29200.0,20,12
8458,7881,2023-04-01,48000.0,19,11
8459,1911,2024-12-30,55700.0,17,11
8460,1861,2023-06-19,19900.0,46,12
8461,2765,2023-03-13,21200.0,22,11
8462,7638,2025-09-06,33300.0,0,11
8463,3599,2023-10-02,28700.0,25,11
8464,1373,2024-01-17,32500.0,1,11
8465,5683,2026-06-25,79200.0,51,12
8466,7413,2022-10-20,48100.0,12,12
8467,2276,2026-02-13,62300.0,18,11
8468,1105,2026-01-26,20000.0,3,12
8469,5392,2025-11-13,20100.0,36,11
8470,5915,2022-10-19,31100.0,23,11
8471,4302,2022-11-04,57000.0,34,11
8472,6412,2026-08-08,44100.0,26,36
8473,6510,2023-06-27,30900.0,0,24
8474,7289,2026-02-15,24300.0,21,12
8475,4668,2022-12-04,56700.0,16,11
8476,2842,2026-05-08,24700.0,0,11
8477,2584,2024-08-13,9900.0,37,12
8478,7389,2024-09-20,38100.0,20,11
8479,829,2024-01-11,42100.0,25,11
8480,5489,2023-04-02,24500.0,16,11
8481,5204,2024-06-05,27300.0,8,12
8482,2075,2024-10-18,43000.0,13,11
8483,325,2024-03-09,19600.0,19,12
8484,3040,2023-01-22,30400.0,21,11
8485,921,2025-05-24,65500.0,13,11
8486,1576,2026-03-21,40400.0,43,11
8487,6222,2026-07-24,23800.0,4,11
8488,6036,2026-04-03,74700.0,15,12
8489,3587,2025-10-15,23300.0,23,11
8490,7812,2025-08-06,35700.0,28,24
8491,2711,2025-07-08,27600.0,26,24
8492,2530,2025-03-26,25500.0,12,24
8493,3422,2026-04-20,27700.0,8,11
8494,7863,2026-08-12,25600.0,26,11
8495,4340,2024-12-31,19400.0,20,36
8496,1169,2025-12-14,40100.0,22,11
8497,865,2026-05-29,16800.0,0,24
8498,370,2024-05-08,24200.0,30,12
8499,2964,2024-08-05,13900.0,0,36
8500,1115,2023-01-03,11900.0,28,12
8501,4135,2023-01-27,26000.0,15,36
8502,2083,2024-11-06,38900.0,20,11
8503,2925,2022-10-29,50700.0,17,11
8504,7693,2025-03-16,42100.0,14,12
8505,4370,2024-10-19,40400.0,24,24
8506,1896,2026-03-25,45700.0,6,11
8507,4789,2025-04-20,43200.0,23,11
8508,502,2023-02-28,40700.0,19,11
8509,7270,2025-04-22,39700.0,8,24
8510,5350,2025-03-19,35100.0,1,12
8511,3258,2023-07-22,51000.0,39,12
8512,1824,2025-05-08,36800.0,21,11
8513,3594,2026-01-03,27600.0,9,24
8514,3874,2026-05-04,29400.0,27,11
8515,5384,2023-06-01,32600.0,24,11
8516,4224,2023-05-13,47500.0,21,11
8517,1019,2024-01-23,26700.0,0,12
8518,5549,2026-02-18,28400.0,26,12
8519,6825,2024-08-31,43000.0,41,24
8520,7044,2024-08-12,29400.0,27,11
8521,5248,2025-07-07,54500.0,50,24
8522,4573,2023-03-06,36300.0,25,12
8523,6845,2024-05-08,41100.0,10,24
8524,1482,2023-03-28,43700.0,8,24
8525,1790,2023-02-04,32000.0,22,11
8526,2331,2023-10-09,40400.0,53,24
8527,4908,2025-04-14,16000.0,21,11
8528,4764,2025-01-12,29200.0,7,36
8529,7234,2024-11-07,24500.0,22,11
8530,3004,2025-05-20,32600.0,18,11
8531,7018,2025-06-09,29000.0,49,11
8532,3822,2026-08-14,28500.0,26,36
8533,7765,2025-11-23,26300.0,23,11
8534,7827,2026-01-06,42100.0,23,11
8535,3428,2026-02-27,34900.0,7,11
8536,1915,2025-06-13,37100.0,21,11
8537,6350,2025-03-02,12800.0,34,11
8538,4638,2024-11-30,38900.0,26,12
8539,3891,2024-04-02,43700.0,46,12
8540,6104,2024-10-28,19900.0,26,11
8541,2023,2026-07-02,28600.0,30,11
8542,711,2024-01-26,37400.0,28,36
8543,1342,2024-01-04,44000.0,28,36
8544,3033,2022-12-28,15300.0,15,12
8545,5782,2023-03-13,28100.0,18,11
8546,3008,2022-10-30,52600.0,31,11
8547,4895,2023-07-03,43100.0,22,11
8548,2351,2024-04-27,17800.0,9,11
8549,3275,2024-09-16,30000.0,47,11
8550,5415,2024-04-02,45100.0,61,11
8551,7358,2023-09-24,49700.0,0,12
8552,6692,2023-01-17,22300.0,20,12
8553,5854,2025-05-22,42900.0,10,12
8554,5853,2024-11-10,37000.0,30,36
8555,127,2022-09-08,38400.0,4,24
8556,5725,2023-08-27,40100.0,39,11
8557,1219,2025-10-26,11200.0,3,11
8558,2697,2024-04-05,33400.0,23,12
8559,4493,2022-10-21,11400.0,10,12
8560,4007,2024-10-18,32700.0,16,36
8561,7966,2022-12-08,31200.0,36,36
8562,1397,2025-01-28,39200.0,32,36
8563,1041,2026-04-06,18400.0,19,12
8564,6590,2023-08-29,54400.0,28,11
8565,6951,2025-11-07,34200.0,17,12
8566,6815,2024-11-03,39300.0,1,11
8567,6828,2023-07-30,29700.0,6,11
8568,4173,2024-05-01,55100.0,39,24
8569,4618,2023-12-08,49100.0,35,12
8570,4643,2023-10-03,52900.0,23,36
8571,696,2026-02-18,51900.0,0,12
8572,3714,2022-10-02,12800.0,12,24
8573,2954,2024-04-01,16100.0,39,24
8574,6514,2024-12-29,39700.0,20,36
8575,1494,2025-11-17,35300.0,27,12
8576,4180,2025-08-05,23200.0,41,11
8577,2312,2025-12-12,41600.0,32,11
8578,4274,2026-04-13,33600.0,33,12
8579,2905,2022-10-09,36400.0,13,11
8580,1806,2025-12-11,13500.0,11,24
8581,4274,2025-05-27,32500.0,4,24
8582,6167,2024-06-17,25500.0,34,11
8583,3644,2023-12-30,20400.0,0,11
8584,2158,2024-05-12,19200.0,21,11
8585,5889,2024-11-11,46600.0,9,36
8586,4866,2025-05-15,22600.0,0,12
8587,636,2025-03-08,31000.0,2,11
8588,4253,2026-04-17,19000.0,33,11
8589,3497,2024-01-10,20400.0,23,12
8590,7234,2025-04-01,26200.0,2,24
8591,5126,2024-07-31,35300.0,42,36
8592,1406,2023-03-14,63100.0,41,12
8593,1209,2026-07-25,32100.0,26,11
8594,5832,2022-12-12,28300.0,0,11
8595,498,2023-03-17,48800.0,28,11
8596,3817,2025-02-08,55700.0,0,11
8597,6099,2022-09-12,41800.0,20,11
8598,3618,2025-02-11,22400.0,26,11
8599,3377,2024-06-13,25900.0,16,11
8600,1984,2026-01-26,33400.0,13,11
8601,4512,2025-03-27,28500.0,0,12
8602,6903,2026-04-07,37800.0,33,11
8603,5126,2023-05-08,33800.0,3,24
8604,1924,2026-01-09,44200.0,31,11
8605,5020,2025-05-01,31400.0,34,11
8606,3058,2025-02-21,11400.0,25,11
8607,5708,2023-10-14,34300.0,24,36
8608,3235,2024-04-04,16500.0,18,11
8609,5543,2024-03-12,30000.0,0,24
8610,4883,2022-12-23,15700.0,25,11
8611,4634,2025-01-13,46700.0,8,11
8612,693,2024-01-06,19100.0,28,11
8613,5372,2022-10-24,18200.0,9,11
8614,1099,2024-03-12,58300.0,0,11
8615,5674,2026-01-22,34900.0,0,11
8616,2439,2023-10-11,36700.0,48,11
8617,2446,2023-03-11,26200.0,29,12
8618,2753,2026-07-22,48300.0,19,11
8619,1401,2024-03-27,27500.0,25,12
8620,4851,2024-07-05,44100.0,43,11
8621,4444,2023-10-22,41900.0,41,12
8622,2204,2025-06-25,63300.0,7,12
8623,2637,2026-03-12,32300.0,18,11
8624,7411,2023-11-30,26700.0,27,11
8625,4495,2026-04-05,41200.0,63,11
8626,2207,2023-03-04,27900.0,5,11
8627,5832,2025-10-05,30100.0,32,36
8628,3328,2025-05-18,48200.0,31,12
8629,6624,2023-02-25,34500.0,6,12
8630,3819,2025-11-10,14500.0,19,11
8631,6375,2026-06-18,68400.0,33,11
8632,3918,2022-12-21,26100.0,26,11
8633,6917,2025-09-01,78400.0,21,11
8634,1664,2024-03-07,52600.0,14,11
8635,3556,2025-09-16,36500.0,0,11
8636,28,2024-10-17,47300.0,16,12
8637,7232,2024-05-17,26500.0,12,12
8638,2029,2025-09-15,52300.0,30,36
8639,5779,2023-11-13,28700.0,46,12
8640,4247,2024-09-20,72600.0,38,36
8641,1556,2023-09-18,28500.0,22,24
8642,299,2026-05-26,46500.0,15,11
8643,2230,2026-02-20,52700.0,0,11
8644,3485,2025-01-04,23000.0,33,24
8645,2347,2025-02-27,28300.0,31,12
8646,7318,2025-10-11,40200.0,29,11
8647,2654,2024-04-14,21700.0,37,11
8648,919,2025-03-27,38800.0,24,12
8649,6187,2023-02-18,28500.0,20,11
8650,1125,2024-02-10,55100.0,3,12
8651,1715,2023-04-06,18000.0,10,11
8652,2948,2024-08-16,23000.0,22,11
8653,5406,2024-08-06,25000.0,46,11
8654,4976,2025-05-15,47200.0,19,12
8655,5745,2022-10-24,32400.0,0,12
8656,1409,2022-11-19,33500.0,35,24
8657,1276,2024-02-02,27100.0,36,36
8658,3823,2026-05-16,42100.0,38,11
8659,5773,2026-06-10,34900.0,13,11
8660,4338,2023-06-17,65400.0,13,11
8661,6206,2025-07-02,21800.0,53,24
8662,1292,2023-03-23,31800.0,14,11
8663,1951,2023-03-24,43500.0,22,12
8664,7188,2023-05-08,39900.0,33,36
8665,6625,2023-06-12,27000.0,34,11
8666,5993,2023-03-29,38000.0,0,36
8667,1084,2025-12-11,51500.0,36,36
8668,2810,2024-03-12,48100.0,6,12
8669,2093,2022-10-08,26300.0,50,12
8670,6244,2024-09-19,71800.0,34,11
8671,4347,2025-08-12,33800.0,30,12
8672,2530,2024-09-21,27700.0,29,12
8673,4110,2025-02-09,28700.0,43,11
8674,4709,2025-01-12,42300.0,22,12
8675,3275,2026-02-23,30700.0,45,11
8676,4691,2024-06-11,65800.0,34,11
8677,3637,2023-01-24,17700.0,9,11
8678,4544,2026-06-16,32100.0,21,11
8679,6158,2022-11-10,16700.0,33,11
8680,1800,2025-09-21,38400.0,10,36
8681,221,2022-09-01,39000.0,23,12
8682,6161,2024-01-27,19200.0,16,11
8683,6165,2025-07-24,25600.0,9,11
8684,4926,2023-07-18,44500.0,30,11
8685,7346,2023-06-07,16400.0,25,24
8686,4729,2022-12-26,48200.0,42,11
8687,7503,2025-07-05,33400.0,39,12
8688,5741,2024-09-10,23000.0,41,24
8689,2955,2024-02-13,41800.0,44,12
8690,1702,2024-04-15,41200.0,23,24
8691,7363,2023-12-14,22700.0,27,11
8692,4079,2026-06-23,29600.0,19,24
8693,4681,2025-02-16,37600.0,11,11
8694,3048,2023-10-14,29800.0,28,24
8695,1913,2023-03-26,20100.0,13,11
8696,7167,2023-03-26,23700.0,29,24
8697,1494,2025-07-15,38900.0,42,11
8698,5644,2025-06-23,45700.0,15,11
8699,7872,2022-08-29,33300.0,18,12
8700,347,2022-12-22,26700.0,15,11
8701,45,2023-03-22,36200.0,0,11
8702,7974,2026-02-23,23900.0,0,12
8703,2113,2023-09-19,38100.0,13,24
8704,5877,2023-09-01,51200.0,3,11
8705,7391,2025-08-11,32000.0,47,11
8706,6108,2025-07-15,25900.0,27,12
8707,7168,2025-10-21,41500.0,13,11
8708,6322,2023-09-28,36300.0,18,12
8709,1548,2025-06-05,45100.0,60,12
8710,2655,2025-10-30,38500.0,33,36
8711,6567,2023-10-04,37500.0,40,24
8712,1022,2022-10-04,51200.0,87,11
8713,1056,2026-03-31,38900.0,27,11
8714,6830,2026-05-04,23700.0,32,11
8715,2085,2024-07-29,31100.0,24,11
8716,7050,2023-07-10,22000.0,0,24
8717,276,2025-05-30,42000.0,18,11
8718,5164,2025-11-01,40000.0,15,12
8719,2705,2023-06-03,39700.0,18,12
8720,1819,2026-01-02,36600.0,43,12
8721,4580,2024-06-30,12800.0,9,12
8722,5569,2025-12-21,24800.0,14,11
8723,485,2024-12-31,32900.0,2,36
8724,6287,2024-10-22,12200.0,10,12
8725,524,2025-05-22,32300.0,46,11
8726,4386,2023-11-06,38900.0,19,11
8727,1219,2025-08-28,11300.0,21,12
8728,7847,2023-01-08,22400.0,24,12
8729,2727,2023-02-03,32200.0,28,36
8730,5374,2026-05-10,68300.0,7,12
8731,6430,2023-03-23,20500.0,0,12
8732,1442,2023-01-02,74200.0,2,11
8733,3360,2024-08-07,38400.0,0,11
8734,274,2026-05-24,45900.0,10,11
8735,143,2026-02-04,59500.0,0,11
8736,7937,2026-03-28,21800.0,31,36
8737,6135,2024-09-13,14500.0,20,36
8738,5303,2024-08-22,35400.0,31,12
8739,6527,2025-03-31,31400.0,5,36
8740,3414,2026-06-22,33700.0,41,11
8741,802,2025-11-06,25200.0,17,24
8742,6353,2024-11-25,36000.0,27,11
8743,1719,2023-03-28,26000.0,29,11
8744,632,2023-11-16,27500.0,30,24
8745,3931,2026-07-12,41600.0,34,24
8746,3761,2024-01-04,46300.0,5,11
8747,2629,2024-06-26,22100.0,21,24
8748,7066,2025-09-21,33200.0,23,12
8749,5146,2025-08-26,37500.0,29,24
8750,7949,2024-05-16,60100.0,60,11
8751,7653,2023-07-03,43600.0,41,11
8752,3340,2023-12-18,27100.0,42,12
8753,5330,2024-08-25,22800.0,10,11
8754,4819,2024-06-09,23100.0,27,36
8755,5242,2023-10-06,25500.0,18,24
8756,67,2026-05-30,27200.0,26,11
8757,7821,2024-01-08,22600.0,46,11
8758,4386,2023-02-22,40700.0,9,24
8759,7689,2023-06-27,42200.0,47,24
8760,7062,2025-06-11,61700.0,22,24
8761,4722,2024-08-22,19100.0,16,11
8762,5199,2026-06-08,32900.0,21,12
8763,1168,2023-03-17,44400.0,14,11
8764,2365,2025-08-18,58800.0,15,11
8765,5854,2026-08-08,44500.0,27,36
8766,2588,2025-12-05,29700.0,33,11
8767,3665,2023-03-25,13000.0,24,24
8768,7621,2023-11-17,40900.0,36,36
8769,1215,2025-08-16,48100.0,44,11
8770,4575,2023-02-23,46200.0,23,24
8771,4855,2023-12-03,12300.0,1,12
8772,3421,2023-12-10,48900.0,14,11
8773,557,2022-11-26,69500.0,4,11
8774,5308,2024-06-30,12400.0,23,11
8775,7833,2024-09-27,26800.0,32,11
8776,4181,2024-11-10,33300.0,31,11
8777,73,2023-05-19,52500.0,34,24
8778,6588,2022-09-25,50500.0,16,11
8779,199,2022-10-26,40100.0,13,12
8780,3279,2023-08-19,48100.0,44,11
8781,1821,2023-12-24,38700.0,15,12
8782,580,2023-07-22,34900.0,35,11
8783,805,2025-07-30,21100.0,7,36
8784,1675,2023-05-19,20000.0,11,11
8785,1873,2026-06-25,44200.0,22,11
8786,1897,2023-04-09,18500.0,35,11
8787,5729,2026-08-01,28900.0,18,11
8788,1202,2024-05-25,29500.0,6,12
8789,3828,2024-07-10,26300.0,28,12
8790,3357,2024-02-25,56400.0,17,36
8791,179,2024-02-24,31800.0,28,24
8792,2294,2022-10-23,13900.0,27,11
8793,4180,2023-02-23,25900.0,23,11
8794,747,2024-10-25,17800.0,27,11
8795,6363,2024-08-12,27800.0,46,11
8796,814,2023-12-01,22600.0,53,24
8797,7759,2025-06-02,32700.0,3,11
8798,802,2024-08-20,22800.0,16,12
8799,2858,2022-12-13,47300.0,23,11
8800,7504,2025-04-17,14700.0,45,11
8801,4405,2022-11-09,52700.0,12,12
8802,4693,2024-07-10,30100.0,51,12
8803,7451,2023-06-19,44000.0,13,12
8804,6954,2025-05-15,26500.0,16,11
8805,3156,2025-12-02,24200.0,60,36
8806,5877,2025-07-02,51200.0,40,24
8807,2985,2024-03-11,28500.0,25,36
8808,744,2024-01-27,46900.0,30,11
8809,1157,2023-05-23,24000.0,29,12
8810,3529,2024-02-13,22300.0,33,12
8811,1641,2025-08-19,24200.0,18,11
8812,3866,2023-03-07,42500.0,46,11
8813,2806,2023-02-23,6500.0,14,11
8814,3246,2025-04-05,33500.0,22,36
8815,4796,2022-10-09,24100.0,25,12
8816,7913,2025-12-31,16500.0,13,12
8817,3003,2025-06-25,58600.0,17,11
8818,7147,2026-05-25,40800.0,9,11
8819,1243,2023-08-30,71400.0,10,24
8820,327,2026-06-14,51900.0,58,11
8821,5188,2023-07-07,46500.0,23,24
8822,5970,2025-03-05,31700.0,0,11
8823,1892,2023-02-13,46700.0,31,11
8824,7252,2025-11-08,28200.0,44,36
8825,1523,2022-12-17,40800.0,36,11
8826,911,2026-04-28,52100.0,18,24
8827,1421,2024-01-21,43000.0,50,24
8828,3472,2024-12-30,33200.0,25,12
8829,4336,2026-02-07,24300.0,29,12
8830,4583,2024-02-29,42300.0,34,36
8831,2314,2023-11-09,17400.0,29,11
8832,3515,2025-06-19,36700.0,33,24
8833,2423,2023-11-18,20100.0,26,12
8834,3158,2026-05-12,20900.0,3,24
8835,4413,2023-06-27,20800.0,42,11
8836,1549,2025-01-05,57900.0,36,12
8837,7247,2025-01-30,33500.0,41,11
8838,7873,2024-07-19,18400.0,44,12
8839,6459,2025-11-16,36200.0,0,24
8840,6550,2025-05-14,19400.0,51,11
8841,7240,2024-01-31,41200.0,48,11
8842,5709,2023-07-17,14200.0,50,11
8843,2984,2023-08-10,27900.0,28,12
8844,5855,2023-09-28,25300.0,7,11
8845,7845,2024-12-15,32900.0,21,11
8846,7868,2024-06-08,52800.0,29,11
8847,6752,2025-02-14,46400.0,16,12
8848,2403,2026-01-01,54200.0,20,36
8849,1195,2024-07-02,35400.0,37,11
8850,111,2023-01-01,32100.0,24,11
8851,5224,2025-08-19,35000.0,1,11
8852,4431,2025-08-14,36800.0,48,11
8853,5934,2025-10-19,18200.0,47,36
8854,3740,2023-11-05,28700.0,38,12
8855,3881,2023-10-24,57100.0,35,11
8856,1794,2025-01-12,53900.0,18,12
8857,7918,2024-08-14,27100.0,19,36
8858,7825,2025-08-03,26700.0,17,12
8859,6883,2024-10-20,38600.0,8,11
8860,1612,2024-01-22,65400.0,23,12
8861,1325,2024-11-02,22000.0,0,11
8862,3862,2024-04-14,9600.0,46,36
8863,2270,2022-11-28,32300.0,36,11
8864,990,2024-10-03,28800.0,41,12
8865,1053,2024-08-29,21400.0,18,24
8866,7476,2025-12-26,26200.0,41,12
8867,7848,2024-07-15,51700.0,26,11
8868,2650,2024-03-31,37100.0,26,36
8869,6836,2026-06-05,25500.0,40,11
8870,4086,2026-08-14,73800.0,17,24
8871,4719,2025-11-13,15500.0,33,12
8872,931,2023-02-27,45400.0,29,24
8873,6492,2024-02-06,34100.0,8,12
8874,2230,2024-12-30,49500.0,39,12
8875,6565,2024-08-18,39100.0,7,11
8876,3275,2023-08-27,30300.0,15,11
8877,6167,2024-06-16,26900.0,27,24
8878,1494,2026-07-18,36300.0,14,11
8879,6093,2023-07-06,14800.0,23,11
8880,6976,2023-02-22,35100.0,33,24
8881,7473,2026-03-31,47900.0,24,24
8882,2430,2024-12-19,46300.0,40,11
8883,7864,2022-10-24,30100.0,36,11
8884,3538,2026-04-24,35800.0,16,11
8885,7436,2023-06-29,28900.0,42,11
8886,7189,2023-04-11,15900.0,14,12
8887,3637,2023-05-19,16700.0,38,24
8888,1336,2026-02-12,52800.0,0,11
8889,5106,2023-12-02,18700.0,19,11
8890,5309,2024-11-10,34700.0,28,11
8891,1217,2026-05-08,32400.0,53,11
8892,5427,2024-05-22,26700.0,1,12
8893,6352,2023-10-17,28400.0,23,11
8894,7242,2023-06-18,29900.0,57,11
8895,7928,2023-02-07,18000.0,0,36
8896,700,2023-11-19,80100.0,34,36
8897,6293,2026-05-26,68900.0,12,11
8898,4767,2025-08-01,36000.0,16,12
8899,1235,2026-03-31,22000.0,19,12
8900,1937,2023-07-04,33100.0,13,12
8901,7543,2024-03-21,26900.0,32,12
8902,5034,2024-06-26,37900.0,33,12
8903,5568,2024-06-21,32400.0,36,11
8904,6455,2025-07-11,61700.0,18,36
8905,1853,2024-08-14,29500.0,7,24
8906,3259,2022-08-29,30200.0,22,11
8907,3885,2022-09-15,22100.0,6,24
8908,5293,2024-03-30,39000.0,22,11
8909,5567,2024-04-11,36900.0,21,11
8910,7200,2026-08-17,26700.0,32,12
8911,1682,2025-09-06,35500.0,22,36
8912,4061,2024-03-29,36000.0,0,11
8913,2777,2022-08-25,55100.0,18,12
8914,191,2026-07-02,17100.0,2,11
8915,5438,2024-02-22,30000.0,17,24
8916,1366,2025-07-02,45200.0,28,12
8917,4911,2023-04-13,19900.0,24,12
8918,3179,2026-08-08,39200.0,20,24
8919,382,2026-01-16,20700.0,3,24
8920,4586,2023-02-11,22700.0,47,12
8921,3918,2026-07-02,27700.0,50,12
8922,6515,2025-10-13,49600.0,0,36
8923,625,2025-03-19,20100.0,24,24
8924,5761,2023-02-21,24200.0,21,24
8925,2381,2024-12-15,28800.0,27,11
8926,6273,2026-05-06,47500.0,57,11
8927,1793,2026-01-25,69800.0,41,11
8928,469,2024-08-24,42300.0,66,11
8929,7551,2026-02-04,8700.0,14,11
8930,984,2024-10-12,35900.0,36,24
8931,4367,2024-07-22,33100.0,21,11
8932,3234,2025-10-17,35100.0,11,24
8933,3709,2025-09-07,33900.0,42,11
8934,5359,2023-03-03,28900.0,14,12
8935,5050,2023-09-05,26700.0,31,24
8936,5538,2025-10-17,22900.0,5,24
8937,6130,2025-01-10,39200.0,34,24
8938,702,2023-06-04,23900.0,31,24
8939,2679,2022-09-05,43800.0,0,12
8940,5726,2023-10-31,33300.0,24,12
8941,2262,2025-10-01,68000.0,0,11
8942,6249,2025-03-17,23600.0,20,11
8943,5942,2026-08-17,14900.0,13,11
8944,386,2024-05-10,15200.0,24,12
8945,2307,2023-04-19,22600.0,7,11
8946,3898,2025-09-04,22800.0,37,11
8947,3587,2026-03-27,22300.0,16,11
8948,1443,2024-03-27,30700.0,18,11
8949,1618,2026-07-02,14200.0,3,11
8950,6501,2022-10-06,23100.0,15,24
8951,6275,2023-09-23,28900.0,22,11
8952,375,2024-01-16,23900.0,14,11
8953,5930,2023-07-24,21300.0,18,36
8954,5688,2023-05-12,25700.0,36,11
8955,620,2023-08-23,27300.0,30,11
8956,116,2026-04-16,34400.0,2,12
8957,7592,2023-06-16,61500.0,0,12
8958,450,2023-12-29,21700.0,12,11
8959,1422,2025-11-17,51700.0,41,11
8960,3406,2023-09-28,40600.0,30,24
8961,1371,2026-02-23,21400.0,47,12
8962,4614,2024-11-18,47200.0,12,11
8963,7416,2023-01-31,35500.0,22,11
8964,6029,2024-09-18,37100.0,34,12
8965,3009,2023-11-14,52600.0,44,36
8966,5258,2026-01-27,51700.0,18,24
8967,3785,2024-05-13,27300.0,12,36
8968,6952,2023-01-10,39800.0,11,12
8969,6094,2026-07-02,40000.0,35,11
8970,1099,2023-05-11,53600.0,17,11
8971,7827,2022-10-01,37800.0,0,11
8972,4921,2024-03-10,66300.0,35,36
8973,3653,2023-07-29,43100.0,25,11
8974,5575,2024-11-11,51800.0,24,36
8975,3226,2022-12-27,45700.0,21,11
8976,1641,2025-08-30,25100.0,23,11
8977,7348,2022-09-16,30400.0,50,11
8978,6551,2024-11-13,29400.0,0,12
8979,4763,2025-07-15,47700.0,0,12
8980,7098,2023-07-15,35500.0,31,11
8981,2345,2024-02-20,40100.0,36,11
8982,3747,2025-02-19,13700.0,19,36
8983,4586,2024-09-30,25600.0,6,11
8984,4905,2022-12-19,26100.0,39,11
8985,6847,2024-04-11,24300.0,0,11
8986,5182,2023-12-26,10700.0,48,11
8987,5602,2024-01-12,21300.0,25,12
8988,1001,2024-01-30,41400.0,45,24
8989,5730,2026-07-28,30900.0,13,11
8990,355,2024-11-04,12600.0,1,11
8991,1762,2025-02-18,42800.0,18,12
8992,1995,2024-02-14,40500.0,29,11
8993,1307,2026-05-12,42000.0,9,11
8994,7543,2023-04-20,25200.0,10,11
8995,1951,2025-02-14,46200.0,26,36
8996,4957,2024-08-18,30000.0,37,11
8997,7075,2025-08-26,32500.0,7,11
8998,1047,2026-04-27,27100.0,34,11
8999,554,2023-06-20,28200.0,11,12
9000,5688,2026-01-17,26800.0,11,11
9001,4268,2023-05-29,30000.0,27,11
9002,5475,2025-05-23,31900.0,0,12
9003,2433,2023-12-24,62900.0,27,11
9004,906,2024-08-14,31500.0,34,12
9005,7672,2024-08-03,59800.0,14,24
9006,7419,2024-06-23,58500.0,29,12
9007,1132,2024-09-17,25400.0,25,11
9008,2605,2024-07-15,47200.0,3,12
9009,2034,2024-02-05,43400.0,21,11
9010,5719,2023-06-22,28900.0,37,11
9011,4092,2025-10-14,45200.0,14,12
9012,3863,2024-05-02,45700.0,33,24
9013,2875,2023-06-20,22100.0,29,12
9014,938,2025-09-26,21000.0,27,11
9015,4751,2022-12-28,54700.0,23,11
9016,2106,2023-08-30,53800.0,30,11
9017,4591,2025-01-06,30300.0,12,11
9018,7670,2024-12-21,68800.0,0,11
9019,6590,2023-07-07,53700.0,13,12
9020,6668,2025-11-21,45500.0,21,12
9021,7530,2024-11-08,20800.0,38,24
9022,5598,2026-06-22,33600.0,27,36
9023,5183,2025-03-30,23800.0,20,12
9024,7927,2025-10-30,39600.0,39,11
9025,3724,2023-05-08,31800.0,30,36
9026,3241,2025-10-12,28800.0,40,11
9027,7414,2026-01-20,32200.0,0,24
9028,4539,2023-05-27,43300.0,13,11
9029,2702,2025-01-24,37800.0,36,11
9030,7770,2022-09-07,47300.0,22,12
9031,4961,2025-11-17,6600.0,35,11
9032,1069,2026-01-12,17400.0,11,24
9033,6571,2023-02-03,45800.0,43,11
9034,3640,2026-02-05,61700.0,43,11
9035,6586,2022-10-07,27100.0,22,12
9036,2740,2022-12-07,40500.0,6,11
9037,3277,2023-07-13,59300.0,15,11
9038,6913,2023-01-22,19700.0,29,11
9039,956,2023-11-12,25500.0,24,12
9040,7595,2026-07-02,55200.0,62,11
9041,5055,2023-11-12,55900.0,23,24
9042,445,2023-05-14,27700.0,38,11
9043,2606,2023-06-06,36800.0,16,12
9044,4321,2026-07-09,64900.0,40,11
9045,7453,2024-08-18,17900.0,41,11
9046,606,2023-04-05,46700.0,27,24
9047,6181,2022-12-06,36100.0,11,36
9048,1539,2026-08-09,45200.0,7,11
9049,878,2025-01-18,32300.0,32,11
9050,7714,2022-12-25,37400.0,28,36
9051,2698,2026-02-02,45300.0,41,36
9052,5209,2024-09-24,40300.0,28,36
9053,6606,2024-03-17,32200.0,29,24
9054,7390,2025-11-01,22700.0,36,36
9055,3819,2024-03-03,14100.0,9,24
9056,6731,2025-11-28,20700.0,36,24
9057,1586,2025-12-04,36100.0,17,12
9058,7114,2025-12-08,56300.0,8,11
9059,5860,2025-06-13,38300.0,40,11
9060,3316,2022-09-16,31200.0,53,24
9061,5730,2025-12-28,32600.0,5,11
9062,1775,2026-07-22,14500.0,22,12
9063,7001,2025-04-08,42500.0,26,24
9064,1480,2024-11-30,31800.0,29,24
9065,6078,2022-12-28,40500.0,45,11
9066,267,2026-07-23,33300.0,17,12
9067,2718,2024-07-23,31000.0,44,24
9068,7665,2024-10-02,28400.0,21,24
9069,7127,2026-04-28,57800.0,33,24
9070,7601,2024-02-28,39800.0,30,11
9071,2782,2025-01-31,33300.0,0,36
9072,1494,2024-12-03,37000.0,23,11
9073,4351,2024-06-24,44500.0,35,11
9074,1476,2023-07-23,40900.0,41,11
9075,2349,2024-06-10,29900.0,28,12
9076,2995,2026-07-18,48500.0,25,12
9077,1669,2024-12-20,36400.0,33,11
9078,6817,2024-03-18,42400.0,14,12
9079,2426,2022-10-24,18400.0,12,12
9080,7257,2023-05-11,34800.0,22,11
9081,5102,2023-05-29,55500.0,28,24
9082,6371,2023-05-11,24400.0,29,11
9083,521,2023-11-09,33500.0,40,11
9084,216,2025-05-01,50600.0,5,36
9085,7453,2022-11-11,18400.0,40,11
9086,3413,2024-09-01,30100.0,37,36
9087,2221,2024-03-07,38300.0,21,12
9088,3229,2024-11-23,29700.0,51,11
9089,7606,2026-07-23,55500.0,24,36
9090,1744,2026-03-20,17400.0,13,24
9091,2152,2026-04-12,20100.0,36,11
9092,1602,2025-02-11,43900.0,55,24
9093,2258,2024-07-05,38000.0,17,12
9094,2382,2025-04-16,11900.0,32,11
9095,2201,2025-08-24,25100.0,14,11
9096,1156,2024-02-02,23300.0,46,11
9097,3594,2026-04-17,31200.0,47,11
9098,4427,2024-05-29,58100.0,29,12
9099,3738,2023-06-01,21300.0,36,11
9100,2417,2025-09-15,38300.0,4,11
9101,5706,2024-08-03,43500.0,18,24
9102,5009,2022-08-30,26400.0,28,36
9103,5842,2023-02-04,37400.0,11,11
9104,6127,2023-12-23,36400.0,0,24
9105,2991,2025-05-06,35100.0,22,24
9106,4672,2023-01-07,35700.0,45,24
9107,1105,2026-06-29,19100.0,18,11
9108,6913,2025-05-03,18500.0,0,11
9109,6285,2023-06-16,30700.0,47,11
9110,3595,2025-11-13,26600.0,33,12
9111,5252,2025-07-21,14200.0,15,12
9112,2802,2026-01-12,38400.0,10,11
9113,3092,2022-08-26,30000.0,0,11
9114,6387,2026-07-01,46000.0,21,11
9115,230,2024-04-30,28100.0,26,11
9116,171,2023-12-30,44700.0,37,12
9117,297,2024-08-31,36100.0,42,11
9118,4384,2025-05-20,55700.0,30,11
9119,429,2026-02-07,53500.0,16,36
9120,5186,2025-05-19,43300.0,16,11
9121,5313,2024-04-24,36800.0,22,11
9122,6947,2022-11-19,49600.0,16,11
9123,936,2026-05-06,38100.0,26,12
9124,3333,2024-09-23,16500.0,17,12
9125,506,2025-04-30,47100.0,25,12
9126,6042,2024-07-12,65700.0,21,11
9127,2872,2026-05-26,16200.0,20,11
9128,5073,2024-08-20,8500.0,23,24
9129,841,2026-07-30,41500.0,12,11
9130,3867,2024-07-19,33800.0,9,24
9131,1900,2025-12-14,22900.0,15,12
9132,2164,2026-04-25,51000.0,28,12
9133,6528,2024-12-30,36700.0,29,11
9134,146,2025-12-13,31500.0,0,36
9135,5861,2026-06-06,20000.0,21,11
9136,5536,2026-04-18,14600.0,0,12
9137,6870,2026-08-09,55500.0,39,11
9138,4670,2024-04-11,21700.0,23,11
9139,3662,2023-09-20,28300.0,14,11
9140,193,2024-08-13,28500.0,32,12
9141,5302,2023-04-22,30600.0,14,11
9142,6780,2023-06-09,42700.0,27,12
9143,3979,2024-08-04,12800.0,42,11
9144,52,2025-12-28,31300.0,29,11
9145,7177,2025-04-07,39900.0,22,11
9146,2462,2026-03-05,56000.0,23,24
9147,1862,2025-09-10,29700.0,23,11
9148,3035,2024-01-14,71500.0,42,24
9149,2576,2024-03-17,39400.0,11,11
9150,1911,2026-02-13,55500.0,0,11
9151,2625,2023-09-09,33700.0,22,24
9152,6007,2023-12-22,70400.0,11,24
9153,5673,2024-05-30,47100.0,23,12
9154,1909,2025-08-07,12900.0,18,12
9155,7621,2024-03-04,46000.0,0,36
9156,7760,2023-09-02,50400.0,15,11
9157,2799,2024-12-19,24300.0,9,11
9158,3349,2023-09-11,26600.0,48,11
9159,3277,2024-05-27,60500.0,8,11
9160,2636,2022-12-12,38500.0,5,11
9161,6231,2024-01-18,48900.0,1,11
9162,5653,2025-02-23,68000.0,0,36
9163,4099,2025-08-02,57000.0,48,36
9164,5047,2023-09-25,53900.0,18,12
9165,7386,2024-05-28,38100.0,14,11
9166,242,2023-08-24,36300.0,32,11
9167,3523,2023-11-30,28600.0,21,12
9168,4737,2022-10-11,27900.0,11,11
9169,1438,2025-03-09,24500.0,20,24
9170,3586,2023-08-24,25100.0,38,11
9171,4132,2025-09-24,32200.0,41,24
9172,83,2023-08-07,32400.0,27,24
9173,5191,2024-08-12,71600.0,46,12
9174,3856,2025-01-13,46900.0,25,24
9175,968,2022-08-28,33600.0,61,11
9176,620,2025-07-14,28000.0,24,12
9177,4775,2025-05-08,33700.0,34,11
9178,6566,2025-08-16,35800.0,27,11
9179,5198,2025-01-28,14700.0,23,11
9180,3690,2023-11-22,39200.0,12,11
9181,4659,2023-07-17,50500.0,34,11
9182,3364,2025-02-16,38500.0,52,11
9183,2222,2023-12-19,45500.0,5,36
9184,3568,2022-09-28,37100.0,21,12
9185,1557,2024-05-25,28500.0,11,11
9186,6708,2025-11-22,50600.0,8,24
9187,2658,2023-10-02,35700.0,18,11
9188,2715,2026-02-06,37800.0,4,36
9189,6207,2022-10-06,19000.0,27,12
9190,5785,2026-07-04,21100.0,39,11
9191,7479,2024-09-24,26400.0,18,11
9192,2207,2024-02-18,27100.0,26,11
9193,2503,2024-10-05,50000.0,21,24
9194,3919,2023-06-06,55100.0,22,24
9195,122,2024-10-07,10900.0,10,11
9196,4472,2026-05-02,27000.0,8,36
9197,1348,2024-12-14,37600.0,23,11
9198,4597,2023-05-19,34000.0,38,36
9199,2573,2025-01-23,33600.0,11,36
9200,5194,2023-08-16,32600.0,38,36
9201,1258,2025-01-13,31800.0,28,11
9202,1161,2023-11-05,29500.0,28,24
9203,7765,2025-08-05,26500.0,30,24
9204,1330,2022-10-21,19600.0,26,12
9205,4128,2026-04-23,27800.0,17,11
9206,7894,2025-11-17,26300.0,32,12
9207,1954,2022-10-01,40000.0,35,11
9208,6857,2023-07-09,47300.0,0,24
9209,1539,2023-06-21,47700.0,24,11
9210,3261,2026-07-03,26000.0,0,11
9211,1960,2026-02-19,63900.0,42,11
9212,7192,2022-12-25,51300.0,7,24
9213,5027,2022-08-21,34100.0,2,12
9214,7148,2026-02-25,31100.0,38,24
9215,3632,2023-07-05,34900.0,40,12
9216,2819,2025-11-16,64400.0,20,12
9217,2000,2025-06-17,29500.0,40,11
9218,6602,2025-12-26,49800.0,46,11
9219,179,2023-11-22,30100.0,31,36
9220,914,2022-10-26,45400.0,24,12
9221,6496,2025-08-02,31500.0,34,24
9222,7083,2023-03-14,30200.0,32,36
9223,6195,2024-01-29,11400.0,0,24
9224,1586,2023-07-22,32800.0,19,24
9225,499,2024-10-06,14200.0,34,36
9226,61,2025-02-27,19400.0,47,24
9227,1103,2024-05-11,38600.0,25,36
9228,5923,2023-06-11,41000.0,70,12
9229,6825,2023-10-19,43700.0,23,12
9230,2962,2024-03-18,47700.0,18,11
9231,7285,2023-10-04,23700.0,10,36
9232,4254,2024-05-04,45100.0,13,11
9233,3769,2025-05-26,55500.0,23,12
9234,595,2026-08-16,30200.0,36,24
9235,5947,2026-06-13,33300.0,18,12
9236,6447,2024-03-17,30700.0,25,24
9237,7595,2024-05-11,55100.0,5,11
9238,4052,2022-10-13,32800.0,28,36
9239,3858,2023-07-05,23100.0,19,12
9240,543,2026-01-23,20700.0,10,11
9241,3546,2023-03-07,66200.0,20,11
9242,4105,2024-07-29,20700.0,7,36
9243,6983,2025-12-03,27800.0,34,11
9244,3481,2024-11-30,51900.0,74,11
9245,2203,2024-07-13,31600.0,30,12
9246,6091,2023-01-29,36800.0,21,36
9247,7483,2025-01-04,37200.0,20,12
9248,7108,2025-10-06,71900.0,40,11
9249,1025,2025-06-20,25800.0,28,12
9250,2554,2025-08-31,22900.0,30,11
9251,5444,2023-10-08,15800.0,34,11
9252,6878,2025-11-23,31100.0,25,11
9253,5250,2022-11-05,46900.0,24,11
9254,329,2022-12-27,33300.0,20,11
9255,4810,2023-05-08,23800.0,29,11
9256,2766,2024-08-03,42900.0,15,12
9257,2,2022-10-24,51000.0,12,24
9258,1056,2025-11-06,38400.0,41,11
9259,2535,2023-01-27,44800.0,16,12
9260,125,2026-02-16,57800.0,15,36
9261,1131,2023-12-12,38500.0,23,12
9262,6771,2024-03-14,15900.0,35,11
9263,2759,2026-07-17,24200.0,44,11
9264,1903,2023-09-07,21800.0,22,12
9265,5387,2026-02-27,20700.0,29,12
9266,7094,2024-07-15,20500.0,22,11
9267,2990,2025-03-03,26200.0,23,11
9268,7663,2023-06-11,14100.0,14,36
9269,129,2023-06-02,41800.0,12,12
9270,441,2023-07-30,38400.0,5,24
9271,4955,2025-12-21,23800.0,27,11
9272,2604,2024-05-05,13500.0,28,36
9273,3204,2023-09-09,21800.0,38,11
9274,1249,2023-06-30,31400.0,2,11
9275,6487,2023-12-02,52000.0,32,24
9276,919,2026-01-30,39300.0,6,11
9277,6317,2024-02-13,27900.0,25,12
9278,3244,2025-06-16,19100.0,15,12
9279,5519,2024-07-11,32900.0,23,24
9280,6822,2024-12-29,17200.0,42,36
9281,5652,2026-01-20,22400.0,40,36
9282,6744,2022-09-22,20000.0,57,24
9283,4590,2025-11-13,53500.0,27,11
9284,4009,2024-01-04,42500.0,38,24
9285,1093,2025-08-30,47100.0,24,11
9286,27,2025-03-13,28600.0,29,11
9287,7088,2023-05-14,25400.0,0,11
9288,7418,2022-10-05,41800.0,18,11
9289,7272,2025-09-04,27600.0,31,12
9290,556,2022-10-01,36000.0,30,11
9291,2727,2024-03-31,32900.0,37,12
9292,575,2024-09-29,28000.0,35,12
9293,716,2023-12-21,45100.0,48,11
9294,5458,2025-08-28,75200.0,37,24
9295,4380,2022-11-16,37500.0,15,24
9296,3216,2022-12-22,29100.0,13,12
9297,7451,2026-01-07,43900.0,21,36
9298,1626,2025-06-07,40900.0,6,36
9299,6136,2025-05-09,37900.0,23,11
9300,7935,2023-02-10,48300.0,21,11
9301,5055,2023-04-10,60400.0,36,11
9302,4801,2023-05-13,51100.0,17,11
9303,821,2026-03-02,22500.0,14,11
9304,7959,2024-03-25,27600.0,35,11
9305,3879,2023-01-05,67000.0,30,36
9306,1388,2023-07-05,14600.0,27,12
9307,3305,2023-01-27,36300.0,53,12
9308,3703,2023-05-21,35900.0,26,11
9309,2173,2024-06-24,20800.0,24,11
9310,6867,2024-02-02,25700.0,28,12
9311,6099,2025-03-18,41400.0,31,11
9312,2514,2024-09-19,63500.0,41,11
9313,554,2023-10-28,28300.0,33,11
9314,5852,2025-04-28,20600.0,26,11
9315,6445,2025-06-07,40400.0,24,24
9316,2789,2026-07-01,45700.0,26,11
9317,3822,2026-04-09,27600.0,14,11
9318,6871,2023-08-18,14700.0,42,36
9319,2619,2024-04-11,21300.0,22,11
9320,7637,2024-08-20,33800.0,41,11
9321,2124,2022-09-02,42500.0,14,12
9322,6567,2026-04-20,40300.0,26,11
9323,2699,2024-08-26,38400.0,16,12
9324,3189,2026-07-20,36300.0,25,24
9325,1970,2024-08-03,20000.0,45,12
9326,626,2022-11-24,30100.0,16,12
9327,7322,2022-10-24,55200.0,28,11
9328,3729,2025-11-04,23800.0,13,11
9329,6550,2024-04-01,21300.0,25,11
9330,1231,2025-03-13,22500.0,17,11
9331,1798,2023-02-10,19900.0,16,11
9332,2622,2022-10-02,37200.0,33,11
9333,3250,2024-05-05,27900.0,9,12
9334,3153,2022-10-18,43800.0,26,12
9335,2688,2022-10-11,33600.0,25,11
9336,3237,2024-06-14,23200.0,25,11
9337,4424,2023-06-15,35900.0,29,11
9338,680,2024-10-13,22200.0,33,11
9339,5984,2025-03-20,33700.0,14,12
9340,5124,2024-05-25,24100.0,20,11
9341,6401,2025-07-22,32000.0,0,24
9342,7252,2024-09-06,30400.0,5,12
9343,7530,2023-06-02,20600.0,18,11
9344,3244,2022-09-04,19500.0,15,11
9345,2168,2023-08-26,16300.0,1,12
9346,7955,2025-12-31,25800.0,16,11
9347,5429,2024-01-15,17100.0,23,36
9348,4172,2023-06-27,23700.0,35,11
9349,5925,2026-05-09,46400.0,49,36
9350,6063,2023-12-13,32400.0,25,11
9351,6206,2023-10-10,22300.0,14,36
9352,4245,2025-05-07,27300.0,55,36
9353,732,2026-02-08,23000.0,13,12
9354,2657,2026-02-22,58400.0,5,24
9355,6304,2025-02-11,28600.0,26,12
9356,3683,2024-07-20,41800.0,33,12
9357,4775,2024-09-09,31300.0,42,11
9358,677,2025-02-02,34700.0,30,11
9359,286,2023-05-23,62300.0,35,11
9360,5965,2026-02-06,56800.0,55,12
9361,3994,2024-11-06,35400.0,7,24
9362,3649,2025-11-28,45000.0,6,11
9363,2284,2023-08-12,23400.0,26,12
9364,4698,2025-04-14,48600.0,7,11
9365,1497,2024-03-11,25900.0,43,11
9366,130,2026-07-30,24800.0,16,11
9367,4841,2023-08-13,18200.0,32,24
9368,7615,2026-06-05,42200.0,22,12
9369,6388,2024-05-06,19900.0,9,12
9370,7520,2025-08-11,46800.0,0,36
9371,2105,2023-12-08,28700.0,9,12
9372,7593,2025-02-16,44900.0,46,11
9373,3757,2025-12-12,36900.0,15,11
9374,7536,2026-06-05,31000.0,43,11
9375,6727,2026-08-11,32300.0,20,24
9376,7837,2026-03-10,34100.0,20,12
9377,2549,2024-11-01,52800.0,0,12
9378,5195,2025-04-08,28200.0,39,12
9379,1012,2026-03-28,45100.0,15,24
9380,7007,2026-08-14,14400.0,30,11
9381,2168,2024-12-25,14800.0,26,24
9382,2641,2022-09-23,38000.0,15,12
9383,4290,2026-08-13,23300.0,27,11
9384,2273,2026-07-09,51200.0,5,11
9385,4626,2022-10-08,56600.0,0,36
9386,3266,2025-02-20,25200.0,35,24
9387,3317,2024-02-14,27800.0,28,11
9388,4230,2022-08-27,43200.0,11,24
9389,4628,2025-06-27,43400.0,63,12
9390,346,2024-01-02,34600.0,17,24
9391,7749,2024-04-29,13900.0,27,11
9392,4565,2025-02-18,23100.0,26,24
9393,7441,2022-11-07,50400.0,17,24
9394,4811,2025-08-09,40600.0,10,11
9395,6946,2023-04-09,9500.0,48,36
9396,4931,2025-12-19,50800.0,29,11
9397,2327,2025-03-25,38200.0,35,11
9398,5032,2026-03-25,52500.0,38,36
9399,3279,2025-01-22,48100.0,34,36
9400,5593,2025-01-09,26800.0,0,24
9401,906,2025-02-14,32900.0,21,11
9402,2088,2024-02-27,52300.0,36,11
9403,1372,2023-07-05,24000.0,50,11
9404,7281,2026-06-21,30800.0,27,11
9405,3806,2025-12-03,19700.0,42,24
9406,2950,2023-04-18,41900.0,41,12
9407,7660,2023-08-14,20100.0,22,11
9408,5513,2026-01-12,48500.0,14,24
9409,4308,2024-03-25,33800.0,43,12
9410,7113,2023-09-10,20000.0,30,36
9411,2468,2022-08-24,21300.0,15,12
9412,1144,2023-08-12,61000.0,36,11
9413,4363,2024-05-24,26300.0,13,11
9414,3072,2025-03-15,50700.0,39,11
9415,1777,2023-02-07,24800.0,21,12
9416,1395,2024-01-18,52400.0,37,11
9417,2768,2025-11-08,33500.0,44,11
9418,4898,2025-12-31,14800.0,34,11
9419,942,2025-11-07,19100.0,39,11
9420,152,2025-05-13,33900.0,4,12
9421,595,2023-06-20,33500.0,22,12
9422,930,2023-04-15,25000.0,54,11
9423,2372,2023-02-07,42700.0,32,11
9424,5796,2026-02-05,49500.0,42,11
9425,503,2025-02-22,23600.0,0,11
9426,3883,2024-01-23,27600.0,52,11
9427,2196,2023-01-03,29800.0,7,24
9428,565,2026-07-16,24400.0,13,11
9429,5316,2023-12-09,41400.0,28,24
9430,1587,2022-09-21,47700.0,27,11
9431,2167,2023-02-23,39200.0,27,36
9432,3157,2022-12-12,26100.0,35,11
9433,3588,2026-06-04,16000.0,18,11
9434,157,2023-03-12,15800.0,20,11
9435,747,2022-10-15,16600.0,33,12
9436,6407,2026-08-15,26400.0,17,11
9437,7661,2026-01-19,35600.0,0,24
9438,7316,2026-05-14,36900.0,18,12
9439,5646,2023-02-20,28100.0,1,11
9440,7699,2026-04-08,31900.0,0,12
9441,4760,2023-11-02,32300.0,25,11
9442,6381,2026-02-17,26800.0,25,24
9443,7948,2025-10-05,58200.0,0,36
9444,6545,2022-10-06,29200.0,42,12
9445,3356,2023-08-02,35200.0,14,36
9446,7400,2026-07-03,39600.0,27,11
9447,155,2026-04-09,47300.0,9,11
9448,7285,2024-01-08,24700.0,5,12
9449,1016,2024-10-03,39100.0,17,12
9450,2345,2025-06-20,36600.0,49,12
9451,4732,2023-07-03,19200.0,25,11
9452,2972,2024-09-12,24200.0,20,11
9453,6194,2024-05-28,42600.0,17,12
9454,6825,2025-12-06,45800.0,50,11
9455,4932,2025-01-12,54300.0,1,11
9456,1205,2026-03-04,30700.0,23,12
9457,154,2024-12-24,23600.0,33,12
9458,4281,2024-09-25,40900.0,14,11
9459,7758,2025-08-17,30700.0,15,24
9460,6619,2023-09-19,31400.0,15,11
9461,5722,2025-07-02,19900.0,51,11
9462,1754,2025-03-09,44200.0,0,11
9463,3280,2023-12-11,53700.0,22,11
9464,6733,2024-09-26,32400.0,41,36
9465,6240,2023-01-20,80800.0,36,11
9466,2921,2026-01-24,49400.0,2,24
9467,801,2024-10-10,27400.0,18,11
9468,4472,2024-07-30,29000.0,3,11
9469,6252,2026-01-26,27000.0,22,11
9470,6876,2023-05-21,56200.0,39,12
9471,4372,2024-09-10,55900.0,42,11
9472,3855,2023-03-09,25700.0,28,24
9473,2944,2026-05-12,37400.0,9,11
9474,653,2026-01-15,39900.0,39,11
9475,6119,2024-12-24,28200.0,56,11
9476,7370,2026-02-08,25600.0,46,24
9477,4768,2023-01-10,18800.0,25,11
9478,676,2024-01-03,47900.0,21,12
9479,3509,2026-02-12,25100.0,25,11
9480,3871,2024-02-04,29400.0,12,11
9481,5548,2024-07-02,30800.0,13,11
9482,7163,2024-04-22,52700.0,25,24
9483,3787,2024-09-29,22400.0,13,11
9484,6019,2024-09-26,21400.0,40,11
9485,1095,2025-07-12,18800.0,33,11
9486,2400,2023-12-24,32100.0,5,11
9487,7163,2023-12-27,53900.0,53,11
9488,7207,2022-10-18,38900.0,22,11
9489,4607,2022-11-06,53400.0,23,11
9490,1240,2024-09-07,32200.0,41,11
9491,7117,2024-12-07,27900.0,17,24
9492,6074,2025-07-18,49500.0,25,24
9493,1180,2026-01-16,38000.0,54,36
9494,6849,2025-02-11,30100.0,27,12
9495,7863,2026-01-05,23800.0,20,24
9496,7588,2023-09-06,38500.0,32,36
9497,5354,2024-08-22,21600.0,20,11
9498,2566,2024-03-08,58000.0,58,24
9499,144,2025-05-02,35000.0,47,11
9500,2544,2023-12-27,75700.0,0,11
9501,7521,2025-12-06,24800.0,46,24
9502,3308,2025-09-06,24700.0,32,11
9503,4687,2024-09-06,34300.0,26,11
9504,5067,2023-10-05,23200.0,27,11
9505,3283,2025-08-04,27300.0,0,24
9506,6158,2026-03-04,16100.0,1,11
9507,4340,2026-01-05,18500.0,52,12
9508,5576,2025-07-31,29700.0,38,12
9509,3218,2024-09-03,13100.0,33,11
9510,3385,2023-03-07,36000.0,16,11
9511,1388,2023-08-28,14900.0,34,12
9512,7105,2024-04-05,36500.0,21,12
9513,2774,2023-10-18,17100.0,24,12
9514,4279,2023-08-01,20800.0,8,12
9515,1388,2023-12-18,14100.0,26,24
9516,4395,2024-05-29,20500.0,5,11
9517,7482,2026-01-13,42700.0,25,11
9518,4739,2025-01-06,27600.0,18,12
9519,3270,2024-01-29,23300.0,42,24
9520,303,2025-10-08,44200.0,47,36
9521,736,2025-01-14,20200.0,27,12
9522,5817,2025-10-31,31000.0,18,24
9523,3082,2026-05-15,38000.0,42,12
9524,5678,2024-02-09,24400.0,41,11
9525,68,2023-12-18,37000.0,44,11
9526,3925,2024-09-04,33200.0,41,11
9527,4087,2026-01-25,24900.0,65,12
9528,2561,2024-08-30,20400.0,30,12
9529,1572,2025-06-24,21900.0,0,11
9530,401,2025-04-16,38300.0,16,12
9531,4822,2024-06-02,8500.0,55,12
9532,3440,2025-09-26,27200.0,37,12
9533,5803,2023-11-01,22500.0,48,24
9534,1191,2025-09-14,35000.0,22,11
9535,4933,2024-06-10,15900.0,12,12
9536,564,2024-08-14,35100.0,19,11
9537,6175,2024-08-09,49600.0,43,12
9538,7075,2024-02-14,32700.0,34,24
9539,3746,2026-02-16,12900.0,53,12
9540,1790,2024-02-11,29600.0,25,24
9541,3011,2026-02-24,21200.0,28,12
9542,2715,2023-02-07,37500.0,14,11
9543,2858,2023-07-02,49000.0,53,12
9544,2380,2024-06-03,26600.0,30,11
9545,6950,2026-01-15,52600.0,57,24
9546,7219,2025-07-31,55900.0,0,11
9547,5206,2025-11-18,52900.0,30,36
9548,2003,2023-08-17,20800.0,14,12
9549,1637,2025-01-06,51800.0,36,12
9550,2856,2025-02-04,29100.0,22,11
9551,1513,2022-09-13,36200.0,33,36
9552,6361,2022-11-18,45000.0,22,12
9553,1129,2023-10-10,44300.0,27,12
9554,3356,2023-12-16,36900.0,32,11
9555,7085,2024-02-03,39800.0,31,24
9556,7660,2026-07-26,20700.0,46,11
9557,7576,2024-10-27,13400.0,39,12
9558,6584,2023-11-16,35600.0,34,12
9559,5622,2025-05-21,20000.0,34,11
9560,6405,2024-04-18,40300.0,28,11
9561,6884,2026-03-21,16500.0,43,24
9562,1328,2026-04-28,31500.0,29,11
9563,5942,2026-01-06,14600.0,29,24
9564,6846,2023-01-21,31700.0,14,24
9565,5106,2024-05-03,18400.0,7,12
9566,5421,2023-06-04,45400.0,22,36
9567,7590,2024-11-20,57900.0,13,36
9568,3970,2025-10-14,44400.0,17,11
9569,7645,2025-04-08,59500.0,17,12
9570,1570,2024-08-02,23700.0,21,12
9571,7938,2023-04-02,19000.0,25,11
9572,78,2024-02-02,30600.0,23,11
9573,2895,2023-07-08,31400.0,29,11
9574,3493,2026-03-29,48600.0,34,11
9575,2782,2026-05-09,35400.0,10,11
9576,3712,2025-09-27,28500.0,37,11
9577,1567,2024-05-10,74000.0,22,12
9578,239,2023-09-08,56500.0,13,12
9579,5371,2025-07-27,34400.0,0,12
9580,2040,2022-09-19,30400.0,35,12
9581,5430,2023-11-02,47900.0,22,12
9582,3510,2025-10-05,19800.0,35,11
9583,280,2026-04-12,52700.0,34,11
9584,3161,2026-07-30,33900.0,0,12
9585,532,2024-08-06,30100.0,14,11
9586,4375,2025-05-08,48300.0,19,12
9587,4314,2024-03-22,38900.0,16,11
9588,5486,2023-06-04,23800.0,35,11
9589,5978,2022-11-19,31700.0,9,11
9590,7696,2023-10-07,50700.0,47,11
9591,3197,2024-02-08,19600.0,0,11
9592,5305,2023-02-01,38100.0,28,11
9593,4680,2025-02-21,56200.0,25,24
9594,7886,2023-09-27,23300.0,35,12
9595,7340,2024-08-14,46400.0,29,12
9596,1838,2026-05-08,25300.0,18,11
9597,2179,2025-11-28,18200.0,6,11
9598,7476,2022-11-09,26200.0,28,12
9599,6853,2023-10-07,24500.0,24,24
9600,6907,2024-02-03,39900.0,45,12
9601,6638,2024-11-08,35800.0,7,11
9602,831,2025-10-17,42600.0,31,12
9603,2754,2024-01-18,27000.0,64,12
9604,446,2025-02-14,42700.0,45,36
9605,3216,2023-12-24,29000.0,13,11
9606,6810,2025-12-15,23700.0,13,12
9607,143,2026-04-30,57100.0,8,12
9608,4387,2025-11-02,38800.0,26,11
9609,1441,2026-06-19,14100.0,12,36
9610,4577,2024-04-30,26900.0,41,11
9611,6869,2024-11-12,46900.0,18,24
9612,543,2026-07-06,21500.0,3,11
9613,1754,2023-06-29,47000.0,20,11
9614,3447,2024-02-15,28200.0,23,11
9615,1055,2026-07-07,40400.0,55,24
9616,3424,2025-04-07,53500.0,14,11
9617,1441,2025-06-06,14900.0,32,12
9618,6367,2026-01-28,39300.0,62,11
9619,6212,2024-04-16,41200.0,43,11
9620,6816,2024-09-01,35200.0,22,12
9621,5391,2024-11-15,35300.0,32,12
9622,4604,2025-10-05,9400.0,42,11
9623,7135,2024-01-22,22600.0,21,11
9624,1200,2022-08-31,46000.0,6,12
9625,906,2026-08-03,30100.0,31,11
9626,3420,2025-08-10,48100.0,21,12
9627,4621,2022-12-31,19400.0,30,12
9628,1679,2024-08-23,59900.0,25,11
9629,477,2025-09-02,32800.0,40,24
9630,3010,2022-11-02,26000.0,28,11
9631,555,2023-06-09,45100.0,24,11
9632,4833,2024-07-12,26200.0,22,24
9633,3682,2024-02-12,43700.0,42,11
9634,7828,2023-12-14,17200.0,23,11
9635,5248,2024-07-08,48600.0,16,11
9636,2889,2023-12-02,35900.0,10,36
9637,3810,2023-04-08,41800.0,35,11
9638,6050,2025-02-19,23600.0,47,11
9639,367,2024-12-13,24200.0,12,11
9640,2214,2024-12-18,32000.0,52,12
9641,3390,2023-07-11,28700.0,59,24
9642,554,2024-11-09,28500.0,36,11
9643,3320,2026-03-08,17400.0,29,11
9644,6809,2025-09-30,31200.0,24,12
9645,4836,2025-02-05,18500.0,24,12
9646,1980,2026-06-30,63200.0,29,11
9647,5900,2026-02-11,82600.0,41,24
9648,980,2025-04-22,31100.0,20,11
9649,3076,2024-04-24,24100.0,26,11
9650,3894,2024-09-22,14000.0,14,24
9651,900,2026-06-16,16700.0,8,12
9652,3929,2026-03-02,45400.0,30,24
9653,7074,2026-07-26,27700.0,0,11
9654,888,2024-10-26,17600.0,25,11
9655,4717,2025-03-21,20700.0,40,24
9656,3056,2022-09-24,52200.0,7,36
9657,5639,2022-12-26,19800.0,43,12
9658,883,2024-02-09,46500.0,21,11
9659,6380,2025-10-17,45000.0,32,12
9660,5320,2024-11-03,16300.0,20,12
9661,4410,2025-01-08,46600.0,21,36
9662,7442,2023-01-02,58800.0,10,12
9663,3281,2024-02-10,44000.0,18,11
9664,2964,2023-06-14,14900.0,26,11
9665,2294,2022-10-22,13900.0,38,11
9666,19,2024-04-04,18500.0,45,12
9667,652,2022-10-29,32100.0,42,12
9668,3155,2025-01-28,20000.0,26,11
9669,5315,2023-05-24,29400.0,43,24
9670,332,2025-05-06,22700.0,15,11
9671,883,2023-08-01,46000.0,24,11
9672,787,2023-07-03,30500.0,18,24
9673,4591,2024-11-30,30500.0,20,11
9674,4839,2023-08-10,18200.0,58,12
9675,2405,2024-12-25,86400.0,7,11
9676,3420,2023-05-17,48200.0,38,24
9677,3602,2022-08-23,37300.0,29,36
9678,7766,2025-04-23,40400.0,48,11
9679,3012,2023-07-31,17600.0,11,11
9680,6941,2024-11-15,31100.0,44,24
9681,7136,2024-06-03,31100.0,81,12
9682,5236,2023-04-24,17600.0,22,12
9683,2624,2025-04-02,80900.0,32,12
9684,1712,2026-06-10,31700.0,34,24
9685,2742,2024-11-14,45200.0,36,24
9686,3463,2025-02-03,29700.0,4,11
9687,752,2024-09-29,11900.0,3,11
9688,1580,2023-10-07,46900.0,38,11
9689,4669,2026-05-23,28500.0,42,12
9690,2310,2024-09-17,22000.0,37,11
9691,1163,2025-08-23,23700.0,33,11
9692,5242,2024-04-13,26000.0,36,12
9693,7098,2024-06-11,36700.0,25,12
9694,6763,2024-04-01,34500.0,37,11
9695,891,2025-08-16,54100.0,59,11
9696,4660,2023-09-22,37300.0,33,24
9697,2351,2026-01-03,18500.0,21,12
9698,5768,2023-03-05,42100.0,37,11
9699,765,2022-08-31,45300.0,27,11
9700,5680,2023-07-25,53100.0,9,11
9701,5998,2024-09-06,29200.0,28,11
9702,7278,2023-01-02,55000.0,19,11
9703,870,2023-10-23,24000.0,46,12
9704,3820,2025-08-09,40700.0,40,11
9705,2334,2024-04-02,41400.0,11,36
9706,1360,2023-10-20,35400.0,22,11
9707,483,2023-09-30,62500.0,35,11
9708,2787,2025-07-18,20000.0,15,11
9709,3163,2024-04-14,30600.0,0,11
9710,6493,2023-09-25,33400.0,32,11
9711,7150,2022-10-02,43000.0,34,24
9712,4326,2024-06-26,24300.0,4,12
9713,7200,2024-11-13,28200.0,24,11
9714,5366,2025-09-12,28700.0,27,36
9715,4609,2025-09-10,48800.0,30,11
9716,5664,2025-09-05,43900.0,14,24
9717,5534,2025-01-11,53100.0,19,11
9718,1297,2024-05-15,29000.0,26,11
9719,5798,2023-08-05,38500.0,28,12
9720,4275,2025-01-03,60600.0,17,12
9721,2660,2025-03-28,26200.0,12,24
9722,6086,2024-09-15,25400.0,30,11
9723,7698,2025-05-14,29200.0,17,11
9724,1501,2024-10-31,24300.0,37,12
9725,381,2024-05-29,31300.0,39,11
9726,7714,2026-01-19,37800.0,35,11
9727,1718,2023-09-22,49200.0,13,36
9728,5285,2024-11-24,28800.0,48,11
9729,243,2023-11-17,19200.0,18,24
9730,7617,2024-09-27,21000.0,41,11
9731,937,2025-04-15,21100.0,9,36
9732,5805,2023-11-10,40600.0,29,24
9733,6546,2026-06-07,37000.0,40,12
9734,7441,2024-03-03,55500.0,20,11
9735,7004,2025-01-27,35400.0,46,11
9736,5488,2026-07-25,26000.0,14,11
9737,70,2024-11-28,88200.0,17,12
9738,4015,2025-06-12,39700.0,24,11
9739,6331,2023-08-19,39500.0,49,24
9740,5624,2025-11-15,29100.0,22,36
9741,2131,2023-12-15,23100.0,43,12
9742,2051,2024-05-19,38800.0,17,11
9743,816,2023-11-17,26500.0,9,11
9744,7768,2023-03-18,51200.0,22,11
9745,5252,2025-02-03,14100.0,28,12
9746,2842,2022-09-03,24600.0,0,11
9747,5032,2023-03-30,57500.0,33,24
9748,769,2024-02-24,31700.0,26,36
9749,6633,2025-10-22,31300.0,36,24
9750,2039,2025-09-01,25400.0,26,12
9751,6060,2026-01-08,14800.0,23,11
9752,1352,2026-05-22,44100.0,61,12
9753,2381,2025-11-08,31000.0,27,36
9754,5829,2023-09-15,28400.0,3,12
9755,110,2026-06-15,16100.0,54,11
9756,1038,2024-03-09,22800.0,38,11
9757,7501,2024-04-22,15200.0,28,11
9758,6184,2026-08-14,49200.0,30,12
9759,6832,2024-09-16,17900.0,30,11
9760,5990,2026-06-20,52500.0,22,36
9761,3956,2023-02-13,56900.0,20,12
9762,25,2026-07-31,39600.0,30,11
9763,5050,2023-05-12,26000.0,17,12
9764,2902,2023-03-11,35500.0,42,12
9765,750,2025-10-04,21000.0,15,11
9766,6331,2023-03-21,41800.0,14,12
9767,180,2025-04-17,47800.0,9,11
9768,233,2025-03-26,22600.0,21,11
9769,1961,2026-07-14,30400.0,27,12
9770,345,2025-03-20,13100.0,36,11
9771,4677,2023-09-13,21800.0,34,11
9772,6043,2024-11-15,57200.0,9,12
9773,2680,2023-03-08,68400.0,0,12
9774,459,2026-03-31,31900.0,33,36
9775,5471,2023-07-16,30200.0,20,12
9776,4488,2023-06-19,43500.0,37,12
9777,5452,2024-07-30,48200.0,19,11
9778,6538,2024-11-12,35200.0,26,12
9779,4731,2023-09-18,22800.0,22,11
9780,6977,2026-07-23,49300.0,38,24
9781,7224,2025-05-02,32600.0,7,12
9782,2327,2022-11-21,41100.0,16,11
9783,7547,2024-09-09,15500.0,15,24
9784,605,2024-08-07,26400.0,14,11
9785,3965,2023-11-02,30500.0,30,11
9786,4634,2026-03-02,43000.0,8,12
9787,5089,2024-09-18,70000.0,28,11
9788,7318,2023-12-10,42500.0,36,11
9789,6002,2024-08-21,28400.0,52,12
9790,4601,2022-11-03,27700.0,36,12
9791,2728,2023-09-11,59600.0,23,12
9792,2183,2023-12-14,14100.0,26,12
9793,6872,2024-12-20,31900.0,5,36
9794,4057,2025-05-18,57400.0,26,12
9795,1600,2026-04-15,38800.0,0,11
9796,311,2023-12-08,26400.0,3,11
9797,7201,2025-09-26,31300.0,31,12
9798,345,2025-04-14,13100.0,25,11
9799,439,2025-03-29,28100.0,60,11
9800,177,2025-04-19,37900.0,33,11
9801,139,2025-10-18,36800.0,30,36
9802,194,2024-02-14,25400.0,31,11
9803,3337,2025-11-02,31700.0,22,11
9804,7539,2024-08-23,45400.0,22,36
9805,3315,2024-11-17,36900.0,0,24
9806,5398,2022-08-23,33600.0,46,11
9807,960,2026-03-07,19900.0,22,11
9808,4726,2023-12-25,8400.0,36,12
9809,3970,2026-01-12,48500.0,28,12
9810,5844,2023-02-28,46200.0,11,11
9811,3188,2024-03-19,30300.0,32,11
9812,3033,2025-08-17,14600.0,15,12
9813,6486,2025-03-29,34500.0,7,11
9814,4944,2023-09-05,31400.0,53,11
9815,5069,2023-08-28,35300.0,3,11
9816,7598,2025-01-15,40400.0,35,24
9817,971,2023-06-29,30700.0,7,36
9818,1331,2024-04-16,45300.0,21,11
9819,5491,2023-07-13,18700.0,34,24
9820,3464,2024-07-02,55900.0,24,11
9821,5964,2024-02-08,25100.0,24,36
9822,2947,2023-01-23,60700.0,30,11
9823,2236,2026-06-25,41100.0,39,12
9824,4999,2024-01-20,40500.0,26,11
9825,554,2026-03-01,29100.0,16,11
9826,6065,2025-10-31,22500.0,45,11
9827,5227,2023-05-06,41400.0,49,11
9828,1971,2022-11-17,22500.0,49,11
9829,5772,2023-03-28,14300.0,30,12
9830,4246,2026-07-22,43100.0,28,24
9831,6386,2024-09-03,29100.0,24,11
9832,5,2024-05-28,22100.0,41,11
9833,3565,2024-06-16,30100.0,37,36
9834,5656,2023-01-12,19200.0,42,24
9835,3333,2024-02-09,17100.0,30,12
9836,7334,2022-11-02,55600.0,15,24
9837,1393,2023-12-08,27800.0,5,11
9838,1862,2025-02-27,30100.0,35,24
9839,5499,2023-01-02,57900.0,2,12
9840,6364,2026-07-08,21600.0,31,12
9841,2722,2024-01-09,32900.0,39,36
9842,3008,2026-05-30,49100.0,22,11
9843,6988,2022-09-20,39300.0,26,36
9844,1301,2023-12-30,17400.0,0,36
9845,3408,2024-02-17,67300.0,21,24
9846,3744,2023-01-14,27200.0,36,11
9847,3015,2023-07-12,13000.0,26,11
9848,3090,2026-02-24,67300.0,39,12
9849,1159,2024-10-27,40500.0,21,24
9850,4871,2022-10-31,35900.0,30,11
9851,6882,2022-12-25,19600.0,49,12
9852,2694,2023-09-08,29000.0,19,12
9853,6771,2023-05-20,15700.0,25,11
9854,3101,2023-05-18,23300.0,20,12
9855,3091,2023-05-18,49600.0,20,11
9856,5498,2024-11-19,20900.0,45,11
9857,6927,2026-02-08,21800.0,21,12
9858,5207,2024-07-15,22900.0,12,11
9859,6149,2024-04-29,21300.0,33,11
9860,4481,2025-06-22,38500.0,10,36
9861,7283,2023-06-15,32800.0,28,36
9862,3235,2026-01-18,16100.0,15,11
9863,5442,2025-04-27,20200.0,44,24
9864,6288,2025-05-26,38900.0,21,11
9865,7472,2022-10-28,30100.0,15,11
9866,5144,2023-10-01,23000.0,18,12
9867,255,2023-06-18,25900.0,16,11
9868,5426,2024-10-28,20700.0,5,12
9869,331,2022-08-22,49500.0,6,11
9870,2648,2022-10-18,12900.0,24,24
9871,2894,2026-07-24,34300.0,23,12
9872,3116,2025-11-01,25300.0,41,11
9873,1451,2025-02-04,31400.0,5,11
9874,5759,2022-12-11,26000.0,24,11
9875,7784,2025-12-05,46700.0,2,11
9876,3484,2022-10-22,53100.0,31,24
9877,2959,2024-02-02,64400.0,19,11
9878,5407,2023-02-21,39000.0,17,11
9879,5936,2022-12-17,23500.0,25,11
9880,6647,2023-09-14,43400.0,17,36
9881,5416,2024-06-20,21600.0,21,12
9882,665,2025-12-27,30400.0,12,12
9883,5604,2025-09-30,13100.0,36,12
9884,773,2026-04-22,64300.0,37,11
9885,6927,2024-12-14,22500.0,15,12
9886,1839,2025-09-13,34700.0,9,11
9887,5274,2024-01-30,65900.0,70,11
9888,3042,2025-01-10,19400.0,38,36
9889,4615,2023-12-20,7000.0,32,12
9890,3509,2023-03-01,23100.0,26,12
9891,256,2022-09-16,20900.0,25,12
9892,5380,2023-05-10,40700.0,22,11
9893,3911,2025-02-05,17000.0,0,11
9894,1918,2024-05-08,36900.0,10,11
9895,2819,2026-06-18,67100.0,22,12
9896,2682,2025-11-03,29200.0,38,12
9897,5107,2023-06-30,44900.0,25,12
9898,6283,2026-04-01,34400.0,27,11
9899,7948,2024-08-25,65500.0,11,24
9900,4215,2023-05-30,22400.0,12,11
9901,3075,2023-11-18,62000.0,46,24
9902,4620,2026-02-07,34800.0,48,11
9903,3822,2025-02-21,27200.0,16,11
9904,1272,2024-07-20,15100.0,25,11
9905,6097,2026-03-22,19200.0,35,12
9906,6782,2025-07-06,33600.0,30,11
9907,5476,2023-02-16,35300.0,22,11
9908,6515,2022-10-17,50700.0,13,24
9909,1029,2022-12-10,39500.0,10,12
9910,4416,2025-01-05,27900.0,22,11
9911,1544,2023-03-31,40500.0,45,11
9912,2003,2026-03-11,21200.0,24,11
9913,2563,2023-03-12,34600.0,42,11
9914,4866,2024-03-28,22200.0,3,36
9915,2741,2024-12-25,26300.0,17,11
9916,7465,2023-10-14,18200.0,22,24
9917,1008,2025-11-06,20800.0,24,11
9918,4384,2023-06-09,59500.0,31,24
9919,256,2024-06-21,21200.0,29,12
9920,4257,2023-10-06,37700.0,27,11
9921,4818,2024-06-03,17200.0,18,12
9922,6617,2026-07-01,8300.0,35,11
9923,6961,2023-04-03,48800.0,4,11
9924,7116,2023-10-08,37100.0,31,12
9925,5081,2022-12-18,22300.0,13,11
9926,7734,2023-02-20,14400.0,34,12
9927,6580,2023-10-06,22600.0,7,11
9928,5845,2025-10-31,38100.0,40,11
9929,4556,2023-05-09,43800.0,22,11
9930,257,2024-05-01,55600.0,28,12
9931,1028,2024-01-15,29000.0,3,11
9932,6634,2026-01-21,22700.0,10,11
9933,1794,2023-05-03,53800.0,57,11
9934,7847,2023-06-10,20200.0,13,11
9935,2628,2022-12-24,42900.0,12,12
9936,3999,2024-04-15,40500.0,29,11
9937,3068,2024-01-21,23800.0,25,11
9938,2866,2024-09-03,26200.0,27,11
9939,3853,2024-04-22,47500.0,28,12
9940,4483,2023-03-20,31200.0,49,11
9941,3466,2024-06-12,34300.0,28,11
9942,99,2023-12-17,29400.0,17,12
9943,197,2023-03-26,32100.0,51,12
9944,2585,2024-06-17,20600.0,0,11
9945,895,2023-03-10,19700.0,34,11
9946,7547,2022-11-07,15700.0,13,12
9947,1910,2023-08-08,38100.0,17,11
9948,6903,2025-02-24,37400.0,28,36
9949,2724,2024-07-11,32000.0,10,11
9950,1419,2022-11-11,49600.0,21,11
9951,2468,2024-06-14,21000.0,41,12
9952,578,2023-11-21,22000.0,24,11
9953,2695,2022-08-31,15400.0,23,12
9954,7396,2026-03-11,22900.0,48,11
9955,1091,2024-01-22,4600.0,4,36
9956,425,2025-08-17,34600.0,32,11
9957,2950,2026-01-01,43200.0,11,11
9958,1232,2025-05-17,34000.0,23,24
9959,553,2024-05-18,38200.0,8,36
9960,4260,2024-08-01,21200.0,28,11
9961,3724,2024-05-03,31600.0,39,36
9962,7426,2022-08-24,43200.0,33,11
9963,1251,2024-06-25,26900.0,9,11
9964,3248,2022-12-09,36200.0,19,11
9965,781,2022-12-01,35100.0,32,12
9966,6587,2023-05-06,43300.0,16,24
9967,3742,2025-06-04,40100.0,10,11
9968,5926,2022-12-31,23800.0,33,11
9969,6659,2024-03-01,25400.0,25,11
9970,665,2026-02-10,32300.0,21,12
9971,6968,2025-01-10,22100.0,6,12
9972,2500,2025-11-15,34400.0,55,12
9973,6017,2026-07-09,19800.0,7,12
9974,221,2024-02-04,37000.0,0,36
9975,3751,2025-10-25,44400.0,25,24
9976,4377,2024-12-06,28700.0,17,11
9977,4506,2023-07-21,30000.0,32,11
9978,2626,2025-06-02,20800.0,21,11
9979,5638,2023-07-23,34700.0,41,11
9980,1034,2025-02-24,29600.0,31,11
9981,2096,2024-02-12,30700.0,13,11
9982,7158,2024-10-01,53100.0,40,24
9983,4078,2025-07-27,36500.0,0,11
9984,5055,2025-06-08,56100.0,48,11
9985,5011,2026-07-04,28500.0,12,11
9986,7604,2026-02-12,29400.0,10,11
9987,4411,2024-04-22,19400.0,13,11
9988,3091,2024-07-11,44300.0,6,12
9989,3767,2022-11-09,73300.0,33,11
9990,1474,2024-05-27,47800.0,19,11
9991,4290,2023-10-27,21200.0,24,11
9992,3082,2023-03-20,37800.0,34,24
9993,7847,2023-01-25,20700.0,34,12
9994,581,2024-09-29,30100.0,35,12
9995,1363,2022-10-05,39400.0,18,12
9996,4860,2023-09-20,16100.0,39,12
9997,7234,2024-03-20,24200.0,0,11
9998,4096,2023-09-11,32100.0,30,11
9999,5752,2025-08-19,22200.0,24,11
10000,3209,2025-10-08,34700.0,31,11
