listing_id,property_id,listing_date,asking_price,status,days_on_market,price_change_pct
1,7271,2025-07-08,12763000.0,Sold,95,-2.67
2,7604,2025-09-07,12414000.0,Sold,38,2.24
3,861,2025-11-07,11327000.0,Sold,64,-5.65
4,5391,2025-05-09,11033000.0,Expired,50,2.28
5,5227,2024-01-23,15248000.0,Active,130,-3.16
6,5192,2023-09-26,15367000.0,Active,116,-3.1
7,3773,2023-11-03,11809000.0,Sold,66,0.47
8,3093,2025-12-16,15617000.0,Sold,23,1.66
9,5735,2026-05-08,16987000.0,Withdrawn,138,4.28
10,6266,2024-08-08,12857000.0,Withdrawn,132,-3.07
11,467,2024-07-19,10964000.0,Expired,105,-6.29
12,5335,2025-02-22,12010000.0,Active,76,-1.61
13,4427,2025-12-20,20867000.0,Active,16,-1.43
14,5579,2023-12-05,15184000.0,Active,54,2.03
15,6232,2025-06-15,12180000.0,Active,12,-3.74
16,3445,2024-03-15,10954000.0,Sold,67,-0.47
17,3172,2024-10-21,13116000.0,Active,87,-2.18
18,2920,2024-09-23,4613000.0,Sold,50,-1.81
19,7832,2024-05-17,12550000.0,Active,88,4.24
20,131,2026-07-29,11812000.0,Withdrawn,20,-3.67
21,1686,2024-03-29,14186000.0,Sold,35,-2.19
22,7477,2024-05-06,17411000.0,Sold,112,-2.83
23,770,2024-07-31,4582000.0,Sold,103,-1.26
24,2392,2025-10-04,5784000.0,Sold,65,-4.21
25,5612,2024-09-26,14640000.0,Expired,91,5.34
26,7582,2024-07-16,12884000.0,Sold,113,-3.86
27,6950,2025-01-11,22075000.0,Withdrawn,68,-2.14
28,2434,2026-03-31,11405000.0,Active,67,0.44
29,5312,2023-08-23,11691000.0,Expired,121,0.79
30,5052,2026-02-03,13571000.0,Active,103,0.84
31,6421,2026-05-02,12610000.0,Sold,89,-7.3
32,1185,2023-12-28,8866000.0,Active,71,-0.98
33,4556,2025-12-12,11732000.0,Expired,139,-0.45
34,3386,2024-06-03,10399000.0,Active,57,3.31
35,4118,2024-12-26,17203000.0,Active,92,-0.1
36,6397,2024-12-24,9029000.0,Active,79,0.72
37,4844,2025-07-21,15152000.0,Withdrawn,154,-3.48
38,2905,2024-01-27,14081000.0,Expired,122,-1.89
39,7729,2025-12-28,9287000.0,Withdrawn,145,-1.69
40,475,2023-08-31,9283000.0,Withdrawn,16,4.09
41,1083,2026-07-14,15198000.0,Sold,5,-0.93
42,2559,2024-06-10,13936000.0,Active,15,-4.94
43,7850,2023-10-26,15114000.0,Expired,190,-4.45
44,2048,2026-02-02,17270000.0,Sold,98,-4.71
45,7644,2024-08-27,17385000.0,Active,66,-6.03
46,2748,2025-09-25,10421000.0,Sold,103,-0.88
47,976,2025-07-02,21727000.0,Sold,84,-5.17
48,1807,2025-04-15,8811000.0,Expired,12,-2.86
49,190,2025-09-03,10828000.0,Active,19,-2.45
50,7102,2026-01-18,7748000.0,Active,37,-3.4
51,2735,2026-03-22,14761000.0,Sold,85,-0.6
52,3006,2026-05-24,13482000.0,Active,162,1.46
53,4659,2025-07-07,14569000.0,Sold,98,-0.42
54,1900,2025-04-30,8123000.0,Active,90,-3.19
55,7735,2025-01-16,14306000.0,Sold,96,-1.56
56,1268,2024-12-24,8639000.0,Active,63,-0.8
57,6976,2026-02-26,13954000.0,Sold,80,3.56
58,1529,2025-04-01,9182000.0,Sold,20,0.05
59,3203,2024-10-10,11133000.0,Sold,169,0.21
60,3557,2023-12-16,5104000.0,Sold,24,-8.23
61,3891,2024-10-07,13936000.0,Sold,33,-4.2
62,647,2024-12-19,15058000.0,Withdrawn,67,-2.5
63,6165,2023-09-29,11868000.0,Active,53,7.51
64,2889,2025-06-12,13543000.0,Sold,86,1.22
65,6311,2025-02-10,19029000.0,Sold,74,-4.46
66,5394,2025-11-07,12421000.0,Active,18,-6.71
67,2436,2026-07-15,11484000.0,Sold,5,-2.69
68,601,2025-12-15,13149000.0,Sold,71,-2.17
69,2364,2024-05-07,16180000.0,Sold,94,-0.5
70,2062,2025-12-03,13873000.0,Sold,78,1.07
71,242,2023-11-03,14020000.0,Active,90,3.18
72,2042,2023-10-21,24080000.0,Active,61,-1.59
73,2825,2024-09-03,11833000.0,Withdrawn,5,-4.13
74,7514,2024-09-20,10326000.0,Sold,79,-6.52
75,2613,2026-02-09,13269000.0,Active,134,-0.79
76,7042,2023-11-20,9788000.0,Active,40,0.48
77,1364,2024-10-07,8681000.0,Active,70,0.38
78,6236,2025-12-09,18783000.0,Sold,111,1.73
79,5487,2024-03-14,8810000.0,Sold,119,-3.66
80,7100,2025-10-14,7661000.0,Active,101,-4.34
81,1479,2023-11-08,11691000.0,Sold,46,-4.0
82,7596,2025-05-26,12099000.0,Active,53,-2.06
83,2557,2026-08-14,8426000.0,Sold,115,-4.18
84,776,2024-10-04,12226000.0,Active,46,-1.87
85,4015,2025-07-25,14873000.0,Sold,27,-6.36
86,35,2023-09-19,12376000.0,Active,64,3.7
87,6350,2025-06-09,5746000.0,Withdrawn,33,-5.46
88,3153,2026-01-31,13385000.0,Active,168,2.74
89,1956,2025-10-20,6196000.0,Sold,113,-7.88
90,1586,2023-10-06,14171000.0,Sold,59,-1.97
91,3944,2024-09-07,13795000.0,Active,28,-2.29
92,7556,2025-10-14,17006000.0,Active,167,-4.61
93,3074,2025-07-09,22044000.0,Active,66,-6.68
94,1022,2026-06-02,15427000.0,Active,24,1.83
95,3462,2026-03-30,11586000.0,Sold,97,-0.13
96,2614,2026-02-12,21063000.0,Sold,68,-3.11
97,5226,2026-07-28,10491000.0,Sold,45,-1.49
98,3844,2024-08-20,14233000.0,Active,95,-0.4
99,7990,2024-03-29,6832000.0,Sold,60,-6.88
100,1501,2026-02-26,8676000.0,Active,9,1.62
101,4799,2025-01-12,11779000.0,Active,125,-1.86
102,6546,2025-08-16,10313000.0,Active,68,-1.32
103,6874,2026-03-11,20112000.0,Sold,200,-3.65
104,5676,2026-08-09,8993000.0,Sold,51,-1.43
105,162,2026-03-25,10975000.0,Sold,5,-2.91
106,4298,2023-08-27,14338000.0,Sold,130,1.93
107,1982,2024-06-01,18860000.0,Sold,50,-3.65
108,996,2024-03-04,9719000.0,Active,114,-1.56
109,6414,2023-09-02,11580000.0,Sold,135,-4.33
110,4912,2025-03-31,14234000.0,Active,73,-4.14
111,3343,2025-07-30,11058000.0,Active,63,-1.68
112,4552,2024-11-28,25797000.0,Active,65,-2.18
113,7630,2025-08-04,10453000.0,Sold,27,-0.82
114,3799,2025-10-18,13656000.0,Sold,34,-5.11
115,1276,2024-12-25,9108000.0,Sold,62,-3.21
116,1017,2025-05-17,6343000.0,Expired,113,-4.32
117,7870,2026-02-02,14832000.0,Active,101,1.85
118,6440,2024-11-12,11452000.0,Sold,131,1.77
119,7893,2025-11-30,8018000.0,Withdrawn,14,-2.11
120,6864,2026-07-27,17962000.0,Active,44,0.76
121,7917,2026-02-14,18757000.0,Active,73,-1.66
122,338,2025-08-09,14261000.0,Expired,125,-1.44
123,879,2025-12-30,13460000.0,Active,112,-7.12
124,1077,2026-02-02,7770000.0,Sold,117,-3.77
125,4888,2023-10-30,8067000.0,Withdrawn,32,-8.83
126,3994,2025-04-25,11507000.0,Sold,86,-5.39
127,6361,2025-03-03,12873000.0,Sold,108,1.55
128,4860,2026-03-25,5592000.0,Active,43,-3.13
129,6332,2025-11-07,13589000.0,Active,93,-6.04
130,380,2023-09-17,9716000.0,Expired,133,-0.57
131,493,2025-06-14,13252000.0,Sold,102,-1.04
132,7209,2026-06-14,12217000.0,Active,64,-2.6
133,5277,2024-04-17,10106000.0,Active,5,-0.74
134,2063,2026-02-23,7832000.0,Sold,147,-2.84
135,3885,2025-05-25,7530000.0,Sold,47,-3.88
136,65,2023-11-02,7538000.0,Sold,8,0.65
137,2569,2024-06-20,14887000.0,Sold,72,1.22
138,5464,2025-05-07,13292000.0,Sold,5,-0.37
139,5249,2026-01-28,10306000.0,Active,23,2.33
140,2028,2023-11-01,17370000.0,Sold,132,3.6
141,2696,2025-01-13,10271000.0,Active,116,2.2
142,1496,2023-10-12,15437000.0,Active,87,-5.95
143,7231,2024-03-22,12785000.0,Sold,65,1.05
144,5259,2024-01-15,12097000.0,Withdrawn,131,-3.78
145,5619,2025-09-14,6720000.0,Expired,39,0.35
146,6737,2025-08-19,10186000.0,Sold,104,-2.84
147,392,2025-03-20,17700000.0,Expired,62,-3.45
148,5795,2024-08-31,12884000.0,Sold,14,-1.53
149,4515,2026-03-02,13375000.0,Expired,71,-3.66
150,6433,2025-08-21,8144000.0,Active,69,-3.58
151,4475,2025-09-14,4509000.0,Sold,64,1.27
152,5893,2025-01-07,13293000.0,Active,33,-9.2
153,3562,2026-02-07,18483000.0,Sold,27,0.4
154,2279,2026-03-09,8969000.0,Sold,58,-1.22
155,7162,2025-12-27,7148000.0,Withdrawn,112,3.01
156,6185,2023-11-20,8190000.0,Active,45,-0.95
157,3100,2025-08-24,7401000.0,Expired,82,-4.22
158,6279,2025-01-09,8012000.0,Active,72,-7.95
159,201,2025-09-22,14938000.0,Sold,50,-5.15
160,5960,2025-02-25,5952000.0,Sold,42,-3.45
161,4876,2026-04-11,8421000.0,Expired,63,-3.06
162,7074,2023-12-08,6874000.0,Active,120,-0.73
163,3105,2025-04-28,11139000.0,Sold,54,-3.38
164,7216,2024-11-29,8600000.0,Sold,7,-1.0
165,4599,2025-08-08,12076000.0,Sold,5,0.89
166,2455,2025-11-02,17762000.0,Active,54,-1.79
167,3646,2026-05-12,9493000.0,Sold,113,4.07
168,5848,2024-07-20,5582000.0,Sold,5,0.57
169,805,2023-09-19,7596000.0,Sold,80,-1.56
170,6243,2025-02-07,12451000.0,Active,65,-2.93
171,2732,2024-03-28,10582000.0,Active,41,-6.85
172,5992,2024-08-02,9489000.0,Expired,65,1.7
173,2774,2025-06-01,5262000.0,Active,133,-3.45
174,1571,2024-10-20,13106000.0,Active,59,-3.27
175,5057,2026-01-10,19778000.0,Sold,80,-0.94
176,7907,2025-09-09,5977000.0,Active,94,2.79
177,6757,2026-08-09,9837000.0,Sold,87,1.67
178,5582,2026-01-31,10109000.0,Active,34,-0.04
179,2691,2024-01-30,8999000.0,Active,89,-0.7
180,3841,2024-09-11,8314000.0,Expired,12,3.3
181,1029,2026-01-30,12599000.0,Sold,53,-0.64
182,7386,2026-03-02,11292000.0,Sold,5,0.75
183,503,2026-07-19,8652000.0,Withdrawn,89,-4.41
184,6911,2024-09-26,21932000.0,Sold,76,-0.66
185,4494,2024-05-09,14436000.0,Sold,58,1.29
186,871,2026-06-01,19497000.0,Active,81,1.79
187,6939,2026-02-18,6478000.0,Sold,84,-4.15
188,4489,2026-06-08,7225000.0,Active,53,-1.35
189,207,2025-08-15,17463000.0,Active,73,-2.5
190,5135,2026-01-09,11722000.0,Active,91,-3.22
191,5978,2025-10-28,18064000.0,Sold,19,-6.16
192,7722,2025-12-24,7914000.0,Active,11,-1.95
193,7036,2025-06-18,24360000.0,Active,52,-3.32
194,1485,2024-09-08,9475000.0,Active,79,0.07
195,7859,2023-10-12,12557000.0,Sold,97,-1.61
196,7743,2024-09-14,20532000.0,Expired,81,-5.11
197,864,2024-11-27,16432000.0,Withdrawn,108,3.81
198,2791,2025-11-15,20810000.0,Active,8,2.87
199,7409,2026-04-09,7479000.0,Sold,65,-1.16
200,564,2025-10-19,9789000.0,Withdrawn,122,-2.42
201,5117,2024-11-18,10616000.0,Expired,103,-5.72
202,4192,2025-01-19,11433000.0,Active,58,-4.38
203,6020,2024-09-20,18769000.0,Sold,58,-2.58
204,1758,2023-12-30,10846000.0,Active,11,-4.06
205,6629,2024-01-10,14309000.0,Active,29,-3.29
206,7575,2023-12-21,13645000.0,Sold,117,-5.61
207,6375,2025-10-24,27537000.0,Expired,31,-4.58
208,6893,2024-06-02,6905000.0,Expired,35,-3.06
209,1679,2024-12-24,15147000.0,Sold,65,0.84
210,3243,2026-07-29,13517000.0,Withdrawn,77,-0.61
211,4637,2025-02-17,9441000.0,Sold,56,1.34
212,1060,2025-06-15,13541000.0,Sold,79,-1.34
213,6669,2024-10-02,5359000.0,Active,76,1.88
214,5280,2026-08-03,14637000.0,Sold,94,-2.58
215,1723,2026-06-02,8726000.0,Expired,36,-2.64
216,3315,2025-08-19,14686000.0,Sold,95,-1.12
217,3158,2026-06-20,8575000.0,Withdrawn,84,0.3
218,5916,2025-08-06,8290000.0,Active,148,1.28
219,2626,2024-07-21,6600000.0,Sold,62,1.47
220,2730,2025-03-30,11703000.0,Sold,49,-4.28
221,6701,2024-10-01,12089000.0,Active,52,-6.64
222,1598,2025-06-12,6066000.0,Sold,5,-5.34
223,3061,2025-05-27,13852000.0,Withdrawn,88,-4.17
224,2694,2025-11-20,12738000.0,Active,112,-4.96
225,4892,2024-03-01,12180000.0,Active,58,0.22
226,5148,2024-01-25,7063000.0,Sold,114,0.65
227,5740,2023-09-28,16121000.0,Active,92,0.51
228,3628,2023-11-15,15826000.0,Sold,17,-1.56
229,1364,2024-03-26,8681000.0,Active,88,-0.92
230,7966,2025-09-21,13177000.0,Sold,130,-2.68
231,1982,2026-04-23,18860000.0,Sold,176,-6.33
232,5451,2024-11-28,10004000.0,Active,45,1.19
233,1664,2025-05-14,17366000.0,Expired,139,-4.9
234,1530,2024-01-29,15289000.0,Active,37,4.77
235,2039,2026-01-23,9705000.0,Active,152,-3.94
236,7516,2023-12-20,11246000.0,Expired,5,4.14
237,5593,2023-11-25,10456000.0,Sold,60,2.2
238,3303,2024-11-22,13748000.0,Sold,33,-0.12
239,2238,2025-05-22,19067000.0,Expired,108,-3.86
240,7393,2024-03-14,6688000.0,Active,65,-0.26
241,5505,2024-09-28,11957000.0,Active,73,1.15
242,5497,2025-09-01,18078000.0,Sold,55,-5.21
243,1307,2024-04-09,14756000.0,Withdrawn,66,-3.48
244,4030,2023-11-11,10952000.0,Sold,105,-1.94
245,6777,2025-12-05,13583000.0,Sold,92,-0.88
246,2676,2025-01-25,12688000.0,Sold,86,1.11
247,5069,2024-04-13,16104000.0,Withdrawn,77,0.08
248,5865,2024-08-05,7563000.0,Active,59,-4.1
249,1283,2024-10-24,13823000.0,Sold,45,-0.05
250,7527,2024-01-12,14143000.0,Sold,154,-2.21
251,710,2026-01-10,10813000.0,Expired,138,3.69
252,5576,2025-10-21,8133000.0,Active,80,0.46
253,5531,2025-01-24,12239000.0,Sold,85,-3.97
254,4745,2024-04-30,17532000.0,Sold,140,0.54
255,4414,2024-08-15,13739000.0,Active,143,-2.1
256,3749,2024-08-17,22883000.0,Sold,141,-1.11
257,7393,2024-11-26,6688000.0,Active,118,-3.86
258,7987,2024-02-24,14098000.0,Sold,102,-3.48
259,5354,2024-01-15,9888000.0,Expired,135,1.1
260,4780,2025-08-29,4783000.0,Sold,110,-0.15
261,664,2025-12-17,9839000.0,Sold,99,-5.71
262,1999,2026-07-02,13946000.0,Expired,127,-3.36
263,7995,2024-05-23,6411000.0,Withdrawn,118,-3.3
264,3446,2025-02-22,6622000.0,Active,54,1.73
265,3744,2023-12-22,6863000.0,Active,86,-0.16
266,5728,2025-04-23,11932000.0,Expired,94,-1.59
267,1496,2024-11-03,15437000.0,Active,89,-4.6
268,3305,2026-03-13,17430000.0,Sold,81,-1.53
269,3764,2025-05-26,17535000.0,Active,124,-1.43
270,5233,2024-07-03,10703000.0,Sold,31,-3.36
271,1854,2024-09-26,11336000.0,Active,104,-0.03
272,5617,2024-12-27,8172000.0,Sold,5,-4.18
273,6586,2025-05-06,11725000.0,Sold,71,-6.35
274,4660,2024-02-17,10531000.0,Active,5,0.89
275,1292,2024-01-06,12705000.0,Sold,108,-3.52
276,3582,2025-05-15,13200000.0,Active,68,-0.34
277,7975,2023-11-18,13849000.0,Sold,46,2.85
278,3458,2025-07-26,8832000.0,Sold,147,-4.05
279,7555,2025-03-01,13701000.0,Withdrawn,126,1.85
280,7281,2024-08-21,11170000.0,Withdrawn,17,-3.67
281,1637,2026-06-07,18223000.0,Sold,88,-5.91
282,3697,2026-01-05,21808000.0,Active,80,-2.91
283,3000,2025-05-03,12800000.0,Expired,61,-2.06
284,3153,2024-06-18,13385000.0,Active,64,-7.35
285,699,2025-10-18,12867000.0,Expired,98,-3.62
286,2161,2026-03-02,19288000.0,Expired,110,-2.8
287,4098,2024-10-02,7730000.0,Active,89,0.19
288,4738,2025-11-27,13648000.0,Sold,130,2.28
289,6364,2025-07-30,7290000.0,Active,70,-2.64
290,5686,2024-07-31,15773000.0,Active,73,-1.39
291,855,2026-07-13,10976000.0,Active,88,-0.62
292,5856,2025-09-17,15579000.0,Active,89,-1.59
293,7393,2025-02-12,6688000.0,Active,80,-3.54
294,6529,2025-01-29,14737000.0,Sold,92,-3.06
295,3475,2026-03-03,9604000.0,Active,81,2.62
296,5758,2023-11-14,7338000.0,Sold,64,-4.29
297,5250,2024-07-14,16291000.0,Withdrawn,38,-4.65
298,5173,2023-11-09,15368000.0,Active,37,-1.34
299,1708,2024-01-04,14990000.0,Sold,94,-4.66
300,2778,2024-07-15,11241000.0,Sold,40,-8.86
301,5792,2024-07-15,10496000.0,Sold,64,-0.49
302,1734,2024-08-03,10203000.0,Expired,93,-1.81
303,5536,2024-09-06,5836000.0,Active,73,4.05
304,6391,2025-02-21,6436000.0,Active,80,-1.07
305,4932,2025-09-20,18770000.0,Active,41,-1.34
306,3511,2023-11-03,15287000.0,Sold,18,-3.84
307,203,2024-08-16,17425000.0,Active,17,8.64
308,3256,2024-09-08,8558000.0,Expired,29,2.54
309,4219,2026-03-16,5793000.0,Sold,61,1.04
310,4497,2024-01-21,7263000.0,Active,130,1.1
311,767,2026-07-16,17009000.0,Expired,40,6.99
312,4390,2024-02-09,11861000.0,Sold,5,-0.69
313,2328,2025-06-28,13433000.0,Withdrawn,12,-0.69
314,2932,2025-03-07,8810000.0,Withdrawn,92,2.7
315,7778,2025-10-31,17146000.0,Active,5,0.93
316,198,2024-03-13,27658000.0,Sold,24,0.78
317,7126,2025-05-29,12662000.0,Sold,103,7.76
318,1931,2026-03-13,10784000.0,Active,63,-2.87
319,3583,2024-12-25,6587000.0,Withdrawn,128,-0.51
320,6896,2024-09-09,16328000.0,Sold,35,-5.8
321,6288,2024-11-19,13143000.0,Expired,26,-3.96
322,609,2026-04-12,6668000.0,Sold,5,0.14
323,3273,2024-05-27,16275000.0,Withdrawn,78,-2.55
324,1148,2024-03-25,6902000.0,Sold,78,-6.44
325,4283,2023-12-08,12050000.0,Expired,32,4.6
326,3398,2025-03-29,15200000.0,Expired,128,-3.73
327,2512,2026-04-21,18898000.0,Active,104,-3.64
328,7517,2026-01-02,8208000.0,Active,118,-1.06
329,1795,2026-07-25,6068000.0,Sold,5,-0.67
330,660,2026-01-20,8706000.0,Active,96,-1.53
331,2812,2025-03-30,14800000.0,Sold,100,-0.87
332,7099,2024-08-09,14079000.0,Active,161,2.92
333,6052,2024-10-31,13460000.0,Expired,5,3.96
334,6547,2025-11-28,15573000.0,Active,88,-4.01
335,1370,2024-04-25,13173000.0,Expired,70,-2.82
336,1987,2026-05-27,16088000.0,Sold,111,-0.19
337,5631,2025-07-24,17931000.0,Sold,32,-2.93
338,147,2024-06-13,15967000.0,Sold,5,2.2
339,3220,2026-01-14,14517000.0,Active,65,-3.47
340,2912,2023-10-25,14353000.0,Sold,112,-2.73
341,1735,2025-10-13,51675000.0,Sold,92,-3.05
342,1844,2023-09-06,12747000.0,Sold,91,4.02
343,489,2024-01-26,9354000.0,Expired,48,-3.57
344,2977,2025-02-03,8993000.0,Active,48,0.55
345,1960,2025-11-17,19956000.0,Active,105,-1.95
346,5760,2025-01-20,12891000.0,Withdrawn,113,-0.02
347,6695,2025-07-01,13450000.0,Sold,83,2.34
348,2386,2024-09-05,16446000.0,Active,113,-4.14
349,2920,2026-02-27,4613000.0,Sold,158,-7.81
350,4737,2024-01-31,12156000.0,Active,92,-1.53
351,1803,2026-05-25,10038000.0,Active,43,0.24
352,6617,2023-08-21,2908000.0,Sold,27,-5.8
353,6066,2026-03-09,13880000.0,Expired,117,-3.84
354,6295,2026-01-12,8446000.0,Sold,5,-0.9
355,5535,2025-02-23,11008000.0,Expired,63,-4.55
356,4062,2026-04-07,11566000.0,Active,178,0.39
357,3370,2025-06-23,12067000.0,Sold,51,-0.76
358,5731,2025-06-19,8691000.0,Expired,61,-6.75
359,263,2026-06-13,16151000.0,Withdrawn,43,6.48
360,5884,2025-07-23,7110000.0,Expired,35,-6.59
361,6288,2024-04-10,13143000.0,Active,83,-5.14
362,6490,2024-02-06,8610000.0,Sold,15,-0.78
363,624,2026-03-05,17449000.0,Active,85,-0.82
364,1017,2025-07-07,6343000.0,Expired,25,-5.6
365,3644,2024-05-14,8258000.0,Active,81,-0.68
366,4977,2024-12-23,9701000.0,Expired,33,0.56
367,2050,2026-06-29,5772000.0,Sold,77,-3.41
368,7041,2024-04-06,12857000.0,Withdrawn,31,2.04
369,5424,2024-07-21,10571000.0,Active,63,-1.5
370,6398,2025-02-21,12307000.0,Active,112,2.17
371,3724,2025-07-15,9682000.0,Active,93,-3.22
372,4549,2023-12-08,10087000.0,Active,127,-1.23
373,3109,2024-08-10,10003000.0,Sold,30,-0.4
374,5280,2025-02-17,14637000.0,Active,150,-2.71
375,4091,2026-03-14,18228000.0,Active,99,-2.62
376,7159,2024-07-13,19981000.0,Sold,5,-2.46
377,2057,2024-09-27,11356000.0,Active,89,-3.29
378,7401,2023-10-17,6240000.0,Active,65,7.07
379,3171,2023-11-29,13649000.0,Sold,117,-5.22
380,1683,2026-07-26,13052000.0,Sold,135,-1.79
381,6960,2024-11-13,16287000.0,Sold,108,4.22
382,2256,2026-02-27,12768000.0,Expired,40,-1.0
383,1155,2026-04-09,15419000.0,Withdrawn,67,-1.63
384,4500,2024-02-12,19506000.0,Expired,56,3.73
385,6296,2024-03-12,19972000.0,Active,112,-1.9
386,6198,2026-02-17,14475000.0,Sold,96,-9.15
387,3192,2024-08-20,13232000.0,Expired,42,-3.13
388,1697,2024-08-08,12767000.0,Sold,160,-0.06
389,3992,2024-11-18,16369000.0,Expired,98,-2.43
390,4724,2024-02-14,12397000.0,Sold,34,-2.66
391,4683,2026-05-15,20487000.0,Withdrawn,93,3.32
392,1649,2026-07-08,13934000.0,Expired,100,-0.86
393,5540,2026-02-15,7821000.0,Active,86,-1.01
394,1446,2024-08-28,13925000.0,Active,37,-7.63
395,4200,2024-05-20,13236000.0,Sold,5,-2.66
396,3924,2024-10-19,6428000.0,Active,19,-2.04
397,254,2025-10-05,13072000.0,Sold,16,-5.48
398,7395,2024-02-21,20926000.0,Sold,127,-1.04
399,3184,2025-08-16,18101000.0,Expired,130,-0.39
400,2558,2025-05-05,3429000.0,Active,116,-3.62
401,5593,2023-08-24,10456000.0,Expired,132,-5.1
402,99,2026-02-21,15012000.0,Expired,41,3.63
403,2201,2023-11-19,9743000.0,Active,88,-3.38
404,5981,2024-12-19,23784000.0,Sold,11,1.12
405,2962,2025-08-19,12785000.0,Active,70,2.48
406,6016,2024-04-27,5727000.0,Sold,75,-5.34
407,4974,2024-10-14,8264000.0,Active,192,-1.01
408,4434,2026-05-16,11956000.0,Active,51,-2.75
409,3778,2026-05-22,5808000.0,Expired,65,-6.22
410,2870,2026-01-14,16435000.0,Active,106,-4.48
411,3235,2026-05-30,6586000.0,Active,101,-4.09
412,3792,2026-02-18,18114000.0,Sold,59,-3.95
413,957,2024-05-30,17726000.0,Sold,14,0.81
414,5801,2025-09-08,11747000.0,Active,135,0.78
415,4068,2025-10-17,13427000.0,Expired,112,-0.34
416,161,2023-10-14,9095000.0,Active,85,1.12
417,5700,2023-10-14,11184000.0,Active,82,-5.08
418,6945,2026-01-03,7691000.0,Expired,109,0.5
419,4494,2026-05-31,14436000.0,Sold,154,-0.78
420,1301,2025-03-17,6153000.0,Withdrawn,48,-3.03
421,4912,2026-08-03,14234000.0,Expired,50,-3.11
422,3988,2023-10-15,20812000.0,Sold,133,-4.56
423,1528,2025-05-14,9152000.0,Withdrawn,62,6.77
424,6016,2025-12-15,5727000.0,Expired,170,-1.15
425,5512,2023-12-16,14583000.0,Active,46,-1.14
426,5255,2024-03-15,14835000.0,Expired,110,-3.51
427,1219,2024-01-13,5174000.0,Sold,5,-3.06
428,4497,2024-05-30,7263000.0,Expired,26,-3.46
429,4736,2025-12-02,23757000.0,Withdrawn,64,0.88
430,3105,2023-11-21,11139000.0,Active,21,-0.25
431,2736,2024-03-01,21894000.0,Expired,33,-1.2
432,4556,2026-05-16,11732000.0,Expired,89,-2.06
433,955,2024-02-17,11418000.0,Sold,109,3.83
434,4566,2025-07-13,10740000.0,Expired,127,-0.06
435,3447,2025-02-04,11581000.0,Expired,126,-5.16
436,1046,2024-10-30,15875000.0,Sold,76,-7.5
437,6894,2024-10-12,7977000.0,Sold,18,0.29
438,1694,2023-10-04,18720000.0,Active,37,-2.97
439,6182,2025-06-15,9137000.0,Expired,5,-5.05
440,6374,2024-12-09,10468000.0,Active,69,-8.22
441,3437,2025-08-17,21102000.0,Sold,144,-1.12
442,563,2023-11-22,7450000.0,Expired,84,-3.53
443,2486,2025-10-30,17078000.0,Sold,141,-5.3
444,5896,2026-05-10,14764000.0,Sold,27,-0.08
445,3355,2024-06-10,15314000.0,Expired,86,-1.07
446,6171,2024-03-17,18215000.0,Active,5,8.01
447,226,2025-08-27,13266000.0,Active,171,-0.16
448,7445,2024-12-08,13383000.0,Sold,78,0.5
449,4894,2024-09-17,17645000.0,Expired,118,-2.59
450,7777,2026-01-16,13849000.0,Expired,85,-5.44
451,6428,2024-01-20,6315000.0,Active,73,-5.65
452,7023,2024-08-27,10409000.0,Expired,134,1.16
453,960,2026-06-15,9715000.0,Expired,5,2.2
454,5601,2026-01-12,11604000.0,Active,70,-4.31
455,4549,2023-11-01,10087000.0,Active,80,1.02
456,3068,2026-05-07,9890000.0,Expired,27,-4.7
457,7997,2025-09-21,9777000.0,Sold,27,1.14
458,816,2026-04-09,12805000.0,Sold,128,-4.11
459,4755,2025-04-15,11048000.0,Sold,91,-0.81
460,7684,2024-12-13,10157000.0,Active,89,0.84
461,4643,2025-06-21,16160000.0,Sold,79,-10.38
462,5312,2025-08-20,11691000.0,Expired,101,6.49
463,3121,2025-10-24,14660000.0,Expired,58,-6.1
464,7680,2025-04-12,15168000.0,Withdrawn,52,-2.21
465,17,2025-05-01,12597000.0,Sold,72,3.45
466,7340,2025-09-29,12409000.0,Sold,16,-0.96
467,1244,2024-03-01,16862000.0,Sold,63,-5.19
468,2206,2026-01-16,8268000.0,Sold,56,0.38
469,2525,2025-05-30,24073000.0,Sold,122,-5.5
470,1070,2024-02-22,15899000.0,Expired,95,-4.51
471,3445,2026-01-28,10954000.0,Active,65,2.91
472,2566,2026-03-22,14265000.0,Active,88,-2.19
473,6243,2025-07-24,12451000.0,Withdrawn,71,-5.15
474,5865,2023-12-10,7563000.0,Active,56,2.78
475,1061,2024-06-25,7803000.0,Sold,5,-7.04
476,2328,2025-05-06,13433000.0,Sold,56,-3.7
477,3421,2026-05-13,16808000.0,Active,47,0.2
478,6641,2024-06-11,12175000.0,Withdrawn,158,-2.54
479,302,2023-12-21,10526000.0,Expired,23,-1.42
480,4277,2023-12-18,15562000.0,Sold,81,-4.12
481,607,2023-08-27,5899000.0,Expired,93,0.41
482,3171,2023-11-20,13649000.0,Sold,5,2.19
483,700,2026-01-29,20734000.0,Sold,137,3.52
484,5089,2026-07-08,21165000.0,Active,100,4.11
485,1140,2025-09-17,17749000.0,Sold,53,-2.03
486,191,2024-10-27,8211000.0,Active,101,6.03
487,2301,2025-05-13,5303000.0,Sold,57,-0.32
488,981,2024-03-14,8205000.0,Sold,63,-0.06
489,2976,2023-12-30,12623000.0,Active,5,-2.68
490,6103,2026-03-13,14522000.0,Withdrawn,164,0.28
491,1185,2024-11-13,8866000.0,Active,117,1.53
492,3328,2024-02-04,20375000.0,Active,47,-1.76
493,3395,2026-05-08,13581000.0,Sold,91,0.94
494,128,2026-02-13,9304000.0,Withdrawn,135,-4.58
495,2066,2026-02-04,10066000.0,Expired,50,-2.3
496,1817,2023-09-22,10307000.0,Withdrawn,90,3.39
497,5855,2024-12-25,11042000.0,Sold,74,1.05
498,6710,2026-04-21,5675000.0,Withdrawn,123,-0.31
499,570,2024-02-02,14988000.0,Active,54,-3.92
500,5443,2025-06-28,19880000.0,Active,35,5.4
501,1896,2025-02-24,16291000.0,Sold,69,-2.6
502,2734,2024-07-16,14533000.0,Active,132,2.93
503,3864,2024-07-21,18479000.0,Expired,108,-2.2
504,4722,2025-06-27,7802000.0,Active,26,-5.26
505,7456,2025-02-21,17550000.0,Active,83,-2.76
506,4015,2026-07-07,14873000.0,Active,92,-0.68
507,2902,2024-10-21,16885000.0,Expired,165,-0.46
508,1687,2024-09-21,13748000.0,Active,92,3.67
509,3010,2024-07-10,12818000.0,Sold,115,-0.1
510,7807,2023-11-09,17055000.0,Active,118,1.14
511,155,2025-04-05,13593000.0,Active,31,-2.86
512,2538,2025-01-08,15456000.0,Sold,89,1.41
513,1410,2026-06-14,22968000.0,Sold,101,-1.04
514,4058,2025-06-07,6026000.0,Active,63,-2.39
515,785,2024-05-17,11655000.0,Active,5,-6.53
516,3176,2024-10-15,13721000.0,Sold,46,-3.41
517,7561,2026-04-18,10452000.0,Active,78,-7.0
518,7979,2024-08-12,13570000.0,Active,73,1.66
519,4342,2025-06-14,20360000.0,Active,6,-1.16
520,7344,2023-12-09,13294000.0,Expired,5,3.41
521,7207,2024-11-18,14130000.0,Sold,30,-4.42
522,5597,2026-07-03,12720000.0,Sold,97,-1.93
523,5802,2025-09-18,21372000.0,Sold,67,3.52
524,2807,2025-05-13,12722000.0,Expired,93,1.74
525,538,2026-08-15,30918000.0,Sold,5,0.31
526,5987,2026-07-14,16114000.0,Expired,93,1.05
527,1842,2024-03-16,10830000.0,Withdrawn,97,3.13
528,5017,2024-01-30,13609000.0,Active,84,-3.05
529,2456,2023-12-22,10718000.0,Expired,66,-2.33
530,525,2025-08-06,9205000.0,Active,6,-0.6
531,6972,2026-04-24,15363000.0,Active,162,0.57
532,5626,2023-12-05,9216000.0,Sold,5,-4.19
533,2951,2023-10-26,7071000.0,Sold,24,0.35
534,7993,2024-07-29,14678000.0,Sold,5,4.68
535,4132,2024-01-17,19794000.0,Expired,108,-0.14
536,4781,2023-12-10,15081000.0,Active,50,-5.65
537,4116,2024-11-03,17599000.0,Sold,74,-1.09
538,2369,2026-04-08,15068000.0,Active,71,-1.5
539,3848,2025-12-08,11909000.0,Sold,5,-6.85
540,6656,2026-04-18,14086000.0,Active,103,-0.13
541,4496,2024-05-04,16789000.0,Sold,105,-0.39
542,2702,2024-03-07,12249000.0,Active,43,-4.25
543,972,2024-05-20,19352000.0,Sold,33,-2.25
544,6003,2025-10-11,20937000.0,Active,119,-3.04
545,6615,2023-09-02,12553000.0,Withdrawn,102,-2.45
546,1167,2024-01-04,8624000.0,Sold,80,0.01
547,5212,2026-04-12,9454000.0,Active,90,-3.8
548,7522,2026-04-06,8868000.0,Expired,44,-3.97
549,4930,2026-05-25,5240000.0,Expired,31,-2.46
550,5920,2024-10-25,16103000.0,Active,90,-0.79
551,2775,2026-06-18,12017000.0,Withdrawn,92,3.6
552,1983,2025-01-23,15390000.0,Active,47,-2.33
553,854,2023-11-17,17587000.0,Withdrawn,81,0.92
554,4147,2024-05-11,19209000.0,Expired,154,-3.18
555,3737,2025-12-22,15439000.0,Withdrawn,5,-1.47
556,3770,2023-08-30,13784000.0,Active,136,-3.21
557,575,2024-01-19,13096000.0,Sold,34,-7.28
558,3262,2024-05-16,15331000.0,Active,144,1.0
559,1149,2026-02-20,12946000.0,Sold,102,-3.11
560,6294,2025-11-27,9759000.0,Sold,58,-1.33
561,6458,2024-05-23,21542000.0,Sold,46,5.01
562,6714,2024-05-10,16567000.0,Active,86,-2.64
563,7510,2024-11-26,7141000.0,Withdrawn,79,-0.14
564,6449,2026-01-12,14645000.0,Sold,21,0.19
565,1716,2026-01-27,8098000.0,Expired,8,-1.1
566,4778,2025-01-20,5629000.0,Sold,82,-2.66
567,4934,2023-09-21,4747000.0,Active,42,-0.05
568,3855,2025-12-13,8744000.0,Expired,57,-0.04
569,5174,2025-06-28,17320000.0,Sold,41,-2.24
570,7147,2025-10-29,14967000.0,Active,37,-1.6
571,2492,2025-08-03,8378000.0,Active,117,-5.6
572,2661,2025-07-15,8474000.0,Sold,5,-0.56
573,7137,2025-08-13,16946000.0,Expired,143,-4.37
574,6408,2025-05-27,14799000.0,Active,78,-10.74
575,3125,2025-03-28,13143000.0,Sold,75,0.69
576,5692,2025-07-21,10982000.0,Withdrawn,83,-5.21
577,3052,2026-05-13,11008000.0,Sold,74,1.92
578,7788,2024-11-29,15932000.0,Active,195,0.72
579,5,2024-10-26,8389000.0,Sold,77,-5.77
580,5223,2025-01-15,9825000.0,Active,6,-2.36
581,5316,2023-10-15,13516000.0,Sold,89,-4.17
582,4870,2025-04-01,14365000.0,Active,107,4.27
583,877,2026-04-06,5783000.0,Active,135,-1.93
584,992,2026-03-25,17968000.0,Active,69,-1.19
585,7028,2025-02-03,18889000.0,Sold,61,-6.51
586,7518,2024-01-13,12859000.0,Sold,141,-1.61
587,4143,2023-10-02,9953000.0,Sold,105,-4.65
588,7011,2025-08-01,11326000.0,Expired,63,-0.33
589,6967,2024-03-02,7853000.0,Expired,5,0.47
590,7080,2024-07-05,14555000.0,Withdrawn,5,-5.36
591,7988,2025-09-12,14663000.0,Sold,20,3.75
592,6800,2023-09-11,6386000.0,Withdrawn,97,-1.45
593,4365,2026-02-17,12042000.0,Active,173,-0.38
594,4466,2025-09-24,16665000.0,Sold,103,-4.4
595,636,2026-04-13,8572000.0,Withdrawn,93,0.89
596,5226,2024-09-28,10491000.0,Expired,63,-3.05
597,1694,2023-11-08,18720000.0,Active,45,3.43
598,1683,2025-09-11,13052000.0,Active,111,-3.7
599,4753,2026-01-28,15395000.0,Active,39,-4.71
600,120,2025-11-23,13453000.0,Sold,62,1.54
601,831,2025-10-11,14882000.0,Sold,181,-3.85
602,5907,2025-02-10,17388000.0,Expired,73,0.25
603,3676,2026-05-21,21735000.0,Sold,64,1.51
604,5178,2024-06-25,10936000.0,Expired,136,-0.26
605,6071,2025-01-07,9530000.0,Sold,28,-2.93
606,1370,2026-07-23,13173000.0,Active,96,3.41
607,741,2024-08-31,9743000.0,Sold,56,-2.31
608,7642,2024-03-07,21089000.0,Sold,106,-1.89
609,117,2024-09-02,12796000.0,Sold,54,-2.06
610,5950,2026-04-16,11426000.0,Sold,82,4.5
611,2839,2024-12-10,16380000.0,Active,105,0.28
612,1151,2026-01-24,7604000.0,Sold,29,-3.77
613,7561,2026-08-07,10452000.0,Sold,77,-4.15
614,1932,2025-05-30,8649000.0,Withdrawn,33,-1.82
615,1013,2024-04-03,12326000.0,Withdrawn,67,-3.95
616,1665,2024-03-01,12024000.0,Expired,51,2.17
617,1082,2026-08-17,13723000.0,Active,35,1.94
618,4730,2024-12-08,18689000.0,Active,76,-0.7
619,513,2025-10-21,20623000.0,Active,154,-1.06
620,7919,2025-11-22,8613000.0,Active,98,-7.19
621,2850,2025-10-09,3221000.0,Sold,143,-4.07
622,5216,2025-05-17,8755000.0,Expired,85,-0.89
623,7806,2024-08-03,14278000.0,Expired,49,-3.63
624,5238,2024-03-10,11164000.0,Expired,77,-1.01
625,560,2025-04-19,6289000.0,Sold,144,-4.71
626,3673,2023-12-11,13476000.0,Sold,186,3.85
627,4584,2025-04-15,17765000.0,Sold,5,1.73
628,7405,2026-01-07,8132000.0,Active,44,1.42
629,4993,2025-03-02,6773000.0,Active,5,2.89
630,3344,2024-03-16,8463000.0,Active,119,-3.09
631,5309,2024-10-10,22614000.0,Sold,5,2.56
632,4071,2024-03-17,10951000.0,Withdrawn,51,-4.79
633,4800,2025-08-23,21926000.0,Sold,100,-3.58
634,1471,2024-02-18,14349000.0,Active,68,-0.32
635,581,2026-02-19,10461000.0,Sold,111,-1.94
636,6934,2025-04-13,3650000.0,Active,104,1.44
637,7005,2024-11-29,14444000.0,Sold,111,-2.56
638,2295,2023-09-12,19467000.0,Expired,129,-3.17
639,3148,2026-04-15,6159000.0,Expired,111,-3.2
640,4250,2025-11-05,16915000.0,Sold,73,-1.68
641,1680,2023-10-02,14001000.0,Sold,32,-3.24
642,3507,2024-03-04,10038000.0,Active,92,-1.25
643,5093,2026-04-06,10214000.0,Expired,63,4.42
644,7254,2024-09-09,23671000.0,Active,43,-0.96
645,2745,2026-05-17,18213000.0,Withdrawn,91,-3.0
646,3357,2025-12-14,14806000.0,Active,79,-0.52
647,4046,2024-04-29,19136000.0,Active,28,-1.17
648,1244,2025-03-13,16862000.0,Expired,157,0.34
649,5189,2025-06-09,6643000.0,Withdrawn,105,-1.39
650,3119,2025-05-15,4398000.0,Active,19,-3.55
651,5105,2023-11-05,18802000.0,Active,52,-4.26
652,2142,2023-11-16,13344000.0,Sold,22,-4.24
653,5870,2024-11-29,9305000.0,Expired,185,-0.42
654,5054,2025-05-15,6439000.0,Sold,59,-2.34
655,3060,2024-03-12,17127000.0,Sold,72,-2.69
656,4549,2023-11-16,10087000.0,Withdrawn,57,-3.99
657,5324,2024-03-16,18450000.0,Withdrawn,112,-2.19
658,2960,2024-05-19,11286000.0,Sold,67,-0.8
659,2266,2025-10-02,5894000.0,Expired,115,-2.42
660,6618,2025-10-17,17531000.0,Expired,39,-4.92
661,2480,2024-09-02,8441000.0,Expired,146,-2.42
662,6485,2026-01-29,23158000.0,Active,137,-3.2
663,4647,2026-08-01,17448000.0,Sold,56,-0.21
664,1636,2026-08-16,7105000.0,Expired,36,-8.28
665,5409,2023-08-23,13318000.0,Withdrawn,112,-1.64
666,7422,2025-01-26,8765000.0,Expired,49,-0.06
667,1758,2023-08-26,10846000.0,Active,49,-1.44
668,4453,2025-04-23,14323000.0,Sold,36,-2.12
669,2071,2026-05-23,12212000.0,Active,114,-0.97
670,5882,2026-05-05,6840000.0,Active,41,-1.22
671,6666,2025-05-01,12214000.0,Active,91,-7.21
672,5878,2025-08-10,13022000.0,Sold,5,-0.62
673,7268,2025-06-17,9729000.0,Withdrawn,148,1.39
674,2850,2026-01-04,3221000.0,Active,38,-0.92
675,3252,2024-10-30,11549000.0,Sold,5,-2.37
676,7391,2025-12-24,8788000.0,Sold,82,0.45
677,6906,2024-12-31,11587000.0,Sold,94,-4.6
678,3731,2025-02-23,13779000.0,Active,101,-0.07
679,2490,2025-09-29,13244000.0,Expired,118,1.56
680,1632,2024-11-16,13859000.0,Sold,69,0.06
681,2817,2025-12-09,7213000.0,Active,46,1.97
682,1016,2024-05-06,11847000.0,Sold,41,3.4
683,1349,2026-06-09,16092000.0,Sold,92,0.28
684,4612,2026-01-25,7491000.0,Withdrawn,72,0.29
685,3088,2026-05-15,11972000.0,Active,90,-3.97
686,2840,2024-09-15,16052000.0,Expired,58,-8.31
687,336,2025-06-19,7721000.0,Expired,140,-7.97
688,5879,2026-02-07,17525000.0,Sold,49,0.52
689,6402,2025-04-16,7339000.0,Active,98,-1.42
690,4593,2025-11-07,10924000.0,Sold,82,0.39
691,896,2024-06-19,6113000.0,Active,97,1.21
692,6304,2024-02-23,10311000.0,Withdrawn,29,-1.72
693,3547,2026-05-02,13349000.0,Active,64,2.27
694,852,2025-05-19,11675000.0,Active,130,-1.16
695,1688,2024-08-22,16661000.0,Active,141,0.62
696,1932,2024-03-21,8649000.0,Active,94,1.49
697,6834,2026-03-04,12746000.0,Sold,15,2.02
698,3747,2024-03-14,4785000.0,Active,88,-3.61
699,2428,2023-09-26,13121000.0,Sold,62,-1.76
700,1569,2024-08-12,12569000.0,Expired,84,-2.05
701,4001,2023-11-01,16931000.0,Withdrawn,48,-2.93
702,5053,2024-07-07,16677000.0,Sold,64,-0.47
703,2739,2025-05-18,9916000.0,Active,41,-0.61
704,3499,2024-04-04,7993000.0,Sold,18,-2.1
705,5733,2025-09-12,12106000.0,Sold,37,-2.17
706,5388,2023-12-18,12614000.0,Active,81,3.66
707,7745,2025-11-16,8384000.0,Active,139,-3.29
708,5537,2026-05-28,18295000.0,Sold,42,-2.73
709,5288,2023-12-07,10744000.0,Active,7,-1.11
710,3914,2025-06-03,7394000.0,Active,89,-0.48
711,1067,2025-02-15,12479000.0,Withdrawn,118,-3.51
712,7724,2024-08-29,8831000.0,Sold,5,1.14
713,4381,2025-08-26,14984000.0,Active,5,-9.69
714,2445,2026-07-26,14694000.0,Sold,99,-2.93
715,4108,2026-01-20,9549000.0,Sold,27,-1.59
716,5727,2024-12-02,13890000.0,Active,81,-5.41
717,3374,2024-11-02,17772000.0,Active,128,-4.59
718,3970,2024-09-12,17176000.0,Sold,126,0.2
719,7421,2025-06-13,12553000.0,Sold,52,-1.82
720,2547,2026-06-18,12812000.0,Active,82,2.0
721,754,2024-08-21,8683000.0,Sold,30,-4.52
722,2083,2023-09-22,13128000.0,Sold,123,3.65
723,2775,2023-10-30,12017000.0,Active,143,-3.51
724,2897,2024-05-06,10120000.0,Sold,86,3.72
725,4186,2026-04-13,12759000.0,Expired,86,-1.46
726,776,2026-05-08,12226000.0,Withdrawn,52,2.82
727,6749,2024-01-21,12915000.0,Expired,75,1.19
728,7114,2024-05-31,16994000.0,Active,5,-1.48
729,1626,2024-11-22,13192000.0,Sold,50,2.29
730,3070,2025-09-27,6383000.0,Active,175,-3.43
731,418,2026-03-01,15828000.0,Expired,74,-0.03
732,115,2025-12-29,7716000.0,Expired,60,0.97
733,617,2025-01-11,7614000.0,Active,89,-2.39
734,3975,2026-07-07,9219000.0,Sold,125,4.16
735,3268,2023-10-02,14951000.0,Active,57,-4.9
736,826,2025-10-05,3161000.0,Sold,46,2.62
737,7669,2026-04-14,15971000.0,Sold,10,-0.51
738,5746,2026-02-10,22730000.0,Withdrawn,197,-1.44
739,1517,2024-02-25,18355000.0,Active,73,-5.02
740,3147,2025-07-14,11041000.0,Active,71,-1.15
741,413,2025-04-08,15611000.0,Expired,51,-3.18
742,7544,2024-01-20,18084000.0,Sold,143,0.68
743,7588,2023-11-15,13648000.0,Expired,84,-3.61
744,729,2023-10-28,8683000.0,Sold,62,-3.83
745,3349,2026-01-04,9502000.0,Sold,108,-5.02
746,7165,2025-03-18,9941000.0,Active,63,-2.3
747,2809,2025-07-01,9950000.0,Sold,69,-1.83
748,676,2025-10-23,15228000.0,Expired,112,-2.29
749,3466,2025-11-19,8784000.0,Sold,124,-2.95
750,5989,2024-09-10,11889000.0,Sold,152,-3.81
751,2505,2026-03-20,11968000.0,Withdrawn,5,-2.3
752,2968,2025-08-28,15672000.0,Sold,50,-0.26
753,6336,2025-11-09,12855000.0,Sold,105,-3.87
754,2787,2026-03-10,6656000.0,Sold,174,-1.27
755,7857,2024-08-04,21423000.0,Sold,58,-0.04
756,1123,2024-01-19,10884000.0,Active,131,-3.49
757,4080,2026-02-04,7540000.0,Sold,106,-1.38
758,1572,2023-11-05,12131000.0,Active,107,-3.07
759,5074,2024-02-12,13434000.0,Withdrawn,97,-1.3
760,5105,2025-11-18,18802000.0,Active,75,-1.2
761,2144,2026-06-23,19034000.0,Active,19,-2.43
762,1688,2024-11-25,16661000.0,Active,161,-1.06
763,6807,2025-11-27,8042000.0,Sold,118,-3.5
764,7358,2025-02-15,22274000.0,Expired,80,2.19
765,7904,2026-01-31,10957000.0,Expired,55,-2.75
766,4133,2023-11-05,11444000.0,Sold,84,-1.47
767,3852,2024-07-20,15507000.0,Withdrawn,30,-2.4
768,3441,2026-02-27,11301000.0,Withdrawn,69,5.51
769,3767,2024-04-01,19056000.0,Active,168,2.02
770,5645,2026-08-09,17000000.0,Expired,100,-0.44
771,2327,2023-12-13,14072000.0,Sold,178,-2.61
772,6361,2023-09-06,12873000.0,Active,64,-3.54
773,2915,2025-03-28,19070000.0,Sold,53,2.42
774,4969,2024-11-03,17056000.0,Expired,117,-3.66
775,5918,2026-07-22,5973000.0,Withdrawn,19,-0.85
776,5393,2023-10-18,2598000.0,Active,216,-3.82
777,3953,2024-12-05,12402000.0,Sold,50,-0.4
778,6206,2025-12-07,10177000.0,Active,98,3.04
779,596,2025-12-23,15446000.0,Active,54,-0.32
780,6000,2025-05-18,20538000.0,Active,97,-2.55
781,729,2024-05-30,8683000.0,Sold,15,1.07
782,1366,2026-02-15,15119000.0,Active,84,-2.31
783,4493,2023-09-18,4081000.0,Sold,56,1.08
784,699,2026-01-28,12867000.0,Expired,11,-5.93
785,7187,2025-03-25,8883000.0,Expired,5,-0.46
786,6321,2025-02-28,16515000.0,Active,123,0.75
787,5732,2023-09-09,12612000.0,Active,127,-3.8
788,396,2025-09-30,20223000.0,Sold,36,0.39
789,6589,2024-07-11,15325000.0,Withdrawn,5,0.11
790,7401,2026-06-28,6240000.0,Active,72,3.33
791,4172,2025-10-11,8371000.0,Active,97,0.58
792,4361,2025-08-31,11949000.0,Expired,5,-4.61
793,2503,2026-05-21,17070000.0,Sold,159,-2.16
794,1820,2024-01-08,16520000.0,Sold,18,0.07
795,718,2025-02-18,9051000.0,Expired,23,0.48
796,2783,2024-07-18,15468000.0,Sold,48,1.18
797,7552,2025-10-02,7604000.0,Sold,85,-1.04
798,7732,2023-09-15,9875000.0,Sold,60,-5.55
799,4947,2023-11-23,23277000.0,Active,133,-0.48
800,3578,2023-10-08,9740000.0,Expired,122,-1.61
801,5487,2025-03-09,8810000.0,Active,39,-2.27
802,144,2026-07-20,12196000.0,Sold,5,-2.12
803,4981,2023-10-27,9394000.0,Active,141,-2.44
804,3141,2025-07-15,20156000.0,Sold,92,-1.18
805,7267,2025-01-16,15148000.0,Active,26,1.64
806,4492,2024-12-20,8048000.0,Withdrawn,94,-1.98
807,7193,2026-01-04,3520000.0,Sold,28,-4.23
808,7092,2024-03-16,20563000.0,Expired,24,-5.0
809,2939,2025-11-29,12957000.0,Sold,149,-1.37
810,5589,2024-06-23,9189000.0,Active,29,-1.23
811,7652,2025-06-14,17928000.0,Sold,53,-0.67
812,3637,2025-01-25,7327000.0,Active,128,0.08
813,3223,2026-05-18,12762000.0,Active,29,-2.4
814,1168,2023-08-31,14819000.0,Sold,104,-0.01
815,2617,2025-08-17,13968000.0,Sold,49,3.38
816,1063,2026-07-10,14366000.0,Sold,39,-0.12
817,2157,2024-06-21,11634000.0,Sold,13,-7.02
818,7861,2025-07-26,23693000.0,Sold,41,-0.39
819,5162,2025-08-17,8245000.0,Expired,68,-6.17
820,5306,2024-05-26,9107000.0,Withdrawn,142,2.19
821,2983,2025-10-21,9343000.0,Withdrawn,69,-0.09
822,6542,2024-07-21,12682000.0,Sold,100,-6.24
823,3295,2024-01-09,15261000.0,Sold,69,-3.45
824,4730,2023-10-06,18689000.0,Expired,112,0.05
825,1157,2024-09-18,9728000.0,Active,36,-4.76
826,7331,2026-03-31,14679000.0,Active,158,-1.47
827,5335,2026-01-18,12010000.0,Sold,176,-3.64
828,733,2024-07-07,9980000.0,Sold,93,-1.95
829,4331,2024-10-26,9964000.0,Sold,88,-1.24
830,6802,2023-10-30,11724000.0,Active,93,-7.7
831,4847,2025-07-09,13250000.0,Sold,61,1.2
832,6732,2023-12-19,11068000.0,Expired,87,-6.61
833,7177,2023-12-31,14119000.0,Sold,5,-2.44
834,7242,2024-08-22,12951000.0,Sold,91,-2.11
835,954,2024-08-20,21187000.0,Withdrawn,79,-0.77
836,2540,2025-11-13,12260000.0,Active,65,-2.03
837,7057,2025-05-07,11193000.0,Sold,43,1.36
838,3325,2024-01-12,9896000.0,Active,175,3.03
839,3302,2025-10-17,8908000.0,Sold,65,-7.08
840,1543,2025-11-29,4882000.0,Sold,127,1.02
841,5294,2026-08-18,16657000.0,Active,59,3.11
842,5773,2025-09-08,13705000.0,Active,5,-7.81
843,1192,2024-01-07,13053000.0,Active,74,-0.81
844,6314,2024-04-30,15637000.0,Active,79,-0.15
845,5513,2026-07-07,15129000.0,Active,109,-2.0
846,2994,2024-11-25,10876000.0,Active,56,-4.91
847,6939,2026-03-20,6478000.0,Withdrawn,108,-1.98
848,2682,2025-09-16,10622000.0,Sold,101,-6.82
849,1218,2024-01-10,26119000.0,Withdrawn,105,-3.8
850,1541,2023-11-21,12473000.0,Active,75,-1.61
851,6173,2024-10-07,13239000.0,Active,62,0.23
852,3237,2025-12-23,11942000.0,Sold,117,-2.01
853,5542,2025-10-07,15316000.0,Active,76,-2.73
854,2387,2026-01-13,13001000.0,Active,64,-6.28
855,3720,2025-06-07,14131000.0,Sold,69,-3.19
856,5616,2025-11-28,10792000.0,Active,112,-3.99
857,1389,2026-06-16,10527000.0,Sold,145,2.31
858,1857,2025-04-18,14233000.0,Active,80,1.59
859,1366,2025-10-11,15119000.0,Active,100,2.19
860,500,2026-05-09,10155000.0,Active,106,-0.53
861,1681,2026-02-07,18539000.0,Sold,65,-4.89
862,511,2025-02-08,10371000.0,Withdrawn,44,1.8
863,7495,2025-01-22,6812000.0,Expired,76,0.27
864,4313,2024-12-11,11532000.0,Expired,69,-1.02
865,1325,2024-09-29,7587000.0,Sold,140,-3.6
866,1156,2023-10-28,7912000.0,Sold,116,-0.88
867,1828,2025-02-18,15264000.0,Active,144,-0.78
868,3142,2025-01-10,10946000.0,Sold,55,-6.14
869,7420,2023-11-11,12206000.0,Active,46,-2.53
870,3487,2026-01-01,12711000.0,Withdrawn,35,-2.11
871,1811,2025-06-14,8424000.0,Active,183,-3.39
872,6589,2023-11-20,15325000.0,Sold,91,-5.94
873,2924,2026-07-19,18477000.0,Active,59,-0.44
874,5302,2024-04-20,12360000.0,Sold,10,-1.19
875,2215,2025-01-01,9542000.0,Sold,30,1.04
876,4187,2025-07-16,13353000.0,Sold,132,-0.25
877,714,2024-02-12,11594000.0,Sold,5,-3.49
878,5978,2024-06-19,18064000.0,Active,66,3.48
879,3603,2025-01-23,15242000.0,Active,119,-3.28
880,4135,2023-10-01,12946000.0,Active,65,-4.0
881,7294,2024-09-18,6754000.0,Active,182,0.28
882,3523,2025-05-24,11061000.0,Expired,179,0.61
883,4269,2024-08-03,19492000.0,Active,63,1.62
884,4749,2025-11-07,9532000.0,Active,44,-0.04
885,4850,2024-11-11,11832000.0,Withdrawn,101,4.48
886,1244,2025-02-28,16862000.0,Expired,14,-2.15
887,3710,2026-02-13,15849000.0,Active,63,-1.89
888,1082,2025-07-27,13723000.0,Sold,107,-4.13
889,5780,2026-01-02,12087000.0,Expired,39,-2.2
890,6620,2026-02-12,8769000.0,Sold,73,-3.52
891,456,2024-04-20,8177000.0,Active,121,0.64
892,4925,2023-12-22,12157000.0,Sold,101,5.62
893,895,2025-04-19,10403000.0,Sold,136,-1.02
894,1385,2025-09-09,14108000.0,Expired,140,0.71
895,1959,2025-02-16,12907000.0,Sold,58,-3.21
896,3073,2026-07-23,6264000.0,Expired,110,-2.98
897,6531,2025-08-09,5550000.0,Expired,5,-3.05
898,1997,2025-12-20,11690000.0,Active,130,0.13
899,6492,2025-10-25,12189000.0,Withdrawn,107,-1.47
900,4286,2023-10-02,24327000.0,Withdrawn,68,-0.15
901,505,2025-07-06,11250000.0,Sold,75,2.0
902,1215,2026-01-07,16556000.0,Active,29,1.26
903,1532,2024-09-04,18099000.0,Expired,39,-4.51
904,3441,2025-01-31,11301000.0,Active,75,-3.34
905,7577,2024-08-03,12551000.0,Sold,5,-1.35
906,824,2024-08-17,8308000.0,Withdrawn,39,3.7
907,929,2024-03-18,11700000.0,Active,100,4.15
908,5030,2025-05-04,15345000.0,Withdrawn,5,-1.13
909,5237,2025-12-07,13523000.0,Sold,15,-1.05
910,134,2025-04-02,6043000.0,Active,203,-3.09
911,2106,2024-08-10,14967000.0,Expired,143,4.01
912,3628,2025-08-14,15826000.0,Expired,102,0.56
913,4781,2025-10-17,15081000.0,Expired,111,1.95
914,6816,2023-09-25,12169000.0,Sold,41,0.84
915,6317,2026-05-02,9798000.0,Withdrawn,5,-0.93
916,1853,2026-02-11,10599000.0,Active,115,-1.37
917,4911,2025-06-08,8916000.0,Expired,138,-2.74
918,5269,2025-12-07,14178000.0,Sold,37,-4.56
919,4176,2025-05-20,14695000.0,Withdrawn,147,-6.42
920,2934,2024-12-23,15606000.0,Sold,124,1.97
921,3285,2025-08-28,13520000.0,Active,62,4.65
922,4299,2024-07-31,7486000.0,Sold,53,3.52
923,2812,2023-09-23,14800000.0,Active,70,2.25
924,5349,2024-11-11,11131000.0,Sold,48,-2.93
925,5796,2025-03-08,15954000.0,Active,114,0.47
926,1251,2026-03-05,10118000.0,Active,116,1.97
927,5779,2026-04-28,8567000.0,Sold,103,-2.07
928,5652,2023-08-29,6037000.0,Sold,59,-3.81
929,3513,2026-07-25,7055000.0,Sold,31,3.07
930,7570,2025-11-06,21187000.0,Sold,47,-2.19
931,6191,2026-07-11,16345000.0,Withdrawn,67,-1.17
932,1257,2023-11-09,11181000.0,Expired,11,-2.49
933,3377,2024-09-12,8949000.0,Active,63,1.73
934,5646,2025-01-03,7749000.0,Expired,48,1.28
935,5263,2025-08-08,18743000.0,Sold,67,-3.01
936,3487,2024-03-10,12711000.0,Active,128,-5.34
937,3585,2025-09-10,10177000.0,Expired,97,-4.85
938,1397,2024-09-02,13327000.0,Withdrawn,80,-4.99
939,3638,2025-09-05,8517000.0,Sold,112,-0.13
940,3331,2024-09-04,11910000.0,Expired,77,-0.42
941,2704,2024-08-22,10170000.0,Expired,58,-6.12
942,471,2024-04-16,10937000.0,Expired,137,-0.84
943,7115,2024-08-04,9309000.0,Sold,137,-1.69
944,5132,2024-06-24,21083000.0,Active,66,3.25
945,1354,2025-11-29,15056000.0,Active,115,0.95
946,2784,2023-09-28,15331000.0,Active,90,-2.85
947,2832,2025-11-28,15896000.0,Expired,31,-1.57
948,5064,2026-05-22,14114000.0,Expired,45,0.24
949,358,2025-10-04,20249000.0,Sold,64,1.76
950,3020,2025-08-31,14777000.0,Expired,58,-4.99
951,7576,2024-12-31,5760000.0,Expired,5,-2.72
952,668,2025-09-23,9375000.0,Active,94,-1.82
953,4469,2025-02-21,3711000.0,Withdrawn,12,-3.46
954,5128,2025-03-18,8385000.0,Active,138,-0.07
955,1146,2026-07-20,12461000.0,Expired,80,-1.9
956,5468,2025-05-25,14767000.0,Sold,64,-4.05
957,6820,2026-04-06,16980000.0,Withdrawn,202,-2.22
958,4186,2025-07-26,12759000.0,Withdrawn,47,0.83
959,3720,2026-04-29,14131000.0,Active,112,3.55
960,2746,2024-01-15,10743000.0,Expired,68,3.5
961,7484,2026-07-21,12060000.0,Active,86,-1.23
962,7346,2023-12-14,6082000.0,Active,16,-6.7
963,540,2026-05-29,14199000.0,Active,65,3.43
964,2780,2025-11-08,12609000.0,Expired,65,-9.31
965,4965,2024-12-31,11158000.0,Expired,5,-0.03
966,4137,2024-01-20,20830000.0,Active,151,-2.34
967,4836,2025-08-19,14721000.0,Withdrawn,82,-0.6
968,3776,2026-05-30,7729000.0,Expired,186,-1.78
969,6043,2023-09-12,22480000.0,Active,60,-3.02
970,6646,2025-11-25,10526000.0,Sold,133,-1.56
971,7103,2024-07-25,16499000.0,Sold,84,-0.38
972,7313,2025-11-29,4560000.0,Withdrawn,5,-2.04
973,5321,2023-11-02,14740000.0,Withdrawn,114,-3.19
974,5025,2024-01-03,20281000.0,Expired,112,1.27
975,6133,2024-02-26,17526000.0,Sold,52,-4.49
976,7892,2024-11-03,11803000.0,Sold,68,0.05
977,2509,2025-09-12,2404000.0,Active,52,-1.39
978,2780,2024-09-25,12609000.0,Active,37,3.21
979,6896,2025-02-08,16328000.0,Active,42,5.79
980,925,2025-09-17,6331000.0,Sold,97,1.82
981,2957,2026-04-24,11892000.0,Sold,66,-4.91
982,1582,2024-06-21,10454000.0,Withdrawn,59,2.46
983,7715,2026-06-18,20346000.0,Sold,94,-1.79
984,3325,2023-09-14,9896000.0,Active,103,-2.76
985,4486,2025-09-18,16892000.0,Sold,12,-0.87
986,5714,2024-07-25,12411000.0,Sold,97,-1.6
987,7027,2024-11-30,17129000.0,Sold,43,-1.59
988,256,2025-01-30,5460000.0,Active,60,-6.93
989,4805,2025-03-13,20155000.0,Withdrawn,102,2.63
990,1839,2024-05-27,13917000.0,Sold,34,-2.8
991,1945,2024-06-14,14769000.0,Withdrawn,70,-6.34
992,6594,2026-07-07,4859000.0,Sold,5,-1.24
993,10,2024-01-05,20187000.0,Sold,94,0.92
994,2872,2024-07-05,8407000.0,Sold,5,-0.26
995,798,2026-02-07,7050000.0,Sold,77,3.2
996,7410,2026-07-08,6436000.0,Expired,69,0.43
997,7419,2023-10-23,16224000.0,Active,86,-4.03
998,4973,2024-05-29,18178000.0,Sold,79,6.67
999,5125,2025-04-12,22412000.0,Sold,30,-3.91
1000,7287,2025-01-16,11491000.0,Active,67,-0.56
1001,1016,2023-12-24,11847000.0,Active,169,0.76
1002,1825,2023-09-06,21603000.0,Sold,86,-5.95
1003,4470,2023-12-26,10511000.0,Active,9,-5.7
1004,3137,2025-01-08,15078000.0,Expired,132,2.09
1005,2194,2025-12-20,15593000.0,Active,126,-3.5
1006,224,2024-04-29,10769000.0,Expired,83,-3.38
1007,5359,2024-02-08,10475000.0,Active,40,-4.4
1008,6321,2025-01-08,16515000.0,Active,64,-2.18
1009,5899,2023-10-10,19778000.0,Withdrawn,33,-5.59
1010,4949,2024-06-27,12138000.0,Sold,110,0.04
1011,7450,2024-07-06,13008000.0,Sold,5,2.63
1012,4159,2025-12-28,14633000.0,Active,61,-5.14
1013,5337,2023-09-20,11204000.0,Active,70,2.02
1014,3926,2024-05-13,11942000.0,Active,14,3.35
1015,6971,2024-07-22,15988000.0,Active,130,-3.3
1016,6939,2024-10-05,6478000.0,Sold,91,0.28
1017,4785,2024-11-25,14679000.0,Withdrawn,58,-3.18
1018,5581,2025-03-23,18155000.0,Active,71,1.48
1019,4001,2026-08-11,16931000.0,Expired,5,1.32
1020,1634,2026-04-04,17442000.0,Sold,77,-3.21
1021,2153,2025-08-09,16858000.0,Active,94,-5.82
1022,7267,2024-05-26,15148000.0,Sold,84,0.74
1023,511,2026-01-25,10371000.0,Active,55,0.87
1024,385,2025-09-02,3622000.0,Sold,29,0.42
1025,405,2025-11-24,14451000.0,Withdrawn,17,-2.3
1026,6967,2025-07-20,7853000.0,Sold,91,-4.17
1027,4614,2023-10-21,16472000.0,Active,39,7.96
1028,4572,2026-01-10,12930000.0,Active,130,0.18
1029,2001,2024-04-25,16977000.0,Sold,125,-7.35
1030,2757,2026-07-31,8865000.0,Active,68,1.55
1031,1669,2026-01-15,12346000.0,Withdrawn,88,5.63
1032,5990,2024-12-16,19168000.0,Expired,42,2.14
1033,6915,2025-06-01,12921000.0,Expired,53,-3.41
1034,1461,2025-11-08,11412000.0,Expired,44,-4.7
1035,7191,2026-06-08,7912000.0,Sold,85,3.08
1036,7141,2025-05-09,12061000.0,Sold,127,-4.05
1037,3637,2024-06-01,7327000.0,Sold,5,-0.23
1038,2725,2026-02-27,10960000.0,Active,79,3.51
1039,4810,2024-02-12,8658000.0,Expired,60,-1.54
1040,7626,2025-01-12,7314000.0,Expired,40,0.02
1041,4179,2024-06-24,8666000.0,Expired,25,-5.91
1042,5265,2025-03-20,10924000.0,Expired,92,-2.81
1043,7253,2023-12-13,25180000.0,Active,107,0.41
1044,7246,2026-06-09,12535000.0,Sold,43,1.43
1045,6601,2024-03-17,7376000.0,Active,11,-1.79
1046,5998,2023-11-30,12222000.0,Sold,80,-2.98
1047,2049,2024-11-28,10616000.0,Sold,22,-0.14
1048,4147,2026-07-26,19209000.0,Sold,66,0.19
1049,4781,2024-05-14,15081000.0,Active,87,1.17
1050,717,2024-05-17,17828000.0,Withdrawn,58,-5.31
1051,7940,2026-01-28,15520000.0,Withdrawn,68,2.03
1052,5566,2026-05-26,14418000.0,Active,55,-4.18
1053,4545,2025-09-13,10721000.0,Active,118,-1.1
1054,4977,2026-01-29,9701000.0,Withdrawn,22,-4.74
1055,4584,2023-12-04,17765000.0,Sold,99,1.15
1056,1824,2025-12-29,14158000.0,Expired,53,-5.35
1057,2082,2024-02-17,13769000.0,Expired,82,-0.69
1058,3420,2024-09-25,28869000.0,Active,118,0.42
1059,6239,2023-11-16,13146000.0,Active,158,-1.18
1060,7240,2026-01-31,12746000.0,Active,76,0.75
1061,1575,2023-10-21,6795000.0,Expired,76,-1.5
1062,6298,2024-05-15,6628000.0,Sold,89,-3.6
1063,250,2024-05-11,12964000.0,Sold,93,4.49
1064,674,2025-11-28,6887000.0,Withdrawn,69,2.86
1065,4534,2024-06-11,7567000.0,Active,77,3.5
1066,2166,2025-10-26,9171000.0,Sold,58,-2.99
1067,771,2024-02-05,12480000.0,Withdrawn,69,-6.43
1068,3963,2026-04-19,8459000.0,Sold,76,-0.72
1069,7474,2026-01-19,12024000.0,Sold,131,-0.76
1070,4364,2025-01-15,11580000.0,Expired,88,3.05
1071,1985,2023-09-20,13664000.0,Sold,86,1.65
1072,1078,2026-01-26,14134000.0,Active,131,-5.34
1073,236,2026-07-15,15301000.0,Expired,27,-2.34
1074,389,2025-09-12,21406000.0,Active,129,-1.63
1075,3038,2024-04-06,9017000.0,Sold,49,0.45
1076,7902,2024-01-18,12016000.0,Sold,40,-5.55
1077,4859,2023-11-28,7267000.0,Active,81,-0.42
1078,1849,2025-07-31,12889000.0,Expired,10,-3.39
1079,6545,2024-02-05,9976000.0,Sold,51,-4.0
1080,4720,2024-01-02,17206000.0,Sold,72,-2.22
1081,2815,2026-02-05,14147000.0,Active,127,2.66
1082,3375,2024-05-28,13840000.0,Active,134,2.5
1083,7063,2025-07-18,6219000.0,Active,45,-5.32
1084,3279,2023-12-22,15658000.0,Active,16,-2.57
1085,1253,2026-02-21,8663000.0,Sold,43,-9.79
1086,6997,2026-05-03,16747000.0,Expired,144,0.73
1087,3982,2025-07-21,14167000.0,Sold,66,-0.23
1088,4674,2023-09-19,13968000.0,Active,104,-2.04
1089,2123,2023-09-01,19528000.0,Active,131,-1.99
1090,4531,2023-12-10,3779000.0,Sold,127,-2.75
1091,2151,2025-11-04,12516000.0,Sold,92,-3.56
1092,7590,2025-07-31,15994000.0,Sold,5,-2.61
1093,7872,2024-03-30,12950000.0,Sold,5,3.32
1094,4860,2025-12-26,5592000.0,Withdrawn,102,-3.61
1095,6882,2024-09-18,8791000.0,Sold,13,-4.2
1096,6950,2024-01-07,22075000.0,Sold,93,-3.27
1097,1330,2023-11-10,6506000.0,Sold,69,-2.24
1098,6242,2025-08-28,20041000.0,Withdrawn,159,3.57
1099,6942,2024-06-05,11235000.0,Active,77,5.07
1100,1359,2025-07-28,7430000.0,Withdrawn,71,2.36
1101,7003,2024-11-26,10774000.0,Expired,105,3.16
1102,2483,2026-06-01,3259000.0,Sold,101,0.38
1103,4543,2025-08-05,12336000.0,Active,65,0.02
1104,2018,2026-06-22,4994000.0,Sold,65,-4.25
1105,1332,2025-11-17,7149000.0,Sold,55,-9.29
1106,4345,2024-09-23,12414000.0,Sold,55,-3.79
1107,4262,2024-03-26,12579000.0,Active,137,-3.55
1108,7649,2024-06-06,14679000.0,Sold,82,3.94
1109,7128,2024-01-16,9113000.0,Expired,100,4.1
1110,1359,2025-12-16,7430000.0,Active,40,-1.96
1111,5116,2023-12-29,7029000.0,Sold,98,-6.09
1112,4638,2026-02-17,10891000.0,Active,50,-5.94
1113,4855,2023-12-17,5303000.0,Active,5,0.06
1114,3178,2025-09-09,12683000.0,Active,57,-0.02
1115,7731,2025-08-21,16954000.0,Expired,77,-4.61
1116,2129,2025-06-30,11662000.0,Sold,112,-0.06
1117,2181,2025-10-12,7993000.0,Expired,55,-4.37
1118,4893,2024-07-25,8147000.0,Expired,7,-1.62
1119,7044,2025-11-02,15591000.0,Active,104,-3.58
1120,138,2024-11-14,19369000.0,Active,65,-9.06
1121,6328,2025-09-27,8860000.0,Active,91,-2.43
1122,3473,2025-03-27,20997000.0,Sold,28,-3.2
1123,5450,2026-03-09,9429000.0,Sold,73,0.8
1124,2833,2024-08-15,8794000.0,Active,139,-0.45
1125,3580,2024-04-05,13396000.0,Sold,141,-4.77
1126,5972,2025-12-03,10594000.0,Sold,5,-2.28
1127,3032,2026-08-16,14241000.0,Active,110,1.16
1128,4165,2024-08-01,13167000.0,Expired,16,3.39
1129,2594,2026-07-19,10283000.0,Sold,23,-2.63
1130,7942,2024-11-02,11406000.0,Expired,136,-2.22
1131,6197,2024-01-06,6160000.0,Active,77,0.99
1132,5570,2025-07-22,12226000.0,Active,111,-3.19
1133,4301,2024-09-27,18748000.0,Sold,59,-2.9
1134,6270,2025-03-27,11827000.0,Withdrawn,97,1.77
1135,3819,2024-06-10,7644000.0,Sold,65,-1.25
1136,4139,2025-06-20,11395000.0,Sold,119,-1.36
1137,3824,2026-01-31,19561000.0,Active,132,-2.42
1138,4043,2025-08-08,16798000.0,Sold,76,-4.01
1139,1907,2026-07-15,9920000.0,Active,119,-0.49
1140,6255,2024-03-07,9746000.0,Expired,88,0.2
1141,761,2024-03-16,14100000.0,Sold,59,-7.74
1142,7831,2024-03-20,16057000.0,Sold,69,-5.05
1143,7351,2025-04-19,16832000.0,Sold,97,-0.55
1144,6992,2025-05-31,12469000.0,Expired,117,-3.02
1145,6239,2026-02-09,13146000.0,Active,153,2.56
1146,6091,2025-03-02,13503000.0,Expired,59,2.09
1147,3446,2025-09-18,6622000.0,Withdrawn,73,-1.06
1148,6032,2026-06-25,14209000.0,Expired,23,-1.65
1149,7688,2025-11-04,9671000.0,Active,174,4.79
1150,900,2025-07-08,5197000.0,Sold,118,-1.12
1151,4456,2026-04-05,21684000.0,Expired,98,-0.19
1152,2948,2024-02-23,9051000.0,Active,99,-3.05
1153,1720,2025-03-09,14941000.0,Sold,12,-4.58
1154,281,2024-08-22,9687000.0,Active,72,3.37
1155,3267,2026-05-30,12224000.0,Withdrawn,5,-2.79
1156,1888,2025-02-13,17144000.0,Active,29,-5.62
1157,3267,2023-10-08,12224000.0,Expired,87,5.81
1158,667,2025-02-14,13454000.0,Sold,30,0.39
1159,4189,2025-08-18,20035000.0,Sold,13,-1.87
1160,672,2023-11-24,9779000.0,Sold,121,-5.53
1161,1970,2025-09-09,6070000.0,Expired,55,-0.77
1162,4157,2026-04-23,13693000.0,Sold,40,1.12
1163,6778,2026-02-05,12979000.0,Sold,117,-5.41
1164,3123,2026-01-21,19070000.0,Active,65,-4.79
1165,7571,2024-09-18,10918000.0,Sold,52,0.35
1166,7957,2025-12-31,18886000.0,Withdrawn,57,-0.01
1167,5125,2026-02-06,22412000.0,Sold,81,1.66
1168,5586,2026-05-15,18405000.0,Sold,112,-2.5
1169,4700,2024-09-15,5745000.0,Sold,70,-0.46
1170,4778,2024-06-22,5629000.0,Withdrawn,77,-1.78
1171,3901,2025-09-26,16227000.0,Active,114,-2.57
1172,6678,2025-02-09,8071000.0,Sold,48,-1.8
1173,5525,2025-01-29,6773000.0,Withdrawn,28,0.11
1174,6982,2024-06-27,12524000.0,Sold,152,-3.21
1175,7681,2026-05-13,17090000.0,Active,51,-4.65
1176,6789,2025-04-30,14756000.0,Active,34,-1.3
1177,6377,2024-06-04,15892000.0,Sold,41,-1.29
1178,524,2025-05-24,16782000.0,Sold,121,1.41
1179,2394,2023-09-26,13875000.0,Sold,20,-5.58
1180,3118,2024-11-30,4909000.0,Active,108,1.02
1181,2594,2026-01-20,10283000.0,Sold,56,-1.33
1182,1969,2023-10-12,11597000.0,Active,109,-0.25
1183,5198,2023-08-29,6272000.0,Sold,124,-3.36
1184,1754,2025-05-03,18499000.0,Sold,63,0.6
1185,5933,2026-04-03,9892000.0,Active,23,-0.35
1186,7241,2026-05-28,3388000.0,Sold,92,-4.78
1187,6938,2024-10-20,14427000.0,Expired,5,2.66
1188,2297,2025-04-09,12571000.0,Withdrawn,153,-0.05
1189,6191,2024-01-04,16345000.0,Expired,24,2.04
1190,5241,2025-11-09,11126000.0,Sold,69,1.8
1191,2262,2025-01-02,21042000.0,Sold,155,-6.18
1192,2287,2026-01-19,10181000.0,Expired,55,3.91
1193,5176,2026-01-15,16236000.0,Sold,99,-0.58
1194,6494,2025-02-14,16399000.0,Sold,5,-4.65
1195,4203,2025-05-31,9448000.0,Expired,83,4.49
1196,2879,2025-12-27,5386000.0,Sold,116,2.16
1197,4144,2026-01-29,12594000.0,Active,148,-1.1
1198,3645,2025-04-27,17536000.0,Active,96,2.81
1199,4433,2026-05-05,12244000.0,Sold,76,-2.04
1200,5146,2026-03-25,12018000.0,Sold,5,-8.14
1201,6948,2025-08-04,10036000.0,Active,42,4.35
1202,5377,2024-10-09,17814000.0,Sold,127,-0.99
1203,2056,2025-05-19,7895000.0,Sold,23,-3.92
1204,4721,2024-01-20,13690000.0,Sold,95,-2.39
1205,5987,2023-09-13,16114000.0,Expired,145,-8.22
1206,1277,2026-03-04,14471000.0,Active,17,2.17
1207,5812,2023-09-15,7294000.0,Expired,55,1.48
1208,2767,2024-02-08,10713000.0,Expired,74,1.43
1209,303,2024-09-18,14384000.0,Sold,50,-5.35
1210,639,2026-01-23,9167000.0,Active,64,-2.74
1211,56,2024-09-11,19870000.0,Active,46,-2.08
1212,4822,2024-03-24,3586000.0,Sold,112,4.41
1213,526,2024-12-08,17889000.0,Sold,5,-0.52
1214,4570,2023-11-29,12358000.0,Expired,5,-6.01
1215,4124,2024-12-07,16810000.0,Active,33,0.64
1216,2126,2025-05-09,11671000.0,Expired,46,-5.06
1217,3288,2026-08-10,15970000.0,Active,78,-4.1
1218,7554,2026-03-13,11199000.0,Withdrawn,44,-5.85
1219,365,2026-01-28,5534000.0,Active,34,0.58
1220,6810,2024-01-21,8321000.0,Active,40,0.55
1221,4622,2025-07-12,15907000.0,Sold,30,-4.91
1222,6843,2024-05-23,8023000.0,Active,36,1.61
1223,5432,2023-09-23,12071000.0,Sold,116,2.19
1224,4979,2025-04-28,9901000.0,Active,86,-4.72
1225,5127,2024-10-28,6213000.0,Active,120,-2.78
1226,5123,2024-01-16,19933000.0,Active,34,-3.52
1227,1647,2025-08-21,23797000.0,Sold,5,1.58
1228,919,2026-04-24,10493000.0,Active,123,-3.06
1229,2798,2023-12-12,4823000.0,Expired,73,-0.38
1230,6507,2025-01-23,10318000.0,Active,62,-2.69
1231,5871,2024-03-27,7886000.0,Sold,103,-0.26
1232,1532,2025-09-09,18099000.0,Active,111,-0.89
1233,3346,2025-12-15,14599000.0,Sold,65,2.86
1234,7674,2024-04-14,18032000.0,Sold,31,-2.77
1235,6950,2024-09-30,22075000.0,Sold,117,0.66
1236,6883,2025-07-31,9777000.0,Withdrawn,5,0.54
1237,1907,2024-04-29,9920000.0,Sold,58,0.92
1238,3087,2025-09-03,7912000.0,Withdrawn,150,2.01
1239,5312,2025-09-17,11691000.0,Sold,69,-6.03
1240,5751,2025-05-21,12785000.0,Active,126,2.55
1241,4581,2024-05-16,15680000.0,Sold,156,-2.09
1242,2076,2025-07-15,17079000.0,Sold,33,-0.8
1243,714,2025-02-27,11594000.0,Sold,85,1.07
1244,1063,2025-03-24,14366000.0,Sold,34,6.15
1245,1977,2026-06-23,21493000.0,Sold,115,-2.9
1246,1297,2026-06-12,10238000.0,Sold,21,-2.11
1247,5351,2025-01-05,10573000.0,Withdrawn,24,1.38
1248,6230,2025-05-09,13505000.0,Sold,154,0.4
1249,7642,2024-02-06,21089000.0,Sold,85,-5.98
1250,126,2026-05-29,10172000.0,Expired,92,-2.91
1251,6956,2024-11-30,23070000.0,Sold,87,-0.15
1252,4633,2025-12-28,5790000.0,Sold,47,3.97
1253,6289,2025-02-17,11197000.0,Expired,5,-7.47
1254,3597,2026-05-13,2482000.0,Active,50,-1.94
1255,3284,2025-05-05,7054000.0,Active,113,-0.04
1256,6169,2025-10-23,6632000.0,Sold,76,-0.89
1257,1604,2024-08-22,5399000.0,Sold,43,-2.98
1258,7562,2026-01-11,8110000.0,Expired,38,-0.55
1259,67,2025-06-12,7911000.0,Active,82,-2.01
1260,233,2025-11-17,17269000.0,Expired,41,-0.18
1261,2157,2024-09-11,11634000.0,Sold,5,-0.35
1262,1170,2025-07-03,14315000.0,Sold,65,-1.77
1263,2159,2026-02-28,3275000.0,Active,66,-4.56
1264,6372,2025-10-31,14027000.0,Sold,64,-3.94
1265,4207,2026-04-05,14613000.0,Sold,54,-0.42
1266,1494,2024-02-25,12907000.0,Sold,195,0.6
1267,6178,2025-10-22,11225000.0,Active,29,-1.99
1268,4719,2025-10-23,5135000.0,Withdrawn,46,-5.05
1269,7944,2025-02-10,10854000.0,Sold,90,2.65
1270,4008,2026-04-03,3983000.0,Sold,101,-1.92
1271,7537,2025-09-04,7006000.0,Active,5,-4.21
1272,6892,2026-03-23,7707000.0,Withdrawn,20,-0.83
1273,6739,2026-01-13,10713000.0,Active,5,-0.25
1274,7722,2024-12-13,7914000.0,Active,66,-3.43
1275,2473,2023-12-14,17253000.0,Withdrawn,7,-2.98
1276,2661,2024-04-26,8474000.0,Active,160,-1.52
1277,5638,2026-03-08,11205000.0,Sold,58,-2.93
1278,2740,2026-06-06,13946000.0,Active,80,3.64
1279,5402,2024-06-21,13502000.0,Active,167,2.43
1280,7488,2023-09-14,4438000.0,Sold,92,-2.41
1281,1762,2024-04-09,14447000.0,Active,55,-5.48
1282,3515,2026-07-12,10958000.0,Sold,141,1.95
1283,1976,2024-10-24,13311000.0,Active,106,0.29
1284,2363,2025-08-18,6078000.0,Active,69,-2.22
1285,877,2024-01-08,5783000.0,Sold,20,-1.94
1286,6086,2024-10-17,11713000.0,Active,28,0.28
1287,3813,2025-01-06,8304000.0,Sold,78,-1.44
1288,3449,2026-05-22,18027000.0,Sold,115,-6.56
1289,1313,2024-06-11,9982000.0,Expired,60,-1.58
1290,1461,2023-09-22,11412000.0,Expired,119,-6.5
1291,2710,2025-08-19,7641000.0,Active,60,0.26
1292,2325,2026-07-27,12197000.0,Active,157,-4.41
1293,1734,2024-06-19,10203000.0,Withdrawn,108,-1.26
1294,1606,2026-05-27,13228000.0,Active,135,-4.41
1295,5623,2024-08-22,46620000.0,Active,105,-6.65
1296,6768,2024-09-24,8012000.0,Expired,73,-2.01
1297,2564,2023-11-16,13556000.0,Withdrawn,6,0.58
1298,3422,2025-04-16,16429000.0,Active,130,-5.15
1299,6987,2024-04-29,8968000.0,Withdrawn,8,-4.12
1300,3518,2023-11-15,12807000.0,Sold,145,2.75
1301,7998,2024-01-01,17771000.0,Sold,155,-2.66
1302,2398,2023-09-06,12178000.0,Sold,75,2.52
1303,5727,2023-08-27,13890000.0,Active,5,-1.18
1304,3736,2024-01-15,27067000.0,Active,52,-0.79
1305,2871,2026-03-29,10164000.0,Sold,19,-1.22
1306,1161,2024-01-10,12930000.0,Active,50,-0.89
1307,4855,2025-10-15,5303000.0,Sold,114,-3.75
1308,7043,2024-02-13,25396000.0,Active,86,0.84
1309,243,2025-01-23,15165000.0,Withdrawn,17,-1.37
1310,2591,2025-08-01,7882000.0,Sold,62,-2.82
1311,1064,2025-09-02,7896000.0,Withdrawn,110,-0.56
1312,4325,2024-08-25,16030000.0,Withdrawn,68,-6.97
1313,2596,2024-09-13,13520000.0,Withdrawn,94,-2.43
1314,920,2026-01-05,13850000.0,Active,76,0.95
1315,5343,2026-06-06,7455000.0,Sold,68,-3.87
1316,6,2026-07-26,13663000.0,Sold,40,-3.36
1317,7490,2026-06-23,7745000.0,Active,30,2.26
1318,468,2024-12-16,11257000.0,Active,53,-5.56
1319,5852,2026-06-05,9479000.0,Expired,118,-2.01
1320,4171,2024-11-22,11826000.0,Sold,48,-4.71
1321,4,2025-01-28,10913000.0,Active,97,3.29
1322,5967,2024-06-14,13393000.0,Sold,61,2.2
1323,646,2024-04-02,16801000.0,Sold,52,-1.3
1324,118,2024-04-06,10783000.0,Active,162,-2.5
1325,2929,2025-09-24,6784000.0,Active,5,-6.52
1326,5726,2024-04-13,12957000.0,Sold,31,5.52
1327,2552,2025-11-21,10912000.0,Withdrawn,116,-3.86
1328,6118,2026-02-03,10020000.0,Sold,117,-3.98
1329,5043,2026-08-14,15129000.0,Withdrawn,76,-1.04
1330,6718,2025-01-01,14363000.0,Sold,47,-5.14
1331,5561,2025-10-29,11886000.0,Active,125,-0.26
1332,4290,2024-01-12,10660000.0,Sold,91,-1.97
1333,847,2024-12-14,14154000.0,Expired,93,-1.46
1334,2763,2026-07-10,9192000.0,Active,5,-3.05
1335,5512,2025-06-16,14583000.0,Expired,121,0.99
1336,7194,2025-12-10,19637000.0,Expired,113,-6.23
1337,5555,2025-05-15,7921000.0,Active,40,-0.64
1338,6317,2023-11-15,9798000.0,Sold,177,-5.93
1339,7468,2026-07-05,16974000.0,Sold,168,-2.81
1340,5765,2023-12-29,12469000.0,Withdrawn,61,-7.56
1341,6470,2023-09-02,19768000.0,Sold,75,-0.19
1342,5530,2024-10-08,9039000.0,Withdrawn,112,1.68
1343,1142,2025-02-06,7932000.0,Sold,125,4.22
1344,6980,2025-11-26,9143000.0,Sold,49,-1.3
1345,1811,2023-11-02,8424000.0,Sold,62,0.77
1346,724,2024-03-19,16464000.0,Expired,89,-1.43
1347,225,2025-07-08,13167000.0,Sold,43,-1.37
1348,4628,2024-05-21,16148000.0,Expired,67,-2.47
1349,4209,2026-08-16,16273000.0,Active,65,-7.63
1350,6284,2025-03-14,23381000.0,Sold,151,-1.19
1351,4655,2026-07-03,15620000.0,Sold,201,-0.84
1352,2049,2025-05-04,10616000.0,Withdrawn,135,2.34
1353,6234,2025-12-29,8415000.0,Active,55,-1.08
1354,4750,2026-07-19,15664000.0,Sold,100,4.42
1355,4416,2026-05-31,11697000.0,Expired,89,-4.54
1356,1574,2024-08-30,3025000.0,Active,102,-2.48
1357,1829,2026-04-04,16227000.0,Sold,136,-1.97
1358,1918,2023-11-02,11144000.0,Sold,75,1.51
1359,4235,2026-05-05,12889000.0,Sold,60,-4.14
1360,7679,2025-01-23,13615000.0,Active,77,-0.13
1361,6989,2023-12-20,11063000.0,Sold,69,4.22
1362,2027,2023-09-17,13475000.0,Expired,47,5.59
1363,6403,2024-03-05,10912000.0,Sold,83,5.8
1364,3745,2025-04-25,9758000.0,Withdrawn,130,-6.66
1365,902,2025-04-24,8438000.0,Sold,63,4.01
1366,4786,2023-10-30,12204000.0,Active,47,-3.28
1367,2040,2024-12-28,10761000.0,Sold,140,-2.87
1368,10,2023-09-22,20187000.0,Withdrawn,105,-1.52
1369,261,2026-01-23,7540000.0,Active,95,1.02
1370,6039,2026-08-07,7108000.0,Sold,135,-2.35
1371,1674,2023-10-15,17349000.0,Withdrawn,5,-0.57
1372,2220,2025-07-02,16792000.0,Withdrawn,5,2.7
1373,7042,2026-02-27,9788000.0,Sold,128,-2.39
1374,2061,2025-01-12,16535000.0,Active,173,-3.09
1375,5288,2026-03-08,10744000.0,Sold,131,-5.3
1376,3714,2026-05-07,4656000.0,Sold,68,-0.24
1377,1620,2023-12-13,16156000.0,Expired,141,-2.55
1378,321,2024-01-09,11733000.0,Sold,21,-1.12
1379,1343,2025-01-23,12988000.0,Sold,51,-2.9
1380,5733,2024-03-18,12106000.0,Sold,66,-0.52
1381,2377,2026-06-22,15759000.0,Active,98,3.77
1382,2833,2026-06-16,8794000.0,Sold,106,-2.11
1383,2825,2025-11-10,11833000.0,Active,75,-3.87
1384,1995,2025-03-08,12344000.0,Active,114,-0.57
1385,2959,2023-10-15,16734000.0,Active,37,-1.1
1386,6040,2026-07-27,16546000.0,Active,96,0.17
1387,7718,2024-02-11,5093000.0,Expired,26,-0.74
1388,2039,2025-09-14,9705000.0,Sold,5,-6.12
1389,3491,2025-08-23,6033000.0,Sold,89,-1.61
1390,3678,2026-08-17,6351000.0,Active,108,-2.13
1391,1119,2025-06-14,7931000.0,Active,70,0.42
1392,7985,2026-02-14,23107500.0,Sold,68,-2.45
1393,1605,2025-09-21,11247000.0,Withdrawn,132,-1.18
1394,6462,2025-03-17,12685000.0,Sold,5,1.18
1395,4028,2024-11-13,9327000.0,Sold,122,-3.77
1396,236,2025-10-12,15301000.0,Sold,114,-2.18
1397,1970,2023-08-20,6070000.0,Active,44,-2.26
1398,4430,2023-10-23,14399000.0,Expired,7,-6.36
1399,1909,2024-02-01,5982000.0,Sold,99,-7.11
1400,376,2023-09-19,8487000.0,Expired,32,-2.32
1401,3531,2025-08-07,10549000.0,Sold,39,2.87
1402,5257,2025-01-24,6074000.0,Expired,31,-1.16
1403,2636,2026-04-01,15089000.0,Sold,44,2.18
1404,1571,2026-06-19,13106000.0,Active,28,-1.62
1405,2561,2023-12-30,6200000.0,Sold,26,-6.85
1406,5416,2025-05-21,10501000.0,Sold,45,-1.77
1407,3392,2025-11-21,13858000.0,Active,43,-4.97
1408,2966,2024-06-21,8543000.0,Active,33,2.88
1409,3644,2024-03-04,8258000.0,Sold,164,3.4
1410,5952,2025-06-03,9608000.0,Sold,96,-0.67
1411,5469,2025-07-24,16717000.0,Sold,37,-1.14
1412,3851,2024-08-08,19049000.0,Expired,88,-4.34
1413,873,2024-11-15,14832000.0,Withdrawn,117,-8.58
1414,1253,2023-09-30,8663000.0,Sold,66,-5.64
1415,6414,2024-05-03,11580000.0,Sold,67,-2.02
1416,5948,2023-11-10,7604000.0,Active,41,1.65
1417,6942,2024-08-13,11235000.0,Active,110,3.79
1418,1315,2025-06-30,21893000.0,Active,155,-4.04
1419,4821,2025-12-21,17939000.0,Active,98,-1.47
1420,7333,2025-07-03,11664000.0,Expired,73,0.13
1421,6149,2025-10-18,12899000.0,Sold,136,-2.16
1422,2899,2026-06-21,9736000.0,Sold,184,-1.19
1423,7547,2023-12-24,8907000.0,Sold,48,-1.42
1424,78,2024-09-18,16128000.0,Sold,17,1.54
1425,7578,2026-01-01,16757000.0,Sold,85,-2.25
1426,2622,2023-09-21,10452000.0,Active,48,2.19
1427,4228,2024-02-19,24011000.0,Sold,59,0.94
1428,601,2023-09-04,13149000.0,Sold,83,-0.98
1429,5869,2026-06-10,9969000.0,Active,116,2.09
1430,1066,2025-03-18,10209000.0,Sold,95,-10.02
1431,2137,2023-10-21,12451000.0,Sold,82,3.33
1432,2450,2024-12-07,11763000.0,Active,140,-0.18
1433,2344,2023-08-23,14612000.0,Sold,40,-4.37
1434,1864,2025-06-13,55445000.0,Sold,57,2.48
1435,1319,2026-06-14,11443000.0,Sold,81,1.57
1436,4712,2025-01-10,8593000.0,Withdrawn,46,3.71
1437,3598,2023-09-01,13653000.0,Active,23,0.41
1438,6944,2026-07-01,16391000.0,Sold,83,-0.15
1439,3763,2025-11-01,9881000.0,Sold,78,-3.31
1440,7805,2023-12-31,12611000.0,Expired,61,-6.18
1441,6566,2024-04-18,14858000.0,Sold,18,-2.67
1442,5985,2023-09-15,12092000.0,Sold,28,-2.91
1443,5143,2024-12-18,16209000.0,Active,52,-5.36
1444,4671,2025-07-05,15753000.0,Active,54,1.46
1445,2191,2024-11-25,10358000.0,Withdrawn,123,0.86
1446,993,2025-07-31,14985000.0,Active,39,-1.93
1447,2713,2025-03-07,17365000.0,Active,96,-6.47
1448,2193,2025-12-23,18192000.0,Sold,20,-0.79
1449,1249,2024-08-09,12545000.0,Active,78,-3.8
1450,3055,2025-09-06,11194000.0,Expired,137,-4.19
1451,4599,2024-08-24,12076000.0,Active,60,2.06
1452,4034,2026-08-10,10702000.0,Sold,73,0.04
1453,1998,2025-05-25,18396000.0,Expired,28,-5.44
1454,4917,2025-05-11,12347000.0,Active,113,-1.46
1455,3688,2023-12-04,15606000.0,Sold,134,-5.1
1456,2152,2024-08-21,8237000.0,Active,119,-2.23
1457,4019,2024-07-10,16177000.0,Active,66,-2.48
1458,3111,2026-02-13,15454000.0,Sold,96,-3.08
1459,1971,2024-12-11,12996000.0,Sold,5,0.38
1460,198,2026-05-03,27658000.0,Active,83,-1.94
1461,5766,2024-10-21,8779000.0,Withdrawn,5,1.45
1462,2627,2025-07-01,11564000.0,Active,52,-0.49
1463,6535,2025-08-31,13195000.0,Sold,61,-0.26
1464,1203,2024-01-07,18903000.0,Active,96,-4.34
1465,6698,2024-03-02,7805000.0,Sold,5,0.7
1466,5568,2024-12-02,8796000.0,Active,93,2.91
1467,7668,2024-08-25,16797000.0,Sold,21,-0.18
1468,7183,2025-04-03,10203000.0,Active,80,3.39
1469,5743,2024-01-03,13105000.0,Expired,5,-0.53
1470,5789,2025-12-07,9502000.0,Active,5,-3.35
1471,5409,2024-01-14,13318000.0,Active,81,-0.68
1472,2036,2024-07-23,20525000.0,Active,155,-2.16
1473,478,2026-07-15,15355000.0,Active,76,1.15
1474,1255,2024-04-23,19667000.0,Withdrawn,10,7.61
1475,923,2025-04-17,17599000.0,Sold,16,-2.52
1476,420,2025-12-05,11943000.0,Expired,64,-0.6
1477,2205,2024-08-09,18216000.0,Active,143,-0.93
1478,2598,2023-10-09,16448000.0,Withdrawn,138,-3.18
1479,7609,2026-07-01,6940000.0,Sold,50,-2.18
1480,1121,2024-05-30,14043000.0,Active,47,-5.13
1481,3069,2024-11-01,10884000.0,Sold,105,-2.11
1482,7141,2023-12-14,12061000.0,Active,80,-8.2
1483,7579,2026-04-06,16755000.0,Active,5,-2.18
1484,951,2024-05-31,13685000.0,Withdrawn,72,-1.74
1485,2337,2024-03-18,9877000.0,Sold,46,1.05
1486,5374,2024-07-09,25825000.0,Sold,72,8.85
1487,2244,2026-03-30,14580000.0,Sold,181,0.99
1488,2646,2026-03-17,18948000.0,Sold,79,0.24
1489,1858,2026-05-07,12421000.0,Sold,81,-0.51
1490,7690,2023-12-14,8595000.0,Active,146,-1.42
1491,4613,2025-12-26,8174000.0,Sold,72,-3.05
1492,5755,2026-05-25,14885000.0,Expired,100,-7.28
1493,1866,2025-10-11,9951000.0,Sold,111,-2.65
1494,2913,2026-04-17,19432000.0,Sold,110,0.11
1495,5238,2024-12-24,11164000.0,Expired,102,2.06
1496,2854,2026-07-16,4178000.0,Sold,62,0.05
1497,6029,2024-12-16,11084000.0,Sold,69,0.53
1498,7327,2026-04-26,8528000.0,Active,107,0.29
1499,4911,2025-04-24,8916000.0,Active,83,-1.36
1500,6372,2026-04-07,14027000.0,Sold,31,-0.96
1501,5997,2024-11-21,18818000.0,Active,106,-0.03
1502,6360,2025-03-01,8235000.0,Active,65,-1.61
1503,7092,2026-02-19,20563000.0,Sold,143,-7.98
1504,7864,2026-06-10,12075000.0,Active,93,-1.28
1505,6159,2026-04-30,12062000.0,Sold,9,2.07
1506,3229,2026-06-22,12936000.0,Sold,136,-0.8
1507,3720,2025-03-26,14131000.0,Withdrawn,20,-5.02
1508,7429,2024-12-21,20357000.0,Sold,24,-1.94
1509,3229,2025-06-30,12936000.0,Sold,48,-0.72
1510,6191,2026-07-04,16345000.0,Active,106,-0.95
1511,2372,2023-11-22,10532000.0,Active,68,-0.05
1512,2892,2024-10-26,14307000.0,Active,5,1.09
1513,3757,2026-01-24,12173000.0,Sold,89,-2.51
1514,4226,2024-12-10,15460000.0,Expired,9,0.47
1515,7579,2025-07-22,16755000.0,Active,127,-2.73
1516,95,2026-07-27,12170000.0,Active,58,-1.19
1517,2675,2024-07-02,8377000.0,Expired,111,-2.89
1518,6899,2023-11-28,14646000.0,Sold,124,-3.22
1519,1956,2024-12-22,6196000.0,Active,114,-3.16
1520,7460,2024-05-04,5625000.0,Sold,93,-0.64
1521,794,2025-05-15,15740000.0,Active,59,-3.04
1522,1835,2025-03-31,11499000.0,Sold,32,-0.92
1523,7451,2026-04-24,17224000.0,Expired,6,-3.34
1524,2117,2024-04-13,14922000.0,Sold,15,-0.48
1525,5780,2025-01-19,12087000.0,Active,127,4.62
1526,4107,2023-11-07,11612000.0,Sold,132,-3.36
1527,3326,2024-02-11,26429000.0,Sold,156,-7.21
1528,5962,2025-05-11,11649000.0,Expired,50,-4.85
1529,2920,2026-04-09,4613000.0,Expired,117,-1.14
1530,2598,2023-12-18,16448000.0,Sold,78,-2.71
1531,3206,2025-11-08,12394000.0,Expired,72,-1.4
1532,4808,2024-09-13,18081000.0,Sold,39,-2.17
1533,6167,2025-08-23,9223000.0,Sold,98,-4.19
1534,815,2025-03-13,13538000.0,Sold,126,-3.31
1535,346,2024-01-28,16185000.0,Sold,60,2.91
1536,2350,2026-04-25,17812000.0,Expired,104,2.02
1537,363,2026-07-31,13730000.0,Active,48,-7.51
1538,2444,2026-08-05,15721000.0,Active,85,-5.41
1539,2266,2024-12-12,5894000.0,Expired,59,-0.92
1540,2189,2023-09-04,11165000.0,Sold,92,-3.61
1541,7784,2024-12-14,17480000.0,Withdrawn,46,1.62
1542,3006,2024-07-05,13482000.0,Sold,103,-0.3
1543,3282,2025-01-29,14174000.0,Expired,60,0.66
1544,985,2025-05-26,11818000.0,Expired,80,0.38
1545,7137,2024-10-19,16946000.0,Sold,19,-2.74
1546,7791,2023-11-02,16699000.0,Expired,109,3.49
1547,1640,2025-02-27,11957000.0,Withdrawn,16,-0.55
1548,828,2024-12-21,12851000.0,Sold,101,-0.29
1549,2731,2024-10-24,21353000.0,Active,56,-2.2
1550,3532,2025-05-16,14393000.0,Sold,99,-1.24
1551,7148,2026-08-04,12573000.0,Active,46,0.01
1552,4452,2026-05-02,10153000.0,Active,144,-1.06
1553,7152,2026-05-05,9375000.0,Sold,102,-1.67
1554,5444,2024-01-19,6291000.0,Active,108,-2.38
1555,7301,2023-10-13,15534000.0,Active,47,-5.64
1556,2936,2026-07-18,7545000.0,Sold,90,-2.07
1557,3877,2025-12-19,14287000.0,Active,166,-1.43
1558,5960,2026-07-07,5952000.0,Active,73,-5.58
1559,127,2025-08-21,13117000.0,Active,112,-0.38
1560,3178,2026-06-24,12683000.0,Expired,97,-5.88
1561,3057,2024-02-10,15145000.0,Sold,161,-0.75
1562,604,2026-06-29,15517000.0,Active,77,-3.66
1563,7967,2026-07-11,6965000.0,Withdrawn,76,-7.76
1564,3450,2025-12-17,12925000.0,Sold,76,-2.2
1565,6025,2023-12-27,8363000.0,Active,87,-0.5
1566,5110,2024-09-22,23146000.0,Sold,145,-1.34
1567,4147,2026-04-22,19209000.0,Expired,42,-1.89
1568,7197,2026-08-09,10666000.0,Active,146,0.09
1569,3534,2026-08-07,11959000.0,Expired,70,-7.12
1570,3368,2024-02-05,15521000.0,Sold,61,-3.0
1571,3369,2024-05-19,18182000.0,Active,5,6.55
1572,3798,2023-09-18,10484000.0,Active,95,-0.76
1573,6923,2025-12-22,17512000.0,Expired,132,3.37
1574,5527,2025-01-02,14681000.0,Expired,24,4.98
1575,1793,2025-02-24,25429000.0,Sold,53,-6.43
1576,2862,2025-05-12,14164000.0,Withdrawn,130,-4.43
1577,5733,2025-12-30,12106000.0,Active,95,-0.05
1578,3477,2023-12-24,13891000.0,Sold,66,4.49
1579,3418,2024-05-02,6199000.0,Sold,33,-5.33
1580,1646,2025-10-01,15454000.0,Sold,84,-8.51
1581,6564,2024-03-06,23457000.0,Sold,152,-2.0
1582,1206,2025-12-17,12827000.0,Sold,19,-0.19
1583,3031,2024-10-10,2921000.0,Active,60,-3.4
1584,2873,2023-08-27,10576000.0,Sold,105,-4.81
1585,3073,2025-04-02,6264000.0,Active,5,1.4
1586,1855,2025-10-21,17200000.0,Sold,52,0.46
1587,4022,2023-08-20,9956000.0,Withdrawn,29,-3.39
1588,4663,2026-04-02,7586000.0,Active,91,-4.92
1589,6515,2026-05-20,14390000.0,Sold,42,-2.74
1590,5032,2026-01-25,21312000.0,Sold,157,5.19
1591,6031,2024-04-09,21297000.0,Sold,130,1.46
1592,2709,2025-08-05,10878000.0,Expired,34,0.32
1593,3503,2023-10-09,9175000.0,Sold,70,-1.18
1594,7113,2026-06-30,7436000.0,Expired,105,-4.65
1595,1333,2023-09-22,15437000.0,Sold,53,-6.17
1596,7305,2026-05-04,14383000.0,Sold,5,-2.32
1597,202,2024-06-09,10796000.0,Sold,74,-1.6
1598,3508,2026-02-04,14719000.0,Active,68,-4.5
1599,6457,2026-07-24,11457000.0,Active,20,-0.88
1600,4213,2026-02-05,6768000.0,Withdrawn,119,-0.46
1601,7834,2024-11-06,13338000.0,Active,74,2.23
1602,5033,2025-08-06,17576000.0,Sold,92,-0.47
1603,7971,2024-01-04,12333000.0,Sold,70,2.33
1604,575,2025-03-07,13096000.0,Withdrawn,121,3.89
1605,6388,2024-12-07,6147000.0,Active,23,-1.63
1606,537,2026-06-11,9309000.0,Active,40,-0.11
1607,1626,2024-06-07,13192000.0,Active,70,-0.26
1608,2123,2026-04-21,19528000.0,Sold,153,-0.17
1609,7974,2025-06-09,12132000.0,Expired,37,-3.4
1610,386,2026-03-18,7709000.0,Active,48,-2.18
1611,3282,2026-03-25,14174000.0,Expired,5,2.17
1612,475,2026-01-15,9283000.0,Sold,93,-0.48
1613,418,2026-01-30,15828000.0,Sold,18,-2.3
1614,6491,2023-09-19,5727000.0,Sold,84,5.44
1615,3601,2025-02-16,10186000.0,Active,105,-4.05
1616,6784,2023-10-06,7698000.0,Active,103,0.27
1617,5035,2023-10-07,12667000.0,Active,48,2.59
1618,955,2025-02-16,11418000.0,Active,40,0.3
1619,4972,2026-06-13,11088000.0,Sold,87,2.32
1620,4859,2023-12-06,7267000.0,Expired,51,-4.01
1621,5299,2024-06-19,15104000.0,Active,76,-3.57
1622,1206,2024-05-08,12827000.0,Sold,19,-4.41
1623,4760,2026-04-01,15742000.0,Active,74,0.69
1624,4121,2023-09-23,14763000.0,Sold,67,-7.91
1625,1991,2023-10-14,8473000.0,Sold,151,-6.3
1626,5300,2024-06-19,4400000.0,Sold,53,-4.5
1627,4806,2025-05-29,14642000.0,Sold,119,-5.44
1628,3573,2025-10-27,7599000.0,Active,62,1.69
1629,5976,2025-08-12,10933000.0,Withdrawn,128,-9.62
1630,5281,2026-08-11,16741000.0,Expired,29,-3.21
1631,6321,2026-04-23,16515000.0,Withdrawn,93,-0.17
1632,4381,2024-06-25,14984000.0,Sold,57,-2.28
1633,4159,2024-10-17,14633000.0,Expired,62,-0.27
1634,5099,2024-12-11,19352000.0,Sold,114,7.81
1635,4758,2025-08-12,7467000.0,Sold,100,-4.47
1636,2714,2025-07-18,18488000.0,Expired,141,-5.28
1637,2204,2026-03-05,21896000.0,Active,5,-4.03
1638,5589,2024-10-11,9189000.0,Sold,48,-6.23
1639,3121,2025-02-22,14660000.0,Sold,162,-1.09
1640,967,2025-09-27,6961000.0,Sold,84,-4.07
1641,4945,2024-12-10,13447000.0,Expired,32,-5.65
1642,5204,2026-04-04,12910000.0,Active,73,-1.81
1643,3433,2026-05-09,9349000.0,Sold,55,7.44
1644,689,2026-04-23,14018000.0,Sold,14,-3.06
1645,4244,2025-10-03,6505000.0,Withdrawn,110,-8.0
1646,3702,2026-01-12,7635000.0,Sold,98,-3.39
1647,342,2026-02-17,19204000.0,Expired,94,1.06
1648,6620,2025-11-07,8769000.0,Expired,112,-2.03
1649,5183,2024-05-25,8004000.0,Sold,100,-1.33
1650,1725,2024-10-03,11686000.0,Sold,5,-0.05
1651,5480,2025-02-19,24064000.0,Active,5,-2.05
1652,6705,2024-12-02,16299000.0,Sold,51,1.76
1653,4423,2025-03-15,12289000.0,Active,92,-1.48
1654,1793,2024-07-03,25429000.0,Active,136,0.39
1655,1760,2025-04-01,15689000.0,Sold,49,-5.98
1656,3213,2025-02-17,12612000.0,Active,127,-4.0
1657,990,2023-11-01,12337000.0,Sold,113,-2.81
1658,2263,2024-02-22,17112000.0,Sold,162,-2.09
1659,2483,2025-02-24,3259000.0,Withdrawn,158,0.44
1660,952,2026-04-13,3850000.0,Sold,74,-2.42
1661,723,2025-07-08,9031000.0,Active,112,-5.83
1662,3390,2024-05-20,9528000.0,Sold,78,-0.6
1663,2080,2025-10-23,12742000.0,Withdrawn,46,-3.24
1664,2718,2025-06-12,9776000.0,Active,85,-0.5
1665,2333,2025-02-18,13268000.0,Active,26,-4.41
1666,3377,2024-02-25,8949000.0,Expired,57,2.72
1667,4525,2024-04-03,10031000.0,Sold,39,1.03
1668,1501,2024-05-29,8676000.0,Withdrawn,28,0.4
1669,286,2025-05-07,19847000.0,Active,137,3.99
1670,7312,2023-11-18,9199000.0,Expired,75,-4.48
1671,3496,2024-02-12,13881000.0,Sold,45,-0.78
1672,7187,2024-03-31,8883000.0,Sold,100,-3.4
1673,2066,2024-04-15,10066000.0,Active,109,-1.95
1674,769,2026-03-29,11048000.0,Sold,17,3.1
1675,6734,2026-02-19,5090000.0,Sold,46,-3.32
1676,5491,2025-03-16,8011000.0,Sold,37,-3.19
1677,7343,2026-02-26,17067000.0,Active,44,-0.88
1678,3058,2026-05-22,9429000.0,Active,25,-2.9
1679,4290,2024-01-01,10660000.0,Sold,5,-4.18
1680,6646,2025-04-28,10526000.0,Sold,133,-3.32
1681,5084,2023-09-15,14192000.0,Active,34,-4.44
1682,5233,2025-01-06,10703000.0,Sold,96,-2.41
1683,2162,2026-02-06,7978000.0,Active,91,-2.04
1684,3294,2024-04-07,12486000.0,Active,126,-1.49
1685,5798,2026-07-17,13730000.0,Active,14,-1.43
1686,947,2025-08-14,11844000.0,Withdrawn,66,-0.68
1687,4927,2023-08-27,17351000.0,Sold,51,-0.08
1688,7812,2025-10-15,12667000.0,Sold,84,1.08
1689,6017,2026-06-24,10853000.0,Sold,100,-9.4
1690,3336,2024-05-29,11758000.0,Active,50,-2.94
1691,7069,2025-12-22,10792000.0,Sold,16,-7.64
1692,4151,2024-11-22,13449000.0,Sold,27,0.71
1693,7811,2026-05-28,15091000.0,Active,69,-3.57
1694,4896,2025-01-30,17477000.0,Sold,115,3.73
1695,4874,2024-09-21,17414000.0,Active,85,-5.59
1696,1482,2026-02-12,18557000.0,Active,92,-5.49
1697,1902,2024-06-06,14999000.0,Active,66,-4.71
1698,6306,2025-11-01,14741000.0,Active,42,-2.99
1699,3452,2025-01-10,11621000.0,Active,27,-3.67
1700,4065,2025-09-20,5136000.0,Expired,94,2.86
1701,6231,2024-10-21,15286000.0,Expired,28,-0.4
1702,55,2024-07-10,16357000.0,Active,28,-1.68
1703,7644,2024-11-19,17385000.0,Expired,138,-1.0
1704,1824,2025-05-26,14158000.0,Active,5,-2.44
1705,5298,2024-04-28,15065000.0,Withdrawn,53,-5.36
1706,3463,2023-11-20,10233000.0,Withdrawn,54,-1.8
1707,7517,2023-12-06,8208000.0,Expired,8,-1.09
1708,3080,2025-09-09,19689000.0,Expired,69,-1.23
1709,833,2025-11-06,10728000.0,Sold,111,0.86
1710,4409,2024-09-29,13604000.0,Active,114,-2.44
1711,2807,2025-08-04,12722000.0,Active,120,-2.31
1712,5955,2025-02-08,17678000.0,Active,100,-1.0
1713,6104,2025-12-29,7927000.0,Sold,114,-3.12
1714,6103,2025-08-20,14522000.0,Withdrawn,119,-2.09
1715,2491,2024-12-25,15914000.0,Active,49,-1.02
1716,5887,2026-01-28,11499000.0,Sold,118,-0.66
1717,328,2026-06-06,9363000.0,Sold,5,-2.74
1718,7222,2026-01-30,11405000.0,Expired,39,-3.22
1719,6905,2025-10-16,15755000.0,Sold,63,-1.34
1720,3311,2024-10-14,13197000.0,Sold,102,-1.34
1721,3301,2026-03-21,15815000.0,Expired,52,-1.09
1722,6723,2025-01-27,6736000.0,Sold,36,-12.14
1723,7219,2024-10-24,20442000.0,Active,148,0.52
1724,7777,2025-04-27,13849000.0,Sold,103,-5.62
1725,3676,2024-01-04,21735000.0,Expired,29,-0.04
1726,3055,2025-02-18,11194000.0,Active,120,-2.41
1727,5384,2025-11-05,14162000.0,Sold,123,-0.88
1728,7586,2024-08-28,5731000.0,Active,85,0.68
1729,7971,2025-07-22,12333000.0,Sold,69,-4.72
1730,2144,2025-05-23,19034000.0,Withdrawn,47,-0.74
1731,5208,2024-07-25,19421000.0,Sold,85,-4.76
1732,7246,2026-04-10,12535000.0,Sold,135,0.2
1733,1312,2026-05-31,11404000.0,Sold,103,-3.8
1734,3192,2023-11-05,13232000.0,Sold,81,-2.01
1735,6958,2024-09-21,9661000.0,Sold,48,-4.05
1736,2539,2024-06-30,13122000.0,Active,108,1.06
1737,3984,2025-07-03,5703000.0,Withdrawn,87,-0.45
1738,4548,2025-03-11,15176000.0,Active,110,-0.53
1739,5620,2025-03-22,7638000.0,Sold,88,-9.65
1740,165,2025-05-31,12252000.0,Sold,28,1.76
1741,4278,2025-02-19,10103000.0,Sold,97,2.63
1742,6613,2026-08-15,17238000.0,Active,14,-3.91
1743,5006,2025-01-13,11299000.0,Active,98,-9.91
1744,6879,2024-07-12,14635000.0,Sold,78,0.14
1745,823,2024-06-17,10842000.0,Active,35,-7.6
1746,944,2024-02-18,4779000.0,Active,18,-2.3
1747,6098,2024-12-04,6753000.0,Sold,76,2.45
1748,6151,2025-09-10,15285000.0,Withdrawn,34,6.67
1749,4426,2025-04-18,13044000.0,Active,72,0.29
1750,775,2025-09-16,9003000.0,Sold,31,-0.34
1751,7841,2024-11-15,16306000.0,Active,90,-5.34
1752,2199,2025-06-15,11191000.0,Sold,46,1.81
1753,3157,2025-06-02,10513000.0,Expired,75,-5.23
1754,4243,2025-03-29,18260000.0,Expired,114,-6.35
1755,3696,2025-12-25,8613000.0,Sold,61,-1.49
1756,3453,2024-04-30,9368000.0,Sold,90,-6.44
1757,915,2025-03-18,8912000.0,Sold,85,0.33
1758,5668,2025-12-27,14142000.0,Active,52,-5.75
1759,1309,2024-06-17,15071000.0,Active,99,2.4
1760,6844,2023-10-26,12468000.0,Sold,112,-1.14
1761,4178,2026-01-13,10079000.0,Withdrawn,46,-1.93
1762,514,2024-01-20,13289000.0,Sold,93,-3.46
1763,1921,2024-11-16,12800000.0,Active,87,-6.31
1764,6959,2026-07-07,12388000.0,Sold,27,0.85
1765,6853,2024-03-28,8372000.0,Sold,12,-2.79
1766,6036,2023-09-30,20054000.0,Withdrawn,27,1.38
1767,3595,2024-02-13,9568000.0,Active,68,-5.35
1768,4842,2026-03-26,9593000.0,Sold,155,-6.3
1769,7167,2024-05-27,8129000.0,Withdrawn,55,-0.74
1770,1410,2023-10-19,22968000.0,Sold,42,0.16
1771,4803,2023-11-25,9554000.0,Sold,5,0.4
1772,4567,2025-09-21,14014000.0,Sold,10,-0.18
1773,3191,2026-08-19,12721000.0,Active,137,-1.29
1774,4492,2026-02-04,8048000.0,Active,29,-0.1
1775,1556,2024-05-08,9882000.0,Active,135,0.43
1776,6405,2026-02-04,16504000.0,Sold,105,-1.82
1777,805,2026-04-28,7596000.0,Expired,58,-2.25
1778,5030,2023-12-16,15345000.0,Sold,59,-2.05
1779,1280,2023-12-20,6595000.0,Active,30,2.08
1780,5854,2026-03-29,15340000.0,Expired,83,-3.82
1781,5001,2024-06-03,11360000.0,Sold,110,5.72
1782,7394,2023-09-12,7797000.0,Active,50,-1.7
1783,5173,2024-09-10,15368000.0,Expired,60,-4.33
1784,7084,2025-02-19,10020000.0,Sold,85,-3.76
1785,5987,2024-08-08,16114000.0,Active,5,-2.85
1786,5620,2025-03-15,7638000.0,Sold,105,3.35
1787,3578,2024-08-04,9740000.0,Active,111,-2.43
1788,2902,2024-01-13,16885000.0,Active,141,-4.46
1789,1388,2024-07-02,4890000.0,Withdrawn,87,3.01
1790,5400,2024-02-04,17055000.0,Active,75,-2.67
1791,4689,2024-10-23,10033000.0,Sold,131,-3.08
1792,2762,2024-08-30,11667000.0,Active,116,-0.15
1793,7326,2024-06-18,10015000.0,Active,82,0.59
1794,2680,2024-11-13,19630000.0,Active,66,1.84
1795,2107,2025-01-02,18554000.0,Sold,77,-2.5
1796,7895,2024-05-23,5044000.0,Active,60,1.58
1797,4224,2024-12-30,15978000.0,Expired,95,0.33
1798,4832,2026-06-30,16327000.0,Active,137,-5.84
1799,2769,2024-04-07,17950000.0,Active,102,-2.94
1800,3954,2023-11-07,8785000.0,Sold,93,-4.23
1801,3187,2024-12-28,6467000.0,Sold,133,-2.34
1802,3281,2025-05-07,11917000.0,Active,56,-3.33
1803,2574,2025-04-09,15420000.0,Expired,42,-1.79
1804,4617,2025-08-01,8173000.0,Expired,35,-5.07
1805,2600,2025-01-01,8997000.0,Sold,78,4.58
1806,4034,2026-05-30,10702000.0,Sold,65,-0.29
1807,237,2025-08-08,15145000.0,Active,32,-4.38
1808,1305,2024-08-13,6578000.0,Active,110,-0.68
1809,3431,2026-07-16,9198000.0,Expired,123,-1.6
1810,7369,2026-07-01,16885000.0,Sold,107,2.41
1811,5878,2026-05-17,13022000.0,Sold,112,1.22
1812,1302,2024-12-05,10072000.0,Withdrawn,6,2.09
1813,7403,2026-04-06,19142000.0,Sold,17,-6.45
1814,2542,2025-08-09,9155000.0,Active,96,-4.32
1815,2052,2024-03-29,20111000.0,Sold,39,-0.3
1816,6810,2026-02-26,8321000.0,Expired,116,0.08
1817,442,2025-10-08,4785000.0,Sold,25,-5.16
1818,2077,2025-05-11,9409000.0,Expired,59,-0.81
1819,3181,2025-10-06,11611000.0,Withdrawn,48,-1.69
1820,2658,2025-11-13,12423000.0,Sold,93,3.58
1821,3799,2024-12-11,13656000.0,Withdrawn,78,-3.25
1822,805,2024-05-20,7596000.0,Sold,33,0.89
1823,75,2025-01-09,16081000.0,Active,122,-2.38
1824,6982,2025-03-27,12524000.0,Active,53,1.99
1825,7314,2024-01-21,22864000.0,Active,44,0.75
1826,2176,2026-06-20,10168000.0,Expired,113,-0.42
1827,3925,2024-10-17,10075000.0,Sold,83,-8.99
1828,2090,2023-10-09,9437000.0,Sold,19,-4.34
1829,5476,2024-01-01,11778000.0,Expired,18,-4.23
1830,41,2025-06-23,11609000.0,Active,103,3.42
1831,7078,2025-05-20,12493000.0,Active,80,-4.13
1832,2082,2023-12-19,13769000.0,Active,90,2.28
1833,7185,2026-02-06,7656000.0,Active,130,0.65
1834,5797,2025-11-02,3894000.0,Sold,95,2.85
1835,7321,2024-01-08,7046000.0,Active,97,0.76
1836,7142,2026-03-20,7153000.0,Withdrawn,44,-1.53
1837,5498,2026-06-08,5346000.0,Withdrawn,104,1.82
1838,4684,2024-07-20,6554000.0,Active,5,-1.37
1839,1623,2025-01-16,15373000.0,Sold,63,2.77
1840,7797,2025-09-29,13227000.0,Expired,5,-2.98
1841,342,2024-02-20,19204000.0,Expired,52,-3.48
1842,4053,2024-03-21,11075000.0,Active,102,-6.39
1843,2075,2026-01-14,17022000.0,Active,53,-5.61
1844,7993,2025-09-07,14678000.0,Sold,54,2.55
1845,7455,2025-03-30,9460000.0,Sold,161,-2.56
1846,646,2024-01-17,16801000.0,Active,130,-1.77
1847,4827,2025-03-17,7932000.0,Active,90,-4.11
1848,4264,2024-09-19,9170000.0,Expired,43,-6.7
1849,610,2023-12-26,14558000.0,Active,42,-3.47
1850,6412,2026-07-13,17538000.0,Active,82,-6.04
1851,5869,2025-01-02,9969000.0,Active,119,-1.19
1852,6137,2024-12-07,22782000.0,Sold,95,-5.59
1853,6965,2025-04-29,10595000.0,Active,31,-7.91
1854,455,2026-02-23,16736000.0,Active,94,-1.63
1855,2954,2026-04-17,6935000.0,Sold,61,-5.88
1856,1709,2023-10-12,16951000.0,Sold,72,-5.7
1857,3473,2026-01-26,20997000.0,Expired,96,-0.42
1858,2970,2023-08-24,12859000.0,Active,72,-2.83
1859,3029,2025-08-06,15467000.0,Sold,107,-1.38
1860,7644,2026-06-04,17385000.0,Expired,72,-5.64
1861,4798,2026-03-07,12948000.0,Active,149,4.13
1862,2682,2026-01-27,10622000.0,Active,47,-6.77
1863,3630,2025-06-14,14562000.0,Active,95,-4.84
1864,5696,2023-10-22,17500000.0,Sold,113,1.51
1865,4226,2025-12-29,15460000.0,Active,54,-5.51
1866,3068,2025-06-29,9890000.0,Sold,57,-3.36
1867,5942,2026-03-15,5015000.0,Sold,107,-2.67
1868,1387,2025-11-09,17448000.0,Expired,95,-10.62
1869,3777,2026-03-23,14651000.0,Active,47,-0.6
1870,2867,2026-02-22,17703000.0,Active,65,-2.61
1871,4789,2024-03-12,13680000.0,Active,98,-0.31
1872,3364,2026-07-01,13610000.0,Sold,76,1.3
1873,5491,2024-12-29,8011000.0,Active,121,-0.47
1874,4890,2023-12-08,12206000.0,Withdrawn,5,-4.5
1875,4125,2024-01-07,5444000.0,Sold,138,-5.03
1876,149,2025-12-17,12913000.0,Active,134,0.78
1877,3851,2026-01-14,19049000.0,Active,110,-1.8
1878,5416,2025-07-18,10501000.0,Sold,107,-0.43
1879,2059,2025-05-08,11762000.0,Active,5,-2.0
1880,7680,2025-07-14,15168000.0,Expired,25,-1.53
1881,6820,2026-05-01,16980000.0,Withdrawn,58,2.92
1882,1137,2025-10-29,14203000.0,Active,15,-5.01
1883,187,2024-10-12,10483000.0,Sold,90,1.97
1884,2855,2026-02-10,9855000.0,Sold,26,-7.46
1885,6888,2026-01-29,16172000.0,Active,123,0.4
1886,1251,2025-10-20,10118000.0,Expired,72,-2.04
1887,1334,2024-11-19,26092000.0,Active,84,0.82
1888,4194,2024-03-07,10950000.0,Active,109,-0.77
1889,4151,2023-09-28,13449000.0,Active,43,0.15
1890,6767,2024-10-21,13415000.0,Sold,112,-2.79
1891,2712,2024-11-27,6328000.0,Expired,12,-1.18
1892,4854,2024-04-13,7320000.0,Active,48,0.02
1893,4502,2026-01-04,12782000.0,Withdrawn,77,-0.62
1894,6213,2025-06-09,7447000.0,Expired,38,-4.86
1895,7480,2026-08-04,10139000.0,Expired,48,-4.77
1896,5409,2024-09-09,13318000.0,Expired,53,0.64
1897,1786,2025-03-14,12453000.0,Withdrawn,64,-1.69
1898,7716,2024-06-30,11081000.0,Expired,34,-2.6
1899,751,2025-10-30,7510000.0,Sold,178,-0.4
1900,7316,2024-10-13,13681000.0,Expired,5,-2.49
1901,7635,2024-08-08,12485000.0,Active,203,-4.32
1902,1763,2025-08-27,8755000.0,Active,101,-3.91
1903,7412,2023-11-28,6504000.0,Active,58,-0.68
1904,7659,2024-06-18,12502000.0,Expired,90,-3.09
1905,3921,2024-05-03,9466000.0,Active,80,-3.05
1906,7102,2025-07-24,7748000.0,Active,58,1.14
1907,7675,2024-07-29,15070000.0,Sold,29,-0.36
1908,4461,2026-06-20,8244000.0,Expired,60,-0.57
1909,6123,2025-06-02,14952000.0,Active,81,-1.77
1910,482,2025-03-19,12186000.0,Withdrawn,84,-2.1
1911,6345,2024-06-26,14687000.0,Withdrawn,93,-3.83
1912,154,2025-08-26,8642000.0,Sold,38,4.77
1913,7618,2026-04-25,5372000.0,Active,95,-2.87
1914,1525,2023-10-26,17155000.0,Active,125,-9.94
1915,2121,2026-04-15,6845000.0,Active,71,0.56
1916,6857,2025-03-22,21086000.0,Active,111,0.71
1917,2344,2024-03-14,14612000.0,Withdrawn,67,-3.6
1918,5137,2026-06-24,20126000.0,Active,85,-0.06
1919,5761,2023-10-13,7898000.0,Active,8,-1.23
1920,1241,2024-06-21,9314000.0,Sold,5,2.81
1921,61,2023-09-04,7359000.0,Sold,44,-3.37
1922,939,2026-07-01,19916000.0,Active,70,-2.49
1923,1640,2025-06-07,11957000.0,Active,10,-0.27
1924,6186,2025-11-05,5271000.0,Withdrawn,62,-0.36
1925,4121,2024-05-16,14763000.0,Active,90,-3.12
1926,5159,2024-03-08,16231000.0,Active,30,3.19
1927,7971,2023-10-18,12333000.0,Active,100,5.5
1928,4227,2025-05-21,22317000.0,Expired,124,0.48
1929,3570,2026-06-15,15448000.0,Expired,77,-3.14
1930,1253,2025-04-30,8663000.0,Active,25,1.62
1931,4204,2026-01-03,12820000.0,Active,96,1.64
1932,172,2023-09-15,9042000.0,Active,109,-9.45
1933,1459,2024-06-05,13464000.0,Active,117,-2.87
1934,3550,2023-08-24,14664000.0,Active,37,-3.25
1935,4198,2026-06-01,10999000.0,Active,104,-2.1
1936,7010,2024-03-28,10786000.0,Active,151,1.45
1937,6668,2023-09-15,14253000.0,Sold,103,-6.12
1938,2323,2025-06-29,5986000.0,Withdrawn,55,-3.06
1939,1637,2025-01-13,18223000.0,Sold,186,-3.4
1940,3116,2023-12-03,8405000.0,Sold,65,-2.17
1941,4091,2025-04-21,18228000.0,Active,5,0.68
1942,6961,2024-05-04,13044000.0,Active,49,-0.19
1943,3005,2024-08-14,10793000.0,Active,101,0.33
1944,5137,2025-09-13,20126000.0,Withdrawn,142,-1.46
1945,330,2026-06-13,13032000.0,Active,146,-0.89
1946,3641,2024-01-08,17091000.0,Active,105,-4.71
1947,3895,2026-03-30,20254000.0,Expired,80,0.54
1948,5617,2025-01-21,8172000.0,Active,5,-0.9
1949,7983,2025-07-24,9684000.0,Sold,84,-0.79
1950,4108,2025-02-06,9549000.0,Withdrawn,65,0.76
1951,1342,2024-09-11,15841000.0,Sold,74,-3.76
1952,3664,2024-05-27,13103000.0,Active,107,0.14
1953,216,2024-10-29,17077000.0,Expired,127,-1.8
1954,339,2024-12-11,17640000.0,Sold,77,0.72
1955,5896,2024-12-18,14764000.0,Expired,141,-0.36
1956,4063,2025-01-22,11114000.0,Withdrawn,119,-6.15
1957,2709,2024-04-22,10878000.0,Withdrawn,96,-0.16
1958,3153,2024-08-05,13385000.0,Active,35,-2.23
1959,1751,2025-04-21,10531000.0,Expired,34,-6.11
1960,5605,2023-12-14,15285000.0,Sold,88,2.24
1961,2422,2025-01-14,10905000.0,Active,34,-1.12
1962,7120,2023-12-04,13618000.0,Active,100,-2.15
1963,710,2026-05-12,10813000.0,Withdrawn,94,-8.66
1964,5320,2024-11-07,5574000.0,Expired,94,-2.54
1965,7705,2023-12-13,17716000.0,Active,83,-2.22
1966,6610,2026-04-22,12505000.0,Sold,32,-3.2
1967,5209,2024-05-16,17298000.0,Withdrawn,74,-1.81
1968,5388,2024-04-14,12614000.0,Sold,131,-3.92
1969,3727,2025-12-13,37810000.0,Sold,32,0.72
1970,3643,2025-11-13,8255000.0,Sold,59,1.07
1971,3994,2024-01-06,11507000.0,Active,5,-0.26
1972,489,2024-06-06,9354000.0,Active,141,-0.14
1973,5658,2025-01-08,12576000.0,Expired,142,3.13
1974,47,2023-10-14,8981000.0,Sold,108,-2.12
1975,3360,2024-01-19,11778000.0,Withdrawn,5,-2.1
1976,4874,2023-11-03,17414000.0,Active,110,-4.17
1977,5136,2023-10-23,12228000.0,Withdrawn,74,3.05
1978,4807,2025-07-23,12266000.0,Active,84,-3.68
1979,401,2024-04-03,14784000.0,Sold,166,0.38
1980,3991,2024-05-25,11983000.0,Active,61,-2.35
1981,5914,2026-03-12,14775000.0,Sold,39,-0.11
1982,7125,2025-07-17,18844000.0,Expired,63,0.91
1983,3158,2025-05-05,8575000.0,Expired,79,-3.63
1984,4346,2024-12-10,11541000.0,Sold,104,-1.82
1985,391,2025-01-18,6217000.0,Active,5,-1.65
1986,3854,2026-03-13,8352000.0,Active,42,-3.64
1987,4431,2025-04-02,11743000.0,Withdrawn,150,-4.29
1988,629,2025-06-21,17232000.0,Sold,88,-4.32
1989,7687,2026-04-16,13519000.0,Withdrawn,37,1.44
1990,4233,2025-02-22,12196000.0,Sold,120,-2.96
1991,2931,2026-04-23,15098000.0,Sold,17,0.39
1992,6832,2026-01-26,8452000.0,Sold,71,-4.69
1993,1522,2025-01-19,5498000.0,Expired,12,1.9
1994,827,2024-04-11,9594000.0,Active,135,-0.69
1995,4823,2026-04-15,10129000.0,Active,10,-3.95
1996,1501,2025-04-30,8676000.0,Sold,169,-0.89
1997,6738,2026-02-16,20304000.0,Sold,92,-2.12
1998,3295,2025-06-10,15261000.0,Sold,47,-7.14
1999,5086,2025-06-11,14747000.0,Expired,163,-1.19
2000,2420,2023-10-06,8086000.0,Withdrawn,79,2.04
2001,935,2024-12-25,6724000.0,Expired,106,-3.4
2002,3043,2023-12-20,14667000.0,Active,33,-5.65
2003,4498,2025-06-08,12279000.0,Active,69,0.86
2004,1467,2024-01-29,10998000.0,Sold,45,0.45
2005,3562,2024-12-15,18483000.0,Sold,118,1.98
2006,615,2025-06-07,8516000.0,Sold,120,-1.97
2007,5393,2025-05-02,2598000.0,Sold,68,-2.25
2008,7694,2025-12-30,14413000.0,Sold,128,-0.9
2009,1183,2024-07-30,16660000.0,Active,94,-5.03
2010,3224,2025-08-21,14153000.0,Active,46,0.04
2011,7139,2023-11-23,11988000.0,Sold,97,-3.29
2012,2668,2024-06-30,20296000.0,Active,83,-10.03
2013,6332,2024-03-05,13589000.0,Sold,50,2.01
2014,7981,2026-01-01,14386000.0,Active,109,-6.66
2015,5218,2023-11-26,14025000.0,Active,111,-1.37
2016,131,2026-06-15,11812000.0,Active,5,-3.63
2017,6949,2024-03-11,7332000.0,Active,42,-0.31
2018,5291,2024-03-01,21830000.0,Expired,129,0.05
2019,2984,2026-02-18,8452000.0,Active,76,1.78
2020,7130,2025-10-01,17526000.0,Active,103,-2.39
2021,4279,2026-03-15,8742000.0,Withdrawn,87,0.76
2022,7127,2025-10-18,20127000.0,Active,5,-4.82
2023,4460,2024-08-10,14384000.0,Active,49,-2.64
2024,39,2023-11-25,17449000.0,Sold,5,-1.48
2025,7695,2023-08-24,11806000.0,Active,84,-1.87
2026,3960,2024-06-17,15882000.0,Sold,76,1.8
2027,6641,2024-05-21,12175000.0,Expired,110,1.62
2028,3588,2024-10-24,7928000.0,Expired,90,-1.62
2029,5469,2026-04-06,16717000.0,Active,65,0.17
2030,7126,2024-10-22,12662000.0,Sold,5,-0.22
2031,921,2024-07-02,18243000.0,Active,5,1.18
2032,7565,2024-04-06,14564000.0,Withdrawn,142,-1.0
2033,2770,2024-02-11,17136000.0,Expired,99,-3.3
2034,7329,2025-12-19,18959000.0,Active,49,-3.84
2035,4112,2026-01-21,8987000.0,Active,114,-1.0
2036,493,2024-11-20,13252000.0,Sold,229,-1.49
2037,5546,2023-11-29,9930000.0,Active,40,0.85
2038,1132,2024-01-28,9135000.0,Active,49,-0.49
2039,7038,2025-09-14,12765000.0,Expired,7,-7.36
2040,3522,2026-07-29,15326000.0,Active,120,-1.33
2041,311,2025-10-03,11237000.0,Sold,58,-6.3
2042,739,2025-07-12,11550000.0,Sold,76,4.22
2043,3242,2025-01-08,13318000.0,Active,82,0.02
2044,546,2024-01-31,11170000.0,Expired,93,-4.53
2045,2462,2026-05-24,18423000.0,Active,54,4.03
2046,4347,2026-07-04,8928000.0,Sold,48,-6.59
2047,4855,2024-10-29,5303000.0,Sold,108,-3.82
2048,1805,2025-02-18,15248000.0,Active,109,2.61
2049,3213,2024-08-03,12612000.0,Sold,57,-2.48
2050,5394,2025-01-07,12421000.0,Withdrawn,62,-6.05
2051,7584,2023-10-10,9838000.0,Sold,52,-2.31
2052,5728,2025-07-07,11932000.0,Sold,22,0.89
2053,3811,2026-05-05,12681000.0,Expired,5,-0.39
2054,6011,2026-05-24,16155000.0,Active,111,-0.88
2055,7207,2026-05-26,14130000.0,Active,116,-4.19
2056,814,2024-08-04,10342000.0,Sold,100,-2.16
2057,4125,2025-01-29,5444000.0,Sold,26,-2.45
2058,5054,2023-10-20,6439000.0,Active,156,-2.2
2059,2033,2026-05-19,14279000.0,Active,81,1.67
2060,4573,2024-03-13,12715000.0,Sold,78,-1.18
2061,4414,2025-11-19,13739000.0,Withdrawn,84,-1.1
2062,245,2024-04-14,7480000.0,Sold,43,-5.3
2063,4844,2023-09-04,15152000.0,Active,91,-5.44
2064,4793,2025-05-25,10164000.0,Active,33,-2.03
2065,272,2026-05-01,11169000.0,Sold,111,-2.01
2066,3512,2025-08-18,14748000.0,Active,70,-4.28
2067,1772,2024-04-08,10996000.0,Sold,173,-5.33
2068,1263,2026-07-24,18018000.0,Withdrawn,149,-8.82
2069,2425,2024-08-28,11086000.0,Active,64,-5.25
2070,4362,2025-10-29,8918000.0,Withdrawn,27,-2.09
2071,7070,2024-11-26,7014000.0,Sold,16,-0.43
2072,921,2026-07-04,18243000.0,Active,47,-3.25
2073,3431,2026-06-06,9198000.0,Sold,140,0.54
2074,4436,2026-04-15,12681000.0,Active,109,-4.94
2075,4485,2024-06-25,17537000.0,Sold,166,-1.21
2076,2625,2024-09-28,11973000.0,Expired,55,-1.82
2077,3761,2024-11-14,14087000.0,Sold,16,1.37
2078,2051,2025-01-26,14474000.0,Active,111,-6.49
2079,3501,2025-04-16,7935000.0,Sold,129,-4.38
2080,1166,2024-07-23,8967000.0,Sold,7,0.52
2081,376,2025-01-07,8487000.0,Sold,95,2.28
2082,7838,2023-09-19,6569000.0,Expired,82,-5.86
2083,2034,2024-07-02,12428000.0,Expired,16,0.8
2084,6468,2026-01-16,12143000.0,Sold,91,-0.17
2085,146,2025-07-18,8957000.0,Active,89,-1.92
2086,6078,2024-04-17,11919000.0,Sold,107,-2.46
2087,4389,2025-10-08,16385000.0,Sold,70,-0.74
2088,7833,2026-02-03,11712000.0,Withdrawn,47,-3.6
2089,432,2024-09-10,10272000.0,Expired,34,-5.45
2090,705,2025-12-31,20351000.0,Active,102,-4.54
2091,7093,2025-11-30,14085000.0,Active,9,-0.53
2092,6095,2024-11-14,13755000.0,Expired,163,0.33
2093,2633,2026-03-23,13592000.0,Expired,118,-2.23
2094,4495,2024-06-27,16509000.0,Sold,149,-1.55
2095,6961,2026-02-06,13044000.0,Expired,114,-2.27
2096,7512,2023-10-30,10433000.0,Sold,90,2.41
2097,964,2024-07-10,9369000.0,Sold,5,1.27
2098,7308,2024-11-12,9832000.0,Sold,105,-1.52
2099,2235,2024-03-26,11281000.0,Active,5,4.15
2100,2042,2023-12-30,24080000.0,Sold,58,-3.74
2101,1829,2024-07-27,16227000.0,Expired,81,-5.65
2102,2109,2024-03-30,17691000.0,Active,30,0.91
2103,4069,2026-07-21,9836000.0,Active,65,-0.14
2104,939,2025-11-25,19916000.0,Withdrawn,78,-5.33
2105,7548,2026-02-01,6499000.0,Active,93,-2.32
2106,4806,2025-03-06,14642000.0,Active,74,-2.29
2107,807,2023-12-16,20482000.0,Sold,91,-2.85
2108,1464,2025-10-27,17881000.0,Active,82,-4.48
2109,7487,2026-08-11,9464000.0,Active,5,-2.57
2110,5422,2024-10-26,10270000.0,Withdrawn,125,-0.13
2111,3416,2025-08-28,20825000.0,Sold,5,2.72
2112,11,2024-09-16,8885000.0,Sold,152,-1.52
2113,5182,2026-01-31,8201000.0,Sold,40,-3.69
2114,1869,2024-09-18,9348000.0,Sold,84,-2.06
2115,6370,2025-05-16,6511000.0,Sold,109,-1.33
2116,7321,2024-08-12,7046000.0,Sold,87,-1.54
2117,7879,2024-11-13,8419000.0,Expired,36,-4.1
2118,6708,2023-10-04,16516000.0,Expired,117,-4.36
2119,4868,2026-06-02,15797000.0,Sold,125,-4.77
2120,5691,2026-05-26,12074000.0,Sold,194,-1.68
2121,5704,2026-05-22,9654000.0,Expired,19,0.54
2122,7828,2024-04-26,7075000.0,Sold,101,1.23
2123,7743,2024-04-15,20532000.0,Expired,110,-1.88
2124,5430,2025-11-12,15764000.0,Withdrawn,6,-2.65
2125,885,2024-02-04,8387000.0,Withdrawn,51,-5.91
2126,7411,2025-05-05,7734000.0,Sold,93,-2.95
2127,3565,2024-10-26,10030000.0,Active,96,-5.44
2128,1390,2024-06-13,10379000.0,Expired,86,-3.55
2129,3402,2024-05-26,13711000.0,Active,100,-4.27
2130,7275,2024-01-20,10165000.0,Withdrawn,39,-3.92
2131,4322,2023-08-29,18503000.0,Expired,60,0.88
2132,825,2024-02-11,17172000.0,Sold,116,-3.41
2133,2266,2026-07-18,5894000.0,Withdrawn,58,1.78
2134,937,2024-01-07,6724000.0,Sold,76,-4.02
2135,2801,2023-11-29,6904000.0,Sold,60,1.43
2136,2554,2024-06-06,10417000.0,Expired,162,-5.94
2137,6403,2024-09-10,10912000.0,Active,55,-3.47
2138,6008,2026-05-21,13102000.0,Active,81,-4.57
2139,3846,2025-07-14,7722000.0,Active,54,-0.87
2140,7685,2026-02-24,18714000.0,Withdrawn,171,2.65
2141,1797,2024-03-23,17907000.0,Withdrawn,95,-3.9
2142,54,2025-07-22,11218000.0,Sold,43,-0.72
2143,7215,2024-04-27,12261000.0,Sold,169,0.77
2144,727,2024-10-27,6429000.0,Active,52,0.67
2145,2737,2023-10-08,10757000.0,Active,47,6.99
2146,5641,2023-11-04,15956000.0,Active,40,-1.58
2147,3171,2024-01-24,13649000.0,Active,93,0.37
2148,5140,2024-12-02,12505000.0,Sold,5,-4.44
2149,1914,2024-04-10,15417000.0,Active,113,5.08
2150,5873,2024-03-09,9454000.0,Expired,123,3.88
2151,1597,2026-03-04,13764000.0,Sold,67,-2.93
2152,1915,2023-10-09,10571000.0,Active,117,-5.33
2153,7658,2023-11-12,13225000.0,Sold,119,-1.09
2154,2467,2026-01-01,21749000.0,Active,141,2.88
2155,2738,2024-02-06,12704000.0,Expired,113,-4.8
2156,850,2025-05-28,10237000.0,Active,30,-2.45
2157,2110,2024-01-23,11095000.0,Active,126,-1.96
2158,7313,2023-09-06,4560000.0,Active,112,-2.49
2159,6360,2025-12-20,8235000.0,Sold,43,-2.34
2160,3,2024-09-19,12757000.0,Active,84,-2.46
2161,4256,2025-11-26,9058000.0,Expired,110,-0.16
2162,7907,2024-07-26,5977000.0,Expired,93,-3.19
2163,4070,2026-07-27,23347000.0,Active,43,0.56
2164,4877,2024-03-15,15748000.0,Expired,28,1.81
2165,7288,2024-02-03,18638000.0,Expired,53,-7.66
2166,893,2025-06-15,12918000.0,Active,101,-1.22
2167,2031,2024-09-27,14785000.0,Active,73,-0.07
2168,3161,2023-11-23,18082000.0,Active,67,5.8
2169,2377,2026-08-08,15759000.0,Sold,131,-1.82
2170,4676,2025-08-20,9127000.0,Expired,175,2.1
2171,1934,2026-06-10,15464000.0,Expired,70,-1.51
2172,1381,2025-05-03,18729000.0,Active,64,1.82
2173,3682,2026-04-29,15969000.0,Active,82,0.92
2174,1291,2025-04-21,16398000.0,Expired,110,2.24
2175,1641,2023-09-17,8947000.0,Sold,78,-6.0
2176,5048,2026-01-18,10936000.0,Sold,79,1.91
2177,7491,2025-08-30,8053000.0,Sold,13,0.44
2178,2683,2025-08-20,8545000.0,Sold,98,-6.21
2179,988,2026-01-23,11048000.0,Withdrawn,6,-2.31
2180,7709,2024-03-24,8023000.0,Withdrawn,55,-0.6
2181,7817,2023-10-18,8920000.0,Sold,71,4.84
2182,1219,2025-04-09,5174000.0,Sold,130,-3.04
2183,5017,2025-04-01,13609000.0,Sold,28,3.53
2184,6882,2024-04-08,8791000.0,Sold,102,-4.46
2185,1356,2026-08-18,10745000.0,Sold,99,-0.66
2186,4266,2024-07-07,12564000.0,Active,46,-5.03
2187,4617,2025-02-16,8173000.0,Withdrawn,140,-2.42
2188,5583,2025-01-02,17506000.0,Active,64,1.34
2189,4136,2025-07-03,16771000.0,Sold,158,-2.89
2190,1561,2023-10-14,4652000.0,Sold,17,1.03
2191,7429,2026-07-25,20357000.0,Active,113,-1.01
2192,1419,2025-02-24,15975000.0,Active,67,1.6
2193,955,2024-07-25,11418000.0,Sold,59,-1.49
2194,7394,2024-10-30,7797000.0,Sold,76,-4.83
2195,984,2026-07-29,12699000.0,Sold,113,4.66
2196,7292,2024-10-06,15185000.0,Active,57,3.45
2197,975,2024-07-23,21838000.0,Expired,10,-2.62
2198,4134,2025-04-26,9621000.0,Expired,152,-0.44
2199,6472,2024-12-04,8342000.0,Sold,104,1.01
2200,5371,2025-09-07,12413000.0,Sold,59,-0.13
2201,3973,2023-08-25,9248000.0,Sold,128,-0.3
2202,5296,2026-07-15,9554000.0,Expired,48,-1.44
2203,5722,2025-07-14,8304000.0,Active,37,-3.65
2204,914,2024-04-06,19113000.0,Active,139,2.06
2205,4550,2024-11-09,11138000.0,Sold,73,-2.59
2206,37,2024-02-10,16343000.0,Active,107,-7.0
2207,3388,2025-09-05,4685000.0,Sold,47,-4.38
2208,1712,2024-09-13,11546000.0,Active,95,-0.85
2209,3021,2025-10-26,6628000.0,Active,119,-8.62
2210,796,2025-03-22,7210000.0,Active,67,-1.53
2211,4037,2024-08-21,9659000.0,Withdrawn,16,-3.7
2212,5069,2024-03-05,16104000.0,Sold,90,-0.59
2213,4689,2025-12-29,10033000.0,Sold,60,0.61
2214,5234,2024-11-30,14755000.0,Sold,82,0.2
2215,3112,2025-05-06,12465000.0,Active,80,-0.15
2216,1325,2026-01-04,7587000.0,Active,92,3.75
2217,6368,2024-10-06,11195000.0,Sold,133,0.11
2218,318,2025-04-30,18748000.0,Sold,74,-4.96
2219,2397,2026-03-08,13827000.0,Active,112,1.52
2220,2163,2024-04-06,22628000.0,Sold,98,-1.57
2221,2746,2026-05-16,10743000.0,Withdrawn,64,-5.96
2222,5443,2024-01-23,19880000.0,Active,8,-4.14
2223,1592,2024-12-22,11317000.0,Active,44,-2.27
2224,3112,2026-01-28,12465000.0,Active,28,-1.22
2225,5986,2025-02-04,15078000.0,Sold,143,0.57
2226,6184,2025-07-12,13909000.0,Expired,23,-3.04
2227,3931,2024-07-18,17133000.0,Sold,41,-7.29
2228,1997,2026-02-12,11690000.0,Sold,24,-2.73
2229,5869,2024-11-14,9969000.0,Sold,51,-8.59
2230,1313,2025-04-03,9982000.0,Active,5,-2.16
2231,1286,2025-10-14,10827000.0,Withdrawn,93,-4.7
2232,4312,2025-10-07,12077000.0,Active,26,-3.59
2233,7315,2025-01-20,9555000.0,Withdrawn,88,1.5
2234,2384,2023-10-19,13031000.0,Active,57,-1.62
2235,3240,2025-09-05,13020000.0,Sold,73,-0.18
2236,2140,2025-01-13,14902000.0,Sold,106,-0.2
2237,6497,2024-03-17,11806000.0,Active,5,-6.76
2238,6715,2025-08-25,16373000.0,Active,82,-3.48
2239,7739,2024-05-10,10181000.0,Sold,105,1.69
2240,6960,2025-07-19,16287000.0,Sold,111,-3.67
2241,1705,2026-04-05,12164000.0,Active,58,-1.99
2242,6925,2026-07-27,8815000.0,Active,103,-2.18
2243,363,2024-11-18,13730000.0,Active,132,-1.33
2244,2605,2023-12-13,15219000.0,Sold,100,-1.01
2245,7513,2024-09-10,16936000.0,Active,77,0.24
2246,1717,2026-06-12,11811000.0,Sold,112,-4.15
2247,5290,2024-07-11,10080000.0,Expired,6,0.03
2248,4452,2025-10-26,10153000.0,Active,10,-0.82
2249,4287,2024-10-16,10096000.0,Sold,26,-1.56
2250,3739,2025-04-10,11739000.0,Expired,84,-0.76
2251,2470,2026-07-29,14051000.0,Sold,170,-2.37
2252,4796,2026-03-30,9645000.0,Active,97,-0.68
2253,6151,2024-10-26,15285000.0,Sold,76,-5.2
2254,6277,2025-02-20,6237000.0,Sold,127,-4.22
2255,7915,2025-04-12,14136000.0,Sold,24,1.92
2256,557,2025-11-27,21977000.0,Active,66,-2.42
2257,826,2025-11-14,3161000.0,Sold,14,-5.82
2258,2809,2025-09-20,9950000.0,Active,91,4.2
2259,5151,2026-07-02,16503000.0,Sold,147,-3.8
2260,6679,2026-06-18,7855000.0,Expired,121,1.52
2261,4522,2025-06-25,10021000.0,Sold,83,-4.6
2262,7562,2024-02-21,8110000.0,Sold,92,-2.47
2263,2720,2026-07-20,20922000.0,Active,57,2.23
2264,6507,2025-06-12,10318000.0,Active,90,-0.71
2265,3509,2026-08-03,9153000.0,Sold,43,-3.74
2266,3742,2026-04-20,10403000.0,Sold,110,-2.11
2267,1575,2025-11-23,6795000.0,Expired,54,-5.9
2268,3999,2025-09-03,11762000.0,Sold,91,0.74
2269,2130,2026-01-08,10951000.0,Active,19,-4.13
2270,2404,2025-08-01,16726000.0,Sold,123,-0.73
2271,3330,2026-05-12,14020000.0,Sold,142,-1.68
2272,7886,2024-09-17,9294000.0,Active,136,2.24
2273,589,2025-03-12,5463000.0,Active,96,-5.07
2274,2013,2024-11-30,14259000.0,Sold,39,-0.44
2275,1548,2025-10-03,12642000.0,Expired,13,-6.69
2276,295,2024-11-19,14129000.0,Expired,71,-5.77
2277,1986,2023-11-22,7928000.0,Sold,128,2.99
2278,5344,2025-08-20,9204000.0,Sold,145,-2.14
2279,5645,2024-06-14,17000000.0,Expired,18,-0.23
2280,3118,2026-03-08,4909000.0,Sold,66,1.84
2281,1691,2026-07-23,22672000.0,Active,120,0.38
2282,1137,2024-04-25,14203000.0,Active,78,3.39
2283,5353,2025-08-07,9017000.0,Expired,57,2.32
2284,2065,2026-03-29,10318000.0,Sold,127,1.47
2285,4456,2025-04-07,21684000.0,Active,73,-2.44
2286,7391,2025-04-07,8788000.0,Sold,5,-1.03
2287,7010,2023-12-30,10786000.0,Active,90,0.74
2288,4796,2025-05-15,9645000.0,Sold,53,-8.85
2289,4544,2024-03-15,12871000.0,Active,85,-6.55
2290,7000,2025-01-14,18566000.0,Sold,43,-2.28
2291,6509,2025-05-22,14525000.0,Expired,73,-6.32
2292,4771,2026-01-17,12757000.0,Sold,46,0.03
2293,1008,2025-07-27,9480000.0,Active,137,3.99
2294,5446,2026-01-01,11309000.0,Sold,5,-1.76
2295,2515,2024-03-30,4932000.0,Active,97,-2.19
2296,6558,2026-07-13,16393000.0,Sold,5,0.42
2297,3527,2025-06-10,14052000.0,Active,27,-1.4
2298,4682,2025-12-27,8254000.0,Sold,103,-2.5
2299,5353,2025-07-12,9017000.0,Sold,114,-5.0
2300,1248,2025-06-18,7514000.0,Sold,58,-2.38
2301,5090,2026-01-20,13889000.0,Sold,140,-1.54
2302,3903,2023-11-27,16231000.0,Sold,47,-1.06
2303,1436,2025-08-27,8831000.0,Sold,113,-5.29
2304,572,2024-02-08,10509000.0,Sold,130,-0.25
2305,2383,2026-06-04,8326000.0,Sold,58,-0.83
2306,1246,2023-09-19,8982000.0,Sold,17,0.24
2307,2085,2024-10-15,9997000.0,Withdrawn,5,-1.26
2308,5085,2023-12-02,10771000.0,Expired,101,-5.36
2309,278,2025-12-04,9957000.0,Withdrawn,196,-0.27
2310,5316,2024-03-04,13516000.0,Withdrawn,5,-3.32
2311,7060,2023-08-26,4411000.0,Active,68,-7.18
2312,1888,2024-02-04,17144000.0,Withdrawn,95,-6.17
2313,4580,2025-05-16,6897000.0,Withdrawn,119,-9.48
2314,1266,2024-09-21,15738000.0,Expired,50,-1.9
2315,7492,2024-04-13,9693000.0,Expired,69,2.36
2316,4827,2026-06-02,7932000.0,Expired,57,-4.9
2317,6336,2024-05-11,12855000.0,Sold,5,2.4
2318,1041,2026-02-10,6922000.0,Withdrawn,81,-4.08
2319,6668,2025-07-18,14253000.0,Expired,73,-2.2
2320,918,2025-09-09,11295000.0,Withdrawn,88,-1.76
2321,6545,2025-09-02,9976000.0,Active,115,-0.05
2322,886,2024-07-04,9099000.0,Expired,152,-2.23
2323,2753,2023-08-25,16834000.0,Expired,20,-3.87
2324,22,2025-04-17,9272000.0,Sold,81,-5.86
2325,4570,2023-11-15,12358000.0,Expired,34,-0.2
2326,3192,2025-02-01,13232000.0,Active,62,-3.55
2327,6354,2024-03-08,18332000.0,Active,128,7.03
2328,2354,2023-12-31,23321000.0,Sold,56,-2.65
2329,7438,2025-06-01,6694000.0,Active,129,-0.43
2330,4800,2024-11-29,21926000.0,Expired,120,-0.91
2331,687,2024-03-12,14498000.0,Sold,34,0.91
2332,285,2026-02-18,9119000.0,Expired,85,-4.04
2333,4812,2024-03-07,16897000.0,Active,123,-0.69
2334,3748,2024-09-04,17202000.0,Active,100,1.53
2335,763,2023-09-08,17424000.0,Active,163,-3.15
2336,5347,2026-03-06,14091000.0,Active,129,-1.44
2337,5044,2024-05-14,8905000.0,Active,79,2.03
2338,2429,2025-08-15,15778000.0,Active,72,-2.36
2339,2508,2025-01-01,6944000.0,Sold,40,-3.5
2340,5127,2025-07-16,6213000.0,Sold,123,3.95
2341,29,2024-10-30,8140000.0,Expired,32,-4.16
2342,907,2025-05-11,14396000.0,Active,106,-3.3
2343,3105,2025-09-13,11139000.0,Sold,68,-2.86
2344,7814,2023-08-28,20526000.0,Expired,89,-5.07
2345,7023,2023-08-26,10409000.0,Active,113,1.84
2346,6223,2023-12-13,13360000.0,Sold,51,1.49
2347,4000,2025-05-18,14257000.0,Expired,59,-6.01
2348,2995,2026-08-17,18070000.0,Active,113,2.23
2349,2507,2025-11-17,10720000.0,Active,86,-0.7
2350,4666,2026-06-27,14908000.0,Sold,65,-0.45
2351,6103,2024-10-05,14522000.0,Sold,5,-0.42
2352,3610,2024-08-29,14097000.0,Sold,54,-4.76
2353,3554,2026-07-06,9960000.0,Sold,124,-0.51
2354,1454,2024-04-08,15432000.0,Sold,151,-5.62
2355,4834,2025-11-27,10149000.0,Active,87,0.31
2356,3357,2026-06-14,14806000.0,Withdrawn,111,-3.5
2357,516,2026-03-08,15615000.0,Sold,41,-1.01
2358,6097,2025-03-22,5395000.0,Active,79,0.36
2359,7267,2024-05-27,15148000.0,Expired,79,-1.54
2360,6541,2024-04-15,17668000.0,Active,5,-4.55
2361,7657,2026-03-23,17275000.0,Expired,128,1.83
2362,39,2026-05-12,17449000.0,Sold,46,-0.29
2363,3343,2025-01-28,11058000.0,Sold,103,-3.22
2364,887,2024-10-01,21397000.0,Active,30,1.01
2365,2845,2023-11-07,13524000.0,Sold,49,-1.68
2366,2205,2024-06-27,18216000.0,Sold,19,-2.75
2367,1099,2025-02-10,17632000.0,Withdrawn,137,2.34
2368,7028,2024-12-09,18889000.0,Withdrawn,91,2.82
2369,1824,2023-12-24,14158000.0,Sold,79,-0.09
2370,3202,2025-01-10,13498000.0,Withdrawn,56,2.11
2371,5807,2025-07-06,10641000.0,Withdrawn,63,-1.46
2372,5070,2026-04-30,16896000.0,Active,45,-1.25
2373,3156,2025-09-14,11629000.0,Sold,110,-5.0
2374,3094,2024-12-27,9790000.0,Withdrawn,98,-1.67
2375,3531,2024-01-13,10549000.0,Active,172,2.25
2376,5659,2024-01-21,10543000.0,Sold,61,-1.79
2377,3779,2026-07-15,7258000.0,Sold,99,-3.71
2378,2897,2026-05-09,10120000.0,Sold,64,-1.45
2379,3454,2026-03-01,6839000.0,Expired,32,-3.86
2380,6892,2023-10-17,7707000.0,Sold,94,2.03
2381,3512,2025-07-03,14748000.0,Active,30,-1.89
2382,7772,2025-08-08,13937000.0,Withdrawn,29,-0.53
2383,989,2025-10-31,11651000.0,Expired,145,1.49
2384,4117,2025-03-11,5875000.0,Active,97,-0.78
2385,6447,2026-03-20,11335000.0,Sold,86,-2.37
2386,4965,2025-04-08,11158000.0,Sold,125,-2.16
2387,4027,2025-10-24,11655000.0,Sold,105,-1.36
2388,4180,2024-06-25,11818000.0,Sold,142,-5.15
2389,7942,2025-10-09,11406000.0,Active,109,1.51
2390,1683,2025-07-23,13052000.0,Expired,55,-5.98
2391,6073,2024-03-02,13984000.0,Sold,28,-1.85
2392,7621,2024-03-31,26426000.0,Sold,117,4.2
2393,5507,2023-12-22,13154000.0,Active,5,-2.47
2394,5627,2025-08-19,12305000.0,Sold,12,-3.81
2395,7425,2023-09-02,6021000.0,Sold,92,-4.95
2396,4666,2024-10-03,14908000.0,Active,81,-2.58
2397,3964,2025-06-07,16138000.0,Active,5,-2.72
2398,934,2025-10-06,16261000.0,Sold,72,0.2
2399,3599,2024-03-02,9601000.0,Active,5,-1.12
2400,3234,2025-09-22,11548000.0,Active,97,-4.19
2401,1981,2025-04-09,11057000.0,Withdrawn,105,-3.58
2402,7331,2024-01-19,14679000.0,Sold,146,-4.22
2403,1856,2025-11-03,11514000.0,Active,76,-2.78
2404,3057,2024-09-06,15145000.0,Sold,57,-2.02
2405,793,2025-10-07,13050000.0,Sold,5,0.83
2406,792,2024-10-14,19256000.0,Active,15,-8.77
2407,7692,2024-09-18,22189000.0,Expired,48,-1.69
2408,1810,2025-08-07,14028000.0,Sold,53,-0.49
2409,5391,2023-10-06,11033000.0,Sold,81,-1.7
2410,6636,2024-02-15,14706000.0,Sold,6,2.95
2411,2256,2024-04-17,12768000.0,Expired,92,-0.74
2412,3611,2023-12-06,11818000.0,Sold,147,-5.32
2413,1608,2025-01-13,14731000.0,Withdrawn,149,0.54
2414,5180,2024-09-02,9004000.0,Active,11,-4.97
2415,6574,2024-07-02,14249000.0,Expired,86,-2.97
2416,985,2025-03-21,11818000.0,Active,5,-0.85
2417,5777,2026-05-08,6215000.0,Sold,15,2.14
2418,3677,2024-04-11,13328000.0,Withdrawn,42,-0.08
2419,3381,2026-04-22,9848000.0,Active,71,0.38
2420,520,2025-02-11,9178000.0,Expired,73,-4.56
2421,591,2023-09-18,14221000.0,Withdrawn,40,-4.69
2422,1051,2025-11-18,6328000.0,Active,60,-6.12
2423,5806,2023-11-19,13280000.0,Sold,32,0.57
2424,3634,2024-12-20,13392000.0,Expired,41,3.67
2425,6132,2023-12-19,15680000.0,Sold,61,8.17
2426,6343,2026-01-16,13220000.0,Active,5,-2.52
2427,6531,2026-08-05,5550000.0,Sold,57,0.57
2428,4445,2025-01-14,15297000.0,Active,64,-2.09
2429,960,2026-02-13,9715000.0,Active,137,-0.36
2430,6060,2025-03-30,7577000.0,Expired,5,-1.95
2431,693,2025-11-04,7007000.0,Expired,119,0.8
2432,5656,2026-06-29,7333000.0,Active,15,-2.68
2433,3900,2023-08-27,10010000.0,Active,83,-4.07
2434,4474,2024-08-04,21928000.0,Expired,139,-3.31
2435,2947,2024-08-19,19511000.0,Sold,93,1.84
2436,7060,2025-02-25,4411000.0,Active,106,-1.78
2437,7726,2026-04-04,15170000.0,Active,127,-6.12
2438,527,2025-11-23,10763000.0,Withdrawn,100,-3.27
2439,3225,2024-12-05,11961000.0,Sold,34,-0.29
2440,6878,2024-05-02,10182000.0,Active,75,-0.37
2441,2254,2023-09-06,14982000.0,Withdrawn,8,-1.58
2442,6599,2024-02-23,11942000.0,Withdrawn,32,2.0
2443,3345,2025-06-23,11287000.0,Sold,12,-2.43
2444,3966,2024-07-12,15362000.0,Sold,103,-4.68
2445,5356,2025-01-30,13979000.0,Withdrawn,92,0.08
2446,1876,2026-01-20,8268000.0,Sold,109,1.98
2447,1764,2026-06-18,11995000.0,Active,51,-3.35
2448,521,2024-04-04,10561000.0,Active,65,-2.79
2449,5798,2026-03-16,13730000.0,Expired,43,-3.34
2450,1017,2024-06-25,6343000.0,Active,40,-7.14
2451,7100,2025-08-27,7661000.0,Sold,87,-2.06
2452,7999,2024-09-18,16574000.0,Active,32,4.13
2453,6870,2024-03-23,19884000.0,Sold,72,2.92
2454,5110,2025-06-16,23146000.0,Sold,82,-0.01
2455,6645,2024-06-22,15444000.0,Sold,119,-2.9
2456,117,2023-11-09,12796000.0,Expired,65,-0.42
2457,2434,2025-08-17,11405000.0,Active,44,0.11
2458,5464,2023-09-19,13292000.0,Sold,81,-2.77
2459,584,2024-08-07,13247000.0,Withdrawn,73,-0.76
2460,395,2024-08-04,15403000.0,Sold,77,-3.82
2461,5184,2025-03-20,9251000.0,Active,143,-4.97
2462,3789,2025-02-19,7121000.0,Active,103,-0.22
2463,2769,2024-02-15,17950000.0,Sold,32,-1.03
2464,4168,2024-07-04,11159000.0,Active,57,2.3
2465,3861,2026-06-03,14921000.0,Sold,58,-1.51
2466,274,2024-12-21,14314000.0,Active,77,-0.83
2467,2014,2024-05-01,26031000.0,Expired,75,-4.05
2468,5440,2025-02-14,11799000.0,Withdrawn,154,5.81
2469,4434,2024-05-20,11956000.0,Sold,38,1.19
2470,1390,2024-12-27,10379000.0,Expired,45,-3.1
2471,3567,2025-02-09,7299000.0,Expired,143,-7.68
2472,4703,2025-11-01,11261000.0,Active,19,-6.87
2473,166,2025-04-23,18037000.0,Sold,9,0.36
2474,1568,2025-10-23,13110000.0,Sold,163,-0.68
2475,6155,2026-08-15,23664000.0,Active,66,0.9
2476,5421,2025-08-01,13978000.0,Active,139,-8.55
2477,729,2024-10-23,8683000.0,Expired,69,-3.31
2478,6945,2025-08-12,7691000.0,Expired,31,-1.36
2479,2044,2026-02-15,12797000.0,Withdrawn,119,1.62
2480,4198,2024-08-26,10999000.0,Sold,75,0.97
2481,3497,2025-02-28,8273000.0,Sold,52,2.51
2482,5512,2024-08-06,14583000.0,Active,83,0.48
2483,779,2025-10-14,7108000.0,Active,55,-1.36
2484,214,2023-08-28,12400000.0,Active,70,-2.68
2485,3763,2025-02-15,9881000.0,Active,5,4.8
2486,5208,2024-02-15,19421000.0,Active,50,-0.4
2487,1577,2024-02-19,21416000.0,Sold,134,-5.33
2488,2449,2025-07-22,13773000.0,Active,139,-0.95
2489,6732,2026-07-31,11068000.0,Expired,66,-0.17
2490,2937,2024-05-11,7666000.0,Active,53,-0.44
2491,3118,2025-10-22,4909000.0,Active,11,1.88
2492,5792,2025-04-12,10496000.0,Withdrawn,16,-1.3
2493,7631,2025-04-29,6954000.0,Sold,5,-1.91
2494,592,2023-12-27,20923000.0,Active,112,-2.45
2495,5430,2025-09-13,15764000.0,Active,111,-0.59
2496,5206,2026-05-10,18788000.0,Withdrawn,81,1.18
2497,6236,2024-01-09,18783000.0,Sold,94,-0.66
2498,7828,2024-09-18,7075000.0,Active,92,-3.07
2499,2721,2023-11-26,13838000.0,Expired,57,7.86
2500,714,2024-02-08,11594000.0,Withdrawn,110,-2.33
2501,936,2026-02-10,17951000.0,Active,107,-0.2
2502,6048,2024-05-26,9947000.0,Active,76,-7.48
2503,4338,2024-11-30,23134000.0,Expired,32,1.42
2504,6140,2024-03-21,7146000.0,Expired,103,-2.9
2505,2,2024-10-13,14731000.0,Sold,111,-0.94
2506,6369,2023-09-23,11693000.0,Sold,133,-5.41
2507,2849,2026-04-16,25761000.0,Withdrawn,70,-0.54
2508,5865,2025-06-03,7563000.0,Withdrawn,73,-1.91
2509,4045,2024-09-21,7159000.0,Sold,124,-0.19
2510,1950,2024-03-02,12787000.0,Sold,5,-0.88
2511,6733,2023-10-04,10667000.0,Active,23,0.39
2512,6260,2024-07-30,15297000.0,Sold,138,1.58
2513,7834,2023-10-31,13338000.0,Expired,16,0.87
2514,918,2025-01-15,11295000.0,Expired,60,-0.24
2515,3175,2025-10-09,13940000.0,Active,38,2.41
2516,2242,2024-06-14,13260000.0,Sold,15,-3.75
2517,7334,2026-06-27,16942000.0,Sold,162,-0.76
2518,7015,2026-01-14,12866000.0,Active,92,-2.07
2519,90,2025-10-16,16311000.0,Sold,97,-3.43
2520,1710,2025-01-06,12885000.0,Sold,5,1.43
2521,2170,2025-08-21,17637000.0,Active,89,5.76
2522,4239,2024-06-12,14961000.0,Active,20,-3.11
2523,3042,2024-09-08,9219000.0,Active,126,3.75
2524,106,2026-01-25,12763000.0,Active,70,-0.45
2525,887,2024-12-14,21397000.0,Active,143,-5.25
2526,428,2024-12-09,7228000.0,Sold,10,-4.58
2527,5425,2025-03-01,10500000.0,Withdrawn,18,-2.91
2528,1896,2024-11-06,16291000.0,Sold,134,-2.78
2529,6091,2024-03-20,13503000.0,Active,48,-2.15
2530,317,2025-08-09,4963000.0,Active,71,0.32
2531,6083,2024-02-15,7751000.0,Active,86,0.22
2532,635,2026-07-02,12750000.0,Expired,96,0.69
2533,1926,2026-01-05,15892000.0,Sold,136,-5.37
2534,2057,2026-02-14,11356000.0,Sold,58,-1.74
2535,6918,2024-12-22,9340000.0,Expired,74,-2.16
2536,3145,2025-08-12,12424000.0,Sold,65,-2.71
2537,7527,2023-09-16,14143000.0,Active,68,-4.03
2538,2271,2025-07-15,6933000.0,Active,58,-1.53
2539,1440,2025-04-06,8350000.0,Sold,42,-1.9
2540,553,2023-11-15,15104000.0,Active,124,-6.59
2541,7538,2024-05-16,8036000.0,Active,22,-1.19
2542,716,2026-07-31,19068000.0,Active,81,-9.04
2543,5384,2025-03-13,14162000.0,Withdrawn,37,-2.24
2544,3912,2025-05-13,18370000.0,Sold,123,-3.6
2545,1714,2026-05-17,51817500.0,Active,97,-1.6
2546,5980,2023-12-07,11062000.0,Expired,85,-0.25
2547,3390,2025-11-22,9528000.0,Sold,5,-1.48
2548,1108,2026-03-02,20672000.0,Withdrawn,117,-3.38
2549,5438,2026-02-04,14628000.0,Sold,46,-8.0
2550,4207,2024-08-21,14613000.0,Sold,92,-3.08
2551,251,2024-11-07,11108000.0,Sold,49,-0.47
2552,2431,2026-01-08,17856000.0,Active,99,2.07
2553,2055,2024-11-02,14847000.0,Expired,56,-1.57
2554,459,2024-12-13,11489000.0,Expired,185,-5.53
2555,5204,2026-05-04,12910000.0,Expired,120,-1.16
2556,208,2025-05-21,10122000.0,Sold,27,-2.7
2557,900,2024-08-24,5197000.0,Sold,102,-5.02
2558,3462,2024-06-08,11586000.0,Active,42,3.18
2559,3386,2024-10-30,10399000.0,Expired,68,-1.8
2560,22,2023-09-20,9272000.0,Active,197,-1.41
2561,410,2025-01-31,16683000.0,Sold,104,-0.51
2562,895,2025-05-03,10403000.0,Sold,92,6.34
2563,515,2026-01-02,12055000.0,Sold,5,-1.64
2564,7295,2024-12-25,9903000.0,Sold,26,-1.91
2565,4905,2024-07-20,9690000.0,Sold,119,-1.77
2566,7868,2023-11-10,15504000.0,Active,167,-5.12
2567,4970,2026-05-01,22490000.0,Sold,54,3.12
2568,4110,2026-03-30,7602000.0,Withdrawn,116,-1.53
2569,5067,2025-01-12,8250000.0,Active,30,0.29
2570,7122,2026-01-11,18702000.0,Sold,67,-0.78
2571,7158,2024-01-08,19583000.0,Sold,49,-3.05
2572,7180,2024-02-03,14210000.0,Withdrawn,56,0.41
2573,2135,2024-04-01,16962000.0,Active,5,-0.48
2574,3596,2023-08-24,10426000.0,Active,30,-1.93
2575,2957,2025-09-29,11892000.0,Active,74,-3.86
2576,1561,2024-09-06,4652000.0,Sold,16,-3.02
2577,5421,2024-04-28,13978000.0,Sold,153,-5.76
2578,1267,2024-12-27,11126000.0,Active,109,-1.9
2579,2170,2026-04-03,17637000.0,Active,29,-0.45
2580,7315,2024-12-14,9555000.0,Active,5,-2.54
2581,3639,2025-08-09,4513000.0,Active,58,-4.22
2582,750,2024-08-07,7646000.0,Expired,5,1.71
2583,3428,2024-03-14,15065000.0,Expired,88,-4.96
2584,4781,2024-01-30,15081000.0,Expired,73,-1.04
2585,1928,2025-06-26,11006000.0,Active,98,-0.75
2586,3805,2024-09-10,16304000.0,Sold,162,-2.05
2587,3703,2025-05-25,13624000.0,Sold,180,-1.43
2588,2357,2025-09-13,8475000.0,Sold,28,-1.33
2589,4791,2025-03-25,6423000.0,Active,52,-2.55
2590,2336,2025-03-16,18936000.0,Sold,64,3.06
2591,307,2025-04-19,18195000.0,Expired,57,1.1
2592,7980,2025-12-26,7900000.0,Active,145,3.1
2593,3666,2024-09-18,10109000.0,Sold,32,-3.83
2594,1990,2025-02-20,10940000.0,Sold,44,-2.95
2595,7058,2024-02-27,15957000.0,Sold,8,3.32
2596,7891,2025-01-03,13451000.0,Sold,155,-0.61
2597,662,2024-02-23,15017000.0,Sold,67,-3.41
2598,4645,2025-06-16,8300000.0,Active,89,-1.66
2599,7520,2026-06-25,13925000.0,Withdrawn,86,-2.11
2600,312,2024-04-11,17680000.0,Sold,132,0.8
2601,2921,2025-10-22,17349000.0,Expired,66,-6.8
2602,1083,2025-09-25,15198000.0,Sold,154,0.03
2603,7811,2026-04-23,15091000.0,Sold,53,-5.29
2604,2972,2025-07-07,7168000.0,Sold,91,-1.78
2605,5834,2024-02-15,6611000.0,Expired,106,2.98
2606,755,2026-05-03,16229000.0,Active,135,-4.06
2607,4131,2023-09-21,14487000.0,Sold,9,0.4
2608,4541,2026-01-29,11474000.0,Expired,42,1.78
2609,6237,2024-05-11,10695000.0,Sold,44,-3.98
2610,6079,2025-02-21,8539000.0,Expired,48,-2.78
2611,5327,2025-08-18,9582000.0,Sold,131,-2.37
2612,353,2024-03-21,13285000.0,Active,135,-5.47
2613,903,2025-06-14,6000000.0,Sold,35,-1.11
2614,5452,2025-03-21,13264000.0,Expired,133,-0.05
2615,3889,2025-12-06,7463000.0,Sold,123,0.53
2616,7006,2024-06-28,9901000.0,Expired,107,2.64
2617,5845,2024-06-28,16112000.0,Sold,52,-4.93
2618,159,2024-01-15,13875000.0,Active,77,-0.19
2619,1978,2024-12-30,13992000.0,Sold,45,-1.41
2620,957,2025-05-22,17726000.0,Sold,70,-5.5
2621,2072,2024-04-30,16091000.0,Active,179,-1.32
2622,404,2025-10-20,10710000.0,Active,93,-0.53
2623,6949,2024-10-23,7332000.0,Active,90,-2.41
2624,4612,2025-08-31,7491000.0,Sold,118,-1.19
2625,2780,2024-01-10,12609000.0,Sold,73,0.23
2626,1388,2024-05-08,4890000.0,Sold,98,-3.12
2627,3454,2023-11-12,6839000.0,Expired,85,1.93
2628,6676,2025-10-31,10982000.0,Expired,153,5.09
2629,956,2024-11-18,10348000.0,Expired,51,-0.73
2630,6296,2024-12-29,19972000.0,Expired,168,6.11
2631,7730,2024-02-17,19019000.0,Sold,102,-4.1
2632,1713,2026-07-19,13273000.0,Active,166,2.34
2633,7091,2025-01-19,20828000.0,Active,57,2.14
2634,4704,2024-08-19,16708000.0,Withdrawn,138,-2.28
2635,7785,2026-07-29,6260000.0,Active,83,-3.41
2636,6564,2024-04-23,23457000.0,Sold,60,-3.46
2637,1274,2024-05-03,9174000.0,Active,148,-5.62
2638,7285,2024-07-26,9331000.0,Withdrawn,185,1.94
2639,7010,2023-08-23,10786000.0,Active,181,-3.85
2640,5632,2024-10-20,15929000.0,Sold,102,0.32
2641,3812,2024-02-09,16673000.0,Active,93,-4.89
2642,2626,2026-03-10,6600000.0,Expired,136,-0.4
2643,2383,2024-11-12,8326000.0,Withdrawn,103,0.79
2644,1442,2024-03-20,24667000.0,Active,74,-1.52
2645,2980,2024-06-11,12383000.0,Withdrawn,111,-1.08
2646,1798,2023-10-23,7679000.0,Active,107,1.39
2647,4391,2024-06-01,6936000.0,Active,193,-3.06
2648,4010,2026-04-07,13881000.0,Active,85,-6.95
2649,4851,2023-11-28,15477000.0,Sold,49,-1.76
2650,1395,2024-10-29,20500000.0,Sold,16,-2.87
2651,4282,2024-03-22,10106000.0,Active,6,-5.14
2652,1270,2026-04-12,22689000.0,Active,103,-5.43
2653,4733,2026-08-03,22243000.0,Active,40,-1.8
2654,5388,2024-03-01,12614000.0,Sold,51,-2.68
2655,3715,2026-04-03,7756000.0,Sold,36,2.28
2656,7405,2024-04-08,8132000.0,Sold,80,-11.52
2657,530,2024-02-23,12472000.0,Active,81,-2.52
2658,3624,2026-03-29,11317000.0,Active,17,-0.9
2659,6165,2025-04-21,11868000.0,Sold,120,-1.9
2660,2959,2024-03-06,16734000.0,Expired,125,-2.01
2661,7905,2024-04-13,20199000.0,Expired,58,-0.89
2662,2915,2024-09-22,19070000.0,Expired,68,-0.96
2663,4890,2023-09-24,12206000.0,Expired,130,-7.12
2664,3592,2024-06-17,7252000.0,Sold,98,0.98
2665,2148,2024-09-21,21451000.0,Sold,128,-6.74
2666,6896,2026-01-11,16328000.0,Active,124,-2.14
2667,4574,2023-12-26,13667000.0,Active,73,2.01
2668,5719,2026-05-10,12498000.0,Sold,130,2.18
2669,3370,2025-08-04,12067000.0,Active,76,2.91
2670,940,2024-07-20,10745000.0,Sold,75,5.71
2671,526,2024-06-11,17889000.0,Active,43,-4.46
2672,6478,2024-07-03,9087000.0,Sold,116,-4.87
2673,2,2024-01-28,14731000.0,Active,144,-1.29
2674,375,2023-11-12,10410000.0,Active,124,0.6
2675,2341,2025-01-13,12634000.0,Active,45,-5.53
2676,6981,2024-06-05,15947000.0,Sold,155,-7.21
2677,4006,2025-05-12,21388000.0,Active,16,2.25
2678,3053,2024-07-06,12135000.0,Active,135,-3.39
2679,4649,2025-05-03,15423000.0,Sold,40,-2.44
2680,2366,2025-01-24,16156000.0,Expired,31,-2.92
2681,1526,2024-07-01,15093000.0,Sold,65,-3.35
2682,5948,2025-12-05,7604000.0,Sold,79,-3.38
2683,4477,2023-11-16,9922000.0,Active,95,-8.95
2684,1647,2025-04-18,23797000.0,Withdrawn,108,0.25
2685,14,2025-10-15,19615000.0,Active,34,-1.6
2686,4600,2024-03-03,16701000.0,Sold,114,-2.08
2687,2279,2025-07-05,8969000.0,Withdrawn,59,5.59
2688,6105,2024-07-14,15455000.0,Active,102,-1.64
2689,3156,2024-05-06,11629000.0,Expired,128,0.78
2690,130,2023-12-18,11140000.0,Sold,145,0.84
2691,3815,2024-09-25,12742000.0,Expired,97,-1.17
2692,4934,2024-02-12,4747000.0,Active,116,-0.49
2693,3217,2023-12-19,15133000.0,Active,101,4.81
2694,2939,2026-07-27,12957000.0,Sold,37,1.65
2695,3929,2024-11-09,12892000.0,Expired,36,1.21
2696,2041,2025-11-21,14916000.0,Active,51,0.23
2697,28,2025-07-23,17523000.0,Sold,29,-4.21
2698,2114,2024-02-26,11913000.0,Active,57,-3.04
2699,7331,2024-05-21,14679000.0,Expired,68,-1.55
2700,1253,2024-10-17,8663000.0,Sold,120,1.18
2701,4357,2024-03-02,7483000.0,Active,27,-2.59
2702,2047,2025-06-03,22479000.0,Sold,72,-0.76
2703,5569,2025-02-19,7816000.0,Active,73,0.17
2704,5544,2024-12-16,10740000.0,Sold,56,3.55
2705,4556,2024-05-23,11732000.0,Active,105,0.39
2706,4024,2025-10-26,11166000.0,Active,128,1.33
2707,7844,2024-08-08,17304000.0,Active,165,-0.12
2708,4397,2025-08-03,10544000.0,Active,23,1.16
2709,7063,2025-07-01,6219000.0,Sold,82,-6.8
2710,3375,2025-03-21,13840000.0,Sold,64,-3.18
2711,6431,2025-02-13,10268000.0,Expired,58,-0.98
2712,3467,2025-12-05,13549000.0,Expired,116,-4.19
2713,3082,2025-05-05,16639000.0,Sold,160,-5.23
2714,3779,2023-12-27,7258000.0,Active,107,0.84
2715,630,2024-05-08,11740000.0,Withdrawn,129,-2.21
2716,270,2023-08-22,7048000.0,Sold,137,0.12
2717,2640,2025-01-10,14046000.0,Active,193,-5.55
2718,1994,2026-01-23,9675000.0,Sold,172,0.18
2719,5725,2024-06-01,17210000.0,Sold,78,-3.89
2720,5898,2026-07-30,9317000.0,Sold,128,-6.85
2721,2892,2025-08-02,14307000.0,Sold,118,-3.2
2722,4958,2026-01-09,7874000.0,Active,41,0.01
2723,3433,2024-04-17,9349000.0,Active,58,-2.87
2724,1281,2024-06-19,12105000.0,Sold,32,-0.4
2725,6277,2026-04-14,6237000.0,Sold,114,4.22
2726,7444,2024-03-01,13506000.0,Active,91,-2.82
2727,5896,2025-09-11,14764000.0,Sold,87,-1.21
2728,5803,2024-05-03,8722000.0,Sold,35,1.64
2729,7116,2024-08-26,13092000.0,Sold,49,-6.6
2730,6657,2025-01-11,14480000.0,Sold,138,-2.58
2731,2361,2026-04-19,19253000.0,Active,94,-2.12
2732,576,2024-02-23,12628000.0,Sold,57,-3.78
2733,7030,2024-08-09,10743000.0,Sold,70,-4.05
2734,6100,2024-03-22,6972000.0,Active,18,-0.87
2735,1308,2023-11-11,9315000.0,Active,75,2.39
2736,3193,2025-10-21,9638000.0,Sold,13,-3.48
2737,3179,2023-11-28,9700000.0,Expired,57,-10.02
2738,6053,2024-05-21,11985000.0,Sold,36,-0.94
2739,2735,2026-07-28,14761000.0,Active,167,-2.9
2740,6117,2026-05-06,10462000.0,Withdrawn,44,4.35
2741,7372,2024-05-07,9875000.0,Sold,58,-1.2
2742,2213,2025-01-25,8011000.0,Sold,67,5.31
2743,2353,2025-07-21,13549000.0,Sold,21,-6.75
2744,3569,2026-02-10,18908000.0,Active,82,5.15
2745,1656,2024-10-13,7929000.0,Active,70,-0.2
2746,1580,2024-02-20,13047000.0,Sold,54,-1.68
2747,5944,2024-04-01,7445000.0,Sold,81,-2.41
2748,2204,2023-10-11,21896000.0,Active,115,0.5
2749,1391,2026-02-01,8634000.0,Sold,150,-0.55
2750,1743,2023-11-05,4361000.0,Sold,41,-3.67
2751,1926,2024-06-09,15892000.0,Active,108,0.92
2752,620,2024-11-17,10577000.0,Expired,113,-8.14
2753,1275,2024-11-28,14431000.0,Sold,5,-0.13
2754,957,2025-11-04,17726000.0,Sold,14,-7.86
2755,1940,2025-05-28,11805000.0,Expired,85,-1.98
2756,3954,2023-12-23,8785000.0,Sold,5,-0.55
2757,2382,2023-09-18,6478000.0,Withdrawn,139,-6.26
2758,7810,2026-01-22,7497000.0,Active,80,0.1
2759,969,2025-06-02,15748000.0,Active,108,-0.97
2760,6655,2024-11-14,7941000.0,Sold,79,-3.27
2761,1317,2025-11-18,11215000.0,Expired,89,-5.56
2762,1044,2026-05-16,15740000.0,Sold,94,-0.14
2763,282,2025-06-15,15988000.0,Sold,62,1.9
2764,2845,2026-04-11,13524000.0,Active,5,-1.55
2765,7169,2024-01-28,9854000.0,Active,100,0.73
2766,6263,2026-03-17,17390000.0,Sold,57,-5.01
2767,1059,2023-10-28,12031000.0,Active,89,0.27
2768,4294,2026-05-16,16623000.0,Sold,108,-2.49
2769,2533,2025-06-05,15014000.0,Active,22,-3.09
2770,3829,2025-09-25,19110000.0,Active,100,-6.15
2771,5179,2023-09-29,13607000.0,Sold,37,5.08
2772,6981,2024-08-24,15947000.0,Active,108,0.26
2773,5281,2024-11-27,16741000.0,Sold,74,-2.39
2774,1009,2026-03-08,12857000.0,Active,57,-2.14
2775,6835,2024-06-06,7930000.0,Active,54,-4.56
2776,1230,2023-11-19,16277000.0,Sold,68,-2.25
2777,1036,2025-05-18,15008000.0,Expired,67,0.72
2778,4586,2023-12-10,7876000.0,Expired,96,0.91
2779,276,2026-05-02,13588000.0,Expired,27,-1.03
2780,2741,2024-08-02,11983000.0,Sold,76,-4.21
2781,2290,2024-01-19,16203000.0,Sold,5,-0.39
2782,1240,2026-08-10,12192000.0,Sold,50,6.98
2783,5371,2023-11-17,12413000.0,Sold,120,0.78
2784,7979,2023-10-07,13570000.0,Sold,78,2.69
2785,126,2026-05-13,10172000.0,Sold,5,0.96
2786,4066,2025-12-01,6952000.0,Active,117,1.91
2787,4313,2024-03-12,11532000.0,Active,97,1.82
2788,7474,2026-08-01,12024000.0,Active,86,-4.2
2789,3869,2024-02-16,14896000.0,Sold,5,-5.7
2790,1209,2026-06-02,11145000.0,Expired,105,-5.62
2791,7207,2025-06-30,14130000.0,Active,100,-1.65
2792,5343,2024-11-17,7455000.0,Sold,125,-0.31
2793,7352,2026-08-14,10967000.0,Sold,20,-0.06
2794,6639,2026-03-19,8803000.0,Active,57,-2.7
2795,6571,2026-07-09,14666000.0,Sold,52,-0.26
2796,3250,2025-07-20,11300000.0,Active,176,-2.37
2797,919,2023-12-21,10493000.0,Sold,56,0.87
2798,7596,2024-02-25,12099000.0,Active,154,-4.86
2799,5414,2025-04-18,17723000.0,Sold,135,-0.12
2800,3924,2026-04-19,6428000.0,Sold,76,-4.11
2801,6295,2024-06-04,8446000.0,Sold,62,-0.95
2802,6528,2025-09-27,13291000.0,Expired,76,-2.44
2803,5758,2025-04-11,7338000.0,Withdrawn,52,3.65
2804,7981,2024-01-21,14386000.0,Active,117,-5.55
2805,4404,2023-09-29,18373000.0,Sold,81,-4.64
2806,5456,2025-01-07,8979000.0,Sold,51,-1.44
2807,1970,2024-10-25,6070000.0,Active,51,1.3
2808,2794,2024-10-10,18240000.0,Active,15,1.25
2809,892,2025-06-12,13077000.0,Sold,83,-0.21
2810,4471,2025-07-17,9745000.0,Withdrawn,18,-2.09
2811,7176,2026-07-12,3713000.0,Sold,113,-4.73
2812,2034,2025-02-23,12428000.0,Withdrawn,5,-2.9
2813,1365,2024-06-01,12054000.0,Sold,150,2.66
2814,129,2023-09-24,15187000.0,Withdrawn,132,-8.54
2815,1015,2023-10-26,13587000.0,Sold,118,-6.61
2816,1800,2023-11-01,13770000.0,Active,96,0.71
2817,6813,2023-11-20,14285000.0,Expired,86,0.58
2818,7520,2026-02-23,13925000.0,Withdrawn,23,-6.45
2819,5478,2024-01-16,11570000.0,Active,96,-5.34
2820,4613,2024-10-22,8174000.0,Sold,83,3.68
2821,1519,2025-07-23,15984000.0,Sold,73,-6.82
2822,4182,2024-04-20,12093000.0,Active,167,-0.27
2823,1199,2025-02-05,20025000.0,Sold,109,-7.72
2824,3874,2024-05-16,8676000.0,Sold,25,-3.76
2825,7361,2026-03-01,15590000.0,Active,45,3.26
2826,6455,2026-05-21,17196000.0,Sold,123,-3.23
2827,5239,2023-11-02,14254000.0,Sold,70,-3.44
2828,7386,2026-07-28,11292000.0,Active,55,-3.44
2829,2475,2025-05-15,11589000.0,Sold,154,-0.17
2830,6090,2024-02-21,13114000.0,Active,133,-2.82
2831,3486,2025-09-30,10161000.0,Sold,114,-5.84
2832,6258,2026-02-28,16182000.0,Withdrawn,83,-0.96
2833,4050,2025-11-07,14065000.0,Active,53,1.85
2834,7313,2025-10-04,4560000.0,Sold,59,-1.61
2835,7706,2025-06-07,9502000.0,Active,130,-3.06
2836,3720,2025-01-01,14131000.0,Sold,80,-6.43
2837,303,2024-08-08,14384000.0,Active,5,1.77
2838,6888,2025-01-16,16172000.0,Active,79,-4.31
2839,3953,2024-12-10,12402000.0,Sold,81,0.62
2840,4684,2026-04-27,6554000.0,Withdrawn,33,0.14
2841,987,2026-04-29,10685000.0,Active,179,-2.41
2842,1864,2025-09-27,55445000.0,Withdrawn,75,-4.45
2843,4441,2025-06-17,3377000.0,Active,59,1.53
2844,4910,2024-02-22,17084000.0,Active,134,1.27
2845,6084,2024-04-27,19986000.0,Sold,111,1.19
2846,6945,2024-08-26,7691000.0,Sold,64,-1.04
2847,3073,2025-02-16,6264000.0,Active,143,-3.36
2848,7315,2025-05-10,9555000.0,Sold,76,-5.69
2849,5407,2025-08-12,9198000.0,Expired,74,3.76
2850,6096,2025-06-08,18416000.0,Sold,138,-4.84
2851,5774,2025-03-27,6554000.0,Active,112,-1.18
2852,3125,2026-02-16,13143000.0,Active,75,2.63
2853,1328,2024-10-20,10784000.0,Active,62,1.17
2854,5189,2024-12-08,6643000.0,Active,87,0.18
2855,2409,2025-01-15,11539000.0,Sold,127,-1.4
2856,3674,2025-10-17,11422000.0,Sold,50,-2.29
2857,3292,2023-12-07,7577000.0,Sold,22,-4.32
2858,4034,2024-09-27,10702000.0,Expired,46,2.74
2859,5106,2024-04-15,7876000.0,Active,85,-4.81
2860,704,2024-06-13,6571000.0,Sold,117,1.2
2861,575,2025-08-26,13096000.0,Withdrawn,67,-4.73
2862,5705,2023-12-11,15526000.0,Sold,19,-4.2
2863,3233,2023-08-24,16125000.0,Withdrawn,88,-4.91
2864,7849,2024-06-22,12132000.0,Active,22,-0.8
2865,5209,2026-03-05,17298000.0,Sold,87,-1.69
2866,4784,2025-05-05,11266000.0,Withdrawn,95,-6.31
2867,6925,2026-07-23,8815000.0,Withdrawn,82,-1.37
2868,2633,2024-08-27,13592000.0,Active,47,0.56
2869,3829,2026-01-22,19110000.0,Sold,182,-6.22
2870,6733,2025-11-10,10667000.0,Sold,140,-1.96
2871,3231,2026-04-04,8168000.0,Active,90,1.02
2872,489,2025-03-23,9354000.0,Sold,61,-0.96
2873,7115,2025-12-08,9309000.0,Active,20,-7.84
2874,1348,2025-07-13,12993000.0,Expired,64,0.25
2875,3682,2025-06-28,15969000.0,Active,151,-4.43
2876,7549,2026-07-11,8286000.0,Active,88,-4.21
2877,3174,2024-11-28,11577000.0,Active,11,-7.93
2878,4590,2023-09-05,15479000.0,Sold,29,-2.24
2879,1668,2025-06-26,14846000.0,Sold,105,-0.92
2880,1638,2024-04-07,11910000.0,Withdrawn,196,-1.71
2881,4115,2024-07-21,10727000.0,Sold,67,-3.0
2882,7622,2025-01-13,16078000.0,Expired,150,-4.25
2883,3554,2026-05-21,9960000.0,Sold,66,1.97
2884,7762,2023-09-07,13263000.0,Active,89,1.86
2885,6541,2025-02-02,17668000.0,Expired,104,1.16
2886,1001,2026-03-03,13842000.0,Sold,73,-5.3
2887,7447,2026-01-09,8305000.0,Active,49,-6.92
2888,851,2023-11-23,11251000.0,Active,67,0.95
2889,1389,2023-11-25,10527000.0,Expired,5,-5.12
2890,5451,2024-07-03,10004000.0,Active,110,1.23
2891,3713,2024-10-19,9398000.0,Active,109,0.18
2892,1368,2025-08-15,18103000.0,Sold,114,-3.83
2893,822,2024-10-09,19669000.0,Sold,44,-3.12
2894,455,2026-02-23,16736000.0,Expired,78,-2.78
2895,1625,2024-06-28,11786000.0,Active,28,-2.74
2896,2773,2023-12-11,18831000.0,Sold,17,1.93
2897,3727,2023-09-14,37810000.0,Expired,108,-1.75
2898,7233,2025-12-27,12661000.0,Expired,29,-2.05
2899,3148,2026-03-13,6159000.0,Withdrawn,96,-1.1
2900,4090,2024-09-01,5411000.0,Withdrawn,49,2.32
2901,4807,2024-07-06,12266000.0,Withdrawn,5,0.5
2902,2191,2025-02-19,10358000.0,Sold,120,-2.75
2903,917,2026-08-01,6026000.0,Active,92,-2.35
2904,3987,2025-06-14,13605000.0,Sold,46,-2.94
2905,2876,2024-05-02,16362000.0,Withdrawn,94,-0.92
2906,6749,2024-11-06,12915000.0,Active,108,-1.1
2907,5593,2024-05-09,10456000.0,Active,113,-2.84
2908,1441,2024-02-08,7792000.0,Active,40,3.77
2909,4401,2024-06-17,14255000.0,Active,106,-4.31
2910,736,2024-05-13,5894000.0,Sold,12,-1.33
2911,3569,2025-12-14,18908000.0,Withdrawn,91,1.46
2912,6435,2025-12-04,14681000.0,Active,58,-0.4
2913,6060,2026-06-20,7577000.0,Sold,113,2.2
2914,6246,2024-08-16,10121000.0,Sold,68,3.06
2915,6106,2026-02-06,13939000.0,Sold,108,-3.78
2916,3339,2025-10-20,11098000.0,Sold,52,-1.35
2917,7011,2024-11-19,11326000.0,Sold,19,-4.32
2918,3016,2025-09-05,18631000.0,Active,11,-2.55
2919,7790,2024-09-20,14566000.0,Sold,100,-0.5
2920,7118,2025-12-15,14114000.0,Sold,18,-5.71
2921,2890,2025-01-03,12832000.0,Active,85,2.09
2922,962,2024-04-20,8126000.0,Active,67,0.93
2923,2990,2026-04-05,9784000.0,Sold,34,-5.88
2924,3849,2024-05-22,2658000.0,Withdrawn,43,-3.37
2925,1027,2026-01-26,11751000.0,Expired,70,-2.53
2926,6229,2026-01-11,10817000.0,Expired,41,-3.7
2927,3866,2024-09-09,13189000.0,Sold,70,-3.83
2928,6472,2026-05-24,8342000.0,Withdrawn,70,-4.14
2929,2864,2024-02-05,6115000.0,Active,5,-5.92
2930,5570,2023-11-11,12226000.0,Active,107,-6.11
2931,2502,2024-02-22,9411000.0,Withdrawn,68,-6.68
2932,1948,2024-08-16,9806000.0,Expired,71,-4.63
2933,6773,2026-02-01,18147000.0,Sold,43,-3.18
2934,7389,2025-04-14,13635000.0,Sold,129,1.99
2935,1178,2024-07-03,13283000.0,Active,51,0.26
2936,4761,2025-01-02,9201000.0,Expired,5,-2.62
2937,12,2025-05-30,14178000.0,Sold,70,-3.08
2938,5253,2025-07-21,14559000.0,Active,50,-3.97
2939,4400,2023-11-18,9433000.0,Active,85,-1.8
2940,3365,2025-02-08,23419000.0,Sold,118,-4.62
2941,3023,2024-08-09,3407000.0,Active,5,-0.9
2942,3372,2024-02-22,18227000.0,Active,86,-6.01
2943,5860,2024-02-08,12284000.0,Sold,25,-5.15
2944,2831,2025-01-27,19709000.0,Sold,51,-4.41
2945,43,2025-11-20,14469000.0,Sold,47,-2.72
2946,944,2026-05-10,4779000.0,Active,64,-5.86
2947,2391,2025-06-30,17590000.0,Sold,46,-0.19
2948,5446,2025-04-27,11309000.0,Active,75,-0.51
2949,7982,2025-11-30,9669000.0,Expired,58,-4.32
2950,2546,2026-08-11,5968000.0,Active,100,-5.14
2951,2412,2024-08-13,23758000.0,Withdrawn,123,1.51
2952,4987,2024-02-13,13973000.0,Sold,122,-4.16
2953,6571,2025-12-29,14666000.0,Expired,84,-1.1
2954,1005,2024-10-28,21371000.0,Sold,73,2.36
2955,21,2024-05-25,12283000.0,Sold,101,-0.11
2956,407,2026-04-03,4912000.0,Sold,16,-6.56
2957,6763,2026-06-26,12818000.0,Active,5,-3.91
2958,1015,2025-04-28,13587000.0,Sold,207,0.64
2959,4432,2023-10-16,10548000.0,Active,100,1.5
2960,1839,2023-10-25,13917000.0,Withdrawn,180,-2.59
2961,3189,2024-04-21,16416000.0,Active,97,-7.69
2962,5244,2025-03-08,10257000.0,Expired,89,-0.59
2963,6543,2024-06-10,10908000.0,Sold,112,-4.9
2964,6937,2024-12-11,23465000.0,Active,57,-2.58
2965,5924,2023-10-23,8216000.0,Active,20,6.11
2966,715,2024-06-02,15823000.0,Sold,42,1.19
2967,4147,2023-11-26,19209000.0,Sold,67,-4.47
2968,3855,2025-05-06,8744000.0,Active,59,-5.12
2969,4420,2023-11-18,12531000.0,Expired,201,-3.39
2970,4885,2024-01-08,15656000.0,Sold,31,2.95
2971,141,2024-01-24,15817000.0,Expired,117,-9.34
2972,4566,2025-04-29,10740000.0,Active,117,0.51
2973,4883,2024-08-04,6918000.0,Active,129,0.38
2974,5922,2026-04-20,5605000.0,Expired,31,-0.61
2975,5454,2024-04-18,17650000.0,Sold,118,-8.29
2976,6013,2025-09-19,16660000.0,Active,68,-5.03
2977,964,2024-08-27,9369000.0,Active,49,-1.92
2978,7152,2025-10-03,9375000.0,Sold,119,-3.56
2979,373,2024-03-28,14445000.0,Sold,125,-0.93
2980,3636,2026-06-16,13343000.0,Active,74,-4.93
2981,2542,2026-03-31,9155000.0,Sold,109,3.27
2982,3611,2024-10-04,11818000.0,Expired,109,-1.34
2983,1693,2024-05-17,13318000.0,Sold,29,0.01
2984,6895,2024-02-12,10270000.0,Withdrawn,7,-2.13
2985,5276,2024-06-26,15515000.0,Active,32,-5.66
2986,6435,2023-11-05,14681000.0,Sold,104,3.28
2987,5768,2024-01-10,12747000.0,Withdrawn,98,-1.07
2988,7312,2024-12-08,9199000.0,Sold,132,-5.37
2989,106,2024-02-19,12763000.0,Sold,48,-1.33
2990,5540,2024-06-12,7821000.0,Sold,123,-0.13
2991,6814,2025-03-02,17963000.0,Sold,149,-4.84
2992,1682,2024-01-21,12814000.0,Active,90,-5.21
2993,4098,2024-10-29,7730000.0,Expired,109,-0.75
2994,4017,2024-05-15,11265000.0,Active,67,-0.74
2995,2637,2024-06-03,11592000.0,Active,64,-3.67
2996,6788,2024-11-08,15680000.0,Sold,65,-2.37
2997,2138,2023-11-03,15407000.0,Active,5,2.48
2998,3417,2025-06-06,15729000.0,Sold,88,-1.4
2999,4446,2025-03-18,8224000.0,Active,69,-0.58
3000,3531,2024-03-13,10549000.0,Active,59,0.73
3001,1287,2024-01-24,11584000.0,Expired,91,0.9
3002,7519,2024-03-03,16034000.0,Sold,94,-1.79
3003,3180,2024-10-12,13818000.0,Active,26,-0.81
3004,7754,2024-09-05,17827000.0,Sold,63,-3.2
3005,5159,2025-06-11,16231000.0,Sold,41,-5.73
3006,7053,2026-02-15,11923000.0,Sold,56,-2.32
3007,6303,2025-08-11,19789000.0,Sold,5,2.91
3008,3655,2025-09-15,20582000.0,Active,48,-2.14
3009,7103,2023-10-04,16499000.0,Sold,41,-7.76
3010,2360,2023-12-10,16139000.0,Active,51,-1.72
3011,7409,2026-07-01,7479000.0,Sold,14,0.02
3012,445,2023-10-31,13591000.0,Sold,38,-0.45
3013,6442,2023-11-21,15644000.0,Expired,142,-5.02
3014,5048,2026-04-15,10936000.0,Withdrawn,35,-2.29
3015,36,2024-10-14,20212000.0,Expired,128,-2.93
3016,5204,2026-08-11,12910000.0,Sold,122,0.14
3017,1476,2024-03-28,10344000.0,Active,65,-1.33
3018,3958,2026-02-12,13336000.0,Sold,25,4.83
3019,1799,2026-01-16,12396000.0,Active,100,-1.69
3020,1846,2024-04-29,17688000.0,Sold,5,-2.9
3021,1409,2025-02-23,15222000.0,Sold,87,-3.43
3022,5292,2024-10-02,11672000.0,Active,42,0.12
3023,5496,2024-06-23,11270000.0,Sold,133,0.48
3024,1709,2025-03-21,16951000.0,Active,91,0.61
3025,5482,2024-07-15,14076000.0,Sold,81,1.01
3026,6703,2024-11-21,10623000.0,Withdrawn,69,-6.09
3027,2939,2026-01-17,12957000.0,Sold,106,-5.14
3028,6285,2024-12-03,37490000.0,Active,108,2.65
3029,7031,2025-08-17,14649000.0,Expired,10,-4.75
3030,7286,2025-08-30,12182000.0,Active,114,-0.43
3031,1301,2025-07-10,6153000.0,Active,17,-3.12
3032,6870,2026-05-22,19884000.0,Active,5,1.48
3033,1244,2023-11-23,16862000.0,Sold,90,3.47
3034,3977,2025-01-17,15520000.0,Active,99,-2.69
3035,3098,2025-04-17,5921000.0,Active,61,-2.78
3036,4617,2023-10-11,8173000.0,Sold,66,-1.39
3037,5903,2024-02-09,10825000.0,Active,28,-1.06
3038,10,2026-05-11,20187000.0,Sold,44,-1.35
3039,5080,2023-09-23,16404000.0,Active,113,-0.53
3040,2426,2024-05-09,9854000.0,Active,81,-5.47
3041,5753,2024-11-17,11905000.0,Active,43,-4.31
3042,1661,2025-10-22,6692000.0,Sold,9,-1.93
3043,6826,2025-10-20,10417000.0,Sold,5,-3.69
3044,2632,2024-11-14,10566000.0,Sold,52,-5.98
3045,6296,2026-06-14,19972000.0,Active,51,-1.65
3046,4816,2025-12-25,14598000.0,Sold,50,0.94
3047,1073,2024-12-30,10131000.0,Active,5,-5.26
3048,3226,2026-03-12,13569000.0,Expired,5,-2.37
3049,4955,2024-08-28,7977000.0,Active,40,0.22
3050,1317,2026-06-30,11215000.0,Expired,49,-0.1
3051,5700,2024-10-06,11184000.0,Active,37,-3.94
3052,4146,2024-09-14,13292000.0,Sold,36,0.51
3053,6808,2024-07-12,9390000.0,Sold,89,-5.66
3054,6675,2025-06-26,23244000.0,Expired,19,-0.55
3055,3684,2023-10-22,17081000.0,Active,132,3.26
3056,7228,2024-05-20,17260000.0,Expired,30,-0.36
3057,7335,2026-07-10,5889000.0,Sold,26,-1.41
3058,3274,2023-12-19,5740000.0,Sold,80,-4.14
3059,7001,2024-08-16,14457000.0,Withdrawn,72,-4.61
3060,146,2026-03-20,8957000.0,Active,93,-2.78
3061,5011,2024-05-20,13480000.0,Sold,60,0.25
3062,7844,2024-09-15,17304000.0,Active,34,-3.65
3063,3041,2025-11-07,19531000.0,Expired,57,2.91
3064,1463,2023-12-19,13373000.0,Sold,40,2.11
3065,6386,2026-05-04,15394000.0,Sold,67,-2.87
3066,4677,2024-01-20,9569000.0,Sold,133,4.48
3067,6831,2025-07-04,13887000.0,Sold,56,-0.3
3068,1585,2025-05-10,6566000.0,Active,41,-2.57
3069,483,2024-09-30,21726000.0,Active,104,0.48
3070,3180,2024-05-03,13818000.0,Sold,132,-1.01
3071,1250,2023-10-13,20321000.0,Sold,68,-6.25
3072,4769,2025-06-27,12118000.0,Withdrawn,22,-4.16
3073,631,2025-11-20,9089000.0,Sold,107,2.08
3074,6805,2024-03-17,10324000.0,Sold,5,2.28
3075,662,2024-05-19,15017000.0,Active,5,-5.6
3076,3504,2025-08-04,7847000.0,Sold,90,-0.61
3077,2853,2026-04-09,9155000.0,Active,5,-0.74
3078,7823,2024-04-01,18876000.0,Active,111,-3.48
3079,2467,2025-09-01,21749000.0,Expired,81,-3.3
3080,988,2026-08-01,11048000.0,Sold,103,1.22
3081,7623,2024-07-26,14755000.0,Sold,103,2.04
3082,7328,2025-08-06,16970000.0,Sold,98,-3.48
3083,1547,2024-07-30,13053000.0,Expired,54,-6.33
3084,650,2025-11-15,8357000.0,Active,48,-0.52
3085,969,2023-09-20,15748000.0,Sold,108,-1.6
3086,2638,2023-09-14,13356000.0,Sold,5,-4.27
3087,1101,2024-10-05,7559000.0,Active,5,-6.05
3088,6653,2023-09-08,11060000.0,Active,105,-4.72
3089,441,2024-01-18,14311000.0,Sold,133,0.33
3090,7422,2026-01-08,8765000.0,Active,26,-0.35
3091,5017,2023-09-04,13609000.0,Sold,70,-1.36
3092,770,2024-12-14,4582000.0,Active,76,-4.32
3093,1344,2025-10-14,6773000.0,Sold,172,-3.59
3094,5923,2024-08-04,13858000.0,Active,29,0.64
3095,4359,2026-08-18,15821000.0,Sold,51,3.02
3096,7765,2025-11-14,7205000.0,Expired,38,-3.8
3097,3730,2024-07-10,5403000.0,Sold,124,1.35
3098,3907,2026-01-29,12552000.0,Sold,54,-1.91
3099,1578,2025-01-24,13740000.0,Withdrawn,94,-4.61
3100,7542,2024-02-08,6138000.0,Active,56,-2.2
3101,6781,2026-06-07,14986000.0,Active,80,-1.27
3102,7335,2026-05-07,5889000.0,Sold,91,-1.91
3103,4009,2024-11-22,15319000.0,Sold,63,-5.63
3104,7921,2024-06-28,10198000.0,Active,5,1.27
3105,6603,2026-08-02,13245000.0,Active,116,-0.2
3106,5095,2025-11-02,8601000.0,Active,141,-0.71
3107,3352,2024-05-25,18850000.0,Active,82,-2.41
3108,4796,2024-01-15,9645000.0,Withdrawn,18,0.13
3109,2350,2025-09-22,17812000.0,Expired,147,0.25
3110,3603,2026-02-20,15242000.0,Active,124,-5.84
3111,5700,2025-05-15,11184000.0,Active,66,0.93
3112,1242,2024-05-19,11835000.0,Sold,120,1.59
3113,1126,2024-02-26,9372000.0,Withdrawn,73,-1.14
3114,2602,2024-06-23,11090000.0,Sold,25,-3.58
3115,6432,2024-12-10,14738000.0,Expired,48,-1.67
3116,1191,2024-08-12,14827000.0,Withdrawn,5,-4.58
3117,6765,2025-01-24,13149000.0,Active,80,-3.44
3118,5102,2024-02-21,19579000.0,Sold,57,0.51
3119,4132,2024-02-19,19794000.0,Sold,180,2.09
3120,4840,2023-09-25,13598000.0,Sold,43,-8.68
3121,5861,2024-04-26,7953000.0,Expired,5,-2.12
3122,4449,2026-01-10,5719000.0,Withdrawn,5,-0.46
3123,7844,2026-07-04,17304000.0,Expired,68,1.6
3124,6019,2025-02-25,7435000.0,Active,156,-6.46
3125,73,2024-04-02,19287000.0,Sold,147,-0.88
3126,6792,2025-01-07,11612000.0,Sold,12,-2.2
3127,5473,2023-12-20,16035000.0,Sold,135,1.95
3128,1915,2024-10-03,10571000.0,Active,87,-1.75
3129,5190,2024-03-05,17742000.0,Active,83,-1.74
3130,2473,2024-06-04,17253000.0,Sold,92,-4.24
3131,3047,2026-08-05,9270000.0,Withdrawn,95,4.07
3132,708,2025-04-24,10262000.0,Sold,80,-2.77
3133,1805,2026-04-25,15248000.0,Sold,107,1.22
3134,6705,2025-05-29,16299000.0,Sold,5,-4.08
3135,6972,2026-04-21,15363000.0,Active,89,0.36
3136,3714,2025-10-15,4656000.0,Sold,5,-2.14
3137,5052,2026-06-30,13571000.0,Active,62,-5.98
3138,2565,2024-07-13,14148000.0,Expired,80,-4.24
3139,2476,2025-06-11,29347500.0,Expired,130,3.58
3140,3611,2026-06-28,11818000.0,Sold,30,0.71
3141,4256,2024-10-13,9058000.0,Sold,72,-3.05
3142,6293,2025-10-22,18463000.0,Sold,74,2.26
3143,2824,2025-07-04,14728000.0,Expired,82,0.65
3144,7398,2023-11-01,9196000.0,Withdrawn,60,-0.17
3145,1736,2025-10-02,6833000.0,Active,5,-0.32
3146,1586,2025-05-21,14171000.0,Expired,133,3.55
3147,67,2024-07-28,7911000.0,Active,91,-2.27
3148,3062,2026-01-30,11686000.0,Expired,74,-7.59
3149,7980,2025-08-08,7900000.0,Expired,83,-7.52
3150,2429,2024-07-06,15778000.0,Sold,138,0.58
3151,4154,2024-07-12,12247000.0,Sold,58,1.36
3152,7427,2024-05-21,13982000.0,Expired,32,-4.83
3153,342,2024-08-06,19204000.0,Active,106,-2.6
3154,5250,2024-05-07,16291000.0,Sold,56,-0.75
3155,2775,2025-05-21,12017000.0,Active,198,-2.63
3156,5292,2023-09-22,11672000.0,Sold,52,-2.5
3157,2818,2023-11-07,11266000.0,Sold,82,2.01
3158,2662,2024-09-28,8973000.0,Active,95,-2.04
3159,1233,2024-07-17,14577000.0,Sold,65,-2.35
3160,3875,2024-02-07,13459000.0,Sold,54,4.64
3161,2402,2026-04-06,9032000.0,Sold,53,-3.2
3162,1495,2026-03-12,8170000.0,Withdrawn,43,-2.14
3163,5918,2025-03-18,5973000.0,Expired,138,-6.8
3164,4212,2025-02-13,15450000.0,Active,53,-3.84
3165,7432,2024-09-23,17883000.0,Expired,149,-7.82
3166,662,2024-05-26,15017000.0,Active,128,0.75
3167,3884,2026-04-22,12681000.0,Active,5,1.23
3168,5562,2025-12-30,12874000.0,Active,21,-6.61
3169,3620,2025-02-20,10636000.0,Expired,53,-1.06
3170,6597,2025-01-16,19445000.0,Active,91,2.05
3171,1869,2025-02-04,9348000.0,Active,38,-3.68
3172,7645,2025-09-11,16700000.0,Expired,83,-1.95
3173,2335,2025-12-04,10299000.0,Sold,78,-1.75
3174,3375,2024-01-03,13840000.0,Sold,79,0.42
3175,1017,2025-09-08,6343000.0,Sold,62,3.62
3176,4407,2024-10-04,12427000.0,Sold,106,-3.31
3177,208,2026-06-14,10122000.0,Sold,93,-3.72
3178,2666,2025-11-17,13702000.0,Withdrawn,21,6.61
3179,2494,2025-06-25,12179000.0,Active,99,-5.14
3180,6814,2025-11-22,17963000.0,Sold,45,-4.06
3181,633,2024-11-26,13178000.0,Active,64,-0.32
3182,2103,2024-01-24,13906000.0,Active,46,-7.76
3183,2960,2025-07-23,11286000.0,Sold,119,-2.85
3184,3084,2024-08-30,11760000.0,Expired,159,-4.48
3185,4753,2023-10-07,15395000.0,Withdrawn,5,-0.14
3186,5520,2024-01-07,18937000.0,Withdrawn,87,1.38
3187,1932,2025-02-21,8649000.0,Active,45,1.84
3188,3720,2023-09-19,14131000.0,Sold,90,-6.35
3189,7124,2026-01-10,13874000.0,Sold,90,0.46
3190,2563,2024-07-24,10511000.0,Expired,89,2.19
3191,1680,2023-11-12,14001000.0,Active,68,-2.93
3192,7710,2025-01-30,6543000.0,Sold,13,1.55
3193,237,2025-10-07,15145000.0,Sold,149,2.75
3194,7447,2026-02-13,8305000.0,Sold,101,2.39
3195,4444,2025-02-12,13561000.0,Active,74,-4.03
3196,6771,2024-06-10,7186000.0,Active,40,-5.64
3197,7272,2026-03-09,11622000.0,Sold,139,-3.78
3198,4726,2023-10-06,3471000.0,Expired,45,3.73
3199,1541,2024-05-18,12473000.0,Sold,133,2.27
3200,6100,2024-11-15,6972000.0,Expired,110,-4.38
3201,3944,2024-04-18,13795000.0,Sold,79,-3.66
3202,5368,2024-07-11,5192000.0,Withdrawn,119,3.87
3203,364,2025-11-15,6492000.0,Sold,118,-4.01
3204,2369,2025-05-24,15068000.0,Sold,107,0.27
3205,7801,2024-01-06,10260000.0,Sold,56,-3.64
3206,286,2025-09-09,19847000.0,Sold,101,-3.04
3207,149,2023-11-24,12913000.0,Active,66,-7.05
3208,5204,2026-04-16,12910000.0,Expired,118,3.57
3209,4038,2024-09-06,4584000.0,Active,47,-4.35
3210,6550,2024-08-08,9417000.0,Withdrawn,42,2.39
3211,7122,2024-03-01,18702000.0,Expired,7,-3.04
3212,4552,2024-09-01,25797000.0,Active,110,1.7
3213,1767,2025-07-29,7533000.0,Active,12,3.65
3214,4896,2025-10-14,17477000.0,Withdrawn,67,-4.55
3215,5281,2025-10-07,16741000.0,Sold,138,-0.54
3216,1013,2025-08-19,12326000.0,Active,5,4.85
3217,2832,2024-03-27,15896000.0,Expired,77,1.32
3218,2508,2024-01-04,6944000.0,Sold,39,-1.35
3219,7718,2025-04-26,5093000.0,Active,115,-1.72
3220,1524,2024-10-30,14430000.0,Active,71,1.22
3221,2786,2025-09-11,7407000.0,Expired,117,-1.54
3222,2557,2025-02-20,8426000.0,Expired,78,3.2
3223,3726,2026-05-24,7089000.0,Sold,41,-11.08
3224,7972,2026-07-06,9460000.0,Active,50,-2.04
3225,4577,2025-09-03,11686000.0,Sold,132,0.88
3226,5783,2024-11-25,10759000.0,Active,5,-6.05
3227,6258,2026-04-15,16182000.0,Sold,58,1.58
3228,6893,2025-03-13,6905000.0,Withdrawn,103,-2.87
3229,1602,2025-02-26,14415000.0,Sold,158,-3.0
3230,2409,2024-09-03,11539000.0,Sold,31,2.17
3231,341,2025-11-11,7599000.0,Active,5,0.53
3232,2818,2023-12-18,11266000.0,Active,56,4.89
3233,6107,2024-08-10,19095000.0,Active,15,-1.05
3234,6905,2026-02-21,15755000.0,Sold,107,-1.31
3235,7113,2025-08-31,7436000.0,Active,66,2.24
3236,2497,2023-11-16,19441000.0,Sold,74,-8.74
3237,5963,2024-11-23,12665000.0,Active,19,-2.07
3238,4931,2025-04-24,15786000.0,Active,21,-0.51
3239,5300,2025-05-19,4400000.0,Active,68,-0.09
3240,1726,2024-07-15,12245000.0,Active,33,-1.71
3241,7575,2023-10-06,13645000.0,Expired,128,-1.89
3242,1690,2024-05-08,17601000.0,Sold,123,3.09
3243,3268,2026-06-08,14951000.0,Active,61,-0.43
3244,7634,2024-05-07,14078000.0,Sold,56,3.01
3245,4407,2024-05-20,12427000.0,Active,109,-0.71
3246,262,2025-07-20,14874000.0,Sold,97,-3.92
3247,1443,2024-08-28,15365000.0,Active,110,-5.15
3248,406,2026-04-13,10162000.0,Active,143,-1.6
3249,2191,2024-07-28,10358000.0,Sold,91,-1.11
3250,4438,2025-09-20,13379000.0,Sold,62,0.41
3251,5436,2023-12-25,21214000.0,Sold,111,-6.17
3252,7269,2026-05-09,13770000.0,Withdrawn,38,3.16
3253,244,2024-04-16,7784000.0,Active,53,0.86
3254,4586,2025-05-24,7876000.0,Active,123,-0.55
3255,4108,2024-11-17,9549000.0,Active,51,-0.8
3256,7407,2024-03-12,4685000.0,Sold,27,-2.21
3257,561,2024-01-11,20872000.0,Expired,66,-0.81
3258,4138,2026-05-09,11133000.0,Withdrawn,50,-9.05
3259,2726,2026-06-05,6721000.0,Sold,61,-2.12
3260,594,2025-03-01,9138000.0,Sold,33,-2.94
3261,5549,2024-10-02,9367000.0,Withdrawn,97,-1.76
3262,1827,2025-06-15,8469000.0,Withdrawn,60,-1.95
3263,3230,2023-11-01,12523000.0,Withdrawn,66,-1.33
3264,3288,2024-01-08,15970000.0,Sold,26,-3.18
3265,4074,2026-06-24,19704000.0,Sold,104,-1.72
3266,5790,2025-07-22,11405000.0,Withdrawn,135,-5.86
3267,7630,2024-12-02,10453000.0,Active,15,2.38
3268,134,2025-05-02,6043000.0,Active,105,2.66
3269,3139,2026-03-03,16679000.0,Withdrawn,189,-0.36
3270,3920,2026-04-23,14408000.0,Sold,179,-3.09
3271,7175,2025-04-22,11115000.0,Sold,74,-8.15
3272,5044,2025-11-29,8905000.0,Sold,26,-4.69
3273,7694,2026-04-07,14413000.0,Withdrawn,78,1.71
3274,73,2025-05-16,19287000.0,Withdrawn,82,1.19
3275,4495,2025-04-17,16509000.0,Active,72,-3.84
3276,5525,2025-03-18,6773000.0,Expired,50,-0.07
3277,7843,2025-05-06,8983000.0,Sold,13,2.34
3278,6722,2026-02-11,22208000.0,Active,69,3.06
3279,7003,2025-07-07,10774000.0,Sold,183,0.2
3280,4226,2026-08-09,15460000.0,Expired,87,-4.18
3281,2979,2025-11-07,8351000.0,Expired,124,-0.07
3282,7634,2023-11-21,14078000.0,Sold,49,-1.61
3283,7374,2024-11-27,12671000.0,Active,169,6.11
3284,5908,2024-04-22,14455000.0,Expired,38,-1.54
3285,6098,2024-09-03,6753000.0,Withdrawn,62,-9.01
3286,7936,2025-02-12,10730000.0,Active,10,-2.68
3287,4362,2023-10-14,8918000.0,Active,108,0.22
3288,5657,2025-10-04,12622000.0,Sold,116,0.25
3289,1986,2024-10-18,7928000.0,Active,111,2.64
3290,793,2026-04-05,13050000.0,Expired,118,1.18
3291,6397,2026-08-08,9029000.0,Sold,108,-4.44
3292,6966,2024-03-04,12264000.0,Withdrawn,73,-2.32
3293,5409,2024-09-03,13318000.0,Withdrawn,45,-0.77
3294,4260,2025-04-28,11217000.0,Active,12,2.08
3295,95,2023-11-14,12170000.0,Sold,47,-3.67
3296,5902,2024-05-20,20053000.0,Withdrawn,58,2.94
3297,6977,2024-05-03,13313000.0,Active,49,-1.27
3298,1134,2026-06-16,11210000.0,Sold,71,3.23
3299,6480,2024-01-14,9281000.0,Sold,5,-6.55
3300,4918,2024-06-23,8436000.0,Expired,89,0.1
3301,238,2025-05-23,7999000.0,Withdrawn,67,3.26
3302,6525,2025-10-15,13077000.0,Active,82,5.69
3303,7604,2023-08-30,12414000.0,Active,112,-1.34
3304,2947,2025-02-04,19511000.0,Withdrawn,74,-0.66
3305,2531,2024-03-30,11565000.0,Expired,58,-4.38
3306,1961,2023-12-16,11541000.0,Active,55,1.82
3307,7046,2025-06-14,12871000.0,Expired,84,-2.53
3308,1049,2025-05-06,6703000.0,Expired,24,3.48
3309,5773,2025-02-20,13705000.0,Active,91,-9.13
3310,7285,2024-11-28,9331000.0,Sold,151,-7.72
3311,2530,2025-01-12,8979000.0,Sold,52,-0.09
3312,7560,2025-09-05,7608000.0,Active,126,-3.6
3313,2965,2023-09-07,16796000.0,Withdrawn,47,-5.55
3314,7138,2025-03-16,7945000.0,Sold,70,5.76
3315,964,2025-08-20,9369000.0,Expired,119,-2.08
3316,537,2024-04-23,9309000.0,Sold,28,-0.21
3317,7247,2024-10-18,12976000.0,Active,107,-6.5
3318,5700,2024-11-22,11184000.0,Active,45,-2.33
3319,7341,2024-01-31,11616000.0,Expired,153,-3.27
3320,6076,2024-03-18,14757000.0,Sold,41,-2.48
3321,7180,2024-11-14,14210000.0,Active,89,-3.37
3322,7968,2024-09-04,13891000.0,Active,94,2.42
3323,4224,2025-01-16,15978000.0,Sold,122,-3.01
3324,3680,2025-07-22,16831000.0,Expired,102,-4.89
3325,4188,2024-09-09,20924000.0,Active,98,4.67
3326,3725,2024-12-30,6856000.0,Expired,5,4.14
3327,543,2024-10-22,7376000.0,Sold,75,-3.89
3328,846,2025-10-29,21139000.0,Withdrawn,108,-0.0
3329,3604,2024-02-18,18283000.0,Active,138,1.14
3330,5778,2025-06-16,10915000.0,Active,37,-1.37
3331,3037,2024-07-24,14905000.0,Active,47,-2.21
3332,5948,2023-10-30,7604000.0,Sold,93,-4.79
3333,2495,2026-01-11,11074000.0,Sold,122,-8.72
3334,4486,2026-04-10,16892000.0,Expired,121,-1.19
3335,2720,2026-02-23,20922000.0,Active,90,-1.31
3336,1885,2025-10-06,12314000.0,Expired,112,-1.27
3337,4139,2024-04-13,11395000.0,Active,56,-1.11
3338,4350,2025-11-12,12917000.0,Sold,81,-3.07
3339,3202,2025-01-14,13498000.0,Sold,95,5.55
3340,5180,2023-09-09,9004000.0,Expired,77,-1.75
3341,2711,2025-11-21,13747000.0,Sold,5,1.18
3342,6611,2024-07-23,16326000.0,Expired,9,-0.38
3343,6431,2025-03-16,10268000.0,Expired,59,-0.18
3344,7155,2025-10-05,7491000.0,Sold,73,-5.6
3345,5637,2024-07-18,12468000.0,Sold,5,-3.14
3346,7635,2025-09-19,12485000.0,Active,81,1.95
3347,1954,2024-10-10,15257000.0,Expired,113,-0.81
3348,6922,2025-11-16,9442000.0,Withdrawn,78,-1.52
3349,6489,2024-08-10,16091000.0,Withdrawn,100,1.72
3350,4738,2025-09-07,13648000.0,Expired,52,-0.15
3351,6526,2024-04-27,6681000.0,Sold,62,-0.99
3352,3851,2024-08-28,19049000.0,Active,53,0.14
3353,690,2024-11-14,14191000.0,Sold,58,-0.63
3354,5373,2023-12-25,9586000.0,Sold,95,4.68
3355,1951,2025-03-06,15415000.0,Withdrawn,28,-1.52
3356,5176,2025-11-22,16236000.0,Withdrawn,7,-6.8
3357,5583,2023-09-03,17506000.0,Active,96,-2.08
3358,457,2024-05-12,17212000.0,Active,139,-2.9
3359,5079,2026-07-24,5805000.0,Sold,50,-1.98
3360,2131,2023-08-23,9446000.0,Active,96,5.29
3361,3977,2026-03-01,15520000.0,Withdrawn,82,-7.38
3362,5219,2026-03-16,9699000.0,Sold,63,-3.82
3363,4245,2025-08-26,8096000.0,Sold,130,-0.55
3364,5449,2025-10-16,13722000.0,Expired,50,0.9
3365,1180,2024-08-15,15071000.0,Expired,5,-0.12
3366,4286,2025-08-19,24327000.0,Expired,5,1.77
3367,3566,2024-11-14,9242000.0,Sold,26,0.04
3368,883,2024-01-19,18741000.0,Sold,43,-1.94
3369,6407,2023-11-01,14424000.0,Sold,63,-5.82
3370,7248,2024-08-20,8436000.0,Sold,120,-2.35
3371,400,2026-05-22,21642000.0,Sold,88,-2.78
3372,6908,2026-07-15,15116000.0,Sold,72,-7.19
3373,609,2026-04-04,6668000.0,Active,27,-1.19
3374,7428,2025-10-06,10919000.0,Withdrawn,73,0.1
3375,5892,2023-11-30,8468000.0,Sold,6,0.8
3376,1639,2026-06-04,10411000.0,Sold,56,0.1
3377,5672,2025-02-20,13460000.0,Active,56,-6.22
3378,6929,2023-11-14,5822000.0,Sold,99,-0.44
3379,2149,2025-01-31,8141000.0,Active,17,7.01
3380,1383,2025-06-10,14094000.0,Sold,91,-8.37
3381,1404,2026-01-23,31280000.0,Sold,14,0.37
3382,820,2024-04-05,11418000.0,Sold,26,-1.03
3383,3293,2024-10-21,10716000.0,Active,97,-1.36
3384,820,2024-10-14,11418000.0,Active,81,3.7
3385,420,2024-04-26,11943000.0,Withdrawn,120,0.66
3386,4220,2025-08-02,8576000.0,Expired,66,-0.8
3387,4518,2026-06-13,6502000.0,Active,173,2.2
3388,3303,2024-07-17,13748000.0,Expired,109,2.57
3389,7858,2024-02-28,10342000.0,Expired,81,1.41
3390,7231,2023-11-08,12785000.0,Sold,103,-5.78
3391,1509,2024-05-15,10633000.0,Sold,95,-2.23
3392,7796,2024-11-15,14378000.0,Active,129,4.56
3393,7871,2026-03-07,5192000.0,Withdrawn,107,-0.21
3394,5694,2025-05-18,11968000.0,Withdrawn,61,1.65
3395,768,2024-06-21,19450000.0,Sold,105,-1.37
3396,2045,2023-08-31,9539000.0,Sold,62,-5.72
3397,6627,2024-03-27,20461000.0,Sold,87,-2.67
3398,6663,2025-09-07,9500000.0,Active,76,4.01
3399,6299,2025-06-19,18093000.0,Expired,83,2.49
3400,2140,2025-10-13,14902000.0,Sold,77,-3.97
3401,3030,2025-08-20,9756000.0,Sold,33,-2.67
3402,1550,2025-06-08,9458000.0,Active,69,2.31
3403,6599,2026-08-06,11942000.0,Sold,19,-1.98
3404,1765,2023-09-22,12059000.0,Sold,109,0.37
3405,6141,2024-04-22,11937000.0,Sold,123,1.96
3406,2646,2024-09-18,18948000.0,Sold,185,3.31
3407,3717,2024-09-01,18120000.0,Sold,20,-2.39
3408,4606,2025-09-12,12888000.0,Active,83,-2.97
3409,5303,2025-08-19,12644000.0,Active,45,-1.86
3410,4482,2023-12-15,13155000.0,Active,26,0.6
3411,5694,2024-03-27,11968000.0,Active,97,-1.27
3412,7899,2025-10-06,11453000.0,Sold,73,-3.92
3413,6549,2025-11-07,14285000.0,Sold,123,-2.23
3414,2294,2024-01-05,8248000.0,Active,65,-1.34
3415,4838,2025-09-13,12670000.0,Active,171,-4.43
3416,7759,2026-06-29,13678000.0,Active,59,-7.39
3417,2709,2024-08-15,10878000.0,Sold,61,-3.63
3418,6794,2024-12-26,8571000.0,Sold,83,-2.73
3419,7639,2023-12-05,7904000.0,Sold,19,-7.11
3420,7994,2025-07-11,11571000.0,Active,5,4.54
3421,6008,2023-10-10,13102000.0,Withdrawn,87,-3.56
3422,5543,2026-01-19,11141000.0,Sold,64,1.14
3423,901,2025-12-25,12870000.0,Sold,49,-0.18
3424,6209,2024-05-19,12662000.0,Sold,62,-6.99
3425,3085,2024-09-27,13911000.0,Active,81,-0.83
3426,6357,2025-02-19,15640000.0,Active,112,-1.72
3427,2010,2025-04-19,7834000.0,Active,113,-3.03
3428,242,2024-12-31,14020000.0,Expired,103,-3.8
3429,6637,2023-11-01,14258000.0,Active,5,1.66
3430,7381,2025-09-26,10605000.0,Sold,115,1.35
3431,7861,2025-12-14,23693000.0,Active,88,1.74
3432,2386,2024-08-15,16446000.0,Sold,27,0.63
3433,6117,2024-06-26,10462000.0,Sold,39,1.35
3434,4269,2026-03-13,19492000.0,Active,134,-4.93
3435,672,2024-07-05,9779000.0,Sold,109,0.27
3436,164,2025-04-04,14819000.0,Withdrawn,35,-6.35
3437,465,2023-11-07,8098000.0,Active,32,0.05
3438,3043,2024-09-12,14667000.0,Active,43,-7.71
3439,4593,2026-01-12,10924000.0,Active,130,-2.22
3440,4796,2025-06-06,9645000.0,Sold,5,-7.93
3441,2443,2025-02-23,7353000.0,Sold,136,-3.8
3442,4799,2025-02-26,11779000.0,Sold,125,-5.06
3443,6037,2026-05-01,16539000.0,Sold,106,-4.41
3444,2356,2026-05-12,19318000.0,Sold,41,-0.99
3445,5888,2026-05-10,13841000.0,Sold,7,-0.44
3446,4279,2023-11-08,8742000.0,Expired,41,-3.93
3447,4725,2023-12-30,13083000.0,Withdrawn,58,-0.9
3448,7962,2025-05-24,7008000.0,Active,16,-3.38
3449,2558,2024-12-16,3429000.0,Active,70,0.03
3450,5828,2024-11-15,9072000.0,Sold,117,0.21
3451,546,2025-05-10,11170000.0,Active,76,-1.88
3452,5684,2024-05-15,14361000.0,Sold,43,-1.3
3453,4720,2025-10-23,17206000.0,Sold,40,0.05
3454,3836,2024-11-09,11835000.0,Sold,10,-2.4
3455,594,2024-09-08,9138000.0,Active,128,-0.94
3456,4840,2024-11-15,13598000.0,Expired,118,0.47
3457,7395,2024-09-02,20926000.0,Withdrawn,59,-5.87
3458,5865,2025-02-26,7563000.0,Sold,87,-7.07
3459,3805,2026-08-14,16304000.0,Active,7,-4.31
3460,1460,2026-07-05,11252000.0,Sold,17,-0.06
3461,6045,2025-09-28,15860000.0,Active,100,0.81
3462,3494,2026-01-18,21382000.0,Active,108,-0.28
3463,2602,2024-10-16,11090000.0,Sold,78,-4.09
3464,6165,2026-02-25,11868000.0,Expired,7,1.05
3465,6698,2025-08-07,7805000.0,Sold,104,-1.65
3466,2445,2025-08-08,14694000.0,Sold,58,0.43
3467,2673,2025-10-04,12572000.0,Expired,121,-6.4
3468,4201,2025-04-28,5953000.0,Active,131,0.27
3469,6336,2026-01-28,12855000.0,Active,5,-3.42
3470,17,2026-04-20,12597000.0,Expired,120,3.54
3471,3192,2026-07-03,13232000.0,Expired,91,3.68
3472,393,2025-04-27,9772000.0,Active,90,-0.41
3473,425,2025-04-26,11908000.0,Sold,46,-0.32
3474,6273,2024-06-03,15101000.0,Withdrawn,38,-2.1
3475,7298,2025-12-20,8944000.0,Active,49,2.57
3476,572,2024-03-14,10509000.0,Sold,47,-5.03
3477,3632,2026-03-11,11717000.0,Withdrawn,66,0.27
3478,6173,2026-01-28,13239000.0,Active,39,-3.55
3479,1121,2025-11-08,14043000.0,Active,79,-10.01
3480,7178,2024-08-04,11675000.0,Active,93,6.14
3481,242,2025-01-27,14020000.0,Active,39,-3.1
3482,3898,2026-01-22,7327000.0,Active,71,-4.63
3483,4096,2024-11-10,11528000.0,Active,67,1.82
3484,2280,2024-10-26,8337000.0,Sold,5,-4.68
3485,789,2025-10-19,16539000.0,Active,5,1.65
3486,7452,2024-05-06,14061000.0,Sold,132,-2.57
3487,715,2025-04-05,15823000.0,Sold,5,0.55
3488,4855,2026-03-02,5303000.0,Active,118,0.62
3489,2850,2024-08-30,3221000.0,Withdrawn,5,-2.26
3490,776,2024-08-26,12226000.0,Sold,129,-0.17
3491,4027,2025-12-18,11655000.0,Expired,35,0.51
3492,6870,2026-07-03,19884000.0,Expired,74,2.55
3493,2248,2026-05-19,13095000.0,Withdrawn,106,-2.89
3494,7089,2025-10-02,8055000.0,Sold,82,-0.07
3495,79,2025-05-19,14919000.0,Sold,29,-3.08
3496,7100,2023-11-27,7661000.0,Active,10,0.47
3497,3927,2024-09-25,8557000.0,Sold,68,-3.71
3498,856,2024-09-02,10425000.0,Active,77,-5.98
3499,7341,2024-10-31,11616000.0,Sold,82,3.38
3500,6611,2024-12-18,16326000.0,Expired,5,-5.63
3501,6725,2024-03-12,19853000.0,Active,92,2.37
3502,5536,2026-06-21,5836000.0,Sold,102,-0.77
3503,7084,2025-04-29,10020000.0,Active,86,-3.69
3504,6593,2025-08-02,11299000.0,Active,94,-4.31
3505,6231,2025-11-09,15286000.0,Sold,150,-3.64
3506,2149,2025-12-04,8141000.0,Active,128,-2.8
3507,1032,2026-07-06,18075000.0,Active,5,-7.86
3508,4941,2025-11-26,19974000.0,Expired,39,1.45
3509,3272,2025-11-26,12072000.0,Withdrawn,48,0.63
3510,3577,2024-10-13,16593000.0,Sold,58,0.96
3511,4183,2023-09-05,12472000.0,Sold,97,-6.12
3512,6187,2023-12-26,9909000.0,Active,72,-1.7
3513,3457,2025-12-22,14185000.0,Sold,56,-0.95
3514,7789,2023-11-23,5502000.0,Active,36,1.06
3515,3507,2025-07-18,10038000.0,Sold,59,3.95
3516,408,2023-09-22,7498000.0,Withdrawn,67,4.95
3517,7651,2024-10-12,9888000.0,Active,83,0.16
3518,2712,2025-04-26,6328000.0,Active,53,-3.47
3519,3089,2024-08-12,6000000.0,Sold,87,-4.0
3520,1669,2024-04-27,12346000.0,Active,63,-6.67
3521,148,2023-09-26,10608000.0,Active,8,-1.27
3522,6421,2025-03-24,12610000.0,Sold,112,-1.37
3523,4328,2025-03-28,17082000.0,Active,112,-6.21
3524,3898,2026-08-14,7327000.0,Expired,120,0.59
3525,1951,2024-12-12,15415000.0,Expired,108,-4.55
3526,366,2023-08-20,6185000.0,Expired,5,0.6
3527,7396,2024-01-20,10009000.0,Sold,24,-3.84
3528,1675,2026-05-05,6671000.0,Expired,113,-2.86
3529,4532,2026-05-05,12037000.0,Sold,184,-1.79
3530,4495,2026-05-31,16509000.0,Sold,48,-0.11
3531,5331,2025-10-08,6210000.0,Expired,86,-3.97
3532,5511,2025-04-14,17388000.0,Withdrawn,191,1.67
3533,2547,2025-04-12,12812000.0,Active,103,-1.51
3534,6684,2026-06-19,11490000.0,Sold,29,-4.4
3535,563,2024-02-09,7450000.0,Sold,136,2.6
3536,3563,2025-11-28,7114000.0,Sold,39,3.31
3537,2490,2025-05-14,13244000.0,Active,58,-0.91
3538,5381,2024-11-29,14005000.0,Sold,51,-2.28
3539,773,2026-03-11,19186000.0,Active,69,1.36
3540,6494,2024-12-01,16399000.0,Expired,5,-1.48
3541,2038,2024-04-16,12478000.0,Sold,90,2.59
3542,3424,2024-02-15,15368000.0,Sold,83,-3.41
3543,2568,2023-09-08,17259000.0,Withdrawn,23,1.91
3544,5440,2025-07-28,11799000.0,Active,45,-2.53
3545,6282,2024-04-21,10224000.0,Expired,67,-0.73
3546,1574,2025-12-15,3025000.0,Sold,101,-2.9
3547,3695,2025-02-21,13695000.0,Active,109,1.27
3548,5088,2026-08-05,13090000.0,Sold,79,0.11
3549,6512,2024-10-04,4131000.0,Withdrawn,96,0.73
3550,3292,2024-11-22,7577000.0,Sold,57,-2.64
3551,7505,2023-08-21,15294000.0,Sold,44,2.15
3552,1247,2025-07-22,7848000.0,Active,30,-0.77
3553,3720,2025-05-15,14131000.0,Sold,66,-4.27
3554,3840,2025-09-21,7983000.0,Withdrawn,133,-3.11
3555,360,2024-09-03,16978000.0,Sold,79,-2.76
3556,5017,2025-08-11,13609000.0,Withdrawn,5,0.04
3557,2377,2024-08-11,15759000.0,Active,27,-3.59
3558,3010,2026-01-18,12818000.0,Sold,110,-2.65
3559,6607,2026-02-24,9840000.0,Sold,140,4.36
3560,2994,2026-03-04,10876000.0,Sold,164,-4.22
3561,963,2025-05-26,7753000.0,Sold,135,-2.01
3562,3633,2025-02-06,10253000.0,Sold,97,-5.17
3563,1828,2023-09-26,15264000.0,Active,57,-3.28
3564,7550,2024-05-31,17741000.0,Sold,65,1.21
3565,6980,2026-02-02,9143000.0,Sold,60,0.33
3566,1614,2024-03-27,11502000.0,Expired,36,-0.13
3567,1641,2024-05-13,8947000.0,Active,15,-0.94
3568,2217,2024-10-23,14571000.0,Withdrawn,32,-2.91
3569,4313,2025-10-23,11532000.0,Active,137,-4.8
3570,378,2023-08-26,15745000.0,Expired,153,0.17
3571,4215,2026-06-22,6599000.0,Active,26,1.97
3572,4286,2026-08-14,24327000.0,Active,5,-6.96
3573,6911,2024-06-11,21932000.0,Active,60,-3.82
3574,370,2024-11-28,8595000.0,Expired,133,-2.97
3575,5898,2025-04-13,9317000.0,Expired,161,-6.69
3576,2197,2025-03-25,9359000.0,Sold,112,3.16
3577,3748,2025-11-14,17202000.0,Active,25,-2.38
3578,652,2024-05-10,12486000.0,Expired,112,1.65
3579,5979,2025-08-13,21101000.0,Withdrawn,108,-1.2
3580,5608,2025-11-24,12039000.0,Sold,41,0.81
3581,770,2025-03-09,4582000.0,Active,63,-0.21
3582,2422,2025-02-20,10905000.0,Sold,133,-2.0
3583,781,2025-03-27,9065000.0,Sold,11,-1.68
3584,1717,2023-10-22,11811000.0,Active,69,-3.09
3585,6304,2024-02-12,10311000.0,Active,76,-1.4
3586,6495,2024-04-08,10401000.0,Active,87,-8.57
3587,3984,2023-12-01,5703000.0,Active,107,2.57
3588,1312,2026-07-15,11404000.0,Active,61,-1.85
3589,3360,2026-01-13,11778000.0,Expired,132,-3.25
3590,7036,2024-11-24,24360000.0,Active,115,-1.09
3591,5346,2026-04-12,6782000.0,Sold,105,1.16
3592,523,2024-01-07,14023000.0,Sold,10,-2.69
3593,522,2024-06-13,16391000.0,Active,59,0.09
3594,4879,2025-02-12,15550000.0,Active,137,-0.05
3595,2321,2025-02-27,14493000.0,Sold,91,-2.08
3596,936,2023-10-12,17951000.0,Active,27,1.51
3597,7570,2023-09-24,21187000.0,Withdrawn,126,-2.03
3598,2231,2024-08-13,6505000.0,Active,71,-1.29
3599,4041,2023-10-15,11449000.0,Active,95,-2.48
3600,5785,2023-09-04,8636000.0,Sold,96,0.12
3601,4584,2023-11-27,17765000.0,Sold,183,-5.57
3602,5947,2024-07-07,16237000.0,Sold,7,-0.86
3603,4942,2023-12-31,6742000.0,Expired,104,-3.01
3604,6268,2024-07-30,9098000.0,Withdrawn,91,0.38
3605,7129,2025-12-30,17956000.0,Withdrawn,96,-1.44
3606,3698,2025-12-09,3561000.0,Sold,16,-0.22
3607,2838,2023-09-03,11342000.0,Active,64,-4.39
3608,4084,2023-09-17,15859000.0,Active,61,0.64
3609,2462,2026-05-20,18423000.0,Sold,9,-0.52
3610,6100,2025-08-24,6972000.0,Expired,11,-2.56
3611,5845,2026-07-13,16112000.0,Sold,70,-1.43
3612,3244,2026-05-30,7996000.0,Sold,130,-3.84
3613,3360,2024-12-26,11778000.0,Active,79,-2.53
3614,7603,2025-03-10,14990000.0,Active,75,-4.78
3615,686,2026-06-13,19160000.0,Expired,35,1.83
3616,2161,2024-05-28,19288000.0,Active,132,3.34
3617,7032,2024-12-15,6962000.0,Active,75,1.55
3618,3989,2025-11-28,19829000.0,Sold,67,-2.65
3619,4067,2024-04-30,16786000.0,Sold,34,-1.41
3620,6266,2024-07-23,12857000.0,Expired,123,-1.28
3621,1568,2025-02-13,13110000.0,Active,109,-4.35
3622,5342,2024-05-13,10418000.0,Sold,120,-4.9
3623,7799,2024-11-02,16905000.0,Sold,44,-1.54
3624,39,2025-05-08,17449000.0,Active,130,0.06
3625,2545,2026-02-04,43717500.0,Active,36,-2.68
3626,4876,2025-07-17,8421000.0,Active,93,-8.95
3627,1257,2023-09-24,11181000.0,Sold,53,-2.9
3628,2991,2025-06-12,11868000.0,Sold,90,1.04
3629,7698,2023-12-12,8506000.0,Active,31,-3.49
3630,2197,2023-12-15,9359000.0,Sold,51,-7.25
3631,3469,2025-03-24,9007000.0,Sold,103,0.75
3632,7166,2026-06-22,14918000.0,Active,14,-2.16
3633,2709,2024-10-07,10878000.0,Sold,5,-0.3
3634,7806,2023-11-02,14278000.0,Sold,40,-3.92
3635,6024,2024-04-16,8192000.0,Withdrawn,110,1.13
3636,302,2023-12-17,10526000.0,Sold,107,-0.95
3637,7528,2026-07-06,12047000.0,Sold,82,-1.74
3638,6382,2024-09-06,14612000.0,Expired,90,-1.11
3639,647,2024-01-04,15058000.0,Active,82,0.58
3640,4759,2025-08-12,14885000.0,Sold,39,-1.02
3641,6380,2025-07-18,13487000.0,Active,124,0.8
3642,1760,2025-08-06,15689000.0,Expired,103,-5.29
3643,6347,2025-10-05,13390000.0,Sold,83,-4.88
3644,4352,2024-09-15,5150000.0,Sold,44,3.56
3645,598,2023-11-02,10342000.0,Expired,59,-1.74
3646,662,2023-11-22,15017000.0,Active,5,1.35
3647,4331,2026-05-05,9964000.0,Active,134,-2.69
3648,1369,2025-08-08,7951000.0,Sold,112,-3.55
3649,2582,2024-03-22,12896000.0,Sold,60,-1.67
3650,7004,2024-09-10,9961000.0,Sold,127,-0.52
3651,3869,2024-07-14,14896000.0,Active,5,0.77
3652,7949,2025-11-16,19577000.0,Sold,114,-3.62
3653,3538,2025-05-14,14139000.0,Active,49,-0.59
3654,4866,2024-02-17,8209000.0,Expired,52,-1.2
3655,6685,2025-05-13,8713000.0,Withdrawn,34,2.83
3656,4309,2023-10-28,9929000.0,Expired,47,-0.74
3657,4559,2024-03-05,5983000.0,Active,5,0.33
3658,6580,2025-04-29,9114000.0,Expired,118,-2.25
3659,283,2025-07-01,10836000.0,Active,61,-0.11
3660,7730,2025-11-06,19019000.0,Sold,54,-0.91
3661,3679,2025-05-27,11298000.0,Active,66,1.6
3662,1487,2025-10-26,9638000.0,Active,57,-0.94
3663,4083,2024-04-26,10081000.0,Active,28,3.83
3664,5527,2025-12-12,14681000.0,Sold,75,-0.15
3665,4184,2024-05-16,8651000.0,Expired,86,-0.19
3666,5164,2025-04-05,18858000.0,Active,123,1.27
3667,461,2024-12-22,13406000.0,Sold,22,-0.73
3668,2326,2024-11-20,15465000.0,Expired,55,3.49
3669,3755,2025-01-14,13910000.0,Sold,63,0.22
3670,2469,2026-03-11,4712000.0,Expired,118,-1.63
3671,1725,2023-09-28,11686000.0,Sold,83,-2.42
3672,1377,2025-07-13,10048000.0,Expired,5,-3.44
3673,2744,2026-02-16,8168000.0,Sold,26,-2.85
3674,515,2026-02-27,12055000.0,Active,184,-2.8
3675,703,2025-03-15,10247000.0,Expired,88,-1.36
3676,1654,2026-06-12,7669000.0,Expired,8,0.49
3677,2067,2026-04-28,11178000.0,Active,173,-1.46
3678,23,2026-02-22,10346000.0,Active,74,-4.76
3679,2461,2026-04-26,8603000.0,Sold,102,-2.7
3680,5150,2025-12-23,21724000.0,Active,66,0.86
3681,5927,2026-02-16,15333000.0,Active,115,0.56
3682,6252,2023-09-07,8633000.0,Active,5,4.04
3683,7535,2024-04-08,10070000.0,Expired,117,0.63
3684,1305,2025-06-20,6578000.0,Active,51,-4.8
3685,7296,2026-07-22,10524000.0,Expired,146,3.42
3686,3301,2025-04-13,15815000.0,Sold,79,-1.97
3687,5231,2025-03-26,12470000.0,Sold,56,-4.65
3688,6280,2024-06-29,13508000.0,Sold,107,-3.02
3689,362,2025-08-22,3907000.0,Sold,187,-4.19
3690,7354,2025-08-04,6594000.0,Active,72,-2.51
3691,3728,2023-09-12,13786000.0,Withdrawn,62,-4.91
3692,7752,2023-12-07,12538000.0,Active,88,-0.95
3693,6273,2024-03-22,15101000.0,Withdrawn,46,-4.69
3694,5996,2024-05-07,17578000.0,Sold,12,-1.21
3695,1285,2025-09-14,15323000.0,Expired,5,-5.5
3696,515,2025-05-04,12055000.0,Active,5,2.31
3697,449,2024-03-31,17557000.0,Active,98,-1.58
3698,6020,2025-07-03,18769000.0,Active,103,-1.12
3699,7272,2025-09-07,11622000.0,Sold,96,-0.98
3700,5603,2024-12-22,15286000.0,Sold,41,-2.63
3701,5344,2023-08-29,9204000.0,Sold,49,0.58
3702,1856,2024-10-14,11514000.0,Expired,65,-0.11
3703,4970,2024-10-11,22490000.0,Sold,5,-2.99
3704,3563,2025-02-28,7114000.0,Active,110,-4.44
3705,2521,2026-04-07,14334000.0,Sold,106,-4.49
3706,3082,2025-01-18,16639000.0,Expired,81,-3.1
3707,1429,2024-09-04,13745000.0,Sold,90,-1.1
3708,3968,2024-07-23,12598000.0,Active,111,-2.29
3709,6446,2023-11-15,12744000.0,Sold,77,1.14
3710,6375,2024-08-10,27537000.0,Active,66,-0.43
3711,5851,2024-04-19,16763000.0,Active,35,-1.63
3712,923,2026-02-09,17599000.0,Active,100,-5.97
3713,3138,2023-12-13,19883000.0,Expired,58,2.17
3714,7081,2026-01-26,8359000.0,Sold,141,-0.38
3715,2160,2025-02-28,7979000.0,Sold,13,2.91
3716,5133,2023-10-20,11992000.0,Withdrawn,61,0.07
3717,5513,2024-12-11,15129000.0,Sold,70,-4.32
3718,2548,2024-12-24,7292000.0,Sold,117,-2.16
3719,2980,2026-02-28,12383000.0,Sold,75,-1.71
3720,6742,2025-02-10,15921000.0,Sold,101,-2.24
3721,2282,2025-05-30,12076000.0,Active,12,-4.39
3722,2650,2026-08-06,13950000.0,Active,58,-1.22
3723,314,2025-12-24,13204000.0,Sold,59,0.48
3724,2614,2026-01-26,21063000.0,Active,8,3.64
3725,3084,2025-04-23,11760000.0,Active,84,-2.27
3726,2257,2025-06-15,7841000.0,Active,156,-1.84
3727,6094,2025-12-03,17207000.0,Expired,120,-0.48
3728,1038,2026-04-04,9222000.0,Expired,50,-1.3
3729,5753,2023-10-23,11905000.0,Sold,146,-6.2
3730,3490,2024-02-07,12108000.0,Sold,59,0.6
3731,7605,2026-07-18,12028000.0,Sold,81,-2.37
3732,7545,2026-08-10,15289000.0,Active,110,-6.78
3733,7188,2024-08-04,15721000.0,Active,5,-0.52
3734,2635,2024-12-11,10598000.0,Sold,111,0.13
3735,3984,2023-09-25,5703000.0,Active,44,0.43
3736,1779,2025-02-21,6334000.0,Active,125,1.28
3737,7903,2025-11-21,7857000.0,Sold,67,0.03
3738,5111,2024-03-10,6370000.0,Active,38,1.64
3739,5190,2025-09-02,17742000.0,Expired,53,-1.18
3740,3896,2023-09-03,9808000.0,Sold,80,-4.19
3741,7379,2024-11-19,8104000.0,Withdrawn,106,-3.96
3742,1125,2024-10-07,17249000.0,Active,52,-2.57
3743,698,2025-02-05,29277500.0,Withdrawn,113,-3.92
3744,2180,2025-01-29,17353000.0,Active,55,-2.24
3745,7791,2025-06-01,16699000.0,Sold,111,-3.03
3746,1405,2025-07-25,13689000.0,Active,64,-0.01
3747,5252,2024-06-06,7330000.0,Expired,66,3.87
3748,1044,2025-06-04,15740000.0,Expired,150,-2.35
3749,1930,2025-08-14,14114000.0,Active,26,-5.64
3750,6680,2024-02-27,10648000.0,Withdrawn,123,-4.55
3751,1014,2024-08-08,6717000.0,Expired,57,-0.38
3752,227,2025-11-19,11059000.0,Expired,23,-0.56
3753,7322,2025-01-11,14788000.0,Sold,97,-5.43
3754,1829,2024-03-14,16227000.0,Sold,143,-4.79
3755,7910,2024-11-05,14321000.0,Sold,5,-2.57
3756,5589,2025-05-12,9189000.0,Sold,134,-1.79
3757,4918,2024-11-15,8436000.0,Sold,118,-5.09
3758,2024,2026-06-24,8754000.0,Sold,69,-0.76
3759,4967,2025-09-23,16527000.0,Sold,50,3.89
3760,2453,2023-12-01,14304000.0,Sold,48,-4.83
3761,6346,2025-11-13,21049000.0,Sold,11,-2.75
3762,2086,2024-07-31,9810000.0,Expired,125,-2.23
3763,7086,2024-12-28,12063000.0,Active,144,-4.37
3764,5892,2025-12-06,8468000.0,Expired,96,-3.76
3765,4284,2024-09-12,18462000.0,Sold,33,-0.19
3766,1081,2025-10-16,9768000.0,Sold,87,-3.21
3767,5037,2026-07-20,12619000.0,Active,138,-2.15
3768,7188,2024-07-10,15721000.0,Active,31,-5.9
3769,2321,2026-01-24,14493000.0,Sold,78,-5.21
3770,3191,2026-02-07,12721000.0,Active,5,-3.17
3771,2631,2025-03-24,10186000.0,Expired,72,-0.6
3772,2564,2026-08-01,13556000.0,Sold,27,-6.11
3773,3293,2024-08-08,10716000.0,Sold,30,-4.36
3774,4622,2025-10-17,15907000.0,Sold,33,-0.95
3775,3587,2025-08-06,8013000.0,Active,107,-4.37
3776,7896,2026-06-24,8740000.0,Active,110,-5.62
3777,7909,2025-05-09,9988000.0,Active,39,-3.24
3778,4432,2023-10-12,10548000.0,Expired,46,-2.45
3779,6842,2023-12-21,12472000.0,Expired,85,-1.69
3780,5175,2025-03-12,13031000.0,Expired,31,-7.74
3781,6644,2026-06-24,8608000.0,Sold,5,1.61
3782,2948,2025-12-02,9051000.0,Withdrawn,93,3.36
3783,3960,2023-12-10,15882000.0,Withdrawn,111,-3.32
3784,2814,2023-12-20,10292000.0,Sold,108,-4.88
3785,2584,2025-11-03,4253000.0,Expired,86,0.81
3786,162,2025-01-23,10975000.0,Sold,21,-1.76
3787,7838,2024-05-19,6569000.0,Withdrawn,43,1.17
3788,594,2024-04-30,9138000.0,Sold,76,-0.67
3789,6035,2026-03-24,17156000.0,Sold,5,-0.53
3790,6303,2023-11-09,19789000.0,Active,64,4.18
3791,3260,2025-01-05,13332000.0,Active,30,-4.81
3792,4156,2024-06-29,8399000.0,Active,12,-2.58
3793,2963,2024-11-22,7722000.0,Expired,121,1.93
3794,3889,2026-08-12,7463000.0,Sold,29,1.06
3795,3391,2025-07-31,17105000.0,Withdrawn,30,1.66
3796,5998,2023-10-25,12222000.0,Expired,61,-7.82
3797,6355,2024-11-15,12947000.0,Sold,104,-1.09
3798,4502,2026-03-25,12782000.0,Expired,160,-1.46
3799,664,2026-08-08,9839000.0,Active,65,-5.47
3800,1133,2023-08-30,11176000.0,Active,82,-5.34
3801,5196,2025-06-16,18231000.0,Sold,59,-3.21
3802,542,2024-03-28,13186000.0,Active,104,-0.81
3803,5434,2025-11-02,15000000.0,Sold,89,-1.8
3804,5094,2026-08-11,7560000.0,Expired,43,-5.93
3805,5237,2026-03-18,13523000.0,Expired,106,-1.04
3806,2975,2024-04-20,17384000.0,Expired,111,5.31
3807,868,2024-12-07,20566000.0,Expired,18,0.08
3808,7872,2025-09-27,12950000.0,Expired,8,-3.02
3809,2067,2024-03-01,11178000.0,Expired,60,-3.47
3810,432,2025-02-01,10272000.0,Active,64,-3.75
3811,7853,2025-02-28,7243000.0,Withdrawn,95,-6.15
3812,4836,2024-12-01,14721000.0,Expired,98,0.02
3813,5470,2024-05-18,16840000.0,Sold,128,1.21
3814,4279,2025-07-05,8742000.0,Sold,50,0.74
3815,6257,2025-11-15,14366000.0,Active,50,-5.84
3816,1207,2026-05-02,9513000.0,Withdrawn,130,-3.42
3817,2529,2024-10-05,14811000.0,Active,56,-0.04
3818,1170,2025-09-12,14315000.0,Expired,64,-5.7
3819,831,2026-03-13,14882000.0,Active,145,2.5
3820,1652,2025-12-19,15418000.0,Active,116,1.37
3821,1137,2025-05-14,14203000.0,Sold,26,-2.89
3822,2811,2024-05-13,6829000.0,Sold,10,-0.85
3823,476,2025-07-03,9613000.0,Active,66,-1.86
3824,2811,2026-04-16,6829000.0,Expired,81,1.83
3825,1327,2024-01-18,17662000.0,Sold,131,-6.4
3826,5067,2025-12-10,8250000.0,Expired,75,-3.97
3827,7993,2024-12-27,14678000.0,Sold,81,3.56
3828,1020,2024-08-25,5384000.0,Sold,46,0.5
3829,5238,2024-08-01,11164000.0,Active,95,6.32
3830,1837,2026-04-11,8501000.0,Withdrawn,95,0.81
3831,4257,2024-08-23,11819000.0,Sold,116,1.51
3832,2449,2025-01-16,13773000.0,Withdrawn,50,-0.87
3833,4294,2025-03-23,16623000.0,Sold,55,-4.42
3834,1284,2026-06-29,6803000.0,Sold,5,0.92
3835,660,2024-01-13,8706000.0,Expired,97,-3.53
3836,5872,2024-03-17,6154000.0,Withdrawn,86,0.51
3837,5167,2025-04-07,13894000.0,Active,134,-2.37
3838,2011,2026-02-07,7771000.0,Active,113,-0.72
3839,399,2024-03-28,12693000.0,Active,39,0.2
3840,1734,2024-02-18,10203000.0,Active,91,-1.9
3841,5679,2024-06-10,7865000.0,Sold,133,-0.31
3842,2126,2025-08-31,11671000.0,Active,96,0.9
3843,2172,2026-04-03,8060000.0,Expired,63,-3.96
3844,75,2024-01-26,16081000.0,Active,142,-4.19
3845,6281,2023-11-25,10451000.0,Sold,131,-1.11
3846,4698,2023-12-18,16881000.0,Sold,67,-1.16
3847,3472,2025-03-17,11715000.0,Expired,159,-0.48
3848,837,2025-08-25,11536000.0,Expired,83,2.9
3849,5625,2025-12-14,10577000.0,Active,127,-1.93
3850,500,2025-10-11,10155000.0,Active,102,-3.4
3851,5693,2025-09-12,10493000.0,Sold,117,1.66
3852,138,2026-05-12,19369000.0,Sold,48,-1.61
3853,2098,2024-10-07,21516000.0,Active,55,1.36
3854,5891,2026-06-10,18837000.0,Withdrawn,111,-1.08
3855,5069,2026-07-05,16104000.0,Sold,28,-1.25
3856,5739,2024-05-21,8163000.0,Active,47,-3.37
3857,3697,2024-11-20,21808000.0,Active,74,2.57
3858,1886,2026-01-18,15203000.0,Sold,110,0.7
3859,6398,2026-06-29,12307000.0,Expired,91,-3.95
3860,7798,2026-08-17,8919000.0,Active,84,4.42
3861,6125,2025-07-13,4708000.0,Sold,27,1.06
3862,2758,2023-09-15,9385000.0,Sold,57,-0.57
3863,3921,2025-09-08,9466000.0,Active,15,-4.6
3864,1901,2024-08-31,7347000.0,Sold,64,-6.01
3865,2611,2026-08-12,10904000.0,Expired,74,0.57
3866,6901,2025-01-15,6515000.0,Active,69,-3.52
3867,3987,2025-11-27,13605000.0,Active,121,-3.24
3868,1450,2025-11-21,17064000.0,Sold,35,2.21
3869,547,2025-09-19,13446000.0,Active,117,2.08
3870,7470,2024-11-14,14596000.0,Active,111,-3.44
3871,5018,2023-12-03,10424000.0,Expired,170,-2.38
3872,4677,2026-08-10,9569000.0,Sold,84,-4.87
3873,5469,2024-03-14,16717000.0,Expired,91,3.22
3874,8000,2024-01-01,13163000.0,Sold,53,-0.69
3875,6053,2025-06-19,11985000.0,Sold,58,-0.96
3876,2004,2024-03-03,5373000.0,Sold,115,-2.46
3877,2097,2025-05-07,8923000.0,Active,101,-1.62
3878,7061,2024-06-22,4595000.0,Expired,126,0.34
3879,7242,2025-12-12,12951000.0,Active,8,-2.95
3880,704,2025-10-09,6571000.0,Withdrawn,105,3.03
3881,6405,2024-02-28,16504000.0,Active,53,1.96
3882,2404,2026-07-09,16726000.0,Active,24,0.11
3883,7750,2024-04-20,17014000.0,Sold,5,1.77
3884,1626,2025-03-01,13192000.0,Active,48,-5.81
3885,3332,2025-09-22,7317000.0,Sold,44,-1.32
3886,4734,2026-03-27,10118000.0,Sold,126,-8.61
3887,6887,2025-12-04,28152000.0,Sold,113,-0.19
3888,7463,2026-03-14,8568000.0,Sold,106,0.36
3889,5106,2024-03-10,7876000.0,Sold,76,0.73
3890,2979,2024-05-09,8351000.0,Sold,5,0.36
3891,4737,2025-05-16,12156000.0,Expired,25,-5.72
3892,2840,2026-03-27,16052000.0,Withdrawn,47,1.68
3893,3385,2023-12-01,12249000.0,Sold,133,-0.88
3894,2660,2025-02-19,8677000.0,Active,35,-3.86
3895,1862,2024-06-15,11217000.0,Sold,5,0.23
3896,2857,2024-09-26,11679000.0,Expired,183,-3.17
3897,5302,2023-10-29,12360000.0,Active,154,-0.78
3898,686,2025-04-01,19160000.0,Active,74,0.76
3899,5948,2024-02-15,7604000.0,Sold,97,3.29
3900,7532,2025-04-01,13022000.0,Sold,80,-6.85
3901,4284,2025-03-22,18462000.0,Sold,80,-2.6
3902,7737,2026-05-27,9767000.0,Sold,38,-2.64
3903,7711,2024-05-07,14877000.0,Sold,214,-1.12
3904,1620,2024-06-01,16156000.0,Active,31,3.22
3905,5784,2023-08-23,12877000.0,Active,92,0.33
3906,5081,2026-04-22,6938000.0,Expired,83,-0.37
3907,4644,2024-09-03,14916000.0,Withdrawn,45,-0.29
3908,6869,2024-04-22,13951000.0,Sold,45,-2.18
3909,7070,2024-03-29,7014000.0,Withdrawn,99,-2.42
3910,1432,2026-05-18,5726000.0,Active,48,0.83
3911,876,2025-02-23,11516000.0,Sold,101,0.34
3912,4714,2024-12-04,8951000.0,Sold,5,0.15
3913,2462,2024-03-16,18423000.0,Withdrawn,56,-0.99
3914,1366,2025-08-20,15119000.0,Active,72,0.35
3915,1244,2026-03-31,16862000.0,Sold,109,-5.53
3916,4999,2023-08-29,18276000.0,Active,140,0.07
3917,163,2026-08-02,17186000.0,Active,50,-5.98
3918,1975,2025-05-16,10255000.0,Active,49,-0.32
3919,3292,2025-11-24,7577000.0,Active,42,2.72
3920,270,2026-06-27,7048000.0,Active,31,0.05
3921,632,2024-09-17,10891000.0,Sold,13,-2.65
3922,906,2023-12-07,12018000.0,Withdrawn,128,-0.84
3923,3472,2026-02-12,11715000.0,Active,92,1.72
3924,3254,2025-02-22,12689000.0,Sold,69,3.54
3925,2015,2025-10-10,7186000.0,Active,49,-4.34
3926,1642,2025-08-06,10752000.0,Sold,61,-1.59
3927,7897,2023-11-29,6959000.0,Active,105,-3.93
3928,205,2024-01-28,6009000.0,Expired,69,-2.44
3929,582,2025-11-07,12039000.0,Sold,50,-5.09
3930,5676,2024-09-24,8993000.0,Expired,5,-5.82
3931,841,2025-03-16,14088000.0,Active,91,-3.37
3932,5933,2024-02-25,9892000.0,Sold,123,-5.73
3933,5348,2025-04-02,13878000.0,Active,69,-1.79
3934,1720,2026-05-10,14941000.0,Withdrawn,145,-2.96
3935,5739,2024-07-28,8163000.0,Withdrawn,9,0.68
3936,2644,2024-07-05,15780000.0,Active,67,-0.39
3937,2298,2025-07-05,10947000.0,Sold,71,1.56
3938,875,2024-07-11,11804000.0,Active,77,4.53
3939,5561,2024-10-16,11886000.0,Expired,106,-0.42
3940,7701,2025-09-09,8271000.0,Sold,117,-2.11
3941,6340,2025-03-16,10230000.0,Sold,49,-8.4
3942,690,2026-04-03,14191000.0,Active,5,0.22
3943,4001,2025-03-31,16931000.0,Sold,73,-6.54
3944,6107,2024-04-07,19095000.0,Active,86,2.56
3945,7687,2025-05-12,13519000.0,Withdrawn,69,-3.01
3946,3142,2026-03-09,10946000.0,Sold,102,-0.24
3947,6783,2025-04-07,22903000.0,Active,52,0.84
3948,1423,2024-03-01,14389000.0,Sold,62,-3.46
3949,6098,2025-06-05,6753000.0,Sold,42,-5.42
3950,672,2025-08-02,9779000.0,Expired,136,0.25
3951,7928,2024-07-02,8005000.0,Active,79,-2.66
3952,7371,2025-01-12,11181000.0,Sold,60,-1.41
3953,1172,2026-04-05,12005000.0,Expired,84,-1.79
3954,5592,2024-04-09,14235000.0,Expired,106,-0.91
3955,3727,2024-04-05,37810000.0,Expired,47,-3.22
3956,944,2024-10-27,4779000.0,Sold,21,-5.05
3957,6343,2024-05-13,13220000.0,Sold,50,-1.38
3958,1450,2026-03-10,17064000.0,Expired,103,-6.9
3959,3738,2024-07-06,8483000.0,Active,53,2.12
3960,2540,2023-10-04,12260000.0,Withdrawn,42,1.7
3961,3960,2025-01-15,15882000.0,Expired,135,-0.33
3962,4992,2025-11-12,10980000.0,Sold,69,-4.69
3963,6286,2026-07-15,6790000.0,Active,113,0.44
3964,5433,2024-02-02,12333000.0,Sold,86,-0.34
3965,4261,2025-12-10,14409000.0,Sold,124,-3.16
3966,2362,2024-05-04,11977000.0,Active,67,-0.28
3967,6165,2024-04-03,11868000.0,Active,75,2.29
3968,5202,2026-04-22,14775000.0,Active,72,1.36
3969,3653,2024-07-26,15454000.0,Active,103,-12.98
3970,7299,2023-10-12,12726000.0,Active,37,1.12
3971,3671,2026-02-09,10222000.0,Sold,57,2.0
3972,1754,2024-06-26,18499000.0,Expired,20,-1.69
3973,7128,2026-04-17,9113000.0,Active,44,0.14
3974,2353,2025-02-17,13549000.0,Expired,51,-2.3
3975,1939,2025-05-06,12322000.0,Active,61,2.46
3976,371,2025-07-12,10736000.0,Active,103,0.88
3977,5977,2024-12-06,10468000.0,Sold,66,-5.45
3978,4949,2026-08-18,12138000.0,Withdrawn,149,1.92
3979,4480,2024-05-24,14276000.0,Withdrawn,40,0.24
3980,1932,2025-08-03,8649000.0,Sold,116,-1.7
3981,6589,2024-04-19,15325000.0,Withdrawn,101,0.46
3982,425,2026-08-16,11908000.0,Expired,64,-3.91
3983,6305,2023-09-26,13002000.0,Sold,43,-0.05
3984,7346,2026-06-18,6082000.0,Sold,106,0.36
3985,4725,2023-10-25,13083000.0,Active,90,-0.7
3986,7876,2026-06-27,13869000.0,Expired,74,-8.0
3987,895,2023-12-05,10403000.0,Withdrawn,16,3.06
3988,6634,2024-11-13,8022000.0,Active,5,0.71
3989,7161,2025-12-09,11263000.0,Active,36,2.27
3990,6471,2024-12-04,9882000.0,Sold,11,-7.54
3991,598,2026-08-03,10342000.0,Sold,21,0.79
3992,3063,2026-07-19,10558000.0,Sold,47,-2.96
3993,2337,2025-03-16,9877000.0,Sold,116,-5.41
3994,4689,2024-09-20,10033000.0,Active,17,0.4
3995,1688,2024-08-02,16661000.0,Active,128,0.97
3996,7741,2023-11-07,10959000.0,Active,104,1.64
3997,573,2025-11-19,10468000.0,Active,104,-0.96
3998,7522,2025-03-26,8868000.0,Sold,118,-4.95
3999,6172,2024-08-17,22297000.0,Withdrawn,111,-2.19
4000,7098,2025-06-24,13836000.0,Sold,97,1.32
4001,2091,2026-05-31,11991000.0,Active,115,-2.45
4002,5801,2026-06-27,11747000.0,Active,95,-2.06
4003,6567,2024-02-02,13418000.0,Withdrawn,21,4.02
4004,3670,2026-04-26,10177000.0,Active,105,1.29
4005,4273,2024-09-08,7782000.0,Expired,66,-4.65
4006,4625,2025-12-04,16143000.0,Sold,8,-2.92
4007,1634,2023-12-12,17442000.0,Active,112,-4.63
4008,5062,2023-08-22,8204000.0,Expired,51,-2.54
4009,1518,2024-07-27,16375000.0,Sold,104,-0.12
4010,4294,2024-11-29,16623000.0,Active,60,-4.1
4011,2658,2023-09-28,12423000.0,Active,139,2.42
4012,3649,2025-10-29,13344000.0,Sold,57,-6.06
4013,6986,2025-12-15,14361000.0,Withdrawn,67,-4.19
4014,4949,2025-11-16,12138000.0,Expired,109,-4.07
4015,3589,2025-11-07,8391000.0,Active,186,-2.91
4016,1538,2026-01-02,18613000.0,Expired,94,2.11
4017,6166,2024-03-07,52975000.0,Expired,105,4.37
4018,7280,2024-10-19,18628000.0,Active,125,0.26
4019,5177,2023-08-26,9251000.0,Sold,186,2.73
4020,3138,2024-11-21,19883000.0,Withdrawn,159,-1.08
4021,6986,2023-09-08,14361000.0,Sold,34,-7.72
4022,98,2023-12-11,11454000.0,Active,60,-0.44
4023,3216,2024-06-01,10322000.0,Sold,105,0.39
4024,6000,2025-08-12,20538000.0,Sold,28,6.63
4025,4531,2024-03-25,3779000.0,Active,63,-3.34
4026,4733,2026-02-13,22243000.0,Sold,134,-2.16
4027,3751,2025-07-04,11181000.0,Active,154,-1.44
4028,3158,2026-05-12,8575000.0,Sold,91,-5.03
4029,4684,2025-10-16,6554000.0,Withdrawn,34,-11.61
4030,344,2026-04-22,13455000.0,Sold,83,-2.04
4031,5414,2024-01-13,17723000.0,Sold,54,-0.4
4032,6076,2024-07-27,14757000.0,Active,62,-0.73
4033,4667,2023-11-07,14332000.0,Expired,35,4.57
4034,7818,2023-09-15,16461000.0,Sold,98,-7.16
4035,611,2024-10-19,12710000.0,Withdrawn,14,-3.94
4036,1728,2025-02-08,9805000.0,Active,49,-3.95
4037,2291,2025-04-07,11172000.0,Active,77,-0.53
4038,1855,2024-08-04,17200000.0,Withdrawn,146,-1.94
4039,2609,2025-01-16,13534000.0,Withdrawn,55,-0.32
4040,5056,2026-06-04,9509000.0,Active,146,0.43
4041,2080,2026-03-06,12742000.0,Sold,14,-4.27
4042,6535,2024-01-28,13195000.0,Active,13,-6.16
4043,2325,2023-11-11,12197000.0,Active,46,-4.98
4044,4628,2024-09-05,16148000.0,Active,100,-6.68
4045,1178,2026-04-04,13283000.0,Expired,105,1.84
4046,6527,2026-05-14,12297000.0,Sold,5,-7.52
4047,1092,2024-06-15,17056000.0,Sold,40,5.62
4048,5998,2026-04-29,12222000.0,Sold,143,-5.49
4049,4980,2025-12-15,18220000.0,Active,91,-7.72
4050,6358,2025-05-08,9572000.0,Sold,99,2.96
4051,5775,2024-09-02,12525000.0,Sold,30,1.81
4052,6520,2025-11-10,8438000.0,Active,176,2.06
4053,2792,2026-03-05,5565000.0,Sold,49,-2.55
4054,6357,2023-09-04,15640000.0,Sold,113,-3.82
4055,6223,2023-11-11,13360000.0,Sold,81,-0.03
4056,1750,2023-11-02,16494000.0,Expired,57,-1.51
4057,2676,2026-05-29,12688000.0,Active,122,-2.69
4058,6748,2025-09-10,14031000.0,Active,43,1.0
4059,782,2025-11-25,20359000.0,Sold,78,-2.17
4060,7549,2025-06-25,8286000.0,Sold,75,-1.27
4061,3049,2024-10-03,8317000.0,Active,80,-1.0
4062,6824,2024-02-21,15622000.0,Withdrawn,85,1.18
4063,2106,2025-08-13,14967000.0,Sold,55,1.37
4064,3868,2023-09-16,10352000.0,Sold,90,-0.45
4065,7194,2024-09-02,19637000.0,Sold,45,-4.72
4066,4977,2026-06-04,9701000.0,Expired,127,6.92
4067,4543,2023-09-22,12336000.0,Sold,74,-2.6
4068,2114,2024-11-28,11913000.0,Active,100,-3.92
4069,5880,2024-12-19,17434000.0,Active,71,-4.79
4070,5374,2024-05-22,25825000.0,Sold,153,0.68
4071,3971,2024-08-26,21955000.0,Active,36,-4.17
4072,1992,2026-06-04,14427000.0,Active,78,-0.9
4073,1068,2025-08-09,6246000.0,Sold,5,-3.04
4074,7265,2025-12-17,10821000.0,Sold,70,-4.32
4075,1578,2025-02-17,13740000.0,Sold,160,2.75
4076,1012,2023-11-16,20415000.0,Sold,102,-5.26
4077,2275,2024-12-30,11303000.0,Active,89,1.25
4078,4870,2025-11-30,14365000.0,Active,78,-1.47
4079,6823,2024-09-14,17499000.0,Active,124,1.66
4080,7604,2025-11-03,12414000.0,Expired,5,5.2
4081,1815,2023-10-31,10582000.0,Active,103,-4.0
4082,6745,2025-04-27,19178000.0,Expired,108,-0.87
4083,2427,2026-01-12,13302000.0,Sold,82,-0.14
4084,5298,2025-04-16,15065000.0,Expired,65,-3.6
4085,5547,2024-02-17,13513000.0,Active,59,-4.33
4086,6853,2025-11-23,8372000.0,Sold,70,0.63
4087,4403,2025-05-15,13313000.0,Withdrawn,99,-0.24
4088,4875,2024-02-07,17589000.0,Sold,20,2.12
4089,2552,2026-02-04,10912000.0,Sold,135,-6.82
4090,6412,2024-03-04,17538000.0,Active,113,-2.87
4091,3658,2026-07-05,7706000.0,Withdrawn,50,-4.53
4092,8,2026-05-02,10585000.0,Sold,34,-0.85
4093,2556,2023-11-07,15264000.0,Active,90,-1.4
4094,476,2025-12-28,9613000.0,Active,75,-3.2
4095,5417,2024-03-05,12025000.0,Active,123,-1.99
4096,2212,2025-02-27,7897000.0,Active,102,1.15
4097,485,2026-03-19,9413000.0,Expired,98,-0.48
4098,7765,2025-09-03,7205000.0,Withdrawn,120,0.79
4099,7240,2024-01-19,12746000.0,Sold,90,1.76
4100,6711,2026-03-02,22577000.0,Sold,74,1.32
4101,5001,2026-04-02,11360000.0,Expired,113,-7.22
4102,4655,2025-04-11,15620000.0,Expired,134,2.52
4103,6064,2023-12-29,12126000.0,Sold,77,-4.03
4104,2286,2026-01-29,13195000.0,Active,27,0.38
4105,5224,2024-11-19,15736000.0,Active,6,2.18
4106,5330,2024-12-03,10351000.0,Withdrawn,175,2.68
4107,6698,2024-08-20,7805000.0,Sold,90,-0.98
4108,6972,2023-10-08,15363000.0,Active,92,-0.9
4109,4564,2024-08-13,17526000.0,Sold,166,-0.76
4110,3526,2023-10-21,7597000.0,Withdrawn,5,-1.35
4111,3340,2025-11-04,10741000.0,Active,53,-0.31
4112,6530,2026-08-05,13194000.0,Sold,64,-0.52
4113,2823,2024-01-15,17211000.0,Sold,42,-3.06
4114,4944,2025-11-18,11866000.0,Sold,87,-2.76
4115,6531,2025-06-07,5550000.0,Sold,5,6.71
4116,2925,2024-04-29,24040000.0,Sold,63,1.42
4117,259,2025-06-08,9037000.0,Active,16,-4.27
4118,283,2024-05-07,10836000.0,Sold,46,1.55
4119,5746,2024-05-16,22730000.0,Active,51,1.1
4120,1899,2026-07-11,10276000.0,Active,141,-5.81
4121,4136,2025-11-19,16771000.0,Expired,40,2.98
4122,6630,2024-09-23,10414000.0,Sold,102,-1.07
4123,2977,2025-11-10,8993000.0,Active,31,-0.6
4124,2268,2024-02-20,7158000.0,Active,5,-1.92
4125,3201,2024-05-20,5939000.0,Active,110,-8.06
4126,5111,2024-10-28,6370000.0,Sold,64,-0.71
4127,7168,2024-02-02,16225000.0,Sold,78,-0.06
4128,7688,2026-07-21,9671000.0,Sold,121,-7.17
4129,613,2025-04-26,8757000.0,Active,55,1.21
4130,7072,2025-02-24,7622000.0,Active,53,-5.04
4131,6012,2024-06-23,11030000.0,Sold,5,-3.24
4132,688,2023-10-10,20609000.0,Expired,144,1.19
4133,3691,2026-05-16,8432000.0,Sold,78,-3.04
4134,613,2026-06-24,8757000.0,Sold,5,0.19
4135,2308,2026-07-17,9666000.0,Sold,149,2.52
4136,7134,2026-02-25,6884000.0,Expired,23,-3.36
4137,3014,2025-01-29,13923000.0,Active,128,-1.25
4138,6510,2024-10-23,11986000.0,Sold,54,-0.56
4139,1782,2024-05-27,14016000.0,Active,159,-1.82
4140,5907,2025-06-03,17388000.0,Expired,141,-3.09
4141,2592,2025-05-29,15836000.0,Sold,22,-0.38
4142,2697,2024-02-05,16111000.0,Withdrawn,11,-3.91
4143,5644,2025-10-29,13763000.0,Active,35,2.76
4144,6027,2025-11-27,8365000.0,Active,21,5.81
4145,6958,2025-11-05,9661000.0,Sold,10,1.02
4146,3959,2023-09-09,14651000.0,Expired,76,-5.51
4147,7184,2024-04-22,10387000.0,Sold,60,-0.65
4148,5249,2023-09-17,10306000.0,Sold,7,2.75
4149,575,2024-11-12,13096000.0,Sold,28,-0.39
4150,7277,2024-05-25,8248000.0,Active,81,-1.7
4151,1911,2023-12-03,16125000.0,Active,81,-1.96
4152,5109,2025-04-21,10012000.0,Sold,22,-3.81
4153,3605,2025-08-07,12165000.0,Sold,61,-5.2
4154,670,2026-02-14,8242000.0,Sold,87,-1.59
4155,4365,2025-05-28,12042000.0,Sold,75,-2.06
4156,7330,2023-10-10,10194000.0,Active,75,-5.16
4157,1284,2024-08-03,6803000.0,Sold,130,-2.28
4158,924,2023-09-11,8758000.0,Active,110,-3.84
4159,1126,2026-07-23,9372000.0,Withdrawn,51,-3.89
4160,1530,2025-11-23,15289000.0,Sold,29,-2.25
4161,5855,2024-06-13,11042000.0,Active,42,-1.08
4162,1595,2025-08-24,17180000.0,Expired,86,-0.33
4163,247,2026-03-14,16886000.0,Sold,97,-0.97
4164,3712,2025-08-13,10052000.0,Withdrawn,123,-1.49
4165,7963,2024-08-20,9556000.0,Expired,125,-4.15
4166,1561,2023-09-19,4652000.0,Active,5,-4.36
4167,6275,2024-07-30,14586000.0,Active,5,0.8
4168,2401,2025-04-21,24646000.0,Active,108,-5.8
4169,2244,2026-05-14,14580000.0,Active,91,2.56
4170,3865,2025-01-12,10173000.0,Sold,60,-1.84
4171,1940,2024-02-22,11805000.0,Active,32,-2.15
4172,5026,2023-10-24,12532000.0,Sold,73,-1.96
4173,7834,2023-10-15,13338000.0,Sold,5,-0.94
4174,7550,2024-05-23,17741000.0,Sold,144,-1.22
4175,3070,2024-05-27,6383000.0,Active,33,-1.85
4176,6789,2025-05-08,14756000.0,Sold,87,-4.85
4177,227,2024-04-29,11059000.0,Sold,70,-3.93
4178,6845,2023-12-15,15996000.0,Sold,69,-2.15
4179,3548,2023-11-06,10515000.0,Expired,5,2.72
4180,7645,2024-01-03,16700000.0,Sold,23,-4.64
4181,265,2026-06-14,5657000.0,Sold,54,-0.54
4182,1396,2026-03-13,16174000.0,Withdrawn,48,-2.0
4183,3558,2023-08-30,2721000.0,Active,33,-2.02
4184,5554,2024-03-26,11468000.0,Sold,93,-5.33
4185,646,2024-05-26,16801000.0,Active,126,5.95
4186,6355,2024-10-25,12947000.0,Expired,116,-2.5
4187,7740,2025-09-02,16794000.0,Active,115,2.8
4188,7545,2025-02-22,15289000.0,Active,97,-1.19
4189,5515,2024-06-18,10959000.0,Withdrawn,116,-1.32
4190,5570,2026-06-24,12226000.0,Sold,115,1.67
4191,2991,2024-10-27,11868000.0,Sold,81,-4.6
4192,5484,2025-08-27,9536000.0,Sold,121,-5.23
4193,1900,2025-02-03,8123000.0,Sold,5,1.34
4194,2505,2024-04-04,11968000.0,Active,64,-0.73
4195,2773,2024-07-06,18831000.0,Withdrawn,41,-3.31
4196,7896,2024-06-19,8740000.0,Active,103,1.2
4197,5346,2024-10-07,6782000.0,Sold,103,-2.94
4198,5078,2024-10-06,16218000.0,Sold,101,-4.37
4199,1155,2023-08-25,15419000.0,Expired,114,-1.1
4200,588,2024-01-15,18351000.0,Sold,36,-6.33
4201,4572,2024-10-24,12930000.0,Active,129,-1.44
4202,1822,2025-10-27,11115000.0,Sold,123,2.56
4203,986,2025-12-08,4256000.0,Active,104,1.04
4204,4080,2026-03-09,7540000.0,Active,45,-5.66
4205,3349,2026-01-07,9502000.0,Sold,117,-3.42
4206,6300,2024-06-03,10237000.0,Active,108,1.37
4207,3832,2024-01-29,9894000.0,Sold,23,8.04
4208,1242,2025-04-22,11835000.0,Active,75,2.97
4209,190,2025-04-06,10828000.0,Sold,58,-1.14
4210,5537,2024-03-18,18295000.0,Sold,68,-2.42
4211,981,2025-03-08,8205000.0,Active,50,-2.53
4212,1699,2024-04-06,6474000.0,Sold,85,-8.56
4213,1716,2025-07-20,8098000.0,Active,191,0.46
4214,2594,2024-09-12,10283000.0,Sold,23,-4.44
4215,4137,2026-03-16,20830000.0,Active,70,-2.04
4216,6451,2026-01-02,8586000.0,Active,138,-1.62
4217,5039,2025-09-01,7060000.0,Sold,40,-3.05
4218,4434,2025-05-22,11956000.0,Expired,80,-0.7
4219,5434,2024-06-24,15000000.0,Sold,14,3.26
4220,1099,2024-07-20,17632000.0,Sold,68,0.34
4221,7097,2025-05-17,14045000.0,Active,68,4.73
4222,2327,2025-12-14,14072000.0,Sold,101,3.77
4223,3248,2023-12-26,12414000.0,Expired,80,-1.98
4224,896,2023-09-08,6113000.0,Active,15,-0.87
4225,7830,2024-10-26,13901000.0,Sold,176,0.98
4226,6417,2025-12-15,11937000.0,Withdrawn,17,-0.13
4227,6981,2024-08-14,15947000.0,Active,5,-1.54
4228,6764,2026-07-22,12177000.0,Active,26,-6.95
4229,1675,2024-10-02,6671000.0,Active,40,1.58
4230,2910,2025-09-14,9984000.0,Withdrawn,36,-1.4
4231,7951,2024-12-03,10188000.0,Sold,91,0.47
4232,931,2025-04-25,14695000.0,Withdrawn,121,0.98
4233,4385,2026-06-23,17148000.0,Active,63,-5.99
4234,724,2026-06-10,16464000.0,Active,84,-0.42
4235,2941,2024-04-13,8212000.0,Active,41,2.16
4236,6416,2025-11-08,8761000.0,Expired,111,-0.53
4237,6050,2024-11-30,10853000.0,Expired,59,-4.96
4238,1090,2024-10-31,7241000.0,Sold,104,-0.78
4239,4579,2025-03-15,11398000.0,Active,127,-0.34
4240,936,2025-01-05,17951000.0,Sold,29,-5.82
4241,2296,2024-01-30,7275000.0,Sold,114,-4.02
4242,156,2026-02-19,10834000.0,Sold,85,-2.97
4243,1071,2025-04-17,24789000.0,Active,61,1.1
4244,1959,2024-05-18,12907000.0,Sold,113,1.69
4245,2502,2024-05-13,9411000.0,Active,14,-0.1
4246,6345,2024-10-15,14687000.0,Active,79,-2.92
4247,5780,2024-06-08,12087000.0,Expired,103,-1.77
4248,4220,2025-06-18,8576000.0,Sold,63,-3.32
4249,6145,2026-04-09,7234000.0,Sold,104,-2.54
4250,5064,2025-03-06,14114000.0,Active,79,-7.34
4251,3831,2025-11-25,11887000.0,Active,80,-4.3
4252,855,2024-04-17,10976000.0,Active,53,-0.54
4253,640,2024-04-05,15101000.0,Sold,115,1.74
4254,2239,2025-07-04,10717000.0,Active,77,-3.92
4255,1603,2026-07-26,16496000.0,Sold,92,3.11
4256,6660,2024-05-09,13781000.0,Expired,153,-2.76
4257,442,2024-09-24,4785000.0,Active,133,-3.21
4258,6041,2025-11-08,5435000.0,Active,61,-4.64
4259,5935,2026-04-13,11260000.0,Active,42,2.65
4260,5926,2024-10-28,8714000.0,Expired,170,-3.37
4261,6287,2025-03-14,5022000.0,Sold,31,0.06
4262,7359,2025-03-30,19158000.0,Sold,110,0.59
4263,4629,2024-09-01,25447000.0,Active,41,-3.06
4264,6371,2024-03-05,12389000.0,Withdrawn,62,0.59
4265,1337,2026-01-19,11064000.0,Sold,81,-5.54
4266,3701,2026-02-22,6884000.0,Active,75,-0.64
4267,949,2026-04-10,6939000.0,Active,83,2.39
4268,3374,2024-07-03,17772000.0,Active,101,0.48
4269,7822,2026-03-25,10129000.0,Active,106,-4.27
4270,6116,2023-11-29,13133000.0,Expired,80,0.61
4271,460,2024-05-24,8338000.0,Sold,16,-1.28
4272,7569,2026-01-23,8453000.0,Sold,63,3.79
4273,4647,2025-02-05,17448000.0,Sold,21,2.47
4274,393,2025-10-16,9772000.0,Active,5,1.36
4275,3939,2024-12-31,17254000.0,Active,122,-2.03
4276,1788,2024-08-14,8974000.0,Sold,58,2.69
4277,4941,2025-10-25,19974000.0,Active,5,-4.9
4278,7375,2024-03-28,13476000.0,Active,154,-3.46
4279,2258,2026-03-29,10495000.0,Sold,104,-1.85
4280,1139,2024-12-24,19368000.0,Sold,34,-1.87
4281,3809,2025-01-08,12584000.0,Active,61,0.26
4282,4742,2024-06-16,14579000.0,Expired,52,2.81
4283,7419,2025-05-25,16224000.0,Sold,5,-4.43
4284,6363,2025-06-25,10742000.0,Sold,208,-5.8
4285,2455,2025-05-12,17762000.0,Withdrawn,167,-3.21
4286,1467,2024-11-19,10998000.0,Withdrawn,56,1.55
4287,3675,2025-03-27,12712000.0,Sold,59,2.05
4288,1378,2025-06-11,12922000.0,Expired,5,1.59
4289,7032,2024-09-22,6962000.0,Sold,98,-1.75
4290,6702,2026-01-03,15488000.0,Expired,63,-2.28
4291,2598,2026-07-25,16448000.0,Expired,134,4.3
4292,142,2024-08-22,15530000.0,Withdrawn,23,-0.52
4293,2660,2025-01-26,8677000.0,Active,44,0.69
4294,4597,2024-12-25,13365000.0,Expired,42,-3.8
4295,840,2025-06-18,19145000.0,Sold,116,2.39
4296,6846,2023-12-01,9907000.0,Active,192,-6.95
4297,3619,2026-06-03,17250000.0,Expired,55,-6.17
4298,5779,2025-08-16,8567000.0,Active,98,-3.71
4299,5662,2025-12-14,14632000.0,Withdrawn,5,1.62
4300,6143,2024-05-20,11866000.0,Sold,105,-1.21
4301,3918,2024-08-30,8386000.0,Withdrawn,45,-4.72
4302,5627,2024-04-01,12305000.0,Active,79,-4.67
4303,596,2026-04-29,15446000.0,Active,73,-1.65
4304,1905,2025-04-04,17718000.0,Active,59,-0.97
4305,281,2026-03-07,9687000.0,Withdrawn,90,-4.53
4306,424,2025-05-17,13173000.0,Active,139,-4.63
4307,7000,2026-05-27,18566000.0,Active,72,-2.91
4308,4366,2025-03-10,14190000.0,Expired,54,-5.26
4309,4250,2025-11-14,16915000.0,Active,166,-2.46
4310,6758,2024-07-06,18682000.0,Active,37,-0.05
4311,1751,2023-12-18,10531000.0,Sold,23,-3.65
4312,4758,2025-08-28,7467000.0,Sold,130,-1.19
4313,1968,2026-07-14,9656000.0,Expired,102,-4.35
4314,4089,2024-07-28,19819000.0,Sold,32,-5.71
4315,4179,2025-07-04,8666000.0,Active,37,-2.48
4316,7790,2024-06-19,14566000.0,Sold,38,-3.65
4317,7091,2024-04-11,20828000.0,Sold,5,-2.66
4318,2947,2025-01-20,19511000.0,Sold,22,-1.92
4319,1450,2025-10-09,17064000.0,Active,40,-6.41
4320,5395,2024-02-13,14878000.0,Sold,58,-1.69
4321,7881,2023-12-12,20789000.0,Withdrawn,40,-4.21
4322,2332,2025-09-08,16136000.0,Active,138,-2.96
4323,5076,2025-08-12,12028000.0,Sold,65,-2.19
4324,2221,2025-02-24,10510000.0,Withdrawn,124,-1.08
4325,7495,2025-08-14,6812000.0,Withdrawn,30,-0.43
4326,3790,2026-01-14,15394000.0,Withdrawn,120,0.12
4327,7231,2025-08-31,12785000.0,Sold,25,-0.96
4328,7241,2024-11-27,3388000.0,Withdrawn,101,5.32
4329,2811,2026-05-27,6829000.0,Sold,69,3.53
4330,5756,2025-05-25,11512000.0,Sold,60,-1.4
4331,5495,2024-10-17,6149000.0,Withdrawn,40,1.49
4332,4729,2025-02-24,15017000.0,Active,80,-5.55
4333,1532,2024-03-05,18099000.0,Active,69,-3.28
4334,4883,2024-11-11,6918000.0,Sold,133,-4.35
4335,2991,2024-07-22,11868000.0,Active,110,2.41
4336,7156,2023-11-04,11632000.0,Expired,10,-1.55
4337,4494,2023-09-24,14436000.0,Sold,5,-6.44
4338,1144,2025-03-31,17656000.0,Sold,94,-1.12
4339,934,2024-08-17,16261000.0,Active,126,-2.78
4340,1461,2026-08-16,11412000.0,Active,46,-2.82
4341,5949,2026-05-21,14230000.0,Active,57,-3.49
4342,2724,2024-11-21,10117000.0,Active,108,-3.46
4343,7080,2026-06-07,14555000.0,Withdrawn,137,-1.89
4344,2513,2023-12-18,13794000.0,Sold,132,-0.18
4345,286,2024-01-26,19847000.0,Withdrawn,104,-3.75
4346,265,2024-08-13,5657000.0,Active,100,1.0
4347,2368,2025-01-23,10133000.0,Sold,142,-1.16
4348,6817,2024-02-11,18973000.0,Active,17,-2.68
4349,3448,2026-02-16,11595000.0,Active,20,-4.22
4350,6964,2025-04-17,11373000.0,Sold,59,-4.39
4351,6233,2024-01-24,18850000.0,Sold,139,-3.01
4352,5774,2025-12-11,6554000.0,Expired,56,0.9
4353,5323,2026-02-25,13565000.0,Active,88,-1.52
4354,4917,2024-02-18,12347000.0,Expired,139,-0.36
4355,1763,2025-02-07,8755000.0,Active,35,-0.14
4356,3049,2025-04-27,8317000.0,Sold,164,-4.2
4357,2382,2025-07-22,6478000.0,Expired,111,1.21
4358,2270,2025-03-27,10177000.0,Active,5,-4.8
4359,41,2024-09-25,11609000.0,Sold,35,-3.2
4360,5828,2025-07-30,9072000.0,Sold,54,-3.87
4361,68,2024-05-29,20774000.0,Sold,155,-2.17
4362,988,2026-07-01,11048000.0,Active,157,-4.47
4363,5896,2025-05-19,14764000.0,Withdrawn,71,-0.35
4364,6658,2025-07-04,13518000.0,Active,90,-0.48
4365,7805,2024-11-05,12611000.0,Sold,5,-4.34
4366,7790,2025-07-19,14566000.0,Active,113,-4.99
4367,5718,2024-07-05,20456000.0,Sold,33,0.18
4368,4009,2025-10-16,15319000.0,Sold,90,2.42
4369,5752,2024-09-04,6408000.0,Active,85,-1.57
4370,3199,2026-08-19,14162000.0,Active,83,-3.83
4371,5375,2025-12-20,7874000.0,Sold,163,2.25
4372,4791,2026-04-05,6423000.0,Sold,76,0.77
4373,7184,2024-03-18,10387000.0,Active,5,5.0
4374,2525,2025-10-09,24073000.0,Active,100,-0.1
4375,1086,2023-10-26,10709000.0,Sold,5,1.18
4376,7025,2026-01-07,11942000.0,Sold,77,2.94
4377,2480,2024-04-11,8441000.0,Expired,112,2.2
4378,1694,2026-05-01,18720000.0,Sold,10,-4.55
4379,2316,2024-03-29,14899000.0,Sold,46,-3.26
4380,5155,2025-03-22,15572000.0,Sold,105,-1.54
4381,779,2024-09-26,7108000.0,Expired,106,0.89
4382,7744,2024-11-04,9060000.0,Active,17,-4.17
4383,4590,2025-02-11,15479000.0,Sold,37,-1.67
4384,1586,2025-02-10,14171000.0,Expired,78,3.42
4385,1493,2024-01-02,18182000.0,Expired,83,0.06
4386,5887,2025-11-20,11499000.0,Active,41,-2.68
4387,661,2026-02-19,8630000.0,Sold,142,-4.02
4388,1349,2024-05-25,16092000.0,Expired,58,-1.14
4389,5424,2025-10-06,10571000.0,Sold,114,-1.85
4390,1300,2026-03-05,21252000.0,Sold,149,0.97
4391,3941,2024-06-11,6837000.0,Expired,38,-5.51
4392,1987,2024-07-19,16088000.0,Sold,54,-1.37
4393,7852,2023-08-25,10996000.0,Expired,95,2.37
4394,7157,2025-11-14,2436000.0,Sold,77,-6.18
4395,2045,2024-06-12,9539000.0,Active,46,-4.91
4396,7369,2025-12-26,16885000.0,Sold,13,4.11
4397,3517,2024-09-28,2911000.0,Expired,115,2.28
4398,6025,2023-10-08,8363000.0,Expired,53,-3.97
4399,5444,2024-05-07,6291000.0,Sold,81,-0.89
4400,1059,2026-03-21,12031000.0,Sold,5,-8.16
4401,977,2024-01-01,17044000.0,Withdrawn,125,-3.13
4402,4578,2025-10-24,14072000.0,Sold,61,-1.7
4403,728,2024-07-27,11821000.0,Sold,5,-0.19
4404,2528,2025-12-16,7994000.0,Sold,58,-5.26
4405,3137,2024-12-19,15078000.0,Active,38,-2.14
4406,5128,2026-08-11,8385000.0,Active,124,-0.61
4407,7469,2025-02-02,14468000.0,Sold,14,-3.58
4408,343,2025-05-21,15317000.0,Sold,114,4.71
4409,7599,2025-03-16,15694000.0,Expired,47,-4.34
4410,1448,2024-02-12,11454000.0,Sold,95,-2.25
4411,2380,2025-10-31,9715000.0,Withdrawn,29,1.98
4412,6582,2025-02-21,10450000.0,Active,5,-1.6
4413,3660,2026-04-30,12848000.0,Expired,98,-1.65
4414,6318,2025-11-18,6117000.0,Sold,130,0.07
4415,6703,2024-07-19,10623000.0,Sold,7,-2.62
4416,527,2024-12-28,10763000.0,Sold,104,-3.85
4417,1897,2024-04-01,9218000.0,Sold,46,-3.39
4418,4755,2024-06-08,11048000.0,Expired,78,-1.09
4419,2074,2026-08-14,16394000.0,Sold,120,-1.36
4420,4916,2025-10-07,10977000.0,Sold,83,-3.99
4421,6749,2025-05-11,12915000.0,Withdrawn,52,-4.25
4422,406,2025-11-08,10162000.0,Sold,96,-1.39
4423,6376,2024-01-30,16741000.0,Expired,89,-4.92
4424,6677,2026-03-23,14136000.0,Sold,156,-2.97
4425,7987,2023-12-23,14098000.0,Active,78,-1.82
4426,1574,2026-03-11,3025000.0,Withdrawn,105,-7.13
4427,5908,2026-05-23,14455000.0,Active,113,-1.55
4428,4601,2025-01-27,11252000.0,Withdrawn,44,-5.84
4429,3741,2024-03-20,15653000.0,Sold,53,-4.75
4430,4275,2024-11-12,22611000.0,Active,151,1.7
4431,4228,2025-07-11,24011000.0,Sold,5,-2.26
4432,1847,2026-04-07,18663000.0,Withdrawn,117,-3.06
4433,1479,2026-08-10,11691000.0,Withdrawn,78,-2.91
4434,2396,2024-12-20,8357000.0,Withdrawn,67,-1.58
4435,6684,2026-06-14,11490000.0,Withdrawn,124,-0.78
4436,772,2025-02-27,17356000.0,Withdrawn,54,-1.57
4437,5526,2026-02-21,17886000.0,Sold,51,-5.29
4438,6220,2026-02-21,26904000.0,Sold,169,-0.48
4439,579,2025-09-27,10866000.0,Sold,91,0.73
4440,2902,2026-06-15,16885000.0,Sold,139,-0.45
4441,5612,2026-07-15,14640000.0,Active,55,-2.12
4442,194,2024-05-12,8647000.0,Sold,87,-6.04
4443,2008,2025-08-19,6684000.0,Expired,80,-0.19
4444,1186,2026-05-13,13030000.0,Active,100,-2.56
4445,2395,2026-05-13,14095000.0,Active,82,-0.72
4446,2999,2026-02-25,8694000.0,Active,37,5.03
4447,5481,2024-08-07,9119000.0,Sold,43,-3.44
4448,1793,2026-07-22,25429000.0,Sold,94,-4.61
4449,7752,2025-11-13,12538000.0,Sold,84,-5.59
4450,1111,2024-01-23,9659000.0,Sold,54,2.16
4451,4006,2025-07-29,21388000.0,Active,12,-8.75
4452,7430,2025-05-27,18190000.0,Sold,89,-6.04
4453,2262,2026-01-08,21042000.0,Expired,62,-4.86
4454,3737,2025-09-17,15439000.0,Sold,92,-0.45
4455,3794,2025-02-13,12030000.0,Sold,60,-3.92
4456,1937,2023-12-29,14301000.0,Sold,57,-0.45
4457,6717,2024-08-08,8470000.0,Sold,119,5.05
4458,4876,2025-10-11,8421000.0,Active,48,-6.98
4459,4358,2023-08-22,13422000.0,Active,38,-2.46
4460,730,2025-07-16,12379000.0,Sold,68,2.87
4461,4379,2025-01-22,8082000.0,Sold,84,-3.77
4462,7816,2026-06-02,14511000.0,Withdrawn,92,3.61
4463,5587,2025-09-25,11837000.0,Sold,63,0.5
4464,3452,2024-05-27,11621000.0,Expired,100,-8.72
4465,4458,2026-07-10,15322000.0,Expired,112,-2.92
4466,7617,2024-02-08,8124000.0,Sold,20,-0.17
4467,4537,2024-10-06,4904000.0,Withdrawn,86,-7.25
4468,2141,2026-01-05,12520000.0,Sold,39,-1.6
4469,1645,2023-10-10,11885000.0,Active,66,-5.07
4470,2801,2023-12-30,6904000.0,Sold,123,3.1
4471,4963,2026-05-02,15092000.0,Withdrawn,111,-0.81
4472,5544,2024-11-10,10740000.0,Sold,88,-4.13
4473,142,2024-10-27,15530000.0,Sold,146,-5.97
4474,5411,2025-02-11,10394000.0,Expired,148,1.15
4475,1456,2024-09-08,6690000.0,Sold,155,0.27
4476,6893,2025-01-27,6905000.0,Active,38,-1.04
4477,5972,2026-08-19,10594000.0,Withdrawn,142,-3.42
4478,5944,2024-12-11,7445000.0,Sold,5,-4.05
4479,5809,2026-08-09,13938000.0,Active,87,-1.41
4480,6797,2026-04-11,13852000.0,Active,5,-4.07
4481,4797,2025-05-11,20482000.0,Withdrawn,160,4.4
4482,5094,2025-10-02,7560000.0,Withdrawn,120,-5.07
4483,2097,2025-09-12,8923000.0,Sold,113,-7.3
4484,1326,2023-12-10,4239000.0,Expired,69,-1.23
4485,4977,2024-12-03,9701000.0,Active,114,-2.06
4486,1214,2025-11-09,10679000.0,Expired,5,1.74
4487,1160,2024-08-11,11668000.0,Expired,23,-3.57
4488,4651,2024-11-11,9222000.0,Sold,45,1.97
4489,4500,2026-01-09,19506000.0,Withdrawn,71,-5.58
4490,4988,2024-07-09,11309000.0,Withdrawn,102,-1.87
4491,7009,2026-08-19,13489000.0,Sold,111,-3.75
4492,4698,2025-01-03,16881000.0,Sold,119,-1.55
4493,5927,2025-05-05,15333000.0,Expired,105,-2.3
4494,341,2025-06-15,7599000.0,Sold,137,3.58
4495,3829,2023-09-14,19110000.0,Active,72,0.81
4496,1969,2024-07-07,11597000.0,Sold,152,-2.56
4497,704,2025-03-02,6571000.0,Sold,97,-1.54
4498,4414,2025-07-09,13739000.0,Expired,80,-4.7
4499,6762,2025-02-03,4881000.0,Sold,79,-6.0
4500,5483,2025-10-16,19322000.0,Expired,5,-0.38
4501,7990,2025-01-07,6832000.0,Withdrawn,117,-2.88
4502,2430,2024-01-15,17396000.0,Withdrawn,106,-1.34
4503,6377,2026-03-24,15892000.0,Active,127,-2.55
4504,1801,2026-03-06,7994000.0,Active,112,-1.77
4505,5464,2024-12-12,13292000.0,Sold,110,-5.85
4506,5669,2024-01-24,14512000.0,Sold,53,2.17
4507,4913,2024-09-04,12663000.0,Withdrawn,90,-1.25
4508,4649,2024-05-16,15423000.0,Expired,84,-2.12
4509,7697,2023-11-06,15079000.0,Expired,34,-2.71
4510,856,2025-07-21,10425000.0,Active,90,2.23
4511,1813,2026-08-10,22165000.0,Sold,56,-1.24
4512,2867,2025-05-10,17703000.0,Withdrawn,79,-2.85
4513,3643,2024-08-03,8255000.0,Sold,96,1.72
4514,183,2024-07-23,18180000.0,Active,116,-2.47
4515,3113,2024-11-23,16152000.0,Sold,74,-2.74
4516,5671,2026-04-16,9596000.0,Withdrawn,5,-0.64
4517,4493,2024-01-05,4081000.0,Sold,66,-0.92
4518,5824,2024-11-20,14029000.0,Active,95,-4.05
4519,6923,2026-02-10,17512000.0,Withdrawn,136,-6.24
4520,1518,2024-10-13,16375000.0,Sold,68,-2.37
4521,7827,2025-01-13,12939000.0,Withdrawn,5,2.18
4522,5003,2026-04-22,10246000.0,Sold,51,3.64
4523,1357,2024-02-08,6556000.0,Sold,60,-4.9
4524,2175,2025-08-05,8205000.0,Sold,90,-0.05
4525,3630,2025-09-05,14562000.0,Sold,27,-3.34
4526,3629,2024-12-09,10674000.0,Expired,40,-3.0
4527,4097,2023-09-12,11022000.0,Withdrawn,165,-2.34
4528,3240,2025-09-18,13020000.0,Sold,106,-2.59
4529,3692,2023-12-15,9025000.0,Active,111,-0.53
4530,19,2025-10-06,5596000.0,Sold,45,-6.11
4531,3404,2025-09-28,12199000.0,Withdrawn,5,-5.57
4532,4680,2023-09-24,12314000.0,Sold,69,-2.16
4533,4552,2026-01-27,25797000.0,Sold,47,-1.63
4534,3005,2024-10-23,10793000.0,Active,94,2.95
4535,6133,2023-10-29,17526000.0,Withdrawn,22,-2.29
4536,1133,2024-05-28,11176000.0,Sold,71,-2.96
4537,3340,2025-09-26,10741000.0,Active,151,-2.54
4538,6589,2026-03-31,15325000.0,Sold,60,-1.61
4539,3312,2025-01-17,9150000.0,Expired,72,-3.88
4540,6049,2023-11-30,21225000.0,Active,53,-2.82
4541,3373,2024-01-15,12884000.0,Sold,126,0.37
4542,6746,2026-01-05,5152000.0,Sold,67,-1.21
4543,6247,2025-08-25,10144000.0,Sold,102,-0.61
4544,988,2026-01-29,11048000.0,Expired,76,0.3
4545,3322,2025-10-08,9173000.0,Withdrawn,96,2.67
4546,7621,2024-10-13,26426000.0,Sold,38,-2.65
4547,4616,2024-12-09,16003000.0,Active,5,-5.71
4548,7321,2026-07-18,7046000.0,Sold,86,9.05
4549,4955,2024-06-28,7977000.0,Withdrawn,8,-0.58
4550,174,2023-08-24,15623000.0,Sold,84,-2.89
4551,5463,2024-05-02,8680000.0,Sold,73,1.36
4552,3742,2025-07-15,10403000.0,Active,133,-5.29
4553,3053,2024-06-19,12135000.0,Sold,81,-3.13
4554,6575,2025-07-07,13672000.0,Sold,8,-0.48
4555,727,2025-08-03,6429000.0,Sold,145,-4.3
4556,3761,2025-09-16,14087000.0,Active,161,-4.16
4557,5807,2024-11-13,10641000.0,Sold,35,-4.17
4558,1876,2025-04-30,8268000.0,Expired,91,-3.39
4559,6994,2024-04-18,11417000.0,Withdrawn,66,-4.78
4560,5778,2024-04-21,10915000.0,Sold,91,-0.92
4561,4034,2024-02-18,10702000.0,Sold,105,-0.58
4562,5444,2026-07-14,6291000.0,Sold,128,4.08
4563,990,2025-11-13,12337000.0,Active,120,-1.87
4564,3745,2026-05-17,9758000.0,Sold,85,-0.23
4565,2687,2025-01-12,8209000.0,Sold,37,0.81
4566,420,2025-08-18,11943000.0,Expired,132,-1.73
4567,594,2024-09-23,9138000.0,Sold,112,-0.14
4568,6629,2026-04-20,14309000.0,Active,103,0.06
4569,7827,2024-05-08,12939000.0,Expired,140,1.29
4570,1775,2026-07-14,5177000.0,Withdrawn,81,-1.42
4571,2460,2023-09-24,15423000.0,Sold,15,-0.97
4572,936,2024-08-18,17951000.0,Sold,23,-6.75
4573,5204,2024-04-21,12910000.0,Sold,90,-6.85
4574,5233,2023-12-24,10703000.0,Expired,43,-1.11
4575,3809,2024-10-07,12584000.0,Withdrawn,168,-2.42
4576,332,2026-01-19,8110000.0,Withdrawn,53,-2.76
4577,3450,2026-03-16,12925000.0,Active,27,3.6
4578,7923,2025-11-26,23765000.0,Active,144,1.24
4579,2703,2026-05-16,10454000.0,Sold,88,-0.31
4580,6185,2025-04-24,8190000.0,Expired,35,-0.54
4581,4007,2024-07-10,12213000.0,Withdrawn,82,-6.49
4582,5890,2024-08-18,9828000.0,Sold,36,3.21
4583,5055,2024-10-01,19027000.0,Active,92,1.45
4584,3869,2024-11-10,14896000.0,Sold,28,2.08
4585,4201,2024-07-30,5953000.0,Active,159,-4.45
4586,202,2023-09-22,10796000.0,Sold,25,-1.6
4587,2498,2023-09-01,8092000.0,Expired,108,-0.6
4588,1843,2025-11-02,9657000.0,Sold,40,-1.29
4589,1867,2025-08-18,10661000.0,Sold,60,1.02
4590,1997,2026-07-31,11690000.0,Sold,88,-1.86
4591,5386,2023-08-29,3995000.0,Active,110,-3.16
4592,910,2026-07-11,15245000.0,Sold,102,-0.65
4593,4306,2024-02-07,17988000.0,Sold,57,0.32
4594,4659,2026-06-22,14569000.0,Active,93,-4.3
4595,3190,2023-09-28,5468000.0,Sold,105,-7.2
4596,6857,2024-10-29,21086000.0,Expired,86,-1.21
4597,7545,2025-02-10,15289000.0,Withdrawn,15,-1.39
4598,7719,2026-01-10,11891000.0,Sold,30,-1.99
4599,5660,2024-07-02,16980000.0,Sold,33,-4.39
4600,771,2024-01-05,12480000.0,Withdrawn,87,1.07
4601,3156,2024-03-16,11629000.0,Expired,90,0.67
4602,2502,2026-06-02,9411000.0,Active,7,-2.23
4603,2715,2025-05-24,10472000.0,Sold,152,1.67
4604,4725,2026-02-22,13083000.0,Expired,100,-4.41
4605,3586,2026-07-15,6780000.0,Expired,68,-4.3
4606,1629,2025-04-09,15014000.0,Active,81,-2.54
4607,5798,2024-12-07,13730000.0,Withdrawn,103,-7.48
4608,387,2024-02-25,10589000.0,Withdrawn,10,-0.37
4609,6032,2026-06-08,14209000.0,Active,97,-2.3
4610,3422,2025-04-26,16429000.0,Active,126,-2.23
4611,6440,2025-06-03,11452000.0,Sold,85,-1.81
4612,6402,2026-04-04,7339000.0,Sold,36,-2.11
4613,5201,2024-05-16,7710000.0,Active,16,-6.21
4614,4009,2024-12-04,15319000.0,Active,49,-5.99
4615,4094,2023-09-27,14635000.0,Active,59,-0.71
4616,4364,2025-07-30,11580000.0,Active,18,1.07
4617,2467,2024-08-20,21749000.0,Active,74,-5.36
4618,2283,2024-09-02,17046000.0,Active,31,1.43
4619,1857,2024-09-24,14233000.0,Sold,92,-2.74
4620,7479,2025-01-29,9887000.0,Expired,57,-0.67
4621,7981,2025-12-01,14386000.0,Sold,126,-1.46
4622,1999,2025-05-24,13946000.0,Active,39,-4.45
4623,7130,2025-11-24,17526000.0,Active,125,-6.87
4624,5477,2025-09-19,7933000.0,Sold,65,-1.03
4625,1237,2024-09-21,9004000.0,Sold,96,-1.93
4626,4670,2026-03-26,8400000.0,Active,79,-5.17
4627,4145,2024-03-27,3481000.0,Active,138,-3.69
4628,1151,2026-04-07,7604000.0,Withdrawn,85,0.84
4629,4319,2024-05-20,6234000.0,Active,108,-4.65
4630,7065,2024-08-20,6712000.0,Withdrawn,131,-5.93
4631,7447,2023-11-01,8305000.0,Sold,86,-3.78
4632,1432,2026-07-28,5726000.0,Active,98,-2.65
4633,5625,2024-12-29,10577000.0,Sold,92,0.76
4634,7462,2024-03-23,13742000.0,Expired,99,-5.14
4635,1820,2025-12-05,16520000.0,Withdrawn,54,-3.43
4636,2325,2024-05-21,12197000.0,Active,59,-3.19
4637,5558,2026-03-28,12081000.0,Expired,87,1.33
4638,1131,2025-03-22,13246000.0,Sold,50,-5.48
4639,5778,2023-09-10,10915000.0,Sold,91,0.27
4640,6564,2023-10-31,23457000.0,Expired,9,3.18
4641,2659,2026-08-12,18018000.0,Active,45,-2.49
4642,3501,2024-11-25,7935000.0,Active,77,-4.64
4643,375,2024-02-10,10410000.0,Sold,115,-0.73
4644,2121,2024-03-23,6845000.0,Withdrawn,22,-0.16
4645,4021,2024-06-09,11373000.0,Sold,5,-6.01
4646,2022,2025-12-03,14089000.0,Active,5,0.22
4647,3706,2024-10-27,12076000.0,Active,91,-1.15
4648,5150,2025-09-06,21724000.0,Active,102,-1.65
4649,3260,2023-11-12,13332000.0,Withdrawn,191,-4.87
4650,3436,2024-01-29,9312000.0,Expired,154,1.0
4651,1890,2025-09-25,16545000.0,Withdrawn,53,-3.22
4652,1824,2026-05-19,14158000.0,Sold,42,1.89
4653,1475,2025-12-10,11078000.0,Sold,5,-9.07
4654,2243,2024-05-18,14363000.0,Sold,72,-2.08
4655,5276,2026-01-26,15515000.0,Active,128,-2.41
4656,3244,2024-01-06,7996000.0,Expired,18,1.69
4657,6991,2025-08-28,7920000.0,Expired,31,-2.83
4658,5161,2024-06-01,8586000.0,Sold,143,-4.87
4659,3135,2026-04-09,18055000.0,Expired,80,-0.66
4660,2071,2024-12-24,12212000.0,Active,141,-0.13
4661,360,2025-11-09,16978000.0,Sold,126,-2.83
4662,7243,2025-03-01,10646000.0,Withdrawn,84,-0.02
4663,6704,2026-07-29,5831000.0,Withdrawn,28,-0.55
4664,6816,2023-08-22,12169000.0,Active,88,-2.38
4665,2042,2024-06-10,24080000.0,Expired,140,-1.58
4666,7993,2025-09-15,14678000.0,Active,76,0.32
4667,1142,2024-02-19,7932000.0,Sold,5,-5.72
4668,1636,2025-10-17,7105000.0,Expired,133,-0.85
4669,5500,2023-11-07,15275000.0,Sold,86,0.43
4670,4001,2025-04-22,16931000.0,Active,79,-2.97
4671,1944,2024-06-13,7924000.0,Sold,13,1.09
4672,4775,2025-12-15,10027000.0,Active,69,5.22
4673,3362,2025-04-19,10852000.0,Sold,5,0.69
4674,6584,2026-04-10,15416000.0,Active,68,-3.68
4675,7836,2025-08-10,14696000.0,Sold,61,-3.92
4676,2981,2024-05-15,16424000.0,Sold,39,-2.32
4677,7,2025-12-08,11245000.0,Sold,45,-3.96
4678,3268,2026-06-24,14951000.0,Sold,94,-2.67
4679,6565,2025-04-17,11476000.0,Active,43,-4.45
4680,1592,2025-12-04,11317000.0,Active,166,0.62
4681,4929,2026-03-24,20603000.0,Sold,56,-0.75
4682,3265,2025-10-25,19018000.0,Active,151,-0.76
4683,2607,2025-10-31,11431000.0,Expired,101,-0.05
4684,3220,2023-12-28,14517000.0,Active,97,-3.13
4685,5907,2024-01-15,17388000.0,Active,32,1.28
4686,7837,2024-11-02,14607000.0,Withdrawn,111,-0.52
4687,3274,2023-12-18,5740000.0,Active,104,-0.14
4688,7612,2025-11-23,12461000.0,Active,82,0.64
4689,914,2025-06-09,19113000.0,Sold,156,-4.51
4690,2012,2023-08-29,9709000.0,Active,89,0.25
4691,1443,2023-09-04,15365000.0,Sold,89,-0.59
4692,5547,2026-03-10,13513000.0,Active,142,5.06
4693,3055,2024-08-08,11194000.0,Active,108,-0.88
4694,5599,2025-04-04,9956000.0,Active,73,2.71
4695,3547,2025-05-30,13349000.0,Expired,111,-5.08
4696,4222,2026-04-02,16837000.0,Sold,39,-1.66
4697,6539,2024-08-15,10175000.0,Active,46,-3.91
4698,4913,2025-08-06,12663000.0,Sold,47,-1.1
4699,2929,2026-08-08,6784000.0,Sold,38,-1.48
4700,1830,2023-10-04,6560000.0,Expired,33,-5.25
4701,576,2023-12-30,12628000.0,Sold,78,-1.8
4702,6469,2023-09-06,20653000.0,Expired,114,0.53
4703,5512,2024-04-13,14583000.0,Active,50,0.65
4704,930,2025-10-08,9189000.0,Sold,180,1.77
4705,3760,2023-09-16,10348000.0,Expired,5,-2.59
4706,3700,2026-08-13,15058000.0,Active,93,1.24
4707,1464,2025-04-16,17881000.0,Sold,85,-4.99
4708,3276,2025-11-09,16849000.0,Sold,160,-5.39
4709,7654,2025-09-19,7268000.0,Active,35,-0.11
4710,4929,2026-04-24,20603000.0,Sold,94,1.8
4711,1055,2024-08-25,14908000.0,Sold,118,-3.61
4712,7556,2026-07-30,17006000.0,Expired,75,3.21
4713,5745,2025-10-06,7741000.0,Active,87,-0.65
4714,1901,2024-08-28,7347000.0,Active,60,-0.43
4715,1458,2025-07-23,12584000.0,Sold,17,0.94
4716,6981,2025-10-17,15947000.0,Active,136,-0.22
4717,7070,2025-08-09,7014000.0,Sold,50,-0.55
4718,1400,2026-01-24,10462000.0,Withdrawn,68,-4.12
4719,3416,2025-05-29,20825000.0,Sold,64,1.12
4720,443,2023-09-30,12876000.0,Sold,77,-2.24
4721,3651,2024-03-09,17463000.0,Sold,73,2.79
4722,6219,2023-12-13,14460000.0,Active,47,0.18
4723,4653,2024-05-04,5639000.0,Sold,78,-1.32
4724,7940,2023-11-03,15520000.0,Expired,13,0.24
4725,7834,2024-11-12,13338000.0,Sold,49,2.4
4726,1179,2024-11-16,9372000.0,Sold,59,-1.15
4727,7598,2024-07-17,14097000.0,Withdrawn,120,1.1
4728,6134,2023-09-13,20946000.0,Sold,149,-3.75
4729,4459,2024-01-17,13429000.0,Sold,48,-2.58
4730,6592,2025-07-17,3893000.0,Sold,68,-1.69
4731,1258,2024-02-12,16536000.0,Active,159,-1.59
4732,3635,2026-07-02,7664000.0,Active,78,0.18
4733,1842,2024-07-03,10830000.0,Active,24,3.21
4734,2310,2024-12-03,9178000.0,Sold,55,-4.25
4735,5947,2024-12-23,16237000.0,Active,38,-3.52
4736,6269,2024-11-24,10504000.0,Sold,79,-3.94
4737,911,2024-05-29,14933000.0,Expired,137,-1.12
4738,4341,2025-02-24,9527000.0,Sold,169,1.61
4739,4638,2024-01-30,10891000.0,Active,130,-3.74
4740,4010,2025-09-09,13881000.0,Expired,94,1.25
4741,6629,2025-10-25,14309000.0,Withdrawn,18,-2.89
4742,2170,2025-05-01,17637000.0,Expired,71,-0.54
4743,2173,2026-03-23,6372000.0,Sold,53,-0.93
4744,5669,2024-10-27,14512000.0,Active,64,4.64
4745,6314,2024-02-09,15637000.0,Expired,88,4.38
4746,124,2025-01-01,13616000.0,Active,111,-4.71
4747,7203,2026-01-22,12459000.0,Active,69,2.45
4748,3159,2025-07-01,13464000.0,Active,154,-0.21
4749,6790,2026-02-07,13434000.0,Sold,86,-1.58
4750,5828,2025-12-25,9072000.0,Sold,86,1.3
4751,786,2024-06-03,9637000.0,Sold,64,-1.02
4752,6140,2026-05-03,7146000.0,Sold,81,-1.0
4753,6345,2025-10-21,14687000.0,Active,92,-10.64
4754,2417,2025-06-06,13258000.0,Withdrawn,44,0.45
4755,797,2026-03-05,11488000.0,Sold,5,-2.07
4756,4173,2024-10-19,14495000.0,Sold,134,-0.55
4757,4155,2026-03-21,7832000.0,Sold,61,-3.25
4758,6575,2024-01-29,13672000.0,Sold,51,-0.41
4759,6782,2024-05-14,9838000.0,Sold,76,-5.11
4760,5620,2023-11-14,7638000.0,Expired,36,-1.04
4761,1937,2026-03-01,14301000.0,Active,11,-2.97
4762,2157,2025-11-13,11634000.0,Sold,65,1.07
4763,3808,2024-09-27,8557000.0,Sold,18,-2.6
4764,7152,2026-07-16,9375000.0,Expired,5,-0.93
4765,1302,2024-09-10,10072000.0,Expired,28,-5.29
4766,4164,2025-10-12,18099000.0,Expired,142,-1.15
4767,3141,2026-04-01,20156000.0,Active,5,-2.82
4768,3237,2025-11-28,11942000.0,Sold,14,2.7
4769,7657,2024-10-21,17275000.0,Expired,33,-8.06
4770,2353,2025-02-08,13549000.0,Active,34,-1.33
4771,1933,2026-03-20,15941000.0,Sold,88,3.47
4772,2722,2025-03-03,12570000.0,Active,18,-3.61
4773,365,2023-12-03,5534000.0,Withdrawn,5,-2.7
4774,4917,2023-09-13,12347000.0,Sold,28,0.36
4775,5499,2026-07-29,21246000.0,Sold,109,0.57
4776,2391,2025-07-03,17590000.0,Active,126,-3.71
4777,947,2026-03-07,11844000.0,Sold,55,-6.0
4778,7043,2024-07-17,25396000.0,Active,47,-8.98
4779,5674,2026-06-01,9367000.0,Active,128,4.17
4780,1378,2025-05-05,12922000.0,Sold,95,-3.28
4781,1440,2025-11-23,8350000.0,Active,100,0.98
4782,3181,2024-07-03,11611000.0,Expired,40,2.87
4783,7731,2023-12-08,16954000.0,Sold,124,-3.93
4784,4858,2024-06-11,13533000.0,Active,93,-0.01
4785,7665,2023-10-02,10843000.0,Active,41,4.01
4786,341,2024-10-15,7599000.0,Withdrawn,74,-1.41
4787,2990,2026-04-05,9784000.0,Sold,75,1.11
4788,383,2025-10-02,9514000.0,Sold,131,-6.35
4789,5100,2025-04-28,12870000.0,Active,27,-2.46
4790,1557,2024-08-07,11515000.0,Active,52,-1.14
4791,300,2026-01-06,5352000.0,Expired,67,2.96
4792,139,2024-01-09,12093000.0,Sold,39,-3.52
4793,359,2024-01-06,27300000.0,Active,52,-4.61
4794,4932,2024-04-23,18770000.0,Active,83,-1.67
4795,1523,2025-01-18,13187000.0,Active,61,-1.54
4796,3457,2024-01-28,14185000.0,Expired,146,-2.27
4797,1628,2024-06-12,12860000.0,Sold,109,-4.13
4798,6079,2025-10-25,8539000.0,Withdrawn,50,-1.83
4799,1304,2026-07-31,7067000.0,Sold,91,-2.26
4800,7805,2026-05-21,12611000.0,Expired,57,3.58
4801,6627,2024-10-15,20461000.0,Active,43,-1.39
4802,5005,2023-12-01,16005000.0,Active,97,0.16
4803,1135,2024-03-11,16799000.0,Withdrawn,80,2.62
4804,7010,2023-12-06,10786000.0,Withdrawn,30,-2.52
4805,2187,2024-04-14,24275000.0,Sold,159,-1.98
4806,5092,2026-03-26,14622000.0,Expired,174,-1.41
4807,6579,2024-09-22,16256000.0,Active,54,0.37
4808,6653,2026-02-25,11060000.0,Active,89,-2.8
4809,6417,2025-12-21,11937000.0,Withdrawn,73,-1.99
4810,3171,2025-02-07,13649000.0,Active,33,-5.09
4811,3836,2024-08-05,11835000.0,Sold,90,-4.93
4812,2152,2024-10-27,8237000.0,Expired,141,-0.39
4813,1238,2025-02-22,10568000.0,Sold,44,-1.49
4814,5881,2023-09-03,14359000.0,Active,42,1.39
4815,3736,2024-08-07,27067000.0,Active,5,-7.61
4816,6906,2025-02-22,11587000.0,Withdrawn,94,1.17
4817,2835,2025-05-12,3847000.0,Sold,72,-2.38
4818,4261,2024-07-27,14409000.0,Active,127,3.09
4819,999,2026-07-11,13197000.0,Sold,82,0.43
4820,2568,2025-03-09,17259000.0,Expired,95,-7.5
4821,1308,2024-09-27,9315000.0,Expired,90,-3.38
4822,6661,2025-07-14,10305000.0,Expired,68,-0.5
4823,657,2026-05-30,15664000.0,Active,70,0.77
4824,2661,2026-02-26,8474000.0,Active,176,-0.78
4825,2212,2025-08-29,7897000.0,Active,47,-0.77
4826,1910,2025-01-20,11877000.0,Sold,80,0.39
4827,3731,2025-03-23,13779000.0,Withdrawn,105,2.68
4828,2047,2025-04-29,22479000.0,Expired,59,0.08
4829,6208,2026-06-01,24954000.0,Expired,117,1.73
4830,3163,2024-01-03,10418000.0,Expired,80,-5.2
4831,1141,2024-02-24,18921000.0,Withdrawn,102,-6.28
4832,5986,2024-12-06,15078000.0,Active,85,-3.75
4833,267,2024-10-12,13069000.0,Sold,47,0.06
4834,1846,2024-10-10,17688000.0,Expired,28,3.71
4835,1709,2024-03-21,16951000.0,Expired,123,5.63
4836,3631,2024-09-29,17164000.0,Sold,78,-3.7
4837,3212,2026-05-19,15085000.0,Active,5,-2.67
4838,2294,2024-11-16,8248000.0,Sold,87,-2.32
4839,3733,2024-01-22,12283000.0,Active,7,1.47
4840,3830,2025-01-03,18747000.0,Active,101,-0.24
4841,6539,2025-09-12,10175000.0,Sold,120,-3.58
4842,1511,2024-01-19,2404000.0,Sold,187,-7.39
4843,476,2024-11-16,9613000.0,Active,92,-1.11
4844,7685,2024-05-04,18714000.0,Active,56,-0.88
4845,977,2026-01-19,17044000.0,Expired,100,0.28
4846,1208,2025-01-16,16526000.0,Active,131,-1.78
4847,5140,2024-04-28,12505000.0,Withdrawn,75,1.4
4848,1961,2024-05-24,11541000.0,Sold,62,-5.01
4849,558,2025-03-25,11507000.0,Sold,123,-2.8
4850,5114,2025-06-21,13091000.0,Active,51,-0.59
4851,7692,2025-06-15,22189000.0,Active,52,1.07
4852,5702,2025-11-21,15959000.0,Sold,84,-2.31
4853,7697,2024-08-31,15079000.0,Sold,116,0.99
4854,883,2024-08-25,18741000.0,Sold,22,-1.85
4855,2195,2026-08-09,16964000.0,Active,123,1.74
4856,4762,2026-02-20,9148000.0,Sold,48,-2.32
4857,7472,2026-02-05,10339000.0,Sold,50,-2.69
4858,2668,2025-12-20,20296000.0,Sold,5,-2.73
4859,5868,2023-09-24,11216000.0,Sold,85,-0.52
4860,6964,2026-05-07,11373000.0,Sold,7,-3.63
4861,4960,2025-12-25,10455000.0,Withdrawn,23,-1.59
4862,4678,2026-02-05,25377000.0,Sold,99,-5.51
4863,7167,2026-03-02,8129000.0,Sold,22,3.51
4864,4791,2026-04-25,6423000.0,Active,111,-10.9
4865,7930,2023-09-08,9559000.0,Sold,88,-1.08
4866,5348,2026-03-20,13878000.0,Sold,52,-3.53
4867,7270,2025-02-14,14396000.0,Sold,5,-5.16
4868,1611,2025-09-01,8083000.0,Sold,62,-1.49
4869,3489,2023-09-18,12688000.0,Sold,48,-3.2
4870,5336,2024-01-09,14833000.0,Sold,47,-0.75
4871,2455,2024-07-09,17762000.0,Sold,58,-0.58
4872,4495,2026-03-27,16509000.0,Expired,126,-0.16
4873,1947,2023-09-08,14209000.0,Active,68,-6.16
4874,4811,2025-11-17,12188000.0,Expired,114,1.18
4875,4800,2025-08-12,21926000.0,Sold,83,-1.01
4876,2809,2025-05-07,9950000.0,Sold,5,-1.31
4877,6643,2024-06-08,5091000.0,Sold,123,-4.83
4878,3826,2024-04-20,7727000.0,Sold,79,-0.74
4879,3537,2024-09-22,14815000.0,Sold,34,-2.58
4880,5811,2024-04-10,7332000.0,Sold,109,-1.11
4881,6069,2023-12-02,5286000.0,Active,47,-0.04
4882,7118,2026-04-10,14114000.0,Withdrawn,36,-2.61
4883,3803,2025-07-24,9170000.0,Sold,138,0.73
4884,4178,2025-09-21,10079000.0,Sold,35,-0.76
4885,4700,2025-06-30,5745000.0,Active,98,-2.66
4886,1971,2023-09-22,12996000.0,Active,131,-5.92
4887,5807,2024-04-13,10641000.0,Sold,65,2.34
4888,6143,2026-06-25,11866000.0,Active,94,-3.76
4889,3823,2025-11-03,13068000.0,Active,60,4.98
4890,2820,2024-01-02,17478000.0,Expired,15,-1.77
4891,903,2025-03-21,6000000.0,Expired,95,1.35
4892,365,2026-02-23,5534000.0,Sold,42,-4.9
4893,4259,2025-11-17,10209000.0,Active,149,0.68
4894,3120,2026-07-14,16624000.0,Expired,87,-5.11
4895,2559,2026-03-15,13936000.0,Active,55,-3.7
4896,7497,2025-07-18,25763000.0,Withdrawn,76,-7.27
4897,1864,2026-04-19,55445000.0,Sold,95,-2.14
4898,116,2024-11-24,8693000.0,Active,91,-3.64
4899,7085,2025-02-03,14510000.0,Withdrawn,44,-4.35
4900,2385,2025-11-13,12545000.0,Active,38,1.62
4901,4977,2025-01-16,9701000.0,Sold,81,-7.13
4902,6881,2025-07-27,14887000.0,Sold,45,2.41
4903,3936,2024-01-15,17606000.0,Active,66,0.55
4904,4936,2023-10-15,14296000.0,Expired,77,-3.32
4905,6291,2026-05-31,17590000.0,Sold,24,3.36
4906,7743,2023-11-15,20532000.0,Withdrawn,144,3.11
4907,7974,2026-04-02,12132000.0,Sold,71,3.1
4908,5443,2024-07-08,19880000.0,Sold,5,3.44
4909,2491,2025-04-15,15914000.0,Expired,88,-0.46
4910,6981,2025-02-28,15947000.0,Active,119,-1.68
4911,5133,2024-05-16,11992000.0,Active,125,-2.94
4912,943,2025-01-14,14963000.0,Active,68,-0.13
4913,7662,2025-04-22,15685000.0,Sold,125,-4.83
4914,1725,2024-10-25,11686000.0,Active,145,-0.78
4915,2335,2026-01-04,10299000.0,Expired,36,-7.0
4916,2768,2025-07-24,13679000.0,Sold,78,-0.14
4917,1138,2024-12-21,13249000.0,Active,43,0.34
4918,2528,2025-10-07,7994000.0,Active,90,1.38
4919,4118,2025-12-28,17203000.0,Withdrawn,168,0.01
4920,3421,2025-11-22,16808000.0,Withdrawn,70,-1.42
4921,5846,2025-07-26,6389000.0,Active,5,-5.03
4922,4779,2024-03-13,7719000.0,Withdrawn,96,-1.46
4923,3907,2026-06-07,12552000.0,Sold,76,3.51
4924,3638,2026-06-06,8517000.0,Active,16,-6.32
4925,2954,2024-01-23,6935000.0,Withdrawn,130,-2.78
4926,5930,2024-08-09,8447000.0,Sold,158,0.08
4927,2368,2025-05-29,10133000.0,Sold,5,-7.49
4928,4222,2026-06-16,16837000.0,Withdrawn,99,-5.99
4929,277,2024-01-09,8890000.0,Active,61,-0.02
4930,2000,2024-06-03,12011000.0,Expired,19,-2.81
4931,1228,2024-09-17,21674000.0,Expired,5,-2.64
4932,6338,2025-12-04,9353000.0,Withdrawn,42,1.06
4933,3753,2025-01-23,21005000.0,Withdrawn,77,-1.33
4934,3736,2025-12-10,27067000.0,Active,76,-1.42
4935,7715,2024-12-31,20346000.0,Active,107,2.43
4936,696,2024-05-22,16964000.0,Active,99,-0.99
4937,1310,2024-12-20,11929000.0,Sold,112,2.74
4938,4153,2024-08-25,9859000.0,Active,140,-6.99
4939,7902,2024-02-16,12016000.0,Withdrawn,49,-5.38
4940,7471,2023-12-14,7183000.0,Active,66,-0.09
4941,3235,2026-01-17,6586000.0,Sold,105,1.85
4942,4115,2025-03-17,10727000.0,Sold,119,2.05
4943,7538,2024-08-31,8036000.0,Sold,93,-1.81
4944,2312,2023-11-30,15130000.0,Withdrawn,173,0.45
4945,2842,2026-06-10,13700000.0,Expired,8,-2.19
4946,4209,2024-06-24,16273000.0,Active,136,-1.89
4947,3560,2024-07-23,8775000.0,Expired,169,0.5
4948,3399,2026-08-14,11686000.0,Expired,45,-0.1
4949,542,2024-04-25,13186000.0,Sold,150,-4.06
4950,2695,2024-10-07,5211000.0,Active,54,-3.69
4951,4675,2025-03-24,12110000.0,Expired,95,-1.51
4952,1089,2025-05-19,16143000.0,Expired,110,1.86
4953,3364,2024-10-27,13610000.0,Active,81,-5.11
4954,25,2025-12-06,14268000.0,Sold,13,0.48
4955,1573,2025-02-06,11775000.0,Sold,50,-3.63
4956,6145,2026-02-17,7234000.0,Sold,39,-5.97
4957,2959,2026-04-03,16734000.0,Expired,67,1.26
4958,5669,2024-02-29,14512000.0,Sold,47,0.74
4959,4237,2025-12-26,18381000.0,Active,71,0.79
4960,1768,2025-11-27,12843000.0,Sold,141,-1.51
4961,4744,2026-01-08,15632000.0,Active,117,2.06
4962,2236,2024-06-27,13127000.0,Active,7,-5.07
4963,7296,2024-08-17,10524000.0,Active,60,0.38
4964,201,2025-09-12,14938000.0,Active,86,2.5
4965,3199,2025-09-16,14162000.0,Active,5,1.5
4966,257,2025-05-25,13350000.0,Active,16,-5.45
4967,3748,2025-04-25,17202000.0,Sold,43,-1.03
4968,4643,2024-09-26,16160000.0,Withdrawn,104,-3.22
4969,2242,2025-02-21,13260000.0,Active,80,-2.35
4970,6847,2025-06-01,6522000.0,Expired,74,-2.53
4971,3176,2024-12-21,13721000.0,Sold,165,-3.07
4972,3607,2025-01-21,14651000.0,Sold,106,2.86
4973,3337,2026-04-10,11541000.0,Withdrawn,81,-3.44
4974,4898,2025-05-12,6256000.0,Active,121,-6.02
4975,5038,2026-06-28,17205000.0,Sold,99,0.65
4976,7552,2026-02-14,7604000.0,Sold,34,1.96
4977,7428,2025-09-05,10919000.0,Active,5,-2.74
4978,414,2024-03-01,16595000.0,Withdrawn,54,0.92
4979,2015,2024-08-27,7186000.0,Active,31,2.42
4980,1382,2024-01-10,7299000.0,Sold,76,-6.32
4981,1099,2025-07-20,17632000.0,Sold,115,0.23
4982,3427,2024-01-31,19582000.0,Expired,50,1.36
4983,3656,2026-07-21,6872000.0,Expired,87,-0.19
4984,7939,2024-08-01,17496000.0,Withdrawn,103,5.73
4985,910,2024-11-08,15245000.0,Active,55,-3.22
4986,188,2026-03-10,10844000.0,Active,12,-2.47
4987,4045,2025-10-09,7159000.0,Withdrawn,122,-2.95
4988,3757,2025-09-29,12173000.0,Active,98,-0.9
4989,2016,2025-01-20,10147000.0,Sold,105,-1.05
4990,5410,2026-06-26,16025000.0,Withdrawn,134,-0.3
4991,2093,2024-11-13,7487000.0,Active,120,-4.79
4992,3645,2026-08-05,17536000.0,Sold,5,-6.79
4993,2131,2025-07-26,9446000.0,Withdrawn,5,-6.84
4994,5243,2025-03-17,15985000.0,Active,59,5.37
4995,358,2026-01-05,20249000.0,Sold,88,1.57
4996,5648,2025-03-11,14246000.0,Sold,123,-1.55
4997,5186,2025-12-01,14863000.0,Active,114,-3.49
4998,7080,2025-03-08,14555000.0,Active,27,-1.35
4999,5777,2024-12-08,6215000.0,Active,131,1.22
5000,2423,2025-10-14,6878000.0,Active,95,-3.53
5001,4258,2025-11-14,11108000.0,Sold,35,-3.07
5002,7914,2023-11-13,9153000.0,Sold,96,-3.34
5003,7548,2024-04-22,6499000.0,Withdrawn,110,0.81
5004,7824,2025-05-10,6706000.0,Sold,66,2.42
5005,7526,2025-06-27,12761000.0,Active,51,-0.76
5006,7356,2024-07-03,6648000.0,Active,30,-1.5
5007,6466,2025-07-18,15314000.0,Expired,86,2.17
5008,4546,2026-07-27,18760000.0,Withdrawn,87,1.89
5009,1498,2025-05-23,12977000.0,Withdrawn,153,-0.64
5010,5133,2025-09-29,11992000.0,Expired,61,-4.54
5011,6328,2023-10-29,8860000.0,Sold,40,1.91
5012,2159,2025-10-08,3275000.0,Active,116,-3.78
5013,6047,2024-08-21,11032000.0,Active,97,0.31
5014,2556,2024-12-12,15264000.0,Active,73,-1.23
5015,5410,2024-04-27,16025000.0,Active,110,-0.55
5016,2343,2025-07-13,10753000.0,Active,115,-1.73
5017,7619,2026-07-08,8918000.0,Sold,60,1.44
5018,2952,2023-10-15,10206000.0,Sold,5,-4.32
5019,1239,2025-06-28,19283000.0,Active,131,1.59
5020,974,2025-01-05,12139000.0,Withdrawn,126,3.18
5021,4728,2025-02-11,12011000.0,Sold,208,-3.87
5022,3966,2025-05-06,15362000.0,Active,61,-8.21
5023,5687,2024-01-17,13390000.0,Active,92,-2.56
5024,1051,2025-08-28,6328000.0,Sold,182,-4.72
5025,3702,2025-02-23,7635000.0,Sold,108,-4.59
5026,2781,2025-12-24,15780000.0,Sold,101,0.92
5027,7399,2024-10-08,13009000.0,Active,46,-5.06
5028,1589,2026-02-15,15530000.0,Active,81,0.27
5029,3879,2024-07-05,17345000.0,Sold,18,-2.79
5030,2369,2026-07-07,15068000.0,Active,17,-5.39
5031,7057,2026-06-19,11193000.0,Sold,62,-1.39
5032,7401,2026-04-08,6240000.0,Active,55,1.96
5033,5790,2025-09-02,11405000.0,Expired,65,-0.83
5034,437,2025-05-05,16754000.0,Withdrawn,26,3.25
5035,2829,2025-10-03,12066000.0,Sold,78,-5.67
5036,1557,2025-04-18,11515000.0,Sold,24,0.24
5037,7571,2025-07-12,10918000.0,Sold,5,-5.94
5038,5173,2026-01-23,15368000.0,Expired,123,-3.18
5039,3859,2026-01-06,9426000.0,Active,75,-1.84
5040,7481,2023-09-11,9497000.0,Active,71,-0.64
5041,1305,2025-04-13,6578000.0,Withdrawn,69,-0.88
5042,6870,2025-07-26,19884000.0,Active,22,-0.11
5043,6175,2023-09-14,17488000.0,Active,32,-5.82
5044,2385,2023-09-22,12545000.0,Sold,81,-0.58
5045,183,2025-11-10,18180000.0,Withdrawn,35,3.06
5046,7191,2024-03-01,7912000.0,Expired,43,-3.04
5047,6688,2026-01-31,5640000.0,Expired,44,2.67
5048,5566,2025-08-20,14418000.0,Sold,5,-8.66
5049,7242,2025-06-03,12951000.0,Sold,33,0.21
5050,7178,2024-10-26,11675000.0,Active,90,-0.49
5051,7652,2024-08-04,17928000.0,Expired,56,-4.3
5052,5576,2024-08-06,8133000.0,Active,46,-3.7
5053,1590,2024-08-08,12541000.0,Active,155,-2.38
5054,1588,2024-08-26,13749000.0,Sold,121,-7.36
5055,660,2024-05-23,8706000.0,Active,20,2.02
5056,160,2025-05-19,13045000.0,Active,67,-1.21
5057,3954,2025-11-24,8785000.0,Active,79,-0.7
5058,7182,2023-10-05,12943000.0,Active,104,0.62
5059,7346,2025-09-24,6082000.0,Withdrawn,144,-1.96
5060,6556,2024-12-20,12764000.0,Expired,133,-6.74
5061,1012,2025-07-13,20415000.0,Active,101,-1.15
5062,53,2025-12-26,11642000.0,Sold,51,-0.4
5063,6552,2026-08-10,14889000.0,Active,82,4.72
5064,6991,2023-09-04,7920000.0,Sold,44,-1.87
5065,5142,2025-03-02,6162000.0,Active,40,0.62
5066,5150,2023-08-21,21724000.0,Expired,96,-2.15
5067,6847,2024-06-05,6522000.0,Active,73,-3.48
5068,2308,2026-06-15,9666000.0,Sold,85,-0.38
5069,1229,2025-03-06,7598000.0,Sold,67,-1.93
5070,7227,2025-01-31,18313000.0,Sold,62,-3.18
5071,5591,2024-03-07,10316000.0,Sold,85,-0.67
5072,6920,2024-02-07,14788000.0,Active,87,-3.48
5073,5586,2024-02-27,18405000.0,Sold,91,-0.14
5074,1036,2026-03-17,15008000.0,Sold,96,-2.27
5075,3703,2026-05-02,13624000.0,Sold,43,-7.72
5076,6047,2024-07-06,11032000.0,Expired,106,-3.85
5077,4046,2026-07-24,19136000.0,Sold,75,-0.03
5078,7458,2025-09-16,12127000.0,Active,139,-0.32
5079,4946,2026-07-05,17878000.0,Sold,87,-0.95
5080,7928,2024-11-26,8005000.0,Withdrawn,132,-0.9
5081,4450,2025-09-29,12922000.0,Active,64,0.8
5082,7807,2024-01-07,17055000.0,Sold,31,-1.63
5083,5195,2024-07-10,7636000.0,Active,40,-11.01
5084,7017,2025-03-07,11557000.0,Sold,52,-2.31
5085,5836,2026-03-12,22395000.0,Expired,56,1.62
5086,7729,2026-06-26,9287000.0,Withdrawn,52,-1.95
5087,7759,2024-09-01,13678000.0,Expired,5,1.89
5088,5561,2025-01-01,11886000.0,Active,57,5.61
5089,5087,2025-05-23,8951000.0,Active,75,2.25
5090,1265,2024-02-06,9941000.0,Withdrawn,57,-2.42
5091,7162,2024-08-17,7148000.0,Sold,184,3.65
5092,1885,2024-03-04,12314000.0,Sold,35,-2.69
5093,7322,2024-04-13,14788000.0,Withdrawn,97,-0.0
5094,1810,2026-05-13,14028000.0,Sold,5,2.99
5095,3168,2024-04-01,8643000.0,Sold,71,3.09
5096,3798,2026-06-18,10484000.0,Expired,64,2.63
5097,2342,2024-08-12,9410000.0,Sold,59,0.85
5098,6353,2026-06-20,12523000.0,Withdrawn,113,0.58
5099,3415,2025-01-08,21217000.0,Active,111,-2.17
5100,5208,2025-08-29,19421000.0,Expired,18,-3.69
5101,818,2025-09-03,12421000.0,Expired,58,-0.53
5102,5896,2025-02-15,14764000.0,Active,143,-1.99
5103,6057,2024-04-09,13332000.0,Withdrawn,152,-2.86
5104,2438,2026-05-05,17401000.0,Expired,8,2.36
5105,6469,2025-12-29,20653000.0,Expired,124,-8.73
5106,7084,2024-01-09,10020000.0,Expired,153,-0.65
5107,889,2026-01-11,10603000.0,Withdrawn,92,-0.07
5108,5952,2025-12-09,9608000.0,Expired,57,-5.55
5109,5277,2025-03-25,10106000.0,Sold,81,-3.07
5110,668,2025-01-29,9375000.0,Expired,45,-6.84
5111,7819,2023-10-11,7951000.0,Expired,63,-3.25
5112,4729,2025-08-18,15017000.0,Sold,5,-1.75
5113,2625,2023-08-29,11973000.0,Sold,39,-3.83
5114,5739,2025-10-04,8163000.0,Active,5,-4.31
5115,7827,2025-05-27,12939000.0,Withdrawn,52,-2.28
5116,4233,2025-06-06,12196000.0,Expired,57,1.47
5117,6043,2024-05-27,22480000.0,Sold,23,0.36
5118,5794,2025-01-16,7534000.0,Active,57,-3.01
5119,4524,2025-01-24,20610000.0,Expired,81,5.52
5120,5572,2025-07-09,18684000.0,Active,5,-4.42
5121,6756,2025-09-09,8590000.0,Withdrawn,58,0.12
5122,7055,2024-03-06,10518000.0,Active,152,-1.43
5123,819,2025-02-28,14689000.0,Sold,100,0.68
5124,2189,2026-07-02,11165000.0,Withdrawn,104,-4.87
5125,1107,2024-11-14,11658000.0,Sold,52,-3.7
5126,2225,2026-06-15,10174000.0,Sold,113,-1.87
5127,198,2026-08-10,27658000.0,Active,102,-3.94
5128,2672,2025-06-03,11060000.0,Active,91,-2.65
5129,7736,2025-01-28,17823000.0,Sold,121,0.69
5130,6092,2024-06-04,11479000.0,Active,35,-0.06
5131,6835,2024-10-25,7930000.0,Active,143,3.05
5132,3493,2026-04-18,14194000.0,Sold,42,1.33
5133,2449,2026-07-28,13773000.0,Active,25,0.41
5134,7866,2025-06-12,6889000.0,Active,47,3.11
5135,471,2025-02-15,10937000.0,Sold,18,-3.44
5136,6362,2025-08-21,13044000.0,Active,120,0.11
5137,1949,2025-01-21,14320000.0,Sold,70,-1.31
5138,5025,2026-01-05,20281000.0,Withdrawn,76,-1.0
5139,3900,2026-04-30,10010000.0,Active,26,-3.59
5140,2011,2025-11-18,7771000.0,Sold,6,-1.8
5141,3801,2025-01-04,21832500.0,Active,92,-0.81
5142,6776,2025-11-19,15723000.0,Sold,55,0.08
5143,7095,2024-02-22,9686000.0,Active,5,1.56
5144,5002,2025-12-08,17992000.0,Sold,84,-0.12
5145,6319,2024-09-26,9192000.0,Active,22,-2.02
5146,4119,2024-11-25,6629000.0,Sold,135,-1.05
5147,3797,2025-08-08,9784000.0,Sold,56,0.32
5148,3989,2024-05-14,19829000.0,Sold,88,-0.82
5149,235,2026-08-08,6455000.0,Sold,105,-3.03
5150,7181,2023-10-14,19473000.0,Sold,33,1.69
5151,5221,2024-02-04,12127000.0,Sold,89,-1.24
5152,929,2025-11-26,11700000.0,Active,20,-3.46
5153,3608,2024-10-16,16217000.0,Active,5,-1.42
5154,523,2026-08-07,14023000.0,Sold,64,0.39
5155,5905,2026-05-21,9665000.0,Withdrawn,52,-4.39
5156,3524,2024-09-30,11517000.0,Sold,64,2.27
5157,4527,2024-01-25,16074000.0,Withdrawn,42,-3.01
5158,4889,2024-09-20,14754000.0,Active,108,-7.37
5159,1630,2025-03-25,15549000.0,Sold,36,-1.26
5160,5833,2025-10-25,10995000.0,Withdrawn,96,4.5
5161,4629,2026-04-20,25447000.0,Active,103,1.03
5162,7123,2025-02-06,9040000.0,Active,5,-1.32
5163,5843,2024-08-04,17825000.0,Sold,32,4.55
5164,5772,2023-08-31,6617000.0,Withdrawn,200,-0.46
5165,1317,2026-07-17,11215000.0,Expired,121,1.18
5166,2858,2025-11-29,16000000.0,Expired,122,1.8
5167,5009,2025-11-14,10234000.0,Withdrawn,115,-5.67
5168,1125,2025-08-13,17249000.0,Active,59,-2.01
5169,5622,2024-02-28,7536000.0,Active,7,-0.57
5170,5424,2025-09-12,10571000.0,Expired,5,-1.33
5171,7015,2025-08-04,12866000.0,Active,102,-0.04
5172,2588,2024-07-11,10738000.0,Withdrawn,68,-1.32
5173,1024,2025-01-06,13385000.0,Active,109,6.77
5174,5673,2024-10-16,15425000.0,Active,139,-7.15
5175,1379,2026-06-23,14845000.0,Sold,138,0.79
5176,3375,2024-11-17,13840000.0,Withdrawn,116,1.99
5177,1520,2025-09-01,13828000.0,Withdrawn,73,-2.29
5178,5778,2026-06-14,10915000.0,Sold,83,-6.74
5179,7936,2024-03-08,10730000.0,Active,21,2.07
5180,6094,2024-10-08,17207000.0,Sold,101,-4.4
5181,227,2024-05-31,11059000.0,Active,105,-0.56
5182,5356,2025-09-22,13979000.0,Expired,75,2.09
5183,4969,2025-12-31,17056000.0,Sold,100,1.25
5184,892,2024-03-31,13077000.0,Expired,42,-1.63
5185,5575,2024-11-05,18690000.0,Sold,63,-4.38
5186,4073,2026-06-06,10251000.0,Sold,100,1.41
5187,5133,2023-12-15,11992000.0,Sold,81,1.74
5188,2258,2025-05-09,10495000.0,Expired,109,-1.64
5189,2789,2024-02-28,14994000.0,Active,5,-3.84
5190,397,2026-07-09,23070000.0,Sold,23,1.96
5191,5220,2024-12-15,15609000.0,Expired,42,-1.25
5192,2079,2024-10-25,18648000.0,Sold,81,-0.02
5193,7042,2024-07-11,9788000.0,Expired,81,2.03
5194,7696,2024-04-20,16100000.0,Withdrawn,48,-1.2
5195,4745,2026-03-27,17532000.0,Active,52,-1.17
5196,4425,2023-09-30,6894000.0,Active,76,2.56
5197,3238,2024-08-02,15055000.0,Active,142,-3.57
5198,5579,2025-07-09,15184000.0,Active,85,-3.08
5199,3894,2026-02-22,7479000.0,Expired,27,-3.23
5200,5048,2024-10-24,10936000.0,Sold,124,-3.42
5201,2006,2026-08-11,28927500.0,Expired,18,0.84
5202,2017,2024-04-14,8714000.0,Sold,76,0.0
5203,3172,2023-09-07,13116000.0,Sold,22,1.63
5204,2669,2025-08-03,8251000.0,Withdrawn,90,-7.22
5205,1879,2024-03-27,14648000.0,Withdrawn,49,-1.73
5206,1197,2024-01-26,14142000.0,Sold,154,1.49
5207,1773,2026-05-30,11188000.0,Sold,96,-1.14
5208,162,2026-01-04,10975000.0,Sold,136,-0.03
5209,3977,2023-10-17,15520000.0,Withdrawn,58,-1.72
5210,1752,2025-09-01,12959000.0,Sold,37,-0.71
5211,776,2024-10-19,12226000.0,Sold,5,3.13
5212,7431,2023-10-20,11938000.0,Withdrawn,11,-0.75
5213,5924,2025-03-01,8216000.0,Active,112,-5.49
5214,6418,2026-03-30,16101000.0,Sold,73,-0.7
5215,7171,2026-07-12,20667000.0,Expired,5,-0.0
5216,5148,2026-01-23,7063000.0,Expired,51,-3.09
5217,6470,2026-03-05,19768000.0,Active,126,-2.93
5218,940,2023-10-19,10745000.0,Active,152,0.17
5219,3221,2024-07-14,8706000.0,Sold,21,4.56
5220,540,2026-05-12,14199000.0,Sold,96,1.12
5221,6632,2023-12-16,14625000.0,Expired,52,-1.62
5222,4918,2024-03-31,8436000.0,Active,28,-0.24
5223,1462,2025-08-05,16510000.0,Sold,94,-11.09
5224,5185,2025-12-05,9387000.0,Active,20,-5.22
5225,356,2026-04-23,6392000.0,Expired,87,-4.51
5226,3605,2024-03-21,12165000.0,Sold,5,-3.12
5227,3324,2026-06-06,20200000.0,Sold,58,0.81
5228,235,2025-10-27,6455000.0,Expired,83,-4.38
5229,6371,2025-11-17,12389000.0,Sold,92,-4.98
5230,1549,2026-08-12,21923000.0,Active,9,-1.69
5231,7481,2025-07-11,9497000.0,Sold,33,1.36
5232,2097,2025-06-12,8923000.0,Active,68,4.34
5233,4214,2024-09-22,7650000.0,Sold,55,3.47
5234,2102,2024-02-11,12094000.0,Sold,38,0.32
5235,1674,2026-05-26,17349000.0,Active,11,-4.41
5236,6709,2026-04-17,7466000.0,Active,74,-3.81
5237,5164,2025-12-05,18858000.0,Active,79,-0.67
5238,7983,2025-06-02,9684000.0,Sold,56,-1.59
5239,2101,2025-05-17,10792000.0,Withdrawn,103,-2.8
5240,3658,2025-04-07,7706000.0,Active,82,-1.1
5241,4654,2024-12-14,8840000.0,Active,79,-6.1
5242,3597,2025-01-14,2482000.0,Sold,78,-4.65
5243,3749,2023-10-26,22883000.0,Active,117,5.19
5244,3174,2024-09-18,11577000.0,Active,131,-4.16
5245,1816,2025-03-08,8701000.0,Active,120,3.87
5246,3842,2025-05-21,20068000.0,Sold,20,-0.07
5247,2006,2025-12-11,28927500.0,Active,50,1.66
5248,7012,2025-01-20,18694000.0,Expired,33,-2.04
5249,4494,2026-08-04,14436000.0,Active,57,-7.55
5250,7306,2025-09-17,18328000.0,Active,108,-2.47
5251,675,2026-05-24,9036000.0,Active,73,-5.89
5252,387,2024-10-14,10589000.0,Sold,89,-9.15
5253,2159,2025-12-06,3275000.0,Sold,5,-1.97
5254,2662,2026-06-04,8973000.0,Active,72,2.03
5255,2065,2024-08-10,10318000.0,Active,112,1.76
5256,3852,2025-09-29,15507000.0,Expired,95,-3.27
5257,3254,2024-03-07,12689000.0,Expired,36,-0.75
5258,4980,2026-02-06,18220000.0,Sold,86,-0.41
5259,7704,2025-01-25,16728000.0,Sold,75,-5.28
5260,4637,2023-10-13,9441000.0,Active,128,0.31
5261,4267,2024-01-06,16874000.0,Active,18,3.67
5262,6553,2024-05-17,13851000.0,Withdrawn,40,0.61
5263,740,2025-12-17,15674000.0,Withdrawn,94,-0.67
5264,1402,2026-02-09,12121000.0,Active,5,-0.7
5265,3260,2024-04-08,13332000.0,Expired,5,3.3
5266,7002,2024-01-08,21101000.0,Expired,32,-1.1
5267,2278,2025-02-28,15112000.0,Active,110,-3.41
5268,3905,2024-03-20,13276000.0,Expired,31,3.91
5269,3924,2026-01-29,6428000.0,Sold,87,-1.46
5270,4215,2024-11-23,6599000.0,Active,77,-4.16
5271,3228,2024-02-07,15650000.0,Sold,114,4.42
5272,2832,2024-05-19,15896000.0,Sold,112,1.93
5273,3759,2025-11-27,16184000.0,Active,67,-1.95
5274,2513,2026-03-02,13794000.0,Withdrawn,19,-3.67
5275,2152,2024-06-29,8237000.0,Sold,78,-2.39
5276,3676,2024-09-17,21735000.0,Sold,47,-0.83
5277,2746,2025-01-29,10743000.0,Expired,27,3.75
5278,6092,2025-09-17,11479000.0,Sold,24,-4.05
5279,3867,2025-11-10,10131000.0,Withdrawn,69,-2.3
5280,7670,2026-08-09,24602000.0,Active,24,6.77
5281,3765,2025-03-18,13597000.0,Active,32,-7.45
5282,5802,2024-02-25,21372000.0,Expired,32,1.56
5283,5819,2025-07-05,4273000.0,Sold,68,-1.77
5284,2223,2024-10-03,10458000.0,Active,97,4.41
5285,7902,2025-10-19,12016000.0,Active,141,0.71
5286,2793,2024-09-10,13874000.0,Active,56,1.57
5287,1698,2024-11-15,10528000.0,Expired,106,-0.46
5288,5541,2023-11-21,12274000.0,Withdrawn,121,-7.59
5289,7302,2024-12-09,12289000.0,Active,53,0.56
5290,3463,2026-08-06,10233000.0,Active,73,-3.16
5291,4064,2024-09-22,7267000.0,Sold,138,-1.35
5292,5856,2025-04-22,15579000.0,Expired,120,-0.68
5293,1525,2024-02-07,17155000.0,Active,45,0.56
5294,4761,2024-04-17,9201000.0,Active,5,1.34
5295,33,2024-09-26,5331000.0,Sold,5,1.59
5296,6199,2026-04-13,9556000.0,Active,24,-0.9
5297,4026,2025-09-15,15105000.0,Sold,113,-3.97
5298,2567,2024-08-08,8582000.0,Expired,111,-3.85
5299,2804,2025-02-07,7906000.0,Sold,100,-1.65
5300,3897,2023-09-17,17450000.0,Sold,64,0.08
5301,3710,2026-08-07,15849000.0,Expired,108,-5.78
5302,6156,2024-12-11,17992000.0,Active,119,-1.91
5303,5648,2023-08-26,14246000.0,Withdrawn,66,2.03
5304,720,2025-08-19,8919000.0,Sold,24,1.0
5305,6699,2025-12-08,8812000.0,Active,65,-0.69
5306,6517,2025-04-10,11667000.0,Sold,5,-4.38
5307,4580,2026-03-30,6897000.0,Active,41,-2.44
5308,973,2024-03-01,7175000.0,Active,98,-0.18
5309,3719,2026-06-02,6846000.0,Withdrawn,61,-2.55
5310,7396,2026-01-09,10009000.0,Expired,110,-3.3
5311,6767,2024-09-14,13415000.0,Active,66,2.81
5312,4403,2024-01-24,13313000.0,Active,78,1.05
5313,4553,2026-03-12,9489000.0,Expired,63,-4.21
5314,2208,2025-03-19,14442000.0,Sold,77,-0.93
5315,4427,2025-02-15,20867000.0,Active,76,-2.37
5316,6920,2024-10-03,14788000.0,Active,131,3.05
5317,4321,2026-04-25,15573000.0,Active,141,-0.35
5318,3031,2024-09-07,2921000.0,Expired,142,-0.79
5319,6873,2026-05-08,16540000.0,Sold,43,2.52
5320,3576,2025-07-31,22535000.0,Expired,69,-4.12
5321,5576,2024-07-14,8133000.0,Sold,102,-1.55
5322,3117,2026-06-18,11778000.0,Sold,95,-4.17
5323,3286,2024-11-11,12984000.0,Active,124,-4.3
5324,5179,2025-08-16,13607000.0,Expired,61,1.96
5325,644,2026-03-09,10149000.0,Sold,124,3.67
5326,4712,2025-02-16,8593000.0,Sold,69,-2.95
5327,195,2024-11-13,13378000.0,Sold,72,-4.94
5328,3997,2025-08-29,18193000.0,Expired,23,2.25
5329,489,2024-08-05,9354000.0,Sold,83,6.25
5330,2205,2024-12-30,18216000.0,Active,127,-2.84
5331,2658,2024-02-01,12423000.0,Sold,70,1.56
5332,5346,2025-03-11,6782000.0,Active,144,-1.47
5333,6556,2023-12-10,12764000.0,Active,60,-1.05
5334,3277,2023-08-30,21751000.0,Active,81,-6.09
5335,1103,2026-07-12,13574000.0,Expired,134,-2.0
5336,5244,2026-08-18,10257000.0,Expired,109,-5.47
5337,6615,2026-06-25,12553000.0,Active,85,-5.35
5338,1242,2025-10-23,11835000.0,Expired,167,-2.71
5339,516,2023-10-13,15615000.0,Withdrawn,58,0.99
5340,5722,2025-04-09,8304000.0,Active,38,-6.72
5341,5224,2026-06-09,15736000.0,Sold,69,-0.39
5342,393,2025-01-27,9772000.0,Withdrawn,136,-3.79
5343,631,2024-11-03,9089000.0,Withdrawn,43,0.1
5344,3717,2024-07-25,18120000.0,Active,126,0.03
5345,1848,2026-06-10,12006000.0,Active,5,-3.14
5346,2656,2024-09-07,9233000.0,Sold,123,-3.61
5347,980,2023-09-17,9909000.0,Active,129,-2.58
5348,4530,2025-08-31,21005000.0,Sold,175,0.22
5349,3403,2025-04-06,8491000.0,Active,77,-4.83
5350,7311,2025-08-01,16353000.0,Active,100,-0.61
5351,3872,2024-08-04,8621000.0,Active,43,-0.4
5352,6684,2023-08-31,11490000.0,Active,142,-1.51
5353,278,2023-08-21,9957000.0,Active,51,1.99
5354,233,2026-05-07,17269000.0,Sold,27,-4.9
5355,1553,2025-04-20,11671000.0,Sold,88,-4.81
5356,5691,2025-09-03,12074000.0,Active,173,5.47
5357,5210,2024-11-22,9705000.0,Expired,56,0.98
5358,7660,2025-06-01,7367000.0,Sold,136,7.02
5359,3271,2026-01-16,13245000.0,Sold,71,-2.43
5360,2410,2024-05-30,12062000.0,Sold,72,-4.2
5361,3513,2025-02-17,7055000.0,Expired,139,1.5
5362,26,2023-11-14,19276000.0,Sold,76,-0.46
5363,7193,2024-04-08,3520000.0,Active,126,0.4
5364,5514,2025-03-24,16689000.0,Expired,104,-2.7
5365,6651,2025-12-13,10439000.0,Sold,32,-0.23
5366,7469,2025-04-11,14468000.0,Sold,94,-8.62
5367,7507,2024-11-29,12118000.0,Withdrawn,128,-3.08
5368,6411,2024-03-19,9451000.0,Sold,34,-5.63
5369,461,2024-10-13,13406000.0,Expired,30,-2.47
5370,3765,2025-07-14,13597000.0,Sold,5,-8.76
5371,6600,2024-10-18,9900000.0,Sold,36,0.05
5372,3432,2024-08-16,9868000.0,Active,106,-4.86
5373,5188,2026-06-10,16853000.0,Expired,147,-1.32
5374,5103,2024-05-02,14073000.0,Expired,10,-0.13
5375,7007,2026-01-31,7269000.0,Expired,41,-3.6
5376,3484,2024-12-17,14910000.0,Expired,41,-10.91
5377,1995,2025-11-12,12344000.0,Active,49,5.06
5378,491,2024-11-09,15655000.0,Sold,49,-2.19
5379,1073,2024-04-26,10131000.0,Sold,56,-5.69
5380,7855,2026-06-29,12681000.0,Expired,168,0.85
5381,6708,2025-05-13,16516000.0,Expired,149,-2.12
5382,3174,2026-03-20,11577000.0,Sold,5,-6.47
5383,216,2024-02-07,17077000.0,Sold,92,-4.13
5384,7606,2026-03-25,15697000.0,Sold,104,-0.54
5385,1724,2025-09-16,16494000.0,Active,121,0.92
5386,1593,2026-05-24,6168000.0,Withdrawn,19,-2.86
5387,2607,2024-02-22,11431000.0,Sold,78,-9.65
5388,159,2023-12-23,13875000.0,Sold,143,-1.26
5389,6633,2026-05-29,14328000.0,Sold,17,-1.33
5390,4782,2024-09-01,11118000.0,Sold,43,-3.43
5391,3314,2024-03-05,8069000.0,Sold,81,3.77
5392,2842,2025-02-01,13700000.0,Active,172,1.96
5393,1777,2024-04-02,8369000.0,Active,98,1.15
5394,2053,2026-04-17,11366000.0,Sold,97,-0.24
5395,7764,2025-02-16,9578000.0,Sold,58,-1.08
5396,5940,2024-06-30,10047000.0,Sold,106,-5.52
5397,6505,2024-07-28,10772000.0,Active,63,4.57
5398,6603,2024-08-08,13245000.0,Sold,134,1.09
5399,2296,2024-02-16,7275000.0,Active,139,-4.92
5400,5686,2025-06-07,15773000.0,Expired,145,1.74
5401,1697,2023-08-29,12767000.0,Sold,70,-3.97
5402,2994,2026-05-11,10876000.0,Active,127,5.41
5403,2470,2023-08-24,14051000.0,Sold,140,-0.85
5404,1947,2025-01-19,14209000.0,Active,110,-6.06
5405,3810,2025-11-20,17540000.0,Sold,91,3.38
5406,6159,2023-09-17,12062000.0,Expired,123,-5.92
5407,2784,2025-01-25,15331000.0,Active,77,-2.88
5408,3645,2026-05-12,17536000.0,Sold,71,3.21
5409,5242,2025-04-28,9664000.0,Sold,40,-2.32
5410,6421,2024-02-15,12610000.0,Sold,46,-3.36
5411,5678,2023-11-11,10186000.0,Active,115,1.78
5412,2501,2024-09-12,34265000.0,Sold,25,0.21
5413,7558,2025-05-24,23644000.0,Expired,153,-0.1
5414,7462,2024-12-26,13742000.0,Sold,90,-3.6
5415,3646,2026-07-25,9493000.0,Withdrawn,30,-5.9
5416,2646,2024-11-11,18948000.0,Active,78,-11.1
5417,6590,2023-09-06,17373000.0,Sold,11,-3.5
5418,6354,2025-03-25,18332000.0,Active,97,-2.59
5419,7758,2025-11-09,10504000.0,Sold,22,-3.08
5420,6858,2024-08-01,13264000.0,Sold,102,2.19
5421,2350,2023-12-23,17812000.0,Active,66,0.43
5422,1933,2025-04-21,15941000.0,Sold,24,-0.17
5423,3295,2024-12-13,15261000.0,Active,110,-1.11
5424,1758,2024-07-11,10846000.0,Sold,62,2.14
5425,6147,2026-07-25,5357000.0,Sold,79,0.82
5426,5086,2024-04-30,14747000.0,Sold,68,0.84
5427,5638,2024-12-09,11205000.0,Expired,78,-3.62
5428,1117,2024-03-31,16030000.0,Sold,34,0.34
5429,2568,2024-12-15,17259000.0,Expired,81,-4.09
5430,3500,2025-03-21,7497000.0,Sold,37,-0.97
5431,493,2024-09-06,13252000.0,Active,180,-7.78
5432,3307,2024-12-25,13818000.0,Active,15,0.28
5433,620,2024-07-13,10577000.0,Sold,59,-2.52
5434,3233,2025-11-16,16125000.0,Withdrawn,5,-0.19
5435,7889,2025-09-06,23159000.0,Sold,18,1.26
5436,3824,2024-09-02,19561000.0,Withdrawn,5,-8.06
5437,6475,2025-08-06,14173000.0,Expired,106,1.67
5438,2381,2024-09-19,10994000.0,Active,96,-2.65
5439,6194,2023-12-25,12846000.0,Active,151,-2.96
5440,1547,2023-12-22,13053000.0,Active,70,3.09
5441,4959,2025-07-12,9848000.0,Active,19,3.38
5442,5788,2025-03-28,9193000.0,Sold,91,-5.65
5443,3564,2026-07-06,19124000.0,Sold,41,-0.08
5444,1606,2024-06-04,13228000.0,Sold,43,-2.7
5445,3753,2026-01-04,21005000.0,Active,156,-1.8
5446,6416,2025-06-08,8761000.0,Expired,5,-4.25
5447,4676,2024-10-20,9127000.0,Active,144,-2.16
5448,1891,2026-05-23,9908000.0,Active,28,0.88
5449,1276,2024-05-12,9108000.0,Active,29,2.63
5450,6704,2025-04-29,5831000.0,Active,54,-3.48
5451,2744,2024-03-05,8168000.0,Active,79,2.46
5452,5952,2025-01-25,9608000.0,Expired,5,-0.43
5453,7867,2025-01-24,8626000.0,Sold,58,4.28
5454,7258,2025-01-30,17288000.0,Withdrawn,95,-0.51
5455,2494,2024-05-05,12179000.0,Sold,43,-1.19
5456,7161,2025-07-21,11263000.0,Active,136,-3.4
5457,5452,2023-11-14,13264000.0,Active,106,-3.47
5458,5259,2024-04-19,12097000.0,Sold,58,-0.22
5459,357,2024-06-15,16611000.0,Withdrawn,79,-3.12
5460,5721,2024-12-30,12505000.0,Active,107,2.58
5461,6418,2024-09-27,16101000.0,Active,41,1.48
5462,7187,2026-05-05,8883000.0,Withdrawn,50,3.27
5463,6103,2023-11-07,14522000.0,Sold,55,-1.1
5464,6455,2026-03-16,17196000.0,Sold,24,2.18
5465,870,2025-06-30,12580000.0,Sold,114,1.78
5466,886,2026-06-01,9099000.0,Active,88,-1.11
5467,2002,2025-11-25,22875000.0,Withdrawn,77,3.36
5468,6298,2026-02-17,6628000.0,Active,49,-6.37
5469,5510,2025-01-15,15851000.0,Active,93,-3.91
5470,1284,2024-10-02,6803000.0,Sold,92,-1.39
5471,620,2025-05-30,10577000.0,Active,75,2.51
5472,883,2025-08-22,18741000.0,Active,70,-3.57
5473,797,2026-03-06,11488000.0,Active,109,-3.31
5474,3643,2024-04-18,8255000.0,Expired,5,-3.82
5475,6269,2025-10-28,10504000.0,Expired,106,1.09
5476,3426,2026-01-28,10777000.0,Active,5,-1.07
5477,1297,2023-10-03,10238000.0,Active,47,3.15
5478,4715,2025-12-20,19268000.0,Expired,44,-10.71
5479,5931,2026-05-22,9701000.0,Sold,62,5.28
5480,245,2024-08-08,7480000.0,Withdrawn,100,-7.07
5481,2896,2023-09-02,6967000.0,Sold,129,2.21
5482,6594,2024-06-29,4859000.0,Expired,70,-2.8
5483,930,2025-11-07,9189000.0,Active,55,-6.02
5484,5367,2024-12-12,30449000.0,Sold,87,2.08
5485,520,2024-10-09,9178000.0,Sold,61,-3.07
5486,3213,2025-04-14,12612000.0,Sold,76,-2.87
5487,2410,2024-06-26,12062000.0,Active,74,-3.98
5488,8,2024-08-07,10585000.0,Sold,5,2.87
5489,2526,2025-05-02,8497000.0,Expired,108,2.66
5490,3424,2025-05-07,15368000.0,Withdrawn,92,-0.55
5491,2020,2024-06-18,14823000.0,Sold,170,-0.31
5492,4591,2026-05-30,12030000.0,Sold,39,-1.22
5493,5726,2024-07-03,12957000.0,Sold,104,1.77
5494,6977,2024-01-04,13313000.0,Expired,116,-2.85
5495,7595,2025-08-09,19227000.0,Sold,107,-0.47
5496,5159,2026-03-30,16231000.0,Sold,81,-1.56
5497,6737,2023-12-11,10186000.0,Active,114,-2.12
5498,4283,2024-01-14,12050000.0,Expired,139,-4.11
5499,3668,2025-06-18,15494000.0,Sold,114,-3.01
5500,3672,2024-05-16,14831000.0,Expired,112,-1.38
5501,2802,2026-04-14,15490000.0,Sold,5,-1.33
5502,5974,2023-10-19,17566000.0,Sold,106,-3.75
5503,6237,2026-07-27,10695000.0,Withdrawn,98,-5.33
5504,86,2024-11-07,12874000.0,Sold,19,0.06
5505,3116,2024-05-05,8405000.0,Sold,84,-0.96
5506,4233,2024-09-30,12196000.0,Active,87,-1.46
5507,2469,2026-01-03,4712000.0,Withdrawn,5,-2.14
5508,6218,2026-04-06,10863000.0,Expired,5,-3.86
5509,3620,2024-09-26,10636000.0,Withdrawn,84,-4.66
5510,1637,2026-06-20,18223000.0,Active,104,-1.97
5511,3584,2024-07-28,16701000.0,Sold,5,-6.52
5512,7324,2026-05-09,18796000.0,Expired,71,1.4
5513,4010,2025-05-22,13881000.0,Withdrawn,80,-1.54
5514,3327,2025-04-04,8347000.0,Active,5,-5.14
5515,2219,2025-05-06,11681000.0,Sold,46,-2.53
5516,5848,2026-08-17,5582000.0,Active,52,-2.78
5517,2218,2024-02-07,9802000.0,Active,43,-5.75
5518,5884,2024-03-10,7110000.0,Sold,61,4.41
5519,4968,2025-09-29,17346000.0,Sold,73,-7.75
5520,2370,2025-06-01,15133000.0,Expired,5,-7.02
5521,3639,2026-05-20,4513000.0,Active,60,-1.21
5522,2504,2025-03-17,17348000.0,Active,5,-4.05
5523,944,2025-04-24,4779000.0,Sold,80,-1.11
5524,5723,2025-12-04,6790000.0,Sold,89,-2.33
5525,2838,2024-08-10,11342000.0,Withdrawn,29,2.25
5526,2661,2025-01-16,8474000.0,Sold,23,-0.13
5527,7323,2025-08-03,14753000.0,Sold,5,-6.39
5528,2937,2025-04-16,7666000.0,Withdrawn,120,-5.78
5529,4445,2025-12-19,15297000.0,Active,35,-0.31
5530,7619,2025-12-29,8918000.0,Sold,85,0.92
5531,3948,2026-08-02,8243000.0,Sold,70,-1.8
5532,1677,2025-01-10,14753000.0,Active,46,-0.85
5533,1197,2026-06-14,14142000.0,Expired,5,-2.07
5534,4106,2024-05-17,14926000.0,Sold,13,3.51
5535,2788,2025-05-25,18890000.0,Active,100,-0.86
5536,7433,2025-01-14,4760000.0,Active,72,-2.45
5537,1462,2024-04-16,16510000.0,Sold,107,-4.84
5538,7928,2025-07-22,8005000.0,Active,48,1.41
5539,3319,2025-03-06,12019000.0,Expired,90,2.76
5540,667,2024-05-16,13454000.0,Expired,47,2.81
5541,6690,2024-12-11,14774000.0,Active,92,-0.95
5542,5619,2024-10-14,6720000.0,Active,86,-5.32
5543,2177,2023-09-18,17985000.0,Active,146,-3.65
5544,3744,2025-02-17,6863000.0,Active,31,-1.05
5545,601,2025-05-05,13149000.0,Sold,67,2.02
5546,2653,2025-02-16,12026000.0,Expired,69,1.82
5547,4423,2026-01-24,12289000.0,Active,5,-2.39
5548,3825,2026-06-04,16870000.0,Active,8,-2.05
5549,3907,2026-07-24,12552000.0,Sold,104,0.11
5550,980,2026-01-02,9909000.0,Active,17,-4.93
5551,2452,2025-11-23,14825000.0,Sold,7,-2.07
5552,629,2025-09-09,17232000.0,Active,157,0.64
5553,1630,2024-07-05,15549000.0,Active,90,0.03
5554,7843,2026-08-15,8983000.0,Sold,133,3.44
5555,7779,2025-08-14,13092000.0,Expired,93,2.11
5556,3697,2024-12-18,21808000.0,Sold,52,-3.09
5557,3431,2024-01-20,9198000.0,Active,102,-4.25
5558,3675,2024-10-31,12712000.0,Sold,129,-2.7
5559,3930,2026-06-20,6016000.0,Active,66,1.33
5560,2766,2026-04-26,14846000.0,Sold,83,-4.57
5561,7185,2025-10-27,7656000.0,Sold,51,-5.59
5562,4370,2026-07-18,14710000.0,Sold,117,-0.69
5563,4781,2025-11-08,15081000.0,Active,63,-2.79
5564,116,2025-09-10,8693000.0,Active,142,-4.14
5565,4957,2023-09-07,10141000.0,Sold,32,0.05
5566,2004,2024-12-15,5373000.0,Active,154,1.61
5567,693,2024-04-29,7007000.0,Sold,105,0.72
5568,3163,2024-03-06,10418000.0,Sold,130,-3.99
5569,1106,2026-06-25,18979000.0,Active,33,3.37
5570,6468,2024-11-05,12143000.0,Expired,113,-2.98
5571,3009,2024-01-28,18426000.0,Sold,110,-5.94
5572,2162,2025-03-08,7978000.0,Active,164,1.16
5573,5889,2024-09-01,13978000.0,Active,42,-1.98
5574,7226,2024-10-15,18145000.0,Active,116,-5.01
5575,154,2023-09-06,8642000.0,Sold,85,-3.96
5576,5997,2025-06-30,18818000.0,Sold,86,0.95
5577,5524,2025-08-24,15967000.0,Expired,65,-2.09
5578,3700,2025-11-05,15058000.0,Sold,90,-1.14
5579,5386,2024-11-28,3995000.0,Sold,37,-5.82
5580,4411,2023-12-30,10814000.0,Active,52,-3.67
5581,3787,2025-01-03,12400000.0,Withdrawn,46,-2.9
5582,1065,2024-08-04,9732000.0,Active,70,-5.75
5583,4201,2025-05-21,5953000.0,Sold,65,-2.57
5584,6021,2026-02-25,9509000.0,Active,58,-2.42
5585,1914,2026-07-04,15417000.0,Sold,83,2.3
5586,1217,2026-06-21,13829000.0,Active,37,-3.13
5587,5521,2024-12-16,11859000.0,Expired,7,-0.16
5588,7446,2024-06-19,7459000.0,Sold,73,2.3
5589,2402,2025-07-18,9032000.0,Active,125,-2.77
5590,7160,2025-04-17,13569000.0,Active,64,-3.27
5591,1773,2025-10-13,11188000.0,Expired,92,-6.06
5592,1961,2025-05-27,11541000.0,Active,96,-0.99
5593,2781,2026-03-04,15780000.0,Active,88,-2.06
5594,5700,2025-04-17,11184000.0,Sold,75,-1.75
5595,4805,2025-08-23,20155000.0,Active,101,-1.23
5596,7424,2026-07-31,8347000.0,Active,58,-3.32
5597,4747,2025-08-24,12719000.0,Withdrawn,28,4.77
5598,2872,2024-07-18,8407000.0,Expired,123,-5.51
5599,5043,2025-02-12,15129000.0,Sold,102,-3.07
5600,661,2025-10-08,8630000.0,Active,138,-3.85
5601,6243,2025-12-05,12451000.0,Sold,91,-3.28
5602,2636,2025-09-14,15089000.0,Withdrawn,112,0.28
5603,2330,2026-01-19,17992000.0,Active,71,1.08
5604,3955,2024-09-22,13498000.0,Sold,21,2.01
5605,2451,2025-11-09,11015000.0,Active,130,-0.45
5606,1133,2024-08-25,11176000.0,Sold,62,-10.36
5607,700,2025-07-06,20734000.0,Sold,15,-4.85
5608,6343,2024-01-22,13220000.0,Sold,5,2.34
5609,7471,2025-03-13,7183000.0,Active,178,-2.8
5610,2039,2026-03-30,9705000.0,Active,48,-0.2
5611,6471,2026-06-21,9882000.0,Active,10,-5.13
5612,6298,2023-09-25,6628000.0,Sold,208,-0.98
5613,4648,2024-12-28,22622000.0,Active,5,1.92
5614,7813,2025-09-23,17599000.0,Sold,69,-3.8
5615,4501,2023-09-15,16234000.0,Active,92,-1.91
5616,4558,2023-11-17,10957000.0,Sold,39,-5.09
5617,2180,2024-03-15,17353000.0,Active,117,-0.97
5618,2839,2023-10-08,16380000.0,Active,140,-1.9
5619,874,2025-06-14,19360000.0,Active,58,-2.29
5620,84,2024-12-23,9416000.0,Sold,138,-0.06
5621,1423,2023-10-30,14389000.0,Withdrawn,139,-2.4
5622,6898,2024-01-07,12563000.0,Expired,60,-1.14
5623,2676,2023-12-15,12688000.0,Sold,118,4.43
5624,3181,2024-10-18,11611000.0,Sold,50,0.35
5625,4317,2024-05-11,16615000.0,Active,92,-2.05
5626,3976,2024-12-25,13569000.0,Sold,5,-1.58
5627,6697,2023-09-19,5791000.0,Withdrawn,83,-2.17
5628,1392,2026-06-05,8353000.0,Sold,40,0.98
5629,3219,2025-01-30,11814000.0,Active,54,3.56
5630,4208,2026-06-19,11463000.0,Active,192,0.44
5631,615,2026-06-11,8516000.0,Sold,5,-1.75
5632,5678,2024-04-21,10186000.0,Withdrawn,58,-0.12
5633,2972,2025-05-04,7168000.0,Withdrawn,136,-1.79
5634,3566,2026-01-28,9242000.0,Sold,56,-2.53
5635,3577,2025-12-11,16593000.0,Active,47,-2.92
5636,4571,2023-12-20,12759000.0,Expired,97,1.86
5637,6980,2026-07-27,9143000.0,Active,201,1.07
5638,6010,2025-10-22,12480000.0,Sold,92,-1.71
5639,271,2024-02-23,10475000.0,Active,112,-5.14
5640,4067,2023-11-20,16786000.0,Sold,118,-1.22
5641,2469,2025-01-19,4712000.0,Sold,41,-1.73
5642,6017,2025-01-26,10853000.0,Sold,145,2.09
5643,6851,2023-08-22,8713000.0,Sold,66,-2.7
5644,1391,2026-04-17,8634000.0,Expired,73,-3.46
5645,7448,2025-09-12,12012000.0,Active,56,-5.62
5646,3355,2025-05-01,15314000.0,Expired,86,-2.39
5647,4136,2026-02-13,16771000.0,Active,24,-3.4
5648,6079,2025-03-21,8539000.0,Sold,164,-2.96
5649,6333,2025-03-23,9308000.0,Withdrawn,114,-2.84
5650,7332,2023-09-25,8317000.0,Sold,107,-2.87
5651,5090,2025-04-23,13889000.0,Sold,83,-5.04
5652,6109,2025-09-07,15796000.0,Active,106,-1.07
5653,3608,2025-02-20,16217000.0,Active,37,-2.32
5654,2584,2026-07-26,4253000.0,Active,110,-1.87
5655,4074,2024-11-27,19704000.0,Sold,75,0.82
5656,3076,2026-06-08,8967000.0,Sold,150,-1.07
5657,3907,2025-03-07,12552000.0,Active,18,-4.19
5658,290,2024-01-02,13269000.0,Active,62,-1.91
5659,2481,2024-12-17,9269000.0,Active,37,-1.81
5660,6615,2024-03-25,12553000.0,Sold,97,-1.59
5661,3253,2024-10-25,7809000.0,Active,93,3.1
5662,7416,2024-08-22,15325000.0,Active,65,-6.07
5663,6772,2024-11-15,10827000.0,Expired,134,-5.56
5664,279,2026-06-09,13409000.0,Active,99,-3.11
5665,2925,2025-01-21,24040000.0,Sold,92,3.21
5666,581,2024-09-30,10461000.0,Active,31,-5.23
5667,4959,2026-06-08,9848000.0,Active,77,-3.25
5668,254,2025-04-29,13072000.0,Active,117,1.33
5669,4277,2024-12-23,15562000.0,Sold,89,-1.64
5670,7998,2024-05-12,17771000.0,Active,5,-3.56
5671,4777,2026-05-17,9210000.0,Sold,46,-1.64
5672,825,2026-01-02,17172000.0,Sold,78,-4.64
5673,7677,2024-07-03,15910000.0,Sold,60,-0.18
5674,3833,2026-01-24,15268000.0,Sold,86,0.22
5675,700,2024-08-03,20734000.0,Withdrawn,212,-0.93
5676,6710,2025-11-13,5675000.0,Withdrawn,5,-3.56
5677,5446,2025-07-20,11309000.0,Active,37,-2.3
5678,1381,2026-04-19,18729000.0,Sold,95,-3.57
5679,3897,2025-01-28,17450000.0,Active,76,-5.51
5680,1674,2025-08-11,17349000.0,Active,5,0.16
5681,2728,2024-09-10,21188000.0,Active,5,4.53
5682,6535,2023-09-02,13195000.0,Sold,13,1.13
5683,5735,2023-10-01,16987000.0,Active,39,2.74
5684,6054,2024-08-13,10595000.0,Sold,85,-4.45
5685,3157,2026-02-09,10513000.0,Sold,5,-0.49
5686,3389,2025-11-17,11479000.0,Active,10,0.38
5687,4308,2025-08-02,11338000.0,Sold,6,-3.04
5688,5635,2025-11-05,15949000.0,Withdrawn,72,0.79
5689,384,2025-04-11,10590000.0,Sold,25,-5.1
5690,5811,2023-09-17,7332000.0,Sold,104,-2.8
5691,342,2025-04-03,19204000.0,Active,75,-0.16
5692,5935,2024-08-04,11260000.0,Sold,99,-4.35
5693,1988,2024-08-10,9088000.0,Active,16,-5.31
5694,4060,2024-12-22,10249000.0,Withdrawn,65,2.9
5695,4940,2024-04-07,20517000.0,Sold,91,-1.7
5696,3110,2025-01-31,16550000.0,Active,108,-0.19
5697,4083,2024-07-04,10081000.0,Sold,76,-6.32
5698,5631,2024-09-17,17931000.0,Active,94,-3.16
5699,4516,2025-01-19,13482000.0,Sold,81,-4.95
5700,2799,2024-01-30,9145000.0,Sold,167,-3.55
5701,3241,2025-03-18,9637000.0,Sold,121,-3.24
5702,1989,2024-02-03,12712000.0,Sold,55,-4.36
5703,6029,2026-06-16,11084000.0,Withdrawn,107,-1.72
5704,3415,2023-09-06,21217000.0,Active,60,2.81
5705,1850,2024-06-28,17854000.0,Sold,90,-0.07
5706,306,2024-09-28,6111000.0,Expired,56,-0.91
5707,3614,2025-12-31,13536000.0,Sold,123,-1.09
5708,2750,2025-11-02,18969000.0,Active,101,-2.48
5709,4965,2026-06-11,11158000.0,Sold,74,0.57
5710,6681,2024-07-17,11517000.0,Sold,32,-3.53
5711,1136,2024-05-14,6896000.0,Sold,52,3.42
5712,5531,2024-11-07,12239000.0,Active,149,0.38
5713,206,2023-09-04,14342000.0,Expired,85,3.76
5714,7353,2025-08-24,16598000.0,Sold,92,-0.71
5715,7550,2024-12-01,17741000.0,Expired,15,-4.7
5716,4592,2025-09-03,15627000.0,Active,133,-0.5
5717,3451,2023-12-23,8928000.0,Sold,25,-2.7
5718,7215,2024-08-30,12261000.0,Active,159,2.57
5719,6006,2024-09-24,9007000.0,Sold,37,-0.53
5720,3812,2024-10-12,16673000.0,Expired,75,-4.78
5721,3623,2024-12-10,14710000.0,Active,32,-0.48
5722,3600,2024-04-29,9261000.0,Sold,136,-3.21
5723,2552,2024-06-26,10912000.0,Active,72,-3.73
5724,5142,2025-09-30,6162000.0,Active,84,-4.51
5725,4309,2024-12-14,9929000.0,Sold,146,1.46
5726,310,2025-08-06,15038000.0,Expired,23,-7.96
5727,2709,2023-10-08,10878000.0,Sold,138,-3.38
5728,1992,2023-10-04,14427000.0,Sold,97,-3.36
5729,6897,2026-02-13,10590000.0,Sold,93,-0.64
5730,272,2024-08-21,11169000.0,Active,49,-4.51
5731,3643,2024-07-14,8255000.0,Sold,63,-2.42
5732,4087,2026-06-25,9876000.0,Expired,44,-6.32
5733,1823,2025-04-17,11562000.0,Withdrawn,81,-2.65
5734,7082,2024-01-18,9800000.0,Active,101,-1.15
5735,3274,2025-07-06,5740000.0,Expired,85,-5.22
5736,6176,2023-09-14,9686000.0,Expired,96,-0.41
5737,4539,2026-04-04,16603000.0,Withdrawn,104,-1.43
5738,6306,2025-05-06,14741000.0,Sold,63,-3.78
5739,6911,2025-09-05,21932000.0,Expired,19,-1.05
5740,4350,2026-05-31,12917000.0,Sold,35,-6.25
5741,521,2024-10-14,10561000.0,Active,88,0.39
5742,977,2025-06-15,17044000.0,Sold,77,-2.58
5743,3723,2024-07-22,11788000.0,Active,59,1.39
5744,3552,2024-05-11,6076000.0,Sold,128,2.83
5745,4106,2024-12-11,14926000.0,Sold,5,-0.33
5746,2774,2024-09-04,5262000.0,Sold,67,-3.69
5747,2553,2025-09-20,5459000.0,Sold,14,1.71
5748,2833,2026-04-27,8794000.0,Sold,33,4.43
5749,3908,2026-02-08,15278000.0,Expired,115,-5.32
5750,5680,2026-06-21,16240000.0,Active,96,-0.18
5751,6580,2026-05-24,9114000.0,Active,5,-7.34
5752,5231,2024-04-22,12470000.0,Expired,10,1.71
5753,153,2025-08-07,10573000.0,Active,40,-0.36
5754,5755,2024-04-07,14885000.0,Sold,64,-4.46
5755,2965,2024-04-14,16796000.0,Sold,117,-0.18
5756,2917,2024-07-05,6048000.0,Active,65,-4.45
5757,7270,2024-01-20,14396000.0,Expired,44,0.09
5758,2801,2024-02-16,6904000.0,Expired,52,-3.6
5759,5953,2024-09-20,11073000.0,Sold,99,-7.76
5760,5311,2025-12-12,17317000.0,Active,167,-0.71
5761,1753,2026-05-20,16693000.0,Active,94,-9.11
5762,2611,2023-12-04,10904000.0,Sold,71,-2.61
5763,3876,2023-10-01,8280000.0,Active,23,-0.05
5764,1105,2025-10-27,6876000.0,Active,59,0.76
5765,2537,2024-05-04,14528000.0,Sold,82,-3.56
5766,4991,2023-10-29,13388000.0,Expired,135,-2.25
5767,5208,2025-12-03,19421000.0,Active,95,-7.41
5768,7362,2024-07-10,11914000.0,Sold,104,1.5
5769,4200,2025-07-24,13236000.0,Active,162,-2.62
5770,3855,2024-03-08,8744000.0,Active,80,2.81
5771,7264,2024-06-13,22060000.0,Expired,113,-1.67
5772,3495,2025-07-17,9877000.0,Sold,102,0.66
5773,1915,2025-12-25,10571000.0,Active,111,-3.88
5774,7366,2025-07-11,12142000.0,Sold,82,0.91
5775,3073,2025-10-06,6264000.0,Active,114,-0.85
5776,1007,2024-11-01,18652000.0,Active,108,-3.53
5777,407,2024-05-17,4912000.0,Active,90,-1.27
5778,5498,2025-06-15,5346000.0,Active,93,0.06
5779,167,2025-12-11,19538000.0,Expired,102,-0.09
5780,509,2025-10-27,9955000.0,Withdrawn,104,-4.33
5781,1662,2024-05-30,9468000.0,Sold,26,-6.29
5782,6457,2024-04-08,11457000.0,Sold,58,-0.94
5783,3665,2026-05-10,5913000.0,Sold,73,3.74
5784,3490,2025-10-06,12108000.0,Expired,128,2.44
5785,4859,2023-09-08,7267000.0,Active,40,-3.59
5786,681,2025-09-26,13283000.0,Active,123,5.05
5787,2525,2026-04-02,24073000.0,Active,59,-0.98
5788,2121,2025-10-21,6845000.0,Sold,81,-2.0
5789,5261,2026-03-28,16232000.0,Sold,72,-4.18
5790,4678,2025-04-06,25377000.0,Expired,109,-3.19
5791,4358,2025-11-04,13422000.0,Active,37,1.8
5792,1364,2025-02-13,8681000.0,Expired,40,-8.99
5793,1332,2024-02-17,7149000.0,Sold,119,-3.14
5794,2293,2024-07-31,4515000.0,Active,72,-5.49
5795,1539,2024-07-15,15901000.0,Sold,41,2.05
5796,3409,2025-09-11,10406000.0,Sold,123,-1.43
5797,7743,2024-10-05,20532000.0,Expired,111,-0.26
5798,561,2025-11-06,20872000.0,Expired,125,4.0
5799,1100,2023-10-14,13378000.0,Expired,82,-2.65
5800,1904,2025-05-16,12954000.0,Expired,96,0.77
5801,175,2026-06-20,14148000.0,Active,75,-3.1
5802,2157,2024-04-06,11634000.0,Expired,127,-2.33
5803,2231,2025-02-15,6505000.0,Active,80,-3.72
5804,4288,2023-09-04,19293000.0,Sold,44,1.51
5805,4161,2025-05-27,11715000.0,Sold,61,-4.78
5806,3921,2026-07-16,9466000.0,Active,94,-3.15
5807,7107,2026-04-18,12277000.0,Active,33,-1.76
5808,1498,2026-07-17,12977000.0,Active,66,0.16
5809,3855,2026-07-06,8744000.0,Sold,99,-4.56
5810,3172,2026-05-14,13116000.0,Active,148,-0.51
5811,1568,2023-12-10,13110000.0,Sold,64,-2.39
5812,7008,2026-04-25,10188000.0,Sold,88,-0.92
5813,1152,2024-04-27,10375000.0,Expired,80,7.67
5814,7620,2025-07-06,19588000.0,Active,57,-1.67
5815,6034,2024-07-07,11874000.0,Sold,23,1.37
5816,369,2025-06-10,7342000.0,Sold,60,1.14
5817,4947,2025-09-02,23277000.0,Sold,107,-0.06
5818,43,2025-04-13,14469000.0,Active,46,1.82
5819,1908,2024-09-22,16209000.0,Active,77,-1.63
5820,3491,2023-12-08,6033000.0,Active,95,-1.5
5821,2536,2024-05-22,9135000.0,Sold,95,-2.56
5822,4174,2024-06-01,6032000.0,Withdrawn,40,-5.36
5823,2874,2024-11-10,9920000.0,Sold,10,-5.62
5824,1825,2026-08-14,21603000.0,Active,75,-4.89
5825,1294,2024-09-28,13468000.0,Sold,67,2.77
5826,4770,2024-04-29,10392000.0,Sold,48,-1.98
5827,4797,2024-02-05,20482000.0,Sold,57,-2.35
5828,4855,2024-09-05,5303000.0,Active,67,-0.32
5829,6020,2024-11-24,18769000.0,Sold,7,-4.21
5830,6872,2024-01-06,10617000.0,Active,11,2.84
5831,3387,2024-11-03,14432000.0,Active,41,-1.34
5832,2973,2025-02-18,16121000.0,Active,43,-1.15
5833,3923,2024-10-25,21215000.0,Expired,53,-0.1
5834,4998,2025-12-11,5222000.0,Active,85,-2.19
5835,7033,2024-02-13,15636000.0,Expired,54,2.11
5836,993,2025-11-25,14985000.0,Sold,5,-3.41
5837,5288,2026-04-17,10744000.0,Sold,133,-1.36
5838,2387,2024-09-11,13001000.0,Sold,53,0.53
5839,2241,2025-02-15,9053000.0,Sold,95,0.26
5840,1477,2025-11-14,15276000.0,Sold,123,-4.03
5841,6427,2025-05-21,7704000.0,Withdrawn,42,-3.56
5842,3408,2024-07-23,22241000.0,Sold,110,2.3
5843,390,2024-06-21,13587000.0,Sold,76,-1.7
5844,1000,2023-09-29,5529000.0,Expired,5,1.87
5845,4621,2023-10-24,7689000.0,Sold,92,0.0
5846,7408,2025-04-29,13635000.0,Expired,120,3.18
5847,1856,2025-02-24,11514000.0,Active,78,-1.61
5848,5603,2025-12-25,15286000.0,Expired,80,-4.05
5849,659,2023-12-29,9024000.0,Sold,76,0.53
5850,2764,2026-05-06,6743000.0,Sold,41,-0.59
5851,3664,2025-08-03,13103000.0,Sold,11,-3.32
5852,4987,2023-11-26,13973000.0,Active,44,2.38
5853,7723,2024-08-23,11485000.0,Sold,82,-1.44
5854,1482,2025-02-13,18557000.0,Active,158,-0.13
5855,7257,2026-06-07,13892000.0,Active,8,-1.24
5856,3732,2023-09-29,6854000.0,Active,109,-0.81
5857,7263,2024-06-19,18943000.0,Active,67,-3.65
5858,452,2024-10-12,10535000.0,Expired,68,-5.32
5859,2476,2026-06-19,29347500.0,Withdrawn,34,-1.54
5860,3223,2023-11-18,12762000.0,Sold,72,-0.05
5861,1538,2026-02-19,18613000.0,Sold,67,-0.4
5862,7544,2025-12-10,18084000.0,Active,5,1.75
5863,3094,2024-12-22,9790000.0,Withdrawn,54,0.69
5864,883,2026-04-28,18741000.0,Active,59,-7.22
5865,4409,2024-08-18,13604000.0,Withdrawn,174,-0.64
5866,4069,2026-03-06,9836000.0,Sold,137,-2.81
5867,4936,2024-06-02,14296000.0,Expired,111,-1.07
5868,2567,2023-12-12,8582000.0,Sold,69,-4.31
5869,3278,2024-03-10,17469000.0,Sold,110,-1.59
5870,375,2024-06-01,10410000.0,Active,75,-1.59
5871,4547,2026-07-16,24070000.0,Active,5,-3.43
5872,3698,2025-09-05,3561000.0,Active,22,-0.91
5873,7952,2025-02-18,8151000.0,Sold,144,-0.85
5874,3063,2025-07-13,10558000.0,Active,29,-0.85
5875,4691,2025-06-07,19993000.0,Expired,92,1.01
5876,3251,2026-01-03,10255000.0,Active,6,-2.73
5877,5330,2025-11-06,10351000.0,Sold,61,-0.74
5878,4596,2024-06-28,12805000.0,Active,97,-0.65
5879,4560,2026-08-04,12682000.0,Expired,78,3.31
5880,7292,2024-05-27,15185000.0,Expired,15,-0.62
5881,113,2025-08-12,7310000.0,Sold,80,2.72
5882,5132,2026-02-24,21083000.0,Active,95,-4.03
5883,3198,2026-01-10,14540000.0,Sold,57,1.65
5884,7733,2023-12-23,11373000.0,Active,71,0.14
5885,2379,2024-04-16,21092000.0,Sold,58,-0.35
5886,1925,2025-10-28,11597000.0,Active,72,-6.11
5887,7451,2025-01-08,17224000.0,Active,71,-1.58
5888,140,2023-10-07,15890000.0,Active,77,-3.22
5889,1425,2025-06-02,11864000.0,Active,105,-2.56
5890,2950,2025-02-01,20093000.0,Active,55,-1.53
5891,3169,2024-12-01,14975000.0,Active,135,-0.71
5892,517,2023-09-11,6633000.0,Expired,135,-0.02
5893,2617,2024-03-14,13968000.0,Sold,119,-2.55
5894,6044,2025-04-11,10689000.0,Sold,102,2.43
5895,6990,2024-03-17,7497000.0,Sold,39,0.08
5896,7237,2024-05-16,5579000.0,Active,84,1.13
5897,6262,2024-10-22,11486000.0,Sold,95,2.0
5898,888,2024-08-10,5235000.0,Expired,70,0.19
5899,7227,2024-02-16,18313000.0,Withdrawn,88,-3.22
5900,3105,2026-05-01,11139000.0,Active,95,-6.74
5901,5438,2026-01-31,14628000.0,Withdrawn,166,1.26
5902,50,2025-08-23,9391000.0,Active,43,-3.39
5903,3952,2023-08-22,12976000.0,Active,107,0.61
5904,3561,2026-01-14,7417000.0,Sold,8,2.56
5905,19,2024-06-23,5596000.0,Sold,26,2.31
5906,4822,2025-08-29,3586000.0,Sold,92,3.55
5907,6341,2024-07-25,15889000.0,Sold,26,2.49
5908,1474,2024-06-01,14967000.0,Sold,76,-7.88
5909,4062,2025-12-03,11566000.0,Expired,76,-3.03
5910,2607,2024-06-11,11431000.0,Sold,115,1.52
5911,7847,2026-01-09,8175000.0,Active,206,-0.24
5912,452,2024-12-09,10535000.0,Active,203,-5.04
5913,6433,2024-01-02,8144000.0,Withdrawn,26,2.43
5914,5261,2024-09-09,16232000.0,Active,91,-6.93
5915,5204,2024-06-24,12910000.0,Withdrawn,36,-1.8
5916,3766,2024-08-10,13215000.0,Withdrawn,24,4.3
5917,2439,2024-08-28,18611000.0,Active,9,-1.24
5918,7759,2023-11-22,13678000.0,Sold,23,-5.6
5919,4311,2024-03-23,8954000.0,Active,81,-1.32
5920,1550,2026-01-31,9458000.0,Expired,48,-2.37
5921,6359,2024-12-03,9355000.0,Sold,136,-2.22
5922,3475,2024-02-03,9604000.0,Sold,50,-0.79
5923,128,2023-11-24,9304000.0,Sold,74,-2.7
5924,5942,2025-03-26,5015000.0,Expired,5,1.33
5925,7645,2026-06-13,16700000.0,Sold,87,-1.63
5926,4856,2026-03-22,6966000.0,Expired,93,-0.71
5927,6548,2024-09-17,22047000.0,Active,79,-6.58
5928,7197,2023-11-07,10666000.0,Active,85,-0.53
5929,5912,2023-08-29,14195000.0,Withdrawn,39,-5.19
5930,6482,2025-08-20,16580000.0,Active,86,-6.96
5931,6975,2024-06-14,15663000.0,Sold,65,0.66
5932,2762,2024-01-12,11667000.0,Sold,86,-3.24
5933,4457,2026-07-15,21028000.0,Sold,29,-2.94
5934,4665,2024-09-19,8236000.0,Withdrawn,36,-1.61
5935,1416,2024-01-21,11776000.0,Sold,64,-4.75
5936,6362,2025-01-28,13044000.0,Expired,85,0.29
5937,5694,2023-08-27,11968000.0,Sold,29,0.74
5938,5789,2024-11-02,9502000.0,Expired,170,2.37
5939,202,2025-04-04,10796000.0,Sold,78,2.54
5940,6161,2025-07-19,15725000.0,Sold,115,-2.96
5941,2370,2025-03-01,15133000.0,Sold,162,-7.78
5942,518,2024-06-15,9129000.0,Active,34,4.91
5943,7738,2026-04-06,6220000.0,Sold,23,-1.77
5944,5445,2026-05-27,8294000.0,Active,153,3.23
5945,5532,2025-09-22,11623000.0,Sold,90,-2.91
5946,1342,2024-12-12,15841000.0,Active,113,-3.38
5947,4777,2025-01-17,9210000.0,Sold,96,-0.19
5948,1989,2024-02-01,12712000.0,Sold,132,-2.78
5949,7250,2024-03-13,23554000.0,Expired,30,2.87
5950,3546,2024-07-21,20546000.0,Sold,109,-2.35
5951,5588,2025-09-16,7476000.0,Active,95,1.79
5952,4521,2024-03-09,15003000.0,Active,86,-3.05
5953,6065,2025-06-27,8861000.0,Active,140,-5.27
5954,3803,2025-02-05,9170000.0,Active,31,-0.22
5955,5809,2026-06-11,13938000.0,Withdrawn,104,2.92
5956,3276,2025-10-31,16849000.0,Withdrawn,130,-0.65
5957,3655,2024-05-18,20582000.0,Sold,101,0.94
5958,7163,2024-11-07,17255000.0,Withdrawn,85,-3.57
5959,2435,2024-02-09,6667000.0,Sold,52,-2.92
5960,4874,2024-05-17,17414000.0,Sold,116,-0.7
5961,6242,2024-02-05,20041000.0,Sold,170,-4.21
5962,7513,2024-11-10,16936000.0,Active,77,0.24
5963,5923,2024-12-23,13858000.0,Sold,110,-2.11
5964,208,2026-05-19,10122000.0,Sold,95,-4.45
5965,5634,2024-12-02,9385000.0,Active,56,-1.68
5966,5756,2024-07-04,11512000.0,Expired,69,-5.0
5967,7960,2026-04-12,15190000.0,Expired,151,4.75
5968,2634,2024-08-21,13100000.0,Sold,5,-4.53
5969,6310,2025-02-25,3882000.0,Active,50,-2.37
5970,4118,2025-02-27,17203000.0,Active,60,-1.89
5971,154,2024-01-02,8642000.0,Active,66,1.72
5972,6059,2025-07-15,13404000.0,Active,82,-2.38
5973,7607,2024-07-06,11145000.0,Sold,50,-1.68
5974,3367,2024-10-14,9327000.0,Active,103,-5.71
5975,4315,2026-07-17,13519000.0,Expired,5,-5.38
5976,4765,2025-07-21,13985000.0,Expired,148,-4.66
5977,1519,2025-01-02,15984000.0,Sold,70,-1.24
5978,6374,2024-07-07,10468000.0,Active,83,-2.01
5979,6164,2025-09-09,11021000.0,Active,125,6.3
5980,2601,2026-07-24,15336000.0,Active,107,-0.54
5981,5046,2024-07-02,10217000.0,Sold,69,0.58
5982,2196,2025-06-15,12690000.0,Active,102,0.27
5983,7276,2024-03-19,12688000.0,Expired,87,-4.11
5984,4499,2023-11-07,8569000.0,Active,41,-1.61
5985,4692,2024-11-19,23286000.0,Withdrawn,163,-4.18
5986,3555,2024-09-02,11344000.0,Sold,68,5.71
5987,2415,2026-04-15,12854000.0,Sold,96,-7.82
5988,5534,2024-02-08,15065000.0,Sold,101,-0.84
5989,7477,2026-03-26,17411000.0,Sold,154,-1.5
5990,2850,2025-10-25,3221000.0,Withdrawn,29,-1.55
5991,7062,2026-04-15,22637000.0,Active,34,0.47
5992,5254,2024-11-10,11497000.0,Active,5,-1.23
5993,1743,2024-05-31,4361000.0,Active,52,-0.15
5994,1307,2026-01-29,14756000.0,Expired,65,-0.46
5995,3850,2026-07-11,10131000.0,Sold,5,1.49
5996,4169,2023-08-25,7452000.0,Active,60,-7.51
5997,4577,2025-09-10,11686000.0,Withdrawn,53,1.01
5998,7520,2024-04-27,13925000.0,Active,97,-6.25
5999,4656,2025-07-31,10937000.0,Sold,83,2.09
6000,7494,2026-04-29,14878000.0,Active,25,3.35
6001,4841,2025-07-28,9315000.0,Active,32,5.04
6002,5563,2024-04-05,10741000.0,Sold,67,-0.33
6003,4196,2024-03-11,11633000.0,Sold,105,0.79
6004,5179,2024-03-16,13607000.0,Sold,119,-3.07
6005,2556,2024-10-27,15264000.0,Active,39,-0.89
6006,2306,2026-05-04,13328000.0,Withdrawn,135,2.36
6007,4509,2025-10-07,17702000.0,Withdrawn,5,-0.46
6008,7620,2024-04-02,19588000.0,Active,52,-1.1
6009,1089,2023-12-15,16143000.0,Sold,28,1.04
6010,2643,2024-12-25,7906000.0,Active,48,-4.93
6011,1178,2023-09-05,13283000.0,Sold,79,1.88
6012,6105,2024-05-12,15455000.0,Sold,21,-1.02
6013,6410,2023-10-04,20102000.0,Active,51,-1.03
6014,4917,2024-04-03,12347000.0,Active,92,-0.65
6015,7247,2025-09-03,12976000.0,Sold,80,0.38
6016,7483,2024-04-18,10409000.0,Active,30,-3.56
6017,4758,2024-03-25,7467000.0,Expired,76,-4.15
6018,2995,2025-08-05,18070000.0,Sold,61,7.1
6019,560,2026-01-07,6289000.0,Withdrawn,124,-6.86
6020,2965,2025-08-17,16796000.0,Active,40,0.63
6021,7035,2026-04-18,11968000.0,Active,92,-1.07
6022,1272,2023-12-03,7105000.0,Active,133,-1.57
6023,1814,2023-09-06,6663000.0,Sold,104,-1.06
6024,2916,2024-10-29,13818000.0,Sold,120,1.49
6025,610,2024-06-21,14558000.0,Sold,147,-1.31
6026,2462,2026-02-01,18423000.0,Active,116,4.82
6027,4121,2024-02-08,14763000.0,Sold,188,3.45
6028,6125,2024-11-26,4708000.0,Active,108,-0.85
6029,284,2025-03-31,10113000.0,Active,47,-4.92
6030,5569,2026-03-29,7816000.0,Sold,124,-0.81
6031,2929,2026-03-31,6784000.0,Sold,133,0.61
6032,4397,2024-04-19,10544000.0,Withdrawn,180,1.13
6033,1092,2025-03-21,17056000.0,Expired,42,1.38
6034,5127,2025-09-17,6213000.0,Sold,5,0.98
6035,817,2026-05-18,8454000.0,Sold,46,-5.74
6036,7305,2025-07-26,14383000.0,Sold,44,-2.24
6037,7332,2024-09-23,8317000.0,Active,85,-3.08
6038,83,2024-03-19,8855000.0,Expired,130,-4.96
6039,1921,2023-12-18,12800000.0,Active,25,5.16
6040,7818,2024-06-17,16461000.0,Active,84,-0.46
6041,3492,2026-04-16,14099000.0,Active,59,0.94
6042,3145,2026-04-25,12424000.0,Sold,58,-2.78
6043,7405,2025-04-28,8132000.0,Active,29,1.26
6044,2094,2025-04-07,14396000.0,Sold,5,-2.15
6045,4714,2023-12-01,8951000.0,Active,128,0.8
6046,7072,2025-02-01,7622000.0,Sold,128,-4.57
6047,7968,2024-05-31,13891000.0,Active,5,1.04
6048,6406,2023-11-22,10112000.0,Active,107,-3.1
6049,176,2024-08-02,12571000.0,Expired,112,-4.69
6050,5286,2026-01-16,15791000.0,Active,117,-5.02
6051,2705,2023-09-12,18489000.0,Withdrawn,120,-5.59
6052,4938,2024-10-06,10909000.0,Expired,64,-2.15
6053,370,2024-11-29,8595000.0,Sold,68,-1.36
6054,1819,2025-02-18,19437000.0,Sold,34,1.32
6055,2102,2026-03-04,12094000.0,Active,33,-0.83
6056,4786,2024-05-04,12204000.0,Sold,73,-1.74
6057,3491,2024-10-09,6033000.0,Sold,46,0.79
6058,1780,2023-10-24,6508000.0,Active,21,-3.45
6059,7675,2024-10-28,15070000.0,Sold,128,-1.63
6060,1365,2026-06-26,12054000.0,Sold,5,-3.83
6061,7295,2024-11-11,9903000.0,Sold,65,-1.84
6062,5529,2026-08-07,15753000.0,Expired,48,-2.51
6063,4463,2024-02-27,14802000.0,Withdrawn,36,0.12
6064,3343,2024-01-24,11058000.0,Expired,117,-0.41
6065,4740,2026-03-22,14406000.0,Active,63,2.32
6066,3677,2025-02-11,13328000.0,Expired,109,-1.8
6067,2427,2025-07-20,13302000.0,Sold,91,-2.98
6068,73,2024-01-11,19287000.0,Withdrawn,5,-1.91
6069,2963,2026-06-07,7722000.0,Active,26,0.74
6070,5368,2026-07-06,5192000.0,Active,11,3.9
6071,860,2023-12-12,11039000.0,Expired,78,0.22
6072,3857,2025-12-23,17192000.0,Active,36,-1.59
6073,4139,2026-08-12,11395000.0,Sold,82,-3.5
6074,2425,2024-01-27,11086000.0,Active,5,-5.48
6075,1065,2026-07-05,9732000.0,Withdrawn,47,-2.72
6076,2218,2024-11-29,9802000.0,Active,96,-2.39
6077,4018,2025-07-22,5464000.0,Active,71,2.03
6078,2260,2026-06-18,13107000.0,Sold,112,-0.9
6079,5613,2025-12-17,8052000.0,Active,57,-8.19
6080,3752,2024-08-23,7862000.0,Sold,55,-3.89
6081,2087,2026-07-02,13890000.0,Sold,68,-1.73
6082,369,2024-01-04,7342000.0,Sold,93,1.93
6083,2805,2023-10-25,5246000.0,Sold,141,-5.24
6084,151,2024-07-01,14875000.0,Withdrawn,116,-2.33
6085,1135,2023-11-12,16799000.0,Active,77,-4.89
6086,5600,2026-03-26,11634000.0,Expired,5,-1.29
6087,5556,2026-03-02,13888000.0,Expired,151,-0.1
6088,5167,2026-04-21,13894000.0,Sold,51,1.94
6089,5120,2025-02-14,14387000.0,Withdrawn,5,0.91
6090,5695,2025-08-03,8030000.0,Withdrawn,35,-2.09
6091,2785,2024-10-25,5429000.0,Active,151,-6.75
6092,6137,2025-10-05,22782000.0,Active,40,-4.78
6093,5486,2026-04-15,9511000.0,Withdrawn,37,-6.29
6094,4165,2023-10-29,13167000.0,Withdrawn,118,-3.69
6095,2347,2025-04-29,7482000.0,Sold,136,2.89
6096,5040,2025-06-20,13624000.0,Active,144,-4.44
6097,4898,2025-07-24,6256000.0,Sold,12,-3.82
6098,6440,2024-03-08,11452000.0,Active,6,-2.19
6099,2251,2026-07-02,7557000.0,Sold,75,4.27
6100,61,2025-03-23,7359000.0,Withdrawn,49,2.9
6101,5042,2024-11-20,11916000.0,Withdrawn,5,-2.24
6102,3011,2024-10-03,7422000.0,Sold,105,1.18
6103,3902,2026-07-29,13312000.0,Expired,44,-0.76
6104,1338,2024-04-11,12320000.0,Active,31,1.83
6105,1185,2025-04-16,8866000.0,Sold,67,4.63
6106,4427,2025-12-03,20867000.0,Expired,101,-1.76
6107,1552,2025-04-21,11554000.0,Active,44,-6.69
6108,4434,2026-01-23,11956000.0,Expired,67,-1.28
6109,1630,2026-06-07,15549000.0,Sold,50,-3.88
6110,1328,2023-12-22,10784000.0,Sold,81,-6.17
6111,1527,2023-10-05,15537000.0,Active,39,-2.28
6112,1674,2026-06-30,17349000.0,Sold,5,-3.37
6113,1362,2025-01-17,16157000.0,Sold,52,2.58
6114,1574,2024-03-21,3025000.0,Sold,118,-9.61
6115,2687,2025-03-17,8209000.0,Sold,36,-6.03
6116,4371,2026-07-22,6872000.0,Expired,14,-2.16
6117,5284,2023-11-18,8850000.0,Active,43,-0.98
6118,7611,2024-06-22,10794000.0,Active,84,-1.93
6119,2367,2024-03-23,18857000.0,Active,18,0.13
6120,6733,2023-09-08,10667000.0,Expired,93,-4.25
6121,6648,2025-06-28,8523000.0,Sold,107,-2.54
6122,3758,2025-06-10,5741000.0,Withdrawn,43,-7.73
6123,2435,2026-06-30,6667000.0,Expired,115,-0.27
6124,1994,2023-09-17,9675000.0,Sold,54,0.72
6125,870,2023-10-16,12580000.0,Expired,122,0.2
6126,6977,2026-03-03,13313000.0,Active,30,-2.46
6127,1015,2025-11-06,13587000.0,Sold,144,-5.32
6128,1912,2024-10-21,5876000.0,Active,107,-4.8
6129,603,2024-10-28,9379000.0,Active,25,-0.94
6130,3822,2023-10-02,11961000.0,Active,128,-0.18
6131,5896,2023-08-27,14764000.0,Withdrawn,155,-0.09
6132,691,2024-03-01,11627000.0,Active,129,5.52
6133,494,2025-08-03,34687500.0,Active,120,-2.32
6134,490,2024-06-26,17171000.0,Active,121,-0.01
6135,6865,2024-06-27,10637000.0,Active,29,-1.76
6136,7241,2026-02-09,3388000.0,Sold,85,3.67
6137,2557,2026-04-24,8426000.0,Withdrawn,93,-2.53
6138,4486,2024-12-23,16892000.0,Sold,7,-2.26
6139,7787,2025-03-15,5931000.0,Sold,38,3.59
6140,295,2025-03-27,14129000.0,Withdrawn,110,-3.94
6141,5489,2025-03-22,10369000.0,Active,114,-8.46
6142,4028,2024-02-24,9327000.0,Sold,52,0.08
6143,2844,2024-04-29,8852000.0,Active,74,-0.79
6144,2913,2025-01-07,19432000.0,Sold,98,0.72
6145,1718,2025-03-26,42382500.0,Active,59,-1.63
6146,2597,2026-04-21,20320000.0,Active,143,3.7
6147,4745,2026-06-14,17532000.0,Withdrawn,85,-4.77
6148,1874,2024-02-03,11094000.0,Active,57,-4.72
6149,4664,2025-12-26,15152000.0,Expired,97,5.99
6150,3259,2024-04-03,10365000.0,Active,117,-2.74
6151,6997,2024-01-15,16747000.0,Sold,122,3.88
6152,2818,2024-12-29,11266000.0,Active,96,-6.36
6153,445,2025-09-02,13591000.0,Active,33,-3.61
6154,3642,2026-07-11,15119000.0,Sold,80,3.72
6155,4459,2024-08-13,13429000.0,Expired,154,0.41
6156,6267,2023-09-29,14314000.0,Expired,27,-0.39
6157,5308,2024-07-10,5113000.0,Active,113,-2.14
6158,742,2025-08-24,15962000.0,Active,100,-1.17
6159,2042,2025-08-29,24080000.0,Withdrawn,85,-0.78
6160,680,2025-04-14,8062000.0,Active,5,-4.72
6161,2468,2026-06-26,8386000.0,Sold,122,-4.63
6162,3698,2026-04-24,3561000.0,Sold,21,1.88
6163,7420,2025-02-06,12206000.0,Expired,109,2.35
6164,5739,2026-04-14,8163000.0,Sold,112,-3.2
6165,5669,2024-07-04,14512000.0,Sold,41,4.16
6166,1359,2025-07-22,7430000.0,Active,5,1.73
6167,6236,2025-02-24,18783000.0,Sold,73,-4.6
6168,7698,2024-11-02,8506000.0,Sold,59,-2.15
6169,63,2024-07-26,8668000.0,Active,54,-1.1
6170,7830,2025-06-07,13901000.0,Active,5,-6.89
6171,2560,2024-12-30,12443000.0,Sold,5,2.99
6172,5259,2023-10-16,12097000.0,Sold,79,-3.62
6173,3770,2025-01-22,13784000.0,Active,41,-2.86
6174,7353,2025-07-09,16598000.0,Active,19,-5.33
6175,5325,2026-02-14,18646000.0,Expired,120,-6.95
6176,6916,2024-02-26,12308000.0,Active,115,-5.14
6177,7382,2026-07-31,8297000.0,Expired,107,4.23
6178,4352,2025-11-22,5150000.0,Sold,64,1.79
6179,135,2024-04-13,18202000.0,Sold,92,-0.49
6180,3645,2024-11-12,17536000.0,Active,65,-4.86
6181,4971,2025-06-06,14103000.0,Sold,5,8.29
6182,4918,2025-03-15,8436000.0,Sold,24,3.51
6183,2136,2025-01-24,11884000.0,Active,86,-1.3
6184,7132,2024-09-07,6537000.0,Sold,62,-5.39
6185,3279,2026-07-26,15658000.0,Expired,63,-9.79
6186,7297,2025-07-31,11427000.0,Active,59,-2.56
6187,823,2025-07-30,10842000.0,Sold,20,-4.31
6188,3075,2024-06-22,17223000.0,Withdrawn,94,1.76
6189,5070,2026-05-22,16896000.0,Sold,39,-3.05
6190,2982,2025-04-07,9169000.0,Expired,5,-1.23
6191,5874,2025-04-02,13663000.0,Sold,128,-0.05
6192,121,2024-09-18,17312000.0,Active,67,-2.74
6193,7553,2023-09-03,9007000.0,Active,5,0.6
6194,1638,2025-11-09,11910000.0,Sold,47,-3.37
6195,7206,2025-11-16,18929000.0,Active,38,-1.98
6196,5461,2026-07-17,25543000.0,Withdrawn,44,-5.42
6197,5104,2025-06-26,11872000.0,Active,114,-5.22
6198,925,2023-10-18,6331000.0,Sold,63,-3.59
6199,645,2024-03-13,11792000.0,Withdrawn,92,-1.33
6200,2033,2024-12-18,14279000.0,Sold,117,-2.24
6201,2762,2024-01-25,11667000.0,Active,77,-1.59
6202,7004,2025-07-10,9961000.0,Active,95,-4.94
6203,2069,2023-11-13,8073000.0,Active,116,-7.19
6204,242,2024-04-24,14020000.0,Active,77,-3.28
6205,6599,2024-09-20,11942000.0,Active,23,-3.24
6206,7107,2025-05-24,12277000.0,Expired,102,-2.86
6207,2669,2025-02-18,8251000.0,Sold,60,0.84
6208,6447,2024-06-24,11335000.0,Active,114,-3.28
6209,5716,2024-04-05,16275000.0,Active,122,0.24
6210,7763,2023-12-18,10292000.0,Sold,145,-2.62
6211,803,2025-11-27,9712000.0,Sold,50,-2.33
6212,5060,2025-08-26,10329000.0,Sold,48,0.48
6213,4165,2025-05-17,13167000.0,Sold,80,-4.93
6214,5249,2024-06-05,10306000.0,Sold,42,3.83
6215,196,2023-12-24,11980000.0,Active,142,-0.96
6216,2188,2023-11-19,14421000.0,Sold,28,-1.8
6217,3516,2024-11-06,11301000.0,Sold,176,-3.85
6218,2331,2023-11-27,20838000.0,Active,85,-1.06
6219,2360,2025-06-27,16139000.0,Sold,121,-1.63
6220,4842,2024-03-26,9593000.0,Active,44,-5.55
6221,3607,2026-05-25,14651000.0,Expired,113,-1.62
6222,5785,2024-04-04,8636000.0,Sold,128,-3.36
6223,277,2024-03-10,8890000.0,Sold,83,-4.2
6224,61,2026-03-07,7359000.0,Withdrawn,84,-0.49
6225,3391,2024-12-08,17105000.0,Active,136,0.49
6226,1914,2026-08-04,15417000.0,Sold,136,5.26
6227,6196,2026-01-23,10824000.0,Sold,99,-3.62
6228,3928,2024-10-13,9703000.0,Sold,89,-2.23
6229,6297,2025-09-10,6755000.0,Sold,117,-5.56
6230,5869,2024-04-02,9969000.0,Withdrawn,111,-2.89
6231,5431,2026-08-08,11974000.0,Expired,147,-2.2
6232,5934,2025-11-11,6216000.0,Active,51,-0.1
6233,2592,2024-01-09,15836000.0,Active,55,-0.58
6234,567,2024-10-16,20401000.0,Active,49,-5.61
6235,3936,2026-02-23,17606000.0,Sold,77,-5.06
6236,7557,2024-04-24,15767000.0,Expired,201,-5.01
6237,1572,2023-12-26,12131000.0,Active,68,-1.79
6238,4718,2023-12-01,10957000.0,Active,72,9.25
6239,6122,2023-10-16,9480000.0,Expired,5,1.17
6240,1201,2025-04-13,21429000.0,Active,5,-2.71
6241,7530,2024-02-07,7353000.0,Active,5,1.88
6242,4410,2023-12-13,16983000.0,Active,68,-4.38
6243,2855,2023-10-28,9855000.0,Sold,40,-6.35
6244,2896,2023-11-21,6967000.0,Sold,133,-3.76
6245,6241,2024-12-23,5339000.0,Withdrawn,77,-2.88
6246,7025,2025-06-09,11942000.0,Sold,7,-6.43
6247,1237,2025-05-18,9004000.0,Expired,121,-4.59
6248,6973,2024-07-31,11753000.0,Sold,31,-2.74
6249,137,2026-05-25,14418000.0,Active,83,1.2
6250,1030,2024-05-20,14635000.0,Sold,65,1.89
6251,7155,2024-08-20,7491000.0,Active,126,-5.04
6252,2157,2023-12-18,11634000.0,Expired,98,-2.59
6253,2595,2025-08-18,17327000.0,Withdrawn,40,-2.08
6254,7207,2025-05-08,14130000.0,Withdrawn,148,-0.3
6255,662,2023-09-20,15017000.0,Sold,38,-3.29
6256,2473,2023-11-08,17253000.0,Withdrawn,101,2.78
6257,2678,2026-04-28,6864000.0,Active,126,0.47
6258,2309,2023-09-01,14881000.0,Sold,123,-5.33
6259,7594,2026-02-27,11642000.0,Sold,80,-5.54
6260,87,2025-11-26,15778000.0,Expired,104,2.26
6261,2513,2024-08-18,13794000.0,Sold,5,-1.74
6262,6220,2025-12-12,26904000.0,Active,5,0.29
6263,6615,2026-01-10,12553000.0,Sold,71,-8.49
6264,6558,2024-05-01,16393000.0,Sold,179,0.17
6265,6969,2024-09-15,8084000.0,Sold,51,-1.0
6266,2943,2026-01-15,14185000.0,Sold,47,-6.15
6267,2774,2026-08-17,5262000.0,Sold,57,3.3
6268,2505,2024-09-22,11968000.0,Sold,103,-5.68
6269,5405,2024-09-27,5829000.0,Sold,61,-5.67
6270,3311,2025-01-18,13197000.0,Sold,43,-1.79
6271,1701,2024-12-05,9153000.0,Active,88,-7.43
6272,3671,2024-09-19,10222000.0,Sold,66,-2.18
6273,2701,2024-06-04,11500000.0,Sold,72,-2.2
6274,6816,2024-05-08,12169000.0,Active,91,0.81
6275,3630,2026-06-20,14562000.0,Active,44,-1.33
6276,7540,2024-01-31,18597000.0,Sold,104,-3.65
6277,4591,2024-03-10,12030000.0,Sold,5,-1.09
6278,1648,2026-06-02,13725000.0,Sold,96,-2.32
6279,6039,2025-03-19,7108000.0,Active,54,-4.38
6280,5165,2025-11-26,17700000.0,Sold,146,2.49
6281,5521,2025-01-25,11859000.0,Sold,26,-8.1
6282,3319,2023-12-05,12019000.0,Sold,152,-4.63
6283,3688,2024-10-27,15606000.0,Expired,56,-0.14
6284,597,2024-08-11,11869000.0,Withdrawn,58,-4.56
6285,4546,2024-11-26,18760000.0,Sold,38,-1.76
6286,485,2024-02-20,9413000.0,Sold,91,-2.42
6287,646,2025-05-17,16801000.0,Expired,88,-1.34
6288,6764,2026-07-14,12177000.0,Active,125,2.64
6289,3090,2024-09-24,18148000.0,Active,48,4.28
6290,5726,2024-12-20,12957000.0,Active,140,-1.71
6291,4758,2024-12-18,7467000.0,Active,52,-0.99
6292,4854,2023-11-16,7320000.0,Sold,73,-1.75
6293,4385,2024-07-14,17148000.0,Active,164,-5.02
6294,7582,2023-10-07,12884000.0,Sold,76,-3.46
6295,721,2025-01-17,13873000.0,Active,152,2.24
6296,4734,2025-02-16,10118000.0,Active,91,-0.11
6297,6379,2024-03-17,9441000.0,Expired,38,-6.45
6298,6560,2024-01-07,8302000.0,Withdrawn,86,3.18
6299,7082,2025-02-13,9800000.0,Sold,122,-6.02
6300,499,2025-09-05,4255000.0,Sold,111,-3.34
6301,7118,2026-06-04,14114000.0,Sold,77,2.04
6302,4730,2026-03-05,18689000.0,Sold,101,-3.61
6303,1674,2025-02-10,17349000.0,Expired,79,-0.87
6304,6127,2026-01-04,11534000.0,Withdrawn,97,-4.4
6305,3068,2025-12-09,9890000.0,Expired,5,1.61
6306,115,2024-02-14,7716000.0,Active,51,3.68
6307,2980,2026-08-03,12383000.0,Withdrawn,118,-2.3
6308,4770,2024-07-31,10392000.0,Active,41,-1.91
6309,1737,2025-01-10,11224000.0,Expired,69,-4.99
6310,5354,2026-05-16,9888000.0,Active,47,1.93
6311,3612,2025-07-04,11172000.0,Active,75,-3.03
6312,7179,2026-05-13,13092000.0,Expired,110,4.8
6313,2254,2026-05-29,14982000.0,Active,46,0.81
6314,7847,2025-06-01,8175000.0,Sold,82,-3.15
6315,2295,2025-10-10,19467000.0,Withdrawn,50,-4.11
6316,3631,2024-11-01,17164000.0,Sold,97,-2.12
6317,6902,2025-10-26,5189000.0,Active,135,-1.07
6318,7295,2026-03-21,9903000.0,Active,69,-0.7
6319,147,2023-12-06,15967000.0,Expired,76,-1.09
6320,6262,2026-07-19,11486000.0,Sold,73,-5.8
6321,3983,2024-08-01,11509000.0,Expired,88,-6.39
6322,3454,2026-07-03,6839000.0,Active,132,1.32
6323,4508,2023-11-30,4600000.0,Sold,114,-1.23
6324,5784,2024-05-28,12877000.0,Sold,68,-0.94
6325,7752,2025-10-20,12538000.0,Sold,75,-3.95
6326,2411,2023-12-25,15119000.0,Active,64,-0.22
6327,5629,2024-07-05,9736000.0,Active,33,-1.99
6328,137,2026-01-19,14418000.0,Active,112,-4.7
6329,7343,2024-07-26,17067000.0,Active,58,0.36
6330,3361,2024-09-22,8170000.0,Sold,5,-1.32
6331,3006,2024-07-19,13482000.0,Sold,18,1.93
6332,3553,2024-11-18,13796000.0,Withdrawn,86,-6.13
6333,19,2024-04-13,5596000.0,Sold,35,0.4
6334,2243,2026-05-19,14363000.0,Withdrawn,41,-2.05
6335,6474,2026-06-10,10995000.0,Active,65,3.32
6336,6056,2024-12-18,12333000.0,Withdrawn,65,-6.14
6337,6319,2026-05-27,9192000.0,Active,78,-4.14
6338,5098,2025-01-16,11812000.0,Withdrawn,5,0.72
6339,449,2026-02-27,17557000.0,Expired,90,2.94
6340,1949,2025-10-10,14320000.0,Sold,5,-2.47
6341,946,2023-11-29,14049000.0,Active,43,0.52
6342,5474,2026-04-22,4663000.0,Withdrawn,95,0.7
6343,5619,2023-08-20,6720000.0,Sold,45,-2.82
6344,4237,2024-11-11,18381000.0,Active,114,-1.73
6345,6902,2025-06-04,5189000.0,Sold,101,-0.7
6346,1921,2024-07-25,12800000.0,Sold,88,-1.41
6347,2978,2026-06-19,13693000.0,Expired,79,-0.25
6348,4189,2025-08-06,20035000.0,Active,31,-0.24
6349,4016,2025-04-05,12009000.0,Expired,21,-2.17
6350,239,2025-01-22,16936000.0,Sold,106,-3.6
6351,205,2026-01-28,6009000.0,Sold,91,-2.66
6352,2608,2024-03-17,13133000.0,Sold,98,-0.35
6353,5553,2023-08-28,18426000.0,Expired,44,-2.07
6354,4341,2023-12-31,9527000.0,Active,114,-0.76
6355,4928,2026-07-29,11545000.0,Active,107,5.67
6356,3389,2023-11-27,11479000.0,Active,50,1.57
6357,2973,2025-02-10,16121000.0,Active,28,-2.95
6358,4391,2026-04-13,6936000.0,Sold,6,-2.12
6359,2688,2023-11-25,14400000.0,Active,56,-2.74
6360,4952,2023-09-20,10493000.0,Sold,90,2.47
6361,7450,2023-12-12,13008000.0,Active,190,-5.49
6362,6161,2025-08-01,15725000.0,Sold,129,1.9
6363,4167,2023-09-29,15480000.0,Active,118,-3.31
6364,5389,2023-12-11,21672000.0,Withdrawn,61,-2.45
6365,1349,2024-01-04,16092000.0,Active,5,-0.87
6366,7962,2024-04-09,7008000.0,Expired,135,-0.83
6367,4401,2024-04-18,14255000.0,Sold,126,-4.46
6368,7619,2023-11-27,8918000.0,Expired,27,-1.55
6369,5127,2026-06-28,6213000.0,Sold,145,5.69
6370,5434,2025-07-12,15000000.0,Active,5,-0.06
6371,817,2025-08-01,8454000.0,Sold,174,-0.67
6372,5223,2024-12-30,9825000.0,Active,181,-1.37
6373,821,2023-09-21,6806000.0,Sold,77,-0.43
6374,193,2024-05-13,12215000.0,Sold,5,-1.84
6375,1777,2024-08-02,8369000.0,Sold,150,1.37
6376,3646,2025-05-24,9493000.0,Sold,67,4.6
6377,4625,2024-09-14,16143000.0,Expired,142,-2.22
6378,6315,2026-02-24,10963000.0,Active,154,-1.64
6379,7705,2024-05-30,17716000.0,Withdrawn,47,-0.4
6380,251,2023-09-22,11108000.0,Active,129,-0.13
6381,1789,2025-05-05,9254000.0,Active,43,-4.86
6382,7555,2025-08-18,13701000.0,Active,38,0.49
6383,7375,2026-03-10,13476000.0,Expired,105,-7.74
6384,6685,2026-06-04,8713000.0,Sold,21,-0.06
6385,3701,2026-05-14,6884000.0,Sold,51,3.31
6386,6123,2024-07-03,14952000.0,Sold,133,-3.05
6387,2464,2024-01-09,10242000.0,Sold,5,-0.18
6388,6938,2024-10-30,14427000.0,Active,5,6.53
6389,5500,2023-10-21,15275000.0,Active,92,-8.16
6390,1168,2026-04-26,14819000.0,Sold,67,-2.03
6391,6169,2024-12-11,6632000.0,Active,28,-0.54
6392,3894,2026-02-03,7479000.0,Sold,62,-2.94
6393,6812,2024-01-29,13014000.0,Active,83,0.75
6394,1097,2024-07-03,20716000.0,Active,39,-4.18
6395,2680,2024-01-01,19630000.0,Active,122,-0.88
6396,1848,2026-03-30,12006000.0,Active,159,-7.05
6397,3905,2024-04-01,13276000.0,Active,41,-1.59
6398,7261,2025-12-02,18156000.0,Active,58,-1.45
6399,505,2024-02-25,11250000.0,Active,91,0.05
6400,1622,2026-07-07,22189000.0,Expired,81,-4.78
6401,6480,2025-10-03,9281000.0,Sold,93,-7.13
6402,2473,2026-02-28,17253000.0,Expired,94,-2.71
6403,2547,2026-02-21,12812000.0,Active,93,5.0
6404,1388,2024-05-23,4890000.0,Active,5,2.02
6405,2995,2026-08-18,18070000.0,Withdrawn,61,-0.1
6406,6774,2024-08-01,5363000.0,Withdrawn,60,-4.37
6407,3817,2024-07-04,16563000.0,Withdrawn,74,1.94
6408,5319,2024-10-26,5870000.0,Active,13,-3.98
6409,718,2024-12-10,9051000.0,Active,5,-0.92
6410,3485,2024-06-16,8654000.0,Active,88,5.23
6411,4435,2025-11-22,3612000.0,Active,57,6.9
6412,659,2024-01-26,9024000.0,Active,81,-0.9
6413,5058,2024-04-26,9589000.0,Sold,54,3.39
6414,4009,2026-02-28,15319000.0,Sold,107,3.12
6415,4525,2025-07-26,10031000.0,Withdrawn,126,-1.89
6416,7951,2026-04-26,10188000.0,Sold,85,-6.58
6417,4995,2026-04-13,12353000.0,Active,120,-3.07
6418,4235,2024-01-05,12889000.0,Active,77,-2.2
6419,3765,2023-11-08,13597000.0,Active,35,-5.77
6420,2990,2023-11-14,9784000.0,Withdrawn,41,-0.99
6421,4638,2026-05-24,10891000.0,Expired,39,-0.19
6422,2105,2024-06-01,11133000.0,Sold,31,-6.19
6423,1256,2023-10-19,6610000.0,Withdrawn,106,0.87
6424,6802,2025-03-10,11724000.0,Sold,24,-2.78
6425,2483,2026-06-25,3259000.0,Active,7,-3.86
6426,384,2025-06-04,10590000.0,Expired,71,-0.06
6427,2608,2024-09-04,13133000.0,Sold,106,-6.3
6428,194,2025-07-08,8647000.0,Active,141,-2.15
6429,3808,2024-08-24,8557000.0,Withdrawn,110,0.21
6430,3720,2024-01-30,14131000.0,Active,60,0.33
6431,2582,2024-06-20,12896000.0,Expired,5,-0.45
6432,2566,2025-09-13,14265000.0,Sold,145,2.11
6433,2764,2024-10-21,6743000.0,Sold,45,-6.31
6434,2799,2024-01-27,9145000.0,Expired,5,-2.83
6435,6329,2026-03-03,11235000.0,Sold,162,-2.41
6436,5992,2025-02-12,9489000.0,Withdrawn,83,1.68
6437,2340,2024-11-27,12855000.0,Sold,62,-1.06
6438,3407,2024-08-09,12857000.0,Active,104,-7.95
6439,732,2025-12-01,12816000.0,Expired,48,1.99
6440,6260,2024-05-02,15297000.0,Active,5,-2.86
6441,2873,2026-06-22,10576000.0,Sold,61,-4.4
6442,3121,2025-11-21,14660000.0,Expired,96,-7.4
6443,4781,2024-06-11,15081000.0,Sold,92,-4.68
6444,4178,2026-01-04,10079000.0,Sold,51,-2.67
6445,6978,2023-08-30,15851000.0,Expired,70,-3.3
6446,6477,2023-09-25,13222000.0,Sold,97,-6.88
6447,2605,2024-08-08,15219000.0,Active,70,-0.76
6448,2383,2026-02-05,8326000.0,Sold,69,1.87
6449,532,2023-12-11,11976000.0,Active,84,-1.45
6450,6080,2025-09-15,19842000.0,Withdrawn,70,-3.1
6451,4317,2024-04-09,16615000.0,Sold,101,1.32
6452,635,2026-07-29,12750000.0,Sold,87,-5.99
6453,1770,2026-06-02,10522000.0,Sold,71,-1.48
6454,3805,2023-12-12,16304000.0,Expired,158,-4.75
6455,2371,2024-04-21,16598000.0,Sold,42,-7.29
6456,5971,2025-08-28,12425000.0,Active,46,-6.59
6457,3,2025-07-22,12757000.0,Sold,43,-2.8
6458,5814,2025-11-11,16211000.0,Expired,68,1.47
6459,206,2026-01-01,14342000.0,Expired,63,-6.43
6460,5952,2025-07-13,9608000.0,Active,93,-6.51
6461,4136,2025-11-26,16771000.0,Active,133,-0.99
6462,6203,2023-09-02,12346000.0,Sold,109,-0.48
6463,7095,2025-02-14,9686000.0,Sold,59,-0.27
6464,2622,2025-06-06,10452000.0,Sold,19,2.78
6465,4740,2025-09-07,14406000.0,Active,110,-0.65
6466,5627,2025-07-20,12305000.0,Withdrawn,88,-6.63
6467,7740,2025-03-28,16794000.0,Sold,86,2.23
6468,6004,2025-05-12,8534000.0,Sold,50,-5.56
6469,2891,2025-09-08,9226000.0,Sold,134,-2.88
6470,3194,2024-08-06,11474000.0,Sold,8,-0.56
6471,7647,2025-11-16,35612500.0,Sold,5,-5.97
6472,2667,2023-10-17,5722000.0,Sold,109,0.16
6473,6240,2025-04-21,20186000.0,Expired,50,-1.66
6474,7582,2025-12-06,12884000.0,Sold,120,-1.13
6475,3307,2024-04-25,13818000.0,Active,88,-2.17
6476,898,2023-09-04,18355000.0,Expired,69,-2.65
6477,1086,2023-12-14,10709000.0,Sold,5,-4.83
6478,1280,2025-08-27,6595000.0,Withdrawn,118,1.6
6479,6705,2025-07-14,16299000.0,Active,75,2.7
6480,7049,2026-07-14,13617000.0,Withdrawn,128,0.16
6481,6492,2025-07-20,12189000.0,Sold,37,-0.78
6482,671,2025-02-05,8748000.0,Active,44,-3.05
6483,7292,2026-02-23,15185000.0,Sold,86,3.53
6484,1506,2024-05-09,13731000.0,Active,5,-4.37
6485,6461,2024-06-08,8544000.0,Sold,88,-5.44
6486,3576,2024-04-20,22535000.0,Active,96,-4.6
6487,4815,2026-08-04,20625000.0,Sold,34,-6.07
6488,5168,2026-02-14,16342000.0,Sold,87,-2.98
6489,7577,2026-03-15,12551000.0,Active,70,0.51
6490,1956,2025-01-14,6196000.0,Withdrawn,94,-3.35
6491,5256,2024-12-05,16342000.0,Withdrawn,27,-4.75
6492,7369,2025-06-10,16885000.0,Sold,63,0.05
6493,250,2023-09-26,12964000.0,Active,67,-1.02
6494,6458,2025-08-17,21542000.0,Active,113,-2.48
6495,1893,2025-02-20,10364000.0,Active,60,2.33
6496,3440,2024-09-17,8893000.0,Sold,148,2.38
6497,7597,2026-02-21,6451000.0,Active,47,1.34
6498,1854,2024-09-20,11336000.0,Expired,117,2.69
6499,2855,2024-05-10,9855000.0,Active,59,-2.74
6500,1504,2025-08-18,10412000.0,Active,119,-1.54
6501,3386,2026-02-27,10399000.0,Active,35,-0.39
6502,3572,2025-01-31,12224000.0,Active,120,-7.0
6503,3793,2026-03-22,12519000.0,Sold,126,1.77
6504,3427,2023-10-12,19582000.0,Active,18,-1.24
6505,6629,2026-08-01,14309000.0,Active,174,1.99
6506,5331,2026-01-07,6210000.0,Expired,119,3.44
6507,7872,2024-04-10,12950000.0,Expired,108,-0.35
6508,44,2023-09-09,5628000.0,Sold,82,-3.55
6509,3613,2026-05-15,12918000.0,Active,106,-4.23
6510,2619,2023-12-24,8565000.0,Sold,63,-2.37
6511,4679,2024-08-12,13005000.0,Active,92,-2.95
6512,3164,2024-10-29,25803000.0,Active,5,1.64
6513,1289,2025-05-08,13326000.0,Sold,109,-2.27
6514,2943,2024-12-22,14185000.0,Sold,191,-4.46
6515,220,2025-07-26,7415000.0,Withdrawn,75,2.39
6516,1926,2025-11-05,15892000.0,Sold,43,-0.51
6517,2973,2024-09-15,16121000.0,Sold,70,2.22
6518,3514,2025-04-29,10075000.0,Withdrawn,112,-4.73
6519,2449,2024-08-12,13773000.0,Sold,71,-1.35
6520,3472,2025-12-30,11715000.0,Active,91,-1.19
6521,2775,2026-06-13,12017000.0,Sold,117,-0.32
6522,991,2023-09-24,15372000.0,Active,66,-0.27
6523,2947,2024-09-06,19511000.0,Withdrawn,5,0.25
6524,1813,2026-05-26,22165000.0,Expired,55,-2.63
6525,7744,2024-02-03,9060000.0,Sold,58,1.36
6526,4954,2023-11-01,24276000.0,Active,5,-7.43
6527,804,2024-06-07,10718000.0,Active,59,2.27
6528,490,2025-10-27,17171000.0,Sold,44,-2.58
6529,3557,2024-10-21,5104000.0,Expired,43,-2.49
6530,5877,2025-02-23,19148000.0,Sold,129,3.44
6531,1494,2024-10-27,12907000.0,Sold,79,-5.77
6532,3646,2024-04-01,9493000.0,Sold,99,-8.43
6533,7082,2026-04-09,9800000.0,Sold,86,1.84
6534,2892,2025-06-13,14307000.0,Sold,18,4.32
6535,1706,2026-04-23,8595000.0,Active,129,-7.31
6536,3517,2024-06-30,2911000.0,Withdrawn,30,-7.34
6537,3341,2024-11-28,15544000.0,Active,18,-1.69
6538,6411,2025-07-16,9451000.0,Sold,111,0.86
6539,54,2023-11-27,11218000.0,Withdrawn,63,-0.51
6540,2576,2024-09-02,10386000.0,Sold,59,-1.09
6541,3592,2024-06-10,7252000.0,Sold,5,0.61
6542,616,2026-01-26,12946000.0,Active,35,0.16
6543,5179,2025-10-18,13607000.0,Sold,94,-1.74
6544,5945,2026-05-26,11235000.0,Active,5,-1.79
6545,7208,2025-07-17,11842000.0,Withdrawn,120,3.24
6546,7405,2026-06-04,8132000.0,Sold,84,0.42
6547,955,2024-10-10,11418000.0,Active,39,-0.09
6548,2434,2025-11-07,11405000.0,Active,67,0.13
6549,1630,2025-03-04,15549000.0,Active,74,-8.6
6550,2782,2026-04-23,11414000.0,Sold,20,-0.56
6551,6860,2025-06-20,9540000.0,Active,62,0.79
6552,650,2025-03-01,8357000.0,Active,58,1.03
6553,2348,2025-03-25,13628000.0,Sold,188,-4.92
6554,4491,2025-11-03,6712000.0,Active,80,1.2
6555,3279,2025-08-08,15658000.0,Sold,47,-1.59
6556,5456,2024-10-24,8979000.0,Active,72,0.69
6557,2641,2026-01-11,11458000.0,Withdrawn,62,-0.08
6558,3802,2023-11-25,9690000.0,Sold,51,-4.51
6559,2562,2024-01-01,6481000.0,Sold,89,-0.89
6560,3250,2026-07-07,11300000.0,Sold,63,-5.1
6561,6540,2026-02-05,8697000.0,Sold,61,-4.29
6562,371,2025-01-05,10736000.0,Active,99,0.57
6563,858,2025-05-19,13048000.0,Sold,74,0.98
6564,4887,2025-06-10,21965000.0,Sold,71,-3.52
6565,4754,2026-04-08,7466000.0,Withdrawn,76,-2.22
6566,7486,2024-01-29,10494000.0,Sold,107,-1.72
6567,6880,2026-02-10,18036000.0,Expired,35,-3.64
6568,5489,2024-02-11,10369000.0,Withdrawn,69,0.29
6569,384,2024-05-10,10590000.0,Active,103,-3.7
6570,6206,2023-11-17,10177000.0,Sold,142,-7.04
6571,3878,2024-08-14,6082000.0,Sold,42,-6.17
6572,2553,2025-02-02,5459000.0,Expired,76,1.69
6573,4335,2024-01-17,15099000.0,Active,83,-8.64
6574,4291,2023-08-22,9211000.0,Sold,123,-4.11
6575,2726,2025-09-14,6721000.0,Active,5,-6.08
6576,4035,2026-02-18,12437000.0,Active,57,1.53
6577,3294,2025-03-10,12486000.0,Withdrawn,45,-4.4
6578,6205,2024-08-31,12167000.0,Sold,57,-1.09
6579,5249,2025-11-26,10306000.0,Expired,31,-0.55
6580,7134,2024-12-02,6884000.0,Active,103,-5.37
6581,6829,2024-11-27,10706000.0,Active,28,-1.22
6582,6112,2025-09-13,17758000.0,Expired,50,-0.36
6583,4252,2025-09-24,9546000.0,Active,77,-3.39
6584,3989,2026-07-04,19829000.0,Expired,36,-7.45
6585,7546,2024-06-01,12624000.0,Active,123,1.51
6586,7790,2024-03-14,14566000.0,Active,142,-1.51
6587,7949,2026-01-03,19577000.0,Active,5,-1.42
6588,923,2025-02-14,17599000.0,Sold,68,-0.37
6589,2916,2025-10-04,13818000.0,Active,66,4.92
6590,2951,2024-03-13,7071000.0,Sold,102,-6.22
6591,7958,2024-03-27,12132000.0,Expired,68,-3.54
6592,5706,2025-08-02,11886000.0,Active,101,3.49
6593,3047,2024-04-30,9270000.0,Sold,31,-1.28
6594,7605,2025-02-07,12028000.0,Withdrawn,31,-1.41
6595,975,2024-05-24,21838000.0,Expired,14,-5.21
6596,1231,2026-05-11,9206000.0,Sold,103,3.89
6597,2436,2023-12-08,11484000.0,Sold,71,2.51
6598,7648,2026-04-27,10647000.0,Expired,38,3.57
6599,1815,2025-10-19,10582000.0,Active,110,-0.31
6600,2935,2023-09-02,4140000.0,Withdrawn,21,-3.03
6601,4934,2024-05-22,4747000.0,Active,44,-2.54
6602,6104,2023-09-27,7927000.0,Sold,20,-1.36
6603,1364,2025-05-31,8681000.0,Sold,109,-6.51
6604,3941,2026-04-28,6837000.0,Active,5,-3.21
6605,6484,2024-05-31,9665000.0,Sold,68,0.42
6606,204,2024-09-28,12401000.0,Active,100,-8.05
6607,161,2025-02-26,9095000.0,Sold,78,-0.53
6608,7708,2023-10-30,18467000.0,Expired,113,-4.19
6609,4488,2025-10-04,14161000.0,Active,126,-0.99
6610,769,2024-06-30,11048000.0,Sold,90,0.66
6611,3749,2024-08-29,22883000.0,Active,103,4.64
6612,6719,2026-07-26,14693000.0,Sold,44,-3.38
6613,2582,2025-08-15,12896000.0,Sold,68,0.96
6614,1094,2026-08-16,7850000.0,Expired,92,-3.17
6615,7037,2024-01-15,12583000.0,Expired,93,-0.71
6616,4501,2026-07-06,16234000.0,Sold,80,-8.38
6617,608,2026-01-05,11312000.0,Sold,81,-1.82
6618,7843,2024-04-23,8983000.0,Expired,38,3.14
6619,5711,2026-03-30,3121000.0,Withdrawn,47,-5.38
6620,1541,2025-07-22,12473000.0,Active,45,2.68
6621,2876,2026-05-10,16362000.0,Active,59,-3.7
6622,3192,2026-03-23,13232000.0,Sold,140,-2.47
6623,1838,2025-05-10,8025000.0,Sold,108,1.46
6624,690,2024-09-16,14191000.0,Active,90,-5.05
6625,3760,2026-03-06,10348000.0,Active,132,-1.04
6626,2950,2025-09-07,20093000.0,Active,91,1.06
6627,5337,2025-02-08,11204000.0,Sold,150,-1.1
6628,2104,2025-06-16,5830000.0,Withdrawn,25,-4.6
6629,366,2026-07-15,6185000.0,Sold,5,-1.05
6630,5819,2025-06-15,4273000.0,Active,38,2.67
6631,3576,2024-10-26,22535000.0,Sold,134,-1.38
6632,7912,2025-08-24,20429000.0,Expired,77,-3.97
6633,7935,2024-03-06,17097000.0,Active,77,-0.12
6634,4551,2024-04-07,12341000.0,Expired,36,3.69
6635,4200,2025-05-22,13236000.0,Sold,34,0.43
6636,4173,2024-12-29,14495000.0,Sold,26,-0.93
6637,4326,2024-04-19,11799000.0,Expired,131,-2.37
6638,6034,2025-10-18,11874000.0,Active,55,-3.12
6639,7426,2023-12-07,16822000.0,Active,20,3.38
6640,7432,2026-07-08,17883000.0,Withdrawn,116,-0.82
6641,2379,2025-12-27,21092000.0,Sold,75,-5.44
6642,1206,2023-11-06,12827000.0,Sold,29,-0.69
6643,4989,2025-05-19,13085000.0,Sold,88,-0.93
6644,3840,2023-11-21,7983000.0,Sold,62,-0.25
6645,5670,2024-08-05,16898000.0,Withdrawn,78,-3.4
6646,2736,2023-12-09,21894000.0,Active,31,-4.41
6647,6171,2026-04-19,18215000.0,Expired,120,-6.75
6648,3348,2023-11-08,5856000.0,Sold,89,-3.3
6649,1676,2025-08-07,8896000.0,Expired,136,-2.68
6650,299,2023-10-14,14751000.0,Sold,123,-4.95
6651,957,2023-09-21,17726000.0,Sold,73,-1.94
6652,6943,2024-08-13,13043000.0,Active,108,-4.64
6653,1115,2024-10-01,7627000.0,Active,136,-3.93
6654,6624,2025-12-05,12457000.0,Expired,119,-0.35
6655,6717,2023-10-07,8470000.0,Sold,130,-7.41
6656,2506,2026-03-28,20087000.0,Sold,117,-0.26
6657,1475,2024-11-05,11078000.0,Expired,115,1.28
6658,4461,2025-05-13,8244000.0,Active,64,-0.36
6659,7003,2026-07-01,10774000.0,Sold,83,-2.25
6660,5795,2026-02-17,12884000.0,Withdrawn,134,1.56
6661,4447,2026-01-26,10834000.0,Active,76,-2.63
6662,3727,2025-10-07,37810000.0,Sold,96,2.22
6663,3472,2026-04-07,11715000.0,Active,47,-4.42
6664,6397,2024-02-22,9029000.0,Sold,53,-2.91
6665,2829,2024-01-19,12066000.0,Withdrawn,21,-6.42
6666,6001,2025-10-27,8210000.0,Active,148,3.25
6667,2851,2024-03-05,7161000.0,Active,172,-1.6
6668,5108,2026-03-15,8119000.0,Active,121,-6.63
6669,2507,2026-05-09,10720000.0,Sold,24,-5.74
6670,3771,2025-04-22,2356000.0,Sold,46,-5.04
6671,2965,2025-12-27,16796000.0,Sold,37,-1.69
6672,4595,2025-03-15,11959000.0,Withdrawn,46,-4.09
6673,950,2024-08-06,14629000.0,Active,176,-3.44
6674,6091,2025-09-29,13503000.0,Sold,115,-3.0
6675,6143,2026-01-18,11866000.0,Expired,82,-1.88
6676,4604,2023-10-23,5110000.0,Active,92,0.94
6677,5424,2025-12-08,10571000.0,Sold,141,2.14
6678,6645,2025-12-04,15444000.0,Sold,5,3.74
6679,2851,2025-05-11,7161000.0,Expired,68,-7.46
6680,6742,2024-04-03,15921000.0,Active,93,-1.41
6681,166,2026-02-15,18037000.0,Active,94,-1.63
6682,3487,2023-12-12,12711000.0,Sold,93,-4.24
6683,2510,2025-01-27,12366000.0,Active,5,-2.01
6684,920,2026-08-02,13850000.0,Expired,73,-0.2
6685,114,2026-07-23,18169000.0,Expired,65,-2.4
6686,3505,2025-04-26,12912000.0,Sold,43,-0.16
6687,992,2024-12-13,17968000.0,Sold,123,-1.54
6688,7524,2025-03-11,6786000.0,Sold,61,-5.0
6689,6048,2025-01-26,9947000.0,Sold,60,1.78
6690,7863,2024-02-21,7657000.0,Active,88,-5.11
6691,6351,2024-04-22,16670000.0,Active,55,-5.57
6692,3840,2026-08-06,7983000.0,Expired,30,-0.08
6693,1259,2024-11-26,7828000.0,Expired,77,3.47
6694,7610,2026-06-22,8599000.0,Sold,93,3.24
6695,3427,2025-04-18,19582000.0,Active,49,-2.6
6696,515,2024-01-21,12055000.0,Sold,103,-2.42
6697,5328,2025-07-31,17340000.0,Active,72,-3.68
6698,4805,2025-03-07,20155000.0,Active,58,1.86
6699,3197,2025-06-26,6824000.0,Withdrawn,214,-0.21
6700,6282,2026-01-23,10224000.0,Sold,110,-4.36
6701,4435,2024-04-05,3612000.0,Sold,82,-0.66
6702,2585,2023-11-02,9169000.0,Active,174,-0.45
6703,68,2023-12-14,20774000.0,Withdrawn,43,4.23
6704,1597,2024-04-30,13764000.0,Active,123,-3.67
6705,5661,2026-05-30,17676000.0,Sold,74,1.81
6706,4479,2026-02-28,7208000.0,Withdrawn,96,5.82
6707,19,2024-07-15,5596000.0,Sold,29,-1.2
6708,2731,2025-10-10,21353000.0,Sold,106,0.57
6709,3522,2025-04-07,15326000.0,Active,186,-2.39
6710,6218,2025-12-29,10863000.0,Withdrawn,81,-2.47
6711,573,2026-01-17,10468000.0,Sold,5,-5.94
6712,7083,2025-04-03,13612000.0,Active,189,-2.49
6713,7833,2024-03-23,11712000.0,Active,56,3.07
6714,5396,2025-07-19,15280000.0,Active,67,-1.73
6715,7216,2026-08-03,8600000.0,Sold,161,0.61
6716,2259,2024-12-11,8596000.0,Expired,164,1.91
6717,2903,2025-11-08,8676000.0,Expired,119,-0.08
6718,6040,2024-04-29,16546000.0,Withdrawn,63,-3.57
6719,651,2024-01-02,6932000.0,Active,113,-1.04
6720,5742,2024-04-20,9649000.0,Withdrawn,75,-3.91
6721,5090,2024-04-04,13889000.0,Active,17,1.05
6722,6839,2023-10-26,19085000.0,Active,100,0.12
6723,2588,2024-05-20,10738000.0,Expired,68,1.25
6724,7877,2024-06-07,6059000.0,Active,126,-0.38
6725,3263,2024-02-21,18213000.0,Sold,5,1.08
6726,1339,2026-02-28,17061000.0,Withdrawn,74,-3.04
6727,4997,2024-07-28,10509000.0,Active,109,-2.76
6728,3635,2023-09-23,7664000.0,Active,103,-3.61
6729,5781,2026-03-15,8841000.0,Withdrawn,77,2.55
6730,2828,2026-04-13,8673000.0,Sold,128,-2.65
6731,5682,2023-09-05,10618000.0,Active,11,-0.9
6732,6020,2024-08-05,18769000.0,Active,129,1.63
6733,5878,2024-04-30,13022000.0,Withdrawn,129,-2.2
6734,5233,2024-09-13,10703000.0,Withdrawn,45,-0.57
6735,2218,2025-08-01,9802000.0,Withdrawn,52,4.0
6736,3540,2025-02-26,13082000.0,Expired,88,2.35
6737,7846,2024-01-09,18473000.0,Sold,24,2.83
6738,6041,2024-03-31,5435000.0,Active,150,-0.46
6739,1038,2024-06-04,9222000.0,Sold,96,-5.94
6740,5835,2025-10-21,19701000.0,Active,22,-1.22
6741,4384,2025-08-20,20839000.0,Withdrawn,107,-1.25
6742,3979,2025-12-20,5587000.0,Active,101,-0.7
6743,6333,2023-09-19,9308000.0,Active,8,0.4
6744,2962,2025-04-19,12785000.0,Sold,64,2.33
6745,3227,2024-03-03,12067000.0,Active,97,-0.73
6746,5687,2025-08-03,13390000.0,Active,5,-2.36
6747,6838,2024-04-30,8049000.0,Sold,80,-0.3
6748,5842,2026-08-11,10251000.0,Active,12,-2.55
6749,7032,2023-10-22,6962000.0,Active,24,-5.75
6750,6615,2026-06-04,12553000.0,Active,101,-2.64
6751,1099,2025-10-27,17632000.0,Sold,158,-0.82
6752,2325,2025-03-28,12197000.0,Active,79,-1.32
6753,940,2025-02-09,10745000.0,Active,23,-2.2
6754,3717,2025-05-29,18120000.0,Sold,34,-7.67
6755,3415,2025-04-17,21217000.0,Active,83,0.76
6756,1449,2024-02-17,15472000.0,Sold,45,-6.94
6757,571,2024-08-27,12906000.0,Sold,125,0.31
6758,7679,2025-02-03,13615000.0,Sold,5,1.86
6759,2905,2024-09-11,14081000.0,Withdrawn,61,2.1
6760,5097,2025-01-10,12289000.0,Expired,25,-1.45
6761,5302,2026-08-11,12360000.0,Sold,230,-2.23
6762,2506,2024-11-29,20087000.0,Sold,7,-3.32
6763,918,2024-07-08,11295000.0,Sold,165,-4.22
6764,1875,2024-08-05,8508000.0,Sold,17,-10.52
6765,4929,2026-03-08,20603000.0,Sold,41,-2.45
6766,7232,2026-06-23,12525000.0,Active,158,-2.47
6767,6983,2024-04-13,10437000.0,Sold,79,-1.41
6768,7428,2023-09-25,10919000.0,Active,41,-3.12
6769,6337,2025-12-12,10600000.0,Expired,103,1.88
6770,1679,2024-10-10,15147000.0,Active,29,-1.07
6771,616,2024-11-18,12946000.0,Sold,10,-1.74
6772,4502,2026-04-23,12782000.0,Withdrawn,101,-2.3
6773,1750,2023-10-25,16494000.0,Withdrawn,102,-0.69
6774,3826,2026-04-21,7727000.0,Active,42,-4.68
6775,7087,2025-09-23,10248000.0,Active,85,-2.64
6776,6865,2024-04-09,10637000.0,Active,48,4.05
6777,4189,2026-05-08,20035000.0,Sold,76,-2.03
6778,2478,2023-11-27,11504000.0,Active,27,-1.87
6779,4750,2025-05-09,15664000.0,Active,109,2.65
6780,3506,2026-08-05,21750000.0,Sold,131,1.82
6781,3476,2025-10-15,10484000.0,Sold,128,-0.42
6782,4530,2025-09-21,21005000.0,Sold,44,1.34
6783,1136,2026-08-18,6896000.0,Active,31,-1.2
6784,4001,2026-08-08,16931000.0,Active,5,1.1
6785,375,2025-05-27,10410000.0,Sold,208,-3.66
6786,7227,2024-08-23,18313000.0,Expired,57,-4.67
6787,5163,2024-04-17,13022000.0,Sold,107,-5.57
6788,207,2025-06-02,17463000.0,Expired,82,0.25
6789,4876,2025-02-07,8421000.0,Sold,75,-2.85
6790,1320,2025-10-24,11160000.0,Sold,133,-1.32
6791,1142,2026-02-26,7932000.0,Active,159,-0.91
6792,4628,2024-05-26,16148000.0,Sold,39,-0.5
6793,7390,2023-10-21,6583000.0,Active,73,-2.79
6794,6310,2025-02-04,3882000.0,Active,14,-0.16
6795,2691,2025-07-02,8999000.0,Active,14,-3.07
6796,7324,2026-07-20,18796000.0,Withdrawn,11,2.65
6797,3256,2023-08-29,8558000.0,Sold,173,-1.16
6798,90,2026-06-23,16311000.0,Withdrawn,85,0.15
6799,5214,2025-02-02,7167000.0,Sold,124,-0.01
6800,4109,2025-07-11,3642000.0,Sold,60,-0.45
6801,3021,2024-04-07,6628000.0,Active,115,0.82
6802,1858,2024-11-15,12421000.0,Sold,63,2.68
6803,805,2026-01-24,7596000.0,Active,56,-2.41
6804,945,2025-05-17,8470000.0,Active,88,1.32
6805,2790,2026-04-09,21331000.0,Expired,90,-0.03
6806,5954,2026-04-28,7712000.0,Active,155,-3.28
6807,3876,2024-06-29,8280000.0,Active,78,-2.83
6808,7606,2026-05-23,15697000.0,Active,70,-6.12
6809,7706,2025-03-09,9502000.0,Withdrawn,49,-2.78
6810,1611,2023-10-08,8083000.0,Active,11,-1.05
6811,2924,2024-01-24,18477000.0,Active,5,-0.33
6812,6056,2023-12-03,12333000.0,Sold,31,-2.84
6813,3883,2024-03-07,9622000.0,Active,115,-5.18
6814,3222,2024-06-11,17851000.0,Sold,77,-1.9
6815,6804,2026-07-22,10399000.0,Expired,82,-4.17
6816,7176,2024-07-12,3713000.0,Sold,123,-0.39
6817,5149,2024-07-12,13510000.0,Active,126,1.91
6818,4392,2025-04-23,12813000.0,Active,59,-0.83
6819,7130,2026-06-06,17526000.0,Active,106,-2.51
6820,5022,2024-05-13,8190000.0,Withdrawn,83,-3.35
6821,7889,2024-09-17,23159000.0,Active,19,4.18
6822,4736,2026-01-01,23757000.0,Active,102,-0.81
6823,2388,2024-08-06,9419000.0,Expired,53,0.53
6824,4724,2025-12-08,12397000.0,Sold,111,2.62
6825,6583,2026-06-20,9504000.0,Expired,33,1.04
6826,5264,2026-02-19,13018000.0,Expired,101,-0.71
6827,942,2025-05-11,7591000.0,Sold,84,-7.5
6828,4926,2025-06-14,12187000.0,Expired,77,-3.16
6829,5867,2024-08-21,7161000.0,Sold,124,0.96
6830,2567,2026-04-22,8582000.0,Active,17,1.7
6831,976,2024-10-14,21727000.0,Active,93,-3.61
6832,7213,2026-05-19,9970000.0,Sold,25,-3.82
6833,955,2024-12-15,11418000.0,Active,124,-1.87
6834,1263,2025-07-16,18018000.0,Active,91,0.84
6835,5048,2024-01-08,10936000.0,Active,19,-2.93
6836,944,2026-01-28,4779000.0,Sold,73,0.54
6837,2203,2026-08-05,12758000.0,Sold,41,-0.68
6838,5301,2026-05-09,17621000.0,Sold,106,5.7
6839,7383,2025-11-16,13809000.0,Active,90,-1.2
6840,6232,2023-09-26,12180000.0,Expired,120,-0.37
6841,3328,2024-09-01,20375000.0,Sold,113,-0.92
6842,5631,2025-04-12,17931000.0,Active,52,-3.42
6843,5193,2025-08-13,21594000.0,Active,38,-2.89
6844,7075,2025-06-13,9917000.0,Withdrawn,35,2.15
6845,4275,2026-03-05,22611000.0,Expired,65,-2.89
6846,2260,2024-07-28,13107000.0,Sold,50,-6.8
6847,1829,2026-07-23,16227000.0,Active,39,1.71
6848,1258,2024-08-05,16536000.0,Expired,83,-0.89
6849,465,2026-05-24,8098000.0,Active,122,-2.99
6850,5871,2025-03-30,7886000.0,Active,94,-4.04
6851,3295,2025-05-03,15261000.0,Sold,55,1.51
6852,6775,2025-11-22,18739000.0,Active,7,-3.44
6853,6969,2026-01-01,8084000.0,Expired,121,-6.66
6854,7432,2026-03-08,17883000.0,Sold,73,2.31
6855,1231,2025-04-02,9206000.0,Withdrawn,87,2.56
6856,2655,2026-01-13,10280000.0,Sold,124,-3.35
6857,885,2026-06-08,8387000.0,Sold,54,1.38
6858,3806,2024-06-03,6455000.0,Expired,76,-4.69
6859,6510,2024-08-06,11986000.0,Sold,97,-5.87
6860,6420,2024-08-11,10295000.0,Sold,31,-2.7
6861,6524,2025-09-29,13056000.0,Active,38,1.34
6862,7911,2026-08-18,16652000.0,Withdrawn,25,-2.03
6863,5429,2025-11-12,7117000.0,Active,102,-1.25
6864,5751,2025-10-16,12785000.0,Sold,96,-4.22
6865,7436,2025-12-21,11968000.0,Sold,70,3.64
6866,5041,2026-02-08,13150000.0,Expired,205,-1.55
6867,3857,2024-12-22,17192000.0,Active,29,-3.22
6868,3136,2024-07-07,15976000.0,Expired,37,1.45
6869,6954,2024-03-10,11840000.0,Sold,108,-0.93
6870,7518,2026-07-17,12859000.0,Sold,28,5.04
6871,925,2024-05-31,6331000.0,Active,76,-2.91
6872,6035,2026-05-31,17156000.0,Active,147,-4.42
6873,4590,2025-07-16,15479000.0,Active,103,6.86
6874,1547,2026-05-06,13053000.0,Sold,5,-2.32
6875,7266,2026-07-22,13940000.0,Withdrawn,38,-3.96
6876,6066,2026-05-25,13880000.0,Sold,61,2.86
6877,1095,2026-05-27,5567000.0,Sold,80,-4.91
6878,2412,2025-08-18,23758000.0,Sold,88,-3.28
6879,2618,2024-11-22,12480000.0,Sold,73,-5.85
6880,5922,2026-01-10,5605000.0,Active,107,-0.89
6881,763,2024-06-22,17424000.0,Active,53,-0.17
6882,2324,2025-04-29,12411000.0,Active,47,-2.33
6883,4146,2024-02-27,13292000.0,Withdrawn,145,1.11
6884,7526,2023-12-26,12761000.0,Sold,57,-6.24
6885,2776,2024-10-24,8571000.0,Sold,40,-1.3
6886,5002,2025-02-16,17992000.0,Sold,135,-0.43
6887,7072,2024-07-31,7622000.0,Sold,63,-3.69
6888,4660,2025-11-04,10531000.0,Active,102,1.51
6889,4879,2025-09-02,15550000.0,Withdrawn,117,-1.37
6890,6629,2023-09-27,14309000.0,Active,9,-5.28
6891,3156,2026-07-30,11629000.0,Sold,58,-1.69
6892,3971,2023-11-06,21955000.0,Active,5,-2.21
6893,7973,2026-04-15,11725000.0,Expired,118,-7.47
6894,7806,2026-03-24,14278000.0,Withdrawn,89,3.01
6895,2041,2023-11-13,14916000.0,Active,5,-1.89
6896,5928,2026-04-02,9248000.0,Sold,75,2.29
6897,584,2024-09-05,13247000.0,Sold,78,-2.16
6898,5416,2025-07-09,10501000.0,Sold,138,-0.34
6899,4332,2023-10-16,6616000.0,Active,5,3.18
6900,2104,2025-07-10,5830000.0,Expired,92,-4.75
6901,1943,2023-09-09,16312000.0,Active,93,0.3
6902,4456,2023-11-07,21684000.0,Active,228,-1.81
6903,6027,2024-05-25,8365000.0,Active,117,-3.47
6904,110,2025-12-27,9126000.0,Expired,158,-6.08
6905,192,2026-06-29,11343000.0,Active,102,-3.98
6906,904,2024-09-16,8301000.0,Sold,141,0.58
6907,5213,2025-03-10,17913000.0,Active,92,5.62
6908,862,2023-08-26,13647000.0,Expired,73,3.35
6909,6712,2023-10-12,14681000.0,Active,65,-3.69
6910,1084,2023-10-03,14565000.0,Active,105,-4.65
6911,650,2024-07-07,8357000.0,Expired,100,2.53
6912,4135,2023-09-13,12946000.0,Active,18,0.57
6913,3612,2025-10-09,11172000.0,Active,145,-7.37
6914,7217,2024-05-25,22975000.0,Active,81,-6.23
6915,7588,2024-09-16,13648000.0,Active,8,-1.46
6916,637,2025-07-03,12238000.0,Sold,148,-1.62
6917,1037,2024-10-15,8591000.0,Withdrawn,65,3.07
6918,4132,2026-01-03,19794000.0,Sold,137,-1.97
6919,2149,2024-07-09,8141000.0,Expired,65,2.6
6920,3866,2026-07-15,13189000.0,Sold,79,2.27
6921,3158,2026-01-23,8575000.0,Active,74,-3.27
6922,3588,2024-09-07,7928000.0,Sold,27,-9.23
6923,3295,2024-09-18,15261000.0,Sold,28,-6.61
6924,5458,2023-09-09,24735000.0,Sold,60,-0.75
6925,6080,2026-08-12,19842000.0,Active,54,-2.44
6926,4262,2025-04-15,12579000.0,Sold,106,-4.4
6927,2431,2025-06-13,17856000.0,Sold,29,-0.65
6928,1880,2026-03-19,7145000.0,Sold,85,-1.25
6929,3967,2024-10-27,17159000.0,Expired,33,0.74
6930,7544,2024-01-14,18084000.0,Active,95,2.03
6931,7639,2024-12-18,7904000.0,Active,33,-0.21
6932,6934,2023-10-25,3650000.0,Sold,23,-1.19
6933,3714,2026-07-13,4656000.0,Sold,5,-0.45
6934,4127,2025-03-23,9810000.0,Sold,64,3.17
6935,7543,2025-09-21,11415000.0,Active,118,-4.38
6936,4107,2025-06-10,11612000.0,Sold,112,0.7
6937,2012,2025-11-06,9709000.0,Sold,55,0.71
6938,3374,2023-11-25,17772000.0,Active,131,2.76
6939,2144,2025-02-25,19034000.0,Active,74,-3.74
6940,7358,2024-02-23,22274000.0,Expired,75,2.99
6941,2501,2026-04-24,34265000.0,Active,76,5.32
6942,6336,2026-01-04,12855000.0,Active,28,-2.15
6943,4582,2024-10-13,12685000.0,Sold,63,-1.44
6944,1290,2024-02-29,16240000.0,Sold,67,2.57
6945,1448,2025-08-10,11454000.0,Sold,48,-2.36
6946,3200,2023-10-24,21975000.0,Sold,119,3.07
6947,6382,2025-08-28,14612000.0,Sold,25,-3.93
6948,1944,2024-09-26,7924000.0,Active,46,7.11
6949,7523,2024-08-15,13357000.0,Active,55,0.3
6950,6060,2023-09-13,7577000.0,Expired,37,-0.22
6951,3184,2024-05-09,18101000.0,Active,90,1.61
6952,5948,2024-08-24,7604000.0,Active,82,-3.2
6953,5566,2023-09-12,14418000.0,Sold,176,-1.75
6954,5463,2026-03-28,8680000.0,Active,78,-1.85
6955,3217,2026-06-03,15133000.0,Sold,89,-2.22
6956,3137,2023-11-05,15078000.0,Expired,94,-4.47
6957,3319,2025-02-14,12019000.0,Expired,5,0.28
6958,2783,2023-11-05,15468000.0,Sold,148,3.42
6959,991,2024-12-06,15372000.0,Expired,52,-5.16
6960,7658,2024-06-15,13225000.0,Withdrawn,5,-3.19
6961,4921,2026-06-25,19294000.0,Expired,104,-4.27
6962,5559,2025-01-31,24543000.0,Active,92,-3.61
6963,2154,2025-12-06,14829000.0,Sold,162,-2.79
6964,6325,2025-10-19,11830000.0,Sold,5,0.71
6965,6328,2024-10-17,8860000.0,Withdrawn,56,0.12
6966,226,2024-03-13,13266000.0,Active,54,0.7
6967,777,2025-12-11,11327000.0,Active,87,-3.92
6968,2838,2026-01-28,11342000.0,Sold,118,-1.28
6969,5209,2025-07-05,17298000.0,Sold,68,-0.48
6970,688,2025-09-15,20609000.0,Sold,94,-3.06
6971,530,2026-04-24,12472000.0,Sold,11,-4.89
6972,3443,2025-12-18,8712000.0,Active,66,-4.03
6973,5068,2024-02-07,4084000.0,Withdrawn,131,2.35
6974,5032,2024-05-17,21312000.0,Sold,78,0.78
6975,5519,2025-05-20,11900000.0,Sold,115,-1.68
6976,2154,2024-11-02,14829000.0,Sold,63,-2.17
6977,1295,2023-10-22,15533000.0,Sold,100,-5.25
6978,6095,2024-09-19,13755000.0,Sold,144,-3.68
6979,6975,2026-07-10,15663000.0,Sold,41,1.18
6980,1527,2023-12-07,15537000.0,Expired,95,-0.72
6981,4775,2025-02-28,10027000.0,Active,40,0.12
6982,7693,2026-05-25,18834000.0,Active,29,-1.69
6983,2897,2024-06-19,10120000.0,Expired,133,-7.77
6984,3104,2025-05-31,10004000.0,Withdrawn,79,4.63
6985,2441,2024-06-25,16669000.0,Sold,61,2.02
6986,4136,2025-12-01,16771000.0,Sold,56,-1.57
6987,6804,2025-07-25,10399000.0,Sold,103,-1.5
6988,7386,2025-06-15,11292000.0,Sold,75,-1.22
6989,3803,2025-11-28,9170000.0,Expired,106,1.26
6990,7125,2024-05-21,18844000.0,Sold,62,0.82
6991,5202,2024-07-22,14775000.0,Sold,93,2.4
6992,845,2026-06-16,13168000.0,Active,83,-2.61
6993,5840,2025-04-05,5085000.0,Sold,90,-5.03
6994,6345,2024-03-10,14687000.0,Active,77,-2.55
6995,447,2026-04-26,10617000.0,Active,58,3.29
6996,3916,2023-11-01,7457000.0,Expired,170,-1.69
6997,7596,2023-11-24,12099000.0,Active,157,-1.28
6998,3110,2026-01-11,16550000.0,Active,95,-6.18
6999,1235,2024-05-11,9611000.0,Sold,5,-3.28
7000,6588,2024-12-18,33622500.0,Sold,25,-5.26
7001,5447,2024-01-06,18464000.0,Withdrawn,49,-2.1
7002,6905,2026-06-17,15755000.0,Sold,102,-5.95
7003,227,2025-09-06,11059000.0,Expired,5,-5.25
7004,4144,2024-06-20,12594000.0,Expired,111,-3.59
7005,7186,2025-02-10,13436000.0,Sold,71,-0.06
7006,2960,2025-10-08,11286000.0,Active,68,-2.26
7007,5559,2026-01-31,24543000.0,Expired,19,-6.99
7008,1831,2024-02-08,18435000.0,Sold,54,0.09
7009,3780,2025-05-14,11934000.0,Active,53,-2.99
7010,187,2025-11-16,10483000.0,Sold,25,-4.75
7011,6489,2024-08-09,16091000.0,Active,78,3.74
7012,6368,2025-05-10,11195000.0,Sold,66,-1.67
7013,2878,2025-10-14,11888000.0,Sold,107,-5.28
7014,2536,2024-06-06,9135000.0,Withdrawn,22,-3.76
7015,1933,2026-02-19,15941000.0,Sold,86,1.23
7016,2925,2026-07-19,24040000.0,Active,40,-2.91
7017,849,2026-05-12,10888000.0,Sold,33,-4.87
7018,2033,2025-05-11,14279000.0,Active,90,-0.4
7019,1253,2024-07-20,8663000.0,Expired,126,3.93
7020,5510,2026-04-20,15851000.0,Active,82,-5.04
7021,5075,2025-05-10,23765000.0,Sold,99,3.05
7022,5709,2024-07-24,6012000.0,Active,63,0.65
7023,5113,2024-08-26,13174000.0,Withdrawn,137,-0.76
7024,6332,2025-11-30,13589000.0,Sold,148,-2.21
7025,1882,2025-04-07,16668000.0,Active,5,-3.18
7026,270,2026-04-29,7048000.0,Active,126,-0.57
7027,1631,2024-05-03,18004000.0,Active,46,-4.05
7028,4406,2026-07-18,13882000.0,Expired,95,-1.19
7029,3204,2025-05-16,7907000.0,Sold,98,-4.83
7030,6140,2025-07-26,7146000.0,Active,40,-2.47
7031,1575,2024-07-01,6795000.0,Active,75,-3.27
7032,5192,2025-11-09,15367000.0,Sold,70,1.96
7033,7961,2026-01-13,11323000.0,Sold,45,0.54
7034,2893,2025-02-11,14804000.0,Expired,33,-4.98
7035,1696,2023-09-09,8491000.0,Sold,35,-0.32
7036,3259,2026-07-04,10365000.0,Sold,91,-0.01
7037,6630,2025-11-21,10414000.0,Active,102,3.43
7038,3263,2025-01-25,18213000.0,Active,46,-3.04
7039,1446,2025-08-19,13925000.0,Sold,125,0.82
7040,6264,2025-08-27,14162000.0,Active,119,-6.44
7041,220,2025-01-24,7415000.0,Active,216,3.78
7042,53,2026-01-15,11642000.0,Expired,65,-1.16
7043,1758,2026-03-12,10846000.0,Active,5,1.79
7044,5571,2025-01-16,10265000.0,Sold,142,0.7
7045,7580,2024-04-01,13522000.0,Active,64,-0.26
7046,1667,2025-03-24,13869000.0,Active,5,-3.52
7047,5357,2024-08-06,17494000.0,Sold,98,-1.83
7048,6902,2024-06-15,5189000.0,Expired,123,0.69
7049,2786,2024-01-29,7407000.0,Sold,67,-0.19
7050,720,2023-12-20,8919000.0,Sold,106,-5.07
7051,406,2023-12-07,10162000.0,Withdrawn,58,1.35
7052,6752,2025-03-31,15321000.0,Active,22,0.27
7053,7165,2024-01-01,9941000.0,Active,81,2.61
7054,6566,2024-01-05,14858000.0,Sold,88,-3.89
7055,6856,2025-03-31,18144000.0,Expired,147,-0.35
7056,2295,2024-12-21,19467000.0,Active,60,-1.76
7057,72,2024-12-15,14164000.0,Active,140,-1.04
7058,5950,2026-01-20,11426000.0,Sold,5,-2.89
7059,6329,2024-12-06,11235000.0,Sold,95,-2.12
7060,2054,2025-09-18,9387000.0,Expired,81,3.22
7061,1230,2024-10-31,16277000.0,Active,32,-0.82
7062,1568,2023-10-21,13110000.0,Active,20,-0.51
7063,3683,2025-06-19,13393000.0,Active,147,-7.56
7064,2954,2025-05-25,6935000.0,Active,121,-0.82
7065,4483,2025-06-09,8682000.0,Active,135,-2.01
7066,5888,2026-04-25,13841000.0,Sold,150,0.55
7067,699,2024-02-15,12867000.0,Sold,84,1.61
7068,7244,2026-02-24,15413000.0,Withdrawn,15,-5.5
7069,5297,2024-01-05,15446000.0,Withdrawn,128,4.79
7070,827,2025-05-13,9594000.0,Sold,45,-0.37
7071,5919,2025-07-30,13044000.0,Expired,5,1.65
7072,349,2024-04-06,10407000.0,Active,87,-0.09
7073,5375,2024-12-23,7874000.0,Active,129,-0.09
7074,3909,2026-03-24,5302000.0,Active,125,-2.79
7075,7870,2025-02-13,14832000.0,Sold,81,-3.8
7076,308,2026-06-02,15549000.0,Sold,126,3.84
7077,3417,2023-09-05,15729000.0,Withdrawn,70,2.83
7078,5247,2026-01-05,16453000.0,Active,82,0.1
7079,6057,2024-11-22,13332000.0,Sold,98,0.93
7080,2335,2026-03-16,10299000.0,Sold,197,-6.41
7081,4862,2024-08-03,8895000.0,Expired,24,4.32
7082,4821,2023-12-25,17939000.0,Active,84,-6.45
7083,2810,2025-07-08,16278000.0,Withdrawn,147,-1.91
7084,5716,2026-03-03,16275000.0,Expired,9,-1.87
7085,3559,2024-12-09,14920000.0,Sold,132,2.64
7086,4479,2025-12-28,7208000.0,Active,96,-1.55
7087,3478,2026-01-08,18450000.0,Withdrawn,35,-6.42
7088,6532,2025-11-01,12089000.0,Withdrawn,54,-4.52
7089,4621,2025-08-03,7689000.0,Active,57,-4.87
7090,7725,2026-02-08,12193000.0,Sold,148,0.68
7091,2687,2024-11-17,8209000.0,Expired,171,2.25
7092,2986,2023-10-09,9367000.0,Active,19,-4.08
7093,7794,2024-07-17,20246000.0,Sold,92,4.34
7094,276,2024-06-19,13588000.0,Sold,50,-3.55
7095,2548,2024-12-20,7292000.0,Active,199,0.58
7096,2765,2026-07-13,6337000.0,Sold,38,-3.4
7097,337,2026-05-20,6985000.0,Active,106,4.75
7098,1974,2026-08-13,11863000.0,Sold,99,-0.42
7099,2980,2024-06-12,12383000.0,Sold,88,3.01
7100,4577,2024-09-12,11686000.0,Sold,81,-4.61
7101,3969,2024-12-25,10016000.0,Active,147,0.26
7102,911,2026-03-05,14933000.0,Withdrawn,5,1.15
7103,1997,2026-06-20,11690000.0,Expired,69,5.08
7104,7441,2023-10-19,19757000.0,Active,120,0.31
7105,3130,2026-07-17,35065000.0,Sold,116,-1.32
7106,5448,2026-08-15,10589000.0,Active,50,-0.84
7107,6130,2025-11-18,11304000.0,Expired,33,1.25
7108,5851,2025-09-22,16763000.0,Withdrawn,166,1.72
7109,4205,2024-09-17,14683000.0,Sold,58,0.06
7110,7447,2026-07-10,8305000.0,Sold,46,-4.58
7111,3758,2024-05-26,5741000.0,Withdrawn,86,-2.84
7112,328,2024-06-24,9363000.0,Sold,102,2.92
7113,1800,2025-07-21,13770000.0,Sold,55,-4.58
7114,315,2025-12-26,24367000.0,Withdrawn,120,-4.84
7115,3546,2025-09-16,20546000.0,Active,5,-4.65
7116,1135,2026-04-08,16799000.0,Sold,50,-3.19
7117,2747,2024-08-05,3999000.0,Expired,132,2.79
7118,4877,2026-01-26,15748000.0,Active,55,0.95
7119,7397,2024-01-11,13245000.0,Active,84,0.45
7120,1521,2024-10-19,9543000.0,Active,42,-5.78
7121,156,2025-07-10,10834000.0,Expired,68,2.01
7122,5593,2025-02-07,10456000.0,Active,99,-2.02
7123,1725,2026-06-25,11686000.0,Active,80,1.05
7124,3344,2024-06-07,8463000.0,Sold,46,-7.72
7125,887,2025-11-14,21397000.0,Active,70,-1.8
7126,3074,2024-06-09,22044000.0,Expired,126,-1.88
7127,2806,2024-08-22,2961000.0,Withdrawn,90,-2.88
7128,722,2024-08-23,11979000.0,Active,86,-3.85
7129,7679,2025-08-22,13615000.0,Sold,74,1.46
7130,913,2025-01-19,6256000.0,Active,65,1.47
7131,3358,2026-06-17,19688000.0,Active,66,0.46
7132,871,2026-06-14,19497000.0,Active,101,3.2
7133,4109,2025-08-26,3642000.0,Active,5,3.14
7134,6752,2024-04-06,15321000.0,Sold,37,-5.62
7135,498,2026-02-12,15110000.0,Sold,112,2.01
7136,1757,2025-09-14,14408000.0,Sold,94,3.59
7137,6382,2026-07-19,14612000.0,Sold,82,-4.14
7138,1118,2023-08-23,14470000.0,Withdrawn,49,-6.25
7139,3410,2026-05-07,7596000.0,Expired,40,2.58
7140,2829,2024-08-20,12066000.0,Expired,88,0.36
7141,5291,2026-08-19,21830000.0,Withdrawn,79,1.09
7142,6101,2026-04-30,16329000.0,Active,65,-1.54
7143,6750,2026-06-28,11939000.0,Active,132,-0.71
7144,6805,2025-12-22,10324000.0,Sold,61,-1.35
7145,1648,2025-09-09,13725000.0,Sold,32,-0.85
7146,5687,2024-02-11,13390000.0,Active,97,-1.57
7147,6993,2026-06-02,16366000.0,Sold,5,-1.03
7148,2984,2025-01-16,8452000.0,Sold,5,-4.38
7149,5587,2025-03-20,11837000.0,Withdrawn,48,-1.94
7150,6772,2025-10-02,10827000.0,Expired,144,0.14
7151,143,2025-12-16,15306000.0,Sold,85,-3.6
7152,5321,2025-01-21,14740000.0,Sold,75,-2.62
7153,7348,2025-05-07,10268000.0,Active,83,-5.61
7154,2762,2025-08-25,11667000.0,Sold,33,-3.26
7155,3436,2026-04-11,9312000.0,Active,67,-1.11
7156,6623,2025-02-15,3611000.0,Sold,111,0.04
7157,4661,2026-06-22,16256000.0,Sold,46,3.58
7158,6615,2025-04-19,12553000.0,Active,84,-2.54
7159,2432,2026-08-10,14807000.0,Active,137,-6.28
7160,5812,2026-02-27,7294000.0,Expired,115,-3.32
7161,7070,2026-03-23,7014000.0,Sold,46,3.06
7162,4513,2025-11-02,19993000.0,Active,57,-2.93
7163,1849,2025-07-27,12889000.0,Active,71,-0.71
7164,6452,2024-11-29,13406000.0,Expired,101,-1.96
7165,2697,2024-11-03,16111000.0,Withdrawn,171,-1.41
7166,1718,2024-05-03,42382500.0,Sold,71,1.17
7167,5487,2026-05-29,8810000.0,Sold,83,-3.96
7168,3073,2026-01-24,6264000.0,Active,38,-11.06
7169,1068,2025-04-03,6246000.0,Active,151,-4.67
7170,2787,2025-12-30,6656000.0,Active,144,-0.44
7171,5963,2024-03-12,12665000.0,Active,52,-4.7
7172,5218,2025-01-10,14025000.0,Sold,5,-4.57
7173,3792,2025-09-04,18114000.0,Active,37,-3.65
7174,1289,2024-07-20,13326000.0,Sold,70,-0.38
7175,3872,2025-04-03,8621000.0,Active,118,-0.76
7176,1807,2025-07-23,8811000.0,Active,109,-1.34
7177,6284,2025-12-11,23381000.0,Active,31,-2.96
7178,1505,2026-07-09,7921000.0,Active,107,2.66
7179,3309,2026-01-17,11934000.0,Sold,148,-7.46
7180,7118,2024-06-27,14114000.0,Sold,62,0.81
7181,5113,2025-09-16,13174000.0,Withdrawn,66,-1.04
7182,5049,2023-10-09,9491000.0,Active,163,-2.75
7183,2952,2026-07-07,10206000.0,Expired,5,-2.11
7184,72,2025-06-11,14164000.0,Sold,72,-3.07
7185,1691,2024-10-29,22672000.0,Sold,41,-0.08
7186,7358,2023-12-10,22274000.0,Sold,71,-2.92
7187,5388,2024-09-11,12614000.0,Active,67,0.77
7188,1345,2025-01-25,11914000.0,Withdrawn,74,-1.26
7189,6251,2026-03-31,14924000.0,Withdrawn,123,-7.0
7190,3304,2025-01-12,8831000.0,Withdrawn,81,-1.22
7191,3114,2025-03-17,26199000.0,Active,92,-2.39
7192,7870,2024-01-19,14832000.0,Expired,116,-0.1
7193,883,2025-02-08,18741000.0,Active,132,1.27
7194,4235,2024-11-22,12889000.0,Sold,104,-1.5
7195,2663,2024-06-30,13726000.0,Sold,57,-3.7
7196,7851,2026-08-14,16652000.0,Active,29,-6.9
7197,7007,2025-05-23,7269000.0,Active,146,-0.89
7198,6417,2024-10-19,11937000.0,Active,87,-8.1
7199,1505,2026-06-20,7921000.0,Sold,97,2.01
7200,2464,2024-12-01,10242000.0,Active,78,-5.95
7201,2554,2024-08-19,10417000.0,Withdrawn,64,3.32
7202,733,2026-03-13,9980000.0,Sold,120,-2.03
7203,1749,2025-09-10,11436000.0,Expired,94,-0.96
7204,3925,2026-01-15,10075000.0,Active,40,2.43
7205,424,2024-08-30,13173000.0,Sold,5,-2.42
7206,3479,2024-02-28,6334000.0,Active,27,-4.85
7207,1592,2023-09-28,11317000.0,Active,77,-3.62
7208,4486,2024-10-18,16892000.0,Sold,5,-0.43
7209,4438,2023-11-09,13379000.0,Expired,127,-1.67
7210,5042,2024-11-30,11916000.0,Sold,5,0.86
7211,4710,2025-01-23,8606000.0,Sold,93,-5.29
7212,493,2023-10-26,13252000.0,Sold,69,-11.87
7213,192,2025-07-04,11343000.0,Sold,83,-1.55
7214,499,2024-01-22,4255000.0,Withdrawn,46,-4.63
7215,4918,2023-10-17,8436000.0,Sold,106,-5.61
7216,5832,2025-08-23,11546000.0,Expired,90,-0.31
7217,1257,2023-09-12,11181000.0,Active,107,-4.63
7218,1969,2023-10-28,11597000.0,Sold,23,-1.78
7219,4323,2024-04-12,6213000.0,Active,5,-3.36
7220,5491,2026-03-08,8011000.0,Active,5,-1.82
7221,2187,2024-07-22,24275000.0,Active,5,-4.57
7222,7000,2025-11-04,18566000.0,Expired,14,-1.5
7223,817,2023-09-09,8454000.0,Sold,46,-0.81
7224,3221,2024-04-04,8706000.0,Active,26,-3.65
7225,7283,2025-12-11,10095000.0,Active,100,0.93
7226,1474,2024-07-13,14967000.0,Withdrawn,44,0.68
7227,1087,2024-03-01,10267000.0,Expired,5,0.9
7228,4200,2026-08-05,13236000.0,Sold,33,-6.56
7229,1875,2025-05-10,8508000.0,Active,74,-7.07
7230,871,2025-10-12,19497000.0,Expired,131,-1.87
7231,4764,2025-11-27,11052000.0,Withdrawn,113,-2.95
7232,2043,2024-06-20,11352000.0,Withdrawn,126,-4.04
7233,273,2024-06-23,10219000.0,Sold,104,-3.32
7234,1030,2025-04-16,14635000.0,Sold,99,-2.72
7235,3219,2023-11-26,11814000.0,Sold,53,-7.41
7236,6328,2024-10-08,8860000.0,Expired,106,-4.0
7237,4070,2025-05-13,23347000.0,Sold,16,-4.03
7238,1052,2024-09-09,14454000.0,Expired,59,-1.14
7239,4034,2025-06-19,10702000.0,Active,30,-4.78
7240,1574,2023-12-27,3025000.0,Active,180,6.88
7241,3191,2025-07-26,12721000.0,Sold,42,-4.17
7242,4389,2024-02-27,16385000.0,Expired,78,1.19
7243,7539,2026-03-05,16663000.0,Withdrawn,58,0.85
7244,7412,2024-11-22,6504000.0,Active,142,-0.56
7245,7748,2024-06-03,18851000.0,Expired,27,-4.27
7246,3798,2024-05-17,10484000.0,Withdrawn,120,2.17
7247,3290,2026-08-10,9916000.0,Sold,144,-0.21
7248,6321,2025-04-05,16515000.0,Sold,72,-3.55
7249,7467,2025-04-17,15680000.0,Sold,119,-2.03
7250,3748,2026-08-12,17202000.0,Sold,97,-1.0
7251,2106,2026-05-08,14967000.0,Sold,33,-1.86
7252,5389,2024-06-03,21672000.0,Active,59,-2.42
7253,308,2026-05-18,15549000.0,Withdrawn,104,-2.72
7254,7738,2025-05-27,6220000.0,Sold,40,-8.58
7255,3360,2023-12-03,11778000.0,Active,103,-5.27
7256,5073,2023-11-17,4343000.0,Active,86,-3.79
7257,3177,2024-01-26,8522000.0,Sold,9,2.28
7258,1252,2026-01-23,10998000.0,Sold,44,-2.69
7259,5367,2026-02-10,30449000.0,Active,141,2.15
7260,2748,2025-04-27,10421000.0,Active,5,-1.55
7261,1518,2026-05-08,16375000.0,Active,77,-2.67
7262,6227,2026-07-30,7152000.0,Sold,56,-3.57
7263,5306,2026-08-12,9107000.0,Active,102,0.17
7264,6396,2025-06-10,15555000.0,Expired,74,-2.05
7265,1379,2024-10-14,14845000.0,Active,98,0.55
7266,5870,2024-12-05,9305000.0,Active,108,-2.57
7267,5816,2024-12-06,22607000.0,Active,49,-4.05
7268,6139,2025-05-16,9443000.0,Sold,78,2.89
7269,4892,2024-02-04,12180000.0,Sold,5,-5.65
7270,4993,2025-05-10,6773000.0,Expired,135,-3.18
7271,1962,2026-06-01,6022000.0,Sold,85,-4.88
7272,4306,2026-02-11,17988000.0,Active,86,3.91
7273,2864,2025-04-22,6115000.0,Active,85,-0.33
7274,7976,2024-04-03,3910000.0,Withdrawn,15,-3.16
7275,2657,2025-01-28,21553000.0,Sold,28,-5.16
7276,2495,2026-04-11,11074000.0,Sold,7,-2.96
7277,6604,2025-08-29,15115000.0,Sold,27,1.92
7278,5064,2026-04-16,14114000.0,Expired,43,-3.48
7279,4568,2024-06-29,14227000.0,Sold,127,-0.66
7280,7888,2024-02-10,5704000.0,Active,92,-4.26
7281,6514,2025-02-18,10796000.0,Sold,24,2.1
7282,7044,2024-10-14,15591000.0,Sold,145,-5.25
7283,4006,2025-01-20,21388000.0,Active,112,0.47
7284,3564,2025-01-26,19124000.0,Active,53,-6.27
7285,923,2024-07-20,17599000.0,Sold,44,1.17
7286,4233,2025-04-13,12196000.0,Active,75,0.14
7287,4463,2025-12-19,14802000.0,Active,152,-1.37
7288,2960,2023-10-17,11286000.0,Expired,122,0.43
7289,184,2024-05-13,15451000.0,Sold,48,-4.13
7290,7756,2026-01-30,8861000.0,Sold,5,-0.78
7291,3359,2025-10-29,14737000.0,Sold,48,-0.81
7292,6616,2026-04-04,11717000.0,Sold,79,-2.31
7293,1399,2025-01-21,20228000.0,Expired,58,1.13
7294,6798,2024-01-16,8265000.0,Sold,14,0.43
7295,2797,2026-01-05,16220000.0,Sold,25,2.3
7296,537,2026-08-15,9309000.0,Active,29,0.9
7297,7679,2025-05-11,13615000.0,Active,39,-3.48
7298,6946,2026-01-28,5167000.0,Sold,68,-1.92
7299,5699,2024-11-01,12637000.0,Sold,99,-6.77
7300,1274,2024-09-15,9174000.0,Sold,81,1.25
7301,2968,2026-06-24,15672000.0,Sold,46,-3.94
7302,6654,2024-08-15,10545000.0,Sold,89,-3.52
7303,6774,2024-03-23,5363000.0,Expired,120,-0.92
7304,3050,2024-11-27,10779000.0,Withdrawn,117,0.44
7305,1097,2025-06-26,20716000.0,Active,111,3.68
7306,1306,2024-01-26,17012000.0,Sold,84,-7.21
7307,916,2026-03-21,6122000.0,Active,132,-2.85
7308,7528,2025-08-06,12047000.0,Expired,144,-0.47
7309,3082,2024-07-19,16639000.0,Expired,69,3.61
7310,7379,2025-12-15,8104000.0,Active,87,2.97
7311,4248,2025-03-02,8089000.0,Active,150,2.08
7312,1029,2025-09-15,12599000.0,Expired,111,-4.17
7313,5315,2024-01-24,8904000.0,Active,93,-1.24
7314,1978,2026-06-30,13992000.0,Sold,13,-1.64
7315,3355,2025-10-15,15314000.0,Active,139,3.87
7316,2512,2025-12-02,18898000.0,Withdrawn,27,-5.07
7317,7281,2025-02-04,11170000.0,Sold,115,-2.91
7318,271,2026-04-16,10475000.0,Sold,41,0.28
7319,1187,2025-11-01,13418000.0,Sold,212,-2.78
7320,4556,2026-04-10,11732000.0,Expired,89,-4.44
7321,4201,2025-03-19,5953000.0,Active,115,2.67
7322,3765,2026-02-16,13597000.0,Sold,105,0.97
7323,7724,2026-03-20,8831000.0,Active,122,2.79
7324,7450,2023-11-14,13008000.0,Active,55,-3.53
7325,5807,2024-02-23,10641000.0,Sold,125,-0.69
7326,6306,2025-03-19,14741000.0,Sold,5,-3.71
7327,2399,2024-12-10,10784000.0,Sold,52,-1.23
7328,4530,2024-02-17,21005000.0,Active,94,-0.12
7329,6996,2025-02-04,8172000.0,Sold,104,-2.1
7330,4236,2024-05-27,8659000.0,Expired,5,-2.17
7331,5591,2025-12-31,10316000.0,Active,83,-0.78
7332,7300,2024-10-13,17447000.0,Withdrawn,39,5.94
7333,4183,2025-06-25,12472000.0,Expired,111,-2.0
7334,1712,2023-10-16,11546000.0,Withdrawn,5,-4.59
7335,2231,2023-09-08,6505000.0,Withdrawn,64,-2.85
7336,6512,2024-10-08,4131000.0,Active,69,-5.57
7337,129,2026-04-01,15187000.0,Expired,117,-4.02
7338,1270,2025-12-26,22689000.0,Sold,72,-2.26
7339,3673,2025-06-04,13476000.0,Sold,35,3.4
7340,1602,2026-03-26,14415000.0,Active,138,-1.54
7341,4766,2026-07-04,12641000.0,Sold,55,1.26
7342,3971,2024-10-10,21955000.0,Sold,157,-0.48
7343,7546,2024-03-07,12624000.0,Active,135,-4.73
7344,4245,2025-11-18,8096000.0,Sold,51,-0.51
7345,5081,2023-12-07,6938000.0,Active,68,-3.63
7346,4948,2024-08-01,11517000.0,Expired,67,-3.19
7347,5553,2024-04-17,18426000.0,Active,95,-1.83
7348,628,2025-08-18,18497000.0,Sold,160,-3.62
7349,3798,2023-10-14,10484000.0,Active,55,1.59
7350,5589,2023-09-09,9189000.0,Sold,126,0.2
7351,6590,2023-09-11,17373000.0,Expired,200,-0.66
7352,2045,2023-11-12,9539000.0,Active,63,-3.69
7353,3553,2026-04-27,13796000.0,Sold,82,-0.69
7354,4980,2025-01-05,18220000.0,Sold,131,-3.01
7355,2342,2023-12-10,9410000.0,Sold,108,4.24
7356,5885,2023-11-03,19425000.0,Active,80,-1.61
7357,3215,2025-06-02,3173000.0,Sold,54,-1.55
7358,250,2026-01-17,12964000.0,Sold,65,-0.14
7359,2926,2024-05-19,13039000.0,Active,110,1.99
7360,5044,2025-09-12,8905000.0,Expired,160,-6.62
7361,975,2025-01-01,21838000.0,Sold,46,-6.34
7362,1326,2026-08-07,4239000.0,Withdrawn,24,-4.05
7363,7193,2024-03-04,3520000.0,Expired,70,-1.94
7364,6933,2024-09-22,7862000.0,Withdrawn,87,-6.72
7365,984,2025-03-21,12699000.0,Withdrawn,111,-3.03
7366,889,2023-12-07,10603000.0,Active,119,1.64
7367,2938,2025-06-29,13519000.0,Active,31,1.7
7368,2118,2024-04-19,10712000.0,Expired,112,-5.6
7369,2673,2024-09-14,12572000.0,Active,80,-2.93
7370,4971,2023-09-21,14103000.0,Expired,92,-1.35
7371,7280,2025-05-19,18628000.0,Withdrawn,40,-4.33
7372,7532,2024-09-28,13022000.0,Sold,69,-1.2
7373,1327,2026-05-05,17662000.0,Withdrawn,25,1.92
7374,471,2025-08-14,10937000.0,Active,86,1.16
7375,1988,2023-09-22,9088000.0,Sold,5,2.76
7376,91,2023-12-22,18325000.0,Withdrawn,144,-5.93
7377,530,2024-08-08,12472000.0,Sold,59,2.66
7378,4757,2024-07-16,12929000.0,Active,76,-0.38
7379,4060,2024-10-26,10249000.0,Expired,115,-5.48
7380,4835,2026-03-01,17868000.0,Active,82,-2.06
7381,2774,2026-07-01,5262000.0,Active,61,-5.57
7382,4968,2023-11-28,17346000.0,Expired,108,-3.91
7383,1687,2024-04-15,13748000.0,Active,58,-2.24
7384,192,2023-10-22,11343000.0,Active,82,5.43
7385,1987,2023-10-09,16088000.0,Withdrawn,132,1.05
7386,3624,2025-09-22,11317000.0,Active,122,1.12
7387,7410,2023-10-30,6436000.0,Sold,15,-1.55
7388,2186,2025-08-16,9643000.0,Expired,75,1.1
7389,4441,2025-01-06,3377000.0,Sold,78,-1.78
7390,7348,2025-05-02,10268000.0,Active,141,0.34
7391,1009,2023-11-29,12857000.0,Sold,133,3.25
7392,3784,2026-06-27,8973000.0,Sold,93,-1.78
7393,6647,2024-09-16,12548000.0,Sold,52,1.84
7394,4299,2026-06-27,7486000.0,Active,86,-1.37
7395,4669,2026-01-14,12365000.0,Withdrawn,62,-2.15
7396,4288,2026-08-18,19293000.0,Sold,108,2.47
7397,2053,2023-08-27,11366000.0,Sold,32,-1.32
7398,6010,2026-06-19,12480000.0,Active,35,-6.57
7399,3309,2025-10-01,11934000.0,Active,93,-3.21
7400,1717,2025-09-25,11811000.0,Sold,103,-7.8
7401,311,2026-08-17,11237000.0,Active,73,0.71
7402,6693,2026-07-24,14998000.0,Sold,98,4.35
7403,6200,2024-04-09,27757500.0,Withdrawn,116,-1.88
7404,4539,2024-04-09,16603000.0,Active,44,-2.41
7405,1261,2026-02-18,12422000.0,Sold,54,-2.28
7406,4966,2025-01-28,19962000.0,Active,118,0.39
7407,3933,2025-07-14,9251000.0,Active,56,0.35
7408,3269,2023-10-07,10055000.0,Sold,87,-0.68
7409,585,2026-02-27,8691000.0,Active,76,-7.74
7410,5691,2026-04-04,12074000.0,Active,5,-2.92
7411,2800,2023-12-05,10829000.0,Expired,69,0.72
7412,5634,2026-04-11,9385000.0,Sold,92,0.2
7413,7617,2024-07-02,8124000.0,Sold,92,-0.63
7414,360,2024-02-24,16978000.0,Sold,74,0.83
7415,5820,2024-02-07,18371000.0,Expired,71,-5.61
7416,2867,2026-02-11,17703000.0,Expired,9,-4.4
7417,6174,2026-07-28,15194000.0,Sold,78,-3.63
7418,5899,2025-06-25,19778000.0,Sold,68,0.26
7419,2012,2024-02-09,9709000.0,Sold,75,-3.63
7420,6252,2026-03-25,8633000.0,Sold,5,-1.4
7421,4940,2026-06-25,20517000.0,Expired,89,-5.68
7422,4007,2025-08-31,12213000.0,Sold,114,-1.13
7423,1626,2024-06-01,13192000.0,Sold,69,2.36
7424,2765,2026-08-01,6337000.0,Active,44,-0.57
7425,891,2024-11-17,15463000.0,Active,79,-1.27
7426,6088,2024-04-04,16051000.0,Sold,101,-0.77
7427,6079,2024-10-10,8539000.0,Withdrawn,78,0.72
7428,5056,2024-06-10,9509000.0,Active,54,-2.22
7429,5565,2025-09-16,13770000.0,Sold,5,2.85
7430,7037,2024-11-29,12583000.0,Active,33,-4.85
7431,5558,2024-11-03,12081000.0,Withdrawn,64,-4.6
7432,732,2024-02-23,12816000.0,Active,56,-0.12
7433,3962,2025-08-01,10029000.0,Active,5,1.06
7434,4702,2026-03-14,6560000.0,Sold,81,-3.32
7435,2505,2026-07-24,11968000.0,Sold,57,-1.31
7436,615,2024-06-11,8516000.0,Active,111,3.59
7437,3807,2024-08-28,19905000.0,Expired,104,0.07
7438,6842,2025-10-19,12472000.0,Active,107,-3.78
7439,6101,2026-02-19,16329000.0,Withdrawn,127,3.58
7440,1720,2026-02-13,14941000.0,Active,43,-2.73
7441,7663,2023-11-19,6801000.0,Sold,57,-1.13
7442,4770,2026-02-14,10392000.0,Sold,32,-1.62
7443,5367,2025-10-07,30449000.0,Sold,108,-0.85
7444,6687,2023-09-22,17494000.0,Expired,9,0.45
7445,1588,2025-12-28,13749000.0,Sold,89,-0.13
7446,7001,2026-07-03,14457000.0,Active,146,-6.23
7447,1612,2024-08-25,23643000.0,Sold,105,2.57
7448,897,2023-11-18,15065000.0,Active,50,1.24
7449,5559,2024-07-31,24543000.0,Sold,80,-4.88
7450,278,2024-05-11,9957000.0,Sold,87,-7.47
7451,4648,2023-11-04,22622000.0,Withdrawn,29,-3.29
7452,1637,2023-12-21,18223000.0,Withdrawn,40,-6.54
7453,2159,2026-06-19,3275000.0,Sold,5,-1.34
7454,2433,2025-06-19,19768000.0,Expired,115,-0.37
7455,3905,2026-05-14,13276000.0,Active,85,-3.64
7456,4857,2026-07-09,12876000.0,Sold,108,-1.3
7457,3263,2026-01-26,18213000.0,Active,107,2.91
7458,7658,2024-11-07,13225000.0,Sold,30,-1.56
7459,6838,2026-02-15,8049000.0,Sold,75,-0.48
7460,1450,2024-02-01,17064000.0,Sold,133,-0.63
7461,4501,2024-11-07,16234000.0,Active,100,-5.78
7462,5455,2025-12-22,10345000.0,Active,106,-5.3
7463,1233,2026-01-11,14577000.0,Sold,12,-2.49
7464,4118,2025-09-28,17203000.0,Active,25,-5.84
7465,678,2024-06-15,10348000.0,Expired,99,3.36
7466,2659,2026-05-31,18018000.0,Expired,114,0.07
7467,2029,2025-11-26,14255000.0,Expired,47,-1.23
7468,5328,2026-08-16,17340000.0,Sold,87,0.97
7469,6152,2025-06-15,8405000.0,Sold,49,0.71
7470,6846,2024-11-19,9907000.0,Expired,5,-2.83
7471,3759,2026-03-05,16184000.0,Active,27,1.95
7472,5905,2024-05-27,9665000.0,Sold,107,-0.37
7473,4625,2025-02-20,16143000.0,Withdrawn,40,-2.34
7474,2038,2026-04-22,12478000.0,Active,152,-4.07
7475,2650,2024-10-05,13950000.0,Sold,18,0.44
7476,5773,2024-08-01,13705000.0,Sold,70,-1.55
7477,657,2024-09-06,15664000.0,Sold,131,-1.07
7478,166,2026-02-22,18037000.0,Active,32,1.56
7479,4945,2024-02-21,13447000.0,Sold,5,1.83
7480,4592,2024-07-24,15627000.0,Sold,52,-1.59
7481,590,2026-03-24,5053000.0,Sold,32,-2.06
7482,4525,2025-11-26,10031000.0,Active,78,-1.5
7483,2822,2024-10-16,10107000.0,Expired,69,-0.38
7484,4259,2026-04-06,10209000.0,Active,39,-6.34
7485,6510,2025-08-15,11986000.0,Expired,63,3.25
7486,7694,2025-09-16,14413000.0,Expired,139,-1.68
7487,1263,2024-11-16,18018000.0,Sold,104,-2.81
7488,72,2023-12-18,14164000.0,Sold,51,0.55
7489,3517,2025-10-26,2911000.0,Active,5,-0.56
7490,4751,2025-02-09,20412000.0,Sold,78,-4.96
7491,7990,2026-03-11,6832000.0,Expired,66,1.03
7492,3581,2026-04-10,5855000.0,Active,102,-0.62
7493,7963,2025-11-06,9556000.0,Withdrawn,46,-0.86
7494,269,2024-02-10,15101000.0,Sold,118,-2.4
7495,1777,2025-12-18,8369000.0,Sold,75,-4.92
7496,2463,2023-12-17,10801000.0,Sold,26,-3.49
7497,1269,2023-12-24,25653000.0,Active,47,-5.71
7498,1016,2025-04-26,11847000.0,Sold,111,-5.26
7499,2723,2026-02-11,19273000.0,Sold,65,-3.98
7500,1084,2023-12-04,14565000.0,Sold,24,-7.5
7501,4102,2023-10-19,5997000.0,Sold,78,-5.08
7502,7877,2026-07-12,6059000.0,Withdrawn,55,-3.61
7503,5078,2023-09-12,16218000.0,Active,41,-4.28
7504,6714,2023-11-10,16567000.0,Active,51,0.25
7505,7985,2025-02-17,23107500.0,Expired,5,-3.63
7506,407,2025-12-28,4912000.0,Active,158,-0.49
7507,7385,2024-08-16,15260000.0,Sold,89,-0.88
7508,6050,2026-05-13,10853000.0,Sold,77,-8.64
7509,6170,2023-10-05,14912000.0,Sold,83,-3.63
7510,7983,2024-02-22,9684000.0,Sold,61,-6.01
7511,3077,2025-02-09,30507500.0,Expired,15,0.03
7512,986,2025-04-12,4256000.0,Active,135,5.24
7513,3604,2026-03-08,18283000.0,Sold,125,-2.88
7514,4486,2024-08-11,16892000.0,Sold,6,-4.42
7515,710,2023-10-10,10813000.0,Withdrawn,19,-0.92
7516,2619,2024-06-11,8565000.0,Sold,80,-0.87
7517,5568,2024-07-02,8796000.0,Sold,69,5.55
7518,4850,2026-05-04,11832000.0,Active,68,-6.09
7519,6290,2026-05-09,8802000.0,Withdrawn,109,-2.26
7520,1412,2024-06-20,16427000.0,Sold,23,-1.33
7521,6929,2024-01-17,5822000.0,Active,99,-1.48
7522,5369,2026-07-21,16514000.0,Sold,17,1.44
7523,4622,2024-05-31,15907000.0,Active,138,2.2
7524,1486,2024-01-25,9494000.0,Sold,103,-7.33
7525,6157,2024-11-05,15608000.0,Active,52,4.43
7526,2951,2026-01-02,7071000.0,Sold,47,2.37
7527,6528,2023-09-09,13291000.0,Sold,141,-5.66
7528,4652,2025-04-01,12026000.0,Sold,164,-0.51
7529,2935,2025-09-25,4140000.0,Sold,116,4.26
7530,7567,2026-03-06,15487000.0,Active,83,-1.84
7531,4115,2023-10-30,10727000.0,Sold,51,-5.57
7532,4671,2026-02-02,15753000.0,Sold,22,0.51
7533,7659,2024-04-25,12502000.0,Active,124,-1.0
7534,6895,2025-08-22,10270000.0,Withdrawn,13,-2.43
7535,1004,2025-08-10,10084000.0,Sold,5,-3.44
7536,2467,2026-07-28,21749000.0,Sold,37,-5.3
7537,7505,2026-04-12,15294000.0,Expired,5,-4.56
7538,2467,2024-11-12,21749000.0,Sold,96,-1.7
7539,1939,2024-05-22,12322000.0,Sold,86,-0.14
7540,1940,2025-06-26,11805000.0,Active,146,-4.42
7541,1636,2026-08-13,7105000.0,Active,126,2.29
7542,1699,2023-10-06,6474000.0,Expired,81,-0.62
7543,6266,2024-01-23,12857000.0,Sold,114,-1.02
7544,4528,2023-10-27,4326000.0,Withdrawn,89,-2.56
7545,2092,2025-10-23,14915000.0,Expired,87,3.46
7546,1896,2025-08-18,16291000.0,Sold,104,-2.18
7547,6040,2023-12-25,16546000.0,Sold,162,-2.66
7548,5437,2024-01-31,18423000.0,Withdrawn,104,-2.55
7549,6525,2026-05-09,13077000.0,Sold,75,-0.91
7550,4241,2023-08-26,4681000.0,Expired,73,4.05
7551,3399,2026-07-24,11686000.0,Sold,120,-1.54
7552,6507,2025-08-11,10318000.0,Sold,94,0.53
7553,1074,2023-11-14,19368000.0,Expired,50,-1.6
7554,5185,2025-08-05,9387000.0,Sold,10,-3.06
7555,2403,2023-10-07,18172000.0,Expired,105,0.97
7556,4896,2025-03-28,17477000.0,Sold,115,-3.99
7557,7332,2026-05-04,8317000.0,Sold,135,0.08
7558,3213,2024-04-17,12612000.0,Withdrawn,9,-4.98
7559,4038,2024-09-17,4584000.0,Active,37,-0.1
7560,6970,2025-01-18,16226000.0,Withdrawn,5,-2.34
7561,1152,2025-08-25,10375000.0,Active,123,3.01
7562,2446,2024-04-23,9373000.0,Withdrawn,46,1.94
7563,1957,2025-11-17,13565000.0,Expired,114,-3.59
7564,7024,2025-12-29,14895000.0,Sold,102,-4.94
7565,4559,2024-10-22,5983000.0,Active,78,4.11
7566,5871,2025-11-04,7886000.0,Expired,97,3.64
7567,6142,2025-09-06,11870000.0,Expired,106,-7.01
7568,3908,2024-07-27,15278000.0,Expired,5,-0.89
7569,808,2023-12-31,17169000.0,Sold,35,0.91
7570,187,2025-01-04,10483000.0,Sold,142,-2.21
7571,5840,2023-11-19,5085000.0,Active,71,-0.69
7572,4828,2023-09-30,13838000.0,Active,159,1.14
7573,6032,2026-01-09,14209000.0,Sold,128,-1.54
7574,5310,2024-12-05,9036000.0,Sold,44,0.08
7575,5508,2023-11-16,16946000.0,Active,50,-1.67
7576,4525,2026-02-16,10031000.0,Sold,68,-2.23
7577,7002,2025-01-02,21101000.0,Sold,61,-1.79
7578,1308,2025-11-27,9315000.0,Sold,92,2.33
7579,2285,2023-12-19,8157000.0,Active,106,-3.65
7580,5314,2025-11-10,18168000.0,Active,89,-1.08
7581,5407,2026-04-11,9198000.0,Sold,75,3.9
7582,4867,2023-08-25,21778000.0,Sold,102,-0.83
7583,758,2024-12-23,9175000.0,Active,84,2.27
7584,4232,2025-01-19,16028000.0,Sold,5,-2.53
7585,4888,2024-05-20,8067000.0,Sold,101,-2.53
7586,3855,2025-02-25,8744000.0,Sold,78,-2.59
7587,4267,2026-07-22,16874000.0,Expired,65,-0.7
7588,2207,2024-09-20,11945000.0,Expired,21,-3.43
7589,6345,2024-12-10,14687000.0,Sold,95,0.08
7590,3559,2025-03-22,14920000.0,Sold,203,0.48
7591,1581,2024-11-30,21997000.0,Active,80,0.74
7592,962,2025-01-30,8126000.0,Sold,5,-7.59
7593,3848,2026-01-11,11909000.0,Sold,60,-2.45
7594,6727,2024-12-07,11413000.0,Active,102,-1.08
7595,3576,2025-02-04,22535000.0,Expired,122,-0.86
7596,876,2025-09-12,11516000.0,Withdrawn,120,-2.62
7597,2419,2025-06-12,10870000.0,Withdrawn,5,0.65
7598,4199,2024-02-10,15218000.0,Withdrawn,85,-1.65
7599,1002,2026-02-12,8861000.0,Sold,41,-2.52
7600,5245,2025-04-17,14131000.0,Sold,111,-6.31
7601,3385,2024-04-30,12249000.0,Sold,18,-2.76
7602,7120,2025-05-23,13618000.0,Active,66,-2.39
7603,4067,2023-12-26,16786000.0,Active,20,3.73
7604,2846,2024-04-01,6801000.0,Expired,126,-5.19
7605,1482,2026-06-26,18557000.0,Expired,53,-1.45
7606,3302,2025-05-29,8908000.0,Active,128,3.45
7607,658,2024-02-01,7930000.0,Expired,88,-2.53
7608,7026,2024-09-20,8663000.0,Active,36,-5.99
7609,5317,2024-12-27,7767000.0,Sold,6,-2.68
7610,2781,2024-02-29,15780000.0,Expired,67,1.22
7611,423,2024-09-21,14157000.0,Active,63,0.03
7612,6716,2025-02-01,11645000.0,Active,67,-2.75
7613,3682,2024-04-19,15969000.0,Sold,100,0.5
7614,4267,2024-11-25,16874000.0,Active,52,-1.34
7615,7550,2026-02-13,17741000.0,Sold,170,-3.31
7616,6317,2026-05-15,9798000.0,Active,5,0.13
7617,2711,2024-06-22,13747000.0,Active,141,-4.91
7618,453,2025-09-12,13948000.0,Expired,77,3.1
7619,2398,2026-04-27,12178000.0,Sold,124,-2.98
7620,1976,2025-08-31,13311000.0,Active,82,-6.02
7621,1658,2023-12-10,10012000.0,Active,121,-2.45
7622,2542,2025-09-10,9155000.0,Active,68,0.88
7623,6764,2023-10-08,12177000.0,Sold,123,1.29
7624,3076,2025-05-30,8967000.0,Active,80,2.0
7625,3165,2026-01-22,13247000.0,Active,68,-0.06
7626,2967,2026-01-21,15760000.0,Sold,33,-3.94
7627,2054,2025-09-12,9387000.0,Active,71,-1.14
7628,288,2025-07-08,17116000.0,Active,146,3.74
7629,5738,2025-12-14,10416000.0,Active,5,-2.43
7630,3218,2025-05-28,7457000.0,Sold,60,-2.36
7631,3855,2026-03-05,8744000.0,Active,127,0.86
7632,1448,2026-08-07,11454000.0,Sold,55,-1.03
7633,6010,2025-04-02,12480000.0,Withdrawn,166,-3.36
7634,608,2023-11-27,11312000.0,Active,68,-3.64
7635,4553,2025-08-24,9489000.0,Sold,118,1.89
7636,1765,2024-02-17,12059000.0,Active,82,-0.87
7637,1226,2025-11-24,12991000.0,Sold,175,3.88
7638,1236,2026-01-10,22289000.0,Active,5,1.0
7639,1030,2023-10-25,14635000.0,Sold,47,-2.85
7640,2672,2024-04-12,11060000.0,Sold,5,-4.26
7641,6520,2023-12-03,8438000.0,Active,150,-7.04
7642,3963,2023-09-04,8459000.0,Expired,91,-1.32
7643,4543,2025-04-24,12336000.0,Expired,82,-5.38
7644,4931,2023-09-30,15786000.0,Withdrawn,41,0.64
7645,3178,2024-09-15,12683000.0,Active,44,-4.96
7646,3723,2026-02-07,11788000.0,Withdrawn,35,-4.77
7647,4907,2023-10-01,13763000.0,Sold,135,6.0
7648,5521,2023-11-04,11859000.0,Active,140,-3.28
7649,7264,2024-11-04,22060000.0,Sold,22,-5.32
7650,5508,2025-07-31,16946000.0,Sold,43,-1.09
7651,5055,2025-10-14,19027000.0,Active,83,3.1
7652,1476,2025-11-02,10344000.0,Sold,117,-2.92
7653,2897,2024-10-29,10120000.0,Sold,47,-4.28
7654,809,2024-05-10,10691000.0,Expired,66,-4.35
7655,979,2023-10-27,5096000.0,Sold,49,3.18
7656,2464,2026-05-04,10242000.0,Active,98,-8.37
7657,726,2026-06-01,10134000.0,Sold,21,0.67
7658,7672,2025-06-28,20375000.0,Withdrawn,81,-2.58
7659,2502,2026-04-15,9411000.0,Expired,33,-3.7
7660,3363,2025-07-02,14794000.0,Active,123,-6.1
7661,7702,2024-08-02,13294000.0,Expired,54,0.63
7662,1217,2024-10-22,13829000.0,Active,45,1.29
7663,4052,2026-05-01,10946000.0,Sold,75,-4.84
7664,2198,2025-11-22,8481000.0,Expired,60,-0.25
7665,6000,2024-12-09,20538000.0,Sold,37,2.13
7666,2807,2024-11-15,12722000.0,Active,32,1.0
7667,779,2026-07-31,7108000.0,Sold,76,0.73
7668,973,2024-11-06,7175000.0,Active,78,-6.46
7669,2811,2026-01-18,6829000.0,Active,47,-5.74
7670,7146,2024-09-03,9608000.0,Active,19,5.16
7671,5635,2026-03-19,15949000.0,Sold,95,1.41
7672,5513,2026-05-28,15129000.0,Active,86,-3.75
7673,7484,2025-11-14,12060000.0,Active,48,-2.87
7674,2124,2024-10-15,15096000.0,Expired,33,-3.2
7675,599,2026-08-05,13713000.0,Expired,104,-2.89
7676,3342,2024-01-12,14752000.0,Withdrawn,49,-5.86
7677,225,2024-09-17,13167000.0,Active,87,1.35
7678,5650,2026-07-29,6663000.0,Withdrawn,102,-0.46
7679,6257,2024-10-04,14366000.0,Sold,59,-1.91
7680,6395,2025-02-05,6602000.0,Expired,20,-2.76
7681,7401,2026-05-31,6240000.0,Active,40,7.17
7682,841,2026-01-23,14088000.0,Withdrawn,50,2.29
7683,1815,2025-06-28,10582000.0,Sold,80,0.4
7684,4810,2024-03-01,8658000.0,Active,85,0.76
7685,1107,2026-04-02,11658000.0,Withdrawn,95,-7.03
7686,125,2024-09-17,17861000.0,Active,79,0.88
7687,3247,2026-01-18,12392000.0,Sold,77,-0.68
7688,5189,2026-08-13,6643000.0,Expired,105,-1.23
7689,7215,2026-05-17,12261000.0,Active,5,4.45
7690,2932,2024-10-17,8810000.0,Sold,34,1.52
7691,5376,2024-06-08,8268000.0,Withdrawn,79,-6.01
7692,5847,2025-06-21,12639000.0,Active,108,3.36
7693,4126,2025-04-23,13921000.0,Active,146,-3.79
7694,6425,2026-06-05,9202000.0,Sold,74,-3.13
7695,2972,2026-02-03,7168000.0,Sold,49,0.3
7696,2018,2026-02-06,4994000.0,Active,27,1.21
7697,7405,2026-05-08,8132000.0,Sold,34,-2.63
7698,7416,2026-03-21,15325000.0,Active,97,-5.46
7699,2416,2025-02-15,13720000.0,Expired,113,-1.11
7700,4591,2023-12-04,12030000.0,Sold,53,-0.05
7701,3097,2026-02-25,26315000.0,Sold,103,-3.47
7702,1610,2026-05-18,20152000.0,Expired,74,-3.06
7703,718,2025-07-17,9051000.0,Sold,90,-1.8
7704,3562,2024-06-30,18483000.0,Sold,48,-3.1
7705,1017,2023-12-26,6343000.0,Sold,92,-9.2
7706,3566,2023-10-20,9242000.0,Sold,5,-1.47
7707,5434,2023-10-14,15000000.0,Sold,83,0.5
7708,4702,2023-08-24,6560000.0,Sold,21,1.01
7709,4471,2024-10-19,9745000.0,Active,81,-4.88
7710,6783,2025-04-02,22903000.0,Sold,190,2.22
7711,1961,2025-03-06,11541000.0,Active,14,-4.55
7712,1049,2026-08-11,6703000.0,Sold,14,1.8
7713,1358,2026-07-15,10068000.0,Active,47,-0.25
7714,3427,2024-05-09,19582000.0,Withdrawn,56,-0.39
7715,116,2025-10-07,8693000.0,Active,27,-2.74
7716,2096,2026-01-22,10577000.0,Active,61,-7.89
7717,7906,2025-04-28,11354000.0,Sold,60,-8.74
7718,1802,2026-07-01,13328000.0,Expired,78,-4.82
7719,2147,2025-11-26,16378000.0,Sold,98,-2.71
7720,5579,2024-06-18,15184000.0,Sold,121,-1.39
7721,5643,2023-10-26,19887000.0,Sold,74,0.39
7722,1621,2025-09-26,14803000.0,Sold,14,-3.76
7723,6549,2024-07-28,14285000.0,Active,87,4.59
7724,7382,2025-08-01,8297000.0,Active,5,-3.66
7725,4781,2024-11-15,15081000.0,Sold,143,-1.4
7726,2951,2025-10-04,7071000.0,Sold,182,-3.08
7727,6647,2025-06-17,12548000.0,Active,52,-3.24
7728,3793,2026-03-11,12519000.0,Sold,39,0.58
7729,5568,2025-07-09,8796000.0,Sold,5,-1.18
7730,2942,2026-04-18,22692000.0,Sold,20,2.79
7731,5696,2024-10-13,17500000.0,Sold,61,-6.04
7732,6402,2025-04-30,7339000.0,Sold,70,-1.48
7733,6988,2026-03-07,12590000.0,Sold,97,-1.79
7734,6265,2024-05-14,8595000.0,Sold,165,-0.03
7735,4906,2024-10-01,10076000.0,Active,98,-1.12
7736,978,2026-01-09,13072000.0,Expired,19,1.15
7737,6198,2024-06-26,14475000.0,Sold,5,-2.34
7738,3067,2025-01-13,15815000.0,Withdrawn,64,1.15
7739,5451,2025-06-19,10004000.0,Sold,116,-0.27
7740,784,2023-10-14,5635000.0,Active,78,2.82
7741,241,2026-02-15,12300000.0,Sold,92,-4.21
7742,5875,2024-07-30,9502000.0,Expired,55,2.02
7743,1554,2025-04-18,18499000.0,Withdrawn,128,-2.23
7744,4579,2024-05-11,11398000.0,Active,81,2.18
7745,1013,2024-06-03,12326000.0,Active,188,-0.47
7746,187,2023-09-05,10483000.0,Sold,69,-6.37
7747,1882,2025-02-05,16668000.0,Sold,5,-6.01
7748,6800,2025-03-22,6386000.0,Active,70,3.58
7749,6406,2023-09-14,10112000.0,Withdrawn,87,-0.24
7750,5049,2026-03-07,9491000.0,Active,42,-5.92
7751,5484,2024-11-28,9536000.0,Sold,102,-5.94
7752,4587,2024-09-26,12398000.0,Withdrawn,118,0.53
7753,431,2026-08-17,8676000.0,Sold,97,1.88
7754,239,2023-08-24,16936000.0,Sold,38,0.2
7755,6448,2026-06-19,7417000.0,Sold,61,2.26
7756,2346,2023-10-11,15365000.0,Sold,81,-3.81
7757,76,2026-05-25,14947000.0,Sold,5,-5.34
7758,7868,2026-01-07,15504000.0,Sold,71,2.41
7759,1357,2026-04-29,6556000.0,Sold,5,-5.42
7760,6020,2023-12-27,18769000.0,Active,62,2.67
7761,7143,2025-07-03,10202000.0,Sold,5,1.43
7762,5878,2026-06-01,13022000.0,Active,19,-4.39
7763,6786,2024-08-13,20909000.0,Sold,46,-5.58
7764,7642,2025-02-08,21089000.0,Sold,108,-2.23
7765,4923,2024-07-12,9014000.0,Active,58,3.79
7766,2331,2024-04-05,20838000.0,Active,12,-3.74
7767,4687,2025-04-05,12575000.0,Active,59,-0.33
7768,6216,2025-12-16,6803000.0,Sold,97,-2.12
7769,7431,2025-04-04,11938000.0,Expired,74,-3.3
7770,6847,2024-03-04,6522000.0,Sold,62,-6.09
7771,1903,2024-07-21,8162000.0,Active,89,-5.44
7772,6007,2024-10-12,22081000.0,Sold,40,0.2
7773,4014,2025-03-01,19428000.0,Active,28,0.84
7774,4671,2025-02-19,15753000.0,Active,105,0.82
7775,7144,2025-12-26,10849000.0,Active,100,-4.14
7776,4988,2024-12-19,11309000.0,Sold,58,2.74
7777,2060,2024-08-31,10117000.0,Withdrawn,131,4.85
7778,141,2024-04-21,15817000.0,Expired,43,-2.57
7779,1790,2023-09-03,9217000.0,Sold,38,-3.25
7780,3627,2025-09-18,6876000.0,Sold,99,-2.15
7781,17,2026-07-09,12597000.0,Active,35,0.68
7782,5183,2024-09-18,8004000.0,Active,182,1.3
7783,4349,2024-08-04,15142000.0,Sold,82,-4.06
7784,465,2024-09-28,8098000.0,Sold,103,-3.68
7785,4472,2023-10-20,10535000.0,Sold,40,-5.28
7786,1828,2024-03-13,15264000.0,Active,115,2.13
7787,3029,2024-02-08,15467000.0,Expired,5,2.09
7788,520,2025-01-14,9178000.0,Active,101,1.63
7789,5957,2023-11-28,8100000.0,Sold,114,-2.37
7790,90,2024-12-11,16311000.0,Active,66,-4.44
7791,4816,2025-03-01,14598000.0,Withdrawn,141,0.43
7792,2852,2025-08-26,14057000.0,Active,177,0.43
7793,2844,2026-07-29,8852000.0,Active,106,-1.67
7794,4726,2024-09-01,3471000.0,Active,106,-2.18
7795,1885,2025-10-16,12314000.0,Expired,15,-2.2
7796,7343,2023-12-31,17067000.0,Active,76,-4.99
7797,4172,2026-08-01,8371000.0,Active,74,-3.78
7798,7781,2025-07-02,14911000.0,Sold,71,-0.36
7799,926,2025-09-16,14700000.0,Sold,70,1.44
7800,3735,2026-04-07,14172000.0,Withdrawn,26,-1.56
7801,6544,2025-07-16,17850000.0,Sold,66,-0.34
7802,5902,2023-11-24,20053000.0,Active,22,-0.88
7803,970,2023-09-15,10738000.0,Withdrawn,144,3.54
7804,1095,2025-11-17,5567000.0,Active,62,0.28
7805,6125,2026-02-05,4708000.0,Active,5,1.52
7806,7348,2023-12-09,10268000.0,Sold,17,1.1
7807,3196,2023-09-13,16129000.0,Sold,98,-2.19
7808,1405,2025-10-09,13689000.0,Active,43,1.06
7809,3365,2026-02-08,23419000.0,Sold,106,0.63
7810,6941,2025-02-09,10046000.0,Sold,73,-4.47
7811,4291,2025-07-12,9211000.0,Sold,5,-1.73
7812,3983,2023-10-04,11509000.0,Sold,78,-0.2
7813,4324,2024-06-16,15080000.0,Expired,34,-0.69
7814,7599,2026-07-26,15694000.0,Sold,126,-1.33
7815,4014,2023-11-02,19428000.0,Sold,133,-2.12
7816,5556,2024-11-30,13888000.0,Sold,126,0.95
7817,7955,2025-06-11,10237000.0,Sold,95,-2.09
7818,4557,2026-02-23,13124000.0,Active,74,2.5
7819,4714,2024-04-13,8951000.0,Active,28,2.1
7820,3093,2025-12-12,15617000.0,Sold,82,-2.78
7821,4160,2025-01-19,16389000.0,Expired,66,-1.0
7822,6309,2025-09-25,15387000.0,Expired,62,-1.25
7823,2075,2024-01-26,17022000.0,Active,17,-5.35
7824,7479,2025-12-15,9887000.0,Sold,67,-1.02
7825,7156,2025-04-26,11632000.0,Active,94,-10.39
7826,285,2026-04-25,9119000.0,Withdrawn,5,2.35
7827,5780,2025-05-20,12087000.0,Withdrawn,111,1.09
7828,6425,2024-12-23,9202000.0,Active,41,-3.42
7829,4934,2025-03-01,4747000.0,Active,56,-3.57
7830,4927,2026-02-22,17351000.0,Active,87,3.1
7831,1188,2024-03-29,15379000.0,Sold,66,-6.17
7832,3970,2025-05-02,17176000.0,Withdrawn,39,-6.15
7833,2966,2024-02-01,8543000.0,Active,229,-3.17
7834,4320,2024-09-28,6032000.0,Withdrawn,65,-0.74
7835,784,2026-03-09,5635000.0,Active,163,-4.71
7836,7314,2025-06-10,22864000.0,Sold,56,-0.93
7837,7109,2024-10-04,18480000.0,Active,22,-0.02
7838,950,2023-10-15,14629000.0,Active,135,-2.41
7839,3940,2024-11-14,9890000.0,Active,18,-1.5
7840,7198,2024-11-12,10864000.0,Active,81,-1.49
7841,45,2023-10-08,13077000.0,Sold,26,-3.58
7842,1811,2023-11-16,8424000.0,Active,106,-3.97
7843,4567,2024-07-15,14014000.0,Sold,52,0.23
7844,2082,2026-01-27,13769000.0,Sold,45,-0.89
7845,6797,2024-01-01,13852000.0,Sold,5,0.12
7846,3499,2025-01-23,7993000.0,Active,16,-2.15
7847,830,2025-06-18,15529000.0,Withdrawn,62,3.52
7848,1910,2024-07-10,11877000.0,Active,5,-1.19
7849,6365,2023-11-22,20551000.0,Active,55,-2.48
7850,5988,2025-07-27,17200000.0,Active,99,-0.83
7851,2582,2025-03-28,12896000.0,Expired,135,1.24
7852,692,2026-01-28,19436000.0,Active,127,3.1
7853,4020,2025-05-02,8579000.0,Sold,41,-5.13
7854,5487,2026-04-25,8810000.0,Active,26,-1.3
7855,932,2024-10-19,14610000.0,Active,43,-0.98
7856,4937,2024-06-29,6223000.0,Active,88,-1.33
7857,7911,2024-03-14,16652000.0,Sold,73,-3.82
7858,7155,2024-07-11,7491000.0,Active,15,-0.42
7859,6035,2026-07-15,17156000.0,Sold,80,-1.98
7860,5670,2024-09-06,16898000.0,Withdrawn,128,-2.2
7861,6726,2025-09-17,4777000.0,Withdrawn,49,-3.07
7862,7284,2023-11-20,13855000.0,Withdrawn,68,-0.3
7863,6383,2024-07-20,13143000.0,Sold,61,2.54
7864,3407,2025-11-07,12857000.0,Active,63,-5.55
7865,6585,2024-07-30,11842000.0,Sold,120,-0.63
7866,148,2026-07-17,10608000.0,Expired,63,-4.11
7867,1033,2026-07-23,11246000.0,Sold,81,-0.97
7868,1312,2024-06-21,11404000.0,Active,68,0.37
7869,388,2026-06-28,7420000.0,Active,71,3.05
7870,3122,2025-04-15,8196000.0,Sold,49,0.68
7871,1874,2023-12-26,11094000.0,Active,5,-0.37
7872,3589,2023-09-23,8391000.0,Sold,112,-0.52
7873,916,2025-04-06,6122000.0,Withdrawn,39,-0.33
7874,1879,2024-08-04,14648000.0,Sold,84,0.58
7875,6782,2023-12-17,9838000.0,Sold,108,0.21
7876,7755,2024-07-06,12037000.0,Active,65,-6.71
7877,3749,2025-09-26,22883000.0,Active,103,-9.44
7878,278,2026-01-01,9957000.0,Sold,69,0.53
7879,1978,2026-06-03,13992000.0,Sold,46,-2.97
7880,1860,2023-12-16,7090000.0,Withdrawn,15,-1.85
7881,3037,2024-12-22,14905000.0,Sold,115,-0.03
7882,3372,2025-04-14,18227000.0,Active,112,-4.12
7883,5922,2025-01-25,5605000.0,Expired,208,6.27
7884,6733,2024-11-12,10667000.0,Active,57,-0.2
7885,5930,2024-04-26,8447000.0,Sold,5,3.83
7886,6793,2026-07-24,7317000.0,Sold,91,-4.25
7887,4714,2025-11-29,8951000.0,Sold,47,-1.62
7888,5727,2024-01-08,13890000.0,Active,116,2.95
7889,2183,2023-08-28,5468000.0,Sold,33,1.23
7890,4676,2024-02-06,9127000.0,Expired,71,-3.81
7891,1171,2026-02-08,15262000.0,Sold,84,-0.55
7892,490,2024-05-09,17171000.0,Expired,101,-4.69
7893,2526,2024-04-19,8497000.0,Withdrawn,69,-3.0
7894,1183,2025-03-09,16660000.0,Active,118,-0.87
7895,4480,2025-07-11,14276000.0,Sold,53,-9.99
7896,4259,2024-05-08,10209000.0,Sold,73,1.76
7897,2489,2025-08-13,11016000.0,Active,42,5.8
7898,1877,2024-10-16,21380000.0,Expired,40,-7.84
7899,5309,2025-12-09,22614000.0,Sold,99,-6.03
7900,2463,2024-08-09,10801000.0,Active,66,0.49
7901,5459,2025-06-19,11857000.0,Withdrawn,79,-3.38
7902,1631,2025-10-10,18004000.0,Active,76,-7.68
7903,5301,2024-02-04,17621000.0,Expired,45,-2.93
7904,288,2023-09-06,17116000.0,Active,26,2.73
7905,5954,2023-08-26,7712000.0,Withdrawn,76,-4.31
7906,4283,2025-12-19,12050000.0,Active,81,-5.42
7907,1908,2024-05-14,16209000.0,Expired,106,-3.39
7908,1162,2026-02-20,5727000.0,Sold,17,-3.26
7909,130,2026-05-20,11140000.0,Expired,88,-1.51
7910,6338,2026-06-03,9353000.0,Expired,102,1.41
7911,2364,2024-12-01,16180000.0,Sold,93,0.45
7912,7953,2024-07-17,9444000.0,Sold,8,-1.3
7913,5984,2023-10-02,10450000.0,Expired,77,-1.91
7914,144,2025-02-17,12196000.0,Sold,80,0.78
7915,16,2024-02-03,17976000.0,Sold,45,1.51
7916,7470,2023-10-05,14596000.0,Sold,118,-6.04
7917,6567,2024-02-11,13418000.0,Active,82,-1.59
7918,245,2024-07-29,7480000.0,Active,43,3.93
7919,927,2025-11-01,10602000.0,Active,124,-5.04
7920,3179,2025-06-14,9700000.0,Expired,69,1.59
7921,7256,2026-06-28,14171000.0,Withdrawn,47,-4.26
7922,2177,2024-03-28,17985000.0,Active,82,-0.03
7923,5003,2025-02-21,10246000.0,Active,59,-5.16
7924,887,2024-09-14,21397000.0,Active,5,-5.78
7925,341,2026-07-19,7599000.0,Withdrawn,5,-1.28
7926,2052,2025-02-02,20111000.0,Expired,74,4.3
7927,3399,2025-03-22,11686000.0,Sold,12,-1.12
7928,5530,2026-03-01,9039000.0,Sold,90,2.54
7929,3951,2025-12-15,13449000.0,Sold,59,-2.05
7930,306,2026-07-24,6111000.0,Expired,5,-2.16
7931,908,2024-01-28,16985000.0,Active,157,3.31
7932,2655,2024-03-15,10280000.0,Active,101,-3.89
7933,3793,2026-03-13,12519000.0,Active,29,-2.51
7934,7393,2025-04-29,6688000.0,Sold,88,-5.18
7935,4043,2023-09-21,16798000.0,Sold,82,-4.83
7936,1372,2025-06-17,9253000.0,Sold,44,2.92
7937,7136,2026-08-12,12723000.0,Active,40,-0.05
7938,321,2025-04-05,11733000.0,Expired,22,1.09
7939,4655,2024-07-07,15620000.0,Expired,109,-5.97
7940,4060,2025-02-17,10249000.0,Active,39,5.62
7941,5301,2025-07-11,17621000.0,Sold,37,-7.01
7942,6762,2025-01-12,4881000.0,Expired,5,-4.87
7943,6855,2023-12-06,14745000.0,Sold,106,-6.65
7944,5506,2025-09-16,20405000.0,Sold,125,0.17
7945,5738,2024-10-27,10416000.0,Sold,60,-3.37
7946,7960,2023-12-12,15190000.0,Withdrawn,22,-6.32
7947,7940,2025-04-28,15520000.0,Expired,83,1.15
7948,1132,2025-08-12,9135000.0,Active,58,-0.89
7949,2579,2026-04-06,7799000.0,Expired,91,0.04
7950,6554,2025-08-08,11817000.0,Withdrawn,43,3.23
7951,4043,2026-05-03,16798000.0,Sold,128,-0.63
7952,3368,2026-02-25,15521000.0,Sold,59,0.94
7953,818,2024-11-04,12421000.0,Active,138,-1.52
7954,5291,2025-03-20,21830000.0,Sold,38,-2.1
7955,7499,2026-08-03,10167000.0,Active,105,0.27
7956,6637,2024-02-26,14258000.0,Sold,93,0.25
7957,7363,2025-07-31,11156000.0,Sold,45,-0.77
7958,12,2023-11-02,14178000.0,Expired,106,1.26
7959,195,2024-11-26,13378000.0,Sold,90,-0.81
7960,2538,2026-06-23,15456000.0,Expired,98,-2.2
7961,2843,2024-10-17,17075000.0,Sold,63,1.07
7962,7025,2023-09-04,11942000.0,Sold,80,-1.9
7963,2230,2025-12-16,16860000.0,Sold,47,-1.79
7964,3010,2026-05-01,12818000.0,Expired,89,-4.5
7965,7985,2026-03-12,23107500.0,Sold,140,2.9
7966,4752,2025-02-22,15989000.0,Expired,45,0.95
7967,6018,2026-05-11,14313000.0,Active,86,1.8
7968,7484,2023-10-28,12060000.0,Active,55,-8.82
7969,6838,2026-05-09,8049000.0,Sold,5,-6.86
7970,2078,2025-02-03,17341000.0,Expired,35,-3.63
7971,5716,2023-10-10,16275000.0,Active,5,3.38
7972,7846,2025-10-24,18473000.0,Sold,162,-4.15
7973,3868,2024-02-15,10352000.0,Active,105,-2.89
7974,7961,2024-02-24,11323000.0,Active,130,0.09
7975,5216,2025-08-25,8755000.0,Sold,42,-0.48
7976,7549,2024-10-06,8286000.0,Active,67,-3.09
7977,4874,2025-02-21,17414000.0,Active,84,-4.48
7978,444,2023-09-14,3586000.0,Sold,93,0.18
7979,298,2025-04-09,15961000.0,Withdrawn,107,-3.81
7980,4904,2023-11-10,9464000.0,Expired,17,0.59
7981,5857,2024-12-24,14871000.0,Sold,151,-4.49
7982,845,2024-01-14,13168000.0,Sold,5,-1.23
7983,1016,2025-07-11,11847000.0,Active,56,-4.15
7984,1385,2023-12-08,14108000.0,Expired,67,-0.68
7985,1398,2025-06-19,17549000.0,Withdrawn,18,2.19
7986,554,2025-12-28,7988000.0,Withdrawn,5,-2.45
7987,2351,2026-08-12,9995000.0,Active,113,-1.42
7988,4517,2024-12-17,10568000.0,Sold,86,-1.25
7989,1270,2024-04-13,22689000.0,Expired,63,-2.68
7990,7888,2023-10-04,5704000.0,Active,129,-1.17
7991,1261,2023-10-27,12422000.0,Expired,84,-4.31
7992,7702,2024-04-08,13294000.0,Active,68,-0.37
7993,185,2025-04-23,13028000.0,Sold,80,-3.66
7994,4564,2023-08-24,17526000.0,Sold,110,-1.15
7995,6898,2025-04-09,12563000.0,Sold,62,-1.32
7996,2411,2026-03-08,15119000.0,Sold,91,-0.79
7997,5403,2026-04-15,11368000.0,Active,68,-1.46
7998,5673,2024-05-29,15425000.0,Expired,49,-0.97
7999,4432,2026-05-11,10548000.0,Sold,106,1.27
8000,2210,2026-08-04,10018000.0,Withdrawn,134,6.46
8001,7328,2025-04-14,16970000.0,Active,90,2.44
8002,5594,2023-10-07,12223000.0,Active,86,1.22
8003,3673,2026-02-03,13476000.0,Expired,88,1.99
8004,7490,2026-06-21,7745000.0,Active,5,-3.84
8005,6156,2026-04-29,17992000.0,Expired,98,-2.24
8006,5544,2025-03-27,10740000.0,Sold,103,0.43
8007,7241,2024-03-17,3388000.0,Withdrawn,60,1.68
8008,4684,2024-11-18,6554000.0,Sold,85,4.18
8009,1882,2026-01-08,16668000.0,Expired,105,-5.48
8010,4297,2025-04-01,8941000.0,Sold,68,0.07
8011,522,2026-05-22,16391000.0,Active,45,-2.29
8012,1888,2025-01-02,17144000.0,Sold,12,-3.37
8013,2553,2025-11-03,5459000.0,Sold,142,-5.56
8014,3810,2024-01-15,17540000.0,Expired,58,-2.38
8015,5808,2023-10-24,12956000.0,Sold,116,-3.88
8016,4884,2023-12-07,11491000.0,Sold,60,-1.48
8017,7207,2023-11-04,14130000.0,Active,100,-5.13
8018,4156,2026-08-15,8399000.0,Expired,115,2.12
8019,4674,2025-09-11,13968000.0,Active,90,2.97
8020,4417,2024-11-24,10738000.0,Active,10,-4.55
8021,5555,2024-11-25,7921000.0,Sold,10,-1.26
8022,7804,2025-10-24,6009000.0,Withdrawn,56,0.33
8023,7844,2024-07-11,17304000.0,Expired,95,-7.6
8024,3480,2024-08-04,11312000.0,Withdrawn,104,-2.19
8025,6134,2025-07-21,20946000.0,Sold,5,-1.62
8026,5019,2026-04-15,9242000.0,Expired,32,2.57
8027,1410,2025-01-23,22968000.0,Sold,101,-1.9
8028,1695,2025-09-07,4681000.0,Active,103,0.7
8029,4665,2024-04-19,8236000.0,Sold,85,-3.34
8030,5198,2023-09-15,6272000.0,Sold,124,-2.76
8031,7362,2025-02-16,11914000.0,Expired,44,-3.71
8032,7453,2025-04-20,7801000.0,Sold,72,3.43
8033,527,2026-02-27,10763000.0,Active,60,-2.26
8034,6668,2024-04-07,14253000.0,Active,23,-3.8
8035,2661,2025-03-16,8474000.0,Sold,65,-1.55
8036,7324,2026-05-26,18796000.0,Expired,150,-0.03
8037,7508,2025-07-24,16623000.0,Active,54,-5.44
8038,2173,2024-08-20,6372000.0,Active,97,-0.71
8039,4967,2026-05-26,16527000.0,Sold,49,2.74
8040,280,2024-05-10,17631000.0,Withdrawn,22,-4.34
8041,2965,2023-12-15,16796000.0,Withdrawn,19,-1.16
8042,3978,2024-11-20,11469000.0,Sold,85,-1.89
8043,2670,2026-04-07,8065000.0,Active,62,-0.99
8044,2894,2025-03-18,9558000.0,Active,58,1.59
8045,5989,2025-02-14,11889000.0,Active,30,1.69
8046,7826,2024-06-29,11013000.0,Sold,127,1.42
8047,1752,2026-04-27,12959000.0,Active,89,0.04
8048,3982,2024-08-19,14167000.0,Active,115,-4.87
8049,4770,2026-07-01,10392000.0,Active,118,-5.95
8050,5248,2025-02-03,14794000.0,Active,114,-3.89
8051,2362,2026-06-26,11977000.0,Active,7,-0.4
8052,4428,2023-12-05,6697000.0,Active,88,-5.46
8053,5270,2025-07-12,10762000.0,Active,55,-5.28
8054,6136,2024-12-13,10820000.0,Sold,33,2.75
8055,5574,2025-10-10,14454000.0,Sold,119,-4.69
8056,4132,2024-06-25,19794000.0,Sold,62,-1.76
8057,1709,2024-02-19,16951000.0,Active,116,-6.2
8058,5540,2026-07-18,7821000.0,Expired,102,0.18
8059,7190,2026-02-26,13476000.0,Expired,112,-3.23
8060,6350,2025-08-21,5746000.0,Sold,80,-3.8
8061,2687,2024-10-17,8209000.0,Active,72,3.59
8062,2896,2024-01-17,6967000.0,Active,35,-4.09
8063,5476,2025-01-27,11778000.0,Sold,9,3.05
8064,4536,2025-06-10,9655000.0,Sold,37,-5.84
8065,2777,2026-07-13,17020000.0,Active,35,0.02
8066,1120,2024-05-22,12307000.0,Sold,60,0.9
8067,2989,2024-03-22,22302000.0,Sold,76,-4.81
8068,4260,2023-12-19,11217000.0,Sold,132,2.11
8069,4244,2026-07-24,6505000.0,Withdrawn,81,-6.09
8070,7698,2024-02-10,8506000.0,Active,43,-0.89
8071,6438,2024-04-23,16604000.0,Active,133,-5.17
8072,195,2026-01-20,13378000.0,Expired,117,-7.15
8073,663,2024-09-08,9469000.0,Sold,95,-0.8
8074,480,2026-03-23,8365000.0,Sold,41,-8.21
8075,4219,2025-01-24,5793000.0,Withdrawn,46,-1.83
8076,1424,2024-12-08,8676000.0,Active,89,2.1
8077,6843,2023-09-24,8023000.0,Withdrawn,69,-3.92
8078,5061,2024-07-23,15178000.0,Active,19,1.89
8079,7620,2023-09-04,19588000.0,Sold,92,-3.57
8080,2709,2026-05-13,10878000.0,Sold,52,-5.05
8081,3176,2025-03-12,13721000.0,Active,11,-2.41
8082,5875,2025-10-11,9502000.0,Withdrawn,118,0.36
8083,5582,2024-11-01,10109000.0,Sold,183,-2.9
8084,3815,2026-04-28,12742000.0,Active,33,-4.29
8085,2015,2025-12-04,7186000.0,Active,92,-4.02
8086,3790,2024-08-17,15394000.0,Sold,35,-0.44
8087,4806,2024-12-24,14642000.0,Sold,5,-1.51
8088,2444,2024-11-07,15721000.0,Active,65,1.63
8089,912,2024-10-16,10786000.0,Active,186,1.89
8090,5457,2023-12-26,7304000.0,Active,79,-1.23
8091,7149,2025-06-23,13969000.0,Sold,80,-1.49
8092,7767,2025-02-02,6654000.0,Sold,107,-2.48
8093,3214,2025-08-14,16368000.0,Expired,55,-7.61
8094,2365,2026-02-28,16346000.0,Active,113,-7.69
8095,5831,2024-08-29,24870000.0,Active,111,-1.5
8096,3630,2024-01-04,14562000.0,Sold,122,0.83
8097,5920,2026-05-05,16103000.0,Expired,161,-1.87
8098,7695,2025-08-16,11806000.0,Sold,132,0.85
8099,5676,2024-07-14,8993000.0,Sold,73,-6.21
8100,3473,2024-06-03,20997000.0,Sold,164,0.35
8101,681,2025-04-27,13283000.0,Active,43,1.84
8102,5430,2024-11-24,15764000.0,Active,105,0.63
8103,6639,2024-12-30,8803000.0,Expired,54,-1.54
8104,4652,2025-06-18,12026000.0,Sold,63,-2.6
8105,610,2025-05-08,14558000.0,Sold,41,-7.1
8106,7941,2023-10-19,13681000.0,Expired,121,-0.88
8107,2157,2025-01-08,11634000.0,Sold,66,1.7
8108,3867,2024-01-15,10131000.0,Withdrawn,42,-1.01
8109,372,2025-10-15,9390000.0,Withdrawn,77,-4.31
8110,6999,2025-01-18,16109000.0,Sold,82,0.52
8111,616,2024-06-12,12946000.0,Active,5,-1.45
8112,6912,2024-12-07,16672000.0,Expired,119,-0.43
8113,6011,2023-09-14,16155000.0,Expired,53,-5.86
8114,2254,2024-07-29,14982000.0,Sold,7,-3.36
8115,4943,2025-12-14,13040000.0,Active,81,2.74
8116,4139,2023-12-12,11395000.0,Sold,101,0.12
8117,865,2025-03-08,6893000.0,Active,137,-2.07
8118,1269,2024-12-12,25653000.0,Active,5,-0.69
8119,7455,2026-05-28,9460000.0,Active,33,3.13
8120,5475,2024-05-01,12110000.0,Sold,103,-2.07
8121,785,2024-11-08,11655000.0,Sold,130,-0.52
8122,4572,2025-03-31,12930000.0,Expired,37,-1.77
8123,4179,2024-04-15,8666000.0,Sold,122,-3.79
8124,5230,2024-05-05,6864000.0,Sold,7,2.22
8125,2238,2024-01-14,19067000.0,Active,172,-2.24
8126,4055,2024-03-29,19439000.0,Sold,94,-6.08
8127,4896,2025-03-29,17477000.0,Sold,47,0.29
8128,936,2025-11-19,17951000.0,Sold,76,-3.13
8129,3981,2025-03-17,15810000.0,Expired,77,-3.24
8130,6395,2024-01-18,6602000.0,Active,64,-2.43
8131,7892,2024-09-15,11803000.0,Expired,63,-1.76
8132,2339,2026-04-11,11409000.0,Active,42,-5.41
8133,5765,2024-11-25,12469000.0,Withdrawn,5,-5.6
8134,7369,2025-02-19,16885000.0,Sold,110,-0.08
8135,7965,2024-11-23,19130000.0,Active,101,-2.82
8136,326,2025-04-28,17198000.0,Sold,32,0.78
8137,1535,2026-04-25,10633000.0,Sold,114,2.7
8138,3481,2026-08-01,17255000.0,Sold,119,-4.17
8139,7775,2023-10-25,11624000.0,Sold,23,0.92
8140,3862,2024-09-18,5395000.0,Sold,47,-0.1
8141,1986,2024-10-01,7928000.0,Withdrawn,78,6.76
8142,6061,2024-06-09,14555000.0,Active,66,-5.6
8143,4933,2025-04-18,5694000.0,Sold,25,0.12
8144,4604,2025-04-24,5110000.0,Active,12,-1.56
8145,2779,2024-07-27,16655000.0,Expired,110,-3.97
8146,7769,2025-02-07,18546000.0,Sold,59,-1.65
8147,6216,2026-05-30,6803000.0,Active,36,0.39
8148,1271,2025-10-01,9278000.0,Active,73,0.47
8149,641,2026-02-17,9884000.0,Withdrawn,30,-2.09
8150,7892,2025-05-16,11803000.0,Active,130,4.39
8151,7084,2024-11-11,10020000.0,Withdrawn,17,-3.24
8152,5975,2025-01-28,9665000.0,Withdrawn,31,4.34
8153,4704,2025-07-07,16708000.0,Sold,71,-2.72
8154,7755,2023-08-24,12037000.0,Withdrawn,38,-0.15
8155,6055,2024-10-30,15101000.0,Expired,122,-3.67
8156,4079,2023-10-16,10010000.0,Sold,185,-1.27
8157,4662,2023-11-12,10990000.0,Active,5,-5.16
8158,1368,2026-02-05,18103000.0,Expired,98,3.33
8159,4043,2024-11-14,16798000.0,Sold,65,-6.23
8160,6198,2024-06-27,14475000.0,Sold,107,-2.03
8161,5850,2024-10-20,15428000.0,Expired,127,2.74
8162,2576,2026-02-12,10386000.0,Sold,101,-3.05
8163,6755,2025-05-22,9728000.0,Withdrawn,41,0.01
8164,3604,2024-12-07,18283000.0,Withdrawn,79,-5.51
8165,1582,2024-06-27,10454000.0,Active,18,-4.04
8166,1987,2025-12-25,16088000.0,Active,30,-0.41
8167,2241,2025-05-01,9053000.0,Active,87,-2.77
8168,3967,2026-03-16,17159000.0,Sold,63,0.29
8169,2106,2023-08-26,14967000.0,Sold,5,-1.07
8170,7605,2025-06-04,12028000.0,Sold,89,-3.72
8171,7279,2024-12-02,10151000.0,Sold,25,-1.92
8172,129,2024-09-12,15187000.0,Sold,59,-1.27
8173,5969,2025-08-18,26718000.0,Sold,25,-5.83
8174,4802,2026-04-02,15189000.0,Sold,88,0.53
8175,3997,2024-07-23,18193000.0,Sold,106,-1.16
8176,852,2026-06-18,11675000.0,Sold,134,1.46
8177,7494,2026-06-10,14878000.0,Active,18,-1.85
8178,4104,2024-05-18,10382000.0,Active,85,-3.41
8179,2077,2023-10-18,9409000.0,Active,109,-2.0
8180,5232,2025-01-21,7495000.0,Sold,125,-1.24
8181,2995,2025-03-10,18070000.0,Active,96,-4.02
8182,3745,2024-06-09,9758000.0,Expired,86,4.84
8183,6275,2024-10-31,14586000.0,Active,56,-0.3
8184,6332,2025-08-06,13589000.0,Sold,62,-4.19
8185,5795,2026-03-29,12884000.0,Withdrawn,184,-2.76
8186,2757,2025-10-24,8865000.0,Sold,80,-0.78
8187,5595,2026-03-21,14667000.0,Sold,112,3.4
8188,7532,2025-08-02,13022000.0,Sold,112,0.21
8189,7372,2024-02-07,9875000.0,Active,74,-0.92
8190,6356,2026-02-06,12835000.0,Sold,112,3.08
8191,1645,2026-05-14,11885000.0,Sold,60,-3.93
8192,4372,2024-07-30,17758000.0,Sold,44,-2.97
8193,3145,2026-02-05,12424000.0,Active,5,-0.05
8194,5799,2024-01-10,19642000.0,Sold,103,-3.31
8195,5892,2025-08-18,8468000.0,Sold,140,-1.15
8196,243,2025-04-13,15165000.0,Active,89,-2.25
8197,4086,2025-02-25,19547000.0,Active,106,-3.42
8198,7955,2026-04-24,10237000.0,Active,159,-3.18
8199,7270,2025-09-10,14396000.0,Withdrawn,19,-3.09
8200,7131,2026-02-08,11044000.0,Active,65,2.32
8201,6829,2023-10-20,10706000.0,Sold,5,-3.41
8202,171,2025-12-15,13987000.0,Active,36,-4.56
8203,653,2024-03-24,13443000.0,Active,100,-1.91
8204,6029,2023-12-17,11084000.0,Active,49,1.09
8205,6332,2026-08-11,13589000.0,Sold,39,-2.46
8206,3513,2024-10-02,7055000.0,Active,33,1.93
8207,5206,2025-12-15,18788000.0,Sold,97,-4.41
8208,1500,2024-10-31,9330000.0,Expired,105,0.66
8209,2100,2026-04-17,5203000.0,Expired,95,0.98
8210,2159,2023-10-09,3275000.0,Active,112,-2.03
8211,1973,2024-12-22,13703000.0,Active,47,-5.1
8212,7021,2025-07-07,10296000.0,Sold,128,2.75
8213,3926,2025-09-01,11942000.0,Sold,49,-0.56
8214,5163,2024-11-04,13022000.0,Sold,38,0.2
8215,2259,2026-05-10,8596000.0,Sold,31,-2.91
8216,4040,2026-03-24,8014000.0,Expired,36,-1.16
8217,2036,2026-01-27,20525000.0,Active,90,0.41
8218,3272,2023-11-30,12072000.0,Sold,80,1.49
8219,7978,2025-08-22,17390000.0,Active,38,0.2
8220,858,2024-05-23,13048000.0,Sold,81,-2.45
8221,3824,2025-07-20,19561000.0,Expired,172,0.45
8222,6771,2024-09-14,7186000.0,Active,29,2.42
8223,1050,2026-06-26,9553000.0,Sold,99,-1.16
8224,3991,2024-11-08,11983000.0,Sold,113,-4.98
8225,299,2024-02-29,14751000.0,Sold,121,-0.73
8226,7245,2026-07-27,11842000.0,Sold,41,-0.29
8227,924,2026-08-13,8758000.0,Withdrawn,38,0.76
8228,4233,2026-05-11,12196000.0,Active,56,2.9
8229,5140,2024-05-27,12505000.0,Sold,65,-1.39
8230,6584,2024-07-24,15416000.0,Sold,57,-2.2
8231,4307,2025-05-11,12832000.0,Active,46,3.73
8232,2800,2024-07-21,10829000.0,Sold,65,0.25
8233,5671,2025-08-24,9596000.0,Expired,114,1.68
8234,6579,2024-08-24,16256000.0,Sold,110,1.62
8235,4876,2026-05-21,8421000.0,Sold,5,-2.47
8236,5327,2025-08-27,9582000.0,Expired,5,-1.94
8237,4063,2026-05-18,11114000.0,Sold,49,-2.91
8238,6583,2023-10-25,9504000.0,Active,5,0.41
8239,4046,2024-08-04,19136000.0,Active,150,-4.68
8240,1803,2024-03-17,10038000.0,Active,41,2.17
8241,2714,2025-02-16,18488000.0,Expired,88,-4.06
8242,5162,2025-02-07,8245000.0,Expired,135,-0.96
8243,4507,2026-03-08,7762000.0,Active,51,2.33
8244,7691,2023-11-15,8378000.0,Active,5,-3.34
8245,2854,2026-08-15,4178000.0,Active,127,-0.65
8246,2658,2023-09-05,12423000.0,Active,113,-2.19
8247,4523,2025-02-27,11390000.0,Withdrawn,137,-2.94
8248,3347,2025-09-26,10163000.0,Active,5,0.46
8249,1472,2026-04-07,9666000.0,Active,83,-2.15
8250,2950,2024-03-17,20093000.0,Sold,61,-5.46
8251,942,2026-02-23,7591000.0,Active,79,-6.39
8252,1908,2026-05-05,16209000.0,Sold,100,1.13
8253,4838,2025-04-13,12670000.0,Active,216,-1.18
8254,5489,2025-10-18,10369000.0,Active,44,0.82
8255,1244,2024-08-30,16862000.0,Sold,58,0.75
8256,5697,2025-06-07,17307000.0,Withdrawn,61,0.06
8257,5352,2026-05-02,6857000.0,Expired,52,-1.68
8258,4424,2025-02-10,13716000.0,Sold,5,-2.71
8259,1467,2024-07-31,10998000.0,Active,7,0.8
8260,6196,2026-06-06,10824000.0,Withdrawn,93,-1.8
8261,3958,2024-03-12,13336000.0,Sold,97,-0.86
8262,1967,2024-05-31,7252000.0,Active,6,0.09
8263,376,2023-11-04,8487000.0,Sold,5,-3.61
8264,263,2024-08-31,16151000.0,Active,44,0.58
8265,4363,2024-08-08,10001000.0,Active,55,4.42
8266,6503,2026-07-09,8349000.0,Active,81,-1.88
8267,3389,2026-07-12,11479000.0,Sold,123,-2.07
8268,3396,2025-11-05,20386000.0,Sold,41,-5.08
8269,1945,2026-02-26,14769000.0,Withdrawn,34,-1.0
8270,7834,2024-02-16,13338000.0,Active,38,2.48
8271,1894,2024-04-26,12404000.0,Active,59,-1.81
8272,5998,2026-01-19,12222000.0,Sold,38,1.75
8273,6796,2023-12-06,16400000.0,Active,81,-5.54
8274,3635,2026-05-28,7664000.0,Sold,7,-0.33
8275,1653,2024-06-15,12749000.0,Active,5,-2.24
8276,5541,2024-04-29,12274000.0,Withdrawn,5,-0.68
8277,4142,2026-05-13,8405000.0,Active,125,-3.74
8278,3893,2024-05-15,9599000.0,Sold,12,1.03
8279,600,2026-07-13,16710000.0,Expired,47,0.15
8280,4816,2024-01-13,14598000.0,Active,61,-4.49
8281,1913,2026-07-06,6989000.0,Active,25,-5.78
8282,1293,2025-01-02,9455000.0,Sold,177,-1.8
8283,601,2024-06-21,13149000.0,Active,72,-3.33
8284,381,2025-07-25,9842000.0,Expired,5,-1.89
8285,4214,2024-06-29,7650000.0,Sold,128,-0.61
8286,3638,2024-04-25,8517000.0,Active,54,-0.48
8287,2164,2025-10-14,16288000.0,Withdrawn,139,-6.19
8288,7798,2024-01-26,8919000.0,Sold,80,-6.67
8289,4356,2025-09-27,12717000.0,Sold,57,-1.45
8290,1099,2024-09-01,17632000.0,Expired,152,-6.14
8291,5600,2025-01-01,11634000.0,Sold,132,0.41
8292,6449,2024-12-01,14645000.0,Active,74,0.52
8293,6151,2026-05-23,15285000.0,Active,5,2.88
8294,366,2025-02-16,6185000.0,Active,31,-3.54
8295,5754,2025-07-25,10811000.0,Sold,104,2.6
8296,2571,2024-06-24,13440000.0,Active,5,-1.08
8297,3420,2025-10-03,28869000.0,Expired,142,0.99
8298,5558,2024-07-08,12081000.0,Sold,100,-0.05
8299,6121,2026-03-16,10520000.0,Sold,67,-1.3
8300,7383,2025-01-18,13809000.0,Withdrawn,122,-2.2
8301,2477,2024-12-30,16623000.0,Withdrawn,46,-3.45
8302,791,2024-06-01,11674000.0,Sold,140,-1.47
8303,3570,2025-07-17,15448000.0,Active,75,0.32
8304,7708,2024-10-24,18467000.0,Active,136,-5.0
8305,747,2024-06-15,6321000.0,Sold,84,3.55
8306,6511,2025-06-29,15058000.0,Active,113,-0.47
8307,313,2024-01-31,8894000.0,Active,38,-1.02
8308,4634,2026-03-28,11646000.0,Active,86,-4.66
8309,921,2025-11-06,18243000.0,Active,107,3.7
8310,1078,2025-02-28,14134000.0,Sold,34,-2.13
8311,7709,2025-08-13,8023000.0,Sold,103,-0.09
8312,5587,2024-07-09,11837000.0,Withdrawn,65,-0.5
8313,7009,2025-04-27,13489000.0,Sold,117,-2.98
8314,7332,2023-08-31,8317000.0,Active,65,-2.87
8315,2830,2024-12-25,11917000.0,Expired,121,-4.67
8316,2382,2026-04-30,6478000.0,Withdrawn,70,-7.76
8317,3619,2025-08-11,17250000.0,Sold,127,-2.25
8318,798,2023-11-09,7050000.0,Sold,90,-3.54
8319,4444,2023-09-24,13561000.0,Sold,20,-0.05
8320,273,2025-05-08,10219000.0,Withdrawn,54,3.55
8321,3011,2025-04-23,7422000.0,Sold,84,-1.15
8322,4816,2024-07-04,14598000.0,Withdrawn,113,-6.0
8323,1774,2024-02-26,16719000.0,Active,76,-0.31
8324,7582,2025-02-26,12884000.0,Active,27,1.26
8325,2548,2025-05-15,7292000.0,Active,82,-1.1
8326,3165,2024-05-17,13247000.0,Active,18,-2.63
8327,4781,2024-10-08,15081000.0,Active,41,-2.66
8328,6223,2024-05-30,13360000.0,Sold,20,-3.03
8329,4718,2023-12-30,10957000.0,Sold,73,-4.9
8330,6136,2025-02-21,10820000.0,Sold,84,-6.3
8331,7385,2024-11-26,15260000.0,Sold,103,-1.0
8332,947,2025-02-24,11844000.0,Sold,111,-5.45
8333,6502,2026-07-07,14425000.0,Withdrawn,68,-1.81
8334,2666,2025-01-15,13702000.0,Active,65,-6.02
8335,507,2025-12-16,6383000.0,Active,51,0.45
8336,5679,2026-07-15,7865000.0,Expired,79,-3.77
8337,7349,2026-03-26,9664000.0,Active,82,-1.55
8338,6720,2024-03-04,9640000.0,Sold,76,-3.99
8339,7414,2025-03-07,11709000.0,Withdrawn,76,-3.89
8340,244,2023-11-06,7784000.0,Expired,61,0.73
8341,506,2024-08-29,14279000.0,Sold,88,-1.46
8342,4518,2024-09-21,6502000.0,Active,114,-2.38
8343,7488,2025-04-28,4438000.0,Active,27,-1.38
8344,3159,2025-05-03,13464000.0,Active,149,-4.68
8345,6361,2024-09-19,12873000.0,Sold,66,0.42
8346,7658,2026-03-07,13225000.0,Expired,120,3.05
8347,3591,2025-03-21,18590000.0,Expired,55,0.41
8348,7446,2024-06-01,7459000.0,Sold,89,1.02
8349,1873,2024-06-04,16412000.0,Sold,43,-2.61
8350,3794,2026-08-06,12030000.0,Active,110,2.1
8351,7153,2026-04-23,10779000.0,Sold,119,-4.17
8352,1193,2024-09-06,6160000.0,Sold,127,0.66
8353,4426,2023-12-26,13044000.0,Sold,37,1.95
8354,4746,2024-01-28,7824000.0,Active,5,-1.06
8355,1465,2025-12-11,18061000.0,Sold,56,-1.36
8356,391,2024-06-29,6217000.0,Active,78,-1.95
8357,5616,2026-05-23,10792000.0,Sold,25,-8.38
8358,4477,2024-06-16,9922000.0,Expired,33,-2.73
8359,3378,2025-10-13,5974000.0,Active,55,-0.89
8360,4838,2025-01-13,12670000.0,Active,136,-1.69
8361,6107,2023-09-18,19095000.0,Sold,24,-2.0
8362,4916,2025-12-13,10977000.0,Sold,98,1.07
8363,673,2024-11-16,7520000.0,Active,16,-0.58
8364,2561,2025-08-03,6200000.0,Active,121,-0.48
8365,5868,2023-11-05,11216000.0,Active,103,-2.41
8366,7093,2025-11-01,14085000.0,Sold,136,-0.19
8367,1212,2025-05-28,13838000.0,Active,34,0.75
8368,930,2025-06-18,9189000.0,Active,113,3.79
8369,1540,2024-07-05,9627000.0,Sold,177,-0.21
8370,913,2024-08-07,6256000.0,Expired,28,-1.68
8371,644,2024-12-24,10149000.0,Active,47,0.23
8372,4523,2025-11-18,11390000.0,Expired,106,-1.05
8373,502,2025-08-07,15708000.0,Active,67,-2.59
8374,730,2024-06-10,12379000.0,Withdrawn,76,1.81
8375,1284,2024-08-11,6803000.0,Sold,67,0.1
8376,7681,2023-09-11,17090000.0,Active,101,-4.88
8377,2119,2025-01-18,13484000.0,Active,114,-4.13
8378,6622,2026-08-16,11239000.0,Active,87,-5.64
8379,7346,2025-10-26,6082000.0,Sold,65,2.09
8380,4553,2024-01-02,9489000.0,Expired,125,-0.28
8381,6333,2025-03-15,9308000.0,Withdrawn,7,-2.28
8382,4387,2023-11-08,14084000.0,Expired,53,3.57
8383,7688,2023-12-08,9671000.0,Active,69,-3.77
8384,3837,2023-11-06,8823000.0,Expired,67,-1.27
8385,920,2024-10-24,13850000.0,Active,160,-0.11
8386,4051,2025-07-18,7050000.0,Active,93,-2.17
8387,2340,2023-12-01,12855000.0,Expired,168,-3.08
8388,6066,2025-08-12,13880000.0,Sold,12,-2.65
8389,756,2023-11-14,12636000.0,Active,116,-4.94
8390,5755,2024-05-26,14885000.0,Active,27,2.02
8391,5931,2025-12-08,9701000.0,Withdrawn,105,1.65
8392,5403,2026-07-23,11368000.0,Expired,54,-0.5
8393,5664,2025-02-23,17214000.0,Sold,53,-1.94
8394,1870,2024-04-14,9959000.0,Withdrawn,87,-2.03
8395,4473,2025-01-09,9324000.0,Active,35,3.22
8396,7826,2026-07-19,11013000.0,Sold,161,-4.95
8397,5276,2023-10-15,15515000.0,Active,24,-6.07
8398,508,2023-10-22,14852000.0,Sold,67,2.54
8399,1437,2026-03-14,13615000.0,Sold,28,-3.67
8400,2576,2024-12-18,10386000.0,Active,59,0.07
8401,3427,2025-07-01,19582000.0,Active,176,-4.25
8402,559,2026-06-22,10641000.0,Sold,130,-2.74
8403,7931,2025-10-18,11025000.0,Withdrawn,92,-7.23
8404,7355,2025-07-19,18837000.0,Sold,44,-8.15
8405,3103,2026-06-07,14489000.0,Expired,111,-1.57
8406,6404,2024-10-14,6614000.0,Withdrawn,104,-3.97
8407,4517,2024-04-14,10568000.0,Active,88,-6.91
8408,5649,2024-12-18,10011000.0,Active,105,1.12
8409,3623,2024-03-03,14710000.0,Sold,66,-2.27
8410,4400,2024-05-25,9433000.0,Sold,51,0.84
8411,5038,2025-08-08,17205000.0,Withdrawn,68,-5.36
8412,4058,2025-12-03,6026000.0,Sold,72,3.3
8413,7207,2026-08-07,14130000.0,Sold,78,-2.61
8414,7657,2024-01-09,17275000.0,Active,109,-4.88
8415,3716,2024-08-20,9657000.0,Sold,32,0.88
8416,6686,2024-02-03,6953000.0,Sold,136,-1.34
8417,7838,2026-07-04,6569000.0,Withdrawn,31,-1.19
8418,1302,2025-02-13,10072000.0,Sold,130,-3.47
8419,7371,2025-03-17,11181000.0,Sold,66,-3.06
8420,5186,2024-05-25,14863000.0,Sold,5,3.27
8421,2156,2025-02-08,8241000.0,Sold,166,-1.25
8422,6412,2025-01-28,17538000.0,Active,120,1.13
8423,6366,2025-07-01,2938000.0,Sold,74,-2.76
8424,5924,2026-01-03,8216000.0,Sold,148,-1.03
8425,5650,2026-03-06,6663000.0,Sold,42,0.27
8426,7258,2024-05-10,17288000.0,Sold,162,-0.85
8427,693,2025-06-12,7007000.0,Active,48,-0.29
8428,4351,2025-03-08,13774000.0,Sold,62,-5.2
8429,1479,2025-02-12,11691000.0,Active,145,-2.03
8430,6397,2024-08-14,9029000.0,Withdrawn,64,-2.2
8431,257,2025-09-25,13350000.0,Expired,77,1.56
8432,2431,2025-08-03,17856000.0,Withdrawn,123,-3.54
8433,442,2025-06-29,4785000.0,Expired,77,-1.36
8434,1882,2025-07-01,16668000.0,Active,145,-3.21
8435,2647,2026-02-21,17138000.0,Sold,181,-3.74
8436,5210,2024-03-20,9705000.0,Sold,79,-0.1
8437,3821,2025-05-01,13794000.0,Active,80,-1.59
8438,6534,2023-12-17,13502000.0,Active,124,2.08
8439,4678,2025-03-11,25377000.0,Expired,60,-6.9
8440,7212,2024-09-19,10602000.0,Withdrawn,46,-5.05
8441,1736,2024-06-08,6833000.0,Withdrawn,52,-3.54
8442,3736,2026-03-26,27067000.0,Active,65,1.66
8443,2646,2026-01-19,18948000.0,Active,5,-5.05
8444,19,2025-04-08,5596000.0,Active,50,0.35
8445,1125,2024-04-22,17249000.0,Active,108,-0.63
8446,3986,2025-02-25,11283000.0,Expired,82,-2.85
8447,2655,2024-09-20,10280000.0,Active,180,1.15
8448,7934,2026-07-21,8908000.0,Sold,76,-5.41
8449,5477,2026-04-21,7933000.0,Expired,62,-2.43
8450,5662,2024-02-04,14632000.0,Active,103,-2.18
8451,7929,2024-02-17,13767000.0,Expired,129,3.39
8452,2081,2026-01-22,7461000.0,Active,39,-0.63
8453,6090,2025-11-10,13114000.0,Withdrawn,8,-2.2
8454,7397,2023-09-08,13245000.0,Sold,64,-3.07
8455,1548,2024-11-21,12642000.0,Withdrawn,65,-0.67
8456,7798,2026-05-22,8919000.0,Active,73,0.69
8457,862,2023-12-12,13647000.0,Active,73,0.37
8458,155,2025-06-11,13593000.0,Expired,39,3.81
8459,3495,2025-05-13,9877000.0,Sold,27,-0.63
8460,905,2024-02-17,9233000.0,Sold,47,-2.43
8461,1270,2026-06-02,22689000.0,Expired,115,3.68
8462,405,2024-12-21,14451000.0,Expired,5,-3.26
8463,844,2026-01-13,12811000.0,Withdrawn,44,1.98
8464,1783,2026-02-15,9564000.0,Expired,86,-0.14
8465,1565,2026-08-13,10776000.0,Active,55,-2.22
8466,1185,2026-07-04,8866000.0,Active,92,4.13
8467,747,2024-09-18,6321000.0,Withdrawn,51,-0.9
8468,1726,2024-08-17,12245000.0,Sold,17,-0.48
8469,3189,2024-04-21,16416000.0,Active,64,-3.79
8470,271,2026-07-08,10475000.0,Active,96,-1.62
8471,4866,2023-11-05,8209000.0,Sold,6,3.63
8472,5812,2025-07-29,7294000.0,Active,133,-6.82
8473,5607,2025-05-10,17602000.0,Expired,65,-1.02
8474,3957,2025-12-15,13204000.0,Active,76,-5.41
8475,172,2023-11-06,9042000.0,Sold,93,-1.62
8476,274,2025-08-17,14314000.0,Withdrawn,33,-2.36
8477,2307,2025-07-22,6008000.0,Sold,69,0.06
8478,1159,2026-01-31,16679000.0,Expired,86,-4.15
8479,1707,2024-08-15,14525000.0,Withdrawn,79,3.23
8480,7890,2024-10-12,4612000.0,Active,19,0.4
8481,1772,2023-10-28,10996000.0,Active,7,-5.0
8482,422,2026-02-16,6424000.0,Active,42,-1.44
8483,5541,2025-11-18,12274000.0,Sold,105,-1.76
8484,1210,2026-03-18,13000000.0,Sold,37,-0.62
8485,6508,2024-10-08,12985000.0,Active,67,1.35
8486,7775,2025-07-10,11624000.0,Active,35,-4.55
8487,6522,2024-01-23,22278000.0,Active,98,-1.67
8488,7691,2026-01-15,8378000.0,Withdrawn,89,-0.21
8489,4676,2026-01-14,9127000.0,Active,5,1.03
8490,891,2025-12-28,15463000.0,Sold,68,-1.31
8491,4818,2024-02-23,11031000.0,Withdrawn,36,1.04
8492,3268,2025-03-21,14951000.0,Active,46,3.59
8493,4977,2024-07-22,9701000.0,Sold,137,1.14
8494,5218,2025-06-19,14025000.0,Active,61,-3.54
8495,6749,2025-04-28,12915000.0,Expired,11,0.64
8496,6104,2026-04-19,7927000.0,Active,48,-0.81
8497,6166,2026-02-05,52975000.0,Sold,5,-1.88
8498,1474,2025-08-23,14967000.0,Withdrawn,107,-0.5
8499,3244,2025-11-24,7996000.0,Sold,92,-2.65
8500,4479,2026-04-08,7208000.0,Sold,56,1.6
8501,2182,2023-10-20,31057000.0,Expired,5,-1.95
8502,1450,2023-08-25,17064000.0,Expired,28,0.56
8503,3097,2023-12-30,26315000.0,Active,41,-1.23
8504,6647,2024-01-04,12548000.0,Sold,48,-5.57
8505,3257,2024-08-10,14540000.0,Sold,29,-5.81
8506,3157,2025-03-03,10513000.0,Sold,89,-3.55
8507,1591,2025-08-03,15252000.0,Active,52,-2.16
8508,5883,2026-04-04,15421000.0,Expired,52,4.3
8509,4240,2025-12-27,7121000.0,Sold,93,-5.02
8510,5983,2024-03-18,11488000.0,Withdrawn,65,-5.89
8511,3982,2025-06-23,14167000.0,Expired,108,2.29
8512,5799,2023-08-23,19642000.0,Active,108,-1.88
8513,1436,2026-05-02,8831000.0,Sold,116,-3.08
8514,224,2026-04-18,10769000.0,Active,92,-0.38
8515,220,2026-02-19,7415000.0,Active,61,-5.45
8516,4275,2024-10-12,22611000.0,Sold,97,-7.51
8517,1655,2025-06-05,11612000.0,Sold,126,-2.96
8518,4529,2024-02-22,11675000.0,Expired,5,1.36
8519,265,2025-04-20,5657000.0,Active,47,-1.06
8520,954,2025-07-14,21187000.0,Active,74,-3.47
8521,4525,2026-05-09,10031000.0,Active,75,-3.88
8522,3734,2025-09-07,18137000.0,Sold,47,-5.34
8523,6560,2025-10-04,8302000.0,Sold,140,-1.56
8524,7621,2026-05-30,26426000.0,Sold,95,-6.15
8525,2775,2025-02-15,12017000.0,Sold,90,-3.21
8526,6341,2025-08-29,15889000.0,Sold,78,-1.76
8527,5674,2026-01-05,9367000.0,Active,50,-3.39
8528,3125,2025-12-16,13143000.0,Active,92,-0.55
8529,480,2024-03-03,8365000.0,Withdrawn,19,-3.25
8530,3515,2026-05-14,10958000.0,Active,17,-1.83
8531,1354,2025-08-30,15056000.0,Active,98,1.28
8532,3323,2025-01-22,15481000.0,Expired,69,-2.41
8533,3879,2024-03-20,17345000.0,Withdrawn,65,-0.92
8534,890,2023-11-12,17111000.0,Expired,114,-3.35
8535,3855,2026-04-12,8744000.0,Sold,122,-5.46
8536,925,2024-02-15,6331000.0,Expired,157,-0.3
8537,2171,2024-05-31,10791000.0,Sold,72,-6.9
8538,1903,2026-01-05,8162000.0,Sold,101,-2.61
8539,5507,2025-04-01,13154000.0,Active,76,-0.47
8540,5459,2024-01-13,11857000.0,Sold,74,0.4
8541,4874,2025-08-08,17414000.0,Sold,47,-0.54
8542,2396,2024-12-19,8357000.0,Sold,51,-3.11
8543,29,2024-12-20,8140000.0,Withdrawn,51,-5.29
8544,7119,2024-03-18,14206000.0,Expired,70,-4.06
8545,35,2023-12-04,12376000.0,Sold,77,-3.59
8546,3590,2026-03-20,3919000.0,Withdrawn,59,2.9
8547,5516,2024-07-13,11042000.0,Sold,68,-2.56
8548,2671,2025-08-05,11418000.0,Sold,5,-2.58
8549,3366,2024-06-08,14260000.0,Withdrawn,172,-1.81
8550,589,2025-12-25,5463000.0,Sold,35,-3.24
8551,7517,2023-12-24,8208000.0,Sold,82,-4.46
8552,3219,2025-10-02,11814000.0,Active,109,-3.68
8553,3139,2024-10-04,16679000.0,Sold,28,2.99
8554,904,2024-06-11,8301000.0,Expired,93,-1.41
8555,6664,2026-07-17,16374000.0,Expired,52,4.93
8556,4087,2025-05-10,9876000.0,Active,116,-1.32
8557,2170,2026-07-20,17637000.0,Withdrawn,71,-5.18
8558,340,2025-12-03,10442000.0,Sold,59,-7.14
8559,4271,2024-10-14,16810000.0,Sold,121,-3.98
8560,6020,2025-07-13,18769000.0,Expired,5,0.44
8561,1715,2025-08-22,5373000.0,Withdrawn,63,-1.72
8562,4693,2025-04-16,10217000.0,Withdrawn,109,-1.0
8563,4547,2023-08-26,24070000.0,Expired,114,0.85
8564,557,2025-05-10,21977000.0,Active,132,0.99
8565,5256,2026-06-06,16342000.0,Sold,82,-3.81
8566,3088,2026-02-13,11972000.0,Sold,51,2.59
8567,5453,2025-12-07,9815000.0,Active,84,-0.48
8568,3267,2024-12-21,12224000.0,Expired,148,-5.7
8569,3568,2025-08-17,12794000.0,Active,151,-2.23
8570,2057,2026-03-01,11356000.0,Active,86,0.56
8571,3900,2024-12-25,10010000.0,Sold,82,-6.21
8572,6478,2026-05-28,9087000.0,Expired,39,-0.92
8573,7501,2025-08-18,9599000.0,Withdrawn,23,-2.38
8574,1017,2024-11-15,6343000.0,Active,102,1.3
8575,6471,2024-08-17,9882000.0,Active,37,-2.46
8576,2063,2025-07-29,7832000.0,Active,158,-4.77
8577,839,2023-10-23,18633000.0,Active,22,2.65
8578,1638,2025-08-27,11910000.0,Expired,97,1.82
8579,4322,2026-04-27,18503000.0,Sold,60,1.75
8580,3497,2024-02-07,8273000.0,Expired,133,-2.33
8581,1814,2023-11-25,6663000.0,Expired,5,2.42
8582,3480,2026-05-11,11312000.0,Sold,40,3.16
8583,6257,2026-01-02,14366000.0,Sold,171,-3.26
8584,6117,2026-06-12,10462000.0,Active,132,2.76
8585,1452,2023-11-26,10684000.0,Sold,54,-9.8
8586,6145,2025-03-24,7234000.0,Expired,85,-1.73
8587,2314,2024-12-28,6170000.0,Active,44,-1.45
8588,1515,2026-08-16,11699000.0,Active,41,-5.75
8589,1232,2025-01-23,11975000.0,Withdrawn,76,-3.46
8590,1646,2025-05-15,15454000.0,Active,5,5.31
8591,5832,2024-06-15,11546000.0,Sold,69,3.06
8592,3000,2026-02-13,12800000.0,Sold,5,-1.04
8593,3441,2024-10-02,11301000.0,Active,121,3.6
8594,4057,2024-12-02,22148000.0,Expired,127,-5.09
8595,306,2026-05-15,6111000.0,Sold,42,-5.89
8596,6156,2025-06-28,17992000.0,Sold,48,0.42
8597,7513,2026-01-19,16936000.0,Active,83,0.22
8598,3537,2025-10-26,14815000.0,Sold,131,-3.9
8599,1724,2025-09-10,16494000.0,Withdrawn,80,-8.04
8600,1690,2026-01-08,17601000.0,Active,71,-3.4
8601,1518,2026-07-16,16375000.0,Active,104,-3.21
8602,5488,2025-10-17,9575000.0,Sold,71,-4.16
8603,3918,2023-10-18,8386000.0,Active,47,-3.38
8604,7081,2024-06-11,8359000.0,Active,121,1.85
8605,420,2024-06-13,11943000.0,Sold,132,4.89
8606,2937,2023-08-21,7666000.0,Sold,116,2.59
8607,3863,2023-11-16,13747000.0,Active,148,-1.06
8608,6315,2026-08-06,10963000.0,Active,93,-3.31
8609,4230,2024-10-22,15867000.0,Active,111,0.19
8610,6127,2024-09-30,11534000.0,Sold,102,-3.0
8611,7109,2024-12-29,18480000.0,Active,72,-6.25
8612,1451,2025-09-19,12702000.0,Expired,15,-2.12
8613,3097,2025-01-06,26315000.0,Sold,91,-2.0
8614,5650,2024-11-21,6663000.0,Active,139,-7.62
8615,3262,2025-07-24,15331000.0,Sold,58,1.4
8616,1165,2025-12-10,14673000.0,Sold,98,-1.44
8617,7723,2026-06-02,11485000.0,Expired,105,-5.1
8618,1870,2024-09-20,9959000.0,Sold,75,1.46
8619,1820,2025-01-02,16520000.0,Withdrawn,110,0.93
8620,2706,2024-03-18,15494000.0,Sold,97,-1.05
8621,7483,2024-01-19,10409000.0,Active,102,-2.09
8622,3516,2025-07-24,11301000.0,Expired,77,-4.65
8623,1343,2025-01-26,12988000.0,Expired,48,-1.34
8624,5561,2024-07-14,11886000.0,Withdrawn,124,-2.64
8625,7260,2025-12-04,11726000.0,Active,113,-7.19
8626,2227,2024-08-23,10484000.0,Sold,67,-3.12
8627,1080,2024-12-06,14337000.0,Sold,91,-3.06
8628,5275,2024-08-09,6907000.0,Withdrawn,151,1.29
8629,5792,2023-09-12,10496000.0,Active,98,6.06
8630,4207,2025-11-21,14613000.0,Active,74,4.65
8631,6281,2025-10-24,10451000.0,Sold,144,-1.28
8632,6376,2024-05-10,16741000.0,Sold,157,-3.39
8633,7136,2023-10-18,12723000.0,Active,93,-0.71
8634,4564,2025-12-25,17526000.0,Sold,111,-5.13
8635,2780,2026-04-22,12609000.0,Sold,65,-3.14
8636,2529,2024-11-29,14811000.0,Withdrawn,73,1.17
8637,7236,2025-09-28,16801000.0,Withdrawn,145,3.92
8638,814,2023-12-26,10342000.0,Active,36,-1.27
8639,5369,2025-09-28,16514000.0,Active,104,-3.45
8640,5090,2025-07-17,13889000.0,Withdrawn,18,1.81
8641,2032,2026-03-23,13778000.0,Sold,70,-4.02
8642,323,2026-02-23,10887000.0,Expired,5,-2.25
8643,2970,2026-02-23,12859000.0,Active,28,-2.24
8644,904,2026-06-27,8301000.0,Expired,85,-2.4
8645,1542,2024-08-20,16498000.0,Sold,75,-0.75
8646,6096,2026-03-08,18416000.0,Expired,152,2.32
8647,5912,2026-04-29,14195000.0,Sold,87,2.48
8648,3504,2024-04-16,7847000.0,Active,156,3.16
8649,7655,2026-02-20,10814000.0,Active,43,-3.28
8650,2654,2023-09-02,8601000.0,Sold,87,1.62
8651,2477,2024-03-30,16623000.0,Sold,5,-4.95
8652,3341,2026-04-05,15544000.0,Sold,101,-1.86
8653,7877,2024-07-09,6059000.0,Withdrawn,62,-0.02
8654,7705,2025-04-06,17716000.0,Sold,78,2.13
8655,4244,2023-08-20,6505000.0,Active,94,-5.19
8656,1142,2025-02-07,7932000.0,Expired,5,-3.04
8657,850,2025-03-20,10237000.0,Active,121,-4.71
8658,367,2025-07-15,9328000.0,Sold,100,-4.16
8659,2898,2026-02-17,12724000.0,Expired,30,-3.37
8660,1090,2024-01-30,7241000.0,Active,21,2.86
8661,4042,2024-03-28,17355000.0,Withdrawn,69,1.26
8662,2039,2026-06-09,9705000.0,Expired,5,-5.32
8663,2861,2026-01-16,13515000.0,Active,79,-5.48
8664,7538,2024-10-07,8036000.0,Sold,64,-4.1
8665,4271,2024-09-08,16810000.0,Active,46,3.48
8666,1855,2023-10-20,17200000.0,Expired,123,0.68
8667,4684,2023-12-20,6554000.0,Withdrawn,15,-1.98
8668,495,2026-02-28,11858000.0,Active,97,-5.15
8669,7117,2024-12-05,9083000.0,Expired,13,-2.54
8670,5234,2023-12-31,14755000.0,Expired,5,-4.21
8671,3183,2025-06-11,9881000.0,Sold,53,-4.01
8672,1785,2024-04-17,9417000.0,Active,98,-2.98
8673,3511,2026-03-05,15287000.0,Active,43,2.4
8674,3787,2025-01-04,12400000.0,Active,100,-6.13
8675,5267,2024-08-17,7657000.0,Sold,14,-0.03
8676,4131,2023-10-23,14487000.0,Sold,122,-0.64
8677,999,2023-12-27,13197000.0,Active,69,-1.26
8678,5429,2025-01-05,7117000.0,Sold,135,-2.55
8679,6682,2026-02-25,12368000.0,Active,52,0.95
8680,6894,2025-07-21,7977000.0,Sold,124,4.72
8681,5134,2025-09-04,11579000.0,Active,131,0.36
8682,4470,2024-12-17,10511000.0,Withdrawn,30,-2.88
8683,6701,2024-12-04,12089000.0,Sold,115,-3.44
8684,1452,2024-03-29,10684000.0,Sold,60,-2.26
8685,1752,2025-06-01,12959000.0,Sold,8,0.68
8686,2281,2026-07-27,7516000.0,Sold,61,-5.44
8687,4801,2024-11-13,14276000.0,Sold,72,0.97
8688,4659,2023-09-24,14569000.0,Withdrawn,93,-6.37
8689,7083,2026-06-04,13612000.0,Sold,121,1.79
8690,2935,2024-10-17,4140000.0,Expired,54,-0.42
8691,6870,2023-10-12,19884000.0,Active,56,-7.25
8692,3735,2025-01-06,14172000.0,Sold,77,1.96
8693,7608,2025-06-25,17068000.0,Sold,64,-8.08
8694,7670,2026-02-11,24602000.0,Active,169,-0.67
8695,3347,2026-03-22,10163000.0,Sold,147,-6.13
8696,1874,2024-01-30,11094000.0,Sold,5,3.42
8697,6220,2026-03-22,26904000.0,Sold,33,-1.53
8698,4535,2025-03-02,24207000.0,Sold,35,2.17
8699,3804,2023-09-09,8747000.0,Active,63,-1.83
8700,5980,2025-08-22,11062000.0,Sold,118,-1.15
8701,1980,2025-02-07,20169000.0,Withdrawn,47,-1.63
8702,699,2025-03-08,12867000.0,Active,111,5.45
8703,1313,2025-10-08,9982000.0,Active,154,-0.53
8704,2963,2024-12-27,7722000.0,Expired,5,3.52
8705,5660,2025-04-28,16980000.0,Sold,5,3.9
8706,2939,2025-02-27,12957000.0,Sold,83,2.66
8707,4788,2025-02-23,13010000.0,Expired,53,-1.57
8708,2301,2024-05-26,5303000.0,Sold,193,-0.2
8709,3198,2024-04-13,14540000.0,Sold,27,-2.79
8710,5297,2024-09-04,15446000.0,Sold,89,-2.45
8711,7205,2024-11-03,10367000.0,Active,148,1.83
8712,6554,2025-03-24,11817000.0,Expired,32,-2.05
8713,5731,2024-10-22,8691000.0,Sold,77,-0.57
8714,5730,2025-09-10,9319000.0,Sold,108,-2.2
8715,127,2026-08-15,13117000.0,Sold,24,-0.94
8716,5603,2024-12-21,15286000.0,Active,40,1.54
8717,1192,2024-05-23,13053000.0,Sold,20,-6.73
8718,2640,2025-02-20,14046000.0,Active,123,-1.38
8719,4390,2026-06-13,11861000.0,Expired,37,-3.18
8720,3917,2024-05-02,14982000.0,Expired,54,-6.31
8721,7806,2026-04-02,14278000.0,Active,45,-3.98
8722,1367,2026-06-20,10612000.0,Withdrawn,18,-4.65
8723,1020,2025-05-05,5384000.0,Withdrawn,76,0.29
8724,6454,2024-12-14,12923000.0,Sold,122,-1.92
8725,6806,2026-05-01,11029000.0,Sold,38,-2.66
8726,6672,2024-05-28,15060000.0,Expired,6,0.13
8727,6684,2026-01-28,11490000.0,Sold,108,-2.44
8728,4080,2025-05-28,7540000.0,Sold,173,-5.83
8729,4515,2024-09-12,13375000.0,Sold,91,-2.43
8730,4540,2023-12-24,17009000.0,Sold,156,-0.4
8731,685,2026-08-13,12099000.0,Sold,55,-1.57
8732,3630,2026-03-10,14562000.0,Active,80,1.51
8733,2888,2026-01-14,7835000.0,Expired,101,-4.57
8734,6380,2024-04-12,13487000.0,Withdrawn,5,-3.9
8735,1463,2024-12-27,13373000.0,Active,69,-2.58
8736,4087,2024-02-01,9876000.0,Withdrawn,171,1.85
8737,2262,2025-08-10,21042000.0,Sold,90,-2.04
8738,4181,2023-10-30,15107000.0,Sold,5,-2.21
8739,2842,2024-08-12,13700000.0,Active,63,-2.34
8740,1768,2024-12-20,12843000.0,Expired,13,2.37
8741,4181,2025-10-30,15107000.0,Sold,5,-2.78
8742,6041,2026-07-14,5435000.0,Sold,48,-1.42
8743,3561,2024-06-18,7417000.0,Active,92,-0.89
8744,2113,2025-03-29,13688000.0,Expired,172,-3.14
8745,5766,2026-05-09,8779000.0,Sold,5,-0.71
8746,4759,2024-03-07,14885000.0,Sold,49,-0.25
8747,627,2024-07-06,12145000.0,Active,89,-2.79
8748,4160,2026-02-17,16389000.0,Active,83,-0.51
8749,3415,2024-07-23,21217000.0,Active,118,-1.95
8750,7083,2025-06-17,13612000.0,Sold,98,5.28
8751,5015,2026-02-14,10864000.0,Expired,5,4.51
8752,1376,2026-01-08,14045000.0,Active,35,-5.56
8753,1182,2026-01-27,11037000.0,Active,59,-5.94
8754,5709,2025-07-22,6012000.0,Active,59,1.03
8755,491,2024-12-24,15655000.0,Withdrawn,35,-0.86
8756,3730,2024-11-22,5403000.0,Expired,80,2.18
8757,5975,2024-08-11,9665000.0,Active,27,-6.43
8758,3535,2025-05-03,15987000.0,Sold,5,-1.29
8759,3297,2025-08-23,16026000.0,Sold,18,0.97
8760,1941,2024-02-19,13056000.0,Sold,56,-2.66
8761,4409,2026-01-24,13604000.0,Sold,25,2.04
8762,6759,2024-04-13,16593000.0,Sold,53,4.86
8763,5015,2023-12-13,10864000.0,Active,112,-1.29
8764,1883,2026-05-09,9007000.0,Expired,57,0.72
8765,4909,2024-11-09,11432000.0,Active,11,-1.93
8766,2988,2024-05-04,13583000.0,Sold,75,-1.82
8767,5586,2026-08-01,18405000.0,Active,37,-0.5
8768,3160,2023-11-22,14886000.0,Expired,92,-2.49
8769,5423,2024-04-20,10126000.0,Sold,67,-3.47
8770,4776,2026-04-12,11017000.0,Active,46,-1.62
8771,4531,2026-02-14,3779000.0,Active,76,-3.7
8772,682,2023-10-27,15546000.0,Sold,57,-3.07
8773,5255,2023-12-14,14835000.0,Sold,52,3.38
8774,1074,2025-10-24,19368000.0,Sold,37,-0.52
8775,5552,2025-10-05,12197000.0,Withdrawn,48,-1.64
8776,2388,2024-10-10,9419000.0,Active,59,-2.99
8777,2395,2025-05-16,14095000.0,Sold,127,0.16
8778,2694,2023-09-14,12738000.0,Expired,118,3.06
8779,1371,2024-06-17,9631000.0,Active,142,-3.91
8780,4745,2024-12-14,17532000.0,Active,16,-2.81
8781,4341,2023-10-11,9527000.0,Active,142,1.9
8782,2157,2024-12-05,11634000.0,Expired,109,-1.68
8783,7993,2024-07-19,14678000.0,Sold,75,-4.17
8784,7967,2025-06-05,6965000.0,Sold,26,-1.72
8785,2581,2023-10-24,14709000.0,Sold,71,5.2
8786,7258,2024-09-03,17288000.0,Active,86,-0.51
8787,4392,2026-01-18,12813000.0,Active,96,-9.25
8788,2160,2023-10-30,7979000.0,Active,21,-3.45
8789,7981,2023-12-05,14386000.0,Withdrawn,95,-1.62
8790,5709,2025-11-30,6012000.0,Expired,68,0.62
8791,3249,2025-06-25,8223000.0,Active,69,1.38
8792,6487,2026-05-10,13565000.0,Withdrawn,74,0.05
8793,3732,2025-02-11,6854000.0,Active,36,-0.08
8794,6245,2025-04-29,9423000.0,Active,87,1.1
8795,3830,2023-11-30,18747000.0,Expired,138,1.7
8796,6773,2026-03-25,18147000.0,Withdrawn,62,0.9
8797,1628,2025-07-06,12860000.0,Active,138,-2.82
8798,3473,2023-11-07,20997000.0,Sold,43,-2.82
8799,28,2026-07-26,17523000.0,Active,97,-4.8
8800,7081,2024-02-11,8359000.0,Sold,132,-4.22
8801,1986,2026-01-01,7928000.0,Sold,89,-0.14
8802,5657,2025-03-28,12622000.0,Withdrawn,36,-2.05
8803,4154,2023-10-18,12247000.0,Expired,93,-2.96
8804,1522,2025-07-03,5498000.0,Sold,38,4.04
8805,297,2026-03-01,15036000.0,Sold,151,0.65
8806,2182,2024-11-28,31057000.0,Sold,22,-0.2
8807,3403,2025-09-01,8491000.0,Sold,31,0.23
8808,2297,2025-07-21,12571000.0,Active,53,-6.13
8809,7165,2026-02-11,9941000.0,Active,44,2.18
8810,2598,2025-03-14,16448000.0,Sold,99,-5.9
8811,902,2026-04-24,8438000.0,Active,45,-6.48
8812,6061,2026-02-17,14555000.0,Sold,91,-3.2
8813,1099,2024-07-22,17632000.0,Active,25,-5.32
8814,1678,2023-11-16,5927000.0,Withdrawn,76,-0.36
8815,2882,2026-04-28,9029000.0,Active,138,6.29
8816,5288,2024-11-29,10744000.0,Sold,83,-0.12
8817,4867,2025-10-19,21778000.0,Withdrawn,100,-4.41
8818,5623,2023-12-03,46620000.0,Expired,131,-7.44
8819,1379,2025-01-23,14845000.0,Active,169,-0.12
8820,1249,2025-01-12,12545000.0,Sold,42,-0.25
8821,3736,2024-02-02,27067000.0,Sold,42,-5.69
8822,5651,2025-06-17,18665000.0,Active,5,-0.49
8823,4242,2024-02-14,9187000.0,Sold,90,-4.21
8824,6080,2023-08-22,19842000.0,Withdrawn,39,-9.86
8825,1265,2026-04-19,9941000.0,Sold,68,0.24
8826,1908,2025-01-14,16209000.0,Sold,53,-0.45
8827,7037,2025-04-21,12583000.0,Active,77,-5.79
8828,6488,2023-09-21,10535000.0,Sold,5,-0.35
8829,5869,2025-11-08,9969000.0,Active,112,-5.01
8830,1059,2025-11-12,12031000.0,Expired,130,-2.95
8831,2750,2024-08-31,18969000.0,Sold,98,-0.7
8832,2049,2024-02-04,10616000.0,Sold,82,-2.21
8833,6116,2026-08-18,13133000.0,Sold,86,-4.18
8834,4249,2023-09-01,10709000.0,Sold,106,-3.88
8835,2477,2025-07-02,16623000.0,Sold,99,-1.71
8836,4017,2025-01-26,11265000.0,Withdrawn,84,-1.99
8837,4604,2025-10-08,5110000.0,Active,109,-1.93
8838,3198,2025-05-26,14540000.0,Expired,32,-6.16
8839,4587,2025-09-27,12398000.0,Active,86,-0.47
8840,3554,2025-09-27,9960000.0,Sold,73,1.48
8841,4441,2024-02-29,3377000.0,Active,78,0.06
8842,6032,2026-08-18,14209000.0,Withdrawn,99,-3.26
8843,1762,2023-09-25,14447000.0,Expired,119,-0.38
8844,221,2023-10-23,10449000.0,Expired,68,-5.71
8845,6035,2023-11-19,17156000.0,Active,101,-3.41
8846,6039,2023-10-29,7108000.0,Sold,130,2.97
8847,4819,2025-12-28,22342500.0,Sold,115,-0.83
8848,7193,2026-03-24,3520000.0,Active,127,-1.26
8849,4624,2023-11-29,13202000.0,Active,196,-4.59
8850,7350,2024-09-03,17782000.0,Sold,86,-6.24
8851,5619,2025-04-22,6720000.0,Sold,114,4.04
8852,2889,2024-12-08,13543000.0,Expired,26,3.8
8853,1665,2025-12-14,12024000.0,Expired,31,-2.21
8854,7210,2025-09-10,20901000.0,Active,43,1.18
8855,3987,2025-06-19,13605000.0,Active,116,2.32
8856,4577,2025-07-14,11686000.0,Withdrawn,5,-0.81
8857,2978,2025-01-14,13693000.0,Active,53,-1.62
8858,1872,2024-06-04,14933000.0,Sold,47,-2.86
8859,7916,2026-07-06,14668000.0,Active,50,0.61
8860,7016,2025-06-18,14652000.0,Active,44,-0.95
8861,1463,2025-05-27,13373000.0,Active,34,-2.54
8862,5522,2026-02-28,10411000.0,Sold,104,-0.93
8863,7714,2026-03-23,11609000.0,Expired,116,-5.78
8864,345,2026-06-06,4473000.0,Active,90,-1.53
8865,45,2024-03-05,13077000.0,Active,115,2.15
8866,7814,2024-09-20,20526000.0,Withdrawn,74,1.35
8867,2069,2025-06-06,8073000.0,Active,62,-6.57
8868,5754,2023-09-30,10811000.0,Sold,32,2.65
8869,7238,2023-08-30,6926000.0,Expired,68,5.63
8870,5984,2026-03-20,10450000.0,Sold,70,-1.18
8871,7017,2026-01-23,11557000.0,Sold,99,2.02
8872,6192,2024-04-30,14622000.0,Expired,91,-2.18
8873,1515,2024-06-02,11699000.0,Expired,17,-3.0
8874,2599,2025-07-02,16709000.0,Sold,70,-3.25
8875,6431,2024-01-13,10268000.0,Expired,74,0.32
8876,1002,2024-01-25,8861000.0,Sold,80,-2.92
8877,1034,2026-05-23,11177000.0,Withdrawn,45,1.47
8878,6686,2025-02-03,6953000.0,Sold,22,1.18
8879,2041,2025-11-29,14916000.0,Active,95,-1.1
8880,6900,2023-10-19,11396000.0,Sold,46,-2.92
8881,274,2024-08-12,14314000.0,Expired,97,-1.65
8882,5052,2024-07-20,13571000.0,Sold,121,-4.44
8883,2648,2025-09-02,6157000.0,Active,54,-0.12
8884,1780,2024-11-25,6508000.0,Expired,138,-9.67
8885,4477,2024-02-24,9922000.0,Withdrawn,192,-2.43
8886,5449,2025-06-26,13722000.0,Sold,32,-1.47
8887,479,2025-11-11,7781000.0,Withdrawn,104,-1.44
8888,6159,2025-11-09,12062000.0,Withdrawn,10,-2.24
8889,516,2024-06-04,15615000.0,Sold,104,1.71
8890,4287,2025-09-18,10096000.0,Active,107,1.27
8891,1192,2024-05-26,13053000.0,Sold,128,0.38
8892,7689,2025-12-30,16955000.0,Active,86,1.58
8893,2669,2023-11-28,8251000.0,Sold,94,-7.46
8894,5257,2025-03-14,6074000.0,Active,132,-6.09
8895,6298,2023-08-24,6628000.0,Sold,91,-2.44
8896,1412,2023-12-30,16427000.0,Active,129,-1.5
8897,3281,2025-07-30,11917000.0,Active,71,1.02
8898,272,2024-08-25,11169000.0,Active,54,1.83
8899,143,2024-11-06,15306000.0,Sold,38,0.1
8900,7779,2024-06-18,13092000.0,Sold,66,-1.48
8901,6009,2023-12-07,9677000.0,Active,101,-2.46
8902,7988,2026-07-13,14663000.0,Active,134,-2.25
8903,5189,2026-03-30,6643000.0,Active,94,3.06
8904,6391,2023-12-10,6436000.0,Active,13,-5.84
8905,3333,2025-07-02,6367000.0,Active,51,-7.19
8906,788,2025-12-03,10425000.0,Expired,95,0.27
8907,6223,2024-09-20,13360000.0,Active,93,-4.89
8908,1682,2024-09-26,12814000.0,Active,127,-0.28
8909,623,2026-07-25,20786000.0,Active,148,-0.51
8910,3842,2024-02-08,20068000.0,Active,168,-1.93
8911,3677,2026-06-09,13328000.0,Active,87,-4.35
8912,2573,2025-01-16,9879000.0,Active,92,-3.41
8913,6916,2023-09-04,12308000.0,Sold,24,-3.42
8914,5034,2025-11-27,16670000.0,Active,93,0.08
8915,7789,2025-06-18,5502000.0,Active,185,-1.87
8916,7498,2024-05-11,12629000.0,Sold,35,-3.79
8917,3261,2025-01-08,10097000.0,Active,64,-3.77
8918,5215,2026-04-29,15069000.0,Active,116,-3.05
8919,4713,2026-01-30,10095000.0,Expired,5,-0.67
8920,5128,2024-01-31,8385000.0,Active,5,-7.17
8921,67,2026-07-29,7911000.0,Withdrawn,77,-1.7
8922,7664,2024-04-17,13027000.0,Withdrawn,57,-2.88
8923,4287,2024-06-20,10096000.0,Expired,81,-2.95
8924,7534,2024-05-21,9995000.0,Sold,90,-2.28
8925,6912,2024-01-25,16672000.0,Withdrawn,25,4.51
8926,4617,2025-11-06,8173000.0,Withdrawn,127,-2.11
8927,5086,2025-05-04,14747000.0,Active,113,-2.95
8928,1141,2026-01-10,18921000.0,Active,16,-4.17
8929,2315,2025-01-29,13404000.0,Active,134,-7.51
8930,5731,2025-05-12,8691000.0,Active,72,-4.56
8931,2533,2024-12-05,15014000.0,Active,103,-6.06
8932,3581,2026-06-18,5855000.0,Expired,93,-1.39
8933,7466,2024-02-17,10521000.0,Expired,24,-4.11
8934,1188,2023-08-27,15379000.0,Active,101,-3.48
8935,4472,2024-03-23,10535000.0,Sold,83,-1.83
8936,4749,2024-04-20,9532000.0,Sold,9,-3.33
8937,3340,2023-09-09,10741000.0,Sold,51,-2.58
8938,549,2024-11-22,9158000.0,Active,5,5.0
8939,5194,2024-05-29,10090000.0,Active,88,-5.99
8940,7676,2025-09-15,15646000.0,Sold,63,-0.93
8941,4088,2025-12-12,6876000.0,Active,62,-3.36
8942,73,2025-10-17,19287000.0,Active,44,-1.46
8943,6452,2023-10-07,13406000.0,Active,27,-4.81
8944,199,2026-04-25,16578000.0,Sold,47,-4.56
8945,3202,2025-12-23,13498000.0,Withdrawn,107,-5.98
8946,1782,2024-02-23,14016000.0,Active,120,-0.6
8947,7992,2026-04-23,16472000.0,Withdrawn,90,-5.42
8948,572,2023-10-04,10509000.0,Sold,31,-1.94
8949,791,2026-03-17,11674000.0,Sold,73,4.86
8950,1639,2025-04-03,10411000.0,Active,95,-4.55
8951,1832,2025-03-11,8026000.0,Active,60,2.62
8952,1856,2024-03-12,11514000.0,Withdrawn,12,1.04
8953,5607,2025-11-02,17602000.0,Active,77,-3.52
8954,1175,2025-03-13,18960000.0,Sold,90,0.87
8955,3741,2025-11-17,15653000.0,Sold,89,-0.6
8956,3278,2025-05-12,17469000.0,Sold,71,0.09
8957,179,2026-03-27,13766000.0,Sold,28,-2.32
8958,2245,2025-11-18,15712000.0,Expired,67,-1.14
8959,4087,2023-09-14,9876000.0,Sold,113,-0.96
8960,735,2024-11-30,7510000.0,Withdrawn,37,1.33
8961,6233,2025-11-21,18850000.0,Expired,62,1.62
8962,799,2025-07-10,4790000.0,Sold,124,-1.42
8963,7602,2024-09-18,15639000.0,Expired,46,1.93
8964,788,2025-02-25,10425000.0,Active,63,1.01
8965,2796,2025-01-08,11645000.0,Active,14,-2.75
8966,7351,2024-04-14,16832000.0,Sold,69,-5.46
8967,4305,2023-09-10,15806000.0,Sold,44,-8.6
8968,4589,2023-10-25,16526000.0,Expired,151,-1.53
8969,7298,2024-09-08,8944000.0,Sold,105,-1.19
8970,6809,2024-01-12,11982000.0,Sold,95,-4.03
8971,3085,2025-08-30,13911000.0,Sold,148,-5.4
8972,5754,2024-11-20,10811000.0,Sold,58,-0.73
8973,2919,2025-11-25,4874000.0,Sold,61,0.07
8974,732,2026-06-12,12816000.0,Sold,24,-5.27
8975,1130,2025-08-17,4781000.0,Active,11,2.57
8976,3447,2026-07-20,11581000.0,Withdrawn,85,0.37
8977,1606,2026-08-13,13228000.0,Sold,97,3.21
8978,3779,2024-10-02,7258000.0,Sold,5,1.43
8979,2746,2023-09-11,10743000.0,Active,125,1.32
8980,3171,2023-11-20,13649000.0,Expired,156,2.24
8981,4690,2024-03-23,9940000.0,Expired,106,0.24
8982,7755,2024-01-15,12037000.0,Sold,5,-1.1
8983,2934,2026-06-16,15606000.0,Sold,105,-1.59
8984,6996,2025-11-16,8172000.0,Sold,95,-1.81
8985,1216,2026-08-07,14280000.0,Sold,20,-2.56
8986,325,2024-04-11,7866000.0,Sold,94,2.37
8987,5075,2024-07-14,23765000.0,Active,89,1.78
8988,5846,2023-12-02,6389000.0,Active,23,-8.73
8989,1851,2026-05-07,11146000.0,Active,125,-5.13
8990,7100,2024-06-28,7661000.0,Expired,46,-1.12
8991,1491,2026-06-18,12365000.0,Sold,19,-1.79
8992,894,2025-01-23,10003000.0,Sold,70,0.77
8993,1391,2024-08-23,8634000.0,Sold,82,-4.53
8994,3390,2024-10-09,9528000.0,Sold,61,-4.39
8995,4240,2025-09-22,7121000.0,Active,175,-7.8
8996,4480,2025-02-28,14276000.0,Active,40,-1.83
8997,2264,2025-08-29,11473000.0,Active,6,-2.01
8998,3433,2024-04-07,9349000.0,Active,53,-1.44
8999,2372,2025-02-04,10532000.0,Active,140,-5.4
9000,3087,2024-05-05,7912000.0,Sold,5,-4.42
9001,4313,2024-12-13,11532000.0,Expired,145,-3.02
9002,1516,2025-05-27,17296000.0,Active,81,-0.33
9003,7095,2025-03-30,9686000.0,Withdrawn,5,-2.36
9004,7715,2023-08-28,20346000.0,Active,87,-1.67
9005,6327,2023-09-23,8452000.0,Active,37,4.29
9006,6414,2026-01-22,11580000.0,Expired,73,-6.43
9007,7089,2026-07-19,8055000.0,Withdrawn,46,0.05
9008,5587,2024-08-18,11837000.0,Active,16,-1.06
9009,2918,2025-02-24,19393000.0,Active,107,-6.05
9010,5732,2025-04-02,12612000.0,Sold,116,1.12
9011,7687,2025-05-20,13519000.0,Sold,92,0.51
9012,7710,2025-11-06,6543000.0,Active,5,0.73
9013,6611,2023-11-10,16326000.0,Active,36,-2.99
9014,2353,2024-02-28,13549000.0,Active,14,-1.17
9015,1168,2024-01-31,14819000.0,Withdrawn,5,5.68
9016,111,2025-12-24,11348000.0,Active,72,2.54
9017,5110,2024-04-20,23146000.0,Active,67,-2.39
9018,4328,2025-08-11,17082000.0,Active,116,-0.48
9019,5811,2025-06-20,7332000.0,Sold,39,0.34
9020,3656,2026-01-13,6872000.0,Expired,130,-5.2
9021,3794,2024-08-15,12030000.0,Active,181,5.77
9022,1756,2025-09-11,14977000.0,Sold,72,-2.8
9023,7760,2024-09-21,18486000.0,Sold,40,-3.51
9024,7668,2024-03-20,16797000.0,Active,64,-2.45
9025,6739,2025-07-27,10713000.0,Active,23,-3.35
9026,1578,2026-01-04,13740000.0,Active,128,-2.79
9027,1297,2024-10-19,10238000.0,Active,63,-3.48
9028,3775,2026-01-19,16381000.0,Sold,71,-4.93
9029,2221,2024-08-18,10510000.0,Expired,52,-0.13
9030,973,2024-02-09,7175000.0,Sold,95,0.34
9031,1031,2024-08-13,6182000.0,Withdrawn,82,0.22
9032,7323,2024-10-13,14753000.0,Active,137,1.58
9033,7690,2026-06-14,8595000.0,Active,65,1.33
9034,2594,2024-02-03,10283000.0,Sold,81,1.05
9035,6692,2025-04-04,8534000.0,Active,35,-1.72
9036,3993,2026-04-06,9008000.0,Sold,120,-1.54
9037,4614,2024-04-01,16472000.0,Expired,71,-2.4
9038,914,2024-06-22,19113000.0,Active,26,0.06
9039,6359,2024-11-09,9355000.0,Withdrawn,85,-1.75
9040,2182,2024-05-27,31057000.0,Active,84,-5.87
9041,6429,2024-06-09,13764000.0,Sold,54,-6.09
9042,3198,2026-07-31,14540000.0,Sold,137,-2.86
9043,6041,2025-05-25,5435000.0,Sold,29,0.4
9044,1463,2025-09-11,13373000.0,Expired,123,-1.56
9045,5969,2024-10-16,26718000.0,Active,57,-7.03
9046,6830,2024-04-05,12457000.0,Expired,50,-2.71
9047,7320,2023-10-21,13010000.0,Sold,90,-0.0
9048,2379,2023-11-10,21092000.0,Active,94,-3.27
9049,7706,2025-08-31,9502000.0,Withdrawn,72,-8.28
9050,3455,2026-06-18,8982000.0,Active,56,-4.61
9051,7283,2023-10-07,10095000.0,Sold,56,-3.63
9052,7038,2025-10-26,12765000.0,Sold,58,-4.88
9053,3554,2025-05-06,9960000.0,Sold,101,-0.29
9054,1308,2026-01-10,9315000.0,Expired,168,-1.04
9055,4995,2024-03-28,12353000.0,Expired,49,-2.5
9056,5195,2025-06-06,7636000.0,Withdrawn,5,0.32
9057,1190,2024-08-26,14763000.0,Active,164,-1.01
9058,5309,2023-09-29,22614000.0,Sold,54,2.15
9059,6222,2024-10-14,8324000.0,Sold,91,-1.85
9060,7091,2026-03-07,20828000.0,Expired,111,-7.51
9061,7770,2024-03-25,17157000.0,Expired,110,-0.1
9062,688,2025-10-17,20609000.0,Active,40,0.65
9063,6165,2025-06-25,11868000.0,Active,34,-5.01
9064,4662,2023-11-05,10990000.0,Sold,20,-3.08
9065,1208,2024-01-26,16526000.0,Expired,64,-3.6
9066,1895,2025-05-19,13469000.0,Active,108,2.31
9067,7390,2026-08-19,6583000.0,Sold,151,1.53
9068,4923,2024-10-06,9014000.0,Sold,132,-1.64
9069,5448,2024-07-20,10589000.0,Expired,10,-1.09
9070,6323,2024-03-10,14096000.0,Expired,128,-4.62
9071,1812,2025-02-25,15803000.0,Active,55,-3.37
9072,3184,2025-09-26,18101000.0,Active,164,3.97
9073,7904,2026-01-07,10957000.0,Sold,100,4.17
9074,3798,2023-12-13,10484000.0,Active,64,7.17
9075,5179,2023-10-21,13607000.0,Sold,87,-6.61
9076,5447,2024-11-23,18464000.0,Sold,48,-3.1
9077,7049,2024-03-15,13617000.0,Sold,72,0.03
9078,1645,2023-09-02,11885000.0,Sold,101,-1.23
9079,3969,2024-10-05,10016000.0,Sold,90,-0.53
9080,2717,2024-08-19,11553000.0,Sold,117,-0.04
9081,191,2026-06-29,8211000.0,Active,95,1.13
9082,5320,2025-11-25,5574000.0,Expired,14,1.21
9083,1336,2026-05-16,21262000.0,Active,93,-2.33
9084,4804,2024-07-31,15232000.0,Active,50,-9.27
9085,3107,2023-09-26,9202000.0,Expired,88,2.93
9086,379,2025-05-18,15619000.0,Sold,145,-4.89
9087,4483,2025-06-22,8682000.0,Withdrawn,12,-2.46
9088,3830,2023-11-08,18747000.0,Active,167,1.67
9089,6381,2024-04-10,8214000.0,Expired,125,0.24
9090,616,2024-02-20,12946000.0,Expired,134,-5.01
9091,5639,2025-03-21,8906000.0,Withdrawn,24,-0.14
9092,2331,2025-06-23,20838000.0,Withdrawn,131,0.33
9093,6145,2025-08-28,7234000.0,Active,85,3.88
9094,1755,2026-02-06,9874000.0,Sold,39,-0.47
9095,464,2025-08-31,13616000.0,Sold,96,2.49
9096,7398,2026-06-18,9196000.0,Expired,8,-0.53
9097,967,2026-04-20,6961000.0,Sold,151,-0.18
9098,4268,2025-11-29,11031000.0,Sold,79,-2.27
9099,3159,2025-03-10,13464000.0,Active,74,0.3
9100,3625,2024-10-13,17675000.0,Active,91,-0.56
9101,5243,2023-09-23,15985000.0,Active,87,-1.11
9102,4939,2023-11-03,7781000.0,Sold,33,1.79
9103,5418,2026-04-15,5992000.0,Expired,89,-0.17
9104,6005,2023-08-23,15500000.0,Active,128,-0.46
9105,690,2023-12-07,14191000.0,Active,5,-0.98
9106,2623,2025-06-03,11926000.0,Sold,99,-4.71
9107,5604,2024-02-27,4298000.0,Sold,116,-3.46
9108,2213,2026-07-05,8011000.0,Sold,100,-0.43
9109,6121,2025-09-29,10520000.0,Active,117,-0.38
9110,5819,2023-09-17,4273000.0,Expired,69,-2.75
9111,383,2025-12-21,9514000.0,Withdrawn,182,2.35
9112,2257,2024-11-15,7841000.0,Sold,102,0.04
9113,3811,2023-09-21,12681000.0,Active,87,-3.2
9114,3504,2025-08-01,7847000.0,Active,80,-0.41
9115,1413,2026-07-30,12555000.0,Sold,131,1.89
9116,1584,2025-08-14,16336000.0,Sold,88,-0.72
9117,6368,2024-06-28,11195000.0,Active,151,3.84
9118,6147,2025-12-24,5357000.0,Sold,157,3.25
9119,372,2024-06-13,9390000.0,Sold,79,0.67
9120,5807,2026-01-15,10641000.0,Sold,59,-2.32
9121,5566,2025-02-04,14418000.0,Expired,128,2.94
9122,611,2025-12-21,12710000.0,Sold,29,0.4
9123,116,2026-02-26,8693000.0,Active,42,-1.35
9124,7438,2024-02-26,6694000.0,Active,107,0.97
9125,447,2026-03-18,10617000.0,Active,38,-4.0
9126,1392,2025-10-10,8353000.0,Active,108,-0.81
9127,3325,2025-02-11,9896000.0,Sold,169,-0.28
9128,1341,2025-02-13,13693000.0,Sold,126,-2.23
9129,4511,2024-11-18,11240000.0,Sold,134,-1.78
9130,7263,2026-03-23,18943000.0,Withdrawn,155,-2.24
9131,5905,2025-12-23,9665000.0,Sold,48,-2.53
9132,2940,2024-04-21,9483000.0,Sold,62,1.0
9133,5144,2026-06-18,9484000.0,Expired,59,0.29
9134,3700,2025-10-11,15058000.0,Sold,7,-0.42
9135,6807,2023-11-11,8042000.0,Sold,132,-3.15
9136,5970,2026-05-26,12041000.0,Active,102,-0.14
9137,1074,2023-10-19,19368000.0,Sold,37,-2.63
9138,7670,2024-07-18,24602000.0,Active,5,-3.53
9139,4814,2025-03-03,17834000.0,Expired,30,-0.04
9140,3570,2024-07-10,15448000.0,Sold,144,-1.8
9141,5455,2024-05-09,10345000.0,Sold,44,-3.07
9142,3151,2025-12-12,6804000.0,Active,5,-0.3
9143,1606,2026-08-01,13228000.0,Sold,126,1.2
9144,7195,2025-05-05,9599000.0,Sold,47,-0.41
9145,6415,2025-02-05,6152000.0,Active,132,-0.98
9146,4658,2026-07-05,17092000.0,Sold,80,-1.85
9147,6948,2024-10-04,10036000.0,Active,86,2.15
9148,2295,2025-10-12,19467000.0,Active,116,3.77
9149,7944,2024-06-01,10854000.0,Active,64,-5.62
9150,3663,2023-12-26,7846000.0,Active,55,0.47
9151,4483,2023-12-31,8682000.0,Sold,109,-2.67
9152,4798,2025-11-29,12948000.0,Withdrawn,69,-3.99
9153,6703,2023-09-25,10623000.0,Active,90,-0.31
9154,5069,2026-01-24,16104000.0,Active,5,-2.48
9155,5481,2026-03-06,9119000.0,Expired,5,1.87
9156,984,2025-01-18,12699000.0,Expired,84,-2.31
9157,5608,2025-01-08,12039000.0,Active,70,-5.06
9158,352,2025-06-05,20148000.0,Sold,12,-1.11
9159,1725,2025-10-09,11686000.0,Sold,90,-3.93
9160,1952,2025-09-16,10135000.0,Active,109,4.15
9161,1280,2024-04-26,6595000.0,Expired,67,-1.92
9162,7390,2024-01-01,6583000.0,Expired,182,-3.94
9163,1908,2026-07-12,16209000.0,Expired,53,3.44
9164,4849,2024-09-14,14203000.0,Sold,126,-4.12
9165,6925,2025-09-16,8815000.0,Active,29,-0.94
9166,1025,2024-07-23,10542000.0,Withdrawn,60,-2.51
9167,546,2023-08-28,11170000.0,Sold,5,-3.27
9168,5566,2023-10-21,14418000.0,Sold,82,1.71
9169,4175,2025-09-09,14619000.0,Active,5,-2.85
9170,5356,2023-12-15,13979000.0,Sold,92,-4.14
9171,2382,2023-11-07,6478000.0,Active,56,-1.0
9172,889,2025-03-20,10603000.0,Sold,27,-4.97
9173,7517,2024-12-22,8208000.0,Sold,91,-4.74
9174,7266,2025-11-20,13940000.0,Active,77,-1.49
9175,1106,2024-07-23,18979000.0,Withdrawn,88,2.98
9176,2550,2025-09-28,20705000.0,Active,34,-4.01
9177,1991,2026-03-29,8473000.0,Expired,88,-3.46
9178,5597,2025-02-11,12720000.0,Active,138,-2.02
9179,3999,2024-07-29,11762000.0,Active,97,-0.56
9180,3776,2025-04-07,7729000.0,Active,39,-1.37
9181,2813,2023-11-28,19340000.0,Sold,135,-3.45
9182,921,2023-11-14,18243000.0,Active,89,-3.16
9183,4646,2024-08-01,10771000.0,Active,91,3.0
9184,2062,2026-01-25,13873000.0,Active,125,-1.98
9185,4488,2023-09-15,14161000.0,Sold,5,-1.1
9186,7515,2024-04-15,13107000.0,Sold,80,-0.85
9187,6454,2026-03-16,12923000.0,Expired,143,-1.83
9188,6530,2023-12-25,13194000.0,Sold,5,-4.42
9189,7377,2024-08-31,11626000.0,Sold,124,-1.9
9190,5477,2026-03-25,7933000.0,Sold,5,-3.63
9191,5070,2024-02-19,16896000.0,Sold,119,-3.55
9192,7769,2024-10-27,18546000.0,Sold,103,-0.2
9193,3640,2025-04-17,16784000.0,Sold,66,-0.97
9194,3166,2025-05-01,5004000.0,Active,97,-0.99
9195,7261,2023-08-30,18156000.0,Active,57,-1.27
9196,4436,2024-08-31,12681000.0,Withdrawn,48,-4.0
9197,2645,2023-12-04,8404000.0,Active,113,-1.43
9198,7613,2023-10-05,15737000.0,Withdrawn,106,0.2
9199,4853,2026-07-22,17377000.0,Active,159,0.24
9200,1046,2026-02-09,15875000.0,Sold,171,3.48
9201,6435,2025-01-04,14681000.0,Sold,110,1.72
9202,3557,2025-08-11,5104000.0,Active,106,-0.05
9203,7952,2024-03-05,8151000.0,Sold,48,-3.53
9204,6450,2024-08-08,6272000.0,Expired,89,-2.43
9205,2682,2024-04-23,10622000.0,Active,137,-2.15
9206,3200,2026-03-27,21975000.0,Active,91,-8.65
9207,6769,2024-02-22,6870000.0,Expired,46,1.64
9208,939,2024-03-20,19916000.0,Sold,73,-4.1
9209,7441,2025-08-03,19757000.0,Sold,50,1.42
9210,4944,2023-11-10,11866000.0,Sold,83,-3.55
9211,442,2025-08-15,4785000.0,Active,151,-0.92
9212,2551,2026-07-01,14089000.0,Active,62,0.69
9213,4226,2024-02-29,15460000.0,Withdrawn,123,-3.19
9214,7300,2026-03-09,17447000.0,Expired,62,-7.81
9215,597,2025-08-04,11869000.0,Active,145,-3.01
9216,6055,2025-04-24,15101000.0,Active,81,2.6
9217,1506,2026-03-05,13731000.0,Sold,30,0.66
9218,862,2026-02-17,13647000.0,Withdrawn,60,-5.51
9219,7558,2024-07-26,23644000.0,Active,84,-5.86
9220,2641,2023-11-09,11458000.0,Sold,40,1.21
9221,5095,2026-05-19,8601000.0,Sold,71,-1.44
9222,6469,2024-06-18,20653000.0,Active,72,-0.09
9223,7237,2025-06-25,5579000.0,Active,62,-6.96
9224,3732,2023-11-18,6854000.0,Active,112,3.92
9225,6592,2025-09-30,3893000.0,Sold,39,-7.23
9226,1552,2026-01-30,11554000.0,Expired,138,2.69
9227,6963,2023-09-28,13067000.0,Expired,132,-3.53
9228,5737,2025-01-11,15324000.0,Sold,174,4.79
9229,3237,2024-01-23,11942000.0,Sold,40,-1.45
9230,5608,2025-02-08,12039000.0,Active,119,-3.24
9231,1737,2023-09-28,11224000.0,Expired,77,0.87
9232,6853,2025-11-11,8372000.0,Sold,60,-4.12
9233,1450,2024-09-22,17064000.0,Expired,40,-2.37
9234,7865,2025-09-20,8199000.0,Sold,147,-0.45
9235,5954,2025-05-07,7712000.0,Expired,113,-5.09
9236,265,2025-04-15,5657000.0,Sold,161,-0.76
9237,2660,2024-12-07,8677000.0,Sold,120,0.68
9238,7510,2026-02-28,7141000.0,Sold,31,-1.28
9239,6976,2024-03-31,13954000.0,Sold,114,-3.71
9240,7894,2025-09-08,9115000.0,Active,63,-1.43
9241,7446,2026-04-15,7459000.0,Sold,79,-2.94
9242,2722,2024-04-26,12570000.0,Active,11,0.22
9243,1463,2026-07-07,13373000.0,Expired,43,1.59
9244,4253,2024-09-20,6676000.0,Active,66,4.35
9245,1446,2023-12-20,13925000.0,Active,5,-1.91
9246,2299,2024-11-02,12397000.0,Withdrawn,95,-3.18
9247,2926,2024-03-12,13039000.0,Sold,79,-4.06
9248,1633,2024-01-11,10586000.0,Sold,31,-3.76
9249,6674,2026-07-22,13289000.0,Expired,72,-1.12
9250,2375,2023-09-28,9151000.0,Withdrawn,80,-2.9
9251,7105,2026-03-01,11542000.0,Active,33,1.2
9252,4991,2025-05-12,13388000.0,Active,66,-2.5
9253,6241,2024-10-07,5339000.0,Active,107,1.79
9254,513,2023-12-28,20623000.0,Withdrawn,5,-6.05
9255,216,2024-05-13,17077000.0,Sold,94,-2.37
9256,7300,2026-04-08,17447000.0,Active,103,-3.27
9257,3332,2024-09-21,7317000.0,Active,56,-3.88
9258,2173,2023-11-09,6372000.0,Sold,126,-0.08
9259,3154,2025-10-27,8943000.0,Active,49,-4.48
9260,7451,2024-08-24,17224000.0,Active,85,-1.5
9261,1707,2024-04-02,14525000.0,Expired,78,-2.3
9262,2107,2025-08-09,18554000.0,Expired,16,-0.58
9263,1568,2023-09-21,13110000.0,Sold,91,-0.45
9264,2209,2024-10-26,8991000.0,Withdrawn,53,-5.63
9265,2332,2024-03-29,16136000.0,Expired,69,-4.21
9266,2154,2026-03-24,14829000.0,Active,130,4.14
9267,1129,2026-06-08,16224000.0,Expired,146,-3.41
9268,3511,2026-02-20,15287000.0,Sold,85,-1.36
9269,4324,2026-02-11,15080000.0,Active,92,-1.81
9270,7868,2024-01-31,15504000.0,Sold,133,-3.63
9271,3654,2026-07-24,8195000.0,Sold,172,-0.92
9272,2366,2025-01-24,16156000.0,Sold,103,3.83
9273,5584,2023-11-30,13878000.0,Active,214,-1.48
9274,4898,2026-02-28,6256000.0,Active,116,-5.0
9275,5719,2024-08-24,12498000.0,Active,81,-2.93
9276,6002,2025-07-12,8578000.0,Sold,85,-1.25
9277,2922,2024-11-21,8056000.0,Withdrawn,34,3.38
9278,4568,2024-08-23,14227000.0,Active,34,1.07
9279,1080,2024-05-05,14337000.0,Sold,5,2.19
9280,6769,2023-10-13,6870000.0,Active,5,6.58
9281,6157,2026-01-07,15608000.0,Sold,5,3.08
9282,3512,2024-04-22,14748000.0,Expired,134,2.1
9283,5138,2026-07-29,15392000.0,Expired,60,-0.64
9284,2742,2026-07-02,19954000.0,Sold,52,2.0
9285,3021,2024-09-19,6628000.0,Sold,29,-0.81
9286,6257,2024-06-19,14366000.0,Expired,108,0.56
9287,229,2024-04-18,8244000.0,Active,42,-3.92
9288,171,2023-12-08,13987000.0,Active,97,2.27
9289,295,2024-08-04,14129000.0,Sold,29,0.87
9290,4285,2025-02-22,6486000.0,Withdrawn,43,0.66
9291,426,2025-09-28,13848000.0,Expired,35,-1.08
9292,5073,2023-09-19,4343000.0,Sold,87,1.3
9293,5199,2025-04-16,11540000.0,Sold,46,-4.78
9294,6802,2023-12-09,11724000.0,Active,38,3.25
9295,919,2024-01-22,10493000.0,Sold,43,1.36
9296,3254,2024-10-06,12689000.0,Active,97,-0.52
9297,499,2024-09-18,4255000.0,Active,152,-4.42
9298,5918,2023-11-29,5973000.0,Active,59,4.2
9299,2810,2024-07-24,16278000.0,Sold,5,-2.9
9300,4962,2025-03-11,9884000.0,Sold,111,-4.18
9301,826,2025-07-30,3161000.0,Active,123,5.01
9302,3780,2024-06-08,11934000.0,Withdrawn,137,-0.43
9303,1859,2024-09-20,12715000.0,Withdrawn,77,1.18
9304,2119,2026-07-12,13484000.0,Active,145,2.57
9305,6392,2025-12-23,6762000.0,Expired,157,-0.32
9306,146,2024-04-22,8957000.0,Expired,112,-6.59
9307,5738,2024-05-26,10416000.0,Expired,115,-2.9
9308,7943,2025-07-13,8094000.0,Active,66,-5.02
9309,5416,2026-08-03,10501000.0,Expired,71,-0.87
9310,6726,2026-03-27,4777000.0,Sold,90,-0.91
9311,4566,2024-09-18,10740000.0,Expired,105,-5.15
9312,3578,2025-10-13,9740000.0,Withdrawn,72,-1.66
9313,193,2025-10-24,12215000.0,Sold,97,-6.05
9314,5188,2026-06-26,16853000.0,Expired,5,-0.48
9315,6638,2024-10-18,12067000.0,Sold,47,-3.84
9316,3889,2025-11-11,7463000.0,Active,109,0.08
9317,52,2025-07-24,25735000.0,Expired,68,-1.15
9318,7026,2023-10-23,8663000.0,Active,78,2.15
9319,2411,2025-02-20,15119000.0,Sold,76,-1.33
9320,1821,2025-12-03,16318000.0,Active,19,-2.26
9321,2965,2026-05-18,16796000.0,Withdrawn,24,-6.12
9322,2522,2023-09-12,6510000.0,Withdrawn,120,2.56
9323,1870,2024-04-10,9959000.0,Sold,82,-2.26
9324,2569,2023-08-22,14887000.0,Sold,120,-1.99
9325,5883,2024-10-04,15421000.0,Sold,65,-3.19
9326,5551,2024-09-04,10127000.0,Active,49,-5.11
9327,1868,2025-06-07,12715000.0,Active,80,0.92
9328,7466,2025-04-11,10521000.0,Active,116,-2.13
9329,7603,2025-06-11,14990000.0,Active,80,-1.59
9330,7864,2024-11-06,12075000.0,Sold,69,-4.24
9331,2739,2023-09-06,9916000.0,Active,89,-1.54
9332,3270,2025-05-31,10202000.0,Sold,5,-3.87
9333,3200,2026-03-10,21975000.0,Active,138,-2.29
9334,2580,2025-12-06,10598000.0,Active,103,-4.02
9335,6104,2023-09-24,7927000.0,Active,114,-2.65
9336,5531,2026-07-17,12239000.0,Expired,83,-7.58
9337,4006,2023-12-29,21388000.0,Sold,106,-5.03
9338,4936,2026-08-01,14296000.0,Expired,142,3.39
9339,7233,2025-05-14,12661000.0,Active,73,-0.15
9340,7862,2024-02-13,15018000.0,Withdrawn,58,-5.1
9341,241,2026-01-28,12300000.0,Sold,45,-1.36
9342,3441,2025-01-06,11301000.0,Sold,56,2.99
9343,4632,2025-07-14,7808000.0,Sold,49,1.95
9344,1408,2026-01-15,11613000.0,Active,66,0.26
9345,3503,2024-06-22,9175000.0,Active,53,-4.43
9346,4039,2023-12-01,13520000.0,Withdrawn,157,-5.2
9347,83,2024-10-22,8855000.0,Active,59,0.17
9348,5078,2024-02-10,16218000.0,Withdrawn,137,1.23
9349,7999,2024-01-26,16574000.0,Active,76,-1.92
9350,3769,2025-07-18,18971000.0,Sold,125,1.73
9351,951,2025-03-06,13685000.0,Active,143,-1.18
9352,7996,2026-06-21,8854000.0,Sold,72,-4.22
9353,611,2026-08-10,12710000.0,Expired,45,-5.32
9354,4670,2025-10-31,8400000.0,Active,106,-3.24
9355,6430,2025-08-27,11941000.0,Expired,53,0.97
9356,5085,2024-09-01,10771000.0,Withdrawn,126,7.11
9357,3606,2025-03-31,18073000.0,Sold,11,0.01
9358,4555,2025-11-11,10846000.0,Active,117,-0.7
9359,3284,2025-07-17,7054000.0,Expired,69,-2.12
9360,2174,2026-02-16,11906000.0,Sold,77,-4.23
9361,3485,2025-07-20,8654000.0,Active,44,-0.69
9362,1523,2025-12-26,13187000.0,Sold,96,-3.47
9363,6569,2024-02-16,9952000.0,Sold,77,3.58
9364,2602,2024-01-22,11090000.0,Sold,112,-1.68
9365,2658,2023-08-23,12423000.0,Active,90,1.88
9366,6081,2026-03-03,21969000.0,Sold,80,-2.78
9367,5663,2026-06-21,13224000.0,Active,32,-1.29
9368,7326,2026-07-28,10015000.0,Sold,53,-5.43
9369,2160,2023-11-16,7979000.0,Sold,72,-3.05
9370,2450,2023-09-21,11763000.0,Active,44,-2.08
9371,3831,2024-04-25,11887000.0,Withdrawn,73,-2.6
9372,122,2025-12-25,5440000.0,Sold,85,2.06
9373,4369,2024-08-25,10373000.0,Active,40,-1.27
9374,1318,2024-06-26,11502000.0,Active,115,2.8
9375,4494,2024-10-05,14436000.0,Active,66,-4.51
9376,2519,2024-07-08,13491000.0,Sold,59,1.54
9377,5081,2024-05-22,6938000.0,Active,65,0.3
9378,1231,2025-12-27,9206000.0,Active,72,-4.26
9379,1134,2025-10-19,11210000.0,Sold,91,-0.99
9380,7608,2025-10-06,17068000.0,Active,52,-1.63
9381,1302,2025-11-14,10072000.0,Active,65,2.73
9382,4035,2023-12-24,12437000.0,Sold,109,-3.88
9383,7736,2026-05-09,17823000.0,Expired,127,-2.22
9384,1911,2026-06-10,16125000.0,Expired,86,1.36
9385,6713,2026-06-12,16702000.0,Active,189,0.41
9386,1506,2024-08-23,13731000.0,Sold,69,-2.2
9387,7971,2023-10-29,12333000.0,Active,39,0.41
9388,3186,2024-07-10,13602000.0,Sold,119,-4.8
9389,1917,2025-05-17,15871000.0,Expired,5,-8.51
9390,7041,2024-09-12,12857000.0,Active,94,0.27
9391,4916,2026-07-04,10977000.0,Active,58,0.8
9392,6997,2026-07-08,16747000.0,Withdrawn,59,-3.03
9393,3549,2023-10-13,23174000.0,Sold,146,-1.98
9394,2758,2025-07-08,9385000.0,Sold,12,-6.0
9395,1957,2026-04-29,13565000.0,Withdrawn,77,-1.56
9396,6465,2026-07-29,6005000.0,Expired,16,-0.87
9397,179,2025-10-15,13766000.0,Sold,83,1.14
9398,897,2024-09-06,15065000.0,Sold,90,-5.94
9399,6363,2025-01-16,10742000.0,Sold,78,-1.15
9400,6933,2026-07-22,7862000.0,Active,101,-1.36
9401,6069,2024-11-27,5286000.0,Sold,155,1.64
9402,1552,2026-05-21,11554000.0,Sold,40,-6.34
9403,492,2024-01-15,10263000.0,Expired,178,-1.13
9404,61,2024-12-24,7359000.0,Expired,64,-3.24
9405,1078,2024-01-19,14134000.0,Sold,60,-9.56
9406,5800,2024-05-24,15084000.0,Sold,23,1.78
9407,6682,2024-11-14,12368000.0,Sold,52,-3.31
9408,2896,2023-11-29,6967000.0,Sold,96,0.81
9409,7132,2026-06-30,6537000.0,Expired,5,3.46
9410,4161,2025-06-18,11715000.0,Active,47,-2.96
9411,3684,2025-04-30,17081000.0,Sold,95,-0.89
9412,586,2026-06-15,14346000.0,Sold,62,-5.01
9413,5824,2024-06-01,14029000.0,Withdrawn,81,2.39
9414,6315,2023-10-21,10963000.0,Sold,32,-4.31
9415,7441,2025-03-13,19757000.0,Withdrawn,171,1.19
9416,3961,2024-06-04,12049000.0,Sold,126,3.93
9417,3771,2024-12-03,2356000.0,Sold,165,-3.42
9418,535,2024-07-10,18299000.0,Sold,50,-4.31
9419,3463,2023-10-04,10233000.0,Active,29,-4.35
9420,4012,2026-02-21,12990000.0,Withdrawn,46,-7.16
9421,6837,2024-11-20,9562000.0,Sold,91,0.97
9422,3399,2024-12-13,11686000.0,Sold,92,-3.12
9423,2156,2023-12-21,8241000.0,Sold,115,-3.33
9424,5967,2023-10-23,13393000.0,Expired,148,-1.73
9425,7330,2024-11-30,10194000.0,Active,33,-3.56
9426,6958,2024-02-19,9661000.0,Expired,85,2.15
9427,1005,2024-09-20,21371000.0,Withdrawn,44,-6.52
9428,2500,2024-08-21,11450000.0,Active,40,1.87
9429,5326,2026-05-11,15028000.0,Sold,51,0.44
9430,6734,2024-03-28,5090000.0,Active,66,-5.36
9431,5136,2025-08-10,12228000.0,Sold,107,-0.98
9432,327,2024-03-13,20399000.0,Sold,211,-1.94
9433,4704,2025-11-11,16708000.0,Sold,42,-4.8
9434,2707,2024-12-25,10492000.0,Sold,68,-1.87
9435,2,2024-03-11,14731000.0,Active,17,-3.49
9436,1034,2024-03-11,11177000.0,Expired,32,-0.8
9437,2482,2023-09-19,7427000.0,Sold,61,-2.93
9438,125,2025-05-12,17861000.0,Withdrawn,46,3.42
9439,1105,2024-07-12,6876000.0,Withdrawn,94,-2.24
9440,6629,2023-11-03,14309000.0,Expired,83,-3.78
9441,2700,2024-09-28,12954000.0,Sold,68,-4.26
9442,1862,2025-09-02,11217000.0,Active,56,-0.58
9443,5270,2023-12-03,10762000.0,Expired,119,-2.52
9444,6944,2024-05-17,16391000.0,Active,37,-0.23
9445,2921,2026-07-26,17349000.0,Active,59,-5.05
9446,7508,2025-06-23,16623000.0,Sold,141,-4.85
9447,129,2024-09-07,15187000.0,Active,82,4.6
9448,438,2025-04-13,12677000.0,Expired,22,-6.71
9449,4847,2025-04-18,13250000.0,Active,103,-7.58
9450,2549,2025-04-17,17466000.0,Expired,61,-0.04
9451,3130,2024-12-20,35065000.0,Withdrawn,47,-4.81
9452,1222,2025-06-22,15452000.0,Sold,132,-5.75
9453,6355,2024-04-07,12947000.0,Sold,53,-4.71
9454,902,2026-03-06,8438000.0,Active,76,3.55
9455,6189,2025-11-11,14122000.0,Active,99,0.41
9456,3169,2025-06-27,14975000.0,Sold,97,-0.15
9457,5399,2026-05-06,11251000.0,Sold,43,-1.79
9458,6679,2023-09-17,7855000.0,Active,58,-5.73
9459,5530,2026-05-21,9039000.0,Expired,47,-3.79
9460,6605,2025-12-03,17584000.0,Active,147,-3.51
9461,4487,2026-06-28,16510000.0,Active,56,3.07
9462,3919,2024-02-15,14997000.0,Active,69,-6.27
9463,1068,2025-05-22,6246000.0,Active,20,-1.42
9464,27,2025-08-03,16099000.0,Withdrawn,70,-0.87
9465,6938,2026-07-24,14427000.0,Sold,82,0.35
9466,7265,2024-12-07,10821000.0,Sold,105,-3.79
9467,7119,2023-12-17,14206000.0,Expired,5,-4.14
9468,548,2026-01-26,25812000.0,Sold,52,-5.74
9469,2669,2025-12-23,8251000.0,Active,93,-6.22
9470,567,2026-06-18,20401000.0,Sold,99,2.56
9471,704,2024-06-27,6571000.0,Expired,100,-2.21
9472,5339,2024-06-19,11851000.0,Active,102,0.26
9473,4281,2024-11-10,12947000.0,Active,10,-2.59
9474,3141,2026-06-17,20156000.0,Sold,54,2.13
9475,7997,2025-01-26,9777000.0,Active,174,0.15
9476,7298,2024-05-30,8944000.0,Sold,45,-2.99
9477,1591,2025-04-19,15252000.0,Active,80,2.19
9478,6010,2024-09-12,12480000.0,Active,5,-1.79
9479,7777,2024-02-21,13849000.0,Active,56,0.52
9480,4944,2026-05-01,11866000.0,Active,114,-2.13
9481,4695,2025-04-19,15832000.0,Active,88,-2.53
9482,806,2026-05-26,7201000.0,Sold,150,-4.01
9483,7799,2023-10-22,16905000.0,Active,92,-1.54
9484,3792,2025-09-03,18114000.0,Sold,173,3.66
9485,1358,2025-07-31,10068000.0,Sold,111,1.01
9486,3226,2026-08-18,13569000.0,Sold,133,-2.66
9487,3619,2026-06-18,17250000.0,Sold,91,2.43
9488,2127,2024-05-17,18168000.0,Withdrawn,40,-6.02
9489,6723,2026-08-02,6736000.0,Active,34,-6.15
9490,5975,2026-07-12,9665000.0,Sold,104,4.22
9491,2461,2025-05-17,8603000.0,Sold,5,-2.8
9492,546,2024-02-06,11170000.0,Withdrawn,61,1.3
9493,5729,2025-01-14,9597000.0,Expired,33,-2.11
9494,6313,2023-09-06,7709000.0,Active,74,2.3
9495,2729,2025-05-16,4496000.0,Expired,111,-4.79
9496,3735,2026-04-15,14172000.0,Active,45,-5.55
9497,6727,2025-03-06,11413000.0,Active,66,-2.5
9498,2563,2023-12-29,10511000.0,Sold,5,-1.66
9499,7482,2024-01-25,16129000.0,Expired,69,3.5
9500,2080,2024-08-31,12742000.0,Sold,53,-4.06
9501,6431,2024-08-21,10268000.0,Sold,37,0.7
9502,2642,2026-02-17,11093000.0,Withdrawn,15,-1.77
9503,3115,2024-05-20,11899000.0,Active,65,-4.59
9504,1927,2025-03-21,12615000.0,Active,88,-0.17
9505,617,2026-03-17,7614000.0,Active,63,-0.7
9506,7169,2024-08-07,9854000.0,Expired,80,-2.11
9507,3645,2024-08-19,17536000.0,Withdrawn,86,-2.07
9508,6414,2023-09-01,11580000.0,Active,49,-3.03
9509,1204,2024-03-10,15392000.0,Sold,16,-3.04
9510,1760,2026-05-30,15689000.0,Sold,52,-2.25
9511,2566,2026-03-29,14265000.0,Expired,25,-3.07
9512,3175,2025-04-04,13940000.0,Expired,86,-1.5
9513,3082,2024-11-10,16639000.0,Active,14,-4.25
9514,2631,2026-02-17,10186000.0,Sold,102,-0.92
9515,3162,2023-12-27,9970000.0,Sold,138,-2.81
9516,4322,2025-12-02,18503000.0,Withdrawn,59,-1.82
9517,670,2023-12-31,8242000.0,Expired,48,1.83
9518,5860,2026-02-24,12284000.0,Active,110,-1.45
9519,5013,2026-01-03,12740000.0,Active,79,3.12
9520,6270,2025-03-21,11827000.0,Active,5,-0.37
9521,7100,2025-12-20,7661000.0,Active,82,-1.55
9522,7377,2024-03-10,11626000.0,Expired,5,-5.03
9523,3169,2026-03-15,14975000.0,Active,75,-1.01
9524,2122,2026-01-23,11701000.0,Active,125,1.19
9525,7795,2025-12-12,7799000.0,Sold,5,-1.88
9526,5311,2026-04-12,17317000.0,Expired,80,-2.55
9527,4079,2026-03-08,10010000.0,Active,15,0.4
9528,5802,2024-08-25,21372000.0,Withdrawn,35,3.44
9529,5939,2023-09-05,7997000.0,Sold,60,-2.87
9530,6080,2024-12-06,19842000.0,Active,87,3.15
9531,7884,2024-04-16,8437000.0,Active,90,1.81
9532,4152,2023-09-05,21911000.0,Sold,81,0.14
9533,720,2025-08-24,8919000.0,Sold,105,-2.69
9534,2601,2024-04-22,15336000.0,Active,5,0.33
9535,6176,2023-10-17,9686000.0,Active,146,-2.07
9536,3599,2025-04-26,9601000.0,Active,143,-3.86
9537,4670,2025-03-19,8400000.0,Sold,89,-5.54
9538,667,2023-09-09,13454000.0,Withdrawn,101,-3.83
9539,284,2025-11-05,10113000.0,Active,77,-0.95
9540,5841,2025-07-18,9405000.0,Sold,104,2.62
9541,3904,2025-01-09,8003000.0,Sold,38,-4.38
9542,3566,2024-11-02,9242000.0,Sold,49,4.83
9543,2235,2024-01-22,11281000.0,Active,108,0.73
9544,4594,2025-09-12,13536000.0,Sold,59,-4.11
9545,1466,2023-10-30,8592000.0,Active,64,1.43
9546,130,2026-03-25,11140000.0,Active,77,1.79
9547,4735,2024-01-01,11863000.0,Sold,20,-4.06
9548,7460,2023-09-08,5625000.0,Sold,53,-0.35
9549,6258,2023-09-02,16182000.0,Withdrawn,86,0.67
9550,7367,2025-02-06,7929000.0,Sold,31,0.26
9551,2061,2023-12-09,16535000.0,Sold,101,-0.64
9552,7439,2025-01-03,12818000.0,Active,114,-1.51
9553,3673,2025-06-09,13476000.0,Expired,101,3.64
9554,7383,2026-07-27,13809000.0,Active,108,0.66
9555,6588,2024-07-06,33622500.0,Expired,99,-2.27
9556,7958,2026-05-14,12132000.0,Sold,39,0.91
9557,7680,2024-07-20,15168000.0,Sold,68,-0.34
9558,2495,2026-06-11,11074000.0,Expired,20,-2.27
9559,5082,2024-06-18,14889000.0,Expired,69,-2.19
9560,993,2026-03-08,14985000.0,Active,149,-2.67
9561,6859,2025-05-28,9281000.0,Active,47,-2.96
9562,2122,2026-08-07,11701000.0,Withdrawn,19,-5.66
9563,2585,2023-12-25,9169000.0,Active,104,-3.43
9564,4197,2024-07-24,6130000.0,Active,48,-0.32
9565,2224,2025-02-28,7707000.0,Sold,49,-1.17
9566,4523,2026-01-11,11390000.0,Expired,106,4.76
9567,3189,2025-01-17,16416000.0,Active,40,-2.05
9568,3238,2025-04-16,15055000.0,Sold,5,1.61
9569,4137,2024-07-19,20830000.0,Sold,41,0.81
9570,4525,2023-12-25,10031000.0,Active,118,-0.34
9571,344,2025-09-16,13455000.0,Expired,71,-2.58
9572,7592,2025-07-14,19020000.0,Active,94,-3.67
9573,4462,2025-11-13,13179000.0,Expired,58,-6.12
9574,7288,2024-10-01,18638000.0,Active,92,-3.2
9575,4705,2025-02-12,11349000.0,Active,109,2.44
9576,6801,2025-06-16,12781000.0,Active,55,0.24
9577,4824,2025-06-07,16604000.0,Sold,99,2.71
9578,2277,2025-01-07,9110000.0,Withdrawn,124,-0.13
9579,4921,2024-02-15,19294000.0,Sold,94,-1.07
9580,3202,2024-10-06,13498000.0,Sold,56,3.12
9581,5472,2025-11-04,8424000.0,Withdrawn,32,2.72
9582,889,2024-04-24,10603000.0,Expired,109,-2.38
9583,2044,2025-10-12,12797000.0,Sold,23,3.05
9584,1342,2024-04-15,15841000.0,Sold,5,-0.66
9585,7128,2026-07-10,9113000.0,Sold,134,-3.0
9586,3721,2026-06-23,15303000.0,Sold,33,-0.8
9587,2884,2025-02-05,19373000.0,Sold,12,-3.82
9588,7505,2023-10-06,15294000.0,Sold,133,4.4
9589,5393,2025-08-30,2598000.0,Active,34,-7.34
9590,4213,2025-07-15,6768000.0,Sold,93,3.53
9591,6962,2023-11-14,9198000.0,Active,79,-3.96
9592,2416,2025-08-19,13720000.0,Sold,71,-0.14
9593,1118,2023-10-03,14470000.0,Expired,105,1.16
9594,4264,2024-11-10,9170000.0,Sold,46,-1.98
9595,3002,2025-12-05,12166000.0,Expired,122,-0.5
9596,1739,2025-09-06,12241000.0,Expired,121,-2.73
9597,1365,2026-07-24,12054000.0,Expired,78,-5.71
9598,2709,2026-05-28,10878000.0,Withdrawn,134,-3.34
9599,4791,2024-06-06,6423000.0,Active,23,-4.92
9600,925,2025-09-09,6331000.0,Active,48,1.66
9601,152,2024-07-22,10477000.0,Expired,51,-0.4
9602,586,2023-09-12,14346000.0,Active,99,-1.18
9603,913,2024-12-23,6256000.0,Active,51,-5.0
9604,2322,2025-03-10,15393000.0,Active,47,-0.79
9605,5674,2026-03-15,9367000.0,Active,21,-1.73
9606,496,2024-01-31,10058000.0,Active,5,-3.45
9607,3796,2025-05-13,12242000.0,Expired,58,0.94
9608,2149,2025-02-25,8141000.0,Active,47,0.41
9609,557,2024-10-14,21977000.0,Sold,41,-5.69
9610,5202,2025-09-19,14775000.0,Withdrawn,92,-9.01
9611,1553,2023-11-22,11671000.0,Withdrawn,76,1.6
9612,2121,2025-07-13,6845000.0,Sold,83,-0.64
9613,3086,2024-12-04,9788000.0,Active,5,0.99
9614,3505,2026-06-07,12912000.0,Withdrawn,91,-2.12
9615,157,2026-01-24,7835000.0,Active,32,-2.05
9616,735,2025-07-07,7510000.0,Sold,5,-4.72
9617,6276,2025-05-19,18952000.0,Active,5,1.74
9618,7506,2025-01-16,15303000.0,Sold,118,3.0
9619,7163,2023-08-28,17255000.0,Active,55,-7.55
9620,5524,2025-09-04,15967000.0,Active,105,-1.22
9621,7544,2024-03-10,18084000.0,Sold,59,0.51
9622,4655,2024-05-06,15620000.0,Withdrawn,113,0.37
9623,6251,2025-11-18,14924000.0,Sold,104,-6.95
9624,7788,2024-12-15,15932000.0,Withdrawn,43,1.64
9625,6409,2025-10-26,9432000.0,Sold,106,-3.45
9626,3277,2024-04-11,21751000.0,Sold,128,-0.71
9627,7247,2024-05-19,12976000.0,Sold,39,-4.1
9628,155,2023-10-08,13593000.0,Sold,94,4.75
9629,7951,2024-04-14,10188000.0,Active,43,-2.26
9630,7132,2023-11-10,6537000.0,Sold,93,-6.89
9631,997,2026-08-14,11994000.0,Sold,51,-0.07
9632,2295,2024-03-18,19467000.0,Active,13,-5.98
9633,4627,2023-11-10,13423000.0,Sold,92,-4.48
9634,2906,2024-08-31,13293000.0,Sold,109,-0.2
9635,6068,2025-08-27,10746000.0,Sold,85,-2.2
9636,6682,2025-10-12,12368000.0,Sold,14,0.43
9637,4825,2026-01-18,4772000.0,Expired,110,-2.77
9638,1178,2025-11-18,13283000.0,Sold,76,-4.59
9639,154,2024-01-23,8642000.0,Sold,144,-2.84
9640,7854,2024-01-03,10802000.0,Sold,72,-0.75
9641,4188,2023-12-17,20924000.0,Sold,90,2.0
9642,7601,2026-08-18,18467000.0,Expired,148,-0.63
9643,6482,2025-01-06,16580000.0,Active,5,1.72
9644,5600,2026-05-30,11634000.0,Sold,5,-2.72
9645,1717,2024-02-22,11811000.0,Active,60,-3.43
9646,3203,2024-12-19,11133000.0,Sold,89,-1.42
9647,6594,2024-05-25,4859000.0,Active,101,-0.66
9648,6113,2025-04-01,16248000.0,Expired,74,2.74
9649,2858,2026-04-16,16000000.0,Withdrawn,50,-1.29
9650,787,2025-11-19,11645000.0,Active,55,-1.28
9651,4369,2025-10-31,10373000.0,Active,44,-3.84
9652,6124,2024-07-26,16031000.0,Expired,108,0.41
9653,6732,2024-06-22,11068000.0,Sold,5,-7.07
9654,4273,2026-07-11,7782000.0,Sold,47,-5.21
9655,3768,2026-06-06,10645000.0,Sold,38,-1.66
9656,2879,2026-01-05,5386000.0,Active,51,-2.56
9657,643,2024-11-19,18984000.0,Withdrawn,67,0.43
9658,5995,2024-07-19,11071000.0,Sold,100,4.88
9659,7217,2026-05-05,22975000.0,Sold,114,-1.65
9660,4663,2026-08-08,7586000.0,Active,90,0.75
9661,666,2023-10-29,15122000.0,Active,38,-1.44
9662,3427,2023-12-05,19582000.0,Active,27,-0.49
9663,3784,2024-10-27,8973000.0,Expired,95,-1.41
9664,5428,2025-03-27,17577000.0,Active,100,-2.32
9665,7012,2025-05-30,18694000.0,Active,67,-1.15
9666,3702,2024-11-05,7635000.0,Withdrawn,79,-0.58
9667,5895,2024-04-29,11377000.0,Withdrawn,88,-4.05
9668,1070,2025-07-18,15899000.0,Withdrawn,108,-1.55
9669,2350,2023-09-09,17812000.0,Sold,83,-1.05
9670,7012,2025-04-08,18694000.0,Active,38,0.7
9671,7056,2025-07-29,23230000.0,Expired,147,-0.58
9672,4504,2026-04-19,15310000.0,Sold,101,-1.51
9673,1213,2024-06-09,11851000.0,Active,119,-0.53
9674,6966,2025-04-12,12264000.0,Sold,88,-3.66
9675,5950,2023-10-08,11426000.0,Sold,56,-2.34
9676,1153,2024-07-11,10174000.0,Sold,25,-1.54
9677,6705,2025-08-21,16299000.0,Sold,71,2.75
9678,7705,2025-01-20,17716000.0,Expired,10,-8.65
9679,7434,2025-11-03,7045000.0,Sold,116,-6.35
9680,5238,2026-04-21,11164000.0,Active,71,-8.3
9681,2512,2024-11-05,18898000.0,Expired,55,-2.1
9682,144,2026-05-04,12196000.0,Expired,102,-2.15
9683,2490,2023-08-30,13244000.0,Withdrawn,23,-3.34
9684,7368,2025-03-22,17140000.0,Active,102,-3.97
9685,3229,2023-10-10,12936000.0,Expired,43,0.33
9686,4583,2025-08-31,16214000.0,Active,14,1.99
9687,4956,2026-06-19,12955000.0,Sold,52,-1.06
9688,3206,2026-04-29,12394000.0,Sold,144,-2.6
9689,6032,2025-02-27,14209000.0,Sold,11,0.89
9690,4244,2025-06-30,6505000.0,Expired,122,4.95
9691,5456,2025-11-20,8979000.0,Active,83,-1.38
9692,3143,2025-08-24,9427000.0,Expired,79,0.0
9693,3305,2024-06-23,17430000.0,Active,51,1.1
9694,1358,2026-06-24,10068000.0,Active,69,-7.05
9695,6955,2026-01-19,10642000.0,Active,179,2.15
9696,2714,2024-03-09,18488000.0,Active,58,-0.02
9697,4186,2025-03-19,12759000.0,Expired,29,2.16
9698,1358,2024-02-22,10068000.0,Sold,43,0.54
9699,4295,2023-10-30,13862000.0,Sold,82,-6.7
9700,7329,2024-03-31,18959000.0,Active,185,-2.68
9701,4634,2025-09-16,11646000.0,Active,115,-2.62
9702,3193,2023-09-26,9638000.0,Active,5,0.86
9703,301,2026-06-14,13614000.0,Active,29,-7.75
9704,724,2025-04-08,16464000.0,Active,56,2.35
9705,5695,2024-04-14,8030000.0,Active,97,-4.68
9706,3011,2026-01-21,7422000.0,Active,96,4.31
9707,5556,2026-02-19,13888000.0,Sold,5,-5.73
9708,68,2023-11-13,20774000.0,Expired,76,-3.09
9709,3837,2025-04-29,8823000.0,Sold,72,5.73
9710,3994,2025-09-13,11507000.0,Sold,50,-4.25
9711,2507,2025-03-07,10720000.0,Active,162,-4.04
9712,1538,2024-03-15,18613000.0,Sold,52,-0.11
9713,398,2026-05-14,15541000.0,Withdrawn,104,-4.04
9714,4716,2025-12-03,9839000.0,Withdrawn,149,-1.31
9715,3358,2025-05-27,19688000.0,Active,29,-7.14
9716,5681,2024-03-27,10378000.0,Active,96,-2.34
9717,1164,2025-11-12,14207000.0,Sold,62,-3.35
9718,4826,2023-08-27,13930000.0,Expired,57,-0.88
9719,556,2024-08-25,15919000.0,Active,84,-1.88
9720,6049,2025-08-01,21225000.0,Withdrawn,89,-2.54
9721,6925,2023-08-23,8815000.0,Expired,106,-8.99
9722,3662,2026-04-30,11310000.0,Sold,83,-5.05
9723,1752,2025-03-17,12959000.0,Withdrawn,59,-4.26
9724,2942,2025-11-06,22692000.0,Sold,116,-4.61
9725,2658,2024-06-18,12423000.0,Expired,111,-1.54
9726,2796,2023-12-20,11645000.0,Sold,199,0.29
9727,2330,2023-11-16,17992000.0,Sold,121,-2.24
9728,6805,2024-06-28,10324000.0,Sold,63,3.15
9729,7068,2024-11-14,6536000.0,Active,109,0.11
9730,7984,2025-05-17,13756000.0,Expired,74,0.04
9731,5092,2025-10-22,14622000.0,Sold,35,-3.7
9732,1960,2024-03-23,19956000.0,Active,97,-4.97
9733,1602,2025-09-14,14415000.0,Sold,127,1.86
9734,2794,2024-11-08,18240000.0,Expired,109,-0.57
9735,1481,2026-01-23,13272000.0,Sold,57,-2.85
9736,6231,2024-03-29,15286000.0,Expired,151,2.02
9737,1103,2024-05-02,13574000.0,Expired,55,-2.19
9738,3277,2025-10-25,21751000.0,Expired,17,-5.27
9739,6935,2025-07-31,11692000.0,Sold,90,-1.83
9740,7505,2026-04-19,15294000.0,Active,40,-2.42
9741,7422,2024-02-12,8765000.0,Active,42,3.72
9742,6448,2025-02-04,7417000.0,Expired,57,1.59
9743,5500,2025-09-20,15275000.0,Expired,35,1.39
9744,6274,2025-04-23,13658000.0,Active,16,1.11
9745,6740,2025-04-22,9880000.0,Sold,50,0.12
9746,1300,2024-09-21,21252000.0,Active,33,-3.53
9747,5819,2026-04-30,4273000.0,Active,122,-1.35
9748,6702,2025-08-11,15488000.0,Expired,70,-4.29
9749,4995,2024-03-10,12353000.0,Sold,37,-5.1
9750,5303,2025-09-12,12644000.0,Active,145,-2.03
9751,7436,2025-03-28,11968000.0,Expired,84,-3.76
9752,3880,2023-09-26,12873000.0,Active,22,-1.94
9753,7490,2024-02-27,7745000.0,Active,69,3.89
9754,1536,2024-03-26,10705000.0,Withdrawn,79,-2.29
9755,7780,2025-02-03,13049000.0,Expired,116,0.58
9756,78,2024-11-09,16128000.0,Sold,142,-0.69
9757,2832,2025-08-03,15896000.0,Sold,95,-3.22
9758,3411,2024-05-13,16692000.0,Sold,54,-0.62
9759,2722,2024-07-25,12570000.0,Sold,127,-0.91
9760,3628,2026-05-17,15826000.0,Sold,86,-3.28
9761,1533,2025-01-20,8640000.0,Withdrawn,51,-2.54
9762,238,2025-03-13,7999000.0,Sold,48,0.91
9763,5254,2024-11-04,11497000.0,Expired,5,2.64
9764,1997,2024-02-05,11690000.0,Sold,7,-1.69
9765,5312,2025-02-10,11691000.0,Sold,131,-1.16
9766,3428,2025-06-05,15065000.0,Withdrawn,70,-8.09
9767,278,2023-09-04,9957000.0,Sold,96,-0.41
9768,3090,2024-02-11,18148000.0,Active,59,-1.26
9769,524,2026-05-17,16782000.0,Expired,46,-0.67
9770,4276,2025-09-09,12016000.0,Expired,80,-4.53
9771,4219,2025-03-23,5793000.0,Active,105,-3.11
9772,5366,2023-11-05,13357000.0,Active,28,-4.49
9773,5854,2024-08-24,15340000.0,Active,101,-3.83
9774,7541,2023-09-22,9149000.0,Expired,114,-0.37
9775,3123,2025-05-25,19070000.0,Sold,88,-4.01
9776,5191,2024-11-19,23502000.0,Expired,56,-3.06
9777,4576,2025-03-30,9037000.0,Expired,168,-3.95
9778,7728,2024-02-26,14796000.0,Expired,102,1.45
9779,7187,2025-03-01,8883000.0,Active,76,-4.23
9780,1798,2024-05-12,7679000.0,Expired,83,0.21
9781,2132,2025-06-18,18884000.0,Sold,5,1.73
9782,7323,2024-04-18,14753000.0,Expired,151,0.16
9783,6709,2025-07-30,7466000.0,Active,130,-1.68
9784,6763,2024-08-14,12818000.0,Active,106,-6.11
9785,6501,2025-07-15,10062000.0,Sold,61,-2.66
9786,816,2024-04-20,12805000.0,Sold,116,-0.75
9787,2695,2025-11-26,5211000.0,Active,107,-2.01
9788,443,2023-10-22,12876000.0,Sold,75,-2.54
9789,3141,2025-04-20,20156000.0,Active,93,-0.77
9790,6667,2024-02-06,6887000.0,Active,80,1.49
9791,143,2026-07-07,15306000.0,Active,112,-1.34
9792,4288,2024-03-08,19293000.0,Sold,93,-1.82
9793,1411,2024-12-23,12708000.0,Active,81,0.36
9794,4474,2026-07-01,21928000.0,Expired,37,-2.71
9795,6725,2023-12-03,19853000.0,Active,97,-3.89
9796,535,2024-11-28,18299000.0,Sold,113,1.09
9797,1717,2024-09-04,11811000.0,Expired,197,0.53
9798,3365,2025-05-31,23419000.0,Active,51,-2.22
9799,1033,2024-05-14,11246000.0,Active,31,-5.31
9800,3343,2025-12-15,11058000.0,Sold,49,-2.07
9801,1411,2025-05-27,12708000.0,Active,72,1.11
9802,6237,2025-10-27,10695000.0,Active,70,0.0
9803,6086,2024-05-12,11713000.0,Sold,55,-2.94
9804,6673,2026-07-14,16789000.0,Sold,41,2.29
9805,5274,2024-02-27,25634000.0,Expired,5,-2.06
9806,4501,2024-12-12,16234000.0,Sold,72,-6.01
9807,6984,2025-07-13,16067000.0,Withdrawn,104,-1.9
9808,1173,2026-01-28,13281000.0,Sold,40,0.41
9809,889,2024-11-16,10603000.0,Sold,79,-1.07
9810,3339,2026-03-19,11098000.0,Expired,72,1.84
9811,4518,2023-11-21,6502000.0,Expired,146,-0.19
9812,1642,2024-12-05,10752000.0,Sold,58,1.01
9813,472,2026-04-20,9409000.0,Active,115,-5.92
9814,2941,2026-02-16,8212000.0,Active,150,-2.32
9815,547,2025-12-23,13446000.0,Sold,81,-7.07
9816,4727,2024-02-10,7025000.0,Active,64,-3.38
9817,3598,2026-08-12,13653000.0,Active,93,-4.7
9818,7671,2026-02-01,20238000.0,Active,82,0.45
9819,5134,2024-10-19,11579000.0,Sold,117,-0.13
9820,2826,2025-04-16,12936000.0,Sold,126,-3.78
9821,3724,2023-10-29,9682000.0,Sold,33,1.24
9822,5926,2025-05-12,8714000.0,Active,136,-1.78
9823,364,2024-10-15,6492000.0,Active,98,1.28
9824,2167,2023-09-29,22007000.0,Sold,75,-0.46
9825,3310,2023-11-20,15466000.0,Expired,99,2.58
9826,546,2025-09-29,11170000.0,Active,5,-4.46
9827,3241,2023-11-12,9637000.0,Active,109,2.44
9828,6666,2024-01-31,12214000.0,Sold,28,0.37
9829,4730,2026-04-18,18689000.0,Expired,5,1.62
9830,1937,2023-08-20,14301000.0,Active,113,-2.96
9831,5777,2024-07-08,6215000.0,Active,87,-1.11
9832,963,2023-12-13,7753000.0,Sold,5,-2.55
9833,3006,2026-08-03,13482000.0,Active,76,-5.37
9834,3807,2026-03-23,19905000.0,Active,59,0.6
9835,883,2023-09-29,18741000.0,Sold,5,-1.09
9836,3841,2025-04-26,8314000.0,Sold,20,2.56
9837,6924,2025-11-26,15990000.0,Expired,104,-2.57
9838,871,2024-01-07,19497000.0,Withdrawn,82,-1.26
9839,4612,2025-04-12,7491000.0,Active,45,-8.84
9840,2986,2024-07-22,9367000.0,Withdrawn,58,-8.04
9841,5517,2024-08-15,10123000.0,Sold,44,-4.47
9842,866,2024-03-10,25730000.0,Active,108,0.35
9843,6250,2026-01-30,20655000.0,Sold,52,-4.07
9844,5205,2025-04-07,5890000.0,Withdrawn,71,0.07
9845,4310,2026-07-23,15821000.0,Expired,20,1.48
9846,7289,2024-11-28,10161000.0,Sold,113,2.49
9847,3204,2023-11-04,7907000.0,Active,5,1.2
9848,2898,2026-05-31,12724000.0,Active,55,0.58
9849,2245,2026-01-16,15712000.0,Sold,122,-0.98
9850,19,2024-01-09,5596000.0,Sold,37,-2.88
9851,642,2024-12-27,15332000.0,Active,60,0.72
9852,3084,2026-07-16,11760000.0,Sold,19,-7.46
9853,5201,2023-09-16,7710000.0,Active,64,2.49
9854,330,2024-11-17,13032000.0,Sold,5,1.34
9855,866,2025-11-27,25730000.0,Sold,97,-5.28
9856,774,2025-06-19,9601000.0,Withdrawn,63,2.93
9857,4488,2025-08-01,14161000.0,Sold,19,1.33
9858,4733,2024-08-17,22243000.0,Active,63,-1.82
9859,2355,2023-10-31,16705000.0,Withdrawn,103,-8.41
9860,3339,2024-05-09,11098000.0,Sold,72,-3.62
9861,3519,2025-04-21,13871000.0,Active,72,-2.08
9862,7609,2026-03-19,6940000.0,Withdrawn,5,3.21
9863,2943,2023-10-12,14185000.0,Expired,43,-1.75
9864,6796,2024-09-17,16400000.0,Active,34,1.54
9865,6985,2025-01-21,11317000.0,Active,103,-4.09
9866,5122,2023-11-09,21129000.0,Sold,81,2.92
9867,2568,2024-11-14,17259000.0,Sold,5,-1.45
9868,7930,2025-04-12,9559000.0,Withdrawn,107,1.77
9869,1675,2025-07-26,6671000.0,Withdrawn,64,-3.77
9870,2684,2026-07-05,14285000.0,Sold,33,3.08
9871,3381,2024-11-17,9848000.0,Expired,150,-2.4
9872,740,2026-06-05,15674000.0,Withdrawn,98,-2.52
9873,1546,2024-05-13,12819000.0,Withdrawn,156,2.18
9874,4565,2024-05-16,7759000.0,Sold,45,-0.17
9875,2260,2025-11-09,13107000.0,Expired,55,-2.86
9876,1136,2026-02-17,6896000.0,Active,83,-4.99
9877,5128,2024-11-18,8385000.0,Sold,86,-8.23
9878,6948,2023-11-21,10036000.0,Active,85,-4.88
9879,6621,2026-03-20,9353000.0,Active,5,-5.62
9880,874,2024-06-13,19360000.0,Active,100,6.05
9881,4556,2024-04-18,11732000.0,Active,94,-2.53
9882,2301,2025-01-29,5303000.0,Active,85,-5.43
9883,5646,2025-01-28,7749000.0,Sold,171,-0.37
9884,752,2025-02-13,6578000.0,Sold,45,-4.34
9885,5558,2025-03-16,12081000.0,Sold,105,1.74
9886,5874,2025-04-27,13663000.0,Withdrawn,14,-4.94
9887,7125,2025-09-12,18844000.0,Expired,139,-2.83
9888,854,2024-06-18,17587000.0,Sold,170,-6.54
9889,3733,2024-08-25,12283000.0,Active,5,-5.26
9890,2284,2024-05-02,14406000.0,Expired,88,3.57
9891,1330,2023-11-08,6506000.0,Sold,33,-0.66
9892,478,2026-07-21,15355000.0,Sold,60,-2.63
9893,2727,2026-06-02,13381000.0,Sold,6,-6.76
9894,3092,2025-03-04,12716000.0,Withdrawn,104,-3.68
9895,6360,2025-09-22,8235000.0,Sold,189,-4.2
9896,6999,2024-12-14,16109000.0,Expired,29,1.48
9897,4231,2024-07-27,22677000.0,Sold,114,-1.49
9898,7049,2026-04-06,13617000.0,Active,20,-7.04
9899,5249,2026-05-06,10306000.0,Sold,76,-5.56
9900,4506,2024-03-15,14052000.0,Sold,6,0.39
9901,5542,2025-06-28,15316000.0,Sold,85,2.49
9902,5414,2026-08-08,17723000.0,Active,170,0.88
9903,1270,2023-09-30,22689000.0,Sold,60,-3.39
9904,7869,2024-01-10,9316000.0,Sold,42,-2.31
9905,5676,2024-06-07,8993000.0,Expired,60,-1.98
9906,4182,2023-08-24,12093000.0,Sold,67,-3.42
9907,2604,2024-09-08,10585000.0,Active,52,-2.24
9908,5962,2026-03-05,11649000.0,Sold,95,-2.27
9909,7543,2025-02-14,11415000.0,Withdrawn,104,1.31
9910,1470,2023-10-27,12698000.0,Active,26,-6.56
9911,378,2023-12-30,15745000.0,Active,27,1.57
9912,7558,2025-01-26,23644000.0,Active,144,2.03
9913,1681,2025-03-08,18539000.0,Expired,67,0.79
9914,5171,2025-06-27,6684000.0,Sold,109,4.68
9915,242,2026-01-01,14020000.0,Expired,35,1.48
9916,7462,2025-05-25,13742000.0,Expired,32,2.14
9917,920,2025-04-10,13850000.0,Sold,85,-2.26
9918,5683,2023-11-06,20659000.0,Sold,5,-4.44
9919,6410,2024-10-29,20102000.0,Sold,60,-5.06
9920,7288,2023-12-16,18638000.0,Withdrawn,94,-2.24
9921,6856,2023-08-23,18144000.0,Active,9,3.32
9922,5368,2024-05-02,5192000.0,Sold,90,-2.66
9923,70,2025-10-17,21237000.0,Active,111,0.57
9924,3925,2024-04-04,10075000.0,Sold,71,-3.29
9925,6201,2024-02-13,11905000.0,Sold,5,-3.57
9926,5502,2024-07-04,13064000.0,Expired,83,-4.2
9927,2087,2024-04-20,13890000.0,Sold,26,1.0
9928,2008,2026-01-04,6684000.0,Sold,5,-2.71
9929,801,2026-08-12,20482000.0,Active,5,0.6
9930,7611,2025-10-23,10794000.0,Sold,123,-1.02
9931,5138,2023-09-22,15392000.0,Sold,18,0.41
9932,2780,2024-04-10,12609000.0,Expired,36,-6.33
9933,4921,2024-05-25,19294000.0,Sold,67,-0.33
9934,756,2025-07-05,12636000.0,Active,57,-2.39
9935,6496,2024-12-10,10861000.0,Expired,54,1.34
9936,1996,2026-04-23,7489000.0,Active,52,-1.17
9937,5936,2025-04-12,9467000.0,Sold,108,-3.87
9938,1322,2023-08-30,10104000.0,Sold,142,-4.05
9939,2331,2025-10-29,20838000.0,Active,121,-3.94
9940,5706,2024-08-03,11886000.0,Withdrawn,108,-8.36
9941,110,2026-03-18,9126000.0,Expired,86,0.89
9942,1017,2023-09-05,6343000.0,Sold,71,-2.05
9943,7348,2024-11-14,10268000.0,Active,88,-2.79
9944,6058,2026-03-12,13672000.0,Active,99,-0.02
9945,6688,2025-06-23,5640000.0,Active,180,-2.88
9946,5866,2025-05-31,15435000.0,Sold,5,-1.4
9947,3866,2026-05-22,13189000.0,Sold,54,0.8
9948,25,2023-08-23,14268000.0,Active,112,-0.86
9949,4939,2025-02-13,7781000.0,Expired,107,-0.71
9950,2839,2025-10-23,16380000.0,Sold,85,1.74
9951,738,2025-02-20,6725000.0,Sold,64,-0.02
9952,6201,2025-07-04,11905000.0,Sold,31,-2.05
9953,180,2024-04-02,15215000.0,Expired,56,-2.66
9954,232,2023-11-15,6869000.0,Sold,39,-1.95
9955,1918,2024-01-07,11144000.0,Sold,30,1.04
9956,343,2024-07-18,15317000.0,Active,141,-3.38
9957,4573,2024-02-18,12715000.0,Expired,92,-9.8
9958,5919,2025-01-17,13044000.0,Active,86,0.74
9959,2624,2024-09-25,23115000.0,Sold,108,-1.76
9960,455,2024-07-03,16736000.0,Sold,67,0.25
9961,5352,2024-09-16,6857000.0,Active,144,-0.36
9962,4385,2023-10-05,17148000.0,Expired,79,1.62
9963,5333,2026-04-18,8261000.0,Active,55,-6.53
9964,6402,2024-11-04,7339000.0,Expired,46,-1.62
9965,4626,2024-12-23,17318000.0,Active,58,0.04
9966,6831,2024-09-22,13887000.0,Sold,62,-7.14
9967,7073,2025-01-21,15513000.0,Expired,93,2.95
9968,2277,2025-03-13,9110000.0,Sold,134,-2.53
9969,7394,2024-04-08,7797000.0,Sold,40,-3.7
9970,596,2024-01-29,15446000.0,Active,86,-9.03
9971,3875,2023-11-06,13459000.0,Sold,69,-4.01
9972,4531,2023-08-31,3779000.0,Withdrawn,93,1.18
9973,4978,2026-05-09,11722000.0,Active,72,-1.21
9974,7165,2025-02-12,9941000.0,Sold,15,0.22
9975,5878,2025-11-17,13022000.0,Active,55,-0.23
9976,4498,2023-08-23,12279000.0,Active,140,-1.55
9977,2670,2024-08-27,8065000.0,Sold,93,0.01
9978,7934,2023-10-24,8908000.0,Expired,36,-4.52
9979,2136,2026-04-20,11884000.0,Expired,76,0.62
9980,6728,2026-08-09,4741000.0,Sold,128,1.12
9981,3965,2025-01-25,9209000.0,Sold,86,0.17
9982,1566,2025-03-15,9464000.0,Withdrawn,131,-3.56
9983,7852,2025-07-05,10996000.0,Sold,112,2.61
9984,309,2026-07-03,10556000.0,Active,5,-0.86
9985,7050,2024-06-26,7714000.0,Sold,5,-1.98
9986,343,2023-10-14,15317000.0,Active,39,1.73
9987,436,2024-11-05,14238000.0,Expired,84,3.32
9988,177,2025-12-20,12660000.0,Sold,37,0.71
9989,139,2025-11-15,12093000.0,Expired,5,-2.35
9990,194,2026-06-02,8647000.0,Sold,58,-1.69
9991,3258,2026-02-12,18468000.0,Sold,79,-3.6
9992,7386,2024-11-09,11292000.0,Active,11,-3.77
9993,3236,2026-07-22,17003000.0,Active,82,-5.13
9994,5281,2025-08-27,16741000.0,Expired,102,1.31
9995,943,2023-11-01,14963000.0,Active,68,-2.39
9996,4621,2024-08-29,7689000.0,Active,26,0.25
9997,3880,2026-08-01,12873000.0,Active,24,7.83
9998,5721,2024-12-14,12505000.0,Active,20,1.94
9999,3114,2024-11-06,26199000.0,Active,61,-6.25
10000,2963,2026-01-17,7722000.0,Active,38,-4.04
10001,6354,2024-02-16,18332000.0,Active,94,2.54
10002,4837,2024-07-04,8106000.0,Sold,126,-0.25
10003,4958,2024-10-03,7874000.0,Withdrawn,75,-0.11
10004,7443,2025-06-08,16034000.0,Active,94,-0.18
10005,954,2025-09-27,21187000.0,Active,108,-2.15
10006,1303,2023-11-28,22414000.0,Active,37,0.42
10007,5371,2023-11-20,12413000.0,Sold,91,-3.41
10008,3382,2024-04-09,17585000.0,Sold,73,4.97
10009,5840,2025-11-29,5085000.0,Sold,15,-3.48
10010,2881,2026-04-28,9638000.0,Sold,32,1.59
10011,2188,2026-01-31,14421000.0,Withdrawn,38,-8.01
10012,4888,2026-03-27,8067000.0,Sold,64,-3.13
10013,546,2026-07-23,11170000.0,Sold,41,0.63
10014,5941,2024-08-13,12453000.0,Sold,52,1.87
10015,5113,2024-08-18,13174000.0,Sold,126,-4.38
10016,1928,2026-01-04,11006000.0,Expired,25,-2.48
10017,5650,2024-06-03,6663000.0,Active,43,-2.43
10018,4153,2025-12-27,9859000.0,Active,30,2.82
10019,6256,2024-10-14,15836000.0,Active,63,-2.61
10020,5,2024-03-15,8389000.0,Active,84,0.68
10021,3482,2025-12-16,14148000.0,Active,103,0.53
10022,5534,2024-03-05,15065000.0,Active,176,-1.88
10023,3254,2023-09-12,12689000.0,Active,71,-2.28
10024,7181,2024-03-20,19473000.0,Active,66,-4.19
10025,1363,2026-03-31,11892000.0,Sold,5,-3.17
10026,1821,2025-04-10,16318000.0,Sold,167,1.0
10027,5379,2026-01-26,14817000.0,Sold,119,-4.05
10028,6234,2024-07-25,8415000.0,Sold,75,-0.02
10029,2664,2025-09-30,12590000.0,Sold,147,-0.37
10030,2939,2026-06-29,12957000.0,Sold,85,-9.91
10031,6842,2025-05-25,12472000.0,Sold,112,-1.71
10032,1274,2024-10-06,9174000.0,Active,75,-0.04
10033,3327,2023-10-13,8347000.0,Sold,27,0.78
10034,3660,2025-09-29,12848000.0,Sold,126,-0.84
10035,2946,2026-03-14,19914000.0,Sold,5,-5.81
10036,3019,2025-10-23,11708000.0,Active,143,5.24
10037,1132,2025-09-09,9135000.0,Expired,50,-5.24
10038,4764,2025-03-05,11052000.0,Active,21,-3.73
10039,6738,2025-11-27,20304000.0,Sold,9,3.27
10040,2637,2025-03-09,11592000.0,Expired,140,-0.77
10041,6629,2023-09-28,14309000.0,Withdrawn,81,0.49
10042,3030,2023-12-16,9756000.0,Sold,122,0.05
10043,3020,2025-07-20,14777000.0,Sold,62,-0.7
10044,5378,2024-03-18,19161000.0,Active,73,2.48
10045,6783,2026-07-30,22903000.0,Active,109,-2.89
10046,5093,2026-06-12,10214000.0,Active,132,-0.6
10047,6023,2025-03-18,8926000.0,Withdrawn,59,-2.22
10048,4378,2024-05-31,14407000.0,Sold,24,-3.6
10049,7130,2023-12-13,17526000.0,Expired,38,-1.88
10050,3160,2026-01-14,14886000.0,Sold,7,2.55
10051,5324,2024-10-20,18450000.0,Sold,115,-3.42
10052,6160,2026-05-10,22779000.0,Active,125,-4.65
10053,7319,2026-04-10,11618000.0,Active,64,-0.78
10054,5032,2026-03-26,21312000.0,Active,57,-0.22
10055,254,2025-06-21,13072000.0,Sold,103,0.37
10056,5308,2026-03-26,5113000.0,Active,139,-3.57
10057,329,2024-02-09,11886000.0,Withdrawn,56,0.5
10058,2592,2025-11-10,15836000.0,Active,156,-5.2
10059,2831,2025-06-15,19709000.0,Sold,78,2.5
10060,3045,2026-04-09,22313000.0,Sold,36,-0.7
10061,1421,2025-06-08,15257000.0,Active,50,-0.3
10062,5637,2025-09-11,12468000.0,Active,42,0.85
10063,7627,2024-07-07,14993000.0,Expired,75,-4.11
10064,3402,2026-06-19,13711000.0,Active,120,-1.2
10065,7988,2023-11-04,14663000.0,Sold,41,1.2
10066,2893,2024-02-15,14804000.0,Sold,60,-2.35
10067,5289,2026-01-03,13884000.0,Active,33,-0.13
10068,5813,2024-06-16,9850000.0,Sold,89,1.6
10069,6510,2026-03-08,11986000.0,Active,55,-1.99
10070,5298,2024-08-08,15065000.0,Sold,114,-1.61
10071,655,2026-02-16,14055000.0,Sold,81,1.41
10072,5482,2025-06-14,14076000.0,Expired,39,1.72
10073,760,2025-06-03,13056000.0,Active,98,-1.36
10074,6783,2026-05-23,22903000.0,Sold,65,-3.29
10075,1799,2025-01-22,12396000.0,Active,77,-4.75
10076,5160,2024-08-29,21399000.0,Active,55,-1.99
10077,2972,2024-10-17,7168000.0,Active,41,-1.23
10078,4512,2026-03-10,10110000.0,Sold,5,1.62
10079,3427,2025-11-25,19582000.0,Active,139,-4.03
10080,255,2025-02-01,8649000.0,Sold,48,-0.19
10081,5263,2026-06-13,18743000.0,Expired,27,-2.87
10082,3824,2023-10-21,19561000.0,Expired,117,-3.63
10083,7908,2025-07-22,13637000.0,Sold,88,-4.14
10084,1877,2026-06-16,21380000.0,Expired,131,4.0
10085,2758,2024-09-04,9385000.0,Active,84,-3.58
10086,2625,2026-03-23,11973000.0,Expired,25,-4.37
10087,4996,2026-07-23,12175000.0,Sold,98,-9.6
10088,6155,2024-12-16,23664000.0,Active,109,4.33
10089,7788,2023-11-08,15932000.0,Active,42,-1.91
10090,4122,2025-09-04,7737000.0,Expired,95,-3.21
10091,3005,2023-12-17,10793000.0,Active,150,-0.93
10092,4517,2025-12-30,10568000.0,Active,113,-0.33
10093,3735,2024-06-27,14172000.0,Expired,5,-2.65
10094,1245,2024-05-04,10585000.0,Sold,145,-3.52
10095,5973,2025-02-02,8078000.0,Active,27,-2.53
10096,6640,2025-01-30,13411000.0,Expired,5,-0.91
10097,5357,2024-10-09,17494000.0,Expired,8,1.26
10098,6381,2025-02-03,8214000.0,Sold,29,-2.52
10099,1009,2024-09-18,12857000.0,Withdrawn,110,0.2
10100,4315,2025-05-16,13519000.0,Active,87,-0.05
10101,1511,2025-09-17,2404000.0,Sold,142,-1.65
10102,1960,2024-03-28,19956000.0,Active,141,-5.46
10103,2509,2024-01-07,2404000.0,Sold,133,-3.73
10104,4759,2026-06-28,14885000.0,Expired,48,2.09
10105,2683,2024-06-12,8545000.0,Expired,84,-1.68
10106,7312,2025-06-09,9199000.0,Withdrawn,59,-3.58
10107,990,2025-01-26,12337000.0,Sold,106,-1.41
10108,4285,2025-01-13,6486000.0,Active,28,-1.03
10109,255,2025-05-26,8649000.0,Sold,73,-1.17
10110,4164,2025-01-17,18099000.0,Sold,88,-3.34
10111,4712,2024-08-13,8593000.0,Active,80,-1.41
10112,6480,2024-12-26,9281000.0,Expired,91,-0.63
10113,6815,2026-07-31,11999000.0,Active,126,-3.08
10114,6965,2026-01-22,10595000.0,Withdrawn,93,0.61
10115,4970,2023-09-21,22490000.0,Withdrawn,86,-1.41
10116,7577,2025-06-12,12551000.0,Sold,38,-0.9
10117,6444,2024-08-20,19197000.0,Active,46,-4.11
10118,5722,2025-08-23,8304000.0,Active,133,-6.78
10119,4453,2026-05-27,14323000.0,Sold,5,-5.37
10120,256,2025-03-31,5460000.0,Withdrawn,158,-0.02
10121,1008,2025-07-04,9480000.0,Active,5,-2.9
10122,6497,2025-09-11,11806000.0,Active,77,-6.08
10123,1756,2026-05-04,14977000.0,Sold,114,-0.75
10124,7689,2024-03-29,16955000.0,Withdrawn,98,2.45
10125,2572,2026-05-30,9592000.0,Sold,5,-5.02
10126,3909,2025-03-21,5302000.0,Sold,5,0.8
10127,2998,2024-10-06,20306000.0,Expired,62,-2.64
10128,2804,2025-05-25,7906000.0,Sold,16,-7.73
10129,3766,2024-11-04,13215000.0,Sold,53,-1.38
10130,4380,2024-06-20,14992000.0,Withdrawn,39,-4.36
10131,3384,2023-12-30,10242000.0,Expired,5,-0.95
10132,99,2025-08-28,15012000.0,Withdrawn,5,-0.21
10133,197,2024-10-17,11846000.0,Sold,91,0.25
10134,2530,2024-06-10,8979000.0,Expired,148,5.06
10135,878,2025-04-09,14391000.0,Active,184,-2.92
10136,7394,2024-11-29,7797000.0,Sold,30,-4.23
10137,1869,2025-02-24,9348000.0,Sold,82,-5.58
10138,6759,2026-08-09,16593000.0,Sold,82,-5.0
10139,2666,2024-10-21,13702000.0,Sold,97,1.62
10140,1389,2026-04-01,10527000.0,Sold,96,2.06
10141,2416,2025-03-11,13720000.0,Sold,116,-3.71
10142,570,2025-01-25,14988000.0,Active,110,-3.1
10143,2638,2024-11-26,13356000.0,Active,70,5.04
10144,7243,2025-04-30,10646000.0,Sold,77,3.75
10145,1066,2023-11-14,10209000.0,Active,155,-1.01
10146,422,2026-06-30,6424000.0,Sold,85,-0.68
10147,2884,2023-12-31,19373000.0,Active,64,0.83
10148,1205,2025-09-17,9463000.0,Sold,32,1.2
10149,545,2024-08-08,13285000.0,Active,63,-0.09
10150,4167,2023-09-30,15480000.0,Sold,56,-6.77
10151,3640,2025-10-22,16784000.0,Active,49,-0.95
10152,7273,2025-07-03,12550000.0,Active,33,-0.4
10153,1224,2025-06-18,13271000.0,Sold,72,2.43
10154,3173,2025-09-10,12251000.0,Sold,134,-5.23
10155,768,2026-01-01,19450000.0,Expired,14,2.4
10156,6451,2024-05-31,8586000.0,Withdrawn,118,0.09
10157,3658,2024-06-20,7706000.0,Sold,12,-1.9
10158,5803,2025-01-03,8722000.0,Sold,59,-2.39
10159,6521,2024-12-28,15004000.0,Active,140,0.34
10160,655,2024-09-20,14055000.0,Active,67,0.08
10161,6822,2024-06-13,7307000.0,Withdrawn,79,-3.57
10162,2447,2025-10-24,12918000.0,Active,125,-0.36
10163,5893,2025-01-27,13293000.0,Expired,82,-3.71
10164,221,2024-11-13,10449000.0,Withdrawn,107,-0.75
10165,3667,2023-10-25,14194000.0,Active,35,-3.03
10166,4278,2024-08-20,10103000.0,Active,143,-2.88
10167,4403,2025-01-05,13313000.0,Sold,20,-3.51
10168,2570,2025-07-31,18583000.0,Active,54,4.04
10169,5516,2025-04-13,11042000.0,Sold,50,-1.74
10170,1014,2024-06-18,6717000.0,Active,5,1.74
10171,2052,2023-10-19,20111000.0,Active,91,-6.78
10172,7007,2024-08-02,7269000.0,Sold,188,-0.64
10173,3986,2023-11-27,11283000.0,Sold,79,-2.02
10174,4944,2025-06-22,11866000.0,Sold,76,-1.08
10175,4900,2025-06-19,13194000.0,Active,153,2.59
10176,7449,2026-06-06,17276000.0,Sold,64,-1.69
10177,4311,2024-10-11,8954000.0,Expired,116,-5.49
10178,3020,2023-08-27,14777000.0,Sold,62,-1.38
10179,3682,2024-12-23,15969000.0,Active,89,5.89
10180,1444,2024-02-20,16558000.0,Active,67,4.17
10181,4197,2025-04-23,6130000.0,Withdrawn,183,1.34
10182,3011,2026-04-12,7422000.0,Active,68,-1.84
10183,7689,2024-04-26,16955000.0,Sold,31,4.61
10184,573,2024-11-15,10468000.0,Withdrawn,96,0.71
10185,1333,2026-06-25,15437000.0,Active,77,-4.94
10186,4754,2025-06-17,7466000.0,Expired,82,-3.49
10187,7083,2023-12-24,13612000.0,Sold,41,-3.73
10188,4003,2026-05-06,14572000.0,Sold,89,0.9
10189,5630,2025-04-24,10746000.0,Active,117,-0.58
10190,3135,2025-07-28,18055000.0,Withdrawn,111,-2.33
10191,5753,2025-03-28,11905000.0,Withdrawn,78,-2.77
10192,4087,2025-01-27,9876000.0,Withdrawn,76,1.59
10193,226,2023-08-20,13266000.0,Withdrawn,85,-1.58
10194,4201,2025-10-16,5953000.0,Active,65,-1.1
10195,1998,2024-09-15,18396000.0,Active,95,0.07
10196,772,2023-12-14,17356000.0,Withdrawn,92,-0.8
10197,7593,2025-05-11,14566000.0,Active,97,-4.86
10198,7423,2025-08-25,11488000.0,Expired,70,-0.57
10199,4525,2024-04-12,10031000.0,Sold,47,-4.25
10200,434,2026-01-15,10021000.0,Active,89,2.74
10201,5327,2025-07-08,9582000.0,Active,83,-4.15
10202,3100,2026-08-03,7401000.0,Sold,27,-6.36
10203,2730,2024-10-24,11703000.0,Withdrawn,76,-7.96
10204,3408,2026-06-24,22241000.0,Sold,50,-3.91
10205,6732,2026-02-22,11068000.0,Active,16,-0.81
10206,7796,2026-06-04,14378000.0,Sold,77,1.95
10207,3141,2026-08-19,20156000.0,Sold,38,0.43
10208,866,2025-01-25,25730000.0,Active,76,-1.95
10209,2794,2025-12-12,18240000.0,Sold,83,-1.89
10210,7681,2025-12-14,17090000.0,Expired,98,0.88
10211,7335,2026-01-23,5889000.0,Expired,33,1.0
10212,2912,2026-01-28,14353000.0,Withdrawn,39,-3.47
10213,7898,2023-11-28,12538000.0,Active,55,-5.8
10214,7953,2026-07-31,9444000.0,Active,137,2.12
10215,2416,2025-12-19,13720000.0,Sold,19,-2.06
10216,251,2023-11-01,11108000.0,Sold,105,0.1
10217,7003,2024-11-03,10774000.0,Active,24,-1.21
10218,4952,2024-11-07,10493000.0,Expired,99,-3.18
10219,3758,2025-10-29,5741000.0,Sold,90,1.56
10220,5290,2025-11-02,10080000.0,Withdrawn,89,4.59
10221,7926,2026-03-09,5645000.0,Active,72,-3.67
10222,7258,2024-11-12,17288000.0,Sold,155,1.36
10223,4657,2024-11-04,12060000.0,Sold,111,0.04
10224,5566,2024-04-30,14418000.0,Expired,130,4.19
10225,6438,2024-04-24,16604000.0,Active,91,-4.2
10226,919,2025-04-26,10493000.0,Active,54,3.06
10227,1174,2024-04-03,12568000.0,Expired,36,-3.66
10228,3204,2025-03-27,7907000.0,Expired,65,-3.93
10229,433,2024-05-11,5485000.0,Active,41,0.18
10230,6203,2026-06-13,12346000.0,Sold,101,-2.99
10231,5065,2024-01-23,9616000.0,Sold,27,-1.02
10232,836,2026-01-12,8794000.0,Sold,84,-7.91
10233,2247,2024-01-09,13421000.0,Expired,99,1.07
10234,2263,2025-09-08,17112000.0,Sold,101,3.43
10235,898,2025-06-24,18355000.0,Expired,136,-1.88
10236,3633,2024-11-23,10253000.0,Sold,54,-1.15
10237,4568,2023-09-18,14227000.0,Active,54,-0.02
10238,3816,2024-05-23,15604000.0,Sold,62,1.55
10239,247,2024-10-27,16886000.0,Withdrawn,56,1.7
10240,2430,2026-01-22,17396000.0,Active,71,-0.4
10241,991,2024-06-18,15372000.0,Sold,5,-5.82
10242,3311,2025-02-03,13197000.0,Expired,67,-3.69
10243,927,2023-09-22,10602000.0,Sold,91,1.09
10244,3439,2024-07-27,15522000.0,Expired,91,-1.72
10245,5288,2024-10-24,10744000.0,Sold,114,-2.25
10246,2608,2024-06-09,13133000.0,Expired,5,-0.75
10247,1075,2026-07-02,13272000.0,Sold,119,-3.98
10248,5931,2024-05-18,9701000.0,Sold,42,-3.44
10249,7778,2024-05-27,17146000.0,Withdrawn,6,-3.51
10250,4023,2025-04-28,11239000.0,Withdrawn,73,-2.64
10251,3800,2024-08-22,8010000.0,Sold,46,5.17
10252,4785,2023-12-11,14679000.0,Sold,16,-6.08
10253,6524,2023-12-17,13056000.0,Sold,63,4.03
10254,6618,2025-01-10,17531000.0,Sold,83,-2.41
10255,3152,2024-02-22,12890000.0,Sold,85,-0.48
10256,6841,2026-05-07,9424000.0,Expired,79,0.66
10257,3439,2025-08-03,15522000.0,Sold,88,-4.65
10258,5581,2026-03-06,18155000.0,Active,14,-0.12
10259,7055,2025-09-25,10518000.0,Withdrawn,100,-4.63
10260,7707,2026-03-23,4796000.0,Active,97,-0.06
10261,7620,2025-06-24,19588000.0,Sold,58,0.52
10262,7632,2026-04-28,12807000.0,Active,162,-8.7
10263,5056,2026-05-22,9509000.0,Active,96,-1.9
10264,4574,2024-02-15,13667000.0,Active,68,-2.72
10265,7148,2023-08-30,12573000.0,Sold,28,-2.04
10266,7070,2023-09-14,7014000.0,Active,124,-1.07
10267,3492,2025-08-27,14099000.0,Withdrawn,44,-5.09
10268,707,2024-02-14,10266000.0,Sold,118,-4.81
10269,7382,2023-09-09,8297000.0,Active,74,-5.45
10270,7537,2024-05-15,7006000.0,Active,5,-1.58
10271,6998,2024-10-15,9802000.0,Sold,81,-1.59
10272,5234,2023-09-17,14755000.0,Withdrawn,21,-4.94
10273,3065,2025-07-13,19365000.0,Sold,88,-6.83
10274,754,2024-10-30,8683000.0,Withdrawn,60,-0.32
10275,6647,2024-11-29,12548000.0,Sold,65,-1.28
10276,5756,2024-11-20,11512000.0,Sold,65,-5.09
10277,6961,2023-10-02,13044000.0,Sold,61,0.47
10278,588,2026-06-01,18351000.0,Active,93,2.11
10279,1335,2025-06-08,14153000.0,Active,75,-0.52
10280,5589,2026-04-06,9189000.0,Sold,99,-2.94
10281,1848,2024-03-13,12006000.0,Withdrawn,38,2.0
10282,6852,2025-12-28,6409000.0,Active,96,-0.68
10283,3935,2024-07-31,11824000.0,Sold,111,-0.06
10284,7212,2026-01-19,10602000.0,Active,106,-1.47
10285,7583,2023-09-04,16298000.0,Expired,128,2.24
10286,7866,2024-06-13,6889000.0,Active,122,-7.41
10287,3927,2026-06-29,8557000.0,Sold,144,-0.74
10288,3318,2026-06-01,11243000.0,Active,18,-1.06
10289,4021,2025-07-18,11373000.0,Active,30,3.93
10290,3156,2024-08-12,11629000.0,Expired,15,-8.11
10291,4303,2025-09-13,12069000.0,Withdrawn,97,-1.27
10292,2199,2025-09-19,11191000.0,Active,43,-5.43
10293,6812,2024-01-26,13014000.0,Expired,83,1.6
10294,6672,2024-11-25,15060000.0,Withdrawn,134,-3.82
10295,165,2024-11-19,12252000.0,Active,71,2.33
10296,7061,2026-03-03,4595000.0,Sold,73,-4.07
10297,1999,2025-08-03,13946000.0,Active,52,-1.97
10298,7313,2024-02-27,4560000.0,Expired,117,-1.95
10299,3058,2024-12-24,9429000.0,Sold,37,-5.09
10300,2085,2026-05-21,9997000.0,Sold,97,-3.7
10301,4429,2026-07-01,12059000.0,Active,165,-1.7
10302,403,2025-05-06,8649000.0,Active,8,-1.67
10303,414,2026-03-08,16595000.0,Expired,195,4.62
10304,45,2026-01-17,13077000.0,Expired,181,-5.13
10305,7570,2024-04-23,21187000.0,Sold,14,-2.13
10306,6350,2026-02-13,5746000.0,Sold,85,-3.63
10307,4158,2024-12-09,6510000.0,Active,141,-8.09
10308,2468,2026-02-27,8386000.0,Active,79,-6.41
10309,868,2024-07-25,20566000.0,Active,59,1.14
10310,5588,2024-02-05,7476000.0,Active,67,-0.44
10311,6964,2023-11-30,11373000.0,Active,6,-4.63
10312,19,2024-06-08,5596000.0,Sold,39,0.64
10313,365,2026-01-08,5534000.0,Sold,83,-4.61
10314,7468,2024-12-22,16974000.0,Active,71,0.91
10315,7175,2026-07-10,11115000.0,Sold,78,3.26
10316,3833,2023-11-20,15268000.0,Expired,27,-5.76
10317,6572,2026-03-29,26829000.0,Active,80,0.11
10318,5237,2025-10-14,13523000.0,Active,34,-3.71
10319,580,2026-06-20,15659000.0,Expired,61,-0.16
10320,7675,2026-04-15,15070000.0,Sold,88,-5.38
10321,546,2026-02-26,11170000.0,Sold,80,-4.54
10322,5826,2026-05-17,8195000.0,Withdrawn,29,-2.45
10323,6469,2025-12-12,20653000.0,Sold,50,-3.05
10324,4151,2023-10-17,13449000.0,Withdrawn,148,-3.11
10325,4874,2024-11-16,17414000.0,Expired,71,-3.19
10326,3040,2023-10-30,10303000.0,Sold,45,-0.35
10327,4138,2024-04-10,11133000.0,Expired,115,-4.14
10328,5417,2025-03-27,12025000.0,Active,87,0.49
10329,4045,2023-10-28,7159000.0,Expired,107,1.77
10330,4327,2025-08-02,9512000.0,Active,30,-3.5
10331,453,2026-04-08,13948000.0,Sold,100,2.49
10332,3962,2025-02-03,10029000.0,Sold,92,-1.95
10333,6538,2024-05-15,17148000.0,Withdrawn,60,0.17
10334,5642,2024-03-04,7441000.0,Sold,52,0.04
10335,1382,2024-11-09,7299000.0,Active,77,-3.99
10336,1468,2026-02-10,8581000.0,Active,128,-2.54
10337,5248,2024-04-08,14794000.0,Active,94,-1.61
10338,2739,2025-07-15,9916000.0,Sold,72,-2.0
10339,7573,2024-12-01,13463000.0,Active,49,-4.4
10340,6536,2025-09-26,14562000.0,Sold,39,-0.76
10341,1217,2026-04-29,13829000.0,Expired,91,1.95
10342,6748,2024-06-23,14031000.0,Sold,18,-6.55
10343,881,2025-11-16,12858000.0,Sold,131,0.77
10344,3815,2024-01-06,12742000.0,Withdrawn,43,0.6
10345,3150,2025-08-11,10484000.0,Sold,5,-3.24
10346,85,2023-10-26,7219000.0,Sold,72,0.05
10347,5150,2025-11-30,21724000.0,Sold,19,0.37
10348,7893,2025-04-04,8018000.0,Sold,96,-3.91
10349,4145,2025-11-05,3481000.0,Sold,90,3.15
10350,7945,2024-11-12,10148000.0,Active,26,-2.08
10351,1169,2025-08-29,11998000.0,Sold,45,-2.19
10352,4165,2024-12-09,13167000.0,Sold,91,-4.05
10353,3130,2024-07-16,35065000.0,Sold,20,-1.7
10354,6841,2023-10-15,9424000.0,Active,114,-1.88
10355,3646,2026-04-02,9493000.0,Active,105,-0.87
10356,2527,2026-06-19,15665000.0,Sold,122,-7.23
10357,2868,2025-11-23,15856000.0,Sold,5,0.44
10358,3517,2025-06-26,2911000.0,Sold,84,-1.55
10359,3368,2025-10-01,15521000.0,Active,90,-0.76
10360,5798,2025-03-01,13730000.0,Active,19,-3.58
10361,7339,2025-06-09,23681000.0,Active,133,2.79
10362,5695,2026-04-24,8030000.0,Active,51,-3.07
10363,2195,2025-09-02,16964000.0,Withdrawn,103,-3.27
10364,3556,2026-02-11,13765000.0,Expired,16,-2.05
10365,7474,2026-07-31,12024000.0,Sold,109,1.21
10366,7841,2024-08-26,16306000.0,Active,22,-1.47
10367,7821,2026-01-29,11137000.0,Withdrawn,5,-2.06
10368,5966,2024-06-02,14525000.0,Withdrawn,14,-3.51
10369,5112,2024-03-04,7106000.0,Active,147,-3.56
10370,6753,2025-07-10,18217000.0,Sold,32,-6.51
10371,446,2026-07-11,13764000.0,Sold,100,-2.71
10372,6365,2024-12-03,20551000.0,Sold,112,-4.27
10373,3627,2026-02-14,6876000.0,Sold,82,-6.03
10374,4017,2025-03-26,11265000.0,Sold,47,0.15
10375,3876,2026-03-23,8280000.0,Expired,89,-3.14
10376,5498,2026-01-19,5346000.0,Withdrawn,42,-1.16
10377,7788,2025-07-28,15932000.0,Sold,68,-2.52
10378,3338,2025-02-14,9115000.0,Sold,68,-4.39
10379,6239,2026-08-08,13146000.0,Active,5,-3.58
10380,262,2023-11-20,14874000.0,Sold,207,-6.53
10381,1849,2025-11-28,12889000.0,Active,138,4.17
10382,4993,2025-12-24,6773000.0,Sold,6,-5.4
10383,5191,2026-08-19,23502000.0,Active,18,4.41
10384,4026,2024-06-25,15105000.0,Active,57,-0.14
10385,2267,2025-10-07,6001000.0,Sold,31,4.06
10386,5653,2026-01-07,23228000.0,Active,53,3.28
10387,92,2026-03-05,10238000.0,Expired,35,-0.37
10388,4223,2024-05-14,16140000.0,Active,83,-0.99
10389,4176,2025-12-05,14695000.0,Sold,106,1.32
10390,5944,2025-12-15,7445000.0,Withdrawn,54,-6.17
10391,3310,2025-01-08,15466000.0,Sold,113,-4.52
10392,983,2024-06-14,10004000.0,Sold,19,-6.26
10393,3444,2023-11-24,11448000.0,Active,117,-3.29
10394,5012,2026-03-29,11643000.0,Sold,53,1.03
10395,2534,2024-08-01,21653000.0,Sold,42,-2.02
10396,694,2024-10-03,14513000.0,Sold,52,2.75
10397,4121,2026-04-07,14763000.0,Withdrawn,66,-3.36
10398,156,2026-04-15,10834000.0,Sold,45,1.7
10399,3589,2024-01-18,8391000.0,Sold,33,-5.24
10400,6776,2024-05-31,15723000.0,Active,5,0.05
10401,1813,2025-11-28,22165000.0,Expired,76,-1.26
10402,5650,2025-08-25,6663000.0,Active,5,-0.02
10403,6063,2024-07-30,12246000.0,Sold,151,-9.37
10404,5830,2024-06-10,7299000.0,Expired,138,2.62
10405,5177,2025-10-08,9251000.0,Expired,177,-2.81
10406,5725,2023-11-13,17210000.0,Active,163,-0.95
10407,4115,2023-10-24,10727000.0,Sold,32,-0.46
10408,1408,2025-06-26,11613000.0,Active,168,3.8
10409,1217,2025-08-14,13829000.0,Active,111,0.52
10410,6381,2025-07-26,8214000.0,Expired,72,-0.18
10411,1411,2023-12-17,12708000.0,Active,92,0.15
10412,3498,2025-07-04,10763000.0,Active,111,2.02
10413,4373,2025-12-24,9698000.0,Sold,29,-0.46
10414,7395,2024-09-05,20926000.0,Sold,23,-0.1
10415,4841,2025-05-29,9315000.0,Sold,47,-1.82
10416,552,2024-04-15,6984000.0,Sold,98,-1.12
10417,3395,2024-12-13,13581000.0,Sold,74,-1.09
10418,1177,2024-08-13,7327000.0,Active,106,1.52
10419,4735,2026-01-02,11863000.0,Expired,63,-2.36
10420,4333,2024-04-30,13697000.0,Active,94,-2.94
10421,998,2024-07-30,8357000.0,Sold,41,-4.63
10422,4077,2024-06-14,11022000.0,Active,191,3.6
10423,6199,2024-07-24,9556000.0,Sold,90,-1.86
10424,6100,2026-07-13,6972000.0,Expired,62,-6.16
10425,5556,2025-06-03,13888000.0,Withdrawn,14,2.62
10426,2732,2024-05-20,10582000.0,Expired,30,-6.07
10427,6253,2026-04-23,21206000.0,Expired,80,-1.22
10428,3938,2025-11-28,16084000.0,Expired,79,-3.82
10429,4053,2025-04-10,11075000.0,Sold,94,-3.21
10430,5304,2025-09-11,10103000.0,Sold,86,-5.25
10431,5488,2024-05-24,9575000.0,Sold,5,-3.91
10432,6103,2023-09-07,14522000.0,Expired,5,-0.29
10433,5318,2025-05-21,6560000.0,Active,58,-6.25
10434,5491,2024-02-16,8011000.0,Expired,91,0.28
10435,373,2026-05-14,14445000.0,Withdrawn,165,-5.41
10436,7117,2025-11-23,9083000.0,Active,101,-3.17
10437,5617,2023-12-15,8172000.0,Sold,135,3.0
10438,7767,2024-09-11,6654000.0,Sold,54,2.85
10439,2249,2026-05-29,13739000.0,Active,133,-2.58
10440,849,2026-07-02,10888000.0,Expired,25,-0.52
10441,2557,2025-04-24,8426000.0,Sold,83,-6.53
10442,5442,2024-05-12,6665000.0,Sold,113,-4.26
10443,2323,2026-04-11,5986000.0,Expired,100,-4.95
10444,6355,2024-08-29,12947000.0,Sold,98,0.54
10445,504,2024-03-14,7342000.0,Active,79,-3.34
10446,3190,2023-09-18,5468000.0,Sold,194,-0.25
10447,703,2023-09-30,10247000.0,Expired,82,-4.14
10448,3626,2025-11-28,12790000.0,Active,79,-4.1
10449,6186,2025-07-14,5271000.0,Sold,92,2.08
10450,315,2025-12-03,24367000.0,Expired,150,-3.49
10451,6932,2024-04-05,14815000.0,Active,87,-2.18
10452,2377,2024-03-11,15759000.0,Active,24,-2.48
10453,1041,2025-07-02,6922000.0,Expired,119,3.91
10454,4379,2026-04-10,8082000.0,Active,74,-0.6
10455,2991,2024-01-22,11868000.0,Expired,125,-1.8
10456,258,2026-04-25,12737000.0,Sold,166,-2.04
10457,575,2025-09-04,13096000.0,Active,78,1.25
10458,4670,2025-12-09,8400000.0,Active,79,0.51
10459,6756,2024-09-25,8590000.0,Sold,9,-0.99
10460,5139,2024-09-02,17881000.0,Active,51,-1.14
10461,1553,2026-06-02,11671000.0,Sold,138,-3.14
10462,6981,2026-08-11,15947000.0,Expired,106,-6.04
10463,4519,2026-02-02,11274000.0,Expired,5,-1.9
10464,5586,2026-04-19,18405000.0,Sold,105,-5.16
10465,5493,2024-07-15,12611000.0,Withdrawn,43,-1.73
10466,758,2025-02-15,9175000.0,Sold,63,0.03
10467,2811,2024-10-14,6829000.0,Withdrawn,41,-0.01
10468,1105,2024-09-01,6876000.0,Withdrawn,71,-3.12
10469,5671,2026-05-28,9596000.0,Withdrawn,5,-1.42
10470,7716,2025-04-09,11081000.0,Withdrawn,27,2.07
10471,6568,2024-04-16,8063000.0,Active,50,-2.61
10472,4525,2026-08-02,10031000.0,Sold,143,-0.56
10473,3460,2024-04-27,20289000.0,Active,68,-3.9
10474,6118,2024-05-12,10020000.0,Expired,118,-3.31
10475,3993,2025-05-17,9008000.0,Sold,50,-1.77
10476,7877,2024-07-02,6059000.0,Active,41,0.2
10477,7838,2023-11-06,6569000.0,Active,121,-0.94
10478,204,2025-05-14,12401000.0,Expired,135,-1.4
10479,6340,2024-09-07,10230000.0,Active,5,-6.27
10480,2776,2026-07-19,8571000.0,Sold,80,-2.98
10481,2333,2025-02-23,13268000.0,Withdrawn,29,1.21
10482,1993,2024-09-10,24363000.0,Expired,100,-5.5
10483,2244,2024-12-19,14580000.0,Sold,41,2.39
10484,307,2024-12-14,18195000.0,Sold,159,-2.7
10485,1688,2026-05-25,16661000.0,Active,102,2.42
10486,4110,2025-12-27,7602000.0,Active,5,4.33
10487,1861,2025-03-22,8095000.0,Active,62,-3.14
10488,7314,2026-03-14,22864000.0,Sold,89,-0.71
10489,1962,2025-09-02,6022000.0,Expired,83,2.71
10490,5177,2025-05-01,9251000.0,Expired,120,-3.18
10491,723,2025-01-29,9031000.0,Sold,45,0.35
10492,780,2025-10-23,10242000.0,Active,31,-1.66
10493,5330,2026-02-15,10351000.0,Active,69,0.41
10494,529,2024-05-11,13524000.0,Sold,71,-0.43
10495,4894,2024-12-20,17645000.0,Sold,51,-1.61
10496,344,2024-03-24,13455000.0,Withdrawn,5,-4.46
10497,3787,2025-09-05,12400000.0,Active,47,-1.89
10498,3683,2023-11-06,13393000.0,Active,5,-1.14
10499,5399,2025-06-10,11251000.0,Active,5,-5.17
10500,209,2024-12-05,26286000.0,Active,5,-7.3
10501,4737,2024-09-19,12156000.0,Active,98,2.36
10502,3407,2025-07-25,12857000.0,Expired,91,-2.19
10503,1312,2026-03-16,11404000.0,Expired,71,2.05
10504,2300,2025-09-03,12334000.0,Expired,85,0.54
10505,3337,2024-07-05,11541000.0,Sold,27,-2.03
10506,6415,2025-11-25,6152000.0,Active,5,1.09
10507,1948,2025-07-16,9806000.0,Active,41,-5.44
10508,920,2025-10-29,13850000.0,Active,46,-2.21
10509,5820,2026-02-17,18371000.0,Active,92,0.6
10510,2045,2025-11-23,9539000.0,Active,6,-3.19
10511,419,2024-08-28,12832000.0,Active,49,3.03
10512,1750,2024-11-21,16494000.0,Sold,26,-2.66
10513,2843,2025-08-22,17075000.0,Active,39,1.79
10514,7379,2025-09-02,8104000.0,Withdrawn,5,5.68
10515,5485,2024-10-06,13977000.0,Active,66,-1.83
10516,1100,2025-01-13,13378000.0,Active,117,-2.12
10517,7828,2026-04-27,7075000.0,Expired,188,-2.81
10518,3393,2026-05-15,7387000.0,Expired,75,1.4
10519,2773,2024-12-22,18831000.0,Sold,24,-1.67
10520,2481,2026-06-14,9269000.0,Active,5,-2.6
10521,6253,2026-01-20,21206000.0,Active,61,-5.02
10522,6785,2025-02-26,11437000.0,Active,18,-4.28
10523,1546,2024-09-13,12819000.0,Active,50,-4.64
10524,1071,2024-12-27,24789000.0,Sold,86,-2.55
10525,6523,2024-08-13,12622000.0,Sold,31,-6.67
10526,1851,2026-01-06,11146000.0,Expired,81,-0.16
10527,5216,2025-04-16,8755000.0,Sold,195,-6.79
10528,5054,2023-09-23,6439000.0,Sold,116,-5.36
10529,4199,2024-01-11,15218000.0,Sold,108,-5.13
10530,2940,2025-02-02,9483000.0,Withdrawn,5,-0.29
10531,6998,2026-04-17,9802000.0,Active,8,-2.36
10532,5266,2025-08-15,11497000.0,Active,117,-4.24
10533,1904,2024-01-06,12954000.0,Active,149,1.47
10534,7195,2024-05-22,9599000.0,Active,42,-4.35
10535,5852,2026-01-05,9479000.0,Active,44,-4.14
10536,6674,2025-05-22,13289000.0,Sold,19,-1.81
10537,679,2023-10-10,12464000.0,Active,50,0.17
10538,6065,2025-01-08,8861000.0,Active,63,-1.26
10539,989,2024-06-30,11651000.0,Expired,119,-6.92
10540,5202,2025-05-17,14775000.0,Active,5,-0.75
10541,2476,2025-07-13,29347500.0,Expired,151,-3.08
10542,1608,2026-02-10,14731000.0,Sold,94,-0.35
10543,2870,2026-05-23,16435000.0,Expired,70,-6.59
10544,1503,2024-05-21,5182000.0,Sold,93,-0.97
10545,1790,2026-08-15,9217000.0,Sold,131,-4.85
10546,5282,2024-03-15,12514000.0,Sold,59,-4.97
10547,5028,2024-02-19,6483000.0,Expired,15,2.79
10548,1426,2024-01-30,15225000.0,Active,98,2.07
10549,7676,2025-07-09,15646000.0,Withdrawn,81,-1.74
10550,5158,2024-05-25,12635000.0,Expired,36,-7.63
10551,6075,2026-04-28,10418000.0,Expired,88,-7.58
10552,6655,2024-06-09,7941000.0,Sold,70,-7.23
10553,2441,2025-09-05,16669000.0,Expired,5,-2.25
10554,2043,2024-05-04,11352000.0,Expired,35,2.44
10555,6857,2023-12-08,21086000.0,Active,5,-3.96
10556,6638,2025-01-31,12067000.0,Sold,31,-4.31
10557,7368,2026-05-12,17140000.0,Sold,128,-4.24
10558,1279,2025-08-04,12749000.0,Sold,54,3.62
10559,5299,2025-11-17,15104000.0,Sold,107,-3.48
10560,2595,2023-08-20,17327000.0,Sold,104,1.32
10561,4690,2023-11-02,9940000.0,Withdrawn,125,-8.39
10562,2437,2023-10-22,21996000.0,Sold,85,0.49
10563,5518,2024-03-21,14787000.0,Expired,44,-0.3
10564,3804,2024-10-28,8747000.0,Withdrawn,124,1.83
10565,2206,2026-05-13,8268000.0,Active,143,1.0
10566,1028,2025-06-19,12856000.0,Withdrawn,79,1.8
10567,6311,2026-07-18,19029000.0,Active,51,-6.54
10568,3540,2023-11-06,13082000.0,Active,63,1.12
10569,5056,2024-10-25,9509000.0,Expired,62,1.24
10570,6553,2026-01-18,13851000.0,Sold,19,1.03
10571,3484,2024-05-22,14910000.0,Sold,79,-2.13
10572,7372,2024-01-04,9875000.0,Sold,26,2.81
10573,2242,2024-12-07,13260000.0,Sold,5,2.01
10574,6379,2026-07-27,9441000.0,Active,113,2.69
10575,2766,2025-12-18,14846000.0,Sold,33,3.3
10576,1174,2024-10-22,12568000.0,Sold,129,3.1
10577,3231,2025-08-14,8168000.0,Withdrawn,23,-2.49
10578,3351,2024-06-15,14508000.0,Active,113,2.02
10579,4912,2023-10-31,14234000.0,Sold,46,-4.6
10580,404,2023-09-20,10710000.0,Sold,100,-3.89
10581,4989,2025-09-19,13085000.0,Active,91,-8.57
10582,2726,2024-04-16,6721000.0,Expired,40,-0.91
10583,3383,2024-03-07,13321000.0,Sold,142,-3.57
10584,4164,2024-08-28,18099000.0,Sold,44,2.49
10585,7631,2024-09-24,6954000.0,Expired,5,-5.78
10586,88,2026-08-07,13714000.0,Withdrawn,86,-2.84
10587,6361,2025-10-03,12873000.0,Withdrawn,99,0.95
10588,6145,2025-04-06,7234000.0,Active,69,-0.57
10589,1159,2023-12-14,16679000.0,Withdrawn,85,0.27
10590,5817,2025-09-08,9581000.0,Withdrawn,46,-5.22
10591,5471,2026-04-26,9877000.0,Active,77,-0.79
10592,6284,2025-11-20,23381000.0,Active,20,1.11
10593,6762,2023-09-01,4881000.0,Active,78,3.61
10594,6277,2023-08-25,6237000.0,Sold,71,-2.32
10595,5740,2025-11-04,16121000.0,Expired,58,0.44
10596,4274,2023-11-15,11395000.0,Active,73,-0.77
10597,2858,2026-03-25,16000000.0,Sold,48,-4.37
10598,1382,2024-04-18,7299000.0,Withdrawn,69,-1.7
10599,6524,2023-11-27,13056000.0,Active,32,0.48
10600,5004,2024-02-09,6752000.0,Active,112,5.84
10601,6802,2025-05-04,11724000.0,Active,57,-3.56
10602,6594,2023-10-10,4859000.0,Active,21,-3.46
10603,4682,2026-02-24,8254000.0,Expired,109,-0.56
10604,6607,2025-02-09,9840000.0,Sold,23,1.82
10605,5086,2023-11-04,14747000.0,Sold,25,-4.07
10606,5228,2025-11-06,11926000.0,Active,144,-1.81
10607,6266,2026-04-06,12857000.0,Sold,63,-4.49
10608,2065,2025-10-07,10318000.0,Sold,92,-4.56
10609,5316,2024-06-08,13516000.0,Active,119,-1.39
10610,2375,2026-06-25,9151000.0,Sold,61,2.07
10611,318,2025-04-13,18748000.0,Sold,12,-3.38
10612,6953,2023-09-15,12047000.0,Active,90,1.06
10613,1503,2024-07-10,5182000.0,Expired,28,-2.14
10614,6131,2025-04-20,15526000.0,Active,5,-0.65
10615,7420,2025-08-16,12206000.0,Expired,80,3.79
10616,2043,2023-12-03,11352000.0,Active,70,-0.45
10617,4599,2025-02-07,12076000.0,Sold,45,1.12
10618,2023,2024-04-08,9592000.0,Sold,52,0.39
10619,119,2026-03-10,21374000.0,Sold,69,-0.81
10620,7842,2024-07-14,10600000.0,Active,69,-3.53
10621,710,2026-02-22,10813000.0,Sold,85,-5.99
10622,7666,2024-05-22,15834000.0,Active,103,1.16
10623,3558,2024-06-22,2721000.0,Active,95,1.56
10624,4141,2023-12-24,15944000.0,Expired,13,-0.18
10625,4410,2024-10-10,16983000.0,Sold,20,-0.97
10626,3251,2026-01-02,10255000.0,Sold,57,-2.67
10627,418,2023-10-26,15828000.0,Sold,29,-3.36
10628,2604,2024-12-29,10585000.0,Active,22,-2.3
10629,3855,2025-07-25,8744000.0,Active,122,-0.48
10630,1102,2025-02-08,16755000.0,Active,62,-5.49
10631,4422,2024-12-28,10924000.0,Sold,104,-1.55
10632,7858,2025-03-24,10342000.0,Active,103,-0.62
10633,3429,2025-06-27,13137000.0,Active,138,1.36
10634,5536,2023-11-07,5836000.0,Expired,84,-1.12
10635,6083,2023-12-31,7751000.0,Sold,88,-3.84
10636,6659,2023-12-27,9565000.0,Withdrawn,25,0.07
10637,2262,2023-10-24,21042000.0,Sold,60,-1.72
10638,4170,2024-02-12,17717000.0,Expired,5,-1.54
10639,3635,2025-06-16,7664000.0,Active,5,-3.34
10640,5699,2025-02-22,12637000.0,Active,41,-3.24
10641,509,2024-05-27,9955000.0,Withdrawn,77,0.82
10642,2380,2025-06-30,9715000.0,Sold,62,-0.11
10643,3165,2026-06-19,13247000.0,Active,36,-6.91
10644,688,2025-03-26,20609000.0,Active,70,2.27
10645,4753,2023-10-09,15395000.0,Expired,52,-3.26
10646,5639,2023-12-12,8906000.0,Sold,154,1.05
10647,1293,2023-12-02,9455000.0,Sold,155,0.22
10648,5496,2023-10-25,11270000.0,Sold,127,-3.52
10649,3906,2024-08-31,25478000.0,Sold,85,-0.3
10650,3076,2024-10-21,8967000.0,Sold,155,-0.01
10651,3210,2025-01-10,21453000.0,Expired,48,-3.17
10652,7399,2026-03-30,13009000.0,Withdrawn,47,-5.23
10653,6744,2024-12-01,9645000.0,Active,63,-1.41
10654,5649,2024-08-16,10011000.0,Withdrawn,115,-3.3
10655,5172,2025-07-10,7332000.0,Active,49,-1.59
10656,7814,2024-12-30,20526000.0,Active,5,-3.87
10657,7891,2024-09-22,13451000.0,Active,105,0.12
10658,325,2025-05-30,7866000.0,Sold,122,-0.57
10659,5088,2026-04-17,13090000.0,Sold,137,0.15
10660,1994,2026-01-18,9675000.0,Expired,71,0.48
10661,3977,2024-04-22,15520000.0,Sold,133,2.15
10662,7899,2025-07-08,11453000.0,Sold,55,-2.26
10663,4813,2026-03-31,14172000.0,Active,95,0.97
10664,2771,2024-08-04,10648000.0,Sold,61,0.37
10665,4373,2025-05-26,9698000.0,Expired,83,-0.87
10666,2584,2025-10-25,4253000.0,Active,5,-1.62
10667,3558,2024-06-21,2721000.0,Sold,16,-1.16
10668,3588,2025-02-06,7928000.0,Withdrawn,51,2.88
10669,152,2025-06-11,10477000.0,Expired,64,-3.4
10670,955,2023-11-19,11418000.0,Sold,120,-4.92
10671,5603,2026-07-21,15286000.0,Sold,50,0.09
10672,4355,2026-02-01,12927000.0,Active,75,-0.06
10673,2372,2025-12-01,10532000.0,Expired,89,-1.83
10674,7161,2025-10-12,11263000.0,Sold,94,-1.62
10675,4965,2025-05-21,11158000.0,Active,144,-1.23
10676,1192,2025-07-05,13053000.0,Expired,13,-5.63
10677,688,2025-11-10,20609000.0,Sold,41,-1.71
10678,310,2026-06-16,15038000.0,Withdrawn,133,2.81
10679,6947,2025-03-22,16951000.0,Active,135,-5.51
10680,1503,2025-04-02,5182000.0,Withdrawn,40,2.1
10681,3128,2026-03-12,13827000.0,Sold,51,-2.1
10682,6764,2024-07-29,12177000.0,Active,57,-0.71
10683,4569,2024-04-14,8662000.0,Sold,13,-0.22
10684,3368,2023-10-06,15521000.0,Sold,99,-0.29
10685,6605,2023-08-24,17584000.0,Active,27,0.91
10686,3396,2024-07-31,20386000.0,Sold,103,0.13
10687,814,2024-04-10,10342000.0,Active,74,-5.38
10688,846,2024-06-04,21139000.0,Active,91,-4.83
10689,1165,2024-04-08,14673000.0,Active,72,1.79
10690,4763,2024-06-04,19281000.0,Expired,81,-2.47
10691,6406,2026-02-01,10112000.0,Active,30,-2.01
10692,5905,2024-02-26,9665000.0,Sold,33,-5.6
10693,5540,2025-12-30,7821000.0,Active,84,-2.32
10694,1768,2026-03-07,12843000.0,Active,81,2.89
10695,5361,2023-08-22,12031000.0,Sold,91,-2.43
10696,355,2024-02-04,7218000.0,Withdrawn,90,3.69
10697,1873,2026-06-29,16412000.0,Expired,85,-2.77
10698,2025,2025-01-14,7601000.0,Active,5,2.69
10699,2818,2024-08-23,11266000.0,Sold,40,1.11
10700,3833,2024-12-21,15268000.0,Expired,35,-0.52
10701,7757,2024-03-28,20556000.0,Active,130,-4.99
10702,4276,2025-10-04,12016000.0,Sold,52,-0.97
10703,66,2025-06-25,11584000.0,Withdrawn,31,1.9
10704,4916,2026-01-18,10977000.0,Expired,48,-0.22
10705,5468,2026-01-01,14767000.0,Withdrawn,132,1.04
10706,4267,2023-11-25,16874000.0,Sold,99,-2.24
10707,4091,2024-11-27,18228000.0,Expired,109,-4.67
10708,2522,2025-03-21,6510000.0,Withdrawn,120,-5.86
10709,2582,2024-08-28,12896000.0,Expired,5,0.06
10710,1391,2023-12-12,8634000.0,Active,129,-1.59
10711,1131,2026-03-12,13246000.0,Sold,27,0.68
10712,2487,2024-01-21,11405000.0,Sold,46,-6.26
10713,835,2026-08-04,11337000.0,Expired,52,1.77
10714,227,2024-03-28,11059000.0,Sold,105,2.96
10715,3516,2024-03-17,11301000.0,Sold,13,-6.63
10716,4538,2026-01-22,17113000.0,Active,16,-4.4
10717,2444,2025-02-25,15721000.0,Expired,55,0.41
10718,728,2023-11-26,11821000.0,Sold,30,-3.47
10719,5701,2026-01-14,9325000.0,Sold,87,-5.17
10720,6228,2024-02-28,17988000.0,Sold,98,-0.18
10721,3687,2024-10-18,15032000.0,Sold,64,4.29
10722,3623,2024-04-22,14710000.0,Active,5,3.48
10723,1037,2024-05-18,8591000.0,Active,80,-4.86
10724,1833,2023-09-20,12187000.0,Sold,36,-0.59
10725,5945,2025-12-07,11235000.0,Withdrawn,5,-3.53
10726,2741,2023-10-17,11983000.0,Sold,16,-5.05
10727,493,2026-06-21,13252000.0,Expired,144,-4.49
10728,7436,2026-05-22,11968000.0,Sold,70,-2.91
10729,1549,2025-04-17,21923000.0,Active,61,-3.6
10730,1144,2026-07-21,17656000.0,Expired,119,-2.07
10731,5066,2026-01-27,18515000.0,Active,80,-0.97
10732,6497,2026-08-07,11806000.0,Sold,37,-2.12
10733,7225,2023-09-03,15506000.0,Active,127,-2.64
10734,6184,2026-04-20,13909000.0,Sold,50,2.24
10735,3958,2025-03-07,13336000.0,Sold,73,-0.26
10736,3408,2024-12-02,22241000.0,Active,100,-4.41
10737,640,2025-09-19,15101000.0,Sold,123,-1.56
10738,173,2023-12-15,16335000.0,Sold,13,-0.94
10739,5667,2025-12-12,10241000.0,Withdrawn,78,-3.9
10740,4355,2025-02-20,12927000.0,Sold,45,-1.56
10741,3960,2024-07-16,15882000.0,Active,31,-3.97
10742,517,2025-09-27,6633000.0,Active,104,-7.44
10743,6874,2024-04-29,20112000.0,Active,87,-4.75
10744,523,2024-10-28,14023000.0,Sold,131,-4.49
10745,1918,2024-08-03,11144000.0,Active,72,2.14
10746,2887,2026-02-13,13431000.0,Active,52,0.89
10747,2165,2025-01-10,13123000.0,Active,5,0.31
10748,6328,2025-01-31,8860000.0,Sold,68,1.36
10749,1930,2023-11-29,14114000.0,Active,82,-4.11
10750,3946,2024-01-13,15944000.0,Sold,122,0.72
10751,5236,2023-12-15,7841000.0,Sold,109,-2.6
10752,2210,2024-11-05,10018000.0,Expired,37,-1.78
10753,7747,2023-12-13,27686000.0,Sold,158,-2.64
10754,3784,2025-04-29,8973000.0,Withdrawn,50,-2.52
10755,2591,2026-05-02,7882000.0,Expired,201,-2.41
10756,7755,2026-07-12,12037000.0,Sold,17,-8.33
10757,7405,2026-03-09,8132000.0,Sold,47,-1.03
10758,4935,2026-04-01,12566000.0,Active,35,-3.37
10759,4077,2026-08-19,11022000.0,Sold,207,-1.48
10760,5186,2026-05-02,14863000.0,Sold,101,-2.18
10761,1094,2026-07-22,7850000.0,Sold,124,-6.0
10762,3881,2026-05-16,16869000.0,Sold,59,-0.37
10763,2495,2024-01-08,11074000.0,Expired,148,-3.36
10764,6560,2024-08-19,8302000.0,Sold,90,0.68
10765,2580,2026-06-06,10598000.0,Sold,54,-1.4
10766,2489,2025-01-31,11016000.0,Active,156,-1.65
10767,2786,2026-02-12,7407000.0,Sold,133,2.65
10768,6066,2024-12-26,13880000.0,Sold,97,-6.4
10769,6608,2023-11-07,14789000.0,Sold,106,-5.75
10770,6540,2024-12-27,8697000.0,Active,87,-1.16
10771,2759,2023-08-27,8699000.0,Withdrawn,142,-0.18
10772,1575,2024-10-25,6795000.0,Sold,118,-1.74
10773,7825,2024-11-11,15656000.0,Active,57,-6.37
10774,5677,2025-07-26,14854000.0,Active,128,-2.51
10775,6539,2024-06-15,10175000.0,Sold,58,-2.09
10776,2374,2026-08-11,11118000.0,Sold,5,0.46
10777,3991,2026-02-16,11983000.0,Active,118,-0.12
10778,5211,2023-12-08,8741000.0,Active,55,-3.4
10779,4846,2025-01-19,7005000.0,Sold,111,-4.54
10780,1094,2024-05-03,7850000.0,Active,63,-1.56
10781,1190,2026-04-04,14763000.0,Sold,18,-1.56
10782,2690,2026-02-25,9881000.0,Active,119,1.31
10783,4096,2024-11-30,11528000.0,Active,61,-0.42
10784,6358,2025-05-04,9572000.0,Sold,161,5.78
10785,1876,2024-03-16,8268000.0,Sold,30,-2.09
10786,7769,2025-01-12,18546000.0,Sold,32,-2.17
10787,3407,2026-07-25,12857000.0,Expired,86,-1.12
10788,1788,2024-08-29,8974000.0,Sold,116,-0.12
10789,6513,2024-08-01,12272000.0,Expired,194,-4.87
10790,3933,2024-12-18,9251000.0,Withdrawn,39,0.54
10791,1608,2024-10-09,14731000.0,Withdrawn,83,-6.63
10792,3749,2025-05-19,22883000.0,Sold,81,-2.87
10793,49,2025-05-05,14047000.0,Expired,132,2.67
10794,5172,2025-09-19,7332000.0,Sold,79,-7.57
10795,5409,2025-10-14,13318000.0,Sold,56,6.54
10796,3862,2026-01-25,5395000.0,Sold,115,-2.42
10797,5746,2024-04-18,22730000.0,Sold,132,0.27
10798,7407,2026-02-14,4685000.0,Active,41,-2.54
10799,2181,2024-10-02,7993000.0,Active,66,-2.39
10800,3047,2024-10-18,9270000.0,Sold,71,1.61
10801,2834,2026-05-02,9917000.0,Sold,49,1.99
10802,5286,2023-09-26,15791000.0,Active,5,-1.54
10803,1398,2025-10-22,17549000.0,Active,130,-3.62
10804,6517,2026-07-22,11667000.0,Active,87,-2.28
10805,5925,2025-08-02,15936000.0,Sold,103,3.32
10806,7646,2025-08-08,4280000.0,Active,216,1.96
10807,3827,2025-11-07,16585000.0,Sold,113,-5.16
10808,4575,2023-09-22,15348000.0,Expired,53,1.4
10809,832,2024-06-05,17444000.0,Sold,84,-1.48
10810,2698,2025-10-22,14176000.0,Active,161,-0.17
10811,5711,2026-04-12,3121000.0,Sold,163,-3.61
10812,4778,2024-09-09,5629000.0,Sold,136,-2.15
10813,7803,2025-07-28,18515000.0,Active,88,-0.77
10814,2736,2023-10-26,21894000.0,Active,103,-1.81
10815,5420,2024-12-14,11251000.0,Expired,66,-4.47
10816,82,2025-07-28,11937000.0,Active,66,-3.99
10817,87,2023-11-12,15778000.0,Withdrawn,39,-3.3
10818,6369,2025-07-25,11693000.0,Expired,98,3.62
10819,2064,2025-12-08,10684000.0,Active,57,-3.89
10820,822,2025-06-30,19669000.0,Expired,5,2.26
10821,7526,2026-06-21,12761000.0,Sold,36,-4.12
10822,163,2025-10-26,17186000.0,Withdrawn,43,-6.39
10823,7778,2025-07-11,17146000.0,Sold,60,-0.77
10824,3740,2024-04-19,12085000.0,Sold,97,-1.83
10825,6658,2024-04-21,13518000.0,Sold,122,1.38
10826,2398,2025-08-01,12178000.0,Active,115,-5.28
10827,1933,2025-02-04,15941000.0,Sold,82,-2.44
10828,2729,2025-02-08,4496000.0,Expired,165,-4.2
10829,3536,2024-08-23,10626000.0,Active,146,-4.46
10830,5947,2025-05-28,16237000.0,Withdrawn,42,-1.64
10831,5957,2023-11-10,8100000.0,Sold,39,3.13
10832,3447,2023-11-28,11581000.0,Active,54,-7.54
10833,5212,2025-07-19,9454000.0,Sold,140,4.13
10834,6325,2025-07-24,11830000.0,Active,106,-1.0
10835,2791,2026-07-25,20810000.0,Sold,9,-2.29
10836,7469,2024-08-31,14468000.0,Active,72,2.51
10837,2708,2025-09-08,9538000.0,Expired,8,-0.41
10838,7960,2026-03-17,15190000.0,Sold,105,5.6
10839,7357,2024-04-28,9367000.0,Active,131,-2.41
10840,5979,2025-12-19,21101000.0,Expired,142,-5.13
10841,3934,2025-12-14,18001000.0,Active,148,-2.37
10842,3386,2023-11-28,10399000.0,Active,156,-0.93
10843,6637,2024-01-04,14258000.0,Withdrawn,6,-4.55
10844,923,2025-11-26,17599000.0,Active,65,-8.35
10845,2176,2025-09-06,10168000.0,Sold,201,-5.03
10846,7687,2025-05-16,13519000.0,Sold,5,-2.2
10847,5546,2026-07-20,9930000.0,Expired,5,-3.23
10848,1583,2026-05-04,7551000.0,Sold,124,1.32
10849,565,2023-09-07,10912000.0,Withdrawn,100,4.22
10850,3259,2024-03-09,10365000.0,Sold,141,-1.74
10851,2598,2025-11-02,16448000.0,Withdrawn,40,-0.25
10852,2501,2025-02-27,34265000.0,Sold,5,-6.43
10853,4567,2024-08-05,14014000.0,Withdrawn,90,-3.33
10854,988,2025-09-20,11048000.0,Sold,129,1.24
10855,6882,2024-11-09,8791000.0,Active,35,-3.74
10856,3637,2023-10-17,7327000.0,Sold,78,-2.34
10857,6031,2026-02-12,21297000.0,Active,53,-2.46
10858,224,2026-05-11,10769000.0,Sold,45,2.14
10859,6298,2023-09-18,6628000.0,Sold,96,-3.62
10860,6704,2026-06-04,5831000.0,Active,70,-1.97
10861,351,2025-03-28,15436000.0,Active,75,-0.97
10862,7315,2024-09-08,9555000.0,Sold,88,-3.01
10863,1929,2023-11-19,13508000.0,Sold,10,-0.68
10864,7744,2025-03-14,9060000.0,Sold,109,-1.81
10865,349,2024-06-03,10407000.0,Expired,117,1.6
10866,4278,2024-03-26,10103000.0,Sold,34,-1.43
10867,4733,2026-01-29,22243000.0,Sold,107,-5.17
10868,1018,2024-03-31,22495000.0,Active,71,-0.04
10869,2227,2024-05-19,10484000.0,Expired,73,-5.26
10870,7207,2024-12-08,14130000.0,Active,30,1.35
10871,4868,2023-10-26,15797000.0,Expired,59,-4.97
10872,7038,2026-08-15,12765000.0,Sold,108,-3.54
10873,7171,2025-03-14,20667000.0,Sold,119,-6.94
10874,5112,2024-12-17,7106000.0,Sold,72,1.77
10875,6208,2025-07-09,24954000.0,Expired,5,-2.79
10876,4125,2025-11-26,5444000.0,Active,153,-2.23
10877,2420,2026-05-25,8086000.0,Active,17,-6.4
10878,7691,2024-06-26,8378000.0,Expired,72,1.68
10879,6241,2024-01-25,5339000.0,Active,97,1.21
10880,1894,2026-05-04,12404000.0,Expired,92,-4.25
10881,5562,2024-05-31,12874000.0,Active,131,-0.04
10882,5323,2025-09-29,13565000.0,Sold,61,-6.82
10883,7579,2025-01-09,16755000.0,Expired,77,-4.99
10884,3041,2024-01-25,19531000.0,Sold,61,0.92
10885,2069,2026-01-13,8073000.0,Withdrawn,136,-1.8
10886,7719,2025-02-07,11891000.0,Sold,5,-0.34
10887,6879,2024-07-03,14635000.0,Active,99,-2.93
10888,1126,2023-09-11,9372000.0,Active,59,-1.04
10889,3118,2024-11-08,4909000.0,Sold,125,-3.93
10890,4162,2025-02-17,11602000.0,Active,67,-0.8
10891,6747,2024-01-10,12831000.0,Active,25,-1.71
10892,7332,2025-07-21,8317000.0,Active,75,5.56
10893,4043,2024-01-20,16798000.0,Expired,111,-5.48
10894,5231,2025-03-20,12470000.0,Sold,127,-4.35
10895,4434,2025-10-27,11956000.0,Active,74,-0.85
10896,2171,2025-03-14,10791000.0,Active,46,2.31
10897,5825,2023-09-15,16735000.0,Active,79,-3.16
10898,447,2025-10-16,10617000.0,Sold,31,1.03
10899,2659,2025-07-19,18018000.0,Active,64,-1.1
10900,3363,2025-05-20,14794000.0,Active,36,-3.93
10901,2719,2024-08-21,15423000.0,Active,25,-2.3
10902,3484,2024-11-23,14910000.0,Sold,69,0.09
10903,6759,2024-02-20,16593000.0,Withdrawn,39,1.72
10904,2945,2025-10-05,9479000.0,Expired,77,-3.47
10905,4377,2023-10-03,14683000.0,Active,98,-6.53
10906,7211,2024-07-27,19317000.0,Active,92,-3.18
10907,7654,2024-06-05,7268000.0,Active,126,-2.18
10908,596,2026-01-01,15446000.0,Active,57,-2.62
10909,1987,2024-10-06,16088000.0,Expired,139,-3.22
10910,2751,2024-12-12,11659000.0,Withdrawn,82,-3.33
10911,1075,2026-05-08,13272000.0,Sold,26,-7.49
10912,3970,2024-04-20,17176000.0,Sold,119,1.58
10913,4306,2026-03-21,17988000.0,Sold,59,-5.17
10914,4222,2024-03-12,16837000.0,Sold,164,3.06
10915,4588,2025-03-13,6348000.0,Sold,26,-2.68
10916,3581,2024-01-10,5855000.0,Sold,199,0.22
10917,3008,2025-12-09,18014000.0,Sold,104,-2.25
10918,970,2026-02-27,10738000.0,Active,43,0.56
10919,581,2026-05-15,10461000.0,Active,89,-0.44
10920,2825,2024-10-24,11833000.0,Active,66,-0.78
10921,6402,2024-11-03,7339000.0,Active,111,-4.27
10922,4002,2024-06-06,8793000.0,Expired,47,-4.56
10923,1212,2024-05-26,13838000.0,Sold,126,-3.29
10924,230,2023-12-12,14259000.0,Expired,76,-5.82
10925,4285,2024-12-16,6486000.0,Expired,136,-5.84
10926,7583,2026-03-27,16298000.0,Active,81,-2.98
10927,6154,2024-05-22,14889000.0,Active,158,-5.12
10928,3186,2026-05-24,13602000.0,Active,32,-0.85
10929,7244,2025-01-13,15413000.0,Active,30,1.29
10930,6820,2024-08-27,16980000.0,Sold,175,-1.97
10931,502,2024-03-06,15708000.0,Sold,8,7.1
10932,2133,2025-12-09,16949000.0,Sold,21,-2.77
10933,49,2024-07-17,14047000.0,Sold,110,-3.48
10934,3567,2026-03-02,7299000.0,Expired,5,-2.67
10935,6982,2024-11-01,12524000.0,Sold,90,-3.75
10936,3056,2026-01-10,19114000.0,Expired,121,-4.26
10937,689,2026-06-15,14018000.0,Sold,79,0.01
10938,387,2023-12-23,10589000.0,Active,25,1.37
10939,970,2025-05-30,10738000.0,Expired,159,-4.65
10940,3461,2023-10-31,8394000.0,Expired,40,-3.33
10941,1006,2024-09-29,10412000.0,Active,117,0.9
10942,6362,2025-01-06,13044000.0,Active,57,2.72
10943,5821,2024-05-17,14318000.0,Sold,139,-4.51
10944,6101,2025-09-11,16329000.0,Sold,84,0.67
10945,3053,2024-01-24,12135000.0,Active,60,-2.59
10946,3418,2025-04-17,6199000.0,Sold,40,-5.67
10947,7398,2024-08-13,9196000.0,Expired,78,1.99
10948,2303,2025-07-24,11612000.0,Active,55,-2.21
10949,2284,2023-09-20,14406000.0,Active,8,3.9
10950,7194,2025-07-06,19637000.0,Active,69,-9.06
10951,1608,2024-08-12,14731000.0,Sold,64,-2.13
10952,7429,2025-07-05,20357000.0,Sold,35,-3.66
10953,5886,2024-09-11,17426000.0,Sold,79,-1.18
10954,4367,2026-04-15,13963000.0,Expired,133,-1.72
10955,123,2024-05-30,5775000.0,Active,71,-1.52
10956,6800,2024-08-18,6386000.0,Sold,128,-3.97
10957,1281,2025-03-19,12105000.0,Sold,118,2.63
10958,3728,2023-10-06,13786000.0,Expired,82,3.48
10959,5541,2024-11-17,12274000.0,Sold,65,-2.68
10960,259,2024-07-27,9037000.0,Active,102,-0.26
10961,948,2025-01-04,17855000.0,Expired,65,-4.01
10962,6191,2024-07-11,16345000.0,Active,138,-1.28
10963,4959,2024-04-23,9848000.0,Active,120,-0.16
10964,525,2025-08-19,9205000.0,Sold,6,-2.52
10965,888,2023-12-28,5235000.0,Active,40,-2.59
10966,208,2024-12-31,10122000.0,Active,46,-6.43
10967,3383,2023-10-09,13321000.0,Active,171,-7.62
10968,2795,2025-03-29,12490000.0,Sold,5,1.51
10969,149,2024-05-03,12913000.0,Sold,186,-2.23
10970,438,2024-09-06,12677000.0,Withdrawn,77,-2.36
10971,2203,2024-06-28,12758000.0,Active,140,0.0
10972,3750,2024-02-29,9714000.0,Expired,115,-0.55
10973,3162,2026-05-21,9970000.0,Sold,76,-4.17
10974,5818,2025-12-23,14914000.0,Sold,30,3.57
10975,3902,2026-05-24,13312000.0,Sold,47,-6.0
10976,4454,2024-09-20,5311000.0,Sold,23,-0.56
10977,3246,2024-06-29,14164000.0,Sold,116,0.34
10978,5337,2026-06-30,11204000.0,Sold,82,1.17
10979,6027,2025-11-26,8365000.0,Active,36,-4.15
10980,4552,2025-03-30,25797000.0,Sold,119,2.46
10981,2824,2024-10-17,14728000.0,Active,107,0.36
10982,5729,2023-09-05,9597000.0,Sold,103,3.38
10983,4725,2024-03-14,13083000.0,Active,73,-0.7
10984,3271,2024-09-22,13245000.0,Active,109,-0.61
10985,6976,2024-05-18,13954000.0,Sold,39,-0.04
10986,486,2023-12-16,15758000.0,Active,37,-0.41
10987,6677,2024-11-26,14136000.0,Expired,5,-1.06
10988,200,2026-02-14,7506000.0,Expired,96,-0.76
10989,4467,2024-07-26,20644000.0,Active,74,-4.6
10990,5110,2023-12-14,23146000.0,Sold,47,-7.26
10991,1983,2024-06-02,15390000.0,Expired,85,-2.22
10992,6997,2023-12-11,16747000.0,Sold,28,-0.43
10993,1472,2025-12-06,9666000.0,Active,167,0.11
10994,4344,2025-08-07,13056000.0,Withdrawn,111,-4.77
10995,4884,2023-09-24,11491000.0,Active,103,-3.44
10996,2312,2023-12-07,15130000.0,Sold,59,-1.62
10997,7226,2025-08-27,18145000.0,Active,129,-1.17
10998,3374,2025-01-07,17772000.0,Sold,14,-1.64
10999,2079,2024-04-19,18648000.0,Active,108,-5.22
11000,1522,2025-07-22,5498000.0,Sold,67,2.09
11001,5369,2025-09-03,16514000.0,Active,75,-0.63
11002,605,2023-11-15,12528000.0,Sold,38,3.06
11003,3849,2024-02-21,2658000.0,Sold,45,-0.33
11004,3343,2025-05-13,11058000.0,Active,65,-2.32
11005,7774,2026-02-03,9326000.0,Expired,86,-0.66
11006,5786,2024-05-03,10835000.0,Withdrawn,83,1.06
11007,1418,2026-01-18,12990000.0,Sold,98,-6.21
11008,5917,2025-03-11,14029000.0,Sold,77,0.6
11009,4598,2024-06-23,12231000.0,Active,82,-2.28
11010,7760,2026-08-01,18486000.0,Active,48,3.39
11011,3876,2025-10-06,8280000.0,Sold,98,-1.78
11012,7252,2025-08-27,9435000.0,Sold,59,-3.78
11013,7533,2024-01-14,12546000.0,Sold,5,-2.14
11014,2934,2025-01-21,15606000.0,Sold,150,0.19
11015,549,2024-01-15,9158000.0,Sold,90,-6.73
11016,5462,2024-12-16,11393000.0,Sold,106,1.64
11017,839,2025-02-06,18633000.0,Sold,108,-6.21
11018,5527,2023-12-13,14681000.0,Active,83,1.35
11019,5545,2024-08-06,4540000.0,Sold,87,-2.16
11020,3816,2025-07-29,15604000.0,Sold,119,-0.27
11021,7261,2026-08-15,18156000.0,Active,107,3.32
11022,848,2024-03-20,21711000.0,Sold,22,-3.12
11023,4710,2026-02-18,8606000.0,Sold,114,-6.4
11024,4508,2023-08-24,4600000.0,Sold,64,-2.62
11025,6576,2025-05-28,13818000.0,Withdrawn,113,-2.84
11026,4774,2025-09-04,15109000.0,Withdrawn,56,1.12
11027,4255,2024-06-23,18644000.0,Sold,84,-7.24
11028,6158,2025-02-04,8347000.0,Sold,87,-3.14
11029,4469,2026-05-13,3711000.0,Sold,40,3.7
11030,2273,2024-05-22,13577000.0,Sold,35,-2.72
11031,7673,2026-05-15,12655000.0,Sold,79,-1.09
11032,5193,2023-08-22,21594000.0,Withdrawn,115,-0.72
11033,3321,2024-03-17,13072000.0,Sold,43,-5.41
11034,2559,2026-01-05,13936000.0,Sold,133,-0.58
11035,4699,2026-07-19,11529000.0,Withdrawn,71,-1.29
11036,4312,2025-11-26,12077000.0,Expired,100,-1.2
11037,1997,2025-06-02,11690000.0,Sold,205,-2.15
11038,3674,2024-02-11,11422000.0,Active,97,-3.21
11039,1565,2025-05-01,10776000.0,Sold,144,-4.4
11040,4019,2023-10-08,16177000.0,Active,140,-2.42
11041,1841,2024-11-02,13074000.0,Sold,76,0.3
11042,6059,2026-02-12,13404000.0,Sold,31,-0.82
11043,7132,2025-06-13,6537000.0,Active,112,1.72
11044,3292,2025-12-04,7577000.0,Sold,51,0.17
11045,2888,2024-08-11,7835000.0,Active,86,3.88
11046,727,2025-11-17,6429000.0,Sold,139,-1.34
11047,1245,2023-09-25,10585000.0,Sold,140,-2.53
11048,3461,2025-09-19,8394000.0,Withdrawn,63,1.71
11049,6698,2024-05-14,7805000.0,Active,9,-6.97
11050,3719,2024-11-23,6846000.0,Active,41,5.94
11051,1066,2024-08-06,10209000.0,Sold,111,-0.58
11052,4772,2026-02-05,10102000.0,Active,98,2.96
11053,7017,2025-07-21,11557000.0,Withdrawn,102,2.23
11054,283,2025-04-19,10836000.0,Sold,107,-5.07
11055,1082,2026-07-13,13723000.0,Sold,142,2.05
11056,3886,2025-03-17,5292000.0,Active,78,-2.84
11057,2882,2026-06-02,9029000.0,Active,17,-2.82
11058,2585,2024-05-06,9169000.0,Expired,49,-1.36
11059,7241,2026-04-08,3388000.0,Sold,29,-6.93
11060,6005,2024-08-04,15500000.0,Sold,173,3.57
11061,2971,2024-03-02,20760000.0,Sold,90,-1.52
11062,1153,2024-11-15,10174000.0,Active,76,-0.76
11063,7767,2026-08-06,6654000.0,Sold,92,0.96
11064,6986,2025-04-18,14361000.0,Withdrawn,43,-2.11
11065,3498,2024-09-23,10763000.0,Expired,71,-2.87
11066,948,2025-04-06,17855000.0,Withdrawn,106,-3.92
11067,4761,2025-08-22,9201000.0,Active,5,3.69
11068,1718,2023-12-29,42382500.0,Sold,99,-2.68
11069,5245,2025-03-18,14131000.0,Active,42,-2.95
11070,67,2025-04-15,7911000.0,Active,100,-1.23
11071,6150,2023-09-03,10405000.0,Active,138,-0.9
11072,637,2025-09-24,12238000.0,Sold,5,-0.87
11073,314,2023-08-20,13204000.0,Expired,107,-4.37
11074,3398,2024-08-18,15200000.0,Expired,33,4.28
11075,565,2024-03-20,10912000.0,Active,10,-0.08
11076,1602,2025-03-31,14415000.0,Expired,108,-5.82
11077,826,2025-04-09,3161000.0,Active,48,-2.55
11078,6650,2024-10-28,16054000.0,Sold,87,-0.08
11079,5202,2025-03-16,14775000.0,Active,42,-3.03
11080,3671,2025-01-26,10222000.0,Active,157,-1.51
11081,1026,2024-02-11,8404000.0,Active,81,1.26
11082,2252,2025-10-22,7677000.0,Sold,79,3.51
11083,4758,2026-03-05,7467000.0,Expired,65,-1.8
11084,805,2024-02-05,7596000.0,Sold,139,-2.15
11085,2452,2026-05-11,14825000.0,Withdrawn,162,1.9
11086,7271,2026-08-18,12763000.0,Active,36,4.02
11087,4632,2023-08-31,7808000.0,Active,102,0.23
11088,1392,2023-11-05,8353000.0,Expired,59,1.91
11089,1236,2026-08-03,22289000.0,Active,66,-2.2
11090,6721,2025-04-05,10019000.0,Sold,5,0.8
11091,4033,2026-05-01,19491000.0,Active,134,1.76
11092,3281,2024-11-26,11917000.0,Withdrawn,139,-0.07
11093,6907,2025-11-05,14420000.0,Active,104,1.06
11094,6017,2026-06-14,10853000.0,Active,5,0.25
11095,6261,2024-03-31,14242000.0,Withdrawn,125,-1.61
11096,4724,2025-10-03,12397000.0,Sold,71,-3.34
11097,4845,2025-01-13,7284000.0,Active,59,1.78
11098,3550,2026-06-20,14664000.0,Active,37,-1.22
11099,4201,2024-10-22,5953000.0,Sold,109,0.72
11100,6639,2023-12-21,8803000.0,Sold,45,-3.85
11101,7939,2024-06-09,17496000.0,Sold,35,-1.81
11102,4142,2024-09-04,8405000.0,Active,75,-4.76
11103,6967,2026-07-26,7853000.0,Active,147,-3.3
11104,1355,2023-11-02,8962000.0,Active,169,0.94
11105,5336,2025-05-14,14833000.0,Sold,116,-2.78
11106,5078,2025-04-26,16218000.0,Withdrawn,5,2.02
11107,5056,2024-12-20,9509000.0,Sold,90,-2.7
11108,5612,2026-02-23,14640000.0,Active,109,-3.53
11109,1837,2025-09-02,8501000.0,Expired,48,0.78
11110,2893,2024-01-06,14804000.0,Active,23,-3.1
11111,2497,2025-11-01,19441000.0,Sold,138,-3.19
11112,2584,2025-06-29,4253000.0,Sold,44,-0.49
11113,2559,2024-02-18,13936000.0,Expired,70,-1.38
11114,5578,2026-02-05,11869000.0,Active,30,1.28
11115,3619,2025-06-01,17250000.0,Sold,47,-2.3
11116,1560,2026-03-07,9885000.0,Sold,46,-1.2
11117,6684,2026-06-06,11490000.0,Sold,80,-1.26
11118,1508,2025-08-14,10278000.0,Sold,72,-2.67
11119,4072,2024-11-10,9687000.0,Sold,41,-6.65
11120,2064,2024-08-18,10684000.0,Active,76,-3.4
11121,3643,2025-12-09,8255000.0,Active,5,-1.38
11122,2001,2024-05-06,16977000.0,Active,45,-2.29
11123,6387,2025-05-20,16082000.0,Expired,5,-3.02
11124,6070,2025-09-29,12012000.0,Expired,72,0.12
11125,7375,2024-10-20,13476000.0,Withdrawn,63,-2.47
11126,5008,2025-04-24,10005000.0,Expired,76,-8.94
11127,1295,2025-12-12,15533000.0,Active,11,-1.73
11128,6905,2025-07-17,15755000.0,Active,173,-2.74
11129,4066,2025-04-03,6952000.0,Expired,54,0.29
11130,5899,2025-07-26,19778000.0,Sold,53,-1.15
11131,2753,2024-06-10,16834000.0,Sold,101,-6.56
11132,1754,2024-08-08,18499000.0,Expired,92,-2.0
11133,4211,2025-06-17,11898000.0,Active,33,-1.99
11134,1604,2023-10-17,5399000.0,Active,123,-0.02
11135,1323,2024-01-21,17285000.0,Sold,123,-4.32
11136,5957,2025-12-15,8100000.0,Active,132,0.68
11137,7651,2024-04-27,9888000.0,Active,5,4.1
11138,6541,2024-05-08,17668000.0,Sold,76,-5.32
11139,2442,2024-09-21,17497000.0,Active,49,-0.65
11140,1099,2025-03-16,17632000.0,Sold,59,-2.4
11141,5074,2024-09-04,13434000.0,Sold,65,1.13
11142,1506,2026-03-03,13731000.0,Active,191,3.38
11143,1127,2024-01-29,11074000.0,Expired,76,-4.01
11144,297,2025-03-06,15036000.0,Sold,59,-4.95
11145,3050,2024-04-18,10779000.0,Sold,41,-0.2
11146,2226,2024-10-31,4132000.0,Sold,5,-3.42
11147,7383,2024-04-12,13809000.0,Active,96,-3.37
11148,7111,2025-03-07,14010000.0,Active,65,4.6
11149,6459,2025-06-17,15205000.0,Withdrawn,5,1.68
11150,5159,2026-04-18,16231000.0,Expired,60,-5.2
11151,4355,2023-11-17,12927000.0,Active,5,-2.07
11152,3788,2025-06-07,17869000.0,Sold,65,-0.69
11153,6151,2024-09-06,15285000.0,Sold,84,0.12
11154,2097,2026-07-07,8923000.0,Expired,5,0.69
11155,3610,2025-04-19,14097000.0,Active,120,2.88
11156,2209,2024-09-23,8991000.0,Active,102,-0.96
11157,5989,2023-09-09,11889000.0,Active,73,-0.69
11158,176,2025-07-17,12571000.0,Expired,111,3.55
11159,7759,2025-05-24,13678000.0,Withdrawn,80,-3.91
11160,7170,2023-11-22,12234000.0,Sold,90,5.08
11161,5097,2025-10-16,12289000.0,Sold,57,-8.75
11162,6015,2025-06-09,17433000.0,Active,94,-3.01
11163,2503,2025-11-27,17070000.0,Withdrawn,66,0.01
11164,4000,2026-07-29,14257000.0,Withdrawn,123,-0.7
11165,1668,2026-04-05,14846000.0,Sold,159,3.0
11166,4372,2026-03-17,17758000.0,Sold,108,-4.58
11167,2546,2026-06-09,5968000.0,Active,128,0.83
11168,7797,2024-07-11,13227000.0,Active,114,-6.04
11169,676,2024-12-01,15228000.0,Expired,105,2.04
11170,1824,2025-05-01,14158000.0,Sold,79,-1.97
11171,5148,2025-07-07,7063000.0,Active,115,-5.55
11172,1357,2024-02-07,6556000.0,Sold,138,-0.39
11173,3073,2023-10-05,6264000.0,Active,5,-6.15
11174,3260,2025-01-09,13332000.0,Sold,75,0.85
11175,6200,2025-12-22,27757500.0,Sold,95,5.43
11176,547,2025-02-26,13446000.0,Expired,73,3.53
11177,5232,2025-09-05,7495000.0,Sold,156,-5.99
11178,7966,2025-09-13,13177000.0,Sold,85,-2.89
11179,7478,2024-06-16,13102000.0,Sold,40,-3.26
11180,2084,2026-03-09,8648000.0,Active,88,0.17
11181,2041,2026-05-26,14916000.0,Active,151,-5.33
11182,4535,2023-11-16,24207000.0,Expired,100,-5.44
11183,1753,2023-11-05,16693000.0,Sold,158,-2.67
11184,1616,2026-06-28,8961000.0,Active,66,-4.32
11185,1850,2026-07-05,17854000.0,Sold,43,-3.97
11186,2643,2025-01-19,7906000.0,Active,75,-3.49
11187,1601,2024-02-13,5393000.0,Expired,32,-0.06
11188,3397,2024-06-21,13384000.0,Expired,103,-3.0
11189,5760,2025-12-25,12891000.0,Sold,67,-2.49
11190,4403,2024-07-14,13313000.0,Active,52,-6.56
11191,3606,2025-11-06,18073000.0,Sold,80,6.61
11192,3800,2024-06-11,8010000.0,Active,47,0.76
11193,619,2024-05-28,18619000.0,Sold,68,-3.55
11194,1133,2026-02-27,11176000.0,Active,23,2.94
11195,5492,2025-05-12,9475000.0,Active,77,-0.52
11196,6501,2024-02-27,10062000.0,Sold,63,-4.25
11197,6325,2024-03-08,11830000.0,Expired,5,-2.78
11198,5476,2026-05-14,11778000.0,Sold,105,-6.85
11199,5796,2025-03-08,15954000.0,Expired,60,-0.62
11200,2116,2024-10-29,13455000.0,Active,124,-0.82
11201,2340,2025-11-02,12855000.0,Sold,105,4.15
11202,2740,2026-02-25,13946000.0,Sold,68,-4.79
11203,4277,2026-07-29,15562000.0,Sold,90,-3.45
11204,7634,2025-02-10,14078000.0,Withdrawn,78,-2.62
11205,6578,2024-03-10,9271000.0,Sold,84,-0.89
11206,1488,2023-09-12,19462000.0,Expired,94,-2.44
11207,7849,2023-10-20,12132000.0,Withdrawn,38,-0.37
11208,5010,2025-07-18,14686000.0,Active,116,-4.59
11209,1558,2023-09-13,16667000.0,Active,114,-4.4
11210,2114,2025-01-01,11913000.0,Active,223,-2.15
11211,1045,2023-09-11,6233000.0,Active,100,-3.17
11212,5732,2025-05-05,12612000.0,Active,17,-3.56
11213,2432,2025-02-15,14807000.0,Sold,83,-3.73
11214,7980,2026-03-24,7900000.0,Active,15,-1.02
11215,5735,2026-07-12,16987000.0,Sold,42,0.51
11216,1583,2025-08-09,7551000.0,Sold,72,-0.49
11217,6183,2026-08-13,11045000.0,Sold,24,-4.98
11218,1309,2024-12-21,15071000.0,Sold,88,-1.93
11219,4918,2025-09-09,8436000.0,Expired,159,2.44
11220,602,2025-08-09,13660000.0,Active,17,0.68
11221,1621,2025-06-26,14803000.0,Active,65,-1.26
11222,4881,2024-08-15,15826000.0,Active,133,1.17
11223,7504,2026-08-13,5693000.0,Active,83,1.94
11224,5308,2026-05-07,5113000.0,Sold,95,-2.27
11225,4767,2025-11-29,13043000.0,Sold,11,-1.1
11226,5363,2026-04-03,15071000.0,Active,102,1.07
11227,5193,2024-11-24,21594000.0,Sold,51,6.29
11228,6623,2023-09-15,3611000.0,Sold,47,-1.51
11229,6094,2025-09-11,17207000.0,Sold,131,-3.14
11230,6705,2024-06-09,16299000.0,Sold,99,-3.46
11231,101,2026-02-01,4159000.0,Sold,93,-6.46
11232,6658,2025-10-26,13518000.0,Active,81,6.08
11233,5876,2023-08-21,16741000.0,Active,32,-5.17
11234,4272,2024-08-26,14539000.0,Active,120,-2.4
11235,238,2025-08-05,7999000.0,Active,86,0.47
11236,7054,2023-12-19,7355000.0,Expired,123,-2.57
11237,7227,2025-12-22,18313000.0,Sold,5,-2.34
11238,5219,2024-10-09,9699000.0,Expired,38,-5.84
11239,4026,2024-02-02,15105000.0,Sold,157,-4.77
11240,2919,2025-09-29,4874000.0,Expired,87,-1.78
11241,6074,2024-07-06,13295000.0,Active,88,0.97
11242,2543,2025-07-27,9186000.0,Active,34,-4.63
11243,7091,2025-09-07,20828000.0,Sold,82,-3.26
11244,2004,2025-12-27,5373000.0,Sold,130,-0.63
11245,1538,2025-09-01,18613000.0,Sold,120,-0.69
11246,755,2023-08-25,16229000.0,Sold,106,-1.02
11247,3369,2026-07-21,18182000.0,Sold,135,-0.22
11248,2259,2024-09-01,8596000.0,Sold,91,0.27
11249,5243,2025-05-08,15985000.0,Expired,68,2.49
11250,7397,2023-10-02,13245000.0,Withdrawn,61,-3.07
11251,3666,2026-04-28,10109000.0,Active,24,-4.69
11252,7824,2024-12-23,6706000.0,Active,117,-0.38
11253,5508,2024-01-19,16946000.0,Active,153,-0.13
11254,4236,2025-09-19,8659000.0,Sold,69,-1.18
11255,541,2025-12-23,19510000.0,Active,44,0.56
11256,5511,2023-10-14,17388000.0,Active,5,-2.7
11257,270,2026-06-13,7048000.0,Sold,35,-2.05
11258,7927,2026-01-22,13908000.0,Sold,13,-3.43
11259,5132,2025-01-19,21083000.0,Withdrawn,63,-2.69
11260,5987,2025-02-01,16114000.0,Withdrawn,99,3.01
11261,3461,2024-02-10,8394000.0,Expired,57,-0.56
11262,3409,2024-06-29,10406000.0,Sold,120,-5.34
11263,506,2025-01-26,14279000.0,Sold,127,-5.81
11264,1130,2024-07-01,4781000.0,Active,30,3.66
11265,2080,2024-10-16,12742000.0,Expired,12,1.12
11266,3146,2026-06-29,9810000.0,Expired,68,-0.13
11267,3243,2026-07-03,13517000.0,Active,52,-4.78
11268,5969,2026-06-19,26718000.0,Sold,35,-4.45
11269,5189,2025-03-24,6643000.0,Sold,55,0.74
11270,4909,2024-08-19,11432000.0,Expired,99,3.16
11271,362,2024-01-11,3907000.0,Expired,109,-0.5
11272,3721,2025-03-30,15303000.0,Sold,61,-4.08
11273,1457,2023-09-21,8672000.0,Sold,24,2.16
11274,5025,2025-06-27,20281000.0,Sold,64,1.45
11275,4068,2026-03-18,13427000.0,Sold,107,-3.14
11276,4196,2025-08-28,11633000.0,Sold,50,-6.01
11277,1682,2023-09-29,12814000.0,Sold,109,-5.13
11278,6153,2025-09-15,12454000.0,Sold,128,-3.23
11279,7742,2024-11-19,7965000.0,Expired,66,2.05
11280,6841,2024-06-07,9424000.0,Sold,93,2.26
11281,1053,2025-01-05,12456000.0,Sold,165,-4.68
11282,7282,2025-07-07,13987000.0,Active,51,-2.21
11283,2510,2025-08-28,12366000.0,Sold,29,-3.48
11284,5017,2025-02-23,13609000.0,Active,5,0.23
11285,7311,2026-02-03,16353000.0,Active,22,-1.75
11286,6534,2026-04-20,13502000.0,Sold,201,-3.78
11287,4728,2024-01-14,12011000.0,Active,136,-0.06
11288,682,2025-09-01,15546000.0,Active,154,-4.31
11289,6301,2024-02-07,18803000.0,Active,158,-0.91
11290,6479,2023-09-05,9342000.0,Sold,66,-5.73
11291,3933,2025-12-22,9251000.0,Active,141,1.96
11292,6404,2025-04-28,6614000.0,Expired,82,-0.6
11293,2130,2026-04-05,10951000.0,Active,51,-0.93
11294,4850,2025-01-01,11832000.0,Sold,72,-3.82
11295,5561,2024-04-11,11886000.0,Active,93,3.51
11296,4017,2025-12-18,11265000.0,Withdrawn,70,2.06
11297,7340,2024-12-06,12409000.0,Active,59,-1.65
11298,3303,2025-04-19,13748000.0,Expired,10,-0.07
11299,720,2025-08-04,8919000.0,Sold,86,-1.39
11300,75,2024-03-12,16081000.0,Sold,39,-0.8
11301,1294,2025-02-19,13468000.0,Sold,152,-3.09
11302,1923,2025-01-27,11797000.0,Sold,19,0.79
11303,6770,2024-08-31,15889000.0,Active,69,0.09
11304,4158,2024-12-24,6510000.0,Withdrawn,25,1.93
11305,4970,2025-10-25,22490000.0,Sold,56,-7.82
11306,320,2024-09-03,21356000.0,Sold,102,-6.99
11307,2150,2024-08-17,17398000.0,Active,115,1.26
11308,1453,2024-11-15,6302000.0,Sold,5,1.24
11309,4970,2024-08-08,22490000.0,Sold,90,-8.97
11310,5842,2024-10-14,10251000.0,Active,82,3.9
11311,7098,2025-04-03,13836000.0,Sold,71,0.28
11312,6399,2023-09-15,10291000.0,Withdrawn,44,-6.62
11313,1556,2026-07-03,9882000.0,Sold,80,-3.95
11314,6714,2025-12-02,16567000.0,Expired,48,0.74
11315,4208,2024-06-08,11463000.0,Sold,44,-7.98
11316,3033,2026-07-15,6147000.0,Withdrawn,103,-0.3
11317,7481,2025-01-23,9497000.0,Active,67,2.52
11318,7142,2024-02-19,7153000.0,Sold,61,-1.51
11319,461,2024-11-01,13406000.0,Sold,71,1.94
11320,6852,2026-04-04,6409000.0,Sold,34,2.11
11321,887,2025-03-01,21397000.0,Active,62,2.87
11322,3534,2023-12-20,11959000.0,Active,5,-0.32
11323,3937,2023-10-08,7852000.0,Sold,155,2.64
11324,1116,2023-10-17,16490000.0,Active,162,-7.56
11325,1076,2024-08-30,11715000.0,Active,46,0.49
11326,3877,2024-06-01,14287000.0,Active,70,-1.94
11327,4616,2025-07-22,16003000.0,Active,104,1.19
11328,4908,2024-08-27,9630000.0,Withdrawn,101,3.97
11329,7266,2024-05-19,13940000.0,Sold,75,1.78
11330,6380,2024-06-28,13487000.0,Expired,71,-2.97
11331,1925,2025-07-01,11597000.0,Active,91,-2.28
11332,7542,2024-09-05,6138000.0,Active,67,0.97
11333,5701,2025-05-22,9325000.0,Sold,44,-1.17
11334,927,2025-07-16,10602000.0,Active,109,-4.58
11335,4653,2026-07-24,5639000.0,Expired,93,-0.57
11336,6793,2024-06-28,7317000.0,Active,60,-2.61
11337,2282,2024-12-30,12076000.0,Sold,113,0.75
11338,1056,2024-06-29,15308000.0,Sold,60,-0.01
11339,7457,2023-12-27,11688000.0,Active,49,2.07
11340,7806,2025-09-24,14278000.0,Sold,66,-2.99
11341,4675,2024-09-30,12110000.0,Sold,97,-1.05
11342,542,2024-08-14,13186000.0,Active,176,-5.31
11343,2162,2025-11-13,7978000.0,Sold,74,0.91
11344,2252,2024-04-08,7677000.0,Active,43,0.02
11345,1053,2024-03-21,12456000.0,Sold,5,-3.61
11346,6787,2023-10-03,8609000.0,Active,175,-6.07
11347,4570,2025-06-11,12358000.0,Withdrawn,151,-5.15
11348,2745,2024-08-21,18213000.0,Active,99,1.98
11349,6397,2023-12-14,9029000.0,Active,5,-1.76
11350,3870,2023-10-30,10806000.0,Withdrawn,68,-1.16
11351,5001,2023-12-12,11360000.0,Sold,84,-2.86
11352,6042,2024-10-24,22803000.0,Expired,64,-1.81
11353,4482,2023-12-30,13155000.0,Sold,108,-0.37
11354,4158,2025-03-28,6510000.0,Sold,69,-8.58
11355,4611,2024-12-15,14664000.0,Active,5,2.91
11356,4526,2026-04-04,14025000.0,Expired,93,-0.62
11357,4676,2025-08-06,9127000.0,Active,45,-0.73
11358,1561,2024-09-04,4652000.0,Withdrawn,116,8.5
11359,3763,2025-04-28,9881000.0,Expired,107,5.61
11360,1165,2024-02-15,14673000.0,Expired,32,0.36
11361,6887,2025-05-11,28152000.0,Sold,90,0.56
11362,5420,2026-06-14,11251000.0,Sold,49,4.33
11363,2723,2025-08-18,19273000.0,Sold,136,-4.35
11364,2359,2024-05-15,12510000.0,Sold,135,0.48
11365,471,2026-06-05,10937000.0,Active,72,-4.48
11366,1417,2024-02-02,15612000.0,Expired,114,3.54
11367,5762,2023-11-11,8286000.0,Active,62,-8.92
11368,1469,2025-08-20,12603000.0,Active,48,-0.26
11369,7926,2025-01-05,5645000.0,Active,15,-1.42
11370,809,2026-07-09,10691000.0,Expired,183,1.97
11371,172,2025-01-07,9042000.0,Sold,174,-2.39
11372,6720,2023-11-23,9640000.0,Sold,13,-1.38
11373,4127,2025-03-11,9810000.0,Withdrawn,33,-5.22
11374,4143,2026-03-20,9953000.0,Withdrawn,70,0.58
11375,4226,2025-10-10,15460000.0,Sold,39,-3.38
11376,2400,2024-10-06,10406000.0,Withdrawn,91,4.86
11377,5074,2025-09-22,13434000.0,Sold,43,-2.25
11378,1646,2025-01-06,15454000.0,Withdrawn,10,-3.36
11379,5701,2026-06-16,9325000.0,Withdrawn,86,-0.64
11380,58,2024-03-19,13948000.0,Expired,24,0.88
11381,1130,2023-10-15,4781000.0,Sold,77,-1.7
11382,6956,2024-06-04,23070000.0,Active,81,-7.36
11383,1354,2025-07-03,15056000.0,Sold,45,4.04
11384,768,2023-08-22,19450000.0,Expired,5,-1.09
11385,3896,2025-05-31,9808000.0,Active,105,-0.95
11386,683,2024-08-17,14279000.0,Withdrawn,78,3.68
11387,3455,2024-02-06,8982000.0,Sold,18,-0.86
11388,2009,2023-12-06,14412000.0,Sold,92,-1.44
11389,7330,2024-05-29,10194000.0,Sold,39,-1.45
11390,7141,2025-09-08,12061000.0,Sold,5,-2.23
11391,6430,2025-05-09,11941000.0,Sold,106,1.74
11392,3143,2024-06-12,9427000.0,Active,95,-8.78
11393,1791,2024-05-23,14334000.0,Active,88,1.17
11394,1478,2025-06-12,39517500.0,Active,74,1.96
11395,886,2026-07-17,9099000.0,Sold,5,-0.19
11396,7735,2024-07-20,14306000.0,Sold,35,-2.83
11397,3907,2025-01-27,12552000.0,Sold,64,-2.38
11398,4493,2025-09-22,4081000.0,Active,75,-1.2
11399,1539,2025-03-08,15901000.0,Sold,10,-2.45
11400,2074,2025-05-19,16394000.0,Active,21,-4.3
11401,313,2025-10-12,8894000.0,Active,113,-1.91
11402,6270,2024-11-20,11827000.0,Active,113,-2.24
11403,7576,2024-10-21,5760000.0,Sold,67,-0.37
11404,5685,2025-11-05,9754000.0,Sold,74,-0.91
11405,5318,2025-09-25,6560000.0,Active,22,-1.15
11406,811,2025-03-18,6853000.0,Active,98,-0.66
11407,2236,2025-01-27,13127000.0,Active,87,-0.92
11408,6842,2025-01-04,12472000.0,Expired,114,2.62
11409,7985,2024-07-21,23107500.0,Sold,126,0.32
11410,2858,2025-10-24,16000000.0,Sold,76,-2.09
11411,2764,2025-03-15,6743000.0,Sold,94,2.57
11412,2033,2023-10-20,14279000.0,Expired,107,4.76
11413,1508,2024-07-06,10278000.0,Expired,74,-0.92
11414,4546,2023-11-17,18760000.0,Expired,87,-1.1
11415,2571,2025-06-27,13440000.0,Active,8,-0.57
11416,1895,2025-07-15,13469000.0,Active,141,-0.23
11417,5474,2024-02-14,4663000.0,Expired,100,-4.32
11418,7130,2023-11-01,17526000.0,Active,100,2.6
11419,2706,2025-09-18,15494000.0,Expired,43,1.27
11420,597,2026-02-22,11869000.0,Sold,29,0.16
11421,2148,2025-11-03,21451000.0,Active,24,2.24
11422,616,2025-07-21,12946000.0,Sold,67,-1.48
11423,948,2023-09-19,17855000.0,Expired,138,-2.64
11424,5678,2024-08-06,10186000.0,Sold,110,-1.69
11425,4652,2025-08-15,12026000.0,Sold,187,-3.34
11426,4374,2024-01-14,11153000.0,Withdrawn,32,-4.12
11427,3765,2024-11-22,13597000.0,Active,40,2.62
11428,7867,2024-09-29,8626000.0,Expired,90,3.13
11429,2014,2025-09-21,26031000.0,Withdrawn,100,-0.57
11430,3698,2025-02-07,3561000.0,Active,5,-8.3
11431,491,2023-10-27,15655000.0,Active,62,-0.91
11432,4351,2026-05-09,13774000.0,Active,101,-1.88
11433,2429,2026-08-14,15778000.0,Sold,53,1.46
11434,4988,2025-03-24,11309000.0,Sold,5,-0.42
11435,542,2026-06-03,13186000.0,Sold,5,-3.44
11436,1288,2026-05-31,13044000.0,Sold,32,1.65
11437,1634,2025-06-30,17442000.0,Active,150,-1.37
11438,4921,2025-03-31,19294000.0,Sold,112,-1.54
11439,2927,2026-07-16,8138000.0,Sold,96,0.85
11440,1353,2024-12-16,14199000.0,Sold,5,1.04
11441,7283,2025-05-09,10095000.0,Sold,90,1.44
11442,7444,2024-10-03,13506000.0,Sold,100,1.5
11443,7656,2026-03-31,18809000.0,Withdrawn,101,-3.25
11444,4377,2023-12-01,14683000.0,Active,94,-0.38
11445,1299,2024-02-22,8167000.0,Expired,52,-2.62
11446,4869,2025-03-07,9572000.0,Expired,81,3.94
11447,6987,2024-04-24,8968000.0,Withdrawn,28,-0.96
11448,6863,2025-02-13,17068000.0,Sold,79,4.93
11449,3968,2024-05-10,12598000.0,Expired,150,1.03
11450,4424,2026-03-27,13716000.0,Sold,85,-0.82
11451,2259,2023-12-17,8596000.0,Active,63,-3.63
11452,6871,2025-03-12,5794000.0,Active,112,-2.19
11453,5019,2025-09-14,9242000.0,Active,105,-3.92
11454,4648,2024-09-05,22622000.0,Expired,80,-12.2
11455,2074,2026-05-22,16394000.0,Expired,103,-5.84
11456,6171,2023-12-17,18215000.0,Withdrawn,73,-6.22
11457,702,2025-11-04,9823000.0,Expired,28,-4.19
11458,7251,2025-12-05,7732000.0,Active,181,0.91
11459,1920,2026-08-08,8541000.0,Active,6,-5.35
11460,6826,2024-08-13,10417000.0,Withdrawn,83,-7.84
11461,2461,2025-10-13,8603000.0,Sold,110,-4.11
11462,4263,2024-03-28,19388000.0,Sold,122,-3.6
11463,7868,2026-01-24,15504000.0,Sold,110,-2.7
11464,4265,2025-09-17,13275000.0,Withdrawn,45,-3.2
11465,7969,2023-10-20,10811000.0,Sold,123,3.92
11466,4325,2025-11-18,16030000.0,Expired,48,-4.35
11467,6099,2024-07-01,13019000.0,Active,55,-0.8
11468,7777,2024-08-03,13849000.0,Sold,108,-2.15
11469,367,2025-02-17,9328000.0,Sold,105,-3.46
11470,528,2026-05-21,32545000.0,Expired,69,-1.67
11471,4887,2025-12-06,21965000.0,Sold,5,2.79
11472,3719,2026-08-13,6846000.0,Active,52,1.77
11473,3610,2026-01-24,14097000.0,Active,94,-9.76
11474,3936,2025-01-10,17606000.0,Sold,43,2.67
11475,4620,2025-12-12,11340000.0,Active,21,-6.28
11476,5192,2024-08-18,15367000.0,Withdrawn,79,-2.05
11477,5765,2026-05-13,12469000.0,Active,39,-1.97
11478,2154,2024-06-25,14829000.0,Sold,29,-6.01
11479,6876,2024-01-04,17698000.0,Withdrawn,107,1.26
11480,1909,2026-02-05,5982000.0,Expired,152,4.13
11481,3013,2024-03-27,10363000.0,Expired,67,-4.48
11482,7857,2025-02-13,21423000.0,Active,142,-8.68
11483,5402,2023-10-18,13502000.0,Active,100,-4.39
11484,4229,2024-04-01,3329000.0,Sold,88,4.52
11485,6678,2025-01-10,8071000.0,Active,75,-1.31
11486,3023,2025-07-14,3407000.0,Sold,159,-5.09
11487,6413,2026-07-03,6855000.0,Active,95,1.5
11488,3484,2024-01-09,14910000.0,Expired,36,-0.65
11489,2721,2025-11-11,13838000.0,Sold,90,0.59
11490,5739,2023-10-07,8163000.0,Sold,74,-3.02
11491,6935,2024-10-09,11692000.0,Sold,64,-0.22
11492,5985,2025-12-23,12092000.0,Sold,72,-3.58
11493,1771,2026-03-12,10507000.0,Sold,190,0.91
11494,4114,2024-10-18,7102000.0,Sold,92,-1.78
11495,1778,2026-02-15,10604000.0,Active,5,-4.93
11496,4213,2024-06-15,6768000.0,Active,117,-3.31
11497,798,2024-04-03,7050000.0,Active,5,3.45
11498,7962,2025-09-02,7008000.0,Expired,40,-3.96
11499,3216,2023-08-22,10322000.0,Sold,85,-0.33
11500,3789,2025-07-31,7121000.0,Sold,140,-1.44
11501,6695,2026-07-14,13450000.0,Active,5,-2.6
11502,2977,2025-11-16,8993000.0,Active,74,-6.91
11503,3738,2026-07-18,8483000.0,Withdrawn,5,-1.32
11504,1712,2024-04-04,11546000.0,Sold,75,-2.35
11505,753,2025-10-22,14742000.0,Sold,48,-8.21
11506,2470,2024-10-29,14051000.0,Sold,36,0.89
11507,3970,2023-11-08,17176000.0,Sold,41,-6.1
11508,1393,2024-11-04,11022000.0,Withdrawn,136,-0.65
11509,6790,2024-03-03,13434000.0,Expired,142,-6.62
11510,2606,2026-01-17,13493000.0,Active,91,-1.85
11511,6194,2025-08-16,12846000.0,Active,96,-0.3
11512,678,2025-02-12,10348000.0,Sold,5,6.45
11513,106,2026-01-25,12763000.0,Expired,42,2.21
11514,3288,2024-08-16,15970000.0,Sold,101,1.01
11515,4754,2023-12-01,7466000.0,Sold,39,-1.0
11516,1947,2025-10-18,14209000.0,Sold,126,-1.07
11517,5545,2026-04-05,4540000.0,Sold,134,-3.86
11518,1096,2024-06-09,16237000.0,Sold,45,1.43
11519,5084,2025-07-21,14192000.0,Active,121,0.48
11520,6986,2025-10-25,14361000.0,Sold,34,3.07
11521,5905,2026-06-23,9665000.0,Sold,98,-4.31
11522,1783,2026-03-13,9564000.0,Active,27,-3.36
11523,4542,2023-12-02,14372000.0,Active,40,-2.27
11524,6045,2024-01-10,15860000.0,Sold,44,2.3
11525,3258,2024-03-23,18468000.0,Sold,16,-6.01
11526,6214,2024-10-10,7876000.0,Active,84,-1.29
11527,1998,2025-02-26,18396000.0,Sold,171,0.42
11528,6294,2023-10-06,9759000.0,Sold,66,1.44
11529,7414,2025-10-28,11709000.0,Expired,118,1.13
11530,4870,2026-01-06,14365000.0,Sold,19,2.46
11531,1562,2024-07-26,15923000.0,Sold,31,-0.91
11532,4007,2024-09-21,12213000.0,Sold,29,-0.53
11533,1676,2024-10-18,8896000.0,Sold,41,-0.79
11534,1123,2025-07-14,10884000.0,Withdrawn,108,-0.96
11535,3982,2025-11-20,14167000.0,Sold,40,-1.22
11536,1302,2026-02-05,10072000.0,Active,88,-0.52
11537,5683,2026-08-10,20659000.0,Sold,133,-2.91
11538,5783,2024-08-19,10759000.0,Sold,88,-0.11
11539,944,2025-08-07,4779000.0,Withdrawn,30,0.07
11540,4551,2024-02-04,12341000.0,Active,5,-2.36
11541,5224,2024-02-20,15736000.0,Active,96,-4.34
11542,946,2023-09-27,14049000.0,Sold,37,0.4
11543,601,2024-08-04,13149000.0,Expired,6,-1.71
11544,2701,2025-10-21,11500000.0,Active,118,0.95
11545,4821,2024-09-17,17939000.0,Withdrawn,132,0.27
11546,6377,2026-01-27,15892000.0,Active,17,-2.36
11547,1418,2024-05-05,12990000.0,Sold,78,-4.88
11548,1525,2025-12-04,17155000.0,Sold,91,-4.57
11549,3767,2026-04-26,19056000.0,Sold,138,-2.39
11550,251,2026-07-08,11108000.0,Active,57,-0.73
11551,1545,2026-08-12,5423000.0,Sold,47,-1.5
11552,79,2025-06-21,14919000.0,Sold,106,-2.18
11553,3124,2023-08-24,12981000.0,Expired,97,-1.55
11554,898,2024-09-23,18355000.0,Active,53,0.05
11555,7065,2025-03-23,6712000.0,Active,147,2.51
11556,4877,2025-06-12,15748000.0,Expired,25,2.36
11557,226,2025-01-19,13266000.0,Sold,95,6.07
11558,5171,2026-03-03,6684000.0,Active,30,-0.65
11559,1210,2024-02-16,13000000.0,Active,161,0.33
11560,5154,2024-06-08,5632000.0,Active,73,-3.87
11561,4899,2025-02-25,14336000.0,Active,48,-3.62
11562,4838,2023-09-28,12670000.0,Active,38,1.94
11563,2179,2024-10-02,7367000.0,Sold,91,-2.29
11564,7167,2025-04-27,8129000.0,Expired,95,-1.64
11565,2680,2026-05-05,19630000.0,Sold,29,-4.07
11566,7611,2026-08-11,10794000.0,Expired,126,-5.51
11567,2886,2024-04-23,14316000.0,Active,23,0.33
11568,2807,2024-08-20,12722000.0,Sold,86,3.67
11569,7600,2026-06-26,10973000.0,Sold,172,2.12
11570,704,2024-11-02,6571000.0,Sold,42,3.68
11571,2545,2025-02-27,43717500.0,Sold,24,0.51
11572,5523,2025-05-27,13299000.0,Sold,89,-4.91
11573,2371,2023-10-28,16598000.0,Sold,50,-0.78
11574,3282,2025-12-11,14174000.0,Expired,127,2.84
11575,4711,2025-04-20,12156000.0,Active,76,3.68
11576,329,2026-04-13,11886000.0,Active,62,-0.58
11577,5492,2025-06-21,9475000.0,Sold,102,-4.08
11578,5580,2025-12-19,9702000.0,Sold,68,-0.53
11579,4229,2024-07-10,3329000.0,Active,72,-1.56
11580,4931,2026-01-02,15786000.0,Active,80,2.27
11581,6795,2025-05-16,13061000.0,Active,85,-0.71
11582,121,2023-10-05,17312000.0,Expired,32,-5.51
11583,6750,2026-04-04,11939000.0,Sold,8,-2.13
11584,5572,2025-10-13,18684000.0,Withdrawn,61,-1.59
11585,965,2025-02-05,14143000.0,Active,50,-9.11
11586,4225,2026-07-06,10670000.0,Sold,114,-1.72
11587,7259,2026-02-09,14215000.0,Active,76,-3.58
11588,3676,2026-02-26,21735000.0,Sold,80,2.94
11589,5695,2026-05-10,8030000.0,Withdrawn,120,-0.42
11590,2077,2023-08-23,9409000.0,Sold,155,-1.51
11591,6866,2025-07-03,10847000.0,Active,64,2.55
11592,5644,2025-11-01,13763000.0,Active,52,0.29
11593,333,2024-01-04,11337000.0,Active,92,-1.48
11594,3369,2025-07-10,18182000.0,Sold,116,-2.7
11595,5250,2023-08-21,16291000.0,Sold,5,-2.64
11596,1317,2025-08-27,11215000.0,Active,5,-5.74
11597,1197,2023-08-31,14142000.0,Active,51,1.97
11598,7888,2024-05-22,5704000.0,Sold,49,-5.25
11599,7088,2026-04-15,8210000.0,Sold,5,-1.56
11600,7192,2024-09-28,14436000.0,Sold,142,3.07
11601,3171,2023-12-10,13649000.0,Active,92,-0.14
11602,1430,2026-01-20,11209000.0,Sold,106,0.96
11603,356,2023-09-06,6392000.0,Sold,99,-3.21
11604,4235,2024-11-13,12889000.0,Withdrawn,76,-1.58
11605,1527,2026-02-24,15537000.0,Sold,123,-4.13
11606,3898,2024-09-03,7327000.0,Sold,139,-2.2
11607,5294,2024-08-08,16657000.0,Active,35,-5.71
11608,29,2025-06-02,8140000.0,Active,84,-0.05
11609,5027,2025-06-20,16595000.0,Active,106,-2.03
11610,6640,2026-07-14,13411000.0,Sold,166,-1.89
11611,1014,2023-10-01,6717000.0,Expired,56,-4.61
11612,2703,2024-10-28,10454000.0,Active,73,-0.97
11613,828,2025-03-28,12851000.0,Sold,8,-6.71
11614,4447,2024-10-28,10834000.0,Sold,12,5.66
11615,6698,2025-05-28,7805000.0,Active,76,-1.47
11616,2025,2026-03-25,7601000.0,Sold,30,-5.43
11617,299,2025-11-17,14751000.0,Expired,37,-2.78
11618,5840,2025-10-08,5085000.0,Active,22,1.51
11619,1866,2024-02-15,9951000.0,Active,110,-5.26
11620,4017,2024-02-21,11265000.0,Sold,8,1.56
11621,5312,2024-03-06,11691000.0,Active,122,-3.01
11622,5792,2024-05-22,10496000.0,Sold,28,2.04
11623,2112,2023-09-08,17457000.0,Sold,155,3.18
11624,755,2024-10-30,16229000.0,Active,95,-0.44
11625,770,2025-09-14,4582000.0,Sold,86,1.42
11626,3736,2025-05-10,27067000.0,Withdrawn,57,-2.99
11627,1239,2026-03-27,19283000.0,Active,64,-4.57
11628,4930,2026-02-10,5240000.0,Active,42,0.98
11629,2214,2026-03-11,10502000.0,Sold,67,1.37
11630,7711,2025-01-15,14877000.0,Sold,106,2.49
11631,1907,2026-03-04,9920000.0,Sold,64,-2.83
11632,7400,2025-11-06,16343000.0,Sold,64,0.23
11633,7962,2024-05-15,7008000.0,Active,28,-6.46
11634,1565,2025-11-28,10776000.0,Sold,93,-2.78
11635,1219,2024-08-26,5174000.0,Sold,23,-5.13
11636,4602,2023-11-14,21075000.0,Sold,20,-1.56
11637,1358,2025-08-25,10068000.0,Sold,73,-0.09
11638,3840,2026-01-15,7983000.0,Sold,118,-4.88
11639,6937,2026-03-03,23465000.0,Active,91,-6.08
11640,7472,2026-07-31,10339000.0,Active,93,-4.96
11641,6977,2024-01-28,13313000.0,Sold,55,2.08
11642,1461,2023-10-13,11412000.0,Sold,57,0.75
11643,7491,2026-02-21,8053000.0,Expired,133,1.74
11644,7670,2025-04-11,24602000.0,Expired,36,-0.06
11645,7002,2023-12-17,21101000.0,Active,82,-3.76
11646,3986,2026-01-30,11283000.0,Sold,72,-6.48
11647,1417,2024-04-13,15612000.0,Expired,22,0.11
11648,2854,2025-04-17,4178000.0,Active,89,-0.04
11649,7767,2025-09-02,6654000.0,Withdrawn,73,-4.96
11650,5269,2026-05-20,14178000.0,Sold,24,1.66
11651,4857,2025-11-30,12876000.0,Active,115,-1.91
11652,4929,2024-06-10,20603000.0,Sold,5,1.39
11653,1429,2025-10-12,13745000.0,Sold,65,-4.07
11654,4379,2024-01-11,8082000.0,Expired,48,0.5
11655,7530,2024-06-30,7353000.0,Expired,31,-5.14
11656,4475,2024-08-15,4509000.0,Active,5,-5.15
11657,4294,2024-01-16,16623000.0,Sold,31,-0.94
11658,3063,2024-06-01,10558000.0,Withdrawn,70,-3.61
11659,3072,2025-06-01,25690000.0,Sold,172,-4.39
11660,556,2024-02-23,15919000.0,Active,93,-3.17
11661,356,2024-05-08,6392000.0,Expired,129,-8.32
11662,1564,2024-01-29,9108000.0,Sold,5,1.84
11663,3501,2025-09-15,7935000.0,Withdrawn,110,-6.34
11664,1041,2025-12-15,6922000.0,Active,38,-4.24
11665,2687,2023-10-20,8209000.0,Active,147,-2.0
11666,4475,2023-09-18,4509000.0,Sold,114,0.97
11667,4776,2024-03-15,11017000.0,Expired,5,-4.34
11668,2554,2024-12-22,10417000.0,Active,74,-1.38
11669,1780,2026-06-13,6508000.0,Expired,25,2.72
11670,4995,2024-02-23,12353000.0,Active,87,-4.71
11671,76,2025-08-11,14947000.0,Sold,74,-2.25
11672,4327,2024-02-12,9512000.0,Sold,63,-2.29
11673,5836,2025-08-14,22395000.0,Active,77,-6.63
11674,5058,2024-08-18,9589000.0,Withdrawn,100,-6.79
11675,3320,2025-07-22,8626000.0,Sold,102,-2.37
11676,2350,2026-02-21,17812000.0,Active,107,-0.17
11677,2774,2025-05-02,5262000.0,Expired,128,-6.13
11678,2263,2025-10-10,17112000.0,Sold,60,-4.96
11679,3230,2024-05-01,12523000.0,Active,80,-2.1
11680,2117,2024-04-28,14922000.0,Sold,104,-3.1
11681,393,2024-02-13,9772000.0,Active,18,-5.24
11682,1109,2024-08-07,3255000.0,Active,44,-0.37
11683,4363,2024-10-10,10001000.0,Sold,126,1.75
11684,5189,2025-07-17,6643000.0,Active,111,0.53
11685,611,2025-02-01,12710000.0,Active,93,-1.72
11686,5467,2024-11-12,13450000.0,Active,116,-4.46
11687,5105,2025-05-25,18802000.0,Sold,70,-12.51
11688,5058,2026-04-26,9589000.0,Active,161,-3.52
11689,2776,2025-09-21,8571000.0,Withdrawn,24,-2.84
11690,3999,2024-06-16,11762000.0,Expired,80,-5.72
11691,673,2025-11-02,7520000.0,Active,135,-4.23
11692,6567,2026-01-12,13418000.0,Withdrawn,57,3.3
11693,3678,2024-06-28,6351000.0,Expired,104,0.23
11694,7342,2026-05-01,9013000.0,Sold,104,-8.4
11695,5797,2025-03-30,3894000.0,Sold,146,0.06
11696,6259,2026-07-14,13181000.0,Sold,5,0.37
11697,6364,2026-03-20,7290000.0,Active,76,-2.92
11698,31,2026-03-28,14473000.0,Active,115,-4.89
11699,7691,2025-01-03,8378000.0,Sold,85,-0.51
11700,5463,2026-06-08,8680000.0,Active,126,2.0
11701,1401,2024-04-12,10659000.0,Withdrawn,49,-0.88
11702,5250,2023-11-03,16291000.0,Sold,98,6.73
11703,4072,2024-06-16,9687000.0,Sold,113,-5.25
11704,617,2025-04-15,7614000.0,Sold,141,-1.42
11705,4635,2023-08-20,14624000.0,Sold,114,4.19
11706,2787,2025-01-10,6656000.0,Active,20,-0.49
11707,7170,2025-06-04,12234000.0,Sold,140,-2.16
11708,871,2024-10-22,19497000.0,Expired,149,-2.86
11709,4197,2026-04-28,6130000.0,Withdrawn,24,0.36
11710,3605,2024-05-06,12165000.0,Active,59,-1.34
11711,7226,2023-10-19,18145000.0,Sold,46,2.27
11712,1413,2025-02-01,12555000.0,Active,93,-1.41
11713,2740,2024-03-12,13946000.0,Sold,33,-0.27
11714,941,2023-12-31,12167000.0,Active,92,-0.75
11715,341,2026-07-17,7599000.0,Sold,130,-4.96
11716,2909,2024-11-25,10073000.0,Active,101,-7.43
11717,5140,2026-02-25,12505000.0,Sold,46,-2.82
11718,7423,2024-02-15,11488000.0,Sold,69,-2.53
11719,7485,2023-11-03,10393000.0,Active,125,-2.7
11720,4134,2025-11-14,9621000.0,Active,57,-4.84
11721,660,2026-05-17,8706000.0,Sold,61,-4.55
11722,2034,2024-03-23,12428000.0,Sold,45,-1.69
11723,1561,2024-03-11,4652000.0,Active,77,1.95
11724,3458,2024-01-26,8832000.0,Active,68,1.83
11725,1657,2024-08-06,10393000.0,Active,130,-2.05
11726,2976,2025-06-05,12623000.0,Sold,98,-4.22
11727,1050,2025-04-08,9553000.0,Sold,26,-5.75
11728,454,2025-01-16,9171000.0,Expired,18,2.6
11729,1705,2024-12-25,12164000.0,Active,5,-3.49
11730,5443,2024-12-30,19880000.0,Active,105,-0.45
11731,2785,2025-04-07,5429000.0,Sold,119,-2.36
11732,7681,2025-11-09,17090000.0,Active,130,2.14
11733,819,2025-09-15,14689000.0,Sold,25,-4.12
11734,4869,2024-03-19,9572000.0,Withdrawn,118,0.22
11735,13,2025-02-20,14559000.0,Sold,109,2.36
11736,7059,2023-10-29,11338000.0,Sold,85,-0.5
11737,3980,2024-12-05,6431000.0,Sold,23,4.75
11738,7728,2025-06-01,14796000.0,Expired,90,-0.97
11739,921,2024-02-17,18243000.0,Active,86,-2.57
11740,4921,2026-08-10,19294000.0,Sold,55,-2.16
11741,2419,2026-06-21,10870000.0,Expired,33,-2.43
11742,1315,2026-03-13,21893000.0,Active,81,-3.69
11743,6476,2024-03-22,8857000.0,Sold,79,-0.74
11744,3678,2025-10-17,6351000.0,Sold,114,-4.54
11745,6405,2023-11-18,16504000.0,Sold,145,-0.92
11746,2018,2025-02-18,4994000.0,Expired,27,-4.11
11747,7958,2026-06-01,12132000.0,Active,30,-1.96
11748,1229,2024-02-29,7598000.0,Active,5,-8.9
11749,4793,2024-02-15,10164000.0,Active,80,-4.74
11750,6831,2024-08-24,13887000.0,Expired,7,-5.9
11751,5046,2026-08-13,10217000.0,Sold,31,-2.44
11752,2435,2024-10-14,6667000.0,Sold,57,-2.5
11753,2869,2025-02-01,7802000.0,Sold,55,-2.42
11754,2516,2023-09-19,15423000.0,Active,58,-1.12
11755,1439,2025-05-17,12927000.0,Withdrawn,90,-5.61
11756,4165,2025-10-01,13167000.0,Withdrawn,149,3.44
11757,3544,2026-05-23,18227000.0,Active,86,0.24
11758,3176,2026-02-01,13721000.0,Withdrawn,93,-2.42
11759,1782,2023-10-05,14016000.0,Active,38,-2.38
11760,7329,2025-10-16,18959000.0,Sold,85,-0.54
11761,6344,2023-12-03,9039000.0,Sold,109,-3.46
11762,2264,2024-06-19,11473000.0,Sold,56,-2.05
11763,1970,2023-11-09,6070000.0,Sold,77,0.61
11764,212,2024-07-26,12454000.0,Sold,128,-3.66
11765,508,2026-05-29,14852000.0,Sold,59,-3.69
11766,6160,2024-03-10,22779000.0,Withdrawn,80,-4.1
11767,5618,2026-08-06,15247000.0,Expired,5,-2.34
11768,7028,2024-05-21,18889000.0,Withdrawn,78,3.75
11769,332,2024-09-28,8110000.0,Active,42,6.16
11770,6861,2024-12-17,13539000.0,Active,39,-0.86
11771,551,2023-09-17,11087000.0,Active,28,-2.14
11772,5721,2025-08-18,12505000.0,Sold,77,-5.31
11773,942,2025-07-26,7591000.0,Withdrawn,128,-4.97
11774,6400,2024-04-17,20846000.0,Sold,106,0.42
11775,7136,2025-10-02,12723000.0,Expired,61,4.19
11776,7934,2026-05-07,8908000.0,Active,93,-1.65
11777,728,2025-09-22,11821000.0,Sold,23,-3.32
11778,4976,2024-09-04,12792000.0,Sold,84,-0.65
11779,2863,2024-06-21,11073000.0,Active,96,-2.53
11780,3244,2026-05-12,7996000.0,Expired,62,-5.14
11781,649,2025-09-18,15901000.0,Active,61,4.25
11782,5096,2025-06-22,11514000.0,Active,84,-0.97
11783,5618,2024-03-14,15247000.0,Expired,63,-4.36
11784,6615,2025-07-24,12553000.0,Active,69,-1.86
11785,7552,2025-01-04,7604000.0,Active,5,-4.53
11786,2738,2023-12-21,12704000.0,Expired,20,-0.78
11787,5709,2026-05-27,6012000.0,Active,103,1.59
11788,2748,2026-03-18,10421000.0,Sold,99,-0.22
11789,6651,2025-04-16,10439000.0,Active,97,-0.97
11790,7136,2026-01-26,12723000.0,Sold,9,-3.63
11791,1010,2026-04-15,7790000.0,Active,197,-3.67
11792,1551,2026-03-23,8783000.0,Expired,166,-3.31
11793,804,2024-04-03,10718000.0,Active,101,-4.48
11794,4081,2025-03-14,13150000.0,Sold,107,0.41
11795,6975,2025-02-27,15663000.0,Active,121,-0.71
11796,7493,2026-06-18,14317000.0,Active,100,1.02
11797,4310,2024-09-23,15821000.0,Active,151,-2.27
11798,7376,2025-07-04,14029000.0,Active,63,-3.58
11799,4265,2025-10-29,13275000.0,Active,113,4.09
11800,3402,2026-01-20,13711000.0,Withdrawn,174,-3.91
11801,7448,2025-06-17,12012000.0,Active,96,-6.62
11802,5074,2024-08-27,13434000.0,Sold,26,6.01
11803,5425,2025-12-02,10500000.0,Sold,12,-2.2
11804,4242,2025-05-15,9187000.0,Active,44,-3.03
11805,5895,2025-11-13,11377000.0,Expired,54,-2.62
11806,4612,2024-08-26,7491000.0,Sold,72,-3.25
11807,3162,2025-01-29,9970000.0,Sold,72,2.96
11808,4549,2025-05-06,10087000.0,Sold,19,2.09
11809,4156,2023-10-23,8399000.0,Active,11,3.51
11810,7479,2025-09-24,9887000.0,Sold,112,-3.86
11811,528,2024-03-09,32545000.0,Active,46,-4.62
11812,3299,2026-01-22,13225000.0,Active,77,-1.86
11813,1024,2025-01-23,13385000.0,Active,87,-0.65
11814,6618,2024-04-22,17531000.0,Active,67,1.03
11815,5661,2025-11-09,17676000.0,Sold,148,-3.73
11816,3735,2025-09-04,14172000.0,Active,121,-4.58
11817,6901,2023-09-04,6515000.0,Active,157,-0.04
11818,6926,2025-01-29,10071000.0,Expired,46,-1.4
11819,5199,2025-04-24,11540000.0,Withdrawn,29,-1.82
11820,433,2026-04-03,5485000.0,Sold,138,-2.24
11821,7969,2023-11-04,10811000.0,Expired,42,-4.35
11822,1177,2024-12-09,7327000.0,Sold,57,-4.94
11823,7957,2026-01-27,18886000.0,Sold,84,4.13
11824,401,2025-02-21,14784000.0,Withdrawn,127,-0.1
11825,7447,2024-07-11,8305000.0,Withdrawn,5,0.74
11826,2105,2025-09-04,11133000.0,Sold,112,1.9
11827,3051,2024-06-27,10040000.0,Active,5,-0.93
11828,2234,2025-10-16,15944000.0,Sold,111,-3.48
11829,2446,2025-11-22,9373000.0,Expired,118,5.92
11830,4701,2024-02-20,7894000.0,Sold,136,0.76
11831,2836,2025-06-29,7944000.0,Sold,139,-0.38
11832,6302,2024-06-09,12752000.0,Sold,89,-2.45
11833,5907,2024-05-19,17388000.0,Withdrawn,76,-3.29
11834,7861,2024-09-24,23693000.0,Active,5,-2.22
11835,7527,2025-07-28,14143000.0,Active,59,-2.29
11836,5560,2026-03-29,11713000.0,Active,96,-4.98
11837,6733,2023-10-04,10667000.0,Sold,21,0.43
11838,2514,2025-07-19,24131000.0,Sold,18,-5.5
11839,7831,2024-10-10,16057000.0,Sold,25,-5.41
11840,6590,2024-01-16,17373000.0,Active,48,0.92
11841,1774,2026-02-23,16719000.0,Sold,109,-2.12
11842,6945,2025-01-03,7691000.0,Sold,73,-4.37
11843,7911,2026-06-13,16652000.0,Sold,16,-0.18
11844,7656,2026-06-09,18809000.0,Sold,141,-0.36
11845,5650,2023-08-20,6663000.0,Active,5,-3.06
11846,1097,2024-02-25,20716000.0,Sold,111,-2.06
11847,929,2026-02-02,11700000.0,Active,21,2.15
11848,1952,2025-08-31,10135000.0,Active,84,5.19
11849,7869,2024-09-27,9316000.0,Sold,35,-3.49
11850,1974,2026-01-14,11863000.0,Withdrawn,84,4.43
11851,6161,2025-08-21,15725000.0,Active,5,-5.76
11852,1555,2024-06-04,12016000.0,Active,118,2.11
11853,2779,2025-07-05,16655000.0,Expired,86,-3.98
11854,4422,2026-01-08,10924000.0,Expired,84,-1.57
11855,995,2025-11-14,12762000.0,Sold,64,0.14
11856,7800,2023-10-27,25884000.0,Sold,96,1.82
11857,613,2025-11-19,8757000.0,Withdrawn,36,-5.08
11858,2594,2024-09-26,10283000.0,Expired,93,0.62
11859,596,2025-11-06,15446000.0,Sold,50,1.65
11860,5017,2024-03-02,13609000.0,Active,35,-2.51
11861,7876,2024-07-17,13869000.0,Sold,17,-6.04
11862,842,2023-11-06,22511000.0,Active,15,0.56
11863,5322,2024-11-25,7079000.0,Withdrawn,67,-2.97
11864,4440,2024-11-09,8807000.0,Expired,70,1.52
11865,5973,2024-11-23,8078000.0,Sold,132,-3.7
11866,7691,2025-07-26,8378000.0,Expired,13,-2.43
11867,859,2023-09-17,15244000.0,Expired,174,-4.28
11868,5520,2025-07-29,18937000.0,Expired,123,-0.82
11869,7386,2025-05-05,11292000.0,Expired,150,-3.14
11870,445,2024-06-05,13591000.0,Sold,31,-1.39
11871,1789,2023-10-13,9254000.0,Sold,109,-2.57
11872,4318,2024-07-28,11600000.0,Expired,33,-8.09
11873,3455,2024-11-02,8982000.0,Active,117,0.02
11874,3953,2025-01-31,12402000.0,Sold,107,-4.0
11875,4688,2024-05-18,7949000.0,Active,27,-0.88
11876,1031,2024-11-27,6182000.0,Expired,120,-2.22
11877,1296,2024-06-07,19109000.0,Active,39,3.3
11878,7907,2026-02-27,5977000.0,Sold,23,-3.75
11879,5114,2026-02-28,13091000.0,Active,94,-5.38
11880,2064,2024-08-10,10684000.0,Sold,101,1.93
11881,1448,2024-03-24,11454000.0,Sold,134,-4.43
11882,2046,2025-10-11,16358000.0,Sold,38,3.31
11883,4620,2023-09-14,11340000.0,Sold,69,-4.27
11884,2851,2024-08-04,7161000.0,Sold,40,0.24
11885,3825,2026-03-08,16870000.0,Withdrawn,5,-3.11
11886,2069,2025-10-30,8073000.0,Expired,83,-1.97
11887,3762,2024-01-20,22750000.0,Sold,5,3.65
11888,2276,2024-11-09,19780000.0,Sold,124,-0.69
11889,7152,2023-11-01,9375000.0,Active,94,2.45
11890,1809,2026-08-07,9952000.0,Expired,184,-4.87
11891,1312,2024-07-12,11404000.0,Sold,114,7.04
11892,6953,2023-10-23,12047000.0,Expired,174,-0.21
11893,7302,2025-08-18,12289000.0,Active,125,-0.5
11894,4056,2026-04-26,13024000.0,Sold,43,4.05
11895,5403,2025-12-07,11368000.0,Sold,17,-0.99
11896,2452,2026-02-17,14825000.0,Withdrawn,27,3.74
11897,7833,2025-01-25,11712000.0,Active,105,-4.06
11898,1090,2024-09-01,7241000.0,Withdrawn,45,-3.47
11899,1673,2026-04-21,24183000.0,Withdrawn,40,0.03
11900,3676,2025-10-07,21735000.0,Withdrawn,75,-0.09
11901,4533,2024-03-15,12069000.0,Expired,34,-3.42
11902,4925,2023-12-29,12157000.0,Sold,65,5.91
11903,7078,2025-06-17,12493000.0,Sold,5,-9.0
11904,4355,2024-08-21,12927000.0,Sold,57,-7.03
11905,2004,2026-03-01,5373000.0,Expired,137,-3.43
11906,6086,2024-11-12,11713000.0,Expired,5,3.28
11907,4199,2024-05-17,15218000.0,Active,67,-5.18
11908,5089,2026-05-13,21165000.0,Active,47,-1.91
11909,7735,2025-06-28,14306000.0,Active,36,-0.84
11910,4865,2026-04-25,15181000.0,Sold,108,-1.95
11911,1125,2024-09-23,17249000.0,Active,126,-1.96
11912,1222,2025-10-24,15452000.0,Active,100,-2.42
11913,2861,2026-06-24,13515000.0,Active,5,-5.01
11914,2274,2025-11-16,7831000.0,Active,72,1.22
11915,2991,2024-03-11,11868000.0,Sold,34,-0.37
11916,2511,2026-08-10,13717000.0,Expired,128,-0.66
11917,237,2024-02-15,15145000.0,Withdrawn,69,-0.58
11918,7194,2026-03-19,19637000.0,Expired,52,1.79
11919,1145,2024-11-02,12692000.0,Expired,77,-2.0
11920,6650,2025-05-23,16054000.0,Expired,88,-2.45
11921,3254,2024-06-23,12689000.0,Expired,148,0.21
11922,3783,2025-04-12,10226000.0,Sold,76,0.58
11923,6958,2023-10-26,9661000.0,Active,98,0.47
11924,767,2024-12-12,17009000.0,Expired,60,-3.84
11925,2682,2025-07-06,10622000.0,Sold,60,-2.26
11926,7711,2024-10-10,14877000.0,Active,136,0.54
11927,7483,2024-06-23,10409000.0,Sold,152,-0.89
11928,5087,2025-02-24,8951000.0,Active,51,2.29
11929,7965,2025-07-07,19130000.0,Expired,72,-2.74
11930,2666,2026-03-29,13702000.0,Active,84,-3.39
11931,1760,2023-09-29,15689000.0,Withdrawn,61,-3.57
11932,6417,2026-08-01,11937000.0,Sold,77,-10.34
11933,6376,2025-11-04,16741000.0,Sold,7,-2.47
11934,3492,2025-01-05,14099000.0,Active,69,4.82
11935,2816,2023-11-14,16472000.0,Expired,83,-3.29
11936,3514,2023-10-02,10075000.0,Sold,80,0.88
11937,496,2023-11-03,10058000.0,Sold,181,-3.98
11938,5144,2023-09-29,9484000.0,Expired,5,1.66
11939,3181,2024-01-15,11611000.0,Active,27,0.64
11940,5823,2026-08-19,12292000.0,Active,98,-2.3
11941,6646,2026-07-18,10526000.0,Active,56,-7.04
11942,3931,2025-03-15,17133000.0,Sold,22,-0.04
11943,2073,2023-08-30,6370000.0,Active,172,3.45
11944,7355,2024-10-22,18837000.0,Sold,55,-4.35
11945,6432,2025-07-21,14738000.0,Active,41,-4.25
11946,7796,2026-06-17,14378000.0,Active,67,-1.2
11947,338,2023-12-12,14261000.0,Withdrawn,34,-0.58
11948,3950,2025-11-06,12767000.0,Sold,5,-1.23
11949,6034,2025-01-29,11874000.0,Sold,35,1.01
11950,3109,2025-10-13,10003000.0,Withdrawn,114,-6.67
11951,1818,2025-08-04,13216000.0,Withdrawn,70,2.3
11952,137,2023-09-16,14418000.0,Sold,36,-2.88
11953,2556,2024-05-26,15264000.0,Sold,59,-3.91
11954,6371,2023-11-04,12389000.0,Sold,68,0.83
11955,4416,2023-10-18,11697000.0,Sold,5,0.24
11956,5960,2026-07-16,5952000.0,Active,77,-4.73
11957,916,2025-10-20,6122000.0,Active,5,-0.44
11958,5302,2024-12-13,12360000.0,Withdrawn,72,-3.15
11959,5994,2025-09-23,15248000.0,Sold,94,1.49
11960,6230,2025-09-11,13505000.0,Withdrawn,72,1.19
11961,3539,2025-10-30,14245000.0,Active,135,-0.29
11962,5022,2026-01-18,8190000.0,Sold,80,2.66
11963,2101,2026-05-21,10792000.0,Active,155,1.71
11964,2908,2024-02-25,15092000.0,Active,56,-2.95
11965,2915,2023-09-22,19070000.0,Withdrawn,122,1.27
11966,5355,2025-05-04,11775000.0,Active,110,-2.54
11967,1983,2024-04-03,15390000.0,Sold,32,-1.13
11968,7947,2025-10-09,26446000.0,Active,57,0.47
11969,3871,2024-11-16,14348000.0,Active,5,-3.67
11970,4529,2023-10-21,11675000.0,Sold,89,0.39
11971,3568,2024-06-05,12794000.0,Expired,49,-1.2
11972,999,2024-01-09,13197000.0,Active,37,-7.25
11973,2148,2023-10-23,21451000.0,Expired,37,-4.68
11974,5086,2023-10-02,14747000.0,Active,117,-7.3
11975,4695,2026-03-05,15832000.0,Active,80,-4.62
11976,6547,2025-09-08,15573000.0,Withdrawn,133,-0.36
11977,396,2024-04-02,20223000.0,Active,93,2.44
11978,3599,2023-09-21,9601000.0,Sold,145,-3.53
11979,4511,2024-09-04,11240000.0,Active,62,2.33
11980,939,2025-12-28,19916000.0,Sold,59,0.06
11981,1637,2024-04-13,18223000.0,Sold,56,-0.01
11982,2725,2024-09-22,10960000.0,Sold,100,-0.78
11983,2511,2025-03-14,13717000.0,Active,169,-4.95
11984,4637,2024-12-31,9441000.0,Sold,135,-4.23
11985,1650,2024-07-31,6304000.0,Sold,74,-4.23
11986,3691,2024-10-17,8432000.0,Sold,49,-2.29
11987,6042,2023-09-05,22803000.0,Sold,133,0.44
11988,3436,2024-12-03,9312000.0,Expired,86,0.77
11989,3202,2026-07-14,13498000.0,Expired,96,-2.59
11990,4180,2024-09-15,11818000.0,Active,45,-2.61
11991,4367,2023-12-24,13963000.0,Sold,188,-2.94
11992,2292,2023-12-25,4078000.0,Active,129,0.97
11993,4484,2025-03-14,12361000.0,Sold,117,-2.32
11994,214,2024-09-01,12400000.0,Expired,65,2.18
11995,6962,2023-11-06,9198000.0,Active,84,-3.7
11996,3238,2024-11-03,15055000.0,Active,83,-0.37
11997,3863,2025-05-02,13747000.0,Sold,75,2.86
11998,59,2023-12-30,12299000.0,Active,24,0.21
11999,5722,2025-10-16,8304000.0,Active,40,-0.83
12000,2931,2026-06-05,15098000.0,Sold,46,-0.36
