rental_id,property_id,rental_date,monthly_rent,vacancy_days,lease_duration,monthly_rent_is_outlier
1,7424,2025-06-21,26600.0,32,11,False
2,7761,2026-07-05,45800.0,13,24,False
3,877,2025-07-24,14200.0,12,36,False
4,5511,2024-02-04,63800.0,7,12,False
5,5343,2023-01-08,26900.0,27,11,False
6,5306,2025-11-17,25000.0,40,11,False
7,3860,2025-05-30,34200.0,1,11,False
8,3165,2026-08-01,45000.0,12,11,False
9,5858,2024-07-03,28100.0,44,12,False
10,6396,2022-11-07,45500.0,24,11,False
11,472,2025-07-10,30600.0,28,11,False
12,5454,2023-02-15,52900.0,10,12,False
13,4530,2026-05-14,70800.0,19,11,False
14,5701,2022-12-14,24000.0,14,12,False
15,6362,2025-03-16,39400.0,24,11,False
16,3527,2024-09-24,20900.0,0,12,False
17,3247,2024-12-07,23600.0,6,11,False
18,2986,2024-03-23,33000.0,43,11,False
19,7992,2026-06-29,28000.0,42,11,False
20,131,2026-05-19,46800.0,35,24,False
21,1723,2026-01-09,29600.0,12,11,False
22,7632,2024-04-02,40800.0,36,12,False
23,783,2023-06-29,31700.0,55,24,False
24,2443,2023-12-15,23200.0,26,11,False
25,5734,2026-03-05,32500.0,39,11,False
26,7739,2024-11-05,32300.0,39,24,False
27,7100,2023-05-31,19400.0,31,11,False
28,2487,2023-12-03,29500.0,9,12,False
29,5430,2025-01-23,47500.0,13,11,False
30,5164,2023-09-09,38500.0,5,12,False
31,6557,2025-04-25,20700.0,30,11,False
32,1212,2024-06-22,38200.0,45,36,False
33,4660,2024-10-27,38300.0,24,24,False
34,3468,2022-08-30,56400.0,37,11,False
35,4211,2025-05-19,36800.0,32,11,False
36,6533,2022-10-30,19300.0,19,11,False
37,4951,2023-05-18,23100.0,30,24,False
38,2971,2023-08-09,48600.0,34,36,False
39,7887,2025-08-14,17000.0,24,24,False
40,480,2024-07-18,27400.0,22,12,False
41,1108,2024-07-12,60800.0,0,12,False
42,2615,2025-07-23,24800.0,30,12,False
43,2092,2024-10-19,51300.0,2,36,False
44,7801,2023-08-12,26200.0,43,11,False
45,2808,2022-08-28,67600.0,21,12,False
46,993,2025-03-15,55300.0,56,24,False
47,1847,2024-11-20,52900.0,33,24,False
48,190,2023-04-16,37500.0,20,11,False
49,7254,2025-01-17,68200.0,15,11,False
50,2795,2024-05-12,30000.0,53,11,False
51,3076,2023-08-08,22400.0,21,11,False
52,4764,2023-05-24,28600.0,21,12,False
53,1942,2025-11-26,50100.0,8,11,False
54,7893,2025-05-24,19200.0,28,12,False
55,1295,2025-01-18,50700.0,0,36,False
56,7127,2024-07-19,62900.0,34,11,False
57,1563,2025-10-11,32300.0,9,11,False
58,3280,2023-03-02,53000.0,26,24,False
59,3640,2024-11-23,62100.0,32,11,False
60,3981,2026-01-28,43200.0,44,24,False
61,657,2023-10-16,40200.0,23,12,False
62,6293,2022-10-17,70800.0,45,11,False
63,2955,2026-02-08,46400.0,19,36,False
64,6443,2026-04-27,21500.0,30,24,False
65,5514,2023-12-03,44700.0,27,11,False
66,2489,2025-09-07,33200.0,24,11,False
67,610,2025-11-23,49300.0,31,36,False
68,2415,2026-05-16,45400.0,9,24,False
69,2106,2026-03-20,52100.0,28,12,False
70,243,2024-06-22,18200.0,43,11,False
71,2086,2025-02-06,18200.0,52,36,False
72,2888,2025-01-03,24600.0,13,36,False
73,7669,2023-05-19,46000.0,11,11,False
74,2669,2023-04-18,19100.0,50,24,False
75,7193,2024-07-11,9500.0,60,11,False
76,1394,2023-07-31,33400.0,20,11,False
77,6366,2026-05-14,6100.0,27,11,False
78,5609,2023-04-09,27300.0,31,11,False
79,7252,2025-07-08,30300.0,26,12,False
80,1511,2026-02-07,4200.0,33,24,False
81,7753,2025-03-29,66900.0,14,11,False
82,2613,2022-10-27,37300.0,30,11,False
83,789,2023-08-03,63000.0,47,11,False
84,4108,2023-05-13,18900.0,31,11,False
85,35,2024-12-07,30500.0,42,11,False
86,6482,2023-08-22,47200.0,58,11,False
87,3228,2026-08-07,29800.0,27,11,False
88,1999,2022-11-23,32300.0,34,36,False
89,1621,2025-02-06,52000.0,36,11,False
90,4035,2023-07-19,35600.0,33,11,False
91,7712,2025-10-29,27900.0,17,24,False
92,3145,2024-09-12,45900.0,12,24,False
93,1044,2023-10-22,39600.0,28,11,False
94,3545,2023-06-26,27000.0,10,11,False
95,2670,2023-10-27,23400.0,24,12,False
96,5342,2025-04-10,33000.0,32,12,False
97,3934,2025-01-19,61600.0,33,36,False
98,1533,2024-09-25,19100.0,12,36,False
99,4906,2026-03-11,34600.0,27,12,False
100,6684,2022-09-02,38800.0,11,36,False
101,7023,2025-04-28,35700.0,21,11,False
102,5798,2023-12-17,35200.0,9,12,False
103,162,2023-12-02,23300.0,35,11,False
104,4398,2022-12-20,31500.0,23,11,False
105,2025,2026-01-02,20000.0,8,24,False
106,1015,2025-05-24,50700.0,27,11,False
107,6550,2023-02-21,19200.0,29,11,False
108,5023,2024-03-10,19400.0,22,11,False
109,3424,2026-04-17,50500.0,50,12,False
110,4656,2024-05-27,30000.0,52,11,False
111,7787,2024-05-18,13300.0,34,12,False
112,3886,2025-05-23,11600.0,24,11,False
113,1303,2025-02-14,55900.0,41,11,False
114,1038,2023-06-10,21000.0,25,24,False
115,6576,2026-06-21,44600.0,47,36,False
116,7012,2023-02-17,31800.0,13,24,False
117,340,2022-08-25,33900.0,37,36,False
118,896,2025-12-18,27800.0,38,11,False
119,1102,2025-10-15,59700.0,2,12,False
120,4999,2026-07-28,40300.0,3,24,False
121,4087,2023-06-27,27700.0,59,11,False
122,6494,2023-04-03,53200.0,22,12,False
123,4969,2025-09-23,60800.0,7,12,False
124,6464,2024-05-12,27000.0,0,11,False
125,383,2025-02-18,29600.0,31,11,False
126,500,2025-10-01,33000.0,18,11,False
127,7362,2026-04-15,37800.0,24,11,False
128,5394,2024-08-08,47700.0,10,24,False
129,2107,2024-07-02,42800.0,37,12,False
130,3975,2023-07-05,20900.0,2,36,False
131,65,2026-05-23,21200.0,36,12,False
132,2625,2024-04-16,32000.0,57,11,False
133,5584,2025-07-15,42500.0,21,11,False
134,5366,2025-06-07,27000.0,0,11,False
135,2071,2022-10-08,46400.0,14,36,False
136,2755,2024-03-24,40300.0,5,36,False
137,1528,2026-05-07,26200.0,25,11,False
138,7384,2025-07-21,26400.0,32,24,False
139,5376,2022-09-30,25100.0,15,11,False
140,5741,2025-11-04,22200.0,36,11,False
141,6881,2022-08-25,49500.0,27,12,False
142,395,2024-11-12,36400.0,46,11,False
143,5918,2022-11-04,15700.0,25,24,False
144,4618,2024-02-23,49500.0,34,11,False
145,6569,2022-10-09,33700.0,10,24,False
146,4578,2025-02-02,47200.0,7,12,False
147,6017,2023-04-24,18700.0,0,36,False
148,3645,2024-08-24,39100.0,20,11,False
149,2329,2023-11-07,78100.0,34,12,True
150,7315,2025-02-25,28300.0,16,11,False
151,6313,2022-12-21,21000.0,19,11,False
152,3172,2025-12-05,52100.0,38,11,False
153,6410,2025-03-12,41300.0,29,11,False
154,201,2025-10-18,33700.0,39,11,False
155,6084,2023-10-28,47100.0,26,24,False
156,4986,2022-11-06,36600.0,34,11,False
157,7225,2026-03-23,35000.0,0,11,False
158,3177,2023-09-18,22200.0,28,11,False
159,7369,2025-05-02,40100.0,4,11,False
160,4703,2026-02-08,37900.0,44,11,False
161,2508,2024-07-11,19400.0,8,11,False
162,3730,2025-09-01,16300.0,44,11,False
163,5972,2024-08-28,26800.0,36,11,False
164,820,2024-05-06,27500.0,24,12,False
165,6373,2024-04-24,18500.0,40,12,False
166,2792,2024-02-13,20100.0,31,11,False
167,6116,2026-05-03,47100.0,12,11,False
168,2835,2025-12-31,10600.0,13,11,False
169,1605,2024-05-08,32900.0,32,12,False
170,5170,2023-04-10,48800.0,9,11,False
171,6901,2026-01-02,17200.0,11,24,False
172,5704,2023-08-13,33500.0,23,12,False
173,2750,2024-04-02,56700.0,40,12,False
174,3929,2025-11-07,41600.0,13,11,False
175,1051,2025-04-13,10700.0,7,12,False
176,7539,2024-01-23,48000.0,2,11,False
177,510,2026-01-08,30900.0,2,12,False
178,7061,2025-11-14,14600.0,15,24,False
179,4597,2024-03-31,33000.0,9,11,False
180,888,2026-06-15,17200.0,28,11,False
181,7089,2023-09-07,16300.0,52,24,False
182,4592,2024-04-12,48700.0,11,11,False
183,207,2022-12-01,52300.0,33,12,False
184,5249,2024-12-05,22600.0,42,24,False
185,6102,2023-09-14,16300.0,38,24,False
186,7880,2025-01-05,46400.0,46,11,False
187,7187,2025-03-20,24100.0,21,12,False
188,1517,2023-06-21,60800.0,35,24,False
189,7901,2024-09-21,43400.0,20,12,False
190,881,2023-07-03,34000.0,40,11,False
191,2853,2024-12-24,29300.0,30,24,False
192,7563,2025-09-18,36900.0,49,11,False
193,572,2025-05-08,31500.0,10,12,False
194,5231,2025-08-17,40700.0,21,11,False
195,4285,2025-12-27,15600.0,38,36,False
196,6146,2025-06-19,37900.0,35,11,False
197,1796,2026-01-01,11700.0,42,12,False
198,6771,2025-01-09,17300.0,19,11,False
199,7731,2022-12-11,57800.0,43,11,False
200,6509,2025-01-10,34500.0,51,12,False
201,7042,2025-06-16,30400.0,22,11,False
202,1716,2024-05-05,22500.0,28,12,False
203,3322,2024-12-27,22400.0,41,11,False
204,4742,2025-02-11,43600.0,4,11,False
205,1085,2023-11-23,53500.0,46,11,False
206,6812,2023-11-21,38600.0,35,11,False
207,5397,2026-02-06,33600.0,14,12,False
208,1760,2025-01-08,38400.0,33,11,False
209,3396,2025-11-01,66400.0,44,11,False
210,3233,2023-06-19,32300.0,29,12,False
211,6040,2025-12-05,49200.0,17,11,False
212,2683,2025-09-25,23800.0,36,11,False
213,2790,2024-05-18,69600.0,41,11,False
214,6845,2023-07-02,37600.0,26,11,False
215,1633,2023-02-28,24200.0,26,24,False
216,3132,2023-07-10,37300.0,15,11,False
217,2753,2024-12-29,46300.0,13,11,False
218,5003,2026-03-16,29200.0,54,11,False
219,5262,2023-01-15,19400.0,31,11,False
220,5863,2023-01-14,33900.0,57,11,False
221,3712,2025-07-04,28700.0,25,11,False
222,1394,2024-12-22,35100.0,12,11,False
223,2025,2026-05-16,18900.0,20,11,False
224,5571,2024-10-07,27000.0,51,12,False
225,1701,2025-03-27,22800.0,6,36,False
226,1564,2025-04-11,23600.0,22,11,False
227,2083,2026-04-10,37300.0,20,11,False
228,7671,2023-12-14,75900.0,47,11,True
229,5715,2023-10-15,19400.0,29,36,False
230,3383,2026-05-13,43000.0,28,11,False
231,2287,2023-07-19,28000.0,29,11,False
232,7546,2022-09-12,36200.0,18,11,False
233,5627,2025-06-07,33500.0,19,11,False
234,5619,2023-05-13,17600.0,18,11,False
235,1335,2024-06-08,33700.0,48,24,False
236,4123,2025-08-07,37500.0,51,11,False
237,6921,2026-08-02,27400.0,21,11,False
238,2734,2026-02-19,26800.0,11,11,False
239,5182,2023-03-08,10600.0,49,12,False
240,5989,2023-05-29,30800.0,31,12,False
241,1310,2024-12-31,39900.0,24,12,False
242,7682,2024-10-03,51300.0,8,24,False
243,722,2026-04-18,25200.0,10,24,False
244,5698,2026-05-22,26200.0,49,24,False
245,5653,2023-11-01,65100.0,54,12,False
246,4851,2025-12-09,45900.0,26,11,False
247,4517,2026-05-08,23600.0,26,11,False
248,3836,2023-04-13,28100.0,12,11,False
249,7546,2024-03-23,36900.0,40,24,False
250,5473,2024-06-23,38400.0,31,11,False
251,4887,2024-08-25,59200.0,26,11,False
252,674,2024-08-07,20700.0,2,12,False
253,2042,2026-01-08,74300.0,17,24,True
254,3528,2025-09-24,14000.0,21,12,False
255,3831,2024-09-27,37300.0,0,11,False
256,5851,2026-04-09,51100.0,49,11,False
257,1528,2023-02-24,26100.0,44,11,False
258,3385,2024-06-07,34100.0,0,11,False
259,3851,2025-03-16,60800.0,8,36,False
260,5349,2025-03-25,35800.0,3,11,False
261,1895,2022-11-12,42400.0,21,11,False
262,5739,2025-04-06,24900.0,37,11,False
263,6725,2026-07-10,45000.0,43,11,False
264,4765,2023-10-17,55200.0,22,24,False
265,1319,2024-03-08,31400.0,31,12,False
266,3666,2022-10-31,21300.0,36,24,False
267,3541,2025-06-04,67600.0,17,11,False
268,7711,2026-08-01,59700.0,46,11,False
269,7434,2023-06-08,18400.0,14,11,False
270,1673,2025-07-11,46400.0,38,11,False
271,3782,2024-12-07,19900.0,23,11,False
272,3070,2024-02-11,17200.0,21,11,False
273,3228,2023-11-09,30400.0,10,11,False
274,711,2025-08-16,36800.0,25,12,False
275,2208,2024-12-07,47400.0,33,11,False
276,4191,2024-10-11,46500.0,15,11,False
277,4844,2026-02-10,36200.0,13,24,False
278,6497,2023-09-19,34700.0,19,36,False
279,5808,2022-09-24,25600.0,39,12,False
280,871,2025-05-08,51800.0,30,36,False
281,5980,2024-09-10,28800.0,30,11,False
282,7546,2025-05-19,35000.0,21,12,False
283,6667,2025-02-15,24100.0,25,11,False
284,3558,2024-11-25,6500.0,0,12,False
285,5881,2025-10-27,29900.0,39,36,False
286,5367,2023-05-28,65900.0,48,24,False
287,5287,2025-05-06,44100.0,23,12,False
288,1745,2023-08-07,87900.0,29,12,True
289,2839,2022-08-25,45700.0,1,12,False
290,5915,2025-02-12,32700.0,24,11,False
291,1772,2026-04-22,39100.0,30,12,False
292,5658,2023-04-02,37800.0,11,11,False
293,6527,2024-03-19,30800.0,0,24,False
294,5043,2023-02-10,32800.0,8,36,False
295,3594,2025-12-28,29000.0,12,11,False
296,203,2022-11-14,47400.0,10,36,False
297,3335,2026-02-25,36300.0,17,36,False
298,4314,2024-04-20,40800.0,24,11,False
299,4600,2024-03-03,49000.0,40,11,False
300,780,2023-03-01,22300.0,6,11,False
301,4493,2023-01-11,10600.0,16,12,False
302,2378,2023-12-04,48800.0,35,11,False
303,3001,2026-03-28,13900.0,25,12,False
304,7936,2025-07-25,39800.0,0,36,False
305,198,2025-05-15,44900.0,0,12,False
306,7279,2024-04-04,29400.0,31,12,False
307,1974,2023-09-29,36200.0,14,24,False
308,3667,2024-08-18,43700.0,13,24,False
309,7046,2026-05-05,35700.0,11,11,False
310,6419,2026-06-03,39500.0,35,11,False
311,618,2023-12-04,22600.0,27,12,False
312,3352,2025-08-22,69200.0,4,11,False
313,1175,2024-01-25,48600.0,13,12,False
314,4382,2024-08-10,26900.0,36,12,False
315,3480,2023-01-12,26800.0,20,11,False
316,2566,2026-07-01,54500.0,13,24,False
317,7672,2023-08-27,61200.0,4,11,False
318,1834,2024-05-10,49700.0,20,11,False
319,670,2022-08-28,24500.0,46,12,False
320,2874,2022-11-04,19400.0,26,11,False
321,7251,2024-09-23,18700.0,36,11,False
322,6178,2023-12-26,37400.0,18,12,False
323,6685,2025-10-12,28800.0,15,24,False
324,1400,2024-04-17,34500.0,0,11,False
325,2030,2024-10-03,36900.0,32,11,False
326,5753,2023-03-02,36000.0,23,36,False
327,147,2025-05-14,39800.0,0,24,False
328,3299,2024-01-24,33800.0,6,12,False
329,2978,2024-04-16,38700.0,20,24,False
330,1773,2024-01-17,37700.0,32,36,False
331,1885,2023-12-07,38800.0,5,11,False
332,496,2023-04-01,25600.0,32,11,False
333,3047,2026-03-14,26400.0,15,24,False
334,2003,2026-01-29,21900.0,0,11,False
335,5883,2023-09-03,46000.0,13,12,False
336,6839,2025-09-17,53700.0,6,11,False
337,2437,2024-12-27,45000.0,19,11,False
338,2986,2024-07-10,30800.0,23,11,False
339,4843,2023-10-26,27800.0,27,11,False
340,1843,2023-03-17,25200.0,31,36,False
341,6759,2026-01-09,38700.0,26,11,False
342,6192,2023-06-10,49500.0,8,24,False
343,6427,2024-10-01,23100.0,4,24,False
344,5657,2026-04-13,38500.0,8,12,False
345,4155,2026-08-17,26700.0,34,11,False
346,3452,2022-09-13,30600.0,16,24,False
347,5854,2025-09-26,43500.0,42,24,False
348,265,2025-12-24,20900.0,22,24,False
349,6008,2025-11-30,37800.0,9,12,False
350,6419,2026-02-07,41100.0,21,11,False
351,6627,2025-07-21,52300.0,24,11,False
352,633,2024-06-11,39300.0,19,36,False
353,1038,2026-06-20,22400.0,32,11,False
354,3728,2024-04-07,41200.0,3,24,False
355,5088,2022-10-25,35100.0,10,11,False
356,2094,2025-02-14,41200.0,59,11,False
357,7192,2025-11-15,47900.0,34,12,False
358,5544,2023-09-15,28200.0,29,11,False
359,6534,2026-04-19,35700.0,3,11,False
360,3810,2024-09-07,42000.0,19,36,False
361,4653,2024-04-11,12900.0,40,11,False
362,3181,2023-04-30,36000.0,12,11,False
363,5397,2025-10-27,33900.0,40,12,False
364,4184,2023-12-19,17400.0,27,24,False
365,7312,2022-10-29,19200.0,34,12,False
366,2101,2025-01-29,28000.0,7,24,False
367,7554,2024-10-09,36500.0,30,11,False
368,3246,2022-10-03,33000.0,21,24,False
369,1720,2025-01-25,25700.0,46,11,False
370,7110,2026-02-14,32500.0,0,24,False
371,2306,2025-08-14,46200.0,0,12,False
372,1182,2023-06-26,31900.0,27,11,False
373,4603,2025-04-21,51400.0,24,11,False
374,6428,2022-09-06,14900.0,12,12,False
375,6328,2025-09-18,23900.0,16,11,False
376,3269,2025-03-09,19500.0,44,11,False
377,1734,2025-12-05,35800.0,39,11,False
378,4084,2024-07-14,41200.0,4,36,False
379,4830,2024-07-28,10300.0,2,11,False
380,4788,2026-01-05,33100.0,39,11,False
381,1686,2025-12-01,40000.0,24,12,False
382,5662,2024-12-08,38600.0,0,24,False
383,1476,2024-07-31,40000.0,18,36,False
384,4295,2025-12-30,40300.0,7,24,False
385,4014,2023-12-24,28800.0,39,24,False
386,255,2023-03-31,25400.0,0,11,False
387,7548,2023-09-16,21400.0,23,11,False
388,3259,2023-06-22,31700.0,53,11,False
389,2614,2024-03-10,56400.0,16,24,False
390,5715,2023-09-18,19500.0,17,11,False
391,99,2022-09-08,29900.0,26,12,False
392,2249,2023-11-27,49300.0,24,11,False
393,6105,2022-10-20,47800.0,40,12,False
394,3032,2023-06-14,40200.0,55,24,False
395,6142,2025-08-24,36200.0,46,12,False
396,5085,2024-02-22,32000.0,9,11,False
397,4537,2025-05-25,11500.0,21,11,False
398,3865,2023-10-31,28800.0,43,12,False
399,2935,2024-09-02,10600.0,32,11,False
400,3314,2026-07-27,24100.0,3,12,False
401,3879,2024-12-04,64400.0,0,36,False
402,974,2024-08-16,29500.0,25,11,False
403,5924,2025-03-10,22900.0,30,11,False
404,4161,2023-07-11,25500.0,9,24,False
405,161,2023-08-22,27400.0,36,11,False
406,5822,2022-09-16,29000.0,13,36,False
407,7095,2023-12-25,32300.0,9,36,False
408,4597,2025-12-12,33600.0,14,11,False
409,1329,2025-09-05,30600.0,27,11,False
410,5023,2022-10-24,18400.0,29,12,False
411,4080,2025-04-07,22700.0,35,12,False
412,1562,2024-05-12,38200.0,28,11,False
413,6142,2023-04-23,34000.0,35,11,False
414,5634,2025-02-06,28100.0,40,24,False
415,5372,2023-09-18,16900.0,18,12,False
416,1246,2025-03-27,24200.0,19,24,False
417,4600,2025-11-13,47900.0,48,11,False
418,4842,2022-10-23,26600.0,14,12,False
419,3177,2023-07-26,20900.0,36,24,False
420,2796,2022-12-29,33000.0,18,11,False
421,4660,2026-04-12,39500.0,49,12,False
422,972,2025-01-13,51900.0,3,12,False
423,4670,2025-09-07,21000.0,0,11,False
424,3529,2023-12-18,22300.0,9,11,False
425,1069,2023-10-03,19300.0,15,24,False
426,7044,2025-12-31,31900.0,0,24,False
427,1731,2022-09-14,29900.0,10,11,False
428,6310,2023-05-26,11000.0,0,11,False
429,6507,2023-11-19,37500.0,16,12,False
430,3519,2022-10-18,40100.0,0,11,False
431,571,2023-01-07,32800.0,0,12,False
432,2539,2025-08-11,37000.0,15,12,False
433,6020,2025-04-17,61000.0,37,24,False
434,3437,2024-07-08,62300.0,13,11,False
435,6299,2024-10-06,54600.0,22,11,False
436,227,2024-06-22,24800.0,9,11,False
437,7600,2025-01-26,31900.0,7,12,False
438,5005,2026-06-16,49100.0,1,24,False
439,7935,2023-02-02,44600.0,20,11,False
440,6564,2023-11-14,96400.0,0,11,True
441,7174,2024-09-08,31600.0,8,11,False
442,977,2024-05-02,49100.0,24,36,False
443,5723,2023-09-14,18600.0,47,11,False
444,4653,2026-04-09,13600.0,13,24,False
445,3139,2024-09-21,47100.0,15,36,False
446,831,2023-04-09,44700.0,14,11,False
447,4861,2022-08-25,31300.0,26,11,False
448,7842,2024-09-20,37900.0,45,12,False
449,4748,2025-07-12,22900.0,31,12,False
450,5430,2025-12-27,47300.0,5,11,False
451,3195,2023-11-30,21200.0,30,12,False
452,7837,2025-03-14,36400.0,36,24,False
453,17,2026-02-16,37900.0,31,11,False
454,7493,2025-06-02,45900.0,28,11,False
455,1271,2025-11-09,15800.0,6,12,False
456,2255,2023-09-27,36200.0,16,11,False
457,2579,2024-11-30,20600.0,34,11,False
458,1095,2023-04-09,19100.0,0,11,False
459,3527,2025-03-21,20400.0,0,12,False
460,2622,2023-07-07,34500.0,46,11,False
461,6373,2026-07-08,19600.0,36,24,False
462,5989,2024-05-08,28000.0,14,11,False
463,1086,2025-07-31,28300.0,19,24,False
464,2378,2024-01-28,47100.0,14,24,False
465,3503,2024-10-29,21000.0,0,24,False
466,6783,2025-07-01,65800.0,23,11,False
467,304,2025-08-29,39400.0,28,11,False
468,4376,2023-04-19,36500.0,10,11,False
469,616,2024-04-24,29400.0,42,36,False
470,3246,2024-07-22,33200.0,25,36,False
471,712,2026-05-06,15000.0,36,11,False
472,5203,2023-06-22,23800.0,38,11,False
473,1167,2026-01-11,14600.0,20,11,False
474,191,2024-05-28,18700.0,18,11,False
475,2351,2025-06-07,18200.0,17,11,False
476,998,2024-03-02,18400.0,31,11,False
477,3046,2023-05-12,31600.0,41,12,False
478,6230,2024-12-29,26500.0,30,12,False
479,1212,2025-04-06,39300.0,3,36,False
480,3409,2025-03-15,33900.0,29,36,False
481,3477,2025-05-11,36900.0,42,12,False
482,128,2024-02-13,31600.0,15,24,False
483,2110,2026-07-24,41900.0,27,12,False
484,1858,2024-10-01,27100.0,6,11,False
485,5979,2026-03-17,47900.0,7,11,False
486,6854,2025-09-09,45700.0,47,24,False
487,578,2024-07-04,23900.0,29,24,False
488,5563,2024-08-20,26000.0,0,36,False
489,1938,2023-10-24,38500.0,43,11,False
490,2794,2023-03-22,48800.0,0,12,False
491,3954,2024-02-28,29300.0,54,12,False
492,4828,2024-01-30,35800.0,38,36,False
493,7611,2023-12-29,31800.0,3,24,False
494,4108,2023-11-19,20900.0,0,36,False
495,2968,2025-02-14,45400.0,14,11,False
496,1724,2025-01-03,35200.0,20,36,False
497,3081,2022-09-23,18000.0,45,11,False
498,7967,2024-04-25,13600.0,43,11,False
499,155,2023-03-31,49000.0,4,11,False
500,2593,2023-03-03,41500.0,44,11,False
501,1440,2025-07-14,16100.0,28,11,False
502,4151,2023-07-07,29600.0,30,11,False
503,799,2024-07-12,12600.0,31,11,False
504,3251,2024-06-07,23500.0,0,12,False
505,7717,2024-08-23,25800.0,8,11,False
506,4445,2024-12-13,46800.0,11,24,False
507,7497,2026-07-22,62100.0,41,12,False
508,7360,2026-03-03,30500.0,15,11,False
509,5719,2023-07-19,25900.0,4,11,False
510,5925,2025-05-08,46900.0,16,12,False
511,2869,2024-12-04,20400.0,21,11,False
512,546,2022-10-11,22000.0,18,11,False
513,6111,2025-11-19,24100.0,17,11,False
514,1883,2025-09-07,20100.0,30,11,False
515,5128,2024-05-06,27900.0,28,24,False
516,2509,2025-12-05,9200.0,38,12,False
517,533,2026-02-15,24600.0,0,11,False
518,7123,2025-06-28,20100.0,7,24,False
519,5748,2025-02-22,41700.0,29,24,False
520,3020,2024-06-04,37400.0,33,12,False
521,4225,2025-04-26,25900.0,0,11,False
522,4888,2024-11-03,24000.0,3,36,False
523,4209,2025-11-15,48600.0,11,12,False
524,2420,2026-07-28,23600.0,17,11,False
525,3938,2024-12-15,41900.0,9,24,False
526,6798,2025-06-12,26700.0,36,12,False
527,4599,2022-12-01,34500.0,3,11,False
528,2761,2025-10-18,68800.0,23,12,False
529,989,2024-04-25,23500.0,9,36,False
530,6128,2023-11-21,51800.0,17,11,False
531,6757,2023-06-11,28400.0,22,24,False
532,1194,2024-09-24,28600.0,12,11,False
533,5327,2026-08-03,28600.0,39,36,False
534,7677,2026-02-23,57300.0,29,11,False
535,5041,2024-10-23,47300.0,36,11,False
536,6044,2025-02-17,23000.0,51,12,False
537,2836,2022-10-17,13400.0,25,12,False
538,2026,2024-06-11,44500.0,27,11,False
539,870,2023-06-23,24100.0,3,11,False
540,4240,2024-09-09,19300.0,26,11,False
541,3824,2024-01-17,62400.0,38,12,False
542,3857,2022-11-22,59200.0,42,12,False
543,583,2024-08-10,18300.0,19,11,False
544,3341,2022-11-12,44800.0,14,11,False
545,1176,2024-12-15,35900.0,33,12,False
546,6426,2024-02-10,24000.0,24,11,False
547,6594,2026-08-01,17500.0,31,12,False
548,6858,2025-09-06,42700.0,36,11,False
549,7665,2025-02-21,30700.0,34,36,False
550,6585,2023-04-21,35300.0,30,11,False
551,1753,2025-12-09,47400.0,8,11,False
552,4885,2023-06-22,47100.0,0,11,False
553,5045,2023-09-09,44300.0,35,24,False
554,3945,2024-09-05,22700.0,20,24,False
555,5288,2024-04-11,23500.0,12,12,False
556,7300,2024-09-25,41600.0,39,11,False
557,2546,2026-01-29,17700.0,13,11,False
558,2719,2026-06-21,25000.0,34,36,False
559,7290,2025-05-17,46300.0,19,24,False
560,6544,2024-03-24,39200.0,27,36,False
561,3199,2023-03-28,26700.0,0,11,False
562,5814,2025-01-03,46800.0,5,36,False
563,3123,2025-05-11,60800.0,0,24,False
564,7948,2023-05-10,65100.0,29,24,False
565,5,2026-05-17,22100.0,22,12,False
566,5339,2025-10-11,25400.0,21,11,False
567,5434,2025-01-16,43700.0,42,11,False
568,4979,2025-02-28,26800.0,13,24,False
569,894,2023-12-20,25900.0,26,36,False
570,1011,2022-12-26,47400.0,36,12,False
571,7179,2026-02-23,31400.0,17,12,False
572,7673,2024-10-26,30600.0,0,24,False
573,4236,2023-04-02,24300.0,12,24,False
574,7162,2024-11-25,19700.0,36,11,False
575,7118,2025-10-15,29400.0,15,11,False
576,7231,2024-09-22,35200.0,12,11,False
577,6945,2024-03-07,17800.0,41,12,False
578,4468,2025-04-03,15200.0,34,11,False
579,4569,2025-09-06,22200.0,35,11,False
580,645,2024-09-04,27200.0,18,11,False
581,5342,2023-03-03,32000.0,9,36,False
582,1731,2025-11-13,27100.0,18,11,False
583,1720,2025-03-24,25400.0,5,11,False
584,4859,2024-08-02,19000.0,0,12,False
585,120,2026-04-18,38800.0,15,11,False
586,846,2024-03-08,74600.0,28,24,True
587,6031,2025-09-03,56100.0,19,11,False
588,3760,2026-06-30,32800.0,24,11,False
589,5292,2022-10-12,27100.0,22,11,False
590,6197,2023-02-09,22600.0,15,36,False
591,1400,2024-06-14,36600.0,7,11,False
592,753,2023-02-28,47900.0,12,11,False
593,7799,2024-07-22,42600.0,23,11,False
594,117,2023-03-22,40400.0,46,36,False
595,6074,2024-11-07,47300.0,17,12,False
596,2902,2024-03-08,36000.0,29,12,False
597,1178,2025-01-22,26200.0,21,36,False
598,7717,2023-07-23,26800.0,0,12,False
599,1975,2023-09-25,29300.0,33,11,False
600,1033,2025-06-17,32600.0,1,24,False
601,1702,2025-04-14,40900.0,32,11,False
602,1107,2026-01-12,36200.0,16,11,False
603,4836,2025-04-12,20500.0,6,12,False
604,521,2025-01-23,31000.0,21,11,False
605,2913,2024-06-13,51300.0,15,11,False
606,5331,2022-10-26,19000.0,25,12,False
607,7966,2025-06-27,33800.0,27,11,False
608,5354,2022-10-23,22700.0,40,12,False
609,568,2024-08-06,27300.0,34,24,False
610,3757,2024-06-22,35100.0,33,11,False
611,4688,2025-02-02,18000.0,23,12,False
612,7559,2026-01-30,30300.0,25,12,False
613,5104,2025-10-06,43700.0,15,11,False
614,3425,2026-02-03,35100.0,31,11,False
615,5427,2026-08-14,28700.0,0,11,False
616,4164,2023-05-26,45900.0,27,24,False
617,4907,2024-01-19,24200.0,35,12,False
618,1502,2024-06-01,40300.0,0,11,False
619,590,2025-11-01,19600.0,37,11,False
620,7084,2024-05-27,22100.0,36,36,False
621,7156,2025-08-04,39800.0,12,11,False
622,2345,2025-09-12,40300.0,21,11,False
623,3223,2025-12-29,35700.0,31,24,False
624,4348,2025-04-07,81000.0,27,24,True
625,1717,2026-02-25,37400.0,37,12,False
626,3590,2023-01-13,12000.0,17,12,False
627,5207,2023-12-14,21400.0,0,12,False
628,7407,2025-02-28,12500.0,6,11,False
629,2805,2025-05-11,12600.0,5,11,False
630,3439,2025-09-14,37300.0,31,24,False
631,4139,2024-05-23,29800.0,15,11,False
632,1271,2026-04-03,16600.0,34,11,False
633,5303,2024-01-24,32400.0,16,11,False
634,3193,2025-03-17,21400.0,29,11,False
635,5219,2024-09-24,34600.0,1,24,False
636,2189,2025-02-07,23900.0,25,11,False
637,5994,2025-05-02,47300.0,36,11,False
638,5167,2025-08-03,40800.0,22,12,False
639,3131,2024-09-12,57200.0,34,12,False
640,4653,2025-06-23,13600.0,14,12,False
641,5442,2023-10-03,20400.0,26,12,False
642,3030,2022-10-24,39000.0,22,11,False
643,2316,2024-02-08,46400.0,25,11,False
644,6760,2024-09-01,24800.0,54,11,False
645,2533,2023-06-21,50300.0,36,11,False
646,6622,2026-07-09,32900.0,9,11,False
647,4752,2023-11-17,41900.0,31,11,False
648,1672,2023-11-13,12800.0,39,36,False
649,5529,2024-07-26,38500.0,34,11,False
650,7576,2022-11-03,14600.0,36,12,False
651,1796,2026-04-24,11800.0,24,11,False
652,4556,2023-01-16,41200.0,18,12,False
653,2115,2023-03-30,36100.0,40,11,False
654,6006,2023-07-17,18800.0,33,11,False
655,6809,2025-03-23,32800.0,22,11,False
656,6002,2023-12-04,30100.0,24,24,False
657,7421,2022-10-30,33600.0,11,12,False
658,2913,2024-03-27,53000.0,46,24,False
659,3331,2026-08-06,32400.0,41,24,False
660,7544,2023-02-02,40900.0,8,11,False
661,7056,2025-02-22,68000.0,29,11,False
662,3818,2024-03-16,39600.0,25,11,False
663,2544,2026-05-16,80700.0,13,11,True
664,1668,2024-10-07,40600.0,19,11,False
665,2879,2022-12-07,16700.0,8,36,False
666,1037,2022-10-13,24500.0,46,12,False
667,1379,2025-03-10,47500.0,19,12,False
668,4717,2026-02-23,21900.0,18,11,False
669,3159,2024-06-07,42600.0,24,11,False
670,2903,2024-06-02,33500.0,10,24,False
671,338,2022-11-06,51100.0,30,11,False
672,6003,2026-03-01,69200.0,37,11,False
673,6538,2023-07-25,39100.0,44,11,False
674,4697,2026-07-12,29800.0,7,11,False
675,913,2025-11-07,15800.0,28,11,False
676,6436,2025-02-21,20400.0,41,11,False
677,3630,2024-01-23,34700.0,46,36,False
678,868,2024-09-06,44600.0,11,12,False
679,1725,2023-09-08,39400.0,11,11,False
680,1975,2026-07-16,29300.0,25,11,False
681,6980,2024-12-06,35600.0,31,11,False
682,3834,2023-10-22,26100.0,34,24,False
683,2481,2026-04-17,27700.0,39,12,False
684,1603,2026-08-04,33900.0,42,36,False
685,4094,2025-11-29,42400.0,37,11,False
686,5165,2024-04-29,61900.0,21,24,False
687,2799,2026-01-21,24600.0,43,11,False
688,3582,2026-06-13,24400.0,23,12,False
689,5856,2025-11-21,46200.0,16,11,False
690,5508,2022-11-25,43700.0,17,24,False
691,7903,2023-07-04,16600.0,4,12,False
692,5659,2023-03-04,30300.0,29,24,False
693,5406,2023-11-29,25700.0,58,36,False
694,4004,2023-07-05,26800.0,46,11,False
695,1092,2024-08-17,46000.0,22,24,False
696,7882,2025-04-13,18100.0,21,11,False
697,4484,2026-02-09,43500.0,18,12,False
698,2498,2024-01-20,24500.0,22,11,False
699,4201,2026-05-31,17200.0,39,11,False
700,5850,2024-02-05,48400.0,32,11,False
701,3456,2025-06-17,34700.0,35,11,False
702,4062,2023-04-11,26600.0,8,11,False
703,7575,2026-04-10,36300.0,18,11,False
704,2602,2025-04-23,37000.0,7,11,False
705,767,2025-04-13,40500.0,14,11,False
706,2127,2023-07-27,55500.0,22,24,False
707,2836,2024-09-01,14300.0,40,36,False
708,2963,2026-06-25,22900.0,24,11,False
709,4279,2025-09-23,20900.0,29,11,False
710,789,2023-06-20,62300.0,30,11,False
711,6893,2022-10-14,20200.0,12,12,False
712,7267,2024-11-22,42600.0,33,11,False
713,1661,2022-12-27,26700.0,41,11,False
714,3141,2024-11-14,57000.0,17,12,False
715,421,2026-04-27,20900.0,32,11,False
716,115,2025-04-13,28800.0,3,12,False
717,626,2025-03-15,29900.0,56,36,False
718,4067,2026-08-14,43300.0,31,12,False
719,3347,2023-07-17,31700.0,31,24,False
720,841,2023-05-02,38300.0,27,24,False
721,7826,2022-12-30,29700.0,31,12,False
722,5869,2026-01-19,27600.0,42,11,False
723,1550,2025-07-30,24600.0,31,11,False
724,3222,2022-11-28,65800.0,21,11,False
725,416,2024-01-08,18300.0,11,36,False
726,7699,2025-08-03,34200.0,12,11,False
727,7745,2024-10-13,25100.0,36,11,False
728,741,2024-12-18,26500.0,8,11,False
729,3431,2025-10-27,25700.0,48,12,False
730,7318,2022-09-24,39900.0,42,12,False
731,2871,2024-07-01,21800.0,18,36,False
732,687,2023-06-18,53300.0,30,11,False
733,3549,2023-10-20,67300.0,18,36,False
734,6113,2024-03-03,38300.0,12,11,False
735,2559,2024-07-08,31300.0,14,11,False
736,3038,2023-08-26,23400.0,19,36,False
737,6468,2023-05-05,37500.0,11,36,False
738,2849,2023-02-14,56500.0,5,12,False
739,1150,2025-08-09,29100.0,7,11,False
740,4173,2024-12-03,57600.0,24,24,False
741,1606,2024-10-23,36200.0,10,24,False
742,5187,2025-03-27,48200.0,11,11,False
743,5219,2026-04-27,31700.0,24,11,False
744,2191,2024-07-31,30900.0,45,11,False
745,1725,2025-08-06,38000.0,13,36,False
746,6952,2026-04-30,41700.0,19,12,False
747,7511,2025-01-26,22100.0,10,36,False
748,4226,2024-05-01,39800.0,0,24,False
749,3942,2024-05-26,38300.0,18,36,False
750,3523,2023-12-24,30700.0,12,12,False
751,3854,2026-06-05,18800.0,0,36,False
752,5767,2026-03-23,28000.0,28,24,False
753,2377,2022-12-10,38700.0,37,36,False
754,6494,2025-04-16,53500.0,38,11,False
755,2981,2024-04-01,47800.0,20,11,False
756,5080,2024-11-03,47900.0,17,11,False
757,6042,2025-03-20,70800.0,16,11,False
758,5513,2026-05-28,47500.0,32,11,False
759,4044,2026-03-14,44200.0,29,11,False
760,6336,2023-01-11,40100.0,41,24,False
761,605,2025-10-13,24400.0,24,36,False
762,6124,2023-11-01,31900.0,41,12,False
763,741,2023-09-23,24800.0,27,11,False
764,1396,2024-07-20,40100.0,28,11,False
765,4596,2025-06-06,30000.0,43,12,False
766,711,2022-11-13,35200.0,12,11,False
767,7340,2024-12-30,48800.0,55,11,False
768,6453,2025-11-26,39700.0,27,11,False
769,5855,2023-06-13,25800.0,15,11,False
770,399,2024-07-31,29700.0,62,24,False
771,6728,2024-06-07,17700.0,0,11,False
772,7554,2022-09-26,33800.0,11,11,False
773,4265,2026-08-14,44300.0,26,11,False
774,4464,2024-12-31,28800.0,21,11,False
775,2557,2025-07-05,22400.0,51,12,False
776,1861,2023-02-19,19100.0,50,11,False
777,730,2024-04-02,31500.0,41,11,False
778,2845,2025-04-16,31500.0,6,12,False
779,7707,2026-08-15,12700.0,33,11,False
780,7890,2026-07-08,10400.0,29,11,False
781,5058,2025-09-18,24400.0,32,11,False
782,3662,2022-09-30,29600.0,14,36,False
783,5609,2023-03-29,25300.0,17,11,False
784,144,2026-06-25,33700.0,8,24,False
785,5092,2025-03-03,34200.0,37,12,False
786,3216,2026-07-06,30300.0,10,36,False
787,7420,2025-08-18,37600.0,33,12,False
788,4595,2024-12-07,30800.0,18,11,False
789,7346,2025-03-20,18100.0,34,11,False
790,7243,2024-03-03,33800.0,36,11,False
791,3008,2025-11-28,51800.0,18,12,False
792,5711,2023-02-06,8500.0,24,24,False
793,7809,2026-03-13,39200.0,28,11,False
794,3721,2024-04-18,36700.0,33,11,False
795,3302,2024-06-10,26400.0,15,11,False
796,1195,2023-02-15,38800.0,18,11,False
797,2673,2025-08-14,32400.0,27,12,False
798,1088,2026-08-05,9300.0,42,11,False
799,2204,2024-04-15,69800.0,27,11,False
800,5276,2026-06-11,42500.0,11,11,False
801,5424,2022-08-22,21800.0,21,11,False
802,3053,2026-08-16,28800.0,16,24,False
803,6680,2025-08-14,30200.0,36,36,False
804,3375,2026-04-18,33900.0,45,11,False
805,4836,2023-09-29,19100.0,3,12,False
806,1184,2025-11-17,48000.0,23,12,False
807,7484,2026-04-27,33200.0,24,11,False
808,5454,2023-03-04,51400.0,32,11,False
809,745,2026-01-11,24000.0,35,24,False
810,4434,2023-02-23,43300.0,23,11,False
811,6947,2025-05-09,48800.0,3,11,False
812,4955,2026-07-20,24600.0,3,12,False
813,6876,2023-09-16,52900.0,16,12,False
814,7330,2024-12-26,20800.0,37,12,False
815,7395,2022-10-16,69400.0,29,11,False
816,971,2026-03-26,30500.0,6,11,False
817,2595,2023-06-20,54200.0,22,12,False
818,7208,2024-05-20,30700.0,16,11,False
819,3406,2024-04-29,42400.0,32,11,False
820,3382,2023-07-08,50600.0,16,11,False
821,1577,2024-04-26,49100.0,13,36,False
822,5412,2024-01-25,24700.0,0,11,False
823,5896,2025-08-05,50800.0,39,11,False
824,1219,2023-01-04,11800.0,51,24,False
825,6446,2026-02-02,26200.0,28,12,False
826,5635,2025-02-02,29200.0,14,11,False
827,3064,2023-12-11,18200.0,23,24,False
828,7089,2025-03-05,17300.0,28,11,False
829,2740,2023-09-27,39600.0,28,12,False
830,1245,2024-03-31,32900.0,12,11,False
831,1575,2023-09-24,21600.0,25,11,False
832,6301,2022-09-28,61000.0,6,11,False
833,3316,2023-04-16,29200.0,26,12,False
834,5664,2023-08-13,43800.0,21,24,False
835,2438,2026-01-25,42000.0,42,11,False
836,3805,2022-11-19,42700.0,35,11,False
837,5738,2023-11-07,25500.0,7,11,False
838,1419,2024-03-19,47000.0,42,11,False
839,1898,2024-01-28,26000.0,24,12,False
840,1396,2026-02-28,41100.0,55,11,False
841,507,2023-03-12,19900.0,0,11,False
842,1718,2025-11-13,53200.0,13,11,False
843,518,2025-11-20,26400.0,51,12,False
844,7650,2023-01-27,37800.0,33,24,False
845,4413,2024-03-02,21200.0,26,24,False
846,1355,2024-08-04,23400.0,13,24,False
847,1183,2023-02-23,49900.0,27,36,False
848,1869,2023-07-04,29100.0,0,11,False
849,3217,2024-11-26,40400.0,30,11,False
850,7574,2025-10-05,36900.0,23,36,False
851,3570,2024-01-23,45600.0,34,12,False
852,1852,2026-04-02,52600.0,10,12,False
853,6728,2024-02-28,17000.0,31,12,False
854,2993,2025-01-30,16700.0,16,11,False
855,5420,2023-12-22,37100.0,5,12,False
856,2264,2024-12-18,30100.0,28,12,False
857,4280,2023-04-07,56800.0,21,11,False
858,726,2023-05-13,34900.0,11,12,False
859,6102,2025-05-17,15700.0,9,24,False
860,3687,2024-02-19,39200.0,0,11,False
861,4228,2026-02-26,82600.0,11,12,True
862,7447,2025-11-18,27600.0,29,11,False
863,3606,2023-10-30,44400.0,62,11,False
864,4368,2022-10-24,16400.0,47,11,False
865,4855,2023-07-02,12000.0,35,12,False
866,4958,2026-01-24,24100.0,0,11,False
867,1271,2025-10-21,15800.0,47,12,False
868,3795,2025-11-21,20300.0,27,24,False
869,1107,2023-12-05,35900.0,44,11,False
870,5903,2026-07-11,27200.0,25,11,False
871,6762,2025-08-09,13100.0,18,12,False
872,460,2023-12-21,22600.0,19,11,False
873,5036,2022-11-20,33300.0,37,24,False
874,912,2025-07-09,38800.0,31,11,False
875,1415,2023-06-20,57600.0,13,24,False
876,2002,2026-05-19,61800.0,26,11,False
877,3144,2026-07-05,19300.0,20,11,False
878,6669,2025-10-01,13700.0,24,11,False
879,2040,2026-05-02,31300.0,13,12,False
880,6629,2023-08-28,38100.0,15,11,False
881,4385,2024-10-30,44700.0,38,11,False
882,512,2024-07-22,38600.0,28,11,False
883,1242,2023-05-10,32700.0,28,11,False
884,1566,2026-04-11,22700.0,19,24,False
885,3523,2023-07-20,28200.0,10,12,False
886,7734,2022-08-21,14100.0,38,11,False
887,839,2024-07-04,48800.0,21,11,False
888,946,2023-08-07,38500.0,27,12,False
889,5142,2023-07-27,17800.0,5,11,False
890,5353,2023-08-24,32300.0,0,36,False
891,134,2024-01-29,16100.0,22,24,False
892,2151,2024-02-23,39000.0,0,36,False
893,3712,2025-08-03,28900.0,13,12,False
894,4888,2022-12-20,24500.0,27,12,False
895,6962,2025-05-19,25100.0,19,24,False
896,6449,2023-10-21,47100.0,46,36,False
897,1894,2025-12-13,21400.0,45,36,False
898,5022,2023-03-25,18900.0,19,12,False
899,5386,2023-01-02,11400.0,26,11,False
900,4269,2023-09-04,44500.0,28,11,False
901,3003,2025-10-05,52800.0,41,11,False
902,3365,2024-06-19,73000.0,23,11,True
903,4399,2024-09-13,46200.0,28,24,False
904,2874,2024-12-28,21400.0,36,24,False
905,5468,2023-11-25,36300.0,17,11,False
906,5919,2022-11-20,34200.0,14,24,False
907,1278,2026-02-18,39300.0,23,36,False
908,5902,2022-08-31,54600.0,2,24,False
909,5774,2022-09-09,19300.0,43,12,False
910,3596,2023-12-03,38100.0,25,11,False
911,7726,2023-08-11,50900.0,44,24,False
912,6321,2024-08-12,23800.0,21,11,False
913,1284,2024-05-17,19400.0,6,12,False
914,3459,2023-01-05,21600.0,32,12,False
915,5768,2023-05-30,44100.0,7,11,False
916,5380,2025-06-05,39300.0,36,24,False
917,3570,2025-11-07,45000.0,40,11,False
918,3669,2024-08-22,23500.0,6,11,False
919,1427,2022-11-15,29600.0,34,36,False
920,3722,2025-07-11,20700.0,9,11,False
921,3412,2024-10-10,20500.0,33,12,False
922,2763,2026-06-29,20600.0,20,11,False
923,476,2022-12-23,29200.0,17,12,False
924,7268,2023-06-17,22400.0,17,24,False
925,5246,2022-12-21,20000.0,47,12,False
926,1384,2023-01-01,21000.0,5,11,False
927,2846,2022-11-22,20700.0,13,11,False
928,2895,2023-07-20,35400.0,3,11,False
929,5177,2024-07-23,33600.0,32,11,False
930,361,2024-04-13,30400.0,32,11,False
931,3091,2025-02-27,46200.0,1,24,False
932,7733,2026-06-01,32500.0,34,36,False
933,678,2022-09-10,27700.0,26,11,False
934,4572,2025-10-29,36800.0,25,24,False
935,5242,2022-12-11,26500.0,28,24,False
936,1173,2024-06-16,22800.0,48,12,False
937,5588,2022-10-25,22000.0,22,11,False
938,6966,2025-04-26,42000.0,23,24,False
939,4279,2025-02-26,22300.0,23,11,False
940,3805,2023-11-30,43100.0,17,24,False
941,2806,2023-11-03,6400.0,7,11,False
942,7639,2023-12-16,16800.0,31,11,False
943,7499,2024-06-13,34400.0,18,24,False
944,548,2022-11-05,66800.0,15,11,False
945,2842,2025-03-15,26300.0,22,11,False
946,5076,2025-03-29,37600.0,37,12,False
947,4230,2022-08-23,43800.0,36,11,False
948,4943,2026-02-01,28900.0,4,12,False
949,3863,2025-12-02,43700.0,26,24,False
950,6169,2025-04-05,16800.0,12,12,False
951,6788,2023-08-12,38100.0,41,24,False
952,7255,2025-11-13,42200.0,40,11,False
953,7466,2022-12-03,35800.0,30,24,False
954,5439,2026-05-27,24200.0,18,11,False
955,5137,2023-05-08,52800.0,8,11,False
956,6261,2025-08-09,35800.0,39,36,False
957,2563,2022-09-06,38800.0,20,12,False
958,2842,2022-10-07,26700.0,23,11,False
959,7046,2023-05-16,36000.0,42,36,False
960,942,2022-11-07,18500.0,36,11,False
961,3026,2026-06-21,96900.0,22,11,True
962,1616,2024-05-11,26500.0,41,11,False
963,7873,2023-12-22,17200.0,0,36,False
964,3406,2025-03-22,39900.0,54,36,False
965,4589,2026-05-27,30700.0,20,11,False
966,5837,2026-04-10,25700.0,16,24,False
967,7178,2022-09-16,43500.0,30,12,False
968,257,2023-12-09,50900.0,2,11,False
969,4912,2025-12-16,40700.0,20,11,False
970,1880,2023-04-22,16900.0,26,12,False
971,1988,2025-08-06,22900.0,14,24,False
972,6733,2023-01-07,34500.0,18,11,False
973,10,2025-10-14,49900.0,30,12,False
974,2937,2022-09-28,26900.0,24,11,False
975,813,2024-04-08,20200.0,13,12,False
976,7564,2022-10-12,34200.0,30,11,False
977,7573,2023-11-23,45900.0,6,36,False
978,5084,2023-08-29,41800.0,35,11,False
979,5239,2025-08-03,37300.0,13,11,False
980,7440,2024-11-24,21300.0,35,24,False
981,1037,2022-09-16,24400.0,19,24,False
982,1866,2026-07-26,36200.0,57,12,False
983,4573,2024-03-29,36900.0,29,11,False
984,3211,2026-03-16,38300.0,52,24,False
985,2242,2023-06-16,33800.0,23,11,False
986,225,2025-08-05,32500.0,19,12,False
987,5478,2023-03-13,22200.0,0,11,False
988,6453,2023-03-06,39300.0,3,12,False
989,6023,2023-03-07,26700.0,11,12,False
990,5060,2022-10-13,28300.0,8,11,False
991,7605,2026-08-07,38200.0,20,11,False
992,4252,2023-07-25,25900.0,46,36,False
993,5456,2026-07-17,20600.0,56,11,False
994,4016,2023-02-26,40200.0,25,12,False
995,7122,2025-04-17,80500.0,35,11,True
996,7089,2022-10-27,16100.0,0,12,False
997,4892,2024-02-22,30600.0,21,12,False
998,5703,2025-04-02,21500.0,13,12,False
999,4094,2023-01-06,44200.0,0,24,False
1000,1670,2025-04-15,28000.0,4,12,False
1001,2200,2025-02-01,39400.0,20,11,False
1002,7420,2022-10-26,38300.0,31,36,False
1003,518,2022-12-08,24400.0,42,24,False
1004,388,2025-08-31,18000.0,0,12,False
1005,408,2023-08-29,20900.0,25,24,False
1006,7118,2023-11-11,29900.0,18,12,False
1007,4719,2023-07-12,14300.0,0,24,False
1008,4676,2023-01-14,24900.0,24,11,False
1009,2044,2023-07-18,36900.0,13,24,False
1010,2818,2023-05-01,27500.0,48,11,False
1011,1706,2023-05-12,15000.0,10,36,False
1012,6114,2024-02-24,38000.0,47,11,False
1013,7065,2026-07-11,14900.0,30,11,False
1014,1492,2025-10-26,47700.0,42,11,False
1015,7344,2023-04-08,29300.0,42,36,False
1016,7294,2025-07-25,13800.0,25,24,False
1017,3721,2023-08-26,40600.0,29,11,False
1018,2785,2025-12-18,15100.0,34,11,False
1019,4917,2024-04-12,40000.0,18,11,False
1020,7783,2023-10-07,20800.0,25,12,False
1021,4272,2023-02-20,32500.0,27,12,False
1022,5382,2023-11-07,10000.0,23,12,False
1023,7406,2024-08-20,33600.0,43,11,False
1024,7399,2023-10-29,25400.0,7,11,False
1025,6740,2025-11-06,21800.0,37,11,False
1026,6122,2025-01-26,28600.0,26,11,False
1027,2093,2024-05-06,25900.0,32,11,False
1028,4240,2022-08-27,18400.0,8,12,False
1029,4888,2023-09-09,24500.0,4,11,False
1030,729,2024-09-06,23300.0,19,36,False
1031,5688,2024-05-08,26300.0,37,11,False
1032,4649,2023-09-14,49600.0,12,11,False
1033,5088,2025-08-13,39600.0,42,12,False
1034,4688,2025-07-21,20000.0,37,11,False
1035,1865,2024-12-19,22600.0,28,11,False
1036,2126,2024-01-23,36000.0,30,24,False
1037,3502,2024-05-19,30700.0,25,11,False
1038,6369,2024-06-13,28200.0,31,24,False
1039,7393,2025-04-24,19400.0,51,11,False
1040,1609,2025-02-18,51700.0,39,11,False
1041,6430,2026-02-06,20200.0,15,24,False
1042,251,2023-08-09,32200.0,21,11,False
1043,685,2025-04-12,26500.0,37,24,False
1044,4637,2024-10-31,28600.0,55,12,False
1045,2213,2025-02-18,25400.0,44,36,False
1046,784,2023-05-06,12200.0,34,11,False
1047,4054,2024-07-09,39900.0,18,11,False
1048,7629,2023-07-25,23800.0,17,11,False
1049,4467,2024-04-02,52900.0,0,11,False
1050,2028,2025-09-24,53600.0,38,12,False
1051,1103,2023-12-21,34300.0,23,24,False
1052,237,2023-05-06,40900.0,38,24,False
1053,392,2024-03-02,47500.0,15,24,False
1054,3109,2026-06-22,21200.0,40,11,False
1055,4968,2024-02-12,43600.0,1,36,False
1056,1890,2023-12-18,51700.0,10,11,False
1057,6683,2026-01-08,35600.0,4,36,False
1058,4826,2023-09-14,48300.0,24,24,False
1059,2877,2025-09-09,13300.0,9,11,False
1060,3457,2024-03-11,38500.0,30,36,False
1061,7214,2023-04-07,23800.0,30,11,False
1062,3358,2025-10-13,54200.0,36,11,False
1063,1280,2026-02-14,19400.0,25,11,False
1064,7148,2024-09-04,33500.0,45,12,False
1065,4074,2025-02-10,53800.0,14,12,False
1066,4779,2024-04-19,25700.0,25,12,False
1067,2169,2023-11-01,33400.0,18,11,False
1068,4634,2023-09-13,47000.0,34,11,False
1069,2198,2025-10-06,33200.0,3,11,False
1070,7747,2024-02-10,81400.0,55,11,True
1071,4969,2023-08-19,61700.0,0,11,False
1072,7031,2026-01-11,46900.0,1,11,False
1073,7100,2025-06-04,21000.0,43,24,False
1074,1360,2023-04-09,35000.0,22,12,False
1075,6372,2026-02-22,39500.0,0,12,False
1076,7092,2025-09-28,74000.0,26,12,True
1077,1389,2026-06-06,24600.0,11,11,False
1078,7154,2026-04-30,23800.0,36,12,False
1079,2536,2024-03-17,29600.0,46,12,False
1080,4646,2025-07-06,32200.0,0,24,False
1081,2061,2025-04-20,49500.0,41,11,False
1082,1362,2023-12-26,46800.0,0,11,False
1083,4448,2024-11-16,17500.0,29,11,False
1084,4361,2025-06-05,39100.0,11,24,False
1085,7806,2025-06-07,42100.0,12,36,False
1086,7281,2024-04-06,32400.0,14,24,False
1087,1389,2025-09-06,26000.0,23,11,False
1088,5230,2026-02-26,15800.0,28,11,False
1089,4743,2024-12-09,18300.0,29,24,False
1090,4964,2026-03-09,18500.0,53,11,False
1091,3253,2025-08-16,25600.0,18,24,False
1092,7889,2023-04-02,71700.0,27,36,True
1093,2176,2023-06-11,34100.0,21,11,False
1094,2229,2026-04-11,16000.0,3,36,False
1095,5004,2025-08-27,16100.0,32,11,False
1096,7195,2024-03-09,29700.0,2,24,False
1097,138,2026-04-30,38300.0,32,11,False
1098,6460,2023-03-28,31600.0,21,12,False
1099,3556,2023-01-17,39800.0,10,11,False
1100,5570,2024-07-13,41300.0,16,24,False
1101,2896,2023-04-05,19800.0,29,11,False
1102,3664,2024-06-18,36200.0,6,12,False
1103,6096,2025-03-19,45000.0,13,11,False
1104,3103,2026-05-15,42600.0,35,11,False
1105,4258,2026-06-09,31800.0,50,11,False
1106,2650,2025-08-12,38700.0,29,11,False
1107,6327,2024-10-27,18100.0,26,11,False
1108,5692,2023-07-14,36300.0,15,11,False
1109,4401,2023-09-20,53500.0,24,11,False
1110,6401,2026-05-24,31700.0,18,11,False
1111,3906,2023-10-12,76600.0,17,11,True
1112,4232,2024-10-29,61100.0,2,36,False
1113,3911,2024-08-19,16800.0,30,12,False
1114,4136,2024-05-08,44100.0,4,36,False
1115,1950,2025-04-23,31400.0,34,11,False
1116,6385,2022-09-27,59100.0,3,36,False
1117,774,2025-10-09,30500.0,20,12,False
1118,7991,2024-03-16,10800.0,14,36,False
1119,7504,2024-10-14,14800.0,43,12,False
1120,7143,2023-10-26,27600.0,6,11,False
1121,6369,2024-07-07,28600.0,28,11,False
1122,6217,2025-03-10,42100.0,31,36,False
1123,3528,2025-02-04,14900.0,47,12,False
1124,6158,2025-08-22,17300.0,8,11,False
1125,7846,2025-09-01,45200.0,32,11,False
1126,917,2025-10-13,15500.0,15,11,False
1127,4559,2022-12-10,14400.0,15,12,False
1128,3017,2023-01-07,30500.0,32,12,False
1129,1757,2026-01-28,40700.0,18,11,False
1130,283,2025-04-30,34700.0,43,24,False
1131,3346,2024-08-19,29300.0,19,11,False
1132,1929,2023-01-15,32100.0,26,36,False
1133,3346,2026-03-22,29800.0,24,36,False
1134,677,2024-09-10,35400.0,27,11,False
1135,4282,2023-06-03,20900.0,0,11,False
1136,682,2024-06-24,55400.0,20,11,False
1137,2013,2022-10-01,30900.0,25,12,False
1138,4250,2022-09-22,47600.0,42,11,False
1139,6922,2025-11-10,25500.0,17,12,False
1140,3197,2024-07-12,20900.0,28,11,False
1141,7727,2024-02-25,34600.0,0,24,False
1142,5239,2024-07-08,37200.0,26,36,False
1143,5708,2023-04-19,33500.0,37,11,False
1144,4806,2025-12-14,47200.0,15,12,False
1145,4885,2022-08-25,49200.0,12,12,False
1146,3991,2023-01-06,42800.0,36,11,False
1147,6821,2024-10-11,31000.0,10,12,False
1148,5647,2024-04-29,53500.0,35,12,False
1149,7133,2024-07-24,35100.0,40,12,False
1150,7838,2024-11-06,18800.0,24,24,False
1151,6934,2025-06-24,10700.0,26,12,False
1152,6511,2024-11-09,50700.0,36,24,False
1153,532,2023-03-12,33000.0,34,24,False
1154,2445,2025-07-24,49400.0,31,24,False
1155,3192,2024-12-05,40200.0,8,24,False
1156,2650,2023-02-08,38600.0,27,36,False
1157,2012,2026-07-20,19600.0,34,12,False
1158,5312,2026-07-20,33200.0,27,12,False
1159,1792,2024-03-23,28000.0,26,24,False
1160,6057,2023-06-03,33800.0,18,24,False
1161,7394,2025-09-15,20400.0,22,12,False
1162,7088,2025-10-06,24300.0,14,12,False
1163,2347,2024-05-26,28900.0,7,11,False
1164,6321,2023-05-15,24400.0,13,12,False
1165,5357,2025-03-15,39200.0,5,12,False
1166,2312,2025-12-26,42200.0,39,12,False
1167,2337,2025-08-17,21100.0,42,24,False
1168,5290,2026-08-07,30700.0,15,12,False
1169,6631,2025-03-01,25100.0,8,11,False
1170,4298,2024-03-09,29300.0,10,36,False
1171,2944,2025-06-11,36800.0,31,11,False
1172,4237,2024-01-05,67500.0,0,24,False
1173,3729,2024-04-03,23600.0,33,11,False
1174,4536,2026-04-20,30700.0,23,11,False
1175,5260,2023-05-26,36400.0,42,11,False
1176,7098,2023-01-26,39500.0,22,11,False
1177,5497,2023-03-10,57900.0,10,12,False
1178,2100,2026-05-10,18600.0,32,36,False
1179,4827,2026-01-28,27700.0,27,36,False
1180,6111,2024-12-26,22700.0,21,11,False
1181,1304,2026-03-25,20800.0,7,11,False
1182,5935,2022-09-05,26700.0,32,36,False
1183,2828,2024-03-19,17700.0,25,11,False
1184,305,2024-12-03,56100.0,14,11,False
1185,649,2024-08-27,35300.0,37,24,False
1186,56,2025-04-17,57900.0,50,11,False
1187,4929,2026-08-10,52200.0,17,12,False
1188,534,2023-01-27,38300.0,33,11,False
1189,4674,2025-03-15,44400.0,41,11,False
1190,4217,2025-06-11,37100.0,28,12,False
1191,2172,2024-03-01,21800.0,30,12,False
1192,3368,2023-10-20,44100.0,0,36,False
1193,7709,2024-06-22,28000.0,23,11,False
1194,368,2025-02-11,16600.0,5,11,False
1195,6955,2024-06-09,25800.0,0,12,False
1196,4727,2025-04-28,20400.0,30,24,False
1197,6990,2024-04-12,15400.0,0,11,False
1198,5552,2026-03-10,38700.0,0,11,False
1199,5090,2023-07-13,51700.0,11,11,False
1200,5241,2023-12-13,31100.0,47,11,False
1201,5237,2025-01-12,43100.0,34,24,False
1202,1684,2022-10-07,33500.0,15,11,False
1203,936,2026-06-16,39000.0,26,11,False
1204,2860,2023-01-23,50400.0,21,11,False
1205,6644,2024-01-13,22400.0,8,11,False
1206,5995,2025-09-22,23400.0,6,11,False
1207,1566,2022-09-29,22600.0,18,24,False
1208,3427,2024-03-28,37900.0,29,11,False
1209,7831,2025-07-04,39800.0,10,36,False
1210,7100,2024-11-26,21100.0,44,11,False
1211,7032,2023-09-21,17500.0,58,11,False
1212,1950,2024-12-21,33000.0,26,11,False
1213,3158,2025-09-05,22400.0,21,11,False
1214,5430,2022-12-16,46300.0,12,36,False
1215,5874,2023-07-16,37200.0,35,24,False
1216,4685,2023-09-21,27000.0,27,36,False
1217,2120,2023-09-21,48600.0,18,11,False
1218,726,2024-07-15,31800.0,4,24,False
1219,1088,2025-04-18,9200.0,15,24,False
1220,2020,2025-12-19,37300.0,19,11,False
1221,1325,2025-04-05,21900.0,45,11,False
1222,5470,2023-06-15,48500.0,31,12,False
1223,6360,2025-05-17,17500.0,7,11,False
1224,7799,2024-10-07,43700.0,0,11,False
1225,126,2023-01-13,30000.0,11,11,False
1226,7106,2022-10-25,26800.0,23,11,False
1227,4738,2024-11-20,52500.0,5,36,False
1228,6420,2025-10-27,28400.0,45,12,False
1229,3681,2023-09-11,30200.0,31,12,False
1230,3364,2025-07-19,41500.0,9,36,False
1231,6297,2026-06-15,14000.0,4,12,False
1232,1639,2026-02-03,32000.0,24,24,False
1233,7718,2024-08-10,14500.0,32,11,False
1234,67,2023-07-02,27300.0,33,11,False
1235,234,2022-12-05,102000.0,21,11,True
1236,2204,2023-08-21,66900.0,0,11,False
1237,1197,2024-10-23,34500.0,14,24,False
1238,2206,2023-01-18,23400.0,35,24,False
1239,6505,2022-09-04,25800.0,13,12,False
1240,4302,2023-10-07,58700.0,18,12,False
1241,1526,2025-04-02,57200.0,0,36,False
1242,6306,2024-12-29,45000.0,33,11,False
1243,4825,2025-04-06,9400.0,42,12,False
1244,4101,2025-09-20,17200.0,39,11,False
1245,7692,2022-10-28,80500.0,11,11,True
1246,7041,2023-11-18,34200.0,22,36,False
1247,6883,2026-03-25,38600.0,0,12,False
1248,7880,2023-04-13,49000.0,46,12,False
1249,2526,2026-04-13,19800.0,0,11,False
1250,2719,2023-03-27,26300.0,0,12,False
1251,5760,2024-11-17,47300.0,49,36,False
1252,2800,2026-02-28,23500.0,26,12,False
1253,5522,2026-01-17,28200.0,11,11,False
1254,7643,2026-05-03,24500.0,40,11,False
1255,1800,2024-04-01,40600.0,31,11,False
1256,3598,2024-10-23,29300.0,5,24,False
1257,2019,2022-10-07,24500.0,28,11,False
1258,2414,2026-06-29,21600.0,18,12,False
1259,894,2026-02-20,26900.0,43,24,False
1260,6212,2025-01-15,41500.0,46,11,False
1261,3900,2023-08-15,32900.0,17,11,False
1262,3531,2023-03-18,24200.0,15,11,False
1263,1342,2026-06-14,47000.0,0,11,False
1264,1492,2025-09-17,49700.0,41,11,False
1265,2769,2023-08-31,52800.0,0,11,False
1266,2375,2026-03-20,24500.0,20,12,False
1267,1772,2026-05-16,37000.0,17,12,False
1268,1641,2023-11-04,25500.0,29,36,False
1269,5745,2023-09-05,29700.0,21,12,False
1270,6912,2023-04-04,51000.0,14,11,False
1271,2620,2022-11-15,39000.0,14,11,False
1272,3504,2023-11-29,22300.0,40,12,False
1273,7138,2022-12-07,20100.0,15,36,False
1274,3601,2022-11-17,37700.0,22,24,False
1275,2449,2024-07-18,37400.0,32,12,False
1276,5850,2026-07-28,52300.0,26,11,False
1277,3823,2023-01-07,39400.0,38,11,False
1278,2936,2025-12-25,14800.0,27,11,False
1279,1188,2026-05-07,39300.0,59,11,False
1280,4964,2023-01-12,19100.0,15,12,False
1281,7194,2026-04-26,43300.0,49,11,False
1282,244,2024-02-29,25700.0,54,12,False
1283,2647,2022-12-14,45600.0,73,11,False
1284,1089,2025-10-13,32100.0,60,24,False
1285,4428,2023-01-11,24300.0,46,36,False
1286,2652,2025-06-10,39900.0,7,11,False
1287,937,2022-12-24,23400.0,31,11,False
1288,5462,2024-08-12,25300.0,38,11,False
1289,6,2023-06-12,42900.0,12,11,False
1290,7645,2023-03-05,59400.0,34,12,False
1291,473,2025-06-15,20500.0,14,12,False
1292,5976,2024-12-18,22200.0,4,11,False
1293,4264,2023-11-15,22700.0,8,36,False
1294,4,2026-01-09,36500.0,38,11,False
1295,6091,2022-09-12,36100.0,37,24,False
1296,656,2023-03-05,47600.0,23,11,False
1297,118,2026-04-04,27400.0,24,11,False
1298,2998,2025-04-23,65000.0,21,12,False
1299,5849,2022-08-26,43400.0,59,12,False
1300,2607,2026-07-08,42400.0,22,11,False
1301,6246,2024-09-18,22500.0,21,11,False
1302,5155,2025-11-05,35100.0,56,11,False
1303,6862,2022-12-26,46900.0,5,24,False
1304,5683,2023-01-01,77700.0,14,11,True
1305,4389,2023-03-01,39000.0,11,12,False
1306,862,2024-10-07,48400.0,15,11,False
1307,2824,2026-01-14,31000.0,28,11,False
1308,5634,2023-10-30,25800.0,0,11,False
1309,7347,2023-03-07,22600.0,20,11,False
1310,5677,2024-07-27,39500.0,11,24,False
1311,6449,2025-06-03,51600.0,3,12,False
1312,7623,2025-09-21,33800.0,28,36,False
1313,5888,2025-01-23,36500.0,21,11,False
1314,6607,2026-07-06,32200.0,38,11,False
1315,5652,2024-07-16,22600.0,38,12,False
1316,1169,2024-09-03,41700.0,52,36,False
1317,7131,2024-08-06,34100.0,26,36,False
1318,1852,2023-10-24,53600.0,3,11,False
1319,736,2024-05-07,19100.0,13,11,False
1320,226,2025-01-20,29200.0,30,12,False
1321,4733,2023-08-03,55600.0,10,11,False
1322,4304,2025-10-15,47100.0,5,36,False
1323,6415,2022-12-14,16000.0,27,36,False
1324,4760,2026-04-22,32300.0,49,11,False
1325,2093,2024-08-18,28500.0,28,11,False
1326,6364,2025-02-03,22600.0,17,12,False
1327,4856,2023-01-29,24700.0,29,11,False
1328,4519,2026-07-30,33300.0,28,24,False
1329,1608,2023-02-14,45700.0,17,12,False
1330,1870,2024-12-10,31400.0,14,11,False
1331,1961,2023-10-12,31500.0,3,11,False
1332,4330,2023-08-19,36100.0,8,12,False
1333,7836,2023-03-29,20000.0,28,36,False
1334,7140,2024-01-10,30300.0,11,12,False
1335,2070,2026-02-21,37300.0,14,11,False
1336,6539,2022-12-09,26700.0,30,36,False
1337,3832,2023-08-01,28400.0,27,12,False
1338,919,2026-04-25,35400.0,16,11,False
1339,4893,2023-07-04,21700.0,20,24,False
1340,2084,2022-11-03,20200.0,27,11,False
1341,10,2025-01-07,53000.0,25,11,False
1342,262,2024-05-14,41100.0,47,11,False
1343,6165,2025-04-13,26300.0,16,11,False
1344,1711,2024-03-09,28100.0,23,11,False
1345,2269,2024-04-04,42100.0,45,11,False
1346,7193,2023-08-25,9400.0,18,12,False
1347,2105,2024-01-05,29800.0,22,11,False
1348,5406,2023-04-21,26600.0,38,11,False
1349,3799,2023-12-05,42300.0,4,11,False
1350,1655,2025-08-30,22400.0,15,11,False
1351,323,2024-08-14,30100.0,34,24,False
1352,1373,2023-11-18,32400.0,43,11,False
1353,5856,2022-12-07,42000.0,15,36,False
1354,2428,2023-03-10,42000.0,39,12,False
1355,2896,2024-02-01,20200.0,9,11,False
1356,2888,2024-07-30,24700.0,15,11,False
1357,2038,2025-11-13,35800.0,52,12,False
1358,3029,2026-05-15,43800.0,30,12,False
1359,6166,2024-07-01,46400.0,32,24,False
1360,7876,2024-10-21,44300.0,9,11,False
1361,2083,2025-06-14,38000.0,36,24,False
1362,3574,2023-09-27,61000.0,5,11,False
1363,3763,2024-09-26,25400.0,28,12,False
1364,1146,2026-04-10,27200.0,27,12,False
1365,1640,2024-05-03,33000.0,30,36,False
1366,6599,2025-01-19,42100.0,15,11,False
1367,4121,2024-08-29,33800.0,34,11,False
1368,237,2026-07-24,39500.0,43,11,False
1369,2013,2025-01-09,27600.0,20,11,False
1370,4533,2026-07-23,39000.0,29,11,False
1371,1952,2022-10-03,33000.0,26,12,False
1372,379,2023-01-21,48200.0,48,11,False
1373,3614,2026-08-05,22600.0,33,36,False
1374,5374,2025-06-08,69600.0,31,11,False
1375,2693,2023-12-30,31200.0,20,11,False
1376,1605,2024-06-09,31900.0,20,11,False
1377,2617,2026-05-22,34800.0,51,11,False
1378,5536,2026-04-20,13300.0,26,11,False
1379,3474,2023-06-20,24300.0,8,11,False
1380,3036,2024-02-02,45600.0,37,11,False
1381,3728,2024-08-26,40500.0,22,24,False
1382,6076,2026-03-07,40000.0,33,11,False
1383,5589,2026-01-15,23400.0,0,11,False
1384,3941,2023-05-16,14500.0,33,11,False
1385,890,2025-03-09,49700.0,19,36,False
1386,1280,2022-12-24,20000.0,35,11,False
1387,6550,2023-04-05,19100.0,24,11,False
1388,6072,2024-04-01,42700.0,49,12,False
1389,7092,2025-09-03,65900.0,27,11,False
1390,1344,2024-01-30,20900.0,47,11,False
1391,4928,2024-02-07,35400.0,29,11,False
1392,7486,2023-09-02,35800.0,5,11,False
1393,6277,2026-02-16,17100.0,4,36,False
1394,2965,2024-07-16,36700.0,11,11,False
1395,7702,2025-04-15,40100.0,38,11,False
1396,78,2022-12-19,30500.0,29,11,False
1397,7735,2026-01-26,18700.0,21,24,False
1398,2678,2025-04-01,21200.0,25,12,False
1399,4323,2023-09-24,14500.0,27,11,False
1400,610,2025-12-27,48900.0,35,11,False
1401,5993,2022-08-27,39400.0,38,36,False
1402,1091,2025-11-27,5100.0,33,11,False
1403,2184,2024-09-02,15400.0,39,24,False
1404,2503,2026-06-16,51600.0,16,12,False
1405,2394,2024-04-26,35300.0,19,11,False
1406,1905,2023-05-10,52200.0,10,11,False
1407,1349,2022-10-18,48300.0,30,24,False
1408,4818,2025-06-08,16900.0,19,11,False
1409,3682,2024-05-31,44900.0,13,11,False
1410,7094,2025-11-12,21300.0,0,12,False
1411,3850,2026-02-21,29600.0,28,24,False
1412,7965,2022-08-25,54900.0,11,11,False
1413,6705,2025-03-09,33000.0,34,24,False
1414,6109,2025-11-19,45800.0,0,36,False
1415,5257,2024-04-08,18400.0,11,24,False
1416,4776,2025-01-11,29200.0,42,12,False
1417,2239,2025-04-28,43300.0,27,11,False
1418,1012,2026-08-02,43700.0,2,12,False
1419,2773,2025-11-06,55900.0,17,11,False
1420,2241,2023-01-13,30500.0,32,24,False
1421,1276,2023-03-06,26300.0,34,12,False
1422,3126,2023-03-13,29200.0,30,12,False
1423,4703,2024-07-09,39700.0,0,36,False
1424,4127,2023-04-23,22600.0,34,24,False
1425,2041,2024-08-21,42800.0,25,11,False
1426,5028,2023-01-29,16900.0,28,11,False
1427,3773,2024-01-15,31600.0,61,11,False
1428,2199,2025-10-21,42100.0,16,36,False
1429,4112,2023-04-12,20900.0,39,12,False
1430,3185,2023-07-21,15800.0,39,11,False
1431,2014,2024-11-03,73100.0,42,11,True
1432,198,2023-05-11,46900.0,19,11,False
1433,5889,2024-11-09,49600.0,22,12,False
1434,2684,2023-10-08,53900.0,19,36,False
1435,6673,2024-10-11,45700.0,14,11,False
1436,1230,2024-07-08,44800.0,6,24,False
1437,6842,2026-02-05,31800.0,42,12,False
1438,5690,2024-09-26,22100.0,8,36,False
1439,7825,2024-01-24,28400.0,0,24,False
1440,7336,2025-01-21,32300.0,37,11,False
1441,5866,2025-01-06,39800.0,41,11,False
1442,5912,2022-10-05,35300.0,49,12,False
1443,5529,2023-09-22,41600.0,25,12,False
1444,2079,2022-10-15,64000.0,30,11,False
1445,483,2025-08-21,67900.0,36,11,False
1446,1282,2023-09-15,19100.0,22,12,False
1447,940,2025-01-20,47600.0,15,12,False
1448,423,2023-02-05,35500.0,34,11,False
1449,2254,2024-02-15,44200.0,44,24,False
1450,2654,2025-10-05,21600.0,30,11,False
1451,7766,2025-06-14,43300.0,0,12,False
1452,1148,2026-05-18,18500.0,24,11,False
1453,3140,2024-01-09,53200.0,42,12,False
1454,7294,2022-10-02,15100.0,25,11,False
1455,7736,2026-01-17,54700.0,30,36,False
1456,968,2025-09-24,31900.0,45,11,False
1457,2387,2023-05-30,24100.0,27,11,False
1458,5494,2026-07-03,21100.0,33,24,False
1459,2293,2026-05-29,7900.0,16,11,False
1460,2703,2026-05-06,27900.0,2,12,False
1461,1899,2023-04-17,27400.0,46,24,False
1462,7848,2025-03-16,48400.0,29,11,False
1463,4718,2024-12-31,39100.0,11,11,False
1464,5878,2026-04-30,36600.0,44,11,False
1465,1907,2022-08-31,24900.0,23,36,False
1466,2979,2026-05-08,19900.0,13,11,False
1467,5354,2023-10-16,21600.0,17,36,False
1468,2917,2025-03-11,15600.0,0,12,False
1469,6155,2026-05-18,50600.0,6,36,False
1470,7480,2024-01-27,34300.0,0,11,False
1471,5022,2024-08-03,20400.0,39,36,False
1472,6505,2026-07-22,27300.0,5,11,False
1473,6121,2025-01-10,27900.0,46,12,False
1474,6493,2024-06-28,30700.0,34,11,False
1475,7243,2023-08-06,31300.0,30,11,False
1476,6287,2023-02-22,13100.0,60,36,False
1477,3308,2024-10-17,26100.0,29,36,False
1478,3805,2026-01-15,40900.0,31,11,False
1479,7583,2022-09-23,50700.0,31,24,False
1480,3308,2023-11-01,26400.0,11,11,False
1481,6321,2025-02-13,24700.0,28,12,False
1482,2423,2026-04-10,22600.0,33,12,False
1483,2958,2025-06-25,39000.0,30,36,False
1484,3844,2023-12-14,41400.0,0,11,False
1485,4321,2023-11-03,61900.0,20,12,False
1486,7736,2025-01-31,57900.0,16,12,False
1487,95,2026-02-13,33900.0,31,36,False
1488,2733,2023-02-20,41400.0,38,11,False
1489,7049,2025-09-06,46800.0,42,11,False
1490,1999,2025-09-04,31800.0,32,12,False
1491,7615,2023-01-06,43000.0,28,11,False
1492,808,2025-04-04,38600.0,34,11,False
1493,1876,2023-10-14,21500.0,22,11,False
1494,7606,2024-11-08,59800.0,43,11,False
1495,2162,2025-10-31,23100.0,11,24,False
1496,5903,2023-10-14,25000.0,20,12,False
1497,4200,2026-03-03,37400.0,17,36,False
1498,3407,2023-02-24,37000.0,26,12,False
1499,6086,2022-10-12,25800.0,38,11,False
1500,2986,2022-12-22,34200.0,50,11,False
1501,2654,2024-09-03,20700.0,25,11,False
1502,3283,2024-11-08,29300.0,38,12,False
1503,4915,2025-01-27,33500.0,12,24,False
1504,6295,2022-09-21,31000.0,21,11,False
1505,830,2023-07-10,60600.0,25,12,False
1506,348,2024-01-05,25900.0,35,11,False
1507,2400,2026-07-23,31300.0,10,12,False
1508,366,2024-11-14,21800.0,0,24,False
1509,2497,2025-06-22,65500.0,42,24,False
1510,2316,2022-09-25,46800.0,26,12,False
1511,2237,2026-08-13,25800.0,27,12,False
1512,7944,2024-06-28,35100.0,7,24,False
1513,3076,2024-12-21,24600.0,21,24,False
1514,3361,2023-02-04,21300.0,0,12,False
1515,1002,2023-03-21,29500.0,23,24,False
1516,7290,2023-07-10,44700.0,37,24,False
1517,7951,2025-04-11,30800.0,20,12,False
1518,1676,2025-07-14,32000.0,24,11,False
1519,843,2025-07-05,32600.0,16,36,False
1520,2791,2023-08-21,54300.0,18,12,False
1521,3615,2026-04-21,36000.0,45,11,False
1522,7301,2023-08-04,49700.0,27,11,False
1523,4555,2025-07-07,37800.0,30,11,False
1524,7305,2025-01-07,45700.0,20,36,False
1525,5564,2022-09-09,40800.0,18,11,False
1526,7454,2025-11-21,32300.0,34,11,False
1527,3005,2024-11-04,29200.0,31,12,False
1528,3967,2026-06-19,38400.0,53,11,False
1529,6084,2026-04-17,45300.0,34,11,False
1530,127,2025-10-08,37000.0,24,24,False
1531,3253,2025-01-01,24500.0,28,11,False
1532,3128,2023-11-10,34700.0,39,24,False
1533,613,2025-09-15,27700.0,19,12,False
1534,3532,2024-10-23,42600.0,52,12,False
1535,6151,2023-09-30,58800.0,13,11,False
1536,5224,2024-12-08,39100.0,28,11,False
1537,4240,2025-07-31,19400.0,60,24,False
1538,7350,2025-12-20,42800.0,45,11,False
1539,3617,2025-01-16,20000.0,23,12,False
1540,3450,2024-05-09,34200.0,12,36,False
1541,3451,2025-03-08,19100.0,33,12,False
1542,3885,2025-05-23,20100.0,43,12,False
1543,7073,2024-01-26,46900.0,15,11,False
1544,5649,2023-03-31,30600.0,19,12,False
1545,1832,2025-01-23,26700.0,42,11,False
1546,2926,2024-10-21,38800.0,25,11,False
1547,5856,2022-09-10,47200.0,1,11,False
1548,3560,2022-11-25,28900.0,32,36,False
1549,3500,2022-10-29,25200.0,21,12,False
1550,1683,2023-12-17,40800.0,0,11,False
1551,6702,2024-06-21,46400.0,15,12,False
1552,1233,2023-07-27,29000.0,33,11,False
1553,3102,2025-08-28,30200.0,27,11,False
1554,2938,2024-02-13,48800.0,35,11,False
1555,3144,2026-03-17,18900.0,38,11,False
1556,1896,2022-12-19,43100.0,0,11,False
1557,4115,2023-11-28,29100.0,20,11,False
1558,4768,2024-05-29,18400.0,40,11,False
1559,6652,2023-01-03,18700.0,23,12,False
1560,5144,2023-07-11,21900.0,45,12,False
1561,6157,2025-04-15,36300.0,7,11,False
1562,2768,2022-11-28,32400.0,56,11,False
1563,3586,2024-12-25,24500.0,27,11,False
1564,7266,2024-11-03,57800.0,60,11,False
1565,1363,2023-03-12,37800.0,4,12,False
1566,7458,2023-07-07,29600.0,12,11,False
1567,202,2022-09-18,31300.0,19,24,False
1568,3591,2023-10-03,55300.0,14,11,False
1569,6593,2024-07-19,32500.0,24,24,False
1570,4308,2024-03-24,31900.0,0,11,False
1571,7994,2025-02-01,35600.0,48,24,False
1572,5145,2025-03-12,32800.0,19,11,False
1573,583,2026-01-11,16600.0,40,12,False
1574,6524,2023-10-26,38800.0,29,36,False
1575,545,2023-11-03,34500.0,16,11,False
1576,1661,2025-09-23,25000.0,45,11,False
1577,2169,2024-08-17,34800.0,27,36,False
1578,389,2026-04-09,46400.0,32,12,False
1579,3361,2023-12-05,21400.0,37,12,False
1580,480,2026-02-20,26100.0,12,11,False
1581,421,2022-09-02,22300.0,0,11,False
1582,6628,2023-10-05,35400.0,35,12,False
1583,3685,2023-05-16,19500.0,10,36,False
1584,6928,2025-08-10,40100.0,39,24,False
1585,5147,2026-03-28,30900.0,1,11,False
1586,972,2023-05-01,48800.0,27,12,False
1587,5083,2023-11-03,23400.0,31,36,False
1588,4968,2022-08-26,43000.0,19,11,False
1589,5417,2022-10-05,31000.0,13,36,False
1590,1233,2022-12-14,27200.0,32,36,False
1591,4867,2025-06-21,60500.0,19,11,False
1592,4214,2023-11-12,23300.0,5,11,False
1593,2034,2025-07-07,44900.0,21,12,False
1594,5418,2024-01-01,18300.0,24,24,False
1595,4913,2026-05-27,36400.0,19,24,False
1596,3656,2024-03-23,16800.0,44,11,False
1597,6100,2023-01-24,15600.0,34,24,False
1598,5398,2024-10-09,36200.0,0,11,False
1599,6453,2023-11-23,36600.0,2,24,False
1600,4484,2023-10-05,41800.0,20,11,False
1601,4252,2026-06-17,24600.0,2,11,False
1602,5213,2026-05-07,47200.0,32,12,False
1603,4865,2024-03-03,53400.0,25,11,False
1604,2774,2025-12-20,17100.0,9,11,False
1605,2252,2024-11-19,16600.0,17,12,False
1606,5711,2024-02-24,8400.0,27,24,False
1607,3195,2023-04-13,19900.0,11,11,False
1608,984,2023-04-17,39000.0,31,24,False
1609,5056,2024-06-10,27200.0,41,12,False
1610,5318,2023-08-04,16900.0,25,11,False
1611,3515,2025-09-07,35700.0,27,11,False
1612,701,2023-07-09,45500.0,53,11,False
1613,4340,2023-03-18,20000.0,37,11,False
1614,3787,2025-10-24,22300.0,49,11,False
1615,344,2025-05-03,38200.0,25,12,False
1616,6762,2023-10-19,13700.0,33,24,False
1617,5297,2023-05-11,38600.0,12,12,False
1618,1762,2023-07-10,41300.0,14,12,False
1619,5601,2022-12-18,19500.0,38,11,False
1620,6849,2025-03-12,30300.0,2,24,False
1621,4526,2026-04-27,27400.0,31,11,False
1622,1832,2023-03-11,26000.0,15,24,False
1623,1798,2024-03-07,19100.0,0,11,False
1624,3292,2022-10-26,23800.0,1,12,False
1625,1008,2022-09-18,20400.0,21,11,False
1626,2313,2025-12-11,40100.0,29,11,False
1627,2536,2025-01-20,31900.0,14,12,False
1628,969,2024-03-15,36500.0,32,11,False
1629,735,2026-04-02,22700.0,20,11,False
1630,3472,2025-05-24,33600.0,34,11,False
1631,2124,2025-01-12,42100.0,22,11,False
1632,2778,2024-05-27,30200.0,29,12,False
1633,2383,2023-01-11,21100.0,48,11,False
1634,3459,2023-10-25,22000.0,35,11,False
1635,4628,2023-04-06,47500.0,9,11,False
1636,1533,2023-03-10,19100.0,38,36,False
1637,288,2023-02-27,53700.0,42,11,False
1638,7465,2023-11-04,18800.0,20,24,False
1639,3579,2024-04-06,7100.0,40,12,False
1640,7340,2024-10-19,47400.0,18,11,False
1641,2110,2025-09-16,44600.0,24,11,False
1642,782,2026-04-03,50800.0,28,11,False
1643,6878,2024-01-26,31400.0,16,11,False
1644,5613,2023-08-06,18100.0,47,12,False
1645,7496,2023-05-04,35700.0,37,12,False
1646,3129,2024-04-04,52800.0,20,24,False
1647,4389,2025-01-18,41800.0,6,24,False
1648,6788,2024-07-13,35300.0,19,11,False
1649,5197,2026-08-06,21700.0,22,11,False
1650,5349,2022-08-27,37300.0,13,11,False
1651,2209,2023-07-09,18100.0,24,11,False
1652,3374,2023-02-20,59100.0,39,12,False
1653,5921,2024-01-20,40000.0,12,24,False
1654,964,2022-10-07,23900.0,0,12,False
1655,5038,2023-06-30,37200.0,14,11,False
1656,7972,2025-12-27,26700.0,11,11,False
1657,6143,2024-12-23,20800.0,0,12,False
1658,3417,2024-08-19,46000.0,10,11,False
1659,7220,2023-11-04,38300.0,27,12,False
1660,4244,2025-10-02,16600.0,39,12,False
1661,7971,2025-12-01,41000.0,17,12,False
1662,5007,2022-08-31,29500.0,36,12,False
1663,4984,2023-03-28,27600.0,2,11,False
1664,1514,2024-04-21,29200.0,13,11,False
1665,1944,2025-04-26,22800.0,38,11,False
1666,6438,2022-10-30,55400.0,0,12,False
1667,3534,2024-12-09,31600.0,31,11,False
1668,4158,2025-03-16,22100.0,44,24,False
1669,6361,2023-06-25,48800.0,13,36,False
1670,55,2025-02-09,47600.0,34,11,False
1671,7801,2024-08-04,27400.0,25,11,False
1672,1865,2024-07-31,23400.0,33,24,False
1673,5416,2025-01-18,22800.0,15,11,False
1674,3546,2022-08-23,65300.0,25,24,False
1675,7672,2025-03-20,58400.0,1,11,False
1676,3151,2023-05-15,18800.0,41,24,False
1677,848,2024-12-16,57500.0,26,11,False
1678,4512,2024-01-01,28000.0,21,11,False
1679,2869,2023-01-12,20600.0,14,11,False
1680,6079,2023-03-21,26400.0,23,12,False
1681,6231,2025-12-31,44300.0,9,11,False
1682,6230,2024-02-21,28600.0,0,24,False
1683,2545,2025-07-03,53500.0,14,24,False
1684,6011,2023-10-04,51300.0,52,12,False
1685,330,2024-08-08,42800.0,14,11,False
1686,7375,2024-09-09,39400.0,13,12,False
1687,7055,2024-02-09,28800.0,16,11,False
1688,3391,2026-07-06,40400.0,26,11,False
1689,3381,2023-11-14,31500.0,35,11,False
1690,6867,2025-07-17,28000.0,21,24,False
1691,7372,2024-12-13,34800.0,29,12,False
1692,7935,2025-02-13,47800.0,33,36,False
1693,3760,2026-03-24,32800.0,33,24,False
1694,3126,2023-07-17,30600.0,37,11,False
1695,5504,2023-10-11,19600.0,39,11,False
1696,7743,2025-10-02,58700.0,1,36,False
1697,2191,2025-07-17,29500.0,38,24,False
1698,5323,2026-07-18,45500.0,24,12,False
1699,7399,2023-03-07,28000.0,33,36,False
1700,1341,2023-07-28,37400.0,20,11,False
1701,3269,2026-06-26,20800.0,22,12,False
1702,7108,2025-03-27,67400.0,16,24,False
1703,2594,2024-07-04,25000.0,19,11,False
1704,4076,2026-04-19,31700.0,10,12,False
1705,4652,2024-10-08,27800.0,24,11,False
1706,5742,2022-12-08,24200.0,25,24,False
1707,165,2023-12-17,48600.0,42,11,False
1708,4377,2023-10-17,27200.0,16,11,False
1709,6754,2025-07-27,39700.0,45,12,False
1710,5117,2025-12-26,35400.0,18,24,False
1711,7028,2024-05-29,32500.0,29,12,False
1712,838,2025-10-06,28500.0,31,12,False
1713,961,2023-02-08,53100.0,24,12,False
1714,6224,2023-10-26,27000.0,18,11,False
1715,6279,2025-08-29,23100.0,38,12,False
1716,4529,2023-06-02,34800.0,34,36,False
1717,788,2025-02-02,29500.0,46,24,False
1718,2247,2026-04-14,34900.0,34,11,False
1719,3232,2026-04-25,37100.0,40,24,False
1720,4339,2025-04-24,28100.0,15,12,False
1721,3781,2026-07-13,37700.0,42,11,False
1722,3536,2024-05-06,30100.0,20,11,False
1723,932,2024-04-25,52400.0,41,24,False
1724,5790,2024-05-06,31200.0,21,12,False
1725,1337,2022-11-13,26700.0,24,24,False
1726,6991,2023-05-05,15400.0,17,11,False
1727,4271,2024-07-08,52200.0,23,24,False
1728,522,2026-03-21,20900.0,22,12,False
1729,1964,2024-04-21,39300.0,33,12,False
1730,7109,2023-02-18,41600.0,49,11,False
1731,7001,2025-10-08,46600.0,32,36,False
1732,6162,2023-04-10,22800.0,5,11,False
1733,3679,2022-12-24,25700.0,27,36,False
1734,4949,2025-06-08,27300.0,19,24,False
1735,7320,2023-12-02,34800.0,41,24,False
1736,1440,2024-10-27,15400.0,0,12,False
1737,4910,2024-04-05,50800.0,26,12,False
1738,4671,2022-12-06,59300.0,33,11,False
1739,3268,2025-07-08,27000.0,0,12,False
1740,4595,2022-11-15,34300.0,22,11,False
1741,1590,2023-02-28,41300.0,41,12,False
1742,6541,2022-11-29,56700.0,53,11,False
1743,820,2023-02-02,25000.0,36,12,False
1744,5142,2024-07-19,19100.0,22,12,False
1745,1307,2024-10-27,42000.0,12,11,False
1746,5978,2026-05-05,29600.0,29,12,False
1747,5112,2022-09-24,12700.0,54,24,False
1748,7547,2025-02-24,15200.0,39,24,False
1749,5287,2024-07-18,41800.0,14,36,False
1750,7235,2024-05-05,37400.0,57,36,False
1751,6111,2023-12-22,22900.0,23,12,False
1752,5742,2023-03-05,25900.0,11,11,False
1753,3662,2023-06-05,28500.0,31,12,False
1754,2968,2024-07-30,45600.0,30,11,False
1755,1418,2024-10-15,32300.0,34,12,False
1756,5520,2024-12-22,44300.0,9,12,False
1757,4794,2022-12-02,29300.0,22,11,False
1758,2823,2023-03-09,38700.0,20,12,False
1759,7479,2025-11-28,26500.0,5,11,False
1760,2738,2024-09-13,40500.0,51,24,False
1761,2152,2023-10-09,19800.0,39,36,False
1762,4319,2024-09-06,20800.0,24,11,False
1763,4939,2024-04-15,24200.0,36,11,False
1764,2830,2026-04-12,37300.0,0,36,False
1765,4045,2022-12-20,19500.0,32,11,False
1766,3262,2023-10-11,32300.0,4,36,False
1767,3360,2023-03-30,38000.0,41,11,False
1768,2630,2023-11-18,52300.0,17,11,False
1769,4722,2022-09-20,19400.0,9,24,False
1770,2656,2022-10-01,31000.0,38,24,False
1771,4127,2025-08-14,22500.0,24,11,False
1772,238,2024-06-12,15800.0,24,11,False
1773,1333,2023-12-24,53500.0,20,11,False
1774,3513,2026-04-08,16700.0,33,12,False
1775,7522,2024-11-29,24700.0,8,11,False
1776,6002,2024-10-13,30600.0,43,12,False
1777,1330,2026-04-07,20000.0,16,24,False
1778,7556,2023-03-24,53000.0,38,11,False
1779,2597,2023-08-10,45500.0,46,11,False
1780,2096,2025-06-03,30300.0,21,11,False
1781,6955,2023-06-18,27500.0,24,11,False
1782,445,2023-09-03,30400.0,20,11,False
1783,2121,2024-01-05,24000.0,21,11,False
1784,3256,2025-04-08,17000.0,17,11,False
1785,2715,2024-08-22,36200.0,33,36,False
1786,3886,2024-02-26,12600.0,36,12,False
1787,820,2025-01-31,27300.0,41,11,False
1788,75,2023-02-21,54000.0,0,11,False
1789,7133,2024-07-19,32800.0,13,11,False
1790,7467,2026-06-29,56500.0,14,12,False
1791,2224,2025-06-27,20400.0,34,11,False
1792,4015,2023-01-17,38500.0,33,12,False
1793,2134,2025-04-08,20300.0,33,12,False
1794,5597,2023-06-10,28000.0,0,12,False
1795,41,2025-05-13,27400.0,18,12,False
1796,7229,2024-04-14,79900.0,54,36,True
1797,2126,2024-11-29,34100.0,11,24,False
1798,7338,2026-03-01,22700.0,18,11,False
1799,5920,2023-12-30,47100.0,15,24,False
1800,7474,2023-06-23,21500.0,0,11,False
1801,7295,2024-09-23,34800.0,22,36,False
1802,5620,2022-10-19,18100.0,37,11,False
1803,4789,2023-01-10,42700.0,3,12,False
1804,1658,2023-09-25,28000.0,30,11,False
1805,7957,2026-02-12,52900.0,46,36,False
1806,344,2025-11-22,37700.0,11,11,False
1807,4146,2025-11-06,51800.0,28,11,False
1808,2119,2023-04-16,35800.0,28,12,False
1809,7610,2024-05-06,28700.0,15,24,False
1810,656,2023-10-21,50200.0,18,11,False
1811,4934,2024-05-10,14600.0,13,11,False
1812,4363,2026-02-04,24900.0,14,11,False
1813,619,2026-02-21,49100.0,29,12,False
1814,6548,2026-02-13,48500.0,40,36,False
1815,5993,2024-02-09,37100.0,23,11,False
1816,6265,2025-11-08,28400.0,0,24,False
1817,7116,2024-08-01,38600.0,18,11,False
1818,459,2026-08-10,33100.0,11,12,False
1819,3023,2023-11-24,9000.0,46,11,False
1820,1746,2024-01-06,26300.0,53,11,False
1821,3556,2026-06-25,41100.0,6,24,False
1822,3040,2026-04-09,29500.0,32,12,False
1823,3100,2024-08-03,16300.0,29,12,False
1824,7801,2025-12-21,28300.0,28,11,False
1825,4905,2025-04-28,25800.0,56,24,False
1826,2740,2023-11-21,40100.0,40,11,False
1827,3714,2025-08-21,13200.0,4,12,False
1828,5818,2025-02-01,47900.0,21,11,False
1829,4321,2026-07-18,62000.0,8,12,False
1830,3139,2023-09-04,47900.0,29,11,False
1831,6066,2024-05-25,36200.0,10,36,False
1832,1417,2023-10-22,36400.0,15,11,False
1833,3864,2024-05-03,67500.0,12,36,False
1834,2932,2023-04-17,23400.0,42,11,False
1835,4896,2025-11-21,67400.0,29,11,False
1836,3446,2024-12-11,17400.0,15,11,False
1837,5613,2025-06-19,18800.0,23,12,False
1838,5001,2025-12-15,22000.0,53,24,False
1839,4218,2022-09-20,33700.0,45,11,False
1840,149,2024-04-05,41300.0,16,12,False
1841,3941,2023-03-09,15400.0,38,11,False
1842,5536,2022-08-28,13800.0,40,11,False
1843,2103,2024-04-14,39700.0,43,11,False
1844,7837,2023-02-25,37400.0,7,36,False
1845,6966,2024-11-26,42600.0,24,11,False
1846,1164,2023-12-10,41900.0,29,11,False
1847,187,2024-10-07,30000.0,30,11,False
1848,2918,2023-12-20,53200.0,63,11,False
1849,7037,2023-01-27,36700.0,18,36,False
1850,1278,2025-11-27,38800.0,22,24,False
1851,1364,2022-11-07,27500.0,27,12,False
1852,4287,2024-04-27,41400.0,28,12,False
1853,4244,2023-02-20,17000.0,8,24,False
1854,6911,2024-06-03,72600.0,45,11,True
1855,2772,2024-04-21,47100.0,17,11,False
1856,4963,2024-08-08,42400.0,10,12,False
1857,4605,2025-01-08,33800.0,12,24,False
1858,6343,2023-07-24,45100.0,0,12,False
1859,7635,2023-11-29,31100.0,0,24,False
1860,5529,2022-09-20,37200.0,36,24,False
1861,1825,2024-05-25,60300.0,41,36,False
1862,7874,2025-09-29,22300.0,1,11,False
1863,763,2023-08-31,49700.0,23,11,False
1864,7469,2026-02-21,54800.0,0,24,False
1865,7792,2026-02-05,33900.0,39,11,False
1866,1801,2022-12-04,27200.0,7,12,False
1867,7566,2024-12-07,48300.0,23,12,False
1868,7816,2023-11-02,36200.0,1,24,False
1869,4011,2026-02-09,19400.0,16,11,False
1870,7254,2025-04-05,69500.0,9,12,False
1871,7832,2026-03-28,46500.0,28,11,False
1872,4564,2023-05-18,42800.0,22,12,False
1873,6251,2025-10-13,35500.0,36,11,False
1874,489,2023-10-21,33000.0,21,12,False
1875,6477,2024-08-09,17000.0,33,12,False
1876,154,2024-10-31,22900.0,40,36,False
1877,7775,2026-01-23,38600.0,28,24,False
1878,1559,2026-05-16,47400.0,24,36,False
1879,2167,2025-06-06,36000.0,23,11,False
1880,7005,2025-07-21,41400.0,25,24,False
1881,2394,2022-08-29,35500.0,42,11,False
1882,5251,2026-04-11,44100.0,28,12,False
1883,5884,2026-07-10,17300.0,16,11,False
1884,1268,2025-07-11,16500.0,61,12,False
1885,61,2024-06-27,19100.0,30,11,False
1886,956,2026-02-21,23800.0,44,24,False
1887,1676,2024-02-16,31200.0,16,36,False
1888,6314,2026-02-02,44300.0,10,11,False
1889,4214,2023-10-19,23200.0,5,11,False
1890,5273,2025-04-03,53500.0,22,11,False
1891,4322,2024-06-20,68600.0,34,12,False
1892,3653,2023-06-13,43100.0,31,36,False
1893,1280,2025-03-26,19000.0,27,11,False
1894,4299,2024-10-01,21000.0,31,11,False
1895,172,2023-01-03,25100.0,16,11,False
1896,1490,2024-06-11,57700.0,14,12,False
1897,3633,2025-05-10,40600.0,58,11,False
1898,4293,2026-06-03,68800.0,35,11,False
1899,7161,2026-07-29,26600.0,54,12,False
1900,6811,2023-03-18,31700.0,24,11,False
1901,2373,2023-08-10,51900.0,43,24,False
1902,1673,2024-05-30,47400.0,26,12,False
1903,3190,2025-07-23,17700.0,15,24,False
1904,4184,2023-04-05,17200.0,13,11,False
1905,7111,2022-11-09,38000.0,42,12,False
1906,3075,2024-11-25,57500.0,0,11,False
1907,5251,2025-06-12,45500.0,6,12,False
1908,332,2023-11-25,22800.0,21,11,False
1909,3725,2025-07-03,17400.0,22,36,False
1910,3985,2024-03-18,27000.0,30,11,False
1911,5739,2024-03-26,22900.0,37,24,False
1912,4201,2025-07-21,18700.0,27,24,False
1913,1372,2022-09-06,23700.0,26,12,False
1914,3748,2023-06-04,40100.0,1,12,False
1915,216,2025-02-25,50600.0,6,11,False
1916,341,2025-04-26,17100.0,21,24,False
1917,6020,2026-01-10,57500.0,31,11,False
1918,4156,2025-10-08,21600.0,32,11,False
1919,2768,2025-11-12,33600.0,42,36,False
1920,3228,2024-05-03,32000.0,37,24,False
1921,1789,2022-08-26,33300.0,8,12,False
1922,5727,2022-11-26,41400.0,19,11,False
1923,2474,2023-03-10,28900.0,16,11,False
1924,7273,2025-10-22,24800.0,34,11,False
1925,722,2023-03-29,25500.0,0,11,False
1926,5438,2025-12-02,31300.0,32,11,False
1927,7863,2025-12-30,23000.0,44,11,False
1928,6751,2026-03-14,38300.0,47,11,False
1929,5324,2025-07-06,60800.0,36,11,False
1930,5508,2024-09-14,46200.0,6,36,False
1931,3813,2024-08-24,21700.0,35,24,False
1932,3727,2023-09-16,42000.0,23,11,False
1933,4087,2024-03-08,27500.0,45,11,False
1934,496,2023-08-24,25500.0,22,11,False
1935,5780,2026-06-29,23900.0,5,12,False
1936,47,2024-10-21,27800.0,36,11,False
1937,3442,2023-06-14,25800.0,59,11,False
1938,4984,2025-08-23,27100.0,28,36,False
1939,5250,2024-04-28,45900.0,46,24,False
1940,4914,2024-06-09,52800.0,27,11,False
1941,404,2024-12-08,33700.0,19,11,False
1942,4083,2022-09-22,19900.0,26,11,False
1943,6038,2025-10-17,30200.0,9,11,False
1944,7278,2023-04-20,55700.0,27,11,False
1945,3233,2026-07-17,32900.0,15,11,False
1946,4449,2024-10-17,16100.0,13,36,False
1947,394,2024-04-03,32000.0,32,11,False
1948,3944,2025-07-12,36500.0,26,24,False
1949,4534,2025-03-09,22800.0,28,24,False
1950,638,2025-06-03,43600.0,26,12,False
1951,7845,2024-02-27,36200.0,10,24,False
1952,4328,2026-01-15,32300.0,35,12,False
1953,3000,2025-03-12,30600.0,30,12,False
1954,6978,2023-08-24,42800.0,26,36,False
1955,1556,2026-04-21,27200.0,19,12,False
1956,842,2026-03-13,66900.0,27,12,False
1957,4930,2026-02-20,18000.0,22,11,False
1958,1533,2025-01-11,17700.0,28,12,False
1959,6882,2022-09-24,21200.0,44,24,False
1960,3375,2026-07-29,35000.0,6,24,False
1961,5199,2026-04-21,32700.0,0,11,False
1962,2472,2023-10-02,28100.0,8,24,False
1963,952,2025-06-29,12600.0,22,12,False
1964,3114,2022-11-03,75600.0,2,11,True
1965,4601,2026-02-06,26600.0,40,12,False
1966,1498,2023-03-20,30600.0,28,11,False
1967,3645,2025-02-13,39700.0,42,12,False
1968,624,2025-09-08,62600.0,52,11,False
1969,5513,2023-01-03,44200.0,31,24,False
1970,7852,2024-11-20,29000.0,33,11,False
1971,1210,2023-06-30,27400.0,8,11,False
1972,3303,2022-10-31,31800.0,43,24,False
1973,7292,2025-03-31,46800.0,51,11,False
1974,2726,2026-03-12,20600.0,40,36,False
1975,6464,2022-08-21,24400.0,36,12,False
1976,5333,2023-01-25,24600.0,34,11,False
1977,131,2023-12-17,48700.0,41,36,False
1978,7099,2024-03-13,17900.0,10,36,False
1979,5409,2024-07-14,42100.0,47,12,False
1980,3054,2025-10-12,49400.0,56,11,False
1981,7283,2024-10-03,34900.0,35,11,False
1982,4378,2025-05-25,45100.0,22,12,False
1983,7280,2025-06-20,40900.0,14,11,False
1984,4563,2022-11-15,25400.0,0,12,False
1985,39,2026-02-22,50600.0,36,12,False
1986,7853,2023-07-02,29100.0,24,11,False
1987,4051,2024-09-23,19400.0,44,11,False
1988,6783,2024-09-02,65000.0,0,11,False
1989,3672,2025-03-10,46900.0,23,12,False
1990,5589,2025-07-18,22400.0,25,12,False
1991,7279,2022-10-11,30000.0,31,12,False
1992,938,2023-08-27,22100.0,18,11,False
1993,7721,2022-11-27,64600.0,32,24,False
1994,2831,2023-10-05,39800.0,21,12,False
1995,7482,2023-09-21,41000.0,15,12,False
1996,4205,2022-11-21,28400.0,14,24,False
1997,500,2024-04-03,33000.0,30,11,False
1998,5668,2026-03-17,42000.0,18,36,False
1999,1159,2023-12-29,41600.0,32,11,False
2000,7189,2025-05-19,15800.0,0,36,False
2001,3605,2025-12-19,39700.0,37,11,False
2002,313,2023-05-25,16800.0,28,12,False
2003,751,2025-03-03,22200.0,29,11,False
2004,3321,2023-01-17,36200.0,28,11,False
2005,554,2024-09-10,28200.0,42,36,False
2006,2515,2023-07-03,13300.0,18,12,False
2007,4450,2023-11-16,30300.0,57,24,False
2008,4964,2023-11-30,20200.0,16,12,False
2009,1845,2024-08-27,18800.0,23,36,False
2010,3292,2023-06-03,24500.0,28,11,False
2011,5514,2025-02-17,43400.0,15,11,False
2012,7741,2022-09-06,33800.0,26,24,False
2013,5851,2026-04-28,48500.0,18,12,False
2014,3898,2024-09-12,22000.0,47,36,False
2015,6137,2023-11-27,52500.0,2,11,False
2016,7360,2023-10-05,31100.0,31,12,False
2017,829,2023-01-27,41000.0,20,12,False
2018,4218,2025-12-30,31800.0,27,11,False
2019,5167,2024-06-08,40900.0,8,24,False
2020,2076,2023-09-07,41800.0,16,11,False
2021,4677,2022-12-31,22400.0,18,11,False
2022,4517,2026-05-05,25200.0,32,11,False
2023,246,2022-10-13,42200.0,9,12,False
2024,4951,2026-03-10,21900.0,28,36,False
2025,4900,2025-10-17,39000.0,17,24,False
2026,274,2025-04-05,43400.0,16,11,False
2027,3595,2024-04-02,25500.0,17,36,False
2028,1810,2025-01-21,51000.0,47,12,False
2029,1290,2025-05-29,40600.0,38,36,False
2030,2477,2025-03-20,49800.0,10,36,False
2031,4465,2023-06-14,25200.0,0,11,False
2032,7221,2025-06-10,28300.0,44,11,False
2033,938,2024-05-17,22700.0,47,36,False
2034,3513,2023-01-22,17900.0,17,12,False
2035,4539,2024-09-11,45000.0,29,11,False
2036,4588,2024-03-10,17600.0,24,12,False
2037,2682,2026-07-23,28300.0,35,12,False
2038,3848,2024-09-13,29900.0,23,24,False
2039,2095,2024-04-28,42100.0,19,11,False
2040,3584,2022-12-22,45700.0,29,12,False
2041,1193,2024-12-01,18200.0,0,11,False
2042,379,2025-12-09,48500.0,36,11,False
2043,7998,2024-03-05,51100.0,17,12,False
2044,2077,2024-01-22,25400.0,8,11,False
2045,6605,2025-07-30,55400.0,28,11,False
2046,146,2024-09-19,32900.0,21,36,False
2047,6204,2025-04-16,43800.0,26,11,False
2048,4492,2023-04-10,23900.0,7,11,False
2049,7993,2022-11-23,33300.0,25,24,False
2050,435,2026-02-10,32000.0,31,12,False
2051,717,2025-07-06,52000.0,6,11,False
2052,7244,2026-02-03,27000.0,17,12,False
2053,6221,2023-12-19,21700.0,17,24,False
2054,2690,2026-07-20,31500.0,8,24,False
2055,4598,2023-06-18,41800.0,27,11,False
2056,7111,2023-05-23,39800.0,32,24,False
2057,7667,2024-01-22,41200.0,0,11,False
2058,981,2024-10-15,19900.0,33,11,False
2059,7461,2024-12-26,44600.0,8,11,False
2060,2284,2024-04-27,21400.0,10,11,False
2061,2086,2024-05-23,19800.0,38,11,False
2062,1870,2023-03-27,31100.0,25,36,False
2063,2154,2024-02-11,40400.0,45,11,False
2064,4162,2024-02-03,24200.0,29,36,False
2065,956,2023-08-04,23400.0,19,11,False
2066,7703,2023-08-16,26900.0,31,24,False
2067,4913,2025-04-04,34500.0,40,11,False
2068,822,2025-09-18,42200.0,30,12,False
2069,1495,2024-09-01,26900.0,58,24,False
2070,7642,2023-10-06,50700.0,27,12,False
2071,5542,2024-03-08,37300.0,28,12,False
2072,3498,2025-04-09,26400.0,18,11,False
2073,11,2023-01-04,27300.0,8,11,False
2074,5296,2026-04-03,24800.0,36,11,False
2075,1910,2025-06-08,39600.0,19,24,False
2076,6503,2023-12-22,33100.0,38,11,False
2077,7474,2022-10-22,22700.0,25,24,False
2078,6852,2025-05-11,21500.0,30,24,False
2079,4977,2024-10-16,24400.0,5,11,False
2080,5813,2023-09-15,20100.0,30,12,False
2081,5826,2024-05-02,24000.0,19,24,False
2082,7988,2024-10-28,48600.0,21,36,False
2083,7901,2025-01-19,41900.0,18,11,False
2084,5550,2023-06-19,26200.0,19,11,False
2085,902,2025-11-22,24400.0,22,12,False
2086,7565,2025-09-27,36700.0,6,12,False
2087,3648,2022-08-29,42100.0,38,12,False
2088,1420,2025-10-15,29100.0,14,12,False
2089,3484,2023-12-31,52300.0,52,12,False
2090,7428,2023-04-07,28700.0,42,11,False
2091,4424,2025-12-08,34800.0,51,11,False
2092,840,2023-05-08,42600.0,47,11,False
2093,2316,2025-08-25,46900.0,9,12,False
2094,954,2024-05-09,72500.0,18,12,True
2095,2863,2024-11-15,24100.0,28,11,False
2096,2609,2025-03-22,46800.0,10,11,False
2097,6539,2023-08-27,26300.0,33,12,False
2098,6134,2022-11-29,50500.0,14,36,False
2099,3936,2024-02-12,56300.0,37,12,False
2100,7843,2025-08-03,24000.0,19,11,False
2101,1837,2022-11-17,23600.0,19,12,False
2102,54,2023-11-30,25400.0,49,24,False
2103,7368,2026-02-18,69100.0,18,11,False
2104,739,2024-02-12,21800.0,36,36,False
2105,2797,2023-11-01,25000.0,40,24,False
2106,5763,2023-01-22,48300.0,33,11,False
2107,3246,2023-08-03,34000.0,15,12,False
2108,5254,2025-11-06,33300.0,50,12,False
2109,1957,2024-07-02,41000.0,27,12,False
2110,5997,2023-05-25,61700.0,39,36,False
2111,1632,2026-04-18,28100.0,47,11,False
2112,1958,2024-10-09,38900.0,0,36,False
2113,7815,2024-11-21,37300.0,20,36,False
2114,2520,2024-07-09,58200.0,31,11,False
2115,2798,2026-03-06,14800.0,14,11,False
2116,865,2026-01-01,16600.0,32,12,False
2117,2155,2025-03-10,30800.0,42,24,False
2118,7466,2025-09-11,36300.0,35,12,False
2119,6493,2023-07-12,31500.0,12,12,False
2120,3,2026-02-03,52600.0,1,11,False
2121,4355,2026-01-04,43000.0,29,11,False
2122,4163,2026-06-08,45800.0,29,12,False
2123,4987,2025-10-22,32500.0,37,11,False
2124,7441,2024-07-05,56400.0,5,11,False
2125,910,2026-04-24,33300.0,28,12,False
2126,2074,2026-06-08,49500.0,33,12,False
2127,3236,2023-02-05,50100.0,0,12,False
2128,2428,2026-02-23,42100.0,2,12,False
2129,4781,2024-08-21,49300.0,0,11,False
2130,1977,2023-03-12,56800.0,33,12,False
2131,1411,2023-02-23,36300.0,18,12,False
2132,3767,2025-07-25,75400.0,38,11,True
2133,1318,2025-03-30,42300.0,24,11,False
2134,1677,2026-04-27,29600.0,11,36,False
2135,5160,2023-06-05,64500.0,8,11,False
2136,7646,2025-10-02,7700.0,22,11,False
2137,2741,2022-11-17,26600.0,0,11,False
2138,1006,2024-05-27,25600.0,55,24,False
2139,7867,2022-12-19,25500.0,6,24,False
2140,7977,2022-12-04,46700.0,20,11,False
2141,1246,2025-12-10,22800.0,12,36,False
2142,5128,2025-07-01,29300.0,33,24,False
2143,7031,2023-10-01,46200.0,44,11,False
2144,1386,2023-05-29,24700.0,40,11,False
2145,4365,2025-05-02,23000.0,9,24,False
2146,4722,2024-08-03,21400.0,26,12,False
2147,5705,2026-03-10,48700.0,20,11,False
2148,4229,2026-06-28,9600.0,28,12,False
2149,1595,2024-01-11,49300.0,20,12,False
2150,7583,2025-04-08,48500.0,23,11,False
2151,1449,2026-01-11,49600.0,45,11,False
2152,972,2025-05-26,55200.0,21,12,False
2153,7547,2024-06-03,15200.0,39,11,False
2154,1001,2024-07-06,39400.0,20,12,False
2155,7445,2025-08-30,37600.0,12,11,False
2156,992,2025-12-20,50700.0,23,24,False
2157,4227,2025-10-07,59900.0,41,12,False
2158,6609,2026-03-31,34000.0,2,11,False
2159,5491,2026-05-16,19700.0,23,11,False
2160,4065,2025-05-06,11600.0,23,24,False
2161,5414,2024-12-18,42300.0,36,36,False
2162,5845,2024-07-13,37900.0,42,12,False
2163,931,2024-02-20,45100.0,34,11,False
2164,4654,2025-06-21,19400.0,40,12,False
2165,37,2024-05-15,52800.0,17,11,False
2166,3470,2025-09-20,20100.0,25,11,False
2167,1749,2024-03-30,32800.0,28,24,False
2168,3092,2024-06-15,28300.0,26,24,False
2169,810,2023-10-26,18500.0,41,36,False
2170,4130,2025-01-23,64600.0,0,12,False
2171,5182,2025-07-11,10600.0,37,12,False
2172,4794,2024-02-22,26300.0,18,24,False
2173,5350,2026-01-19,37300.0,46,24,False
2174,3186,2023-05-31,48100.0,30,11,False
2175,1355,2025-10-01,23600.0,53,11,False
2176,6501,2022-09-12,24900.0,11,11,False
2177,320,2025-02-03,64700.0,33,12,False
2178,2448,2024-02-06,53300.0,60,24,False
2179,2210,2023-04-12,27600.0,14,12,False
2180,2806,2025-12-06,6700.0,0,12,False
2181,5563,2023-10-05,24800.0,16,11,False
2182,1627,2023-03-10,46200.0,9,11,False
2183,3186,2025-05-01,50400.0,32,11,False
2184,6110,2025-05-12,32600.0,0,11,False
2185,6312,2024-02-03,19200.0,31,36,False
2186,4022,2025-10-03,28100.0,8,11,False
2187,2040,2025-02-16,29800.0,23,11,False
2188,5993,2026-06-18,41000.0,11,11,False
2189,1342,2023-05-13,47400.0,13,36,False
2190,1313,2025-12-26,24700.0,5,11,False
2191,4412,2024-12-13,16800.0,16,11,False
2192,7468,2025-09-03,47900.0,15,12,False
2193,2435,2023-08-11,17500.0,32,12,False
2194,3319,2025-02-16,28900.0,24,11,False
2195,2187,2022-09-08,59500.0,28,36,False
2196,6634,2022-09-20,22700.0,6,24,False
2197,6859,2025-05-28,27600.0,37,24,False
2198,7897,2024-07-18,20800.0,13,24,False
2199,7110,2023-08-10,32300.0,27,12,False
2200,1742,2022-11-01,32500.0,38,12,False
2201,7075,2023-02-02,34900.0,20,11,False
2202,366,2024-08-09,22400.0,23,11,False
2203,2661,2025-03-12,21900.0,2,11,False
2204,7668,2023-02-02,47500.0,13,24,False
2205,1754,2026-04-07,45900.0,25,11,False
2206,5408,2023-12-13,40800.0,16,12,False
2207,4555,2025-08-12,38000.0,15,24,False
2208,4386,2023-01-07,40100.0,0,12,False
2209,3826,2022-11-29,21900.0,52,11,False
2210,2523,2025-06-20,48200.0,26,24,False
2211,4903,2026-04-09,27300.0,36,11,False
2212,6279,2024-04-23,23000.0,9,24,False
2213,6408,2022-10-03,58800.0,0,11,False
2214,565,2022-10-06,26900.0,48,24,False
2215,841,2024-03-28,38900.0,18,24,False
2216,2871,2024-11-15,22100.0,39,12,False
2217,5265,2025-07-03,28500.0,20,12,False
2218,6822,2025-04-24,18200.0,25,11,False
2219,4625,2026-01-05,49400.0,31,11,False
2220,7718,2026-04-10,14000.0,20,24,False
2221,2780,2025-01-09,34000.0,42,24,False
2222,6644,2026-02-01,24200.0,34,11,False
2223,3592,2026-04-22,14900.0,37,36,False
2224,3829,2023-06-13,52700.0,39,12,False
2225,1609,2023-11-28,48900.0,16,12,False
2226,4092,2024-08-30,44800.0,36,24,False
2227,2177,2025-06-27,63000.0,50,11,False
2228,2455,2024-01-25,43600.0,23,12,False
2229,3411,2026-03-18,58900.0,26,36,False
2230,598,2025-01-12,24200.0,39,12,False
2231,2056,2023-01-24,20300.0,9,12,False
2232,1582,2024-11-30,32600.0,35,24,False
2233,297,2024-07-09,35900.0,27,11,False
2234,2029,2022-12-31,54500.0,4,12,False
2235,5463,2023-08-23,26500.0,44,12,False
2236,5767,2023-08-09,26700.0,0,36,False
2237,3192,2026-03-21,39700.0,17,11,False
2238,1728,2024-08-27,22300.0,19,11,False
2239,1164,2024-04-14,42800.0,9,24,False
2240,5472,2025-03-02,24500.0,4,12,False
2241,2109,2026-01-17,51300.0,41,11,False
2242,4559,2025-05-07,14500.0,13,11,False
2243,7544,2023-08-05,41100.0,0,11,False
2244,7161,2023-04-04,29300.0,7,24,False
2245,4903,2026-02-20,26600.0,21,24,False
2246,4647,2022-12-31,37100.0,25,11,False
2247,7151,2026-08-12,18700.0,16,12,False
2248,6646,2024-08-11,34300.0,32,12,False
2249,4878,2023-03-10,35900.0,22,11,False
2250,1028,2025-04-06,28100.0,0,11,False
2251,5566,2024-04-29,45200.0,27,11,False
2252,2569,2023-03-21,51600.0,34,12,False
2253,6696,2024-09-15,29500.0,44,12,False
2254,3610,2023-11-16,37600.0,43,24,False
2255,4787,2024-10-15,26600.0,17,11,False
2256,5472,2023-09-09,24100.0,34,12,False
2257,1275,2026-03-10,41400.0,51,11,False
2258,5204,2026-03-29,27100.0,14,11,False
2259,3993,2026-08-03,23700.0,23,36,False
2260,1466,2024-08-16,26800.0,43,11,False
2261,580,2023-02-23,35100.0,31,12,False
2262,2434,2022-08-23,29000.0,26,24,False
2263,1273,2025-11-16,50900.0,29,12,False
2264,2129,2025-05-22,18200.0,29,11,False
2265,5198,2025-07-28,14100.0,0,36,False
2266,280,2025-04-07,53300.0,37,24,False
2267,5434,2022-09-19,41100.0,0,12,False
2268,7211,2024-03-13,55700.0,16,12,False
2269,1929,2022-10-31,31200.0,18,24,False
2270,4684,2023-11-07,13000.0,11,11,False
2271,1293,2025-08-14,33600.0,33,11,False
2272,7647,2025-10-17,38900.0,20,36,False
2273,4934,2023-11-29,16100.0,44,11,False
2274,6468,2024-12-27,37700.0,7,24,False
2275,1064,2024-11-14,24900.0,33,24,False
2276,6811,2023-12-26,33000.0,1,11,False
2277,935,2023-06-20,18300.0,10,24,False
2278,6683,2023-03-17,37300.0,7,11,False
2279,903,2026-02-21,16200.0,20,11,False
2280,2813,2024-03-27,54800.0,33,11,False
2281,22,2025-03-29,28500.0,19,24,False
2282,4674,2025-07-20,47800.0,20,11,False
2283,3269,2026-02-24,19000.0,35,11,False
2284,6486,2025-06-01,35400.0,21,36,False
2285,2404,2023-06-05,56700.0,32,24,False
2286,7592,2023-07-28,62300.0,20,36,False
2287,4907,2026-03-24,22200.0,16,12,False
2288,699,2026-01-05,44400.0,0,24,False
2289,287,2026-04-09,27100.0,23,24,False
2290,4919,2024-02-28,13200.0,38,11,False
2291,3835,2025-06-26,37400.0,30,24,False
2292,776,2025-12-18,27600.0,18,12,False
2293,5466,2023-06-09,58300.0,31,11,False
2294,5156,2022-09-07,31800.0,37,11,False
2295,2482,2026-04-06,18600.0,36,11,False
2296,2562,2022-11-11,22900.0,22,11,False
2297,5241,2022-10-14,33300.0,26,24,False
2298,29,2022-11-04,24000.0,10,36,False
2299,924,2025-12-01,20200.0,46,12,False
2300,3177,2024-12-27,21000.0,31,24,False
2301,7974,2022-11-24,25700.0,5,11,False
2302,7174,2024-05-28,32500.0,21,12,False
2303,6353,2023-02-02,37100.0,35,11,False
2304,4093,2022-08-25,54900.0,6,12,False
2305,3065,2026-05-25,59200.0,52,24,False
2306,2561,2026-01-18,19400.0,18,11,False
2307,4771,2024-10-04,31600.0,17,12,False
2308,6230,2022-10-24,26600.0,39,12,False
2309,3694,2024-09-27,39200.0,18,11,False
2310,3637,2026-07-25,17200.0,10,24,False
2311,1485,2023-07-22,27800.0,31,11,False
2312,4941,2025-06-06,50100.0,22,11,False
2313,3439,2023-10-01,37800.0,42,12,False
2314,524,2023-12-22,31000.0,45,12,False
2315,6223,2026-02-26,33500.0,40,11,False
2316,7420,2025-01-12,37000.0,52,11,False
2317,6679,2023-05-09,16700.0,45,12,False
2318,7814,2025-05-13,68600.0,22,24,False
2319,39,2025-02-13,47000.0,27,12,False
2320,3424,2023-07-22,51100.0,28,11,False
2321,904,2026-04-30,23100.0,0,11,False
2322,2908,2025-06-16,43200.0,9,24,False
2323,2254,2025-03-02,44200.0,33,12,False
2324,1125,2024-04-20,54200.0,10,11,False
2325,7179,2022-12-27,29900.0,23,11,False
2326,1865,2025-09-18,23200.0,14,11,False
2327,3279,2024-03-17,50800.0,27,24,False
2328,5930,2024-10-07,21400.0,17,11,False
2329,5183,2025-03-15,25300.0,30,12,False
2330,3231,2024-09-05,12100.0,29,11,False
2331,3166,2025-11-16,10300.0,11,24,False
2332,3614,2023-03-13,21400.0,29,11,False
2333,5781,2023-03-08,25900.0,6,11,False
2334,3866,2025-03-05,46800.0,19,11,False
2335,2963,2024-09-17,21600.0,29,24,False
2336,3537,2024-01-11,19300.0,13,24,False
2337,7041,2026-07-27,37300.0,19,24,False
2338,3595,2025-09-04,26300.0,43,12,False
2339,7930,2023-11-05,19800.0,33,24,False
2340,1007,2024-06-20,61100.0,2,36,False
2341,4210,2025-06-03,32200.0,27,36,False
2342,6583,2023-08-29,30100.0,25,11,False
2343,5076,2024-06-19,36400.0,0,12,False
2344,4120,2022-08-25,24700.0,38,11,False
2345,4273,2024-01-09,28400.0,10,24,False
2346,1720,2025-07-03,27700.0,37,11,False
2347,6199,2022-12-05,27300.0,16,12,False
2348,7778,2025-12-12,40000.0,9,11,False
2349,5629,2026-08-16,18800.0,21,11,False
2350,5749,2022-10-12,57600.0,32,12,False
2351,7579,2024-01-11,50100.0,36,11,False
2352,4771,2024-10-29,31400.0,29,11,False
2353,4056,2023-06-25,31900.0,40,12,False
2354,951,2025-10-02,45100.0,44,11,False
2355,3683,2023-08-12,41700.0,21,11,False
2356,3313,2026-01-30,34300.0,7,11,False
2357,2024,2024-05-13,19300.0,24,12,False
2358,7484,2026-05-09,30700.0,23,11,False
2359,1897,2025-01-19,19500.0,28,24,False
2360,3128,2025-02-08,33800.0,9,12,False
2361,807,2023-10-18,64900.0,22,11,False
2362,806,2023-03-11,28400.0,35,12,False
2363,7850,2024-11-11,49000.0,32,11,False
2364,1850,2026-08-01,51600.0,3,11,False
2365,5511,2025-08-15,62100.0,16,11,False
2366,6778,2023-03-12,36400.0,29,11,False
2367,2306,2024-04-27,43200.0,17,12,False
2368,3695,2023-07-26,28500.0,1,24,False
2369,1643,2026-08-18,69900.0,8,11,False
2370,5294,2025-07-26,49600.0,0,11,False
2371,6713,2024-01-22,63400.0,22,12,False
2372,1002,2022-10-01,29800.0,23,11,False
2373,5900,2025-07-19,79200.0,25,24,True
2374,3761,2024-04-03,47200.0,7,12,False
2375,3463,2024-07-29,31300.0,30,11,False
2376,528,2024-07-19,33800.0,36,12,False
2377,600,2026-02-06,50200.0,21,11,False
2378,1074,2024-09-01,44300.0,22,12,False
2379,5929,2024-07-19,26800.0,35,11,False
2380,3718,2026-02-10,39300.0,16,12,False
2381,6260,2023-02-19,39600.0,18,12,False
2382,6475,2024-10-03,28200.0,22,11,False
2383,6669,2025-11-16,13900.0,40,11,False
2384,4548,2023-07-02,50800.0,18,12,False
2385,977,2026-05-05,50800.0,10,24,False
2386,6186,2024-05-12,14100.0,26,11,False
2387,705,2024-09-26,70500.0,34,24,False
2388,5778,2025-04-17,34400.0,34,36,False
2389,3990,2024-01-24,25600.0,19,11,False
2390,4577,2022-12-26,27700.0,41,36,False
2391,3016,2025-04-02,57500.0,26,11,False
2392,7211,2026-02-24,53100.0,45,11,False
2393,7884,2025-10-05,29800.0,12,11,False
2394,535,2023-04-12,47800.0,8,11,False
2395,3304,2026-05-01,25900.0,24,12,False
2396,7027,2023-04-28,38000.0,31,12,False
2397,2304,2023-04-09,24000.0,26,12,False
2398,6738,2024-05-02,59800.0,9,11,False
2399,3426,2024-05-16,32300.0,28,24,False
2400,4058,2024-09-10,13600.0,12,24,False
2401,5475,2025-05-25,31400.0,35,12,False
2402,1917,2022-09-05,36100.0,28,36,False
2403,1802,2025-06-06,30700.0,15,24,False
2404,529,2023-05-31,39900.0,22,11,False
2405,5921,2025-03-17,41100.0,32,12,False
2406,1038,2022-12-23,23100.0,26,11,False
2407,7252,2024-03-19,31900.0,32,12,False
2408,7018,2025-11-25,27300.0,8,11,False
2409,5224,2023-04-23,37300.0,19,11,False
2410,6787,2024-10-31,31500.0,37,12,False
2411,117,2025-03-13,41900.0,0,11,False
2412,2487,2025-05-03,30300.0,44,24,False
2413,5584,2025-06-28,41200.0,19,11,False
2414,593,2026-07-03,47100.0,33,11,False
2415,398,2022-08-20,40600.0,37,12,False
2416,5298,2023-10-19,41200.0,31,11,False
2417,3876,2024-12-19,17700.0,32,36,False
2418,2830,2025-11-13,38500.0,3,24,False
2419,4261,2024-11-23,36500.0,26,11,False
2420,3951,2023-01-22,32500.0,27,11,False
2421,276,2023-12-05,44000.0,38,11,False
2422,2057,2025-02-14,35700.0,27,36,False
2423,5560,2024-07-21,28700.0,10,11,False
2424,4537,2023-03-30,12200.0,0,36,False
2425,1420,2023-12-04,30900.0,33,11,False
2426,3650,2025-01-17,42800.0,0,36,False
2427,4809,2024-08-13,21800.0,35,12,False
2428,166,2023-10-27,50300.0,30,36,False
2429,1602,2024-10-30,44100.0,49,36,False
2430,6283,2023-05-21,34900.0,0,12,False
2431,5541,2024-11-10,27100.0,29,11,False
2432,741,2026-06-21,27500.0,38,12,False
2433,7095,2024-10-05,31500.0,7,11,False
2434,2088,2023-11-26,53300.0,25,11,False
2435,4293,2026-05-01,67900.0,24,12,False
2436,3580,2026-04-22,40800.0,37,11,False
2437,5634,2026-05-26,26800.0,45,11,False
2438,792,2023-10-19,73200.0,18,11,True
2439,214,2025-09-22,38000.0,15,11,False
2440,3850,2023-01-26,29400.0,18,24,False
2441,5323,2026-06-03,42300.0,20,11,False
2442,1611,2024-03-08,15800.0,13,12,False
2443,2502,2024-07-25,26100.0,11,11,False
2444,6876,2024-12-18,51500.0,20,11,False
2445,3006,2024-12-02,43100.0,20,11,False
2446,3192,2026-06-12,40300.0,21,12,False
2447,5915,2023-03-11,29400.0,44,24,False
2448,7788,2026-06-18,44100.0,26,24,False
2449,601,2026-01-31,37900.0,26,12,False
2450,5550,2026-02-07,26500.0,14,11,False
2451,5321,2024-01-14,40300.0,21,36,False
2452,6366,2023-01-02,6300.0,8,24,False
2453,7988,2024-10-06,50000.0,51,11,False
2454,2781,2022-12-15,46300.0,54,11,False
2455,726,2023-02-02,34100.0,29,24,False
2456,953,2026-07-17,21800.0,19,36,False
2457,6174,2024-09-25,37600.0,31,36,False
2458,4441,2022-10-16,10100.0,20,12,False
2459,6268,2026-02-15,27400.0,13,11,False
2460,2,2024-01-29,48300.0,7,11,False
2461,6502,2022-10-22,27100.0,31,36,False
2462,2912,2025-07-04,49200.0,4,24,False
2463,5989,2023-05-15,28000.0,14,11,False
2464,4138,2023-09-18,30400.0,33,12,False
2465,1993,2025-06-13,61400.0,38,12,False
2466,6877,2023-05-11,34500.0,37,11,False
2467,6390,2026-06-04,24000.0,12,12,False
2468,7994,2024-11-16,37500.0,24,36,False
2469,935,2026-03-10,19400.0,18,11,False
2470,3250,2024-01-12,28600.0,31,24,False
2471,2291,2024-06-26,27000.0,30,24,False
2472,7487,2022-10-31,32600.0,18,11,False
2473,7166,2023-07-26,37400.0,10,11,False
2474,90,2022-09-13,46700.0,49,11,False
2475,1747,2023-03-14,21500.0,26,11,False
2476,2218,2023-06-02,27700.0,42,11,False
2477,4335,2023-02-16,49700.0,7,36,False
2478,3113,2025-07-23,53700.0,49,11,False
2479,106,2023-03-27,44900.0,7,11,False
2480,904,2025-03-02,23200.0,57,11,False
2481,431,2022-11-21,29400.0,0,12,False
2482,5545,2024-08-29,11700.0,24,24,False
2483,1938,2025-12-22,36900.0,15,12,False
2484,6217,2022-10-11,44700.0,27,24,False
2485,319,2023-09-26,40200.0,7,11,False
2486,6209,2024-12-02,39400.0,19,11,False
2487,644,2026-07-05,15800.0,17,11,False
2488,1969,2024-03-28,26700.0,27,36,False
2489,2101,2025-03-16,27700.0,27,36,False
2490,7068,2024-01-05,18000.0,42,24,False
2491,3220,2026-08-13,48500.0,29,11,False
2492,7682,2023-04-13,57300.0,50,11,False
2493,2321,2026-01-14,37900.0,0,24,False
2494,1470,2024-04-07,49900.0,31,11,False
2495,561,2023-06-24,46200.0,7,11,False
2496,7693,2023-02-09,42900.0,28,11,False
2497,728,2024-11-16,30300.0,29,12,False
2498,5504,2024-03-03,20400.0,31,36,False
2499,4002,2026-03-07,29300.0,39,11,False
2500,1751,2022-09-08,28700.0,9,12,False
2501,6104,2026-06-11,19100.0,11,24,False
2502,3472,2025-03-10,31900.0,25,11,False
2503,1134,2022-09-17,23800.0,8,11,False
2504,5558,2023-03-06,26300.0,21,11,False
2505,4302,2023-09-06,56500.0,27,12,False
2506,252,2023-04-29,18400.0,18,24,False
2507,2484,2024-03-04,36400.0,15,24,False
2508,2099,2025-06-23,38100.0,29,11,False
2509,463,2023-03-10,20900.0,45,11,False
2510,5318,2025-06-10,17700.0,39,12,False
2511,208,2024-12-05,19800.0,29,24,False
2512,917,2024-02-02,15500.0,38,12,False
2513,3545,2024-07-06,28900.0,33,11,False
2514,3468,2025-10-20,52500.0,36,11,False
2515,22,2025-03-04,27800.0,28,12,False
2516,413,2026-08-11,58700.0,31,11,False
2517,912,2025-06-03,35500.0,21,11,False
2518,523,2023-12-10,40200.0,26,11,False
2519,7448,2026-03-03,38200.0,17,12,False
2520,5016,2025-05-24,39100.0,15,24,False
2521,5081,2025-11-10,23600.0,12,11,False
2522,4203,2025-09-07,32700.0,16,11,False
2523,5180,2023-11-08,15300.0,28,11,False
2524,7275,2026-06-02,29400.0,33,11,False
2525,7311,2026-06-24,56500.0,0,12,False
2526,7333,2024-02-07,28900.0,23,11,False
2527,2182,2024-04-07,115600.0,47,11,True
2528,3680,2025-09-28,44100.0,29,36,False
2529,3026,2024-08-13,92700.0,38,11,True
2530,1595,2022-10-31,53900.0,5,11,False
2531,5541,2024-02-26,26900.0,47,11,False
2532,1294,2026-03-31,38600.0,34,24,False
2533,2218,2025-10-15,27700.0,27,12,False
2534,7468,2024-01-30,48900.0,31,11,False
2535,3723,2023-11-07,29600.0,9,24,False
2536,762,2026-05-23,21400.0,14,12,False
2537,3510,2023-07-05,20700.0,14,11,False
2538,4888,2023-12-15,25400.0,21,12,False
2539,1971,2022-11-23,22400.0,0,11,False
2540,3892,2024-02-27,43100.0,44,11,False
2541,3788,2024-05-07,41700.0,39,11,False
2542,2408,2024-10-30,35800.0,52,11,False
2543,4898,2024-10-11,16000.0,45,11,False
2544,2386,2025-12-03,40200.0,46,24,False
2545,309,2024-01-19,26900.0,46,11,False
2546,3750,2026-02-16,35400.0,15,11,False
2547,2033,2023-06-06,29600.0,40,24,False
2548,7209,2025-08-16,23400.0,16,11,False
2549,672,2023-09-15,32300.0,21,36,False
2550,4750,2023-06-05,34700.0,42,11,False
2551,7675,2023-10-27,44700.0,23,11,False
2552,314,2025-08-07,39400.0,0,11,False
2553,2990,2023-07-20,26400.0,45,12,False
2554,1108,2026-05-24,59200.0,7,12,False
2555,7971,2024-01-17,38800.0,12,11,False
2556,3042,2024-10-27,21800.0,41,11,False
2557,5958,2024-05-07,16800.0,46,12,False
2558,768,2023-04-10,44600.0,34,12,False
2559,4224,2024-04-19,49600.0,31,11,False
2560,4644,2024-08-11,31700.0,35,11,False
2561,6367,2024-05-15,40400.0,22,11,False
2562,6205,2024-03-14,22100.0,27,11,False
2563,5445,2023-10-31,24300.0,51,24,False
2564,356,2023-11-20,22400.0,0,24,False
2565,920,2023-04-02,42800.0,23,24,False
2566,5572,2026-01-28,49100.0,7,12,False
2567,3979,2025-11-17,12900.0,11,12,False
2568,7157,2024-07-10,7400.0,0,12,False
2569,5969,2024-09-24,84400.0,29,11,True
2570,159,2022-08-26,53000.0,14,11,False
2571,2021,2024-08-31,25700.0,31,11,False
2572,974,2025-01-25,27700.0,40,12,False
2573,2116,2023-08-11,36200.0,39,11,False
2574,407,2025-09-22,11300.0,14,24,False
2575,7099,2025-03-27,20300.0,7,12,False
2576,4717,2025-09-20,21600.0,20,11,False
2577,2842,2025-01-27,25100.0,14,11,False
2578,1418,2023-07-05,29600.0,23,12,False
2579,3537,2025-12-13,19800.0,17,12,False
2580,6819,2023-08-22,15600.0,1,36,False
2581,973,2023-08-11,22400.0,40,11,False
2582,6428,2026-07-15,14600.0,20,11,False
2583,7888,2024-05-10,14600.0,23,11,False
2584,1750,2025-01-08,40000.0,23,36,False
2585,7242,2023-12-25,30500.0,5,11,False
2586,4810,2024-10-10,23700.0,26,11,False
2587,7945,2024-01-22,21400.0,76,12,False
2588,6702,2025-09-07,46500.0,39,36,False
2589,1301,2025-10-17,18100.0,2,36,False
2590,7438,2023-11-29,17500.0,1,11,False
2591,7161,2022-11-15,25800.0,27,11,False
2592,5754,2026-08-12,25900.0,8,11,False
2593,3899,2022-10-05,41700.0,28,11,False
2594,2683,2023-05-02,22000.0,25,11,False
2595,2434,2023-09-17,29300.0,23,36,False
2596,1472,2024-06-27,25900.0,32,24,False
2597,3050,2025-07-25,21500.0,32,11,False
2598,1838,2022-08-31,26600.0,41,12,False
2599,4494,2024-06-18,46800.0,26,11,False
2600,4103,2023-10-03,30200.0,48,11,False
2601,4959,2026-04-21,26700.0,16,24,False
2602,1425,2025-08-31,33400.0,13,24,False
2603,4381,2025-09-01,40200.0,18,12,False
2604,1297,2024-11-25,29800.0,35,11,False
2605,4839,2025-06-03,18800.0,29,36,False
2606,5508,2024-06-02,42500.0,16,24,False
2607,3800,2026-04-17,24500.0,30,24,False
2608,7559,2024-08-04,32900.0,26,11,False
2609,538,2023-03-15,95900.0,28,11,True
2610,3708,2026-07-10,28400.0,7,12,False
2611,6293,2023-11-22,72000.0,36,12,True
2612,3029,2025-03-04,42900.0,20,36,False
2613,2981,2026-04-28,52300.0,29,11,False
2614,5001,2025-04-20,21300.0,40,36,False
2615,3676,2026-07-06,66700.0,25,12,False
2616,2195,2022-08-26,58400.0,5,11,False
2617,7046,2024-11-18,38400.0,31,24,False
2618,4678,2022-09-30,68200.0,23,11,False
2619,5842,2024-04-27,37000.0,0,12,False
2620,3452,2023-12-22,29600.0,32,12,False
2621,957,2026-08-09,54900.0,11,24,False
2622,534,2023-01-27,39600.0,45,11,False
2623,6615,2022-10-15,33200.0,0,11,False
2624,2,2023-03-01,49500.0,17,36,False
2625,378,2025-06-03,34000.0,24,12,False
2626,2391,2022-08-27,67600.0,23,24,False
2627,7132,2026-08-08,26800.0,48,11,False
2628,4099,2022-09-22,58500.0,50,11,False
2629,3124,2023-05-17,43200.0,38,11,False
2630,4754,2024-11-18,23900.0,14,11,False
2631,2417,2023-11-18,38300.0,17,11,False
2632,1560,2024-01-03,20400.0,41,11,False
2633,6072,2026-03-04,41300.0,21,12,False
2634,4580,2023-03-11,12800.0,43,11,False
2635,1684,2024-06-27,33500.0,33,11,False
2636,14,2023-09-10,47000.0,8,11,False
2637,4704,2025-05-15,50200.0,0,12,False
2638,2329,2025-04-28,74800.0,21,11,True
2639,6232,2023-07-25,54800.0,19,11,False
2640,3231,2023-07-12,12400.0,33,11,False
2641,130,2024-08-07,23500.0,17,11,False
2642,3902,2026-01-25,35300.0,22,36,False
2643,5045,2025-09-01,42300.0,27,12,False
2644,3296,2023-05-21,27200.0,5,11,False
2645,3008,2025-10-28,52000.0,28,24,False
2646,4019,2025-07-14,34700.0,0,11,False
2647,2085,2023-01-13,31700.0,16,36,False
2648,28,2023-03-15,49100.0,41,11,False
2649,2159,2025-04-05,9700.0,10,11,False
2650,7484,2024-12-08,30500.0,11,11,False
2651,1280,2023-09-25,20200.0,25,11,False
2652,4460,2026-02-09,45700.0,27,11,False
2653,2091,2024-03-28,33600.0,30,24,False
2654,5691,2023-05-16,38600.0,11,11,False
2655,5666,2024-06-23,48500.0,29,24,False
2656,4660,2023-09-09,39000.0,44,11,False
2657,4117,2024-11-02,13900.0,28,11,False
2658,4500,2025-12-29,70400.0,23,11,False
2659,7214,2024-02-26,23200.0,25,36,False
2660,3457,2023-05-14,40400.0,35,12,False
2661,6567,2025-04-21,39200.0,20,11,False
2662,3550,2023-01-29,27400.0,26,11,False
2663,3153,2022-11-02,39500.0,66,11,False
2664,3866,2024-02-02,46200.0,12,24,False
2665,639,2023-07-12,27700.0,11,11,False
2666,272,2023-05-28,40200.0,27,11,False
2667,2697,2025-06-29,33800.0,15,12,False
2668,2037,2024-01-13,29800.0,27,12,False
2669,5848,2023-10-21,16400.0,12,11,False
2670,6022,2026-06-14,20100.0,17,36,False
2671,2958,2023-09-03,35600.0,57,11,False
2672,5069,2025-08-29,32700.0,31,12,False
2673,3515,2026-07-17,34800.0,3,11,False
2674,1308,2025-10-29,17600.0,51,11,False
2675,6408,2025-12-05,63800.0,30,11,False
2676,7599,2025-02-19,47400.0,0,12,False
2677,6020,2024-12-21,59200.0,15,11,False
2678,5926,2023-12-06,23600.0,24,12,False
2679,7269,2022-12-12,46100.0,20,11,False
2680,6799,2025-04-18,94900.0,22,11,True
2681,2412,2026-04-29,59900.0,28,12,False
2682,584,2024-01-04,28200.0,9,12,False
2683,7181,2024-01-24,44300.0,9,36,False
2684,6226,2025-08-28,23700.0,0,36,False
2685,1336,2023-07-07,55700.0,26,11,False
2686,3270,2024-06-12,23900.0,10,24,False
2687,3254,2022-10-04,29600.0,16,11,False
2688,6179,2025-09-10,23500.0,23,24,False
2689,2795,2023-03-06,30100.0,31,11,False
2690,6245,2023-05-19,25100.0,19,11,False
2691,7525,2026-01-05,73600.0,14,11,True
2692,2262,2024-04-18,69500.0,38,11,False
2693,2403,2023-06-07,59500.0,40,11,False
2694,3652,2024-05-27,36800.0,6,36,False
2695,1693,2024-03-04,44900.0,23,24,False
2696,1614,2026-08-16,25700.0,40,24,False
2697,6068,2023-03-13,20900.0,26,11,False
2698,2252,2022-12-24,16600.0,41,11,False
2699,1421,2023-11-26,45500.0,22,11,False
2700,1781,2024-07-14,32900.0,37,11,False
2701,1969,2026-06-27,28000.0,37,12,False
2702,629,2025-07-05,29700.0,11,24,False
2703,1302,2025-09-07,27600.0,8,12,False
2704,974,2025-08-15,30000.0,42,11,False
2705,1983,2025-09-04,42200.0,29,36,False
2706,4045,2023-08-30,19500.0,32,11,False
2707,2433,2023-01-15,65000.0,12,12,False
2708,7970,2025-08-24,24900.0,33,11,False
2709,986,2022-09-30,12300.0,16,11,False
2710,6797,2023-08-31,39900.0,16,24,False
2711,1347,2023-02-09,33700.0,15,24,False
2712,1067,2026-07-15,38800.0,17,36,False
2713,284,2025-04-02,31300.0,26,11,False
2714,2908,2024-03-15,43200.0,40,12,False
2715,7322,2022-09-09,50600.0,30,36,False
2716,6393,2025-02-12,32600.0,15,11,False
2717,1084,2022-11-14,49800.0,28,11,False
2718,4393,2024-12-01,22900.0,32,12,False
2719,2588,2022-12-20,28800.0,5,24,False
2720,3917,2025-12-17,53400.0,53,24,False
2721,5293,2023-08-06,41100.0,42,11,False
2722,7132,2025-10-17,26400.0,14,11,False
2723,5398,2023-07-29,34900.0,47,24,False
2724,1029,2025-02-08,37400.0,0,11,False
2725,6981,2023-12-23,34700.0,0,12,False
2726,1257,2022-12-05,29200.0,31,24,False
2727,1058,2025-08-12,49800.0,35,11,False
2728,4690,2026-05-25,42800.0,58,36,False
2729,278,2023-11-17,21100.0,21,11,False
2730,2801,2022-10-06,18900.0,57,11,False
2731,2340,2023-12-15,34000.0,20,12,False
2732,1267,2025-02-04,22300.0,33,11,False
2733,5491,2024-12-29,19900.0,4,11,False
2734,126,2023-03-16,29600.0,29,11,False
2735,4159,2025-12-01,52500.0,20,11,False
2736,4413,2026-04-16,21000.0,35,11,False
2737,7629,2025-06-13,22200.0,21,11,False
2738,3959,2024-04-22,36400.0,45,12,False
2739,1236,2023-07-18,48700.0,40,12,False
2740,7360,2025-11-06,29900.0,22,12,False
2741,5462,2026-06-04,25700.0,51,11,False
2742,7505,2026-06-11,51700.0,20,11,False
2743,6781,2023-06-30,41100.0,24,24,False
2744,6710,2025-10-04,15700.0,13,24,False
2745,3329,2025-12-11,49200.0,27,11,False
2746,936,2024-10-03,35100.0,6,36,False
2747,7753,2024-11-09,75100.0,13,11,True
2748,5534,2026-06-18,53700.0,44,11,False
2749,4014,2023-11-13,30200.0,0,36,False
2750,6427,2024-01-04,23500.0,27,36,False
2751,6666,2026-05-18,19600.0,20,11,False
2752,5881,2025-04-06,30200.0,15,12,False
2753,4507,2025-03-26,21900.0,9,11,False
2754,5576,2022-11-11,29700.0,12,12,False
2755,2013,2024-02-10,28200.0,15,11,False
2756,2856,2025-11-24,28100.0,30,12,False
2757,909,2024-03-27,31000.0,2,24,False
2758,4574,2024-02-06,31200.0,7,12,False
2759,7329,2026-01-26,56100.0,34,11,False
2760,2077,2023-03-19,25000.0,52,12,False
2761,1395,2023-05-03,56000.0,46,12,False
2762,129,2025-07-10,42800.0,9,36,False
2763,1036,2023-01-23,34900.0,32,11,False
2764,1840,2023-08-28,22200.0,28,11,False
2765,6959,2024-07-08,30500.0,12,12,False
2766,7675,2025-09-13,46800.0,30,12,False
2767,5599,2024-05-26,34000.0,14,11,False
2768,4718,2024-07-01,37400.0,39,12,False
2769,1553,2025-01-21,37400.0,38,11,False
2770,4275,2022-11-21,61100.0,12,24,False
2771,1226,2025-07-04,35200.0,4,11,False
2772,3964,2023-10-21,49300.0,20,12,False
2773,7514,2022-09-24,22900.0,19,11,False
2774,6591,2023-10-10,9600.0,19,11,False
2775,5355,2023-09-02,40700.0,18,36,False
2776,7539,2026-03-20,45300.0,40,12,False
2777,2528,2024-09-19,14000.0,21,24,False
2778,6216,2025-06-18,19600.0,32,12,False
2779,3569,2025-03-22,47500.0,27,12,False
2780,6388,2023-08-18,19200.0,44,12,False
2781,4143,2026-03-01,22400.0,21,24,False
2782,7466,2024-02-15,36900.0,0,11,False
2783,7864,2026-04-18,31000.0,7,11,False
2784,3805,2022-12-21,40000.0,28,11,False
2785,305,2022-10-14,50800.0,16,11,False
2786,7037,2025-03-31,36300.0,37,11,False
2787,4044,2023-04-06,43200.0,22,11,False
2788,4789,2026-07-23,44500.0,59,24,False
2789,1005,2024-07-26,62400.0,5,36,False
2790,1905,2023-02-09,57500.0,51,11,False
2791,4544,2025-03-15,34100.0,51,11,False
2792,5021,2023-12-01,39700.0,19,11,False
2793,6210,2024-04-07,47400.0,22,36,False
2794,7095,2025-05-14,33500.0,27,11,False
2795,3144,2023-02-03,19200.0,31,12,False
2796,7468,2025-04-29,51900.0,26,11,False
2797,5527,2024-07-03,24500.0,30,24,False
2798,6222,2023-02-20,24000.0,14,11,False
2799,5897,2026-03-31,15600.0,23,24,False
2800,3199,2026-06-22,27400.0,74,11,False
2801,1358,2025-11-13,28400.0,0,24,False
2802,5303,2026-04-10,33100.0,38,24,False
2803,2460,2023-06-28,49400.0,0,24,False
2804,3758,2023-04-13,21300.0,39,12,False
2805,3372,2023-01-29,48900.0,23,11,False
2806,4127,2024-05-05,23400.0,41,12,False
2807,5220,2025-05-17,48400.0,11,12,False
2808,716,2022-12-19,46000.0,31,36,False
2809,583,2022-11-06,18200.0,2,11,False
2810,5827,2024-08-24,44300.0,50,11,False
2811,3312,2023-07-19,24300.0,8,12,False
2812,5324,2025-02-08,63700.0,18,24,False
2813,4891,2023-04-05,41800.0,27,12,False
2814,7075,2025-01-03,35900.0,15,24,False
2815,2690,2023-08-14,32900.0,42,11,False
2816,3917,2024-11-25,57000.0,13,11,False
2817,6877,2022-12-08,31000.0,6,12,False
2818,3310,2023-12-03,51600.0,23,11,False
2819,496,2023-07-04,24700.0,24,12,False
2820,7268,2024-06-22,22500.0,11,12,False
2821,1378,2025-09-29,37000.0,35,11,False
2822,3767,2023-02-02,71500.0,35,11,True
2823,7704,2022-09-28,33600.0,15,11,False
2824,3249,2023-03-08,18900.0,9,36,False
2825,4694,2024-09-08,33300.0,11,11,False
2826,1705,2024-06-09,35800.0,38,24,False
2827,1674,2022-08-21,46800.0,7,11,False
2828,4208,2025-03-17,24000.0,33,11,False
2829,7779,2024-01-07,43100.0,26,12,False
2830,3637,2025-01-05,16600.0,0,12,False
2831,7920,2025-02-08,18900.0,13,12,False
2832,6679,2025-07-20,16300.0,38,11,False
2833,1021,2024-02-16,35900.0,0,11,False
2834,7602,2023-06-03,45800.0,40,11,False
2835,866,2023-08-26,85600.0,24,11,True
2836,1419,2023-11-27,45700.0,25,36,False
2837,5571,2022-09-04,25600.0,0,11,False
2838,3798,2026-08-02,33400.0,50,36,False
2839,1398,2022-08-28,36100.0,11,11,False
2840,837,2025-09-26,34000.0,37,11,False
2841,459,2024-02-22,31000.0,25,11,False
2842,1660,2025-11-10,28800.0,16,11,False
2843,2834,2023-08-11,20700.0,50,24,False
2844,3813,2024-08-11,24500.0,36,11,False
2845,7386,2025-01-31,38600.0,37,11,False
2846,3223,2026-03-07,35900.0,55,12,False
2847,4183,2025-08-12,31400.0,11,11,False
2848,4914,2023-11-15,48500.0,35,11,False
2849,2239,2024-01-07,43800.0,56,11,False
2850,934,2022-11-08,51100.0,30,11,False
2851,4079,2025-01-04,31600.0,31,11,False
2852,2941,2024-08-23,23600.0,42,24,False
2853,6893,2024-06-11,20600.0,61,12,False
2854,5715,2024-03-21,20700.0,20,11,False
2855,1471,2023-08-02,37700.0,49,12,False
2856,4504,2025-10-01,51400.0,39,36,False
2857,748,2023-09-21,55600.0,61,24,False
2858,3652,2025-01-19,37000.0,0,11,False
2859,6571,2025-07-05,48500.0,25,11,False
2860,6186,2023-06-16,13600.0,10,36,False
2861,6376,2024-04-07,52300.0,44,11,False
2862,6233,2025-05-23,47700.0,30,11,False
2863,3420,2025-05-08,48000.0,46,36,False
2864,7162,2023-10-28,18900.0,2,24,False
2865,3087,2022-11-28,22600.0,7,24,False
2866,7950,2025-06-23,37400.0,27,11,False
2867,7271,2023-03-21,33100.0,37,11,False
2868,2956,2025-10-15,32700.0,13,24,False
2869,979,2024-10-19,11800.0,12,11,False
2870,3060,2023-01-07,50500.0,37,36,False
2871,3939,2022-12-08,54700.0,42,12,False
2872,1049,2023-08-10,24100.0,15,11,False
2873,6359,2024-10-30,26100.0,0,24,False
2874,3956,2023-03-01,52700.0,5,11,False
2875,6609,2023-04-29,31900.0,0,12,False
2876,2928,2022-10-29,48200.0,49,12,False
2877,5692,2025-08-20,38500.0,43,11,False
2878,2556,2023-01-13,40400.0,31,11,False
2879,1991,2023-08-12,22600.0,23,12,False
2880,6917,2024-02-19,76600.0,2,12,True
2881,7542,2023-01-13,23700.0,7,11,False
2882,1205,2023-11-16,30200.0,11,11,False
2883,4868,2023-03-25,48100.0,32,11,False
2884,12,2023-01-10,31500.0,17,36,False
2885,5370,2024-10-10,47100.0,39,11,False
2886,4503,2024-10-27,72900.0,37,12,True
2887,3447,2024-01-30,28000.0,46,24,False
2888,3094,2023-07-30,34500.0,25,11,False
2889,3454,2022-10-05,15900.0,25,12,False
2890,5984,2024-10-31,30500.0,18,11,False
2891,2894,2023-06-03,37700.0,37,12,False
2892,43,2025-07-23,30300.0,34,12,False
2893,961,2026-02-27,54800.0,30,12,False
2894,2442,2025-04-27,50800.0,5,12,False
2895,5566,2024-09-22,48100.0,28,24,False
2896,2601,2025-07-12,48400.0,18,24,False
2897,2463,2025-03-07,28400.0,35,36,False
2898,5098,2023-07-10,33900.0,12,36,False
2899,6710,2025-12-30,15900.0,23,12,False
2900,1025,2023-08-02,24600.0,25,11,False
2901,21,2024-11-22,34200.0,0,36,False
2902,410,2025-04-21,57900.0,14,12,False
2903,6907,2022-12-23,39800.0,24,12,False
2904,1036,2026-05-22,35400.0,44,11,False
2905,4535,2024-07-19,76700.0,50,24,True
2906,1880,2023-08-13,18000.0,34,12,False
2907,3266,2024-02-26,25600.0,46,11,False
2908,5360,2022-09-07,31600.0,0,11,False
2909,6681,2025-08-18,29700.0,41,11,False
2910,7087,2025-01-01,31900.0,23,12,False
2911,6048,2023-11-10,18700.0,23,12,False
2912,727,2024-07-30,17100.0,9,24,False
2913,4240,2024-07-24,20000.0,39,12,False
2914,3945,2022-10-26,22100.0,28,11,False
2915,4523,2022-09-22,32800.0,35,36,False
2916,4995,2023-02-25,27200.0,60,11,False
2917,141,2023-08-30,42600.0,32,36,False
2918,4670,2025-07-02,20100.0,44,11,False
2919,4993,2025-10-03,17300.0,47,24,False
2920,6046,2026-07-02,36700.0,49,24,False
2921,5574,2026-04-15,50100.0,6,12,False
2922,6139,2024-06-17,14200.0,29,11,False
2923,981,2024-05-14,20600.0,23,11,False
2924,7305,2023-09-17,45300.0,5,11,False
2925,376,2024-02-04,29200.0,27,11,False
2926,3720,2025-10-23,39400.0,37,11,False
2927,2597,2025-10-23,49100.0,29,11,False
2928,3695,2025-04-26,28700.0,56,11,False
2929,1730,2025-12-26,34900.0,16,11,False
2930,7045,2023-12-01,30400.0,0,36,False
2931,5393,2023-05-10,10000.0,25,12,False
2932,6571,2024-06-20,49600.0,0,12,False
2933,5891,2024-09-30,64100.0,18,11,False
2934,7465,2022-12-16,17100.0,44,11,False
2935,106,2023-01-27,43100.0,29,24,False
2936,5662,2025-10-04,38400.0,39,24,False
2937,6960,2025-08-24,51900.0,41,11,False
2938,1719,2025-02-14,25600.0,13,11,False
2939,4191,2025-10-29,49000.0,55,11,False
2940,4110,2023-11-07,31500.0,28,11,False
2941,2694,2023-09-03,29100.0,23,24,False
2942,6933,2024-02-01,18500.0,48,24,False
2943,2185,2025-01-20,40100.0,13,24,False
2944,3499,2023-03-15,18900.0,59,11,False
2945,4549,2024-03-19,28400.0,36,11,False
2946,3614,2023-12-27,22200.0,27,24,False
2947,1314,2025-12-03,29900.0,23,12,False
2948,7674,2025-01-12,43300.0,4,36,False
2949,3255,2024-06-12,29600.0,38,11,False
2950,7912,2024-08-17,47900.0,44,11,False
2951,5273,2023-07-31,59000.0,39,11,False
2952,7204,2024-06-01,23400.0,39,11,False
2953,6435,2025-05-15,44100.0,15,36,False
2954,3739,2023-02-05,34700.0,9,24,False
2955,7255,2025-08-27,42700.0,51,11,False
2956,2411,2024-08-20,43500.0,38,11,False
2957,7563,2024-04-17,38500.0,0,11,False
2958,448,2023-03-14,41300.0,4,11,False
2959,6578,2024-05-02,27500.0,2,12,False
2960,5160,2024-12-21,62600.0,49,24,False
2961,36,2024-03-27,68000.0,45,24,False
2962,5318,2023-03-04,16800.0,32,36,False
2963,1508,2024-03-28,30700.0,12,11,False
2964,4049,2025-12-13,18500.0,18,12,False
2965,1839,2026-04-30,31700.0,36,36,False
2966,1887,2024-05-24,63200.0,13,11,False
2967,1439,2023-07-05,36900.0,48,12,False
2968,5410,2022-09-25,31200.0,12,11,False
2969,5618,2024-02-02,45900.0,7,12,False
2970,1746,2023-06-19,25600.0,34,12,False
2971,5604,2023-01-10,13900.0,24,12,False
2972,6847,2024-10-23,23700.0,32,24,False
2973,3008,2026-01-15,51500.0,23,12,False
2974,6416,2024-07-18,13700.0,11,36,False
2975,7182,2023-10-12,43900.0,10,12,False
2976,7439,2026-08-09,43300.0,30,12,False
2977,1329,2023-04-19,29900.0,28,11,False
2978,7018,2023-03-12,30600.0,51,11,False
2979,1271,2025-05-20,15500.0,23,11,False
2980,4069,2026-05-06,32400.0,0,36,False
2981,3170,2025-09-05,21700.0,35,12,False
2982,4722,2023-10-15,20500.0,1,36,False
2983,6027,2024-02-27,19900.0,18,11,False
2984,10,2022-11-28,51300.0,20,12,False
2985,5193,2023-10-28,92900.0,38,11,True
2986,2478,2024-03-13,35100.0,23,11,False
2987,5876,2024-02-28,41900.0,71,11,False
2988,1698,2024-08-11,28000.0,18,24,False
2989,6972,2023-06-15,56300.0,17,12,False
2990,2689,2023-07-05,66500.0,2,11,False
2991,6428,2023-10-27,14300.0,45,11,False
2992,4923,2025-05-09,21900.0,0,12,False
2993,1098,2022-12-02,43100.0,35,11,False
2994,3305,2024-06-17,34500.0,20,11,False
2995,5066,2025-10-01,55800.0,1,12,False
2996,1347,2025-05-15,36000.0,30,11,False
2997,5822,2023-05-01,27500.0,9,12,False
2998,4239,2025-04-26,41600.0,41,12,False
2999,6953,2024-02-18,41200.0,48,12,False
3000,6818,2023-10-25,23800.0,19,12,False
3001,3769,2023-07-17,51900.0,17,11,False
3002,7381,2025-01-14,23400.0,21,11,False
3003,7488,2026-08-05,13600.0,21,12,False
3004,3353,2025-07-31,27600.0,15,24,False
3005,7152,2023-06-18,28800.0,39,12,False
3006,146,2026-04-29,33200.0,30,12,False
3007,5122,2023-09-06,56600.0,0,11,False
3008,3112,2022-09-28,40900.0,12,11,False
3009,1494,2023-08-20,35700.0,0,12,False
3010,6520,2023-11-20,30100.0,8,11,False
3011,4782,2024-10-14,32300.0,23,11,False
3012,6977,2024-11-23,48700.0,23,11,False
3013,1620,2025-01-02,36700.0,15,12,False
3014,490,2026-03-30,57100.0,25,11,False
3015,3255,2026-05-05,29500.0,4,24,False
3016,1277,2023-07-02,38300.0,33,12,False
3017,4876,2024-11-02,23700.0,20,11,False
3018,640,2025-10-01,40600.0,27,24,False
3019,6950,2023-07-23,52500.0,25,11,False
3020,672,2022-09-30,30300.0,17,11,False
3021,3587,2024-10-18,22500.0,29,11,False
3022,2916,2024-07-30,46500.0,14,11,False
3023,7983,2025-01-17,33800.0,34,12,False
3024,2520,2025-03-13,51800.0,44,12,False
3025,1006,2024-03-28,26300.0,14,11,False
3026,7780,2023-07-17,42900.0,5,11,False
3027,7481,2026-01-02,23300.0,14,24,False
3028,1581,2025-09-11,66200.0,15,11,False
3029,660,2024-12-09,29700.0,4,11,False
3030,986,2023-05-11,11800.0,7,11,False
3031,2695,2026-06-11,16400.0,17,11,False
3032,1127,2025-10-01,25800.0,5,11,False
3033,6795,2025-06-17,32500.0,9,24,False
3034,444,2026-06-05,10000.0,30,11,False
3035,7576,2023-02-01,13900.0,32,12,False
3036,5128,2025-03-17,28000.0,40,11,False
3037,783,2024-07-25,32300.0,21,24,False
3038,1374,2022-11-12,42200.0,23,12,False
3039,6047,2023-12-14,38900.0,11,11,False
3040,4462,2023-07-11,35100.0,27,11,False
3041,7923,2022-11-22,61800.0,14,11,False
3042,3817,2026-04-07,53900.0,29,12,False
3043,3997,2022-10-31,29500.0,10,11,False
3044,1612,2025-08-09,69000.0,0,36,False
3045,7697,2025-05-17,52700.0,50,11,False
3046,6925,2024-12-12,26700.0,23,36,False
3047,7488,2022-12-17,12900.0,22,11,False
3048,4102,2024-06-09,13800.0,39,11,False
3049,6742,2023-02-23,48700.0,34,36,False
3050,5209,2023-04-06,40500.0,0,12,False
3051,3434,2024-07-21,14100.0,55,36,False
3052,4903,2024-09-15,25300.0,19,11,False
3053,2400,2022-09-18,31500.0,6,11,False
3054,3687,2024-10-11,41100.0,3,11,False
3055,5822,2024-06-02,28600.0,15,12,False
3056,1269,2024-12-19,55500.0,38,11,False
3057,1153,2026-08-03,23900.0,21,11,False
3058,2658,2024-03-27,33100.0,22,12,False
3059,6568,2022-11-06,28500.0,38,11,False
3060,1218,2025-12-10,74000.0,30,11,True
3061,6909,2023-12-21,18000.0,48,11,False
3062,5216,2024-06-04,36000.0,5,12,False
3063,4225,2025-01-31,27400.0,31,11,False
3064,4947,2025-10-17,93500.0,13,12,True
3065,5985,2025-07-17,36200.0,28,11,False
3066,4552,2025-04-04,76500.0,7,12,True
3067,6145,2025-12-18,23600.0,8,12,False
3068,73,2024-07-16,54700.0,39,11,False
3069,6937,2023-10-10,57200.0,20,36,False
3070,5594,2025-02-02,48600.0,34,11,False
3071,1958,2025-02-17,35800.0,1,11,False
3072,5304,2022-11-11,29600.0,32,24,False
3073,2526,2023-04-12,18600.0,23,11,False
3074,3118,2026-02-08,17200.0,53,12,False
3075,720,2023-01-22,24000.0,42,12,False
3076,1845,2023-02-17,19000.0,37,24,False
3077,6849,2023-10-01,31100.0,8,24,False
3078,7123,2026-01-18,20700.0,31,11,False
3079,3799,2025-10-17,37700.0,24,12,False
3080,5164,2026-08-02,40500.0,39,11,False
3081,2621,2024-01-22,32200.0,36,12,False
3082,2529,2025-08-01,46800.0,54,24,False
3083,3695,2024-11-04,29700.0,19,11,False
3084,4355,2024-10-08,42600.0,29,11,False
3085,6425,2023-01-16,36600.0,41,11,False
3086,2887,2026-05-25,42800.0,25,12,False
3087,7551,2026-07-04,9200.0,22,36,False
3088,1774,2024-05-13,47200.0,26,12,False
3089,1621,2024-08-08,52200.0,28,11,False
3090,67,2025-02-28,27700.0,17,11,False
3091,3133,2025-05-16,18000.0,23,11,False
3092,2482,2026-06-19,19100.0,48,24,False
3093,4247,2025-06-17,65900.0,25,24,False
3094,7581,2024-04-04,37700.0,26,12,False
3095,344,2023-08-10,37100.0,9,12,False
3096,5367,2026-08-09,68300.0,42,11,False
3097,2836,2023-06-08,13100.0,32,24,False
3098,5410,2023-01-04,32200.0,20,12,False
3099,2880,2025-01-07,18600.0,3,11,False
3100,2720,2026-07-23,52400.0,41,24,False
3101,1260,2024-02-06,24600.0,19,12,False
3102,3965,2024-01-16,30600.0,53,11,False
3103,2453,2025-11-27,38600.0,27,12,False
3104,1527,2025-08-12,46200.0,23,12,False
3105,6042,2025-08-24,64100.0,46,11,False
3106,4307,2023-01-18,26900.0,34,24,False
3107,7586,2025-01-07,17800.0,35,24,False
3108,672,2025-01-25,28800.0,45,24,False
3109,3974,2023-07-04,33900.0,50,11,False
3110,5684,2026-04-16,46000.0,17,11,False
3111,3704,2024-08-29,46800.0,25,24,False
3112,6736,2022-12-27,43700.0,18,11,False
3113,1910,2025-12-28,39600.0,44,11,False
3114,7802,2023-06-24,50700.0,25,11,False
3115,2385,2026-01-17,43400.0,18,36,False
3116,3457,2025-06-23,42700.0,40,11,False
3117,1038,2025-03-24,20700.0,37,11,False
3118,4510,2026-03-07,14800.0,46,24,False
3119,208,2022-11-06,20100.0,36,11,False
3120,2724,2024-10-02,34800.0,30,24,False
3121,2548,2026-06-04,19200.0,31,36,False
3122,6960,2025-06-04,52000.0,40,12,False
3123,642,2023-02-02,52900.0,16,11,False
3124,2147,2023-06-18,43800.0,60,11,False
3125,3030,2025-12-04,36500.0,28,24,False
3126,3155,2024-08-18,18300.0,0,36,False
3127,4859,2024-05-03,18100.0,23,11,False
3128,5642,2024-08-10,18500.0,30,12,False
3129,1975,2023-05-22,30800.0,25,12,False
3130,3805,2025-05-14,41500.0,6,12,False
3131,7277,2023-04-27,21300.0,31,24,False
3132,2619,2024-03-10,22000.0,29,12,False
3133,1717,2025-11-04,35500.0,20,24,False
3134,7868,2025-05-25,51200.0,49,36,False
3135,238,2024-04-26,16100.0,15,11,False
3136,7602,2023-02-12,50400.0,33,12,False
3137,4547,2025-12-25,62800.0,21,24,False
3138,6915,2022-12-10,36500.0,7,11,False
3139,7425,2025-02-01,20800.0,39,11,False
3140,4832,2024-09-27,33800.0,29,11,False
3141,1575,2023-09-15,20200.0,40,12,False
3142,6226,2022-10-12,24000.0,36,11,False
3143,4035,2026-01-09,32800.0,41,11,False
3144,5488,2023-11-16,26800.0,32,11,False
3145,367,2025-01-15,26600.0,42,12,False
3146,2420,2022-11-10,21500.0,20,11,False
3147,7961,2024-07-15,29400.0,54,11,False
3148,288,2023-04-15,54800.0,19,11,False
3149,149,2024-01-23,41000.0,34,36,False
3150,5318,2023-10-26,16200.0,4,12,False
3151,4131,2024-09-11,37400.0,1,12,False
3152,6688,2023-12-19,21900.0,20,11,False
3153,7275,2023-07-14,31000.0,29,11,False
3154,4656,2025-05-31,29000.0,31,24,False
3155,1805,2026-04-01,47500.0,37,11,False
3156,5007,2025-11-30,28600.0,13,12,False
3157,5398,2023-07-28,33000.0,23,11,False
3158,1033,2025-01-09,33900.0,24,36,False
3159,2895,2024-12-23,34900.0,21,11,False
3160,2562,2025-09-01,21800.0,23,11,False
3161,7876,2023-02-16,46300.0,35,12,False
3162,1558,2024-07-23,52400.0,11,11,False
3163,2848,2023-09-30,29600.0,36,24,False
3164,2613,2025-07-25,40600.0,66,11,False
3165,3812,2025-01-18,43000.0,48,12,False
3166,4681,2023-04-02,38000.0,17,11,False
3167,5906,2026-04-11,45700.0,36,12,False
3168,6388,2025-09-28,19700.0,53,36,False
3169,7042,2026-03-15,30200.0,22,12,False
3170,1637,2023-01-21,48800.0,38,11,False
3171,2460,2025-11-13,50000.0,43,12,False
3172,343,2022-11-29,40800.0,11,11,False
3173,2880,2025-01-12,19700.0,24,11,False
3174,6234,2025-08-04,10800.0,44,12,False
3175,7055,2023-12-04,28700.0,11,11,False
3176,7266,2026-02-26,53200.0,21,11,False
3177,2551,2022-11-25,47300.0,7,11,False
3178,6087,2025-08-03,26000.0,28,11,False
3179,5042,2026-07-23,37200.0,22,24,False
3180,5418,2026-06-06,20000.0,13,11,False
3181,1763,2023-08-26,23200.0,47,24,False
3182,7731,2024-08-10,55100.0,24,11,False
3183,1727,2024-04-26,69200.0,18,24,False
3184,3347,2023-05-09,32600.0,32,24,False
3185,7791,2026-05-17,44500.0,52,12,False
3186,4510,2025-11-28,15400.0,39,11,False
3187,263,2026-08-07,35300.0,17,11,False
3188,1473,2025-06-17,44100.0,18,11,False
3189,409,2024-04-03,38100.0,24,11,False
3190,2239,2022-10-13,41900.0,57,12,False
3191,4541,2025-06-02,33300.0,32,12,False
3192,5556,2024-03-19,36400.0,36,11,False
3193,7422,2024-12-01,13400.0,54,11,False
3194,245,2023-09-05,21800.0,41,11,False
3195,4690,2023-09-01,42400.0,34,12,False
3196,4201,2025-12-07,17900.0,48,12,False
3197,7561,2025-07-11,34400.0,33,36,False
3198,569,2024-11-07,19800.0,7,11,False
3199,4231,2023-11-28,49300.0,42,12,False
3200,2786,2023-01-04,22500.0,12,12,False
3201,603,2024-03-11,23700.0,38,36,False
3202,5671,2025-09-26,27300.0,0,24,False
3203,1868,2025-01-17,33000.0,18,11,False
3204,3309,2022-09-01,24300.0,30,11,False
3205,3368,2025-09-20,41900.0,8,24,False
3206,4167,2024-07-07,51000.0,14,24,False
3207,5913,2024-03-26,14800.0,13,11,False
3208,7787,2025-04-12,12400.0,35,12,False
3209,134,2023-12-26,15800.0,10,11,False
3210,3213,2026-06-19,25200.0,41,12,False
3211,4010,2022-10-26,40200.0,36,11,False
3212,7328,2024-12-24,46600.0,24,11,False
3213,5156,2025-06-01,33800.0,22,11,False
3214,7852,2023-11-09,27900.0,0,12,False
3215,73,2026-02-28,52800.0,23,12,False
3216,4598,2024-12-13,46700.0,97,12,False
3217,5647,2024-06-29,51400.0,41,36,False
3218,6866,2025-02-24,23500.0,18,36,False
3219,7154,2026-04-17,23200.0,29,12,False
3220,4321,2022-10-05,66800.0,28,11,False
3221,3049,2026-07-29,22900.0,29,12,False
3222,7791,2025-01-29,44400.0,3,11,False
3223,7527,2026-02-05,44700.0,11,12,False
3224,6032,2025-06-11,32100.0,25,12,False
3225,6224,2024-06-23,24500.0,33,11,False
3226,4465,2025-03-06,24700.0,43,36,False
3227,5779,2026-03-15,29700.0,39,11,False
3228,2029,2023-12-13,54200.0,26,36,False
3229,807,2026-06-01,62100.0,37,11,False
3230,6533,2026-05-03,17400.0,25,12,False
3231,7117,2024-04-22,27400.0,54,24,False
3232,5529,2024-08-31,41400.0,10,24,False
3233,4359,2022-11-25,42100.0,16,11,False
3234,95,2023-06-17,36600.0,23,11,False
3235,6026,2026-06-26,48500.0,17,12,False
3236,7128,2024-07-07,24800.0,31,11,False
3237,1161,2026-05-16,27600.0,22,24,False
3238,6617,2024-06-11,8400.0,23,11,False
3239,5029,2024-07-18,23200.0,45,12,False
3240,239,2023-03-06,56000.0,15,11,False
3241,6663,2024-07-19,29400.0,16,24,False
3242,7761,2023-07-16,49800.0,43,12,False
3243,3016,2023-10-23,59600.0,8,11,False
3244,2586,2022-09-05,35900.0,34,11,False
3245,2004,2026-04-24,8900.0,27,11,False
3246,7197,2023-11-09,35000.0,38,24,False
3247,1072,2025-03-27,23600.0,19,11,False
3248,5896,2025-03-21,47100.0,0,36,False
3249,7438,2025-07-28,17400.0,11,24,False
3250,2585,2026-05-31,21300.0,8,12,False
3251,7716,2023-01-04,26900.0,61,11,False
3252,3035,2025-02-06,68700.0,4,24,False
3253,7291,2026-02-25,29700.0,24,11,False
3254,981,2025-12-28,21300.0,11,11,False
3255,545,2023-07-21,34200.0,30,12,False
3256,7400,2025-11-14,39300.0,11,36,False
3257,5822,2024-04-12,28200.0,32,12,False
3258,7494,2026-04-13,45200.0,16,12,False
3259,6202,2023-05-17,38100.0,8,12,False
3260,7333,2023-07-28,31100.0,15,12,False
3261,4319,2023-11-19,22300.0,14,11,False
3262,3765,2026-03-29,27000.0,18,12,False
3263,4281,2023-01-04,41900.0,12,24,False
3264,3811,2024-10-23,30700.0,19,24,False
3265,551,2025-03-24,39400.0,23,11,False
3266,861,2023-11-15,32600.0,43,11,False
3267,3688,2023-09-16,47800.0,15,24,False
3268,5901,2023-10-27,19900.0,28,11,False
3269,3108,2026-07-10,52300.0,0,24,False
3270,6072,2026-02-14,38600.0,32,11,False
3271,2549,2023-09-19,50600.0,13,36,False
3272,4589,2025-04-23,32800.0,17,11,False
3273,2780,2025-04-22,34500.0,0,11,False
3274,1926,2023-04-06,39400.0,32,12,False
3275,4232,2023-10-02,60400.0,23,11,False
3276,4453,2025-11-13,39300.0,30,12,False
3277,3279,2025-08-25,49200.0,20,12,False
3278,5294,2022-08-30,49300.0,19,12,False
3279,2770,2025-01-13,27900.0,2,11,False
3280,6752,2024-05-22,51900.0,10,11,False
3281,6567,2024-01-14,40100.0,43,11,False
3282,7308,2026-03-18,35900.0,15,11,False
3283,5759,2022-12-30,23700.0,36,24,False
3284,7792,2025-04-22,33500.0,31,36,False
3285,1997,2024-09-10,32100.0,31,12,False
3286,7072,2025-04-06,18700.0,10,24,False
3287,6626,2026-07-21,41700.0,0,36,False
3288,4844,2024-04-19,36600.0,11,12,False
3289,6664,2023-09-24,45200.0,23,11,False
3290,3941,2025-01-31,13800.0,1,12,False
3291,702,2024-12-08,22300.0,0,11,False
3292,5493,2023-01-17,42900.0,7,11,False
3293,1994,2024-08-12,29400.0,0,12,False
3294,5290,2023-05-28,29100.0,28,24,False
3295,5705,2024-10-15,47700.0,17,11,False
3296,461,2025-06-17,31400.0,17,24,False
3297,5192,2026-03-22,52100.0,0,11,False
3298,2178,2024-07-02,47500.0,13,12,False
3299,4069,2023-11-30,30500.0,0,36,False
3300,5334,2025-12-15,11400.0,40,11,False
3301,4341,2023-03-04,22900.0,30,11,False
3302,5569,2025-12-27,25500.0,14,11,False
3303,1207,2026-08-05,35600.0,29,12,False
3304,4385,2025-05-15,45600.0,21,12,False
3305,3649,2025-02-16,44900.0,21,24,False
3306,900,2024-09-01,17300.0,9,11,False
3307,6543,2025-12-06,30300.0,21,11,False
3308,7401,2024-03-05,22800.0,41,12,False
3309,403,2022-12-09,23100.0,42,11,False
3310,7058,2026-03-29,48400.0,23,12,False
3311,618,2025-10-02,22800.0,42,11,False
3312,7582,2022-09-28,29400.0,39,12,False
3313,6016,2023-06-07,12200.0,28,12,False
3314,1675,2024-03-02,20500.0,28,11,False
3315,5794,2025-02-05,21600.0,67,11,False
3316,7079,2023-05-11,63200.0,35,12,False
3317,2196,2024-12-11,30900.0,48,36,False
3318,1413,2026-08-05,31700.0,17,36,False
3319,1434,2022-10-10,15500.0,22,11,False
3320,835,2026-06-17,36500.0,31,11,False
3321,3373,2023-08-08,42900.0,0,36,False
3322,835,2024-02-29,33700.0,32,12,False
3323,423,2024-02-28,37700.0,10,12,False
3324,4315,2024-12-18,40300.0,31,24,False
3325,4621,2026-05-19,19800.0,35,11,False
3326,3383,2024-04-29,39200.0,38,11,False
3327,7384,2023-04-30,26700.0,0,12,False
3328,1542,2023-04-22,39100.0,35,11,False
3329,7956,2024-01-08,20400.0,18,24,False
3330,5816,2023-07-24,45700.0,19,12,False
3331,781,2024-03-02,32700.0,21,24,False
3332,2089,2024-11-27,36400.0,37,24,False
3333,6769,2023-01-02,11700.0,16,12,False
3334,6806,2022-11-23,27000.0,15,11,False
3335,6431,2025-12-03,29700.0,20,12,False
3336,2187,2025-10-06,54200.0,24,36,False
3337,3101,2023-05-27,23700.0,35,11,False
3338,1584,2025-05-04,48300.0,22,11,False
3339,6738,2025-12-23,59000.0,8,36,False
3340,1803,2025-10-21,29500.0,28,24,False
3341,6269,2025-10-07,30200.0,11,11,False
3342,2703,2023-11-09,25300.0,39,12,False
3343,3802,2023-10-03,23300.0,26,12,False
3344,4711,2025-02-26,31000.0,6,11,False
3345,5421,2023-03-25,45800.0,19,11,False
3346,4585,2022-08-23,64100.0,11,36,False
3347,5816,2024-05-01,47400.0,50,11,False
3348,6687,2023-05-06,57400.0,0,12,False
3349,2344,2025-08-11,34800.0,16,11,False
3350,4945,2023-09-18,45900.0,15,11,False
3351,7917,2023-05-26,53700.0,22,12,False
3352,2768,2025-11-09,32400.0,9,36,False
3353,6939,2025-05-01,20000.0,0,11,False
3354,7796,2024-10-15,38500.0,11,36,False
3355,6134,2023-07-22,47100.0,41,11,False
3356,5665,2023-08-02,35000.0,8,11,False
3357,918,2023-06-20,41600.0,56,11,False
3358,6339,2024-02-12,35000.0,33,12,False
3359,3156,2026-05-22,22800.0,27,36,False
3360,6490,2025-08-01,31700.0,10,11,False
3361,2053,2024-02-28,25900.0,17,11,False
3362,243,2026-03-30,19100.0,8,24,False
3363,6779,2023-08-26,52500.0,50,12,False
3364,7534,2022-10-13,27400.0,0,12,False
3365,2437,2024-05-16,43700.0,25,24,False
3366,6245,2025-11-13,27100.0,25,11,False
3367,4368,2025-11-18,16500.0,4,24,False
3368,682,2023-05-03,55900.0,22,11,False
3369,164,2023-08-18,35500.0,6,11,False
3370,470,2024-11-18,42800.0,32,24,False
3371,3114,2024-03-02,69800.0,12,11,False
3372,4697,2025-02-11,29200.0,0,11,False
3373,4903,2023-03-03,26000.0,14,24,False
3374,2496,2023-12-14,44200.0,26,11,False
3375,4906,2022-09-19,35000.0,9,11,False
3376,6163,2023-09-16,26900.0,56,11,False
3377,2407,2023-12-29,38400.0,46,11,False
3378,6012,2025-12-18,21600.0,41,12,False
3379,4378,2024-12-10,40500.0,36,12,False
3380,4831,2024-01-09,31700.0,43,12,False
3381,2614,2026-07-13,51900.0,0,12,False
3382,5951,2026-01-16,26500.0,0,24,False
3383,554,2025-03-02,28700.0,0,36,False
3384,5806,2026-05-18,24500.0,37,11,False
3385,4826,2025-11-10,47600.0,22,36,False
3386,3924,2026-08-03,18900.0,13,11,False
3387,603,2025-01-25,24200.0,6,12,False
3388,4947,2026-02-24,95300.0,11,12,True
3389,7548,2026-04-26,21000.0,31,24,False
3390,5989,2026-01-03,30300.0,7,11,False
3391,3892,2026-02-04,42500.0,11,11,False
3392,1491,2023-08-18,32500.0,37,11,False
3393,6171,2024-05-04,67500.0,45,11,False
3394,3577,2026-04-02,47100.0,3,24,False
3395,2658,2026-02-16,33300.0,39,11,False
3396,6293,2024-04-27,65300.0,39,11,False
3397,6842,2023-12-10,32900.0,40,11,False
3398,2498,2023-12-04,24600.0,17,11,False
3399,2731,2023-01-07,39900.0,0,11,False
3400,4296,2026-01-30,36300.0,37,12,False
3401,6468,2024-04-02,34500.0,22,11,False
3402,17,2022-10-24,34900.0,36,36,False
3403,3269,2024-06-19,20800.0,65,11,False
3404,396,2025-11-04,53000.0,9,36,False
3405,428,2024-09-22,18200.0,18,11,False
3406,6404,2022-08-26,21900.0,5,24,False
3407,7451,2025-09-06,44700.0,47,24,False
3408,580,2025-10-29,33300.0,3,36,False
3409,3716,2023-12-30,16200.0,15,24,False
3410,6301,2023-03-07,57800.0,13,11,False
3411,1148,2024-09-01,18000.0,41,11,False
3412,7331,2024-06-15,36500.0,20,11,False
3413,243,2026-05-16,19300.0,38,24,False
3414,3988,2026-07-30,50800.0,36,36,False
3415,4189,2025-08-04,60900.0,30,36,False
3416,2330,2025-01-27,58400.0,35,24,False
3417,803,2024-03-29,20900.0,29,11,False
3418,7607,2024-02-22,31300.0,10,12,False
3419,727,2026-06-26,15200.0,37,11,False
3420,4964,2024-05-08,20200.0,24,11,False
3421,2913,2024-12-27,52700.0,48,12,False
3422,789,2025-01-29,59600.0,55,24,False
3423,4120,2023-09-01,24800.0,26,11,False
3424,7018,2022-09-12,29600.0,12,12,False
3425,2297,2025-06-08,30900.0,22,11,False
3426,7240,2024-06-18,41500.0,17,11,False
3427,79,2026-01-17,37100.0,10,11,False
3428,7252,2025-03-15,31900.0,0,11,False
3429,4017,2026-02-14,29700.0,3,24,False
3430,872,2026-02-06,51500.0,1,11,False
3431,7494,2024-05-13,47600.0,47,11,False
3432,6752,2022-11-03,46400.0,0,24,False
3433,6869,2026-01-07,44700.0,5,11,False
3434,5658,2025-02-12,39100.0,15,24,False
3435,7235,2026-04-07,34600.0,41,24,False
3436,6732,2022-12-16,36700.0,38,12,False
3437,6361,2026-06-27,47500.0,23,24,False
3438,2196,2023-06-29,30200.0,14,12,False
3439,1054,2024-09-22,37600.0,17,24,False
3440,5052,2025-10-26,46600.0,16,12,False
3441,3351,2026-06-09,34500.0,27,12,False
3442,3661,2026-05-13,59800.0,22,12,False
3443,4276,2024-06-04,29900.0,9,36,False
3444,6315,2023-12-24,29700.0,4,24,False
3445,3540,2024-07-21,42500.0,14,11,False
3446,7949,2024-01-25,57900.0,12,11,False
3447,3590,2024-05-12,11700.0,32,11,False
3448,411,2023-12-08,51800.0,0,12,False
3449,7808,2025-03-30,22600.0,45,11,False
3450,2772,2022-12-09,48000.0,28,11,False
3451,3160,2025-07-18,37900.0,11,11,False
3452,1706,2024-04-28,16600.0,18,12,False
3453,148,2022-09-18,28400.0,5,36,False
3454,6557,2023-01-07,20600.0,36,12,False
3455,4431,2024-08-06,37600.0,1,12,False
3456,3988,2023-10-21,51800.0,8,24,False
3457,1994,2024-11-19,29800.0,18,11,False
3458,369,2025-07-11,19500.0,15,11,False
3459,7549,2023-05-11,18500.0,31,12,False
3460,1712,2023-10-09,31700.0,26,11,False
3461,4635,2023-06-19,43800.0,45,24,False
3462,4598,2026-06-30,45400.0,66,36,False
3463,5450,2025-01-28,36500.0,17,11,False
3464,5633,2025-03-11,66100.0,37,11,False
3465,2602,2024-05-16,38300.0,34,36,False
3466,6828,2024-09-13,31000.0,22,11,False
3467,571,2022-09-16,35400.0,50,11,False
3468,3646,2026-07-16,25600.0,0,11,False
3469,2544,2026-05-04,77700.0,27,36,True
3470,5501,2023-12-06,29600.0,38,12,False
3471,786,2026-04-09,27700.0,10,12,False
3472,6631,2025-03-20,26000.0,4,12,False
3473,2082,2025-10-04,45200.0,48,11,False
3474,3506,2024-04-07,49600.0,45,12,False
3475,2624,2025-06-18,82400.0,9,24,True
3476,5560,2025-10-18,26200.0,25,12,False
3477,6413,2023-07-21,10800.0,0,11,False
3478,1608,2024-01-03,47100.0,17,12,False
3479,3780,2022-10-25,28200.0,24,11,False
3480,5202,2025-12-07,38800.0,15,11,False
3481,6649,2025-08-18,37100.0,36,24,False
3482,3372,2023-09-10,50600.0,36,11,False
3483,7660,2023-05-06,20100.0,7,11,False
3484,1274,2024-11-16,23200.0,21,12,False
3485,3805,2022-12-03,42900.0,13,11,False
3486,3928,2025-12-16,28900.0,18,12,False
3487,363,2024-10-12,43200.0,24,11,False
3488,5128,2023-04-22,27500.0,53,12,False
3489,2428,2023-12-16,45600.0,35,12,False
3490,3081,2024-06-01,18300.0,11,12,False
3491,6747,2023-11-02,35100.0,17,11,False
3492,3064,2022-10-07,18800.0,56,11,False
3493,980,2023-02-26,31800.0,22,11,False
3494,3717,2022-11-09,52100.0,31,11,False
3495,1869,2026-01-30,29000.0,34,11,False
3496,7705,2026-01-26,59600.0,0,24,False
3497,7131,2024-10-15,33600.0,22,11,False
3498,1649,2026-02-12,37400.0,3,12,False
3499,1677,2026-08-18,31300.0,26,12,False
3500,2266,2024-05-06,17900.0,53,11,False
3501,4413,2023-04-28,22100.0,31,24,False
3502,381,2024-02-20,32300.0,42,24,False
3503,4310,2025-12-15,50300.0,0,11,False
3504,4385,2024-09-09,46700.0,12,12,False
3505,7061,2025-10-16,14200.0,25,36,False
3506,373,2025-02-24,52100.0,41,12,False
3507,6022,2025-09-04,20900.0,28,12,False
3508,2245,2023-08-19,56400.0,0,11,False
3509,3835,2025-03-22,37100.0,27,24,False
3510,662,2024-12-04,40600.0,60,11,False
3511,6103,2025-09-01,36900.0,12,11,False
3512,5730,2024-04-05,32700.0,28,11,False
3513,783,2024-11-14,32400.0,3,11,False
3514,2474,2022-11-03,28800.0,30,12,False
3515,794,2024-03-05,36800.0,14,24,False
3516,1754,2023-12-05,45600.0,23,24,False
3517,6436,2024-01-14,22400.0,22,36,False
3518,6632,2022-09-16,37400.0,27,36,False
3519,4076,2025-12-29,32800.0,29,12,False
3520,1341,2022-09-20,38000.0,16,11,False
3521,3442,2022-12-14,26000.0,33,11,False
3522,7187,2025-09-09,23500.0,0,12,False
3523,5465,2024-05-22,42800.0,18,11,False
3524,531,2024-12-11,28400.0,0,11,False
3525,530,2025-01-14,36400.0,1,11,False
3526,4989,2022-12-20,32600.0,14,12,False
3527,2371,2025-11-10,54600.0,50,11,False
3528,953,2025-03-24,22100.0,14,12,False
3529,7726,2022-08-22,45200.0,22,36,False
3530,2280,2023-10-23,20400.0,25,11,False
3531,4134,2026-04-26,39600.0,16,11,False
3532,5908,2026-01-26,32200.0,31,24,False
3533,4688,2023-03-23,19200.0,44,12,False
3534,6071,2026-02-08,27800.0,42,11,False
3535,5053,2025-06-19,41300.0,29,12,False
3536,6398,2024-06-21,36500.0,38,36,False
3537,7282,2024-09-23,33900.0,19,12,False
3538,3783,2025-09-01,32400.0,52,36,False
3539,2901,2022-10-30,28300.0,30,11,False
3540,4177,2023-07-01,36700.0,25,24,False
3541,2515,2023-12-11,12400.0,18,12,False
3542,6226,2023-03-22,23400.0,5,12,False
3543,5969,2026-06-01,80400.0,17,11,True
3544,3323,2025-08-15,32500.0,20,11,False
3545,3442,2023-07-01,25100.0,7,12,False
3546,7760,2023-11-07,49100.0,54,24,False
3547,698,2023-10-04,30900.0,41,12,False
3548,2208,2025-02-23,46000.0,0,36,False
3549,7183,2023-09-01,25000.0,23,24,False
3550,4081,2024-09-01,35200.0,0,36,False
3551,4160,2025-01-09,46100.0,44,24,False
3552,6396,2025-08-15,47100.0,36,11,False
3553,1602,2025-07-05,45500.0,42,12,False
3554,5461,2023-07-25,70600.0,1,24,False
3555,7959,2024-10-12,28000.0,32,11,False
3556,39,2025-05-01,50700.0,27,36,False
3557,2600,2023-03-27,19300.0,25,11,False
3558,4986,2023-07-10,39400.0,15,36,False
3559,1284,2024-05-23,19700.0,20,24,False
3560,3061,2024-04-27,43300.0,32,12,False
3561,7856,2024-07-16,38200.0,10,11,False
3562,2245,2026-01-01,50700.0,32,24,False
3563,3552,2026-03-30,14800.0,10,36,False
3564,7319,2024-06-05,35700.0,30,36,False
3565,2768,2023-07-07,35500.0,10,11,False
3566,7966,2023-02-17,34900.0,53,11,False
3567,6150,2024-06-02,24100.0,12,11,False
3568,304,2023-10-02,37700.0,10,12,False
3569,7683,2024-01-24,39300.0,38,11,False
3570,6516,2024-06-24,24700.0,7,11,False
3571,657,2024-05-06,43800.0,34,11,False
3572,4866,2025-05-02,24300.0,29,24,False
3573,6514,2026-03-12,38600.0,38,12,False
3574,1798,2024-03-09,21200.0,14,12,False
3575,6479,2026-05-29,19200.0,42,11,False
3576,4455,2024-05-30,25400.0,18,11,False
3577,607,2023-11-20,14900.0,16,11,False
3578,672,2022-10-19,28800.0,50,11,False
3579,4434,2025-02-02,41600.0,22,11,False
3580,1399,2026-04-09,69900.0,19,12,False
3581,2638,2026-04-17,36000.0,50,12,False
3582,7155,2025-01-20,18100.0,12,11,False
3583,3959,2025-11-20,37800.0,22,24,False
3584,3621,2023-09-11,37100.0,26,11,False
3585,4975,2024-08-13,23700.0,40,11,False
3586,6829,2025-09-22,22800.0,18,11,False
3587,4409,2024-02-17,37000.0,14,36,False
3588,4663,2023-09-22,16200.0,6,12,False
3589,6719,2023-10-13,43600.0,39,24,False
3590,285,2023-08-04,24700.0,12,11,False
3591,7888,2023-10-10,15000.0,33,24,False
3592,3764,2024-08-23,47800.0,39,11,False
3593,1519,2023-12-21,45100.0,20,24,False
3594,4176,2024-12-25,48200.0,26,12,False
3595,5649,2026-01-10,33800.0,3,36,False
3596,4277,2024-06-01,39300.0,25,24,False
3597,5278,2024-06-21,51100.0,33,11,False
3598,465,2023-08-25,23200.0,30,11,False
3599,2376,2025-12-08,29700.0,32,11,False
3600,3842,2022-09-29,57900.0,0,12,False
3601,2522,2025-08-24,17200.0,28,12,False
3602,1762,2023-08-05,44000.0,3,36,False
3603,1407,2024-03-10,29600.0,27,11,False
3604,2804,2024-04-24,24000.0,15,24,False
3605,523,2024-07-14,41700.0,25,24,False
3606,715,2022-09-25,43200.0,23,12,False
3607,1691,2026-02-14,73000.0,38,11,True
3608,2111,2022-09-21,38600.0,17,11,False
3609,23,2026-02-06,27300.0,20,11,False
3610,2514,2024-04-26,65100.0,5,11,False
3611,5264,2024-01-20,34000.0,3,11,False
3612,6051,2023-11-13,33200.0,0,11,False
3613,6382,2024-05-31,21600.0,34,11,False
3614,7690,2023-06-07,21900.0,13,11,False
3615,1333,2022-12-26,50600.0,20,24,False
3616,7449,2023-11-26,49000.0,25,11,False
3617,3381,2024-07-08,31300.0,26,24,False
3618,5347,2023-06-19,29000.0,25,12,False
3619,6411,2025-09-28,31400.0,30,11,False
3620,365,2022-11-14,15600.0,29,11,False
3621,7507,2024-12-26,35200.0,19,36,False
3622,3815,2025-10-15,35900.0,33,11,False
3623,7910,2025-03-16,44100.0,23,11,False
3624,6404,2022-10-26,22200.0,28,11,False
3625,6120,2026-01-14,37400.0,31,11,False
3626,1312,2025-08-02,27900.0,6,12,False
3627,523,2025-10-26,41100.0,32,36,False
3628,452,2024-02-15,29700.0,13,11,False
3629,6146,2024-01-23,38500.0,34,11,False
3630,7425,2024-08-28,22100.0,34,36,False
3631,5725,2023-08-08,42600.0,25,11,False
3632,5463,2023-10-18,25500.0,44,36,False
3633,1897,2023-09-08,17300.0,23,24,False
3634,5081,2023-08-11,24000.0,8,11,False
3635,3646,2026-07-26,27100.0,19,11,False
3636,2575,2025-11-01,18400.0,1,11,False
3637,3153,2025-04-02,39400.0,29,12,False
3638,1459,2024-04-28,49500.0,21,11,False
3639,4060,2023-08-14,36100.0,30,11,False
3640,6582,2026-06-13,28100.0,12,36,False
3641,6509,2026-04-16,36100.0,24,12,False
3642,5975,2026-02-03,23200.0,4,24,False
3643,940,2023-02-26,43500.0,21,12,False
3644,3212,2024-04-12,49500.0,50,36,False
3645,7232,2026-07-27,29000.0,4,11,False
3646,2207,2025-02-27,26000.0,26,12,False
3647,5247,2026-04-18,67800.0,23,11,False
3648,5635,2025-04-26,29800.0,0,36,False
3649,2603,2022-09-08,55300.0,15,11,False
3650,3050,2026-06-19,21800.0,44,36,False
3651,6886,2023-09-04,25000.0,23,36,False
3652,2332,2022-10-01,35000.0,25,11,False
3653,2707,2026-08-19,34500.0,13,12,False
3654,316,2025-07-31,36500.0,10,11,False
3655,2670,2022-11-30,24800.0,16,11,False
3656,3155,2025-07-29,19600.0,37,12,False
3657,2307,2025-11-22,21600.0,11,12,False
3658,6220,2024-12-21,85900.0,19,36,True
3659,1060,2025-08-24,35600.0,17,11,False
3660,5876,2024-01-30,45600.0,20,11,False
3661,3573,2024-04-26,24300.0,5,11,False
3662,7762,2022-12-12,33700.0,39,12,False
3663,7700,2025-05-23,40700.0,20,11,False
3664,7341,2025-01-09,41400.0,21,12,False
3665,2692,2024-11-26,26100.0,30,12,False
3666,4076,2025-07-29,31800.0,58,11,False
3667,1818,2025-12-19,35100.0,15,11,False
3668,5225,2026-08-10,53400.0,24,11,False
3669,5304,2022-12-24,28100.0,35,12,False
3670,3986,2023-01-15,34000.0,49,24,False
3671,7532,2026-03-07,30800.0,36,24,False
3672,1152,2024-08-22,28700.0,19,11,False
3673,710,2025-08-18,15000.0,18,11,False
3674,2228,2024-06-04,35500.0,23,24,False
3675,7951,2026-05-08,31500.0,46,11,False
3676,1435,2024-03-29,90800.0,14,24,True
3677,5369,2022-12-09,49100.0,23,36,False
3678,1067,2025-07-21,39500.0,25,11,False
3679,1973,2024-07-07,38300.0,33,11,False
3680,6823,2024-05-01,48300.0,5,12,False
3681,1034,2023-01-02,28600.0,57,11,False
3682,228,2025-03-16,26200.0,9,12,False
3683,7475,2025-03-23,61100.0,25,11,False
3684,1870,2024-09-04,32800.0,24,24,False
3685,5711,2025-04-23,8800.0,21,24,False
3686,5029,2023-10-04,22100.0,21,11,False
3687,2067,2024-06-24,27000.0,37,24,False
3688,5078,2024-12-19,41300.0,34,12,False
3689,2506,2024-03-26,47900.0,10,36,False
3690,6478,2025-03-27,19600.0,20,11,False
3691,2130,2025-10-05,32900.0,22,11,False
3692,7237,2024-03-02,14500.0,14,11,False
3693,6016,2026-03-05,13800.0,30,11,False
3694,4383,2025-06-19,36200.0,37,12,False
3695,1106,2022-09-12,45000.0,33,11,False
3696,5149,2024-02-15,23100.0,25,24,False
3697,7341,2023-03-02,38500.0,62,11,False
3698,2371,2024-04-01,52000.0,32,11,False
3699,3268,2026-07-18,25600.0,32,12,False
3700,2688,2024-12-23,30100.0,34,11,False
3701,2620,2022-09-13,35500.0,42,12,False
3702,3373,2025-03-14,43400.0,16,11,False
3703,4727,2022-11-27,20300.0,67,12,False
3704,3671,2025-07-04,33800.0,33,11,False
3705,4535,2025-06-09,80000.0,35,12,True
3706,6988,2025-05-26,39500.0,15,11,False
3707,5289,2022-08-25,42900.0,17,11,False
3708,6786,2023-05-10,67300.0,25,12,False
3709,3017,2025-06-14,28700.0,7,11,False
3710,4051,2024-08-14,18300.0,20,12,False
3711,2876,2026-04-07,49700.0,32,24,False
3712,2640,2026-01-20,42600.0,12,11,False
3713,162,2023-11-24,22600.0,28,12,False
3714,7998,2025-12-26,51000.0,35,11,False
3715,603,2025-05-10,25800.0,29,12,False
3716,6161,2025-02-15,19400.0,24,36,False
3717,6435,2024-04-28,45000.0,19,24,False
3718,3339,2026-04-17,26000.0,14,12,False
3719,4249,2022-11-26,27600.0,19,11,False
3720,3033,2022-11-08,14100.0,18,11,False
3721,3979,2022-11-26,13100.0,12,12,False
3722,3473,2026-02-19,47000.0,17,11,False
3723,6122,2024-10-05,28800.0,25,11,False
3724,6487,2024-02-20,53000.0,15,11,False
3725,4605,2023-11-13,31200.0,11,36,False
3726,674,2023-11-12,19000.0,15,24,False
3727,1160,2026-02-07,27400.0,0,11,False
3728,5310,2023-06-27,31700.0,42,12,False
3729,550,2024-12-30,44000.0,43,11,False
3730,5554,2022-12-29,35300.0,35,11,False
3731,5208,2024-06-12,58600.0,40,12,False
3732,5353,2025-08-06,29300.0,16,11,False
3733,3045,2023-12-29,57300.0,28,11,False
3734,885,2023-09-05,18300.0,38,11,False
3735,2111,2023-10-31,37400.0,19,11,False
3736,435,2023-11-04,31400.0,19,11,False
3737,4943,2023-02-23,30200.0,33,24,False
3738,5590,2023-05-21,23900.0,40,12,False
3739,4378,2025-01-20,43100.0,39,24,False
3740,6387,2023-10-06,42900.0,1,24,False
3741,1234,2022-09-13,42100.0,6,11,False
3742,2584,2026-03-22,9900.0,1,24,False
3743,1197,2026-02-16,35700.0,25,36,False
3744,846,2023-04-20,81100.0,15,24,True
3745,1689,2025-07-09,16200.0,30,11,False
3746,1164,2025-10-07,46000.0,26,24,False
3747,2873,2024-07-22,22600.0,32,11,False
3748,481,2023-07-15,48500.0,14,24,False
3749,2873,2024-01-24,21300.0,39,11,False
3750,1357,2022-12-17,21300.0,12,12,False
3751,5180,2026-04-18,15500.0,24,24,False
3752,1041,2025-05-12,19900.0,49,36,False
3753,5354,2025-08-26,20900.0,29,12,False
3754,1878,2024-04-04,47100.0,3,11,False
3755,4356,2023-11-16,35700.0,15,12,False
3756,2502,2026-02-06,26300.0,37,11,False
3757,4393,2024-08-14,22700.0,40,36,False
3758,1311,2023-11-04,22400.0,19,11,False
3759,670,2023-06-13,24300.0,28,12,False
3760,5996,2026-07-06,41300.0,41,12,False
3761,5281,2026-04-23,46300.0,24,12,False
3762,2054,2022-12-09,32300.0,24,11,False
3763,402,2025-05-01,26000.0,18,12,False
3764,1772,2022-09-01,40500.0,30,11,False
3765,5801,2024-01-21,36000.0,18,24,False
3766,2172,2024-02-17,24400.0,19,11,False
3767,2220,2023-09-14,54700.0,49,12,False
3768,75,2026-05-31,49100.0,3,12,False
3769,6412,2024-04-22,46800.0,43,12,False
3770,4804,2023-11-28,49200.0,52,11,False
3771,3555,2025-11-22,44000.0,28,11,False
3772,852,2024-01-12,44000.0,27,11,False
3773,5747,2026-06-09,34900.0,23,24,False
3774,507,2026-05-18,19800.0,19,11,False
3775,5815,2025-09-26,17400.0,34,11,False
3776,138,2024-02-03,41600.0,38,11,False
3777,2142,2023-04-22,37900.0,34,11,False
3778,6015,2023-02-09,51800.0,30,11,False
3779,5182,2024-11-01,10100.0,35,12,False
3780,5862,2023-12-12,29600.0,17,24,False
3781,3782,2026-02-21,18400.0,28,24,False
3782,1927,2025-11-10,51600.0,38,11,False
3783,6534,2022-11-12,34900.0,23,12,False
3784,7958,2024-12-10,42500.0,42,11,False
3785,6253,2023-11-06,47800.0,7,11,False
3786,2819,2026-03-06,65400.0,39,11,False
3787,4011,2025-10-22,19600.0,0,36,False
3788,1943,2022-12-09,52500.0,4,11,False
3789,2667,2023-04-26,12500.0,26,24,False
3790,7051,2026-08-17,19200.0,31,11,False
3791,4079,2026-07-20,32200.0,33,24,False
3792,1480,2023-12-15,31000.0,46,12,False
3793,555,2025-11-11,50500.0,9,12,False
3794,7625,2025-12-28,35800.0,7,11,False
3795,5129,2026-07-11,57200.0,23,12,False
3796,4782,2023-01-28,35200.0,35,11,False
3797,5589,2024-06-23,22900.0,3,36,False
3798,6179,2025-08-31,25500.0,13,12,False
3799,2047,2023-05-06,71300.0,11,11,True
3800,2141,2024-10-14,39700.0,44,24,False
3801,7212,2026-05-27,40100.0,44,11,False
3802,7395,2023-01-08,69300.0,34,24,False
3803,716,2023-07-07,48500.0,42,12,False
3804,6541,2024-10-05,50000.0,25,12,False
3805,2455,2026-06-14,43700.0,15,24,False
3806,7908,2022-12-31,31100.0,34,36,False
3807,1661,2026-03-14,24700.0,33,11,False
3808,3413,2025-09-11,31200.0,40,12,False
3809,4840,2025-07-24,38700.0,12,11,False
3810,7036,2026-08-09,60500.0,12,12,False
3811,7618,2026-06-23,19600.0,21,12,False
3812,5220,2022-11-23,49000.0,21,12,False
3813,3049,2023-09-01,23800.0,3,12,False
3814,4843,2024-03-04,29400.0,0,11,False
3815,2903,2023-09-02,34000.0,31,11,False
3816,3467,2025-06-12,36400.0,22,12,False
3817,2718,2026-07-24,33700.0,29,11,False
3818,1903,2023-04-29,22000.0,36,11,False
3819,2920,2026-04-17,12600.0,57,24,False
3820,5420,2023-01-17,34700.0,41,11,False
3821,698,2025-01-24,32700.0,34,12,False
3822,6072,2024-02-11,40400.0,56,24,False
3823,7687,2024-06-26,36500.0,10,11,False
3824,4383,2025-12-30,37000.0,6,11,False
3825,7895,2026-07-18,11800.0,24,36,False
3826,7869,2026-01-08,29800.0,25,12,False
3827,1655,2025-12-29,21900.0,0,11,False
3828,5907,2025-07-29,42500.0,22,36,False
3829,5194,2023-01-15,30200.0,52,36,False
3830,4749,2022-11-20,30600.0,15,24,False
3831,7017,2023-11-22,36600.0,47,12,False
3832,7221,2024-07-09,31500.0,8,11,False
3833,1462,2023-05-29,38300.0,19,12,False
3834,893,2022-12-30,40900.0,14,12,False
3835,4820,2022-12-25,18000.0,26,11,False
3836,2515,2025-07-12,12000.0,37,11,False
3837,1396,2022-12-26,42200.0,27,11,False
3838,1271,2023-08-19,16600.0,25,12,False
3839,5110,2023-12-18,61700.0,14,36,False
3840,163,2025-03-13,55400.0,0,11,False
3841,2018,2024-01-31,11600.0,37,24,False
3842,3372,2026-01-11,49200.0,44,24,False
3843,272,2026-06-11,38200.0,26,12,False
3844,641,2023-12-01,32600.0,27,11,False
3845,923,2022-10-15,59000.0,45,11,False
3846,3555,2022-11-14,43000.0,12,11,False
3847,3333,2023-11-11,16800.0,4,11,False
3848,2058,2022-09-03,22300.0,12,12,False
3849,1679,2024-05-25,61600.0,20,12,False
3850,205,2022-12-26,18200.0,48,12,False
3851,591,2025-06-25,34200.0,31,12,False
3852,5798,2026-03-17,35000.0,34,12,False
3853,856,2025-02-05,36900.0,56,36,False
3854,6057,2026-03-09,33900.0,31,11,False
3855,5467,2024-04-06,40100.0,4,11,False
3856,1757,2025-02-01,37600.0,18,12,False
3857,5862,2023-11-05,31200.0,29,24,False
3858,2701,2025-09-15,35300.0,17,11,False
3859,2348,2023-11-30,38000.0,33,12,False
3860,892,2024-04-05,30000.0,10,11,False
3861,5683,2025-12-28,72600.0,22,11,True
3862,7859,2024-05-12,38500.0,26,24,False
3863,6472,2025-08-18,22000.0,16,12,False
3864,702,2023-11-09,24500.0,30,11,False
3865,4094,2026-08-02,46200.0,0,12,False
3866,6234,2023-11-06,10800.0,15,11,False
3867,7845,2025-10-07,34600.0,0,11,False
3868,3217,2025-08-08,38900.0,30,36,False
3869,6927,2023-05-15,22400.0,14,11,False
3870,1453,2024-12-30,22500.0,21,36,False
3871,6224,2023-03-14,27100.0,22,11,False
3872,682,2026-05-22,52900.0,40,11,False
3873,7524,2026-01-24,23600.0,45,11,False
3874,1199,2025-01-09,76900.0,39,12,True
3875,5714,2023-12-31,34700.0,33,11,False
3876,3813,2022-11-08,22700.0,12,11,False
3877,961,2023-11-11,55700.0,27,12,False
3878,6475,2022-12-17,27600.0,22,11,False
3879,1480,2025-02-08,33200.0,27,11,False
3880,3825,2025-07-26,55900.0,23,11,False
3881,2595,2023-01-17,56000.0,37,24,False
3882,4051,2024-04-23,18800.0,21,11,False
3883,5103,2023-01-19,46300.0,17,11,False
3884,6417,2025-05-31,50800.0,35,12,False
3885,5553,2024-02-29,38400.0,13,11,False
3886,4360,2025-03-13,26400.0,45,24,False
3887,2413,2025-05-24,29700.0,6,12,False
3888,6293,2023-01-03,72700.0,19,11,True
3889,5316,2022-11-14,41800.0,4,24,False
3890,3737,2025-08-25,35100.0,26,11,False
3891,7452,2025-12-29,40000.0,11,11,False
3892,3755,2025-06-11,44400.0,48,24,False
3893,1792,2024-09-27,29300.0,16,12,False
3894,7281,2023-03-01,32900.0,24,12,False
3895,2403,2025-04-16,57400.0,34,11,False
3896,1982,2023-03-03,53700.0,18,11,False
3897,374,2025-08-05,22500.0,35,11,False
3898,6101,2024-04-01,53200.0,24,12,False
3899,5060,2023-03-14,26300.0,2,11,False
3900,4583,2025-12-06,42300.0,61,11,False
3901,1975,2026-05-02,31100.0,18,24,False
3902,6728,2023-03-29,17900.0,32,12,False
3903,428,2022-12-20,18400.0,1,24,False
3904,6437,2025-11-16,21600.0,11,11,False
3905,7499,2024-01-21,36800.0,11,12,False
3906,4831,2025-03-09,33100.0,9,24,False
3907,912,2023-04-26,36900.0,8,12,False
3908,6776,2025-10-05,39000.0,29,11,False
3909,7314,2025-12-22,68100.0,35,12,False
3910,6608,2024-11-27,40400.0,32,36,False
3911,607,2024-02-28,16600.0,20,12,False
3912,3134,2023-03-21,35900.0,6,12,False
3913,2387,2024-09-30,25800.0,26,11,False
3914,4794,2025-02-27,29400.0,0,12,False
3915,1725,2024-08-14,39300.0,31,24,False
3916,7899,2025-10-31,32100.0,13,24,False
3917,581,2025-06-19,30300.0,42,11,False
3918,7677,2025-08-13,63400.0,14,12,False
3919,6300,2022-09-05,23600.0,19,11,False
3920,7250,2024-11-27,54800.0,14,11,False
3921,2135,2023-03-11,52300.0,18,11,False
3922,5924,2025-10-31,23400.0,1,12,False
3923,6706,2025-03-02,29700.0,44,12,False
3924,3754,2026-05-19,43800.0,19,12,False
3925,4372,2025-03-02,56300.0,1,24,False
3926,4730,2024-08-08,62800.0,23,24,False
3927,1670,2025-09-03,29000.0,43,12,False
3928,5175,2024-11-02,34700.0,27,36,False
3929,1552,2024-06-16,24700.0,51,11,False
3930,4393,2025-06-12,21100.0,24,12,False
3931,2715,2023-04-07,39900.0,9,11,False
3932,3733,2022-10-03,47700.0,0,11,False
3933,7137,2026-06-22,48100.0,50,11,False
3934,5060,2025-04-11,26800.0,29,11,False
3935,3673,2026-04-14,36300.0,36,12,False
3936,1572,2023-09-14,21400.0,23,36,False
3937,6294,2023-12-29,19900.0,19,36,False
3938,7433,2024-08-09,13500.0,0,11,False
3939,5291,2023-02-24,61200.0,50,11,False
3940,3212,2025-11-08,50500.0,27,11,False
3941,7137,2024-11-10,45600.0,42,12,False
3942,98,2026-05-23,26300.0,24,11,False
3943,3295,2023-03-19,41400.0,14,11,False
3944,6124,2024-01-12,31400.0,48,12,False
3945,4634,2023-10-25,44000.0,0,11,False
3946,4839,2023-05-19,18600.0,37,12,False
3947,3838,2025-07-02,55400.0,36,11,False
3948,3233,2022-10-24,29500.0,37,11,False
3949,4789,2025-05-04,42500.0,8,11,False
3950,346,2024-09-05,34400.0,7,11,False
3951,5534,2026-05-03,50100.0,22,12,False
3952,6202,2025-03-15,41700.0,27,11,False
3953,4772,2025-06-17,30100.0,13,11,False
3954,7978,2023-03-23,61700.0,19,12,False
3955,620,2025-02-27,30000.0,21,12,False
3956,1765,2024-09-11,39700.0,50,12,False
3957,2341,2022-09-12,39300.0,28,11,False
3958,1896,2024-02-26,43000.0,22,11,False
3959,2665,2023-10-14,33800.0,20,12,False
3960,5169,2022-09-30,45000.0,32,11,False
3961,2124,2025-10-19,46900.0,35,24,False
3962,6673,2025-12-17,41200.0,30,11,False
3963,2375,2023-09-06,25600.0,5,24,False
3964,4733,2024-04-22,53000.0,0,11,False
3965,1205,2024-01-25,29900.0,18,12,False
3966,6665,2023-11-01,15800.0,48,24,False
3967,1117,2024-07-17,49500.0,27,11,False
3968,6122,2024-06-09,28700.0,28,24,False
3969,5091,2025-11-07,42800.0,26,12,False
3970,6491,2025-05-27,17900.0,14,11,False
3971,5898,2025-01-22,29200.0,10,11,False
3972,6658,2023-12-31,43200.0,38,11,False
3973,2854,2025-07-04,9300.0,33,11,False
3974,6490,2022-09-23,32000.0,10,11,False
3975,6353,2026-02-11,36600.0,5,11,False
3976,1788,2025-03-04,24900.0,32,11,False
3977,2734,2026-07-10,28500.0,28,24,False
3978,6892,2024-12-20,23500.0,32,11,False
3979,796,2023-12-15,24800.0,33,24,False
3980,7704,2024-03-14,34600.0,13,11,False
3981,3120,2025-05-20,55100.0,42,11,False
3982,6970,2023-06-14,41200.0,30,12,False
3983,2151,2023-01-03,40000.0,15,11,False
3984,3958,2024-03-10,29500.0,0,12,False
3985,7347,2025-02-21,22400.0,42,12,False
3986,5088,2024-01-19,36400.0,8,24,False
3987,4646,2025-11-08,31800.0,13,11,False
3988,2159,2023-07-08,9400.0,10,12,False
3989,6004,2024-11-13,26700.0,14,12,False
3990,5494,2024-10-03,22000.0,56,12,False
3991,4063,2026-05-04,40300.0,32,12,False
3992,2035,2024-05-27,53400.0,28,24,False
3993,1093,2026-02-25,46800.0,15,11,False
3994,7418,2024-01-09,42700.0,0,11,False
3995,1612,2025-06-03,66700.0,23,11,False
3996,1032,2026-04-12,34200.0,41,36,False
3997,2325,2025-02-01,34300.0,33,36,False
3998,4979,2025-12-14,25900.0,10,11,False
3999,6969,2022-12-06,18000.0,27,11,False
4000,7761,2024-03-10,49000.0,6,11,False
4001,1856,2026-06-21,47000.0,16,24,False
4002,6889,2024-04-19,52000.0,39,11,False
4003,2480,2023-02-22,22900.0,16,11,False
4004,5416,2026-05-06,22700.0,2,12,False
4005,5669,2026-01-03,27300.0,35,24,False
4006,7001,2022-09-22,45100.0,29,11,False
4007,4506,2022-12-26,30900.0,21,12,False
4008,4985,2023-01-09,63100.0,6,24,False
4009,2607,2025-07-17,40400.0,12,36,False
4010,6548,2023-05-29,49500.0,13,12,False
4011,3742,2024-02-29,44300.0,41,24,False
4012,8,2026-04-28,35300.0,26,11,False
4013,2612,2024-07-24,9900.0,12,11,False
4014,481,2024-12-27,49600.0,37,12,False
4015,5537,2025-04-18,41000.0,28,11,False
4016,2261,2024-06-03,63500.0,27,11,False
4017,492,2026-02-28,28700.0,31,24,False
4018,7923,2025-08-25,62700.0,21,11,False
4019,7393,2025-02-04,19300.0,17,24,False
4020,6855,2023-06-29,38300.0,15,12,False
4021,5112,2022-09-13,13400.0,30,12,False
4022,4760,2023-12-14,33300.0,0,11,False
4023,6190,2025-09-03,45100.0,13,24,False
4024,2336,2025-07-21,58000.0,28,24,False
4025,5340,2026-01-22,40700.0,40,11,False
4026,5449,2024-09-19,35600.0,22,12,False
4027,6842,2025-10-28,30400.0,29,11,False
4028,7123,2025-09-11,20500.0,38,11,False
4029,4668,2025-07-21,60600.0,0,12,False
4030,3609,2024-11-15,18900.0,50,24,False
4031,3421,2026-06-09,50500.0,31,11,False
4032,6668,2024-11-29,47500.0,23,36,False
4033,2886,2023-11-13,57000.0,38,11,False
4034,5055,2024-12-27,54300.0,28,11,False
4035,6669,2025-08-24,13700.0,60,24,False
4036,2994,2023-09-03,29400.0,13,11,False
4037,260,2025-11-13,31500.0,13,11,False
4038,285,2025-07-23,25000.0,17,11,False
4039,5869,2026-06-18,29200.0,31,36,False
4040,1941,2023-07-26,34000.0,6,11,False
4041,4229,2024-05-24,9000.0,0,36,False
4042,6772,2024-11-16,29200.0,25,24,False
4043,3047,2024-12-26,26800.0,40,36,False
4044,2318,2026-03-01,47800.0,30,11,False
4045,3278,2026-06-18,41900.0,36,11,False
4046,5225,2024-04-08,57400.0,27,24,False
4047,7321,2023-06-30,16500.0,33,11,False
4048,7846,2022-11-10,45000.0,7,11,False
4049,622,2024-11-21,34100.0,46,11,False
4050,7223,2025-07-19,20500.0,39,36,False
4051,6138,2023-02-20,34000.0,23,11,False
4052,700,2025-07-21,76000.0,52,36,True
4053,3776,2024-08-09,26600.0,20,12,False
4054,622,2025-11-12,33800.0,44,11,False
4055,2358,2023-08-28,32400.0,29,11,False
4056,7287,2024-09-03,27900.0,28,11,False
4057,3085,2024-09-13,28400.0,17,24,False
4058,6647,2025-11-22,42600.0,51,11,False
4059,1821,2024-09-30,41300.0,1,11,False
4060,6031,2025-09-18,59200.0,33,12,False
4061,2648,2025-12-21,13300.0,22,11,False
4062,2756,2023-12-17,33200.0,11,11,False
4063,5766,2025-05-22,29000.0,4,11,False
4064,6153,2023-03-26,30900.0,52,12,False
4065,7108,2026-03-13,70100.0,7,36,False
4066,4050,2024-02-08,54100.0,24,11,False
4067,7337,2025-04-15,26900.0,18,12,False
4068,5366,2025-04-13,29300.0,7,11,False
4069,583,2025-04-15,16800.0,15,36,False
4070,7430,2026-02-14,55200.0,2,36,False
4071,1954,2023-04-09,44000.0,7,11,False
4072,5223,2026-04-05,16400.0,42,12,False
4073,3689,2025-07-02,65200.0,28,11,False
4074,680,2026-03-28,22500.0,34,11,False
4075,4468,2025-09-03,16900.0,6,11,False
4076,7483,2023-01-28,37900.0,18,24,False
4077,1311,2023-07-04,22500.0,0,24,False
4078,941,2023-08-13,28200.0,40,11,False
4079,1153,2023-06-22,23300.0,30,12,False
4080,1564,2024-05-19,22500.0,12,36,False
4081,5979,2024-09-03,47300.0,15,11,False
4082,1630,2024-01-02,47000.0,15,11,False
4083,248,2024-10-09,44100.0,23,11,False
4084,3797,2023-10-29,23500.0,11,24,False
4085,1595,2026-05-27,49200.0,36,12,False
4086,6406,2024-04-28,30900.0,14,12,False
4087,2452,2026-04-05,49700.0,22,12,False
4088,2293,2025-03-10,8000.0,22,11,False
4089,3955,2024-08-22,32500.0,24,24,False
4090,1983,2025-01-28,44200.0,0,11,False
4091,5138,2024-03-25,50200.0,20,11,False
4092,7994,2023-12-06,34000.0,34,12,False
4093,7705,2024-11-02,60300.0,4,12,False
4094,3141,2024-07-20,60500.0,31,36,False
4095,6934,2023-09-16,11000.0,15,11,False
4096,228,2023-10-04,26400.0,35,12,False
4097,6992,2023-12-08,36800.0,0,36,False
4098,3631,2024-12-06,37800.0,42,12,False
4099,7802,2023-12-22,47900.0,34,12,False
4100,267,2022-12-13,32900.0,0,11,False
4101,1426,2024-01-24,29200.0,50,12,False
4102,3641,2023-06-09,54100.0,0,11,False
4103,5676,2026-05-20,24700.0,30,11,False
4104,656,2023-12-03,49500.0,29,24,False
4105,6487,2024-01-05,49300.0,30,12,False
4106,7898,2025-10-13,36500.0,8,11,False
4107,7700,2023-12-14,43500.0,41,11,False
4108,5637,2025-02-23,56700.0,24,11,False
4109,5692,2026-04-30,38000.0,18,11,False
4110,3061,2025-06-07,40700.0,29,11,False
4111,5606,2024-08-02,33500.0,15,11,False
4112,1942,2024-10-13,47100.0,6,12,False
4113,2559,2024-06-18,31600.0,42,11,False
4114,2834,2023-09-27,19800.0,14,24,False
4115,5465,2026-07-02,42100.0,33,11,False
4116,5191,2022-11-22,70800.0,25,12,False
4117,1182,2025-03-06,30600.0,6,12,False
4118,597,2026-07-08,31200.0,26,24,False
4119,4676,2024-03-05,26700.0,44,11,False
4120,1863,2026-03-08,26800.0,31,12,False
4121,1004,2026-05-07,30600.0,12,11,False
4122,4173,2024-05-07,52700.0,46,36,False
4123,3431,2023-12-05,27300.0,0,11,False
4124,6432,2023-02-11,54600.0,11,12,False
4125,3920,2025-08-17,48700.0,26,11,False
4126,1269,2023-02-08,55300.0,5,12,False
4127,190,2025-02-06,38800.0,17,11,False
4128,5659,2024-08-09,31800.0,0,11,False
4129,998,2023-08-30,20000.0,4,11,False
4130,1736,2023-07-13,21200.0,10,24,False
4131,1753,2025-01-31,47100.0,0,11,False
4132,2650,2024-01-21,37100.0,32,36,False
4133,4230,2023-11-28,41900.0,10,24,False
4134,6587,2025-09-14,42300.0,11,12,False
4135,5151,2025-09-30,54400.0,16,12,False
4136,4537,2024-05-17,11900.0,28,11,False
4137,5554,2026-03-07,35200.0,11,12,False
4138,1125,2025-01-29,54900.0,19,11,False
4139,7249,2024-05-24,32200.0,3,11,False
4140,2377,2025-01-10,36200.0,26,11,False
4141,3327,2023-08-02,15200.0,27,12,False
4142,913,2025-07-10,15700.0,21,11,False
4143,7990,2026-04-15,16600.0,28,11,False
4144,6553,2022-10-31,49800.0,16,11,False
4145,7132,2026-06-15,26800.0,54,24,False
4146,6908,2024-01-14,55800.0,20,36,False
4147,1712,2024-08-25,33200.0,50,12,False
4148,2976,2023-05-15,27800.0,22,12,False
4149,948,2025-12-22,51500.0,18,11,False
4150,4488,2024-03-20,39900.0,26,11,False
4151,736,2023-05-27,18000.0,39,12,False
4152,3010,2022-10-13,27500.0,10,24,False
4153,6552,2025-09-01,42200.0,47,11,False
4154,6176,2023-12-11,22500.0,39,11,False
4155,1115,2024-07-14,11900.0,11,11,False
4156,4683,2025-03-11,57400.0,54,12,False
4157,953,2023-04-29,22900.0,31,11,False
4158,2346,2023-10-04,45200.0,39,11,False
4159,156,2023-02-20,23000.0,0,11,False
4160,1096,2023-10-04,44500.0,57,11,False
4161,2002,2024-10-19,60400.0,13,36,False
4162,2556,2025-08-12,39100.0,31,11,False
4163,6477,2023-11-09,16100.0,37,12,False
4164,5903,2025-04-14,25000.0,44,24,False
4165,4315,2023-04-21,43200.0,71,11,False
4166,6273,2024-02-28,47300.0,37,11,False
4167,5177,2024-11-05,34200.0,5,12,False
4168,3919,2024-11-26,53800.0,13,11,False
4169,871,2024-09-17,54800.0,55,12,False
4170,650,2023-08-26,25400.0,47,12,False
4171,2288,2025-04-02,36500.0,34,11,False
4172,1638,2022-10-31,33400.0,15,24,False
4173,6803,2022-12-18,21500.0,9,36,False
4174,445,2025-03-02,30900.0,53,11,False
4175,6167,2024-08-28,26300.0,0,11,False
4176,6059,2022-10-08,43800.0,44,36,False
4177,6050,2022-08-31,23800.0,29,11,False
4178,6418,2023-06-14,40900.0,24,12,False
4179,7512,2026-04-10,26800.0,6,11,False
4180,4734,2024-11-05,26600.0,46,36,False
4181,6504,2022-12-03,38700.0,26,11,False
4182,1367,2026-01-19,26000.0,21,12,False
4183,3786,2026-02-11,21700.0,19,12,False
4184,966,2024-05-21,59500.0,28,12,False
4185,3456,2023-08-08,32100.0,42,11,False
4186,7982,2025-10-23,22100.0,0,11,False
4187,6244,2024-09-27,72800.0,43,11,True
4188,464,2024-03-26,33100.0,29,12,False
4189,7725,2025-08-15,39400.0,29,11,False
4190,4752,2023-01-19,42300.0,24,24,False
4191,396,2024-01-07,50400.0,34,11,False
4192,4030,2023-09-05,25200.0,17,12,False
4193,1827,2024-04-19,28300.0,46,24,False
4194,5052,2022-09-12,44100.0,3,11,False
4195,7528,2023-08-13,29900.0,34,11,False
4196,2308,2023-04-02,31000.0,63,11,False
4197,1166,2024-03-16,27300.0,26,11,False
4198,3896,2025-02-03,27200.0,30,11,False
4199,4848,2024-05-20,32600.0,30,12,False
4200,7573,2026-01-21,44700.0,36,12,False
4201,6496,2026-05-11,30000.0,8,11,False
4202,2508,2025-12-06,19900.0,33,11,False
4203,1498,2024-03-30,30200.0,17,11,False
4204,3759,2025-06-08,33800.0,30,12,False
4205,1408,2024-08-13,28900.0,24,11,False
4206,7183,2022-10-29,26600.0,28,24,False
4207,6846,2023-12-19,32900.0,5,11,False
4208,2654,2023-06-17,21000.0,5,11,False
4209,142,2026-05-02,39400.0,26,11,False
4210,2718,2026-01-16,33800.0,19,11,False
4211,4701,2023-10-30,18500.0,54,12,False
4212,855,2024-12-04,31000.0,22,11,False
4213,6993,2023-01-23,48600.0,28,11,False
4214,3703,2025-05-25,35300.0,1,11,False
4215,5902,2025-06-23,51100.0,38,12,False
4216,5784,2025-12-01,50700.0,42,11,False
4217,6271,2024-01-11,38800.0,3,12,False
4218,4008,2024-05-30,12400.0,19,36,False
4219,5749,2025-02-20,59900.0,25,11,False
4220,605,2025-05-13,26100.0,28,12,False
4221,1948,2025-11-05,33100.0,29,12,False
4222,283,2024-02-03,36900.0,43,12,False
4223,427,2022-10-21,61600.0,35,11,False
4224,7151,2026-07-23,18500.0,9,24,False
4225,4469,2026-02-24,12000.0,20,11,False
4226,4348,2026-06-06,82800.0,0,24,True
4227,6902,2026-07-06,17100.0,4,36,False
4228,1789,2025-07-10,34000.0,33,12,False
4229,4865,2026-01-12,49700.0,30,24,False
4230,2011,2025-03-25,22200.0,25,11,False
4231,4182,2025-04-04,35300.0,31,11,False
4232,4272,2024-11-10,30200.0,27,11,False
4233,7950,2026-01-28,35600.0,20,12,False
4234,7242,2025-04-30,30400.0,18,11,False
4235,3016,2024-06-13,56400.0,19,12,False
4236,1480,2026-02-18,34600.0,39,12,False
4237,5515,2024-10-30,27500.0,28,11,False
4238,2382,2022-12-28,12100.0,52,11,False
4239,5189,2023-04-08,13000.0,6,24,False
4240,2270,2023-05-13,32300.0,41,36,False
4241,7650,2023-09-03,36000.0,32,12,False
4242,3877,2026-05-27,28500.0,7,12,False
4243,7384,2024-02-12,25700.0,24,11,False
4244,7394,2024-07-17,21900.0,25,24,False
4245,2873,2024-09-06,22800.0,29,11,False
4246,5879,2023-10-15,56400.0,17,24,False
4247,5617,2024-03-19,15400.0,29,12,False
4248,4835,2024-06-01,52000.0,45,24,False
4249,1566,2025-01-26,21400.0,51,11,False
4250,4993,2025-12-17,19200.0,53,24,False
4251,3061,2025-12-16,44100.0,30,11,False
4252,7309,2025-12-14,24300.0,29,11,False
4253,4597,2022-12-18,35500.0,38,11,False
4254,1171,2025-10-04,27700.0,54,24,False
4255,951,2024-11-18,46300.0,0,11,False
4256,1492,2024-11-29,48300.0,9,24,False
4257,6073,2023-01-13,26500.0,33,11,False
4258,2784,2024-08-26,45400.0,33,11,False
4259,7231,2024-06-16,38500.0,15,12,False
4260,2567,2024-02-18,25700.0,43,11,False
4261,288,2022-11-28,50500.0,19,24,False
4262,267,2024-12-03,29700.0,0,11,False
4263,2419,2025-05-21,27100.0,10,11,False
4264,6963,2023-10-30,36900.0,18,36,False
4265,3530,2025-10-22,34900.0,14,12,False
4266,7115,2025-01-18,28500.0,4,24,False
4267,6363,2023-04-18,28400.0,41,11,False
4268,5897,2023-06-16,14500.0,31,11,False
4269,5441,2023-01-13,30700.0,0,11,False
4270,5028,2026-04-21,18300.0,18,11,False
4271,1801,2025-02-10,27500.0,39,12,False
4272,3120,2023-05-06,53800.0,3,11,False
4273,2433,2025-09-02,63800.0,44,11,False
4274,2320,2025-09-03,40900.0,64,12,False
4275,41,2024-09-13,29900.0,37,11,False
4276,5951,2025-03-18,26900.0,22,11,False
4277,68,2025-04-14,39300.0,45,11,False
4278,1006,2024-07-15,25000.0,19,12,False
4279,6020,2024-05-23,56400.0,19,12,False
4280,6800,2024-05-15,13700.0,35,11,False
4281,7965,2024-02-25,56000.0,26,12,False
4282,7950,2023-11-29,34900.0,10,24,False
4283,5841,2026-03-23,41000.0,45,12,False
4284,4102,2024-07-23,15300.0,29,11,False
4285,5875,2024-01-30,28200.0,20,24,False
4286,3276,2023-11-05,49800.0,46,12,False
4287,5495,2025-01-31,17200.0,28,11,False
4288,4898,2025-03-24,16200.0,19,12,False
4289,7337,2025-06-19,29500.0,14,11,False
4290,2579,2025-03-10,20600.0,23,24,False
4291,1111,2023-11-09,29900.0,32,11,False
4292,7176,2026-07-27,10200.0,28,11,False
4293,2533,2024-05-12,49500.0,30,11,False
4294,1731,2024-07-07,27200.0,12,11,False
4295,2366,2024-08-08,50900.0,22,24,False
4296,5269,2023-12-24,26200.0,22,24,False
4297,792,2024-04-10,80200.0,25,12,True
4298,7902,2024-11-20,34900.0,21,24,False
4299,4694,2026-06-09,30100.0,47,11,False
4300,1621,2025-07-15,48100.0,33,12,False
4301,1525,2025-12-14,56800.0,29,24,False
4302,6011,2023-09-12,54300.0,40,12,False
4303,671,2025-01-30,27600.0,0,11,False
4304,1379,2026-03-23,45700.0,28,11,False
4305,5544,2024-07-31,26700.0,17,11,False
4306,1328,2026-06-02,29700.0,12,11,False
4307,4032,2025-05-29,20600.0,43,11,False
4308,2030,2023-10-30,37400.0,3,24,False
4309,7310,2023-01-31,43400.0,19,24,False
4310,2089,2023-06-23,35900.0,6,11,False
4311,7522,2025-01-03,26800.0,23,11,False
4312,3600,2024-07-01,30400.0,17,24,False
4313,6151,2026-08-11,56400.0,30,11,False
4314,5564,2025-04-16,39900.0,3,12,False
4315,1084,2023-01-27,50200.0,14,11,False
4316,994,2026-06-07,33300.0,42,12,False
4317,4682,2025-03-17,20000.0,23,12,False
4318,740,2024-06-25,44800.0,7,11,False
4319,2582,2026-01-25,31000.0,26,12,False
4320,3211,2025-09-12,39900.0,39,11,False
4321,5242,2025-02-02,27100.0,18,12,False
4322,7624,2023-09-07,45800.0,28,24,False
4323,345,2025-04-14,13900.0,27,12,False
4324,7756,2025-11-28,28600.0,27,24,False
4325,1478,2025-04-09,42800.0,50,24,False
4326,2431,2025-05-30,54300.0,46,11,False
4327,6721,2024-07-26,30200.0,25,11,False
4328,3744,2023-04-29,26000.0,12,12,False
4329,6450,2026-05-28,21300.0,0,12,False
4330,6847,2024-07-04,23900.0,53,12,False
4331,535,2024-08-20,45800.0,18,12,False
4332,1939,2024-03-28,51100.0,13,11,False
4333,4861,2023-01-18,31900.0,42,24,False
4334,2118,2024-01-02,33400.0,39,12,False
4335,5027,2025-03-23,31900.0,10,36,False
4336,6893,2025-07-23,19900.0,36,24,False
4337,409,2024-08-01,39200.0,33,11,False
4338,6510,2023-01-06,29700.0,29,24,False
4339,6820,2024-10-08,58600.0,55,12,False
4340,1608,2026-02-19,46800.0,18,24,False
4341,6032,2024-02-17,29200.0,28,11,False
4342,4706,2023-06-28,33900.0,52,24,False
4343,3828,2025-04-17,26800.0,0,11,False
4344,4374,2023-03-29,28000.0,14,24,False
4345,4323,2026-01-28,14200.0,18,36,False
4346,1888,2024-10-11,42200.0,41,24,False
4347,1511,2026-07-02,4400.0,0,11,False
4348,2447,2024-01-12,48600.0,14,12,False
4349,6828,2022-09-14,29700.0,22,11,False
4350,785,2025-09-25,29700.0,0,12,False
4351,5648,2025-08-19,45800.0,18,36,False
4352,6350,2025-10-10,12400.0,13,11,False
4353,588,2025-12-24,36900.0,33,11,False
4354,2968,2024-07-30,40900.0,23,11,False
4355,5734,2025-01-09,32500.0,17,12,False
4356,194,2025-12-18,26300.0,38,11,False
4357,2051,2024-01-31,40100.0,37,12,False
4358,1213,2024-08-21,28500.0,40,24,False
4359,2446,2025-03-31,26700.0,6,11,False
4360,3069,2024-03-29,30800.0,48,11,False
4361,5602,2023-04-04,21000.0,44,11,False
4362,1832,2026-03-23,24400.0,23,11,False
4363,7910,2024-10-03,39400.0,31,12,False
4364,1137,2026-04-09,47300.0,10,11,False
4365,4099,2025-02-22,55000.0,35,12,False
4366,7584,2023-02-07,24700.0,3,11,False
4367,2312,2023-05-29,39400.0,44,11,False
4368,3824,2023-04-21,65100.0,0,12,False
4369,3881,2023-06-27,60200.0,23,12,False
4370,1980,2025-07-30,66900.0,44,11,False
4371,6861,2025-10-12,16700.0,52,12,False
4372,4986,2025-03-09,40300.0,53,12,False
4373,4461,2024-05-29,25100.0,29,11,False
4374,742,2023-11-02,39600.0,36,12,False
4375,4482,2024-06-29,33500.0,53,11,False
4376,7976,2023-08-22,12000.0,39,36,False
4377,5709,2025-11-10,14400.0,33,11,False
4378,3534,2026-08-15,32900.0,20,11,False
4379,4561,2024-05-30,80500.0,40,11,True
4380,7774,2025-07-01,22000.0,31,12,False
4381,4640,2023-08-26,38100.0,39,11,False
4382,2188,2026-07-20,49400.0,40,11,False
4383,1682,2025-04-24,35700.0,43,11,False
4384,2863,2024-08-03,26300.0,38,36,False
4385,5074,2025-11-14,39200.0,24,12,False
4386,5666,2025-11-30,46100.0,9,11,False
4387,142,2023-08-13,38100.0,32,11,False
4388,5531,2023-10-18,33000.0,31,12,False
4389,1487,2024-11-09,26700.0,52,11,False
4390,7042,2025-06-27,30800.0,35,12,False
4391,6096,2024-12-02,40300.0,36,11,False
4392,6068,2026-08-12,20400.0,29,12,False
4393,5932,2024-09-15,27700.0,24,24,False
4394,6942,2023-07-02,35500.0,20,11,False
4395,4904,2026-05-22,29400.0,8,36,False
4396,5208,2024-02-15,60300.0,43,11,False
4397,2141,2025-09-12,37000.0,23,12,False
4398,1356,2022-10-13,26400.0,13,11,False
4399,5088,2024-06-24,36800.0,11,11,False
4400,1241,2023-05-25,29300.0,38,11,False
4401,1187,2025-12-06,30700.0,4,11,False
4402,4756,2023-01-14,24100.0,28,11,False
4403,4603,2022-12-11,50500.0,8,11,False
4404,5099,2024-01-10,61300.0,15,36,False
4405,7160,2025-05-06,42900.0,11,11,False
4406,4804,2025-04-08,47100.0,8,12,False
4407,6051,2022-10-16,29800.0,0,11,False
4408,343,2023-01-20,45600.0,24,11,False
4409,3917,2025-08-19,52600.0,19,12,False
4410,2012,2026-05-24,21600.0,32,36,False
4411,716,2024-06-22,45600.0,12,12,False
4412,4517,2025-10-18,25600.0,6,12,False
4413,6906,2023-09-18,30400.0,43,11,False
4414,5605,2022-10-07,43500.0,16,36,False
4415,2483,2024-10-21,6000.0,38,36,False
4416,6511,2025-06-08,53900.0,39,36,False
4417,1841,2023-05-07,41300.0,16,11,False
4418,5584,2024-09-30,40000.0,10,11,False
4419,5791,2023-11-21,33200.0,35,11,False
4420,5024,2023-01-09,23300.0,16,11,False
4421,4754,2026-04-01,24200.0,27,24,False
4422,7855,2023-04-05,39500.0,36,12,False
4423,872,2025-08-18,50000.0,32,12,False
4424,1854,2024-02-04,23800.0,39,11,False
4425,2932,2025-11-16,22900.0,35,11,False
4426,3727,2023-07-31,39300.0,31,12,False
4427,183,2024-10-31,49600.0,29,36,False
4428,3187,2025-10-19,13900.0,47,11,False
4429,5793,2024-12-22,40100.0,12,24,False
4430,4596,2024-05-31,27300.0,30,36,False
4431,5947,2025-05-04,33900.0,42,12,False
4432,7073,2024-01-17,45700.0,47,12,False
4433,1552,2023-06-05,24800.0,40,12,False
4434,7987,2024-05-06,36100.0,33,11,False
4435,5114,2026-08-19,25700.0,20,11,False
4436,1387,2024-02-08,50400.0,36,24,False
4437,2223,2025-04-30,33100.0,24,11,False
4438,3714,2024-01-22,12200.0,14,11,False
4439,3713,2024-09-28,25800.0,0,11,False
4440,4190,2024-04-06,35000.0,18,12,False
4441,3319,2024-08-03,27500.0,20,12,False
4442,3777,2024-06-13,34300.0,21,12,False
4443,19,2023-03-02,19000.0,20,11,False
4444,3486,2024-10-14,25000.0,22,11,False
4445,4785,2023-09-18,33600.0,17,11,False
4446,4656,2022-12-22,28400.0,48,11,False
4447,3075,2023-06-28,57700.0,45,12,False
4448,6261,2025-11-02,36600.0,29,12,False
4449,1160,2025-11-30,26500.0,14,12,False
4450,3421,2025-08-24,51200.0,15,12,False
4451,6728,2025-01-30,16800.0,37,11,False
4452,3392,2022-12-06,41000.0,31,11,False
4453,6175,2023-05-23,51700.0,32,24,False
4454,3455,2025-01-17,31200.0,16,11,False
4455,6890,2026-04-11,49100.0,47,11,False
4456,6377,2023-11-15,51000.0,48,12,False
4457,1006,2024-08-08,25200.0,26,12,False
4458,3403,2023-11-15,19700.0,36,11,False
4459,7778,2025-02-02,40400.0,32,11,False
4460,4721,2024-05-12,31800.0,41,24,False
4461,7474,2026-01-14,21800.0,7,36,False
4462,5066,2026-04-29,56700.0,0,24,False
4463,174,2023-11-21,43900.0,9,24,False
4464,5583,2025-06-25,63500.0,38,11,False
4465,3829,2025-07-17,50100.0,42,12,False
4466,3124,2024-04-15,42500.0,35,24,False
4467,6714,2025-09-15,43200.0,1,11,False
4468,739,2026-03-04,22100.0,25,11,False
4469,3848,2026-06-08,31900.0,36,11,False
4470,5930,2023-09-15,21800.0,38,24,False
4471,1917,2026-06-27,35800.0,49,11,False
4472,7145,2023-06-02,16300.0,8,11,False
4473,5901,2025-09-14,21500.0,28,11,False
4474,4127,2026-07-12,22700.0,31,12,False
4475,5564,2025-04-21,39700.0,11,12,False
4476,1008,2025-04-16,21900.0,6,11,False
4477,3832,2026-04-16,29300.0,43,11,False
4478,2745,2025-04-30,43200.0,35,24,False
4479,423,2023-07-19,35200.0,26,11,False
4480,603,2024-02-03,24700.0,37,12,False
4481,6771,2025-02-23,16100.0,0,11,False
4482,7987,2026-01-03,34400.0,0,24,False
4483,1814,2024-11-16,14000.0,40,12,False
4484,2513,2023-04-01,35700.0,22,11,False
4485,953,2025-12-06,21500.0,35,11,False
4486,5318,2024-09-08,16300.0,18,11,False
4487,5349,2026-07-13,39800.0,21,24,False
4488,3896,2024-01-02,27300.0,29,12,False
4489,334,2026-06-05,25800.0,36,12,False
4490,3532,2025-04-23,42100.0,17,11,False
4491,2762,2023-08-01,36500.0,38,11,False
4492,6313,2025-07-20,21400.0,22,11,False
4493,4100,2025-11-15,21300.0,28,36,False
4494,6014,2026-06-02,43400.0,29,12,False
4495,5168,2025-06-18,42900.0,0,11,False
4496,3959,2025-10-31,40300.0,26,11,False
4497,4296,2023-03-14,40500.0,25,12,False
4498,202,2024-08-29,30800.0,16,36,False
4499,2552,2025-09-08,30400.0,41,11,False
4500,1884,2024-03-12,30600.0,23,24,False
4501,1908,2026-05-22,38500.0,30,12,False
4502,2040,2023-01-18,30200.0,14,24,False
4503,5506,2025-11-15,69800.0,11,11,False
4504,927,2025-04-28,25600.0,26,12,False
4505,4406,2026-06-18,26100.0,20,11,False
4506,4764,2025-10-27,30400.0,22,11,False
4507,3267,2023-04-19,35000.0,32,12,False
4508,7005,2023-09-09,43100.0,11,11,False
4509,7700,2025-04-06,42900.0,24,24,False
4510,7877,2023-12-03,15700.0,0,11,False
4511,5782,2023-04-09,27000.0,0,12,False
4512,784,2024-02-22,12600.0,16,24,False
4513,3231,2026-04-29,12200.0,18,24,False
4514,2556,2024-12-22,41100.0,9,12,False
4515,2775,2025-10-16,40900.0,40,24,False
4516,4831,2024-10-26,32000.0,25,12,False
4517,3670,2025-11-09,30700.0,4,11,False
4518,1665,2023-03-22,30000.0,30,11,False
4519,5921,2023-12-19,41900.0,49,24,False
4520,390,2025-02-08,39700.0,0,11,False
4521,6158,2023-11-10,16800.0,31,24,False
4522,3504,2026-07-17,23800.0,43,12,False
4523,6576,2025-09-01,44000.0,34,12,False
4524,6538,2024-06-09,38000.0,22,11,False
4525,5315,2023-09-09,30000.0,32,24,False
4526,4102,2025-02-24,14300.0,29,12,False
4527,4187,2024-02-22,43800.0,17,11,False
4528,4467,2024-02-14,55400.0,23,12,False
4529,2520,2023-06-29,53500.0,32,11,False
4530,2333,2024-02-18,39400.0,28,12,False
4531,1898,2025-11-28,26800.0,0,12,False
4532,7634,2023-10-03,33500.0,11,12,False
4533,2042,2026-05-01,74900.0,29,24,True
4534,7283,2023-01-26,33500.0,21,36,False
4535,5598,2023-01-09,32900.0,22,12,False
4536,1264,2025-09-21,72300.0,43,11,True
4537,4775,2024-10-05,32200.0,31,12,False
4538,4238,2026-01-12,31900.0,11,11,False
4539,1178,2026-04-03,26500.0,11,11,False
4540,4420,2024-01-02,32800.0,48,36,False
4541,7216,2023-06-28,21400.0,6,11,False
4542,7602,2026-04-27,47600.0,39,36,False
4543,1462,2023-05-21,40600.0,29,11,False
4544,5747,2026-07-01,31400.0,26,36,False
4545,7617,2025-05-19,21800.0,19,11,False
4546,1861,2023-03-18,19300.0,11,24,False
4547,2375,2023-06-17,25900.0,1,36,False
4548,5680,2025-12-08,49500.0,39,11,False
4549,1158,2025-03-17,37200.0,26,11,False
4550,5901,2023-01-13,19300.0,3,11,False
4551,6702,2025-01-02,43300.0,40,11,False
4552,2716,2024-05-30,82100.0,39,24,True
4553,3584,2026-06-09,40700.0,40,11,False
4554,378,2024-05-07,32600.0,54,24,False
4555,2167,2023-11-02,36100.0,27,11,False
4556,4114,2023-01-12,19800.0,42,12,False
4557,2065,2025-09-30,30800.0,23,12,False
4558,3791,2023-10-02,16300.0,48,24,False
4559,5264,2024-08-14,34700.0,23,12,False
4560,3339,2022-12-15,28400.0,17,36,False
4561,3518,2024-02-29,39100.0,23,11,False
4562,1931,2023-03-04,21100.0,27,12,False
4563,1865,2022-09-29,23400.0,29,11,False
4564,1507,2022-12-06,26300.0,30,11,False
4565,2292,2025-04-13,11900.0,15,11,False
4566,5393,2023-08-11,10400.0,38,11,False
4567,3323,2023-08-09,32900.0,9,24,False
4568,7142,2023-09-14,21400.0,0,24,False
4569,5275,2022-11-15,12400.0,30,11,False
4570,3209,2023-01-09,35000.0,20,12,False
4571,2115,2023-05-16,35600.0,50,12,False
4572,363,2023-04-23,47700.0,29,12,False
4573,7396,2023-06-18,24300.0,7,12,False
4574,6848,2024-03-10,64500.0,58,36,False
4575,6962,2023-06-01,25800.0,46,11,False
4576,2086,2024-08-31,18700.0,3,12,False
4577,1169,2026-02-23,39500.0,13,12,False
4578,1672,2024-03-18,12500.0,0,12,False
4579,5622,2023-10-19,20900.0,10,12,False
4580,4094,2026-04-07,45500.0,46,12,False
4581,1987,2022-10-26,48000.0,42,11,False
4582,4882,2024-12-04,30400.0,0,11,False
4583,3444,2026-08-07,32500.0,0,36,False
4584,6723,2025-04-12,12200.0,31,11,False
4585,7996,2024-07-25,31400.0,32,11,False
4586,3051,2023-01-25,23400.0,19,11,False
4587,7,2024-10-21,37900.0,27,11,False
4588,3347,2025-09-25,34600.0,39,11,False
4589,6704,2024-02-22,15300.0,35,12,False
4590,1627,2025-08-05,47500.0,19,36,False
4591,5040,2024-02-16,28500.0,40,36,False
4592,3344,2024-07-25,26600.0,19,24,False
4593,2663,2025-04-01,38800.0,29,11,False
4594,3299,2025-05-22,38300.0,34,11,False
4595,6031,2022-11-23,59700.0,25,12,False
4596,7997,2024-04-18,15000.0,27,11,False
4597,3353,2026-06-20,29200.0,15,24,False
4598,7769,2024-08-18,43100.0,2,11,False
4599,931,2022-10-20,45000.0,29,24,False
4600,2055,2024-10-25,48500.0,16,11,False
4601,1473,2026-01-06,44900.0,20,12,False
4602,5669,2024-03-18,28600.0,0,36,False
4603,3126,2022-10-31,27900.0,30,11,False
4604,5721,2023-11-01,18000.0,40,11,False
4605,3630,2024-08-20,32700.0,18,12,False
4606,4317,2025-11-21,42000.0,20,11,False
4607,6677,2023-07-10,35600.0,47,11,False
4608,5024,2023-07-16,23900.0,32,24,False
4609,2998,2025-12-10,65400.0,43,11,False
4610,1871,2023-04-13,45500.0,31,12,False
4611,584,2026-01-05,27100.0,12,11,False
4612,6606,2025-04-01,35000.0,43,11,False
4613,5634,2025-10-25,27400.0,42,24,False
4614,947,2023-08-30,34900.0,3,12,False
4615,3847,2024-05-08,35900.0,29,12,False
4616,3785,2023-10-30,27300.0,15,36,False
4617,1495,2024-12-27,29000.0,30,11,False
4618,3355,2022-12-19,46100.0,15,11,False
4619,7811,2022-10-13,25500.0,43,11,False
4620,5040,2025-07-03,30300.0,9,12,False
4621,1080,2025-05-16,35200.0,32,11,False
4622,7712,2023-07-23,27300.0,20,12,False
4623,5868,2025-05-12,35900.0,2,24,False
4624,1943,2024-03-07,49600.0,22,11,False
4625,1489,2026-04-13,21400.0,43,12,False
4626,7132,2025-10-26,27300.0,23,24,False
4627,7221,2024-11-28,30800.0,27,11,False
4628,1430,2026-06-30,27100.0,21,24,False
4629,3498,2025-07-05,26300.0,20,11,False
4630,446,2025-08-20,44300.0,30,12,False
4631,3735,2025-03-19,42700.0,43,36,False
4632,6349,2023-07-21,35700.0,49,12,False
4633,4758,2023-02-26,19900.0,28,11,False
4634,7994,2025-11-21,34200.0,27,12,False
4635,1206,2026-08-17,39700.0,19,12,False
4636,7755,2025-06-15,27300.0,25,11,False
4637,6262,2025-01-07,26400.0,26,12,False
4638,4562,2025-05-13,45400.0,24,11,False
4639,6731,2023-02-16,22600.0,30,11,False
4640,1285,2022-11-29,43100.0,15,36,False
4641,3719,2026-02-01,22800.0,23,11,False
4642,1883,2024-11-13,20600.0,54,11,False
4643,2360,2023-01-12,49100.0,36,24,False
4644,6071,2024-03-22,29800.0,29,11,False
4645,6400,2024-10-23,70900.0,27,24,False
4646,928,2024-12-13,24600.0,27,12,False
4647,4444,2024-06-28,41800.0,30,11,False
4648,4743,2022-09-04,20400.0,20,36,False
4649,4103,2023-09-29,30200.0,16,11,False
4650,6771,2023-02-08,17000.0,59,36,False
4651,2218,2023-12-18,28900.0,11,11,False
4652,2221,2023-08-15,35200.0,25,11,False
4653,5791,2025-01-10,31700.0,34,11,False
4654,6446,2025-03-08,25100.0,13,24,False
4655,124,2024-03-23,29100.0,0,11,False
4656,7356,2023-03-10,19700.0,23,11,False
4657,3234,2026-02-17,36800.0,18,36,False
4658,6935,2026-06-11,44100.0,38,12,False
4659,5951,2024-03-28,26300.0,19,24,False
4660,800,2022-08-25,63500.0,0,36,False
4661,6268,2023-05-01,29100.0,15,36,False
4662,6477,2024-04-29,17000.0,20,12,False
4663,2469,2025-07-28,13000.0,47,24,False
4664,811,2025-08-29,23400.0,6,11,False
4665,4266,2024-11-01,42500.0,24,11,False
4666,4248,2024-09-03,23500.0,33,11,False
4667,6714,2024-02-06,45400.0,18,11,False
4668,6926,2023-09-27,30400.0,33,24,False
4669,5742,2022-09-04,24100.0,8,12,False
4670,1980,2026-02-03,62900.0,11,24,False
4671,2204,2026-05-06,68000.0,30,24,False
4672,3895,2023-07-24,43400.0,32,11,False
4673,7305,2025-09-21,43400.0,31,24,False
4674,1330,2024-02-08,20400.0,0,11,False
4675,4257,2023-07-23,37000.0,34,11,False
4676,3216,2024-08-24,29100.0,22,12,False
4677,3316,2023-10-29,28400.0,20,12,False
4678,7814,2025-05-13,71500.0,19,11,True
4679,2403,2025-02-13,57000.0,27,11,False
4680,1976,2022-12-18,26100.0,22,11,False
4681,2782,2024-04-07,36600.0,18,11,False
4682,368,2024-06-05,16800.0,31,11,False
4683,5028,2026-03-05,18400.0,23,11,False
4684,5621,2023-12-09,40100.0,19,12,False
4685,2442,2022-12-21,52200.0,27,12,False
4686,964,2023-11-18,24300.0,9,11,False
4687,7194,2026-04-22,46500.0,0,11,False
4688,5796,2024-02-22,49500.0,33,11,False
4689,1408,2023-07-04,30700.0,26,11,False
4690,1470,2025-05-24,45200.0,20,11,False
4691,3256,2024-01-06,18500.0,59,36,False
4692,7889,2022-09-26,68900.0,21,36,False
4693,4967,2023-04-15,39700.0,21,11,False
4694,7822,2022-12-17,27900.0,33,12,False
4695,343,2022-10-27,44600.0,43,36,False
4696,3060,2025-11-12,49800.0,0,11,False
4697,386,2022-12-27,15000.0,0,11,False
4698,5214,2026-04-11,19900.0,22,12,False
4699,1591,2023-08-12,31300.0,41,11,False
4700,302,2022-12-24,40200.0,24,11,False
4701,139,2023-12-15,35600.0,9,11,False
4702,362,2024-09-07,11800.0,20,11,False
4703,5043,2025-03-04,33600.0,34,11,False
4704,1557,2025-06-17,27800.0,0,11,False
4705,3540,2024-11-24,46200.0,29,11,False
4706,1664,2022-09-06,51900.0,36,24,False
4707,6205,2023-07-08,21500.0,10,11,False
4708,1332,2025-11-12,14100.0,14,12,False
4709,7965,2026-01-30,52400.0,16,11,False
4710,6769,2024-06-12,11600.0,28,24,False
4711,5116,2024-08-08,21500.0,14,12,False
4712,1162,2024-08-09,13000.0,5,12,False
4713,7161,2026-01-23,26200.0,27,12,False
4714,2235,2025-06-06,32000.0,5,12,False
4715,5206,2023-05-27,52800.0,26,24,False
4716,6718,2024-01-06,29600.0,18,11,False
4717,6795,2024-08-19,36000.0,49,11,False
4718,6553,2026-04-06,50500.0,13,12,False
4719,3246,2026-03-17,37500.0,4,12,False
4720,3924,2023-11-06,17100.0,17,11,False
4721,2199,2023-02-25,46000.0,26,11,False
4722,1265,2026-04-10,22600.0,45,12,False
4723,6005,2025-06-05,41100.0,39,11,False
4724,3823,2022-08-27,39900.0,0,11,False
4725,7056,2023-01-03,62700.0,55,11,False
4726,2898,2024-03-14,42100.0,50,36,False
4727,4360,2024-10-18,25600.0,29,36,False
4728,1019,2023-07-24,25800.0,44,12,False
4729,2624,2025-03-04,84400.0,31,12,True
4730,1336,2024-11-08,55600.0,9,12,False
4731,6804,2023-12-01,34400.0,0,36,False
4732,667,2023-08-04,39100.0,1,24,False
4733,2719,2024-03-04,27200.0,51,24,False
4734,2261,2023-09-02,59400.0,32,12,False
4735,1953,2025-08-28,24000.0,23,11,False
4736,3818,2024-06-12,40100.0,21,11,False
4737,2091,2025-12-18,35300.0,48,12,False
4738,6338,2024-06-18,24500.0,0,24,False
4739,3238,2026-02-04,39000.0,38,11,False
4740,1168,2024-05-17,45900.0,27,24,False
4741,6110,2022-11-16,31900.0,29,12,False
4742,269,2024-03-08,38200.0,35,12,False
4743,1887,2023-07-13,60400.0,9,11,False
4744,1746,2023-12-07,25400.0,31,12,False
4745,3715,2026-06-14,24300.0,66,24,False
4746,3290,2026-01-02,22500.0,15,36,False
4747,2344,2026-05-11,33700.0,42,24,False
4748,3820,2025-10-30,37300.0,20,11,False
4749,3918,2024-06-14,27900.0,52,11,False
4750,6677,2025-03-04,38200.0,0,11,False
4751,1544,2026-01-01,39600.0,39,36,False
4752,481,2026-01-02,47500.0,33,36,False
4753,7843,2025-03-10,23100.0,12,11,False
4754,994,2024-07-10,30900.0,32,11,False
4755,1235,2023-07-31,24000.0,23,11,False
4756,5254,2023-07-18,31500.0,26,36,False
4757,2004,2023-05-05,8500.0,12,11,False
4758,566,2024-12-14,30300.0,37,36,False
4759,5228,2024-04-24,34600.0,22,11,False
4760,7850,2025-12-12,44600.0,27,11,False
4761,5824,2025-07-14,42500.0,19,11,False
4762,7855,2023-12-19,40900.0,27,11,False
4763,900,2025-08-26,18600.0,24,12,False
4764,2243,2024-08-19,37500.0,25,24,False
4765,4869,2026-07-21,26700.0,17,11,False
4766,7627,2026-08-12,32700.0,27,11,False
4767,2726,2023-12-30,20900.0,38,12,False
4768,5992,2025-10-01,29000.0,0,36,False
4769,7115,2023-11-04,29200.0,30,12,False
4770,5071,2023-10-04,29400.0,15,11,False
4771,4783,2024-10-07,26800.0,29,11,False
4772,7320,2022-10-22,35400.0,0,11,False
4773,4898,2023-11-06,15400.0,44,11,False
4774,5467,2026-02-15,42300.0,31,11,False
4775,7423,2024-05-22,32900.0,16,36,False
4776,1646,2025-11-03,43400.0,39,12,False
4777,3572,2026-01-03,36900.0,45,11,False
4778,5455,2024-10-18,25800.0,14,11,False
4779,2508,2026-08-06,21500.0,15,11,False
4780,4598,2024-03-07,45900.0,4,36,False
4781,1990,2026-01-22,30700.0,30,11,False
4782,4918,2026-01-05,20900.0,67,24,False
4783,4907,2023-04-13,22200.0,14,12,False
4784,2871,2022-11-03,21300.0,35,24,False
4785,6785,2025-01-04,30300.0,15,11,False
4786,3913,2026-01-10,12700.0,0,11,False
4787,3620,2026-03-13,17600.0,22,12,False
4788,5934,2024-01-27,17300.0,30,24,False
4789,6195,2024-12-13,10700.0,31,24,False
4790,7271,2026-03-11,31700.0,5,12,False
4791,3890,2025-11-04,38900.0,5,11,False
4792,4271,2024-04-15,55700.0,14,36,False
4793,4806,2023-02-07,43700.0,32,11,False
4794,2014,2023-01-24,74900.0,47,11,True
4795,5930,2024-07-27,23800.0,14,11,False
4796,6271,2026-08-10,38700.0,20,11,False
4797,3910,2024-07-10,12500.0,17,12,False
4798,2882,2023-11-11,33900.0,1,11,False
4799,920,2024-06-06,41900.0,17,36,False
4800,368,2023-10-17,17600.0,36,11,False
4801,4358,2025-08-09,32000.0,24,11,False
4802,3194,2024-04-22,37200.0,37,12,False
4803,2615,2024-06-24,23600.0,21,36,False
4804,7652,2024-09-05,56200.0,4,11,False
4805,1905,2025-10-17,55000.0,61,11,False
4806,116,2023-03-29,35300.0,0,11,False
4807,7236,2024-03-07,39800.0,37,24,False
4808,2436,2024-12-09,44200.0,54,12,False
4809,5088,2023-10-26,36400.0,29,24,False
4810,7030,2023-12-26,23800.0,16,12,False
4811,4027,2026-05-29,45200.0,32,12,False
4812,5047,2025-05-09,54500.0,12,11,False
4813,6422,2025-08-31,56200.0,25,11,False
4814,7901,2024-12-14,47200.0,49,11,False
4815,5563,2025-01-25,27400.0,11,24,False
4816,2545,2023-08-31,53700.0,15,12,False
4817,7132,2025-05-17,26300.0,35,12,False
4818,5247,2024-09-30,65900.0,51,12,False
4819,960,2024-01-11,21400.0,38,11,False
4820,7819,2024-04-20,28200.0,24,36,False
4821,1762,2026-01-02,45400.0,0,12,False
4822,2385,2024-02-24,43900.0,1,12,False
4823,2829,2024-12-29,35300.0,3,11,False
4824,1165,2025-01-08,35400.0,38,11,False
4825,2582,2026-04-28,31400.0,32,12,False
4826,4211,2026-06-13,32800.0,22,12,False
4827,3503,2025-07-03,22500.0,54,11,False
4828,5970,2024-04-06,34100.0,19,12,False
4829,4886,2023-07-05,29000.0,13,11,False
4830,3997,2023-03-01,29500.0,46,24,False
4831,3722,2024-04-09,21300.0,47,11,False
4832,3023,2024-10-28,10200.0,17,36,False
4833,6054,2022-10-08,34400.0,1,12,False
4834,2419,2025-09-14,28000.0,7,11,False
4835,4317,2024-05-28,38300.0,13,12,False
4836,279,2024-05-24,25000.0,36,24,False
4837,2043,2024-06-16,42800.0,32,11,False
4838,1255,2025-01-06,44500.0,0,11,False
4839,6470,2024-07-04,67300.0,25,11,False
4840,3840,2025-08-29,25200.0,48,11,False
4841,3823,2023-06-15,42500.0,38,11,False
4842,7873,2024-11-22,18300.0,26,11,False
4843,708,2025-12-07,29500.0,42,12,False
4844,1338,2023-03-18,44300.0,7,12,False
4845,4246,2023-07-11,47100.0,51,12,False
4846,7626,2024-07-04,25300.0,35,11,False
4847,3314,2023-05-15,24500.0,28,12,False
4848,4208,2025-08-13,26100.0,0,12,False
4849,7693,2025-09-01,41200.0,32,12,False
4850,2362,2024-05-29,33300.0,16,11,False
4851,2905,2025-04-24,35700.0,17,36,False
4852,4304,2022-12-22,51200.0,11,11,False
4853,3643,2026-06-02,19900.0,27,12,False
4854,3481,2025-09-02,46900.0,31,11,False
4855,550,2026-08-02,42400.0,24,24,False
4856,2754,2023-02-15,28100.0,24,12,False
4857,4780,2024-11-06,14200.0,12,36,False
4858,1114,2024-04-23,31700.0,13,12,False
4859,3446,2023-05-20,18600.0,22,36,False
4860,25,2025-10-21,40600.0,14,11,False
4861,1607,2024-04-05,50000.0,9,11,False
4862,6273,2026-07-02,48400.0,60,11,False
4863,3029,2025-03-31,44000.0,13,11,False
4864,5791,2023-04-22,33700.0,20,36,False
4865,4333,2023-06-10,40600.0,31,11,False
4866,1806,2023-07-24,13000.0,3,11,False
4867,4850,2025-05-15,38400.0,18,24,False
4868,2285,2025-09-27,20600.0,11,12,False
4869,7449,2022-11-03,50900.0,13,12,False
4870,201,2023-03-17,32100.0,4,12,False
4871,3276,2025-02-06,53700.0,28,12,False
4872,258,2026-05-08,37100.0,49,12,False
4873,3835,2023-08-23,36900.0,25,36,False
4874,4748,2024-02-24,25000.0,18,11,False
4875,2291,2025-10-13,26800.0,38,12,False
4876,6994,2025-11-21,27700.0,2,24,False
4877,3251,2026-03-11,23900.0,35,12,False
4878,3691,2025-12-21,26100.0,0,36,False
4879,3418,2026-06-10,16900.0,18,36,False
4880,5009,2024-02-23,26300.0,19,12,False
4881,5150,2026-07-28,71400.0,26,24,True
4882,7707,2023-09-01,13200.0,15,36,False
4883,7582,2023-07-17,28200.0,27,11,False
4884,417,2026-04-20,39600.0,12,24,False
4885,2058,2024-03-24,22600.0,42,11,False
4886,1412,2024-01-04,48900.0,31,11,False
4887,1125,2023-02-26,53100.0,5,11,False
4888,3509,2023-12-31,23900.0,38,12,False
4889,3740,2024-10-13,29100.0,11,36,False
4890,927,2024-03-14,24600.0,30,36,False
4891,188,2025-09-30,33100.0,45,24,False
4892,4138,2025-01-10,30100.0,46,12,False
4893,3844,2022-12-29,41000.0,0,11,False
4894,2059,2024-08-28,29000.0,4,11,False
4895,5530,2023-08-09,23500.0,17,11,False
4896,2137,2025-06-30,33900.0,11,24,False
4897,3729,2022-10-29,22900.0,27,11,False
4898,2178,2025-10-10,49600.0,23,11,False
4899,5359,2026-01-29,27300.0,12,12,False
4900,361,2023-09-11,32100.0,15,11,False
4901,5770,2024-10-03,40600.0,46,11,False
4902,5300,2025-12-11,9200.0,22,11,False
4903,7231,2023-12-24,37400.0,32,11,False
4904,5900,2024-10-04,82200.0,41,24,True
4905,2475,2025-10-02,28800.0,29,11,False
4906,4357,2023-12-30,13700.0,43,12,False
4907,7703,2023-01-22,26000.0,0,12,False
4908,7984,2026-06-25,39600.0,41,11,False
4909,7681,2025-02-27,43300.0,9,11,False
4910,7509,2025-09-10,32500.0,5,11,False
4911,6603,2024-09-18,35700.0,27,36,False
4912,4650,2022-09-03,39900.0,37,11,False
4913,1530,2023-04-20,29600.0,42,36,False
4914,5247,2024-01-13,68300.0,40,12,False
4915,6460,2023-11-17,32000.0,19,24,False
4916,2206,2023-03-17,24900.0,0,24,False
4917,6173,2025-11-03,30200.0,20,12,False
4918,2612,2023-12-06,9600.0,17,24,False
4919,5530,2026-07-13,22600.0,20,11,False
4920,2393,2024-04-10,32700.0,43,11,False
4921,7776,2026-08-10,26300.0,44,12,False
4922,3021,2026-07-08,19800.0,11,11,False
4923,1266,2024-02-04,62600.0,4,11,False
4924,991,2025-11-01,38600.0,11,11,False
4925,4834,2024-07-20,35600.0,26,36,False
4926,4058,2026-01-26,13800.0,45,36,False
4927,5809,2026-06-09,40100.0,23,11,False
4928,1074,2024-11-01,47000.0,30,36,False
4929,3787,2025-03-08,24100.0,33,11,False
4930,2843,2024-06-02,50700.0,32,11,False
4931,7552,2024-03-21,23100.0,45,12,False
4932,1624,2025-05-07,14700.0,2,11,False
4933,3969,2022-10-20,29800.0,28,11,False
4934,2420,2025-07-09,22000.0,45,12,False
4935,7208,2026-06-09,30100.0,23,11,False
4936,7554,2023-04-23,32800.0,30,12,False
4937,5913,2023-08-18,16400.0,36,24,False
4938,440,2022-12-07,37800.0,0,12,False
4939,2892,2024-07-22,56100.0,18,11,False
4940,1591,2026-03-29,31700.0,38,11,False
4941,7727,2023-01-02,34500.0,25,12,False
4942,5287,2026-07-05,46100.0,12,24,False
4943,3949,2026-04-01,37000.0,42,11,False
4944,7636,2024-11-15,40200.0,38,11,False
4945,1333,2026-06-29,52900.0,7,24,False
4946,7018,2026-04-28,27400.0,23,12,False
4947,6303,2026-06-10,60400.0,21,11,False
4948,2436,2025-09-26,42500.0,47,24,False
4949,183,2025-04-12,51000.0,36,11,False
4950,7344,2024-10-16,32500.0,13,24,False
4951,6832,2024-07-09,17400.0,21,24,False
4952,5688,2024-09-24,28100.0,48,36,False
4953,7395,2024-07-27,71900.0,26,12,True
4954,7331,2026-04-24,39100.0,21,12,False
4955,7809,2024-09-16,41100.0,8,24,False
4956,5698,2023-06-12,28200.0,41,11,False
4957,1625,2025-10-28,34700.0,24,11,False
4958,1623,2022-12-09,34800.0,15,24,False
4959,670,2025-11-02,23700.0,24,11,False
4960,160,2025-11-08,36700.0,21,12,False
4961,4045,2024-11-25,18300.0,25,12,False
4962,7335,2025-10-27,19100.0,35,11,False
4963,7499,2023-04-30,36100.0,43,24,False
4964,6694,2025-11-26,20400.0,3,36,False
4965,1032,2024-07-12,33600.0,44,12,False
4966,53,2025-04-19,25800.0,27,11,False
4967,6690,2024-03-15,46700.0,34,36,False
4968,7142,2023-11-01,21900.0,22,11,False
4969,5256,2024-05-05,49400.0,12,11,False
4970,5264,2023-07-28,33600.0,34,36,False
4971,6994,2025-09-03,27800.0,17,11,False
4972,2358,2024-10-19,31800.0,18,12,False
4973,1256,2024-08-29,15400.0,0,11,False
4974,7380,2024-07-08,31700.0,46,11,False
4975,5713,2022-09-17,49500.0,41,12,False
4976,7070,2022-12-12,17900.0,28,11,False
4977,5708,2022-10-19,36100.0,29,11,False
4978,1058,2024-09-28,45800.0,31,11,False
4979,3788,2023-11-19,39600.0,20,11,False
4980,6173,2025-05-16,32600.0,32,12,False
4981,4139,2023-03-27,32900.0,23,11,False
4982,7613,2022-09-19,48700.0,31,36,False
4983,5057,2025-05-11,49000.0,21,11,False
4984,4553,2025-07-22,30500.0,50,12,False
4985,7967,2025-04-04,14800.0,19,24,False
4986,5309,2022-08-25,32400.0,32,11,False
4987,7168,2025-07-11,40900.0,19,11,False
4988,5960,2024-08-03,21000.0,42,12,False
4989,7887,2023-10-28,18000.0,14,11,False
4990,7917,2026-06-03,50200.0,26,11,False
4991,5683,2022-11-25,70500.0,24,12,False
4992,5201,2023-09-26,24800.0,22,11,False
4993,1292,2024-08-17,34300.0,34,11,False
4994,7315,2023-03-08,26700.0,5,11,False
4995,1926,2026-02-03,39500.0,41,12,False
4996,7475,2022-11-27,65700.0,31,12,False
4997,1850,2026-02-08,55700.0,13,36,False
4998,3243,2023-09-17,43000.0,0,11,False
4999,3885,2024-04-17,20700.0,34,11,False
5000,2392,2026-02-17,18500.0,50,11,False
5001,6485,2023-11-29,54100.0,28,11,False
5002,3497,2025-08-04,20300.0,25,36,False
5003,5323,2025-10-02,42100.0,21,24,False
5004,833,2024-01-21,29900.0,24,36,False
5005,6020,2024-04-03,59900.0,33,11,False
5006,6183,2025-05-10,27300.0,16,12,False
5007,2491,2024-06-03,46000.0,7,11,False
5008,6606,2023-09-26,33400.0,21,36,False
5009,7235,2025-12-07,38400.0,31,24,False
5010,906,2023-07-21,31900.0,28,11,False
5011,6076,2025-07-08,41600.0,7,24,False
5012,5394,2022-11-08,45500.0,27,12,False
5013,678,2024-10-08,30200.0,21,11,False
5014,7979,2025-09-13,46000.0,21,11,False
5015,4835,2023-10-21,48200.0,38,11,False
5016,2682,2024-10-21,29000.0,43,11,False
5017,5862,2026-05-22,28900.0,19,11,False
5018,7987,2023-05-22,36600.0,2,24,False
5019,4328,2022-09-08,32000.0,15,11,False
5020,6169,2026-07-03,17800.0,17,12,False
5021,5917,2024-08-30,38200.0,31,11,False
5022,4627,2024-08-09,38200.0,30,12,False
5023,5694,2026-03-29,40200.0,37,11,False
5024,6900,2025-05-22,42200.0,12,12,False
5025,7206,2023-07-01,54600.0,6,11,False
5026,834,2024-10-09,20900.0,21,11,False
5027,2237,2025-03-18,26400.0,14,12,False
5028,1133,2024-05-03,25800.0,35,11,False
5029,2274,2025-10-25,25800.0,36,11,False
5030,198,2026-02-02,46800.0,25,24,False
5031,2730,2023-12-23,30300.0,10,12,False
5032,7894,2026-07-18,25200.0,29,11,False
5033,6218,2023-04-01,35100.0,0,11,False
5034,6981,2023-03-04,36100.0,21,11,False
5035,3576,2024-07-29,56500.0,32,12,False
5036,2502,2023-09-15,25500.0,24,11,False
5037,476,2025-04-15,29700.0,7,11,False
5038,6495,2024-01-02,22000.0,46,12,False
5039,1992,2025-06-13,43500.0,16,24,False
5040,5137,2025-02-12,52100.0,40,11,False
5041,3990,2024-06-22,27000.0,25,11,False
5042,2054,2023-01-06,35800.0,27,11,False
5043,3888,2022-10-23,20800.0,35,24,False
5044,6920,2023-01-23,58800.0,37,36,False
5045,7247,2024-05-12,32600.0,0,36,False
5046,5113,2025-01-26,32700.0,2,36,False
5047,6451,2026-01-08,21400.0,9,24,False
5048,4212,2024-07-26,53000.0,27,11,False
5049,3884,2023-03-01,36300.0,52,11,False
5050,4081,2025-02-07,36200.0,49,12,False
5051,236,2024-01-13,38600.0,38,24,False
5052,7334,2024-12-01,53200.0,21,12,False
5053,5336,2022-10-26,49800.0,30,11,False
5054,946,2026-01-10,38200.0,10,12,False
5055,3692,2023-04-03,27600.0,0,12,False
5056,531,2025-07-12,27700.0,36,11,False
5057,6029,2024-01-17,34000.0,14,12,False
5058,3607,2023-08-03,38100.0,34,24,False
5059,4630,2025-06-15,36600.0,43,11,False
5060,5000,2026-07-06,55200.0,27,11,False
5061,1666,2024-06-07,44000.0,7,12,False
5062,5956,2022-08-25,23500.0,34,36,False
5063,4734,2023-09-16,25600.0,30,24,False
5064,7276,2025-03-22,38500.0,11,12,False
5065,5967,2023-06-04,43400.0,25,24,False
5066,5895,2024-07-16,25000.0,12,11,False
5067,1347,2023-12-30,34500.0,50,36,False
5068,2921,2023-04-12,48400.0,12,11,False
5069,5120,2026-04-09,43000.0,0,11,False
5070,1152,2024-01-04,27200.0,56,12,False
5071,5744,2026-06-29,28100.0,14,12,False
5072,5544,2025-02-27,27300.0,11,12,False
5073,7166,2024-02-14,35500.0,6,12,False
5074,2644,2023-12-04,48700.0,26,12,False
5075,1046,2023-02-18,48000.0,55,36,False
5076,5795,2024-05-08,40600.0,55,36,False
5077,1409,2023-06-24,36700.0,31,11,False
5078,3457,2025-01-18,39300.0,8,11,False
5079,1554,2024-05-29,40000.0,31,11,False
5080,5901,2023-10-06,21300.0,41,11,False
5081,6220,2023-04-17,89100.0,33,11,True
5082,228,2022-09-17,27600.0,20,12,False
5083,5475,2025-10-13,30100.0,26,11,False
5084,5080,2023-12-21,49200.0,26,11,False
5085,909,2026-05-18,30700.0,2,12,False
5086,5697,2023-11-05,35800.0,45,12,False
5087,4166,2026-01-26,21300.0,0,11,False
5088,5247,2026-08-12,69200.0,0,11,False
5089,2308,2026-06-27,30100.0,8,11,False
5090,2851,2026-04-17,25300.0,28,24,False
5091,400,2023-10-30,60900.0,29,11,False
5092,5335,2025-11-16,42100.0,8,12,False
5093,2123,2025-12-09,48000.0,31,12,False
5094,7193,2024-12-18,9400.0,37,12,False
5095,7854,2023-04-08,23600.0,0,11,False
5096,4851,2023-02-26,44800.0,48,11,False
5097,4528,2025-01-14,7900.0,44,12,False
5098,3317,2024-09-13,27000.0,26,12,False
5099,5701,2024-10-24,26900.0,29,11,False
5100,3984,2025-05-28,17300.0,9,11,False
5101,5160,2023-05-06,64200.0,35,11,False
5102,2049,2025-03-31,25500.0,13,24,False
5103,2060,2026-06-11,23600.0,25,11,False
5104,3247,2026-07-04,24900.0,25,36,False
5105,2727,2026-04-17,30800.0,0,12,False
5106,1920,2025-07-18,31200.0,30,11,False
5107,1224,2023-07-30,42100.0,26,12,False
5108,1811,2026-04-30,26300.0,26,12,False
5109,162,2024-05-15,23200.0,11,12,False
5110,4069,2025-10-16,32100.0,0,24,False
5111,1790,2024-07-21,29200.0,35,11,False
5112,789,2026-02-28,63600.0,11,12,False
5113,7585,2023-08-31,64200.0,13,11,False
5114,6048,2023-05-26,18700.0,28,36,False
5115,6554,2023-11-09,37500.0,4,11,False
5116,7324,2025-02-24,65500.0,37,24,False
5117,5262,2024-01-02,20300.0,2,11,False
5118,6607,2023-11-07,34900.0,22,24,False
5119,957,2026-03-22,55000.0,11,11,False
5120,3300,2024-09-16,25400.0,55,12,False
5121,548,2023-04-17,65400.0,54,11,False
5122,6774,2026-07-13,11900.0,25,36,False
5123,5029,2024-02-20,21900.0,0,11,False
5124,1493,2024-07-16,41000.0,15,11,False
5125,5299,2023-12-26,49600.0,30,11,False
5126,359,2024-04-04,33100.0,17,11,False
5127,3689,2025-06-23,63200.0,18,12,False
5128,3405,2023-11-12,32900.0,33,11,False
5129,236,2026-03-18,36500.0,47,11,False
5130,6504,2026-02-06,40400.0,34,24,False
5131,1583,2025-03-23,24900.0,5,11,False
5132,7636,2025-12-21,42300.0,6,11,False
5133,2141,2025-02-01,35900.0,30,11,False
5134,4309,2024-12-01,32600.0,19,12,False
5135,2146,2025-09-07,16800.0,23,11,False
5136,1711,2023-07-16,28500.0,45,24,False
5137,6853,2026-05-06,23400.0,30,12,False
5138,5278,2025-03-22,52900.0,7,24,False
5139,2145,2025-03-13,52200.0,0,11,False
5140,3742,2023-02-19,44200.0,24,36,False
5141,4759,2024-07-07,30200.0,34,11,False
5142,3681,2026-02-02,31400.0,44,36,False
5143,3836,2026-06-24,30100.0,26,11,False
5144,3249,2025-02-20,18700.0,36,11,False
5145,1857,2025-07-08,35900.0,27,11,False
5146,3931,2024-11-26,39500.0,22,11,False
5147,2049,2022-09-02,25400.0,25,11,False
5148,7163,2022-11-24,55400.0,10,11,False
5149,4597,2025-06-06,33200.0,34,36,False
5150,7459,2024-07-25,13600.0,45,12,False
5151,686,2024-07-18,42400.0,3,11,False
5152,390,2023-02-22,39800.0,36,24,False
5153,2206,2026-02-24,24200.0,38,24,False
5154,2720,2024-04-03,56700.0,24,11,False
5155,2109,2025-05-30,48700.0,29,36,False
5156,3942,2026-07-05,36900.0,14,36,False
5157,3333,2025-12-19,16400.0,35,11,False
5158,5091,2023-02-19,40400.0,29,24,False
5159,7862,2023-09-06,47500.0,0,11,False
5160,4742,2023-04-01,44400.0,41,11,False
5161,4366,2022-10-07,53700.0,38,11,False
5162,6691,2024-04-13,27400.0,14,36,False
5163,752,2025-01-12,11500.0,26,11,False
5164,1432,2022-11-05,18200.0,26,11,False
5165,3339,2025-09-04,28600.0,0,11,False
5166,7153,2025-07-03,21300.0,42,11,False
5167,2328,2023-09-16,35600.0,24,24,False
5168,3995,2025-12-14,55300.0,25,12,False
5169,4014,2026-07-13,27100.0,29,11,False
5170,4310,2026-04-13,49200.0,3,11,False
5171,3307,2025-05-07,43000.0,37,24,False
5172,2895,2023-03-24,32800.0,15,12,False
5173,3846,2023-08-08,21100.0,13,11,False
5174,2567,2026-05-30,25800.0,31,11,False
5175,2199,2023-02-02,41700.0,21,36,False
5176,3760,2024-06-22,31400.0,0,12,False
5177,2806,2025-11-29,6900.0,4,11,False
5178,6218,2024-03-20,37000.0,25,11,False
5179,3957,2026-04-12,31300.0,24,12,False
5180,7827,2023-09-01,38000.0,0,12,False
5181,3852,2026-06-22,63700.0,29,11,False
5182,5925,2023-12-12,46100.0,10,24,False
5183,5942,2024-12-02,14600.0,14,12,False
5184,2272,2025-10-14,53600.0,33,24,False
5185,2855,2026-02-23,31900.0,37,11,False
5186,1735,2025-03-03,56100.0,25,11,False
5187,5663,2024-09-20,32400.0,30,24,False
5188,7455,2023-02-19,22800.0,42,11,False
5189,3546,2025-01-27,62100.0,2,12,False
5190,4157,2023-07-11,34000.0,43,12,False
5191,5980,2026-07-20,28600.0,55,12,False
5192,1559,2025-01-28,50200.0,50,12,False
5193,4868,2026-07-29,51900.0,64,11,False
5194,33,2023-09-22,10000.0,14,11,False
5195,6329,2025-11-02,16600.0,9,11,False
5196,4119,2023-04-15,18600.0,1,11,False
5197,2623,2024-12-07,33000.0,44,11,False
5198,2866,2025-03-08,26500.0,0,11,False
5199,3987,2025-12-20,36700.0,36,11,False
5200,3795,2026-06-26,19000.0,27,11,False
5201,6284,2025-03-22,64300.0,22,11,False
5202,5770,2023-12-04,40400.0,35,11,False
5203,732,2024-04-20,24800.0,35,12,False
5204,6843,2024-04-17,23200.0,18,11,False
5205,6654,2025-05-29,20000.0,9,12,False
5206,4684,2025-10-13,12200.0,39,12,False
5207,990,2025-10-27,29500.0,50,11,False
5208,3804,2022-12-18,21900.0,36,36,False
5209,7549,2024-01-17,19600.0,20,36,False
5210,6911,2026-01-31,70500.0,46,12,False
5211,4506,2022-09-18,31000.0,10,11,False
5212,4657,2023-04-23,40300.0,35,24,False
5213,2257,2024-05-11,17400.0,11,11,False
5214,4530,2026-04-14,68700.0,10,24,False
5215,7070,2025-08-07,19100.0,0,11,False
5216,4423,2024-06-29,16500.0,47,11,False
5217,3102,2025-10-01,31300.0,39,11,False
5218,7022,2024-03-30,55200.0,18,11,False
5219,3660,2022-09-04,24300.0,31,11,False
5220,5698,2025-07-06,27700.0,25,12,False
5221,3191,2023-03-17,35300.0,4,12,False
5222,3366,2024-11-19,45600.0,42,36,False
5223,5293,2024-12-06,38900.0,4,11,False
5224,654,2025-06-12,23900.0,40,11,False
5225,4818,2025-03-06,16300.0,64,11,False
5226,195,2024-05-12,29200.0,34,11,False
5227,4090,2026-01-01,14400.0,4,12,False
5228,496,2024-04-05,25500.0,20,11,False
5229,2254,2026-02-03,44900.0,33,11,False
5230,2715,2025-03-19,38800.0,23,36,False
5231,5465,2023-11-02,38700.0,13,12,False
5232,6694,2024-06-09,20600.0,52,12,False
5233,3356,2024-08-03,34000.0,33,24,False
5234,1129,2026-01-01,48500.0,23,12,False
5235,5360,2025-06-15,34800.0,38,12,False
5236,6757,2023-11-27,28100.0,36,11,False
5237,1269,2025-04-08,56900.0,19,11,False
5238,524,2022-11-04,30300.0,35,24,False
5239,5845,2026-04-26,37400.0,4,24,False
5240,5340,2023-05-04,39800.0,44,11,False
5241,396,2023-08-18,51400.0,28,12,False
5242,640,2024-03-27,38100.0,22,12,False
5243,3802,2024-08-08,23200.0,45,11,False
5244,1889,2023-03-17,19800.0,38,11,False
5245,2713,2025-06-15,57200.0,20,24,False
5246,997,2022-11-17,22700.0,40,12,False
5247,4633,2024-05-13,16500.0,22,36,False
5248,3485,2026-06-08,22500.0,28,36,False
5249,7464,2025-11-17,23500.0,30,24,False
5250,3962,2023-09-15,30600.0,16,11,False
5251,6828,2024-12-01,31700.0,47,11,False
5252,280,2025-02-13,49700.0,20,24,False
5253,234,2023-11-09,95300.0,20,11,True
5254,1587,2023-07-23,48800.0,21,24,False
5255,5813,2024-12-06,18400.0,25,24,False
5256,5325,2024-12-25,66000.0,10,36,False
5257,7817,2023-09-28,22800.0,0,11,False
5258,3350,2026-01-18,35100.0,7,11,False
5259,2461,2025-08-04,19400.0,41,12,False
5260,3596,2025-04-27,35400.0,15,11,False
5261,26,2026-02-03,63600.0,1,11,False
5262,7346,2025-10-18,17300.0,34,24,False
5263,5636,2025-05-22,29500.0,30,11,False
5264,6793,2023-05-01,21100.0,6,11,False
5265,7624,2024-07-04,43200.0,16,11,False
5266,7662,2025-05-29,46900.0,41,11,False
5267,6547,2023-12-21,42600.0,50,24,False
5268,465,2023-06-05,23700.0,0,36,False
5269,3852,2025-12-10,67400.0,41,12,False
5270,6739,2025-12-08,27600.0,30,24,False
5271,3514,2023-01-11,26000.0,30,12,False
5272,5302,2023-07-09,33200.0,47,11,False
5273,5217,2022-09-17,18600.0,24,11,False
5274,7158,2024-07-23,52700.0,47,11,False
5275,3567,2023-09-29,19200.0,38,12,False
5276,2038,2023-08-18,33700.0,40,12,False
5277,498,2026-03-24,47600.0,7,12,False
5278,1098,2025-05-08,43300.0,17,11,False
5279,6852,2022-11-01,19000.0,44,11,False
5280,3249,2026-07-30,19600.0,32,11,False
5281,216,2024-04-29,51300.0,25,11,False
5282,7763,2023-01-15,23400.0,16,11,False
5283,1761,2023-05-08,23700.0,51,24,False
5284,1628,2023-10-22,29100.0,25,11,False
5285,2663,2024-07-14,39800.0,19,12,False
5286,159,2023-08-25,51200.0,47,11,False
5287,6775,2025-03-02,65000.0,7,12,False
5288,4889,2024-10-15,48300.0,2,11,False
5289,3395,2023-05-25,33600.0,31,11,False
5290,2905,2025-11-28,34700.0,19,11,False
5291,1816,2023-04-06,29100.0,53,11,False
5292,2097,2023-08-08,17600.0,47,11,False
5293,7922,2024-01-08,36600.0,42,11,False
5294,6064,2023-12-06,27100.0,19,11,False
5295,6642,2022-12-04,38200.0,53,11,False
5296,6742,2022-10-29,53100.0,39,11,False
5297,2346,2023-08-18,47700.0,12,36,False
5298,5808,2023-02-28,23600.0,28,24,False
5299,1734,2023-01-07,36500.0,57,11,False
5300,3064,2022-09-30,17600.0,39,11,False
5301,2523,2025-06-20,47500.0,29,12,False
5302,1990,2024-02-05,27500.0,22,36,False
5303,3897,2024-01-22,47300.0,19,12,False
5304,6287,2024-10-08,13300.0,26,11,False
5305,2846,2024-08-17,22700.0,33,11,False
5306,3729,2025-11-06,25300.0,26,12,False
5307,5358,2026-06-16,15700.0,9,11,False
5308,6557,2023-09-13,20500.0,0,11,False
5309,5800,2026-08-16,38100.0,9,36,False
5310,2555,2022-11-04,23500.0,33,24,False
5311,7714,2023-03-29,38800.0,41,11,False
5312,7617,2026-03-20,21400.0,14,11,False
5313,3730,2025-11-26,16600.0,32,11,False
5314,2703,2025-05-02,25000.0,25,11,False
5315,6729,2026-06-02,45400.0,30,11,False
5316,6486,2024-03-16,34200.0,40,12,False
5317,7916,2022-12-02,28700.0,0,12,False
5318,7006,2025-01-03,34500.0,25,11,False
5319,2400,2023-04-05,31300.0,2,11,False
5320,1976,2025-11-19,25900.0,27,11,False
5321,3375,2026-01-21,32200.0,20,11,False
5322,1796,2023-02-28,11700.0,25,11,False
5323,6275,2023-07-25,30100.0,43,12,False
5324,5199,2025-11-01,35400.0,3,11,False
5325,5760,2022-10-11,46900.0,26,12,False
5326,1143,2024-07-30,23300.0,37,11,False
5327,2624,2024-09-13,80100.0,17,11,True
5328,3583,2024-12-23,20300.0,35,24,False
5329,500,2026-01-04,33600.0,16,11,False
5330,3387,2025-12-03,50900.0,43,11,False
5331,629,2025-07-25,26900.0,6,11,False
5332,3312,2026-03-06,23500.0,0,12,False
5333,3911,2026-03-31,16000.0,28,11,False
5334,6612,2024-01-12,56600.0,32,12,False
5335,2432,2025-08-09,37400.0,51,24,False
5336,6324,2025-07-20,29100.0,35,11,False
5337,1581,2023-11-15,66400.0,18,12,False
5338,5070,2026-06-24,37500.0,37,11,False
5339,5911,2026-05-12,30200.0,24,12,False
5340,3647,2026-07-13,60400.0,68,11,False
5341,1641,2025-02-05,26000.0,16,11,False
5342,3840,2026-02-17,28100.0,47,24,False
5343,6552,2023-01-27,38200.0,21,11,False
5344,4781,2025-05-27,47600.0,13,12,False
5345,1932,2026-01-25,23900.0,37,12,False
5346,1303,2023-11-21,59400.0,15,36,False
5347,6848,2024-08-13,62700.0,40,24,False
5348,2804,2023-02-13,24100.0,18,11,False
5349,6076,2026-05-12,41900.0,42,11,False
5350,7411,2024-05-12,25500.0,36,12,False
5351,2548,2023-07-22,19000.0,35,11,False
5352,7314,2026-06-20,65000.0,12,12,False
5353,5572,2025-02-28,52300.0,23,11,False
5354,5376,2023-02-28,25200.0,31,36,False
5355,360,2023-09-29,55300.0,0,36,False
5356,5844,2023-08-14,44100.0,5,12,False
5357,6554,2025-12-29,38400.0,12,24,False
5358,7340,2024-05-10,47100.0,17,11,False
5359,6230,2025-08-12,28600.0,15,11,False
5360,6591,2023-03-03,10400.0,23,11,False
5361,887,2026-01-15,53100.0,17,24,False
5362,903,2025-04-26,18100.0,30,11,False
5363,2045,2026-02-14,19300.0,44,12,False
5364,6430,2025-04-06,20100.0,45,11,False
5365,5632,2026-03-14,43200.0,12,11,False
5366,1311,2025-07-01,22500.0,1,11,False
5367,629,2023-08-01,28700.0,9,11,False
5368,900,2023-02-28,16700.0,36,11,False
5369,811,2026-02-16,23300.0,35,11,False
5370,3727,2022-08-21,40600.0,14,11,False
5371,6400,2024-05-17,69900.0,13,11,False
5372,3508,2022-12-04,47700.0,24,12,False
5373,1325,2022-10-19,20600.0,54,36,False
5374,4821,2023-04-01,54000.0,35,11,False
5375,6055,2023-11-22,28700.0,28,24,False
5376,246,2024-11-18,40800.0,53,12,False
5377,2962,2024-03-05,48000.0,19,11,False
5378,6733,2025-11-13,30800.0,15,24,False
5379,947,2025-04-21,36500.0,49,11,False
5380,5487,2024-04-24,28700.0,30,11,False
5381,528,2024-05-31,31800.0,42,24,False
5382,3292,2026-02-21,23000.0,0,12,False
5383,2461,2023-11-10,18000.0,11,11,False
5384,8,2025-05-18,35900.0,13,24,False
5385,2580,2025-05-28,26900.0,14,11,False
5386,3506,2024-04-28,49100.0,42,11,False
5387,2063,2026-04-14,19200.0,31,24,False
5388,4695,2024-08-27,47700.0,31,11,False
5389,5849,2025-08-12,44800.0,0,12,False
5390,7128,2025-01-02,23400.0,10,12,False
5391,7752,2023-01-26,34100.0,18,11,False
5392,5273,2022-12-12,53000.0,33,11,False
5393,6881,2023-10-09,45800.0,8,11,False
5394,4382,2025-08-26,29900.0,29,11,False
5395,3752,2025-07-25,22800.0,39,11,False
5396,3756,2026-01-12,40500.0,2,24,False
5397,2864,2025-07-25,18000.0,0,11,False
5398,6098,2025-01-12,14600.0,33,11,False
5399,6367,2024-07-29,37400.0,26,36,False
5400,86,2024-09-08,34200.0,40,12,False
5401,3190,2024-08-20,18000.0,33,11,False
5402,4328,2023-01-10,33900.0,48,11,False
5403,2522,2025-01-03,15900.0,29,11,False
5404,6348,2022-10-14,33900.0,29,11,False
5405,3704,2025-10-30,46800.0,12,11,False
5406,1673,2026-03-20,48800.0,66,11,False
5407,3668,2025-04-05,45600.0,43,11,False
5408,7477,2024-03-05,75500.0,36,11,True
5409,4103,2023-08-10,27400.0,23,12,False
5410,3408,2024-09-22,67300.0,23,11,False
5411,2268,2024-04-06,20300.0,25,24,False
5412,5972,2024-08-31,25500.0,18,12,False
5413,2267,2025-06-18,14000.0,6,11,False
5414,6008,2025-07-27,38100.0,20,12,False
5415,5079,2022-12-27,19400.0,33,12,False
5416,2421,2025-11-26,19000.0,9,12,False
5417,3723,2024-01-18,32600.0,43,11,False
5418,2558,2024-04-25,11700.0,22,24,False
5419,961,2025-01-06,53600.0,6,11,False
5420,5846,2026-08-09,17800.0,17,12,False
5421,2901,2025-02-22,28800.0,12,12,False
5422,2719,2025-04-11,24900.0,37,11,False
5423,7476,2024-02-28,27000.0,38,36,False
5424,3006,2026-08-10,46600.0,12,11,False
5425,4548,2025-09-01,52400.0,5,11,False
5426,7776,2024-10-11,26300.0,14,36,False
5427,4039,2023-04-11,38700.0,21,11,False
5428,1714,2024-07-19,54200.0,40,11,False
5429,1224,2024-09-23,43700.0,30,11,False
5430,4199,2022-09-06,36200.0,26,11,False
5431,2850,2026-06-06,11900.0,0,11,False
5432,7587,2025-06-28,41500.0,31,11,False
5433,1493,2023-04-05,39500.0,49,24,False
5434,3400,2022-08-22,23600.0,10,11,False
5435,677,2025-03-09,37200.0,30,11,False
5436,6834,2024-11-06,37300.0,17,11,False
5437,5741,2025-04-29,22500.0,66,12,False
5438,2225,2026-05-29,28000.0,16,12,False
5439,3831,2023-10-18,37300.0,13,11,False
5440,610,2023-04-02,48900.0,4,12,False
5441,2710,2023-05-29,24700.0,7,24,False
5442,4526,2023-06-23,25700.0,22,11,False
5443,3912,2024-04-24,54400.0,26,11,False
5444,3997,2022-09-14,29000.0,41,24,False
5445,997,2024-09-11,21200.0,34,12,False
5446,2505,2025-07-17,33700.0,38,36,False
5447,638,2025-06-25,47200.0,9,11,False
5448,1666,2022-10-01,43700.0,38,11,False
5449,7937,2024-10-07,24100.0,10,12,False
5450,3782,2022-10-31,17900.0,26,36,False
5451,3513,2024-03-26,18500.0,38,11,False
5452,3759,2024-05-28,31700.0,9,12,False
5453,4021,2026-03-03,40200.0,35,11,False
5454,2827,2025-09-03,18600.0,26,11,False
5455,7338,2024-12-20,21000.0,0,11,False
5456,4473,2026-08-03,23900.0,22,24,False
5457,4888,2024-02-13,24300.0,20,12,False
5458,116,2025-03-14,34900.0,24,36,False
5459,5068,2024-01-08,8200.0,25,11,False
5460,2047,2023-10-09,67000.0,25,11,False
5461,705,2024-10-29,64300.0,16,12,False
5462,3238,2024-04-12,35900.0,7,11,False
5463,1132,2026-03-14,25100.0,30,24,False
5464,6605,2023-09-04,49700.0,11,12,False
5465,3080,2024-07-22,39800.0,20,12,False
5466,2209,2024-11-21,19100.0,44,11,False
5467,6013,2026-05-29,42600.0,21,12,False
5468,7379,2024-02-24,22100.0,18,12,False
5469,154,2024-09-10,22500.0,23,11,False
5470,6121,2024-04-21,25900.0,24,24,False
5471,5646,2024-02-15,30000.0,22,12,False
5472,3785,2026-02-08,27100.0,0,11,False
5473,5506,2023-12-26,64400.0,42,12,False
5474,4514,2024-08-06,60900.0,60,12,False
5475,3874,2023-01-14,31000.0,20,12,False
5476,1090,2024-05-01,19700.0,30,11,False
5477,4296,2024-01-19,37200.0,15,36,False
5478,6147,2022-10-25,20900.0,0,12,False
5479,1957,2025-04-23,44900.0,32,11,False
5480,1244,2025-10-25,39500.0,23,12,False
5481,5643,2025-12-01,46700.0,33,12,False
5482,7601,2023-06-18,40900.0,37,12,False
5483,2453,2023-11-06,38900.0,15,24,False
5484,7313,2026-05-04,15200.0,22,12,False
5485,1811,2022-12-28,24200.0,40,24,False
5486,2004,2022-10-30,8500.0,21,11,False
5487,2843,2025-02-19,51700.0,7,12,False
5488,5822,2024-05-22,29300.0,17,11,False
5489,4912,2024-12-26,40300.0,28,11,False
5490,7578,2023-03-22,40000.0,19,12,False
5491,4853,2025-07-06,36500.0,28,11,False
5492,2937,2023-03-04,24800.0,22,11,False
5493,5155,2024-10-01,34700.0,32,12,False
5494,671,2026-06-24,28400.0,30,24,False
5495,6373,2024-05-07,19200.0,40,11,False
5496,2693,2025-09-01,33500.0,42,11,False
5497,2380,2023-06-28,24300.0,19,11,False
5498,4046,2025-09-18,47400.0,45,24,False
5499,2504,2025-06-12,53200.0,19,12,False
5500,1160,2024-07-24,26100.0,25,36,False
5501,712,2023-08-08,15300.0,24,12,False
5502,6475,2025-05-05,28000.0,52,12,False
5503,7626,2023-01-12,24700.0,19,36,False
5504,2083,2024-08-12,36800.0,15,11,False
5505,6608,2024-11-11,43700.0,48,24,False
5506,6430,2023-01-25,21500.0,15,36,False
5507,4753,2025-10-06,38900.0,58,11,False
5508,7973,2025-12-28,32300.0,7,11,False
5509,4604,2023-01-24,9400.0,25,36,False
5510,4662,2023-10-07,27200.0,0,11,False
5511,2228,2024-07-21,35300.0,12,11,False
5512,2902,2023-04-01,38800.0,41,11,False
5513,891,2026-01-15,50600.0,24,11,False
5514,84,2023-03-17,30300.0,45,11,False
5515,1453,2025-04-17,23200.0,16,11,False
5516,7048,2023-03-10,15500.0,22,11,False
5517,2734,2024-02-18,26500.0,18,11,False
5518,3256,2025-11-27,16800.0,29,11,False
5519,4418,2023-12-25,33400.0,37,11,False
5520,4068,2022-09-23,43200.0,51,11,False
5521,6841,2022-11-12,32900.0,0,12,False
5522,1422,2024-01-01,47700.0,19,11,False
5523,3298,2024-12-28,30000.0,11,11,False
5524,4303,2022-10-04,30800.0,41,11,False
5525,624,2026-08-10,62800.0,14,11,False
5526,5800,2025-07-06,36600.0,30,36,False
5527,3042,2025-04-18,21700.0,28,11,False
5528,3649,2024-12-23,47600.0,37,36,False
5529,3661,2024-11-01,60700.0,20,24,False
5530,4675,2023-06-21,35900.0,3,11,False
5531,7131,2026-01-07,32600.0,43,11,False
5532,6136,2024-03-28,36400.0,30,11,False
5533,273,2024-06-19,36000.0,55,12,False
5534,4160,2024-09-18,47300.0,51,11,False
5535,2522,2024-07-18,16800.0,38,12,False
5536,6143,2023-11-15,20100.0,14,12,False
5537,6998,2023-01-09,26200.0,41,36,False
5538,1421,2023-06-29,41900.0,21,11,False
5539,7603,2023-06-11,36400.0,19,11,False
5540,3437,2025-10-22,64400.0,30,11,False
5541,4229,2023-10-06,8900.0,28,11,False
5542,6205,2024-09-26,22100.0,26,24,False
5543,6465,2025-09-21,19100.0,24,11,False
5544,7485,2022-11-14,23200.0,54,24,False
5545,5204,2022-10-02,26900.0,22,36,False
5546,6236,2022-12-14,71000.0,30,24,False
5547,3692,2023-07-12,25900.0,48,12,False
5548,2640,2023-04-06,45400.0,31,36,False
5549,4167,2023-11-11,47800.0,11,24,False
5550,3147,2026-05-19,35400.0,24,11,False
5551,3997,2026-07-30,28000.0,30,11,False
5552,292,2024-08-07,37300.0,7,11,False
5553,2534,2026-07-12,83300.0,51,11,True
5554,6757,2023-09-30,30400.0,21,11,False
5555,3332,2024-05-20,13500.0,5,11,False
5556,7570,2024-11-27,48400.0,35,24,False
5557,6916,2026-06-25,29800.0,22,11,False
5558,281,2024-04-14,21000.0,31,11,False
5559,2994,2026-08-05,29100.0,28,12,False
5560,590,2024-04-14,19600.0,45,11,False
5561,5070,2024-03-08,35000.0,33,11,False
5562,255,2024-09-06,23300.0,2,11,False
5563,4376,2024-08-14,32400.0,11,12,False
5564,4884,2023-05-31,32500.0,11,11,False
5565,840,2023-01-12,47200.0,0,36,False
5566,7834,2025-01-20,32100.0,23,11,False
5567,3921,2024-02-22,24100.0,21,11,False
5568,712,2023-03-20,16500.0,39,11,False
5569,6854,2023-04-03,44400.0,43,11,False
5570,5566,2025-09-29,43200.0,18,12,False
5571,1411,2025-02-28,36300.0,39,36,False
5572,3987,2022-11-09,34700.0,33,24,False
5573,1711,2023-04-19,29400.0,13,12,False
5574,2788,2023-08-19,56200.0,7,11,False
5575,6673,2023-02-25,43500.0,17,24,False
5576,5858,2026-03-21,28600.0,21,11,False
5577,6180,2023-10-13,53500.0,43,11,False
5578,3232,2024-02-14,37300.0,33,12,False
5579,3471,2025-08-10,55300.0,0,11,False
5580,4408,2024-06-09,48100.0,16,11,False
5581,5757,2026-01-09,15700.0,15,24,False
5582,387,2026-06-12,30200.0,32,11,False
5583,5934,2023-05-16,18400.0,24,11,False
5584,344,2022-12-13,33900.0,20,11,False
5585,6059,2024-02-10,40200.0,19,12,False
5586,2031,2024-11-20,36200.0,45,11,False
5587,4153,2022-10-22,30700.0,30,12,False
5588,5051,2023-09-07,33100.0,57,12,False
5589,3184,2026-04-29,57900.0,16,11,False
5590,4176,2026-01-14,47200.0,25,24,False
5591,5753,2023-04-19,33600.0,27,12,False
5592,4619,2026-01-30,8200.0,23,12,False
5593,2861,2026-03-01,32900.0,20,11,False
5594,3320,2022-09-06,18100.0,11,11,False
5595,2032,2022-11-29,40700.0,33,24,False
5596,6155,2024-03-30,49500.0,22,11,False
5597,3497,2022-10-22,20500.0,34,36,False
5598,1891,2024-10-20,23400.0,10,12,False
5599,308,2023-02-03,50400.0,31,36,False
5600,3698,2023-05-09,10600.0,23,11,False
5601,2810,2024-12-13,48800.0,0,11,False
5602,5076,2024-08-01,36500.0,63,24,False
5603,6824,2024-11-05,50500.0,61,24,False
5604,1163,2025-09-19,22600.0,19,11,False
5605,5653,2024-07-29,69700.0,16,12,False
5606,206,2025-02-02,37800.0,47,12,False
5607,7506,2024-12-19,37500.0,0,36,False
5608,7705,2024-02-28,61800.0,0,11,False
5609,4696,2023-05-29,23200.0,18,12,False
5610,3533,2022-12-19,24300.0,1,12,False
5611,7368,2023-03-13,66500.0,28,24,False
5612,6131,2024-03-13,34100.0,15,11,False
5613,3899,2023-12-04,42600.0,32,24,False
5614,3707,2024-11-02,21300.0,30,12,False
5615,3684,2025-11-18,71700.0,29,11,True
5616,2607,2026-01-24,39200.0,15,11,False
5617,5256,2023-11-05,47100.0,0,36,False
5618,4409,2023-04-03,35800.0,22,12,False
5619,312,2023-03-19,36500.0,23,24,False
5620,2768,2025-10-30,33100.0,44,11,False
5621,2035,2023-09-03,58300.0,26,11,False
5622,7047,2024-11-08,32800.0,16,11,False
5623,274,2023-08-21,44000.0,33,11,False
5624,3727,2024-10-23,41500.0,13,11,False
5625,4180,2024-03-16,24700.0,44,11,False
5626,1864,2025-07-13,55900.0,9,11,False
5627,7233,2023-08-11,35300.0,4,12,False
5628,3353,2024-06-24,26300.0,28,12,False
5629,6304,2024-06-25,27900.0,17,12,False
5630,4642,2023-11-01,19900.0,37,12,False
5631,6438,2022-10-19,52400.0,24,11,False
5632,7061,2026-05-28,14400.0,39,24,False
5633,4453,2025-12-25,36300.0,10,11,False
5634,529,2026-02-13,44800.0,31,36,False
5635,994,2026-04-15,33100.0,24,11,False
5636,3809,2022-10-05,46700.0,32,11,False
5637,3635,2023-03-30,20600.0,24,12,False
5638,4199,2025-05-08,35100.0,0,12,False
5639,2835,2025-02-27,10900.0,38,12,False
5640,2608,2025-11-18,39500.0,38,11,False
5641,2896,2026-04-25,20300.0,20,24,False
5642,3998,2025-10-14,24800.0,27,12,False
5643,5802,2025-01-18,61500.0,0,11,False
5644,6719,2023-08-18,43000.0,32,11,False
5645,5347,2024-12-05,30300.0,24,36,False
5646,153,2022-08-29,33200.0,31,12,False
5647,5878,2022-12-22,37100.0,45,11,False
5648,3035,2023-09-09,68900.0,0,11,False
5649,2983,2026-05-10,28700.0,30,11,False
5650,7423,2025-10-14,34900.0,21,24,False
5651,2863,2026-02-15,23700.0,28,11,False
5652,6077,2024-11-26,41100.0,14,24,False
5653,5429,2025-08-11,16300.0,33,11,False
5654,1791,2025-12-15,40700.0,42,24,False
5655,2667,2025-11-22,13200.0,18,12,False
5656,3966,2025-11-06,58400.0,37,24,False
5657,1131,2025-02-04,38700.0,43,11,False
5658,2592,2025-07-26,37800.0,18,24,False
5659,5102,2026-01-08,55700.0,24,24,False
5660,5323,2024-02-23,43900.0,34,11,False
5661,7515,2025-04-07,46200.0,30,11,False
5662,4295,2025-01-11,37000.0,44,11,False
5663,3945,2026-03-09,24400.0,5,24,False
5664,7417,2025-07-16,16300.0,15,11,False
5665,3578,2024-04-08,30500.0,25,24,False
5666,1958,2024-11-03,38200.0,37,36,False
5667,7519,2025-09-28,42600.0,5,24,False
5668,3144,2023-10-16,20300.0,3,24,False
5669,1027,2026-07-05,36500.0,41,12,False
5670,410,2023-07-08,51600.0,32,11,False
5671,5620,2022-12-12,16500.0,11,11,False
5672,167,2023-01-03,53300.0,44,11,False
5673,516,2025-08-27,66000.0,28,12,False
5674,1699,2024-09-11,19700.0,18,11,False
5675,6593,2023-01-28,31600.0,23,24,False
5676,3749,2026-01-24,56600.0,41,11,False
5677,3573,2026-01-20,23100.0,21,12,False
5678,4968,2025-03-02,45400.0,35,24,False
5679,692,2023-11-18,35400.0,19,24,False
5680,2579,2026-06-06,20200.0,31,12,False
5681,2167,2024-01-01,35400.0,3,11,False
5682,5378,2022-12-23,58600.0,25,11,False
5683,4783,2025-06-13,26400.0,2,36,False
5684,4461,2023-04-05,26000.0,40,12,False
5685,1394,2025-03-06,37600.0,23,11,False
5686,1362,2024-05-31,47900.0,37,11,False
5687,2343,2024-12-24,34300.0,33,11,False
5688,1573,2022-08-23,36200.0,5,12,False
5689,3491,2023-11-18,15600.0,34,11,False
5690,7901,2022-10-15,42200.0,30,11,False
5691,569,2024-01-29,20600.0,13,12,False
5692,1126,2022-08-21,31100.0,40,12,False
5693,1947,2025-08-12,52200.0,0,36,False
5694,175,2025-10-20,46400.0,32,12,False
5695,2204,2025-11-10,64800.0,42,24,False
5696,2280,2026-03-30,22000.0,22,11,False
5697,4387,2024-06-12,36600.0,37,12,False
5698,4254,2023-10-26,45500.0,39,11,False
5699,4011,2025-11-26,21000.0,2,24,False
5700,7259,2024-06-20,41600.0,6,24,False
5701,1530,2023-06-26,30700.0,42,24,False
5702,3945,2022-09-20,24100.0,17,11,False
5703,3247,2023-01-19,23000.0,17,11,False
5704,1602,2025-11-14,46800.0,36,11,False
5705,7159,2024-01-18,61500.0,42,24,False
5706,1179,2026-04-11,28100.0,31,11,False
5707,7777,2023-09-21,35200.0,15,12,False
5708,6160,2024-07-12,75000.0,26,11,True
5709,372,2026-06-02,27400.0,15,12,False
5710,5058,2023-03-30,23600.0,0,11,False
5711,43,2023-12-12,29700.0,23,12,False
5712,1951,2026-07-16,46100.0,25,24,False
5713,3574,2025-01-12,59900.0,10,24,False
5714,2591,2025-10-18,25100.0,46,11,False
5715,4267,2024-06-14,43800.0,10,11,False
5716,2939,2023-09-15,26400.0,23,11,False
5717,1866,2023-07-11,35300.0,13,11,False
5718,1321,2026-01-24,35000.0,26,12,False
5719,4877,2026-05-20,39100.0,1,12,False
5720,4904,2023-09-11,29700.0,14,11,False
5721,4964,2025-02-08,18200.0,8,11,False
5722,6146,2024-12-15,39200.0,24,36,False
5723,7020,2026-04-26,27300.0,46,11,False
5724,3469,2024-09-25,24600.0,13,11,False
5725,3043,2022-08-25,43200.0,24,11,False
5726,4013,2026-05-28,38300.0,6,11,False
5727,5109,2023-08-15,33400.0,20,11,False
5728,7184,2023-01-22,27600.0,32,12,False
5729,1012,2023-07-20,46900.0,22,11,False
5730,5406,2025-08-16,25200.0,8,11,False
5731,2438,2026-08-18,42500.0,0,12,False
5732,2290,2023-10-16,53800.0,0,11,False
5733,1509,2023-05-18,22600.0,25,11,False
5734,6563,2025-02-25,20400.0,30,12,False
5735,3490,2026-06-27,41500.0,52,24,False
5736,393,2022-12-01,20700.0,19,11,False
5737,1020,2025-12-19,14000.0,14,11,False
5738,4726,2022-09-13,9000.0,16,11,False
5739,7562,2023-04-22,24100.0,8,12,False
5740,1897,2025-09-02,17500.0,11,11,False
5741,5725,2024-06-08,43000.0,14,36,False
5742,669,2023-07-27,67100.0,8,12,False
5743,2825,2022-11-23,36600.0,45,12,False
5744,3748,2025-03-20,40900.0,25,12,False
5745,5098,2022-10-25,35100.0,23,24,False
5746,7881,2024-08-03,48000.0,0,11,False
5747,1514,2026-06-04,28200.0,66,11,False
5748,7410,2023-08-07,23100.0,19,11,False
5749,3819,2025-05-17,15400.0,14,24,False
5750,7416,2022-10-11,32300.0,37,24,False
5751,455,2022-09-28,39600.0,20,11,False
5752,2529,2024-10-07,45100.0,35,11,False
5753,3302,2024-04-04,26400.0,20,36,False
5754,1572,2023-12-18,21600.0,26,12,False
5755,7699,2024-04-05,34100.0,31,36,False
5756,3166,2023-01-05,10700.0,39,11,False
5757,900,2023-12-03,18700.0,15,11,False
5758,4512,2024-03-20,27600.0,46,11,False
5759,4162,2024-03-09,24200.0,39,36,False
5760,5047,2023-10-15,55000.0,13,11,False
5761,2623,2022-11-17,34500.0,8,12,False
5762,3357,2024-05-25,55200.0,38,11,False
5763,378,2026-06-08,32600.0,0,11,False
5764,4651,2024-03-26,20300.0,2,11,False
5765,3783,2025-01-11,31900.0,58,24,False
5766,3134,2026-02-21,32000.0,32,36,False
5767,4797,2024-02-24,42800.0,17,11,False
5768,3330,2025-03-05,45000.0,4,12,False
5769,5449,2024-12-20,33200.0,27,36,False
5770,4700,2024-09-16,15000.0,29,12,False
5771,4664,2023-09-20,44500.0,21,11,False
5772,7445,2023-08-23,37400.0,53,11,False
5773,113,2022-11-29,18100.0,26,11,False
5774,5246,2022-09-06,19800.0,7,11,False
5775,3275,2025-03-26,29100.0,14,12,False
5776,7891,2024-04-03,34200.0,40,12,False
5777,2430,2023-01-22,47000.0,45,12,False
5778,1968,2026-08-02,24100.0,40,11,False
5779,7606,2026-04-27,57100.0,12,11,False
5780,140,2024-06-16,50300.0,1,12,False
5781,1455,2024-07-04,45300.0,20,12,False
5782,3019,2025-08-24,30100.0,31,11,False
5783,3244,2024-05-30,18800.0,58,24,False
5784,525,2026-06-07,28500.0,4,12,False
5785,2673,2025-09-10,32700.0,3,24,False
5786,6170,2023-07-10,30400.0,29,11,False
5787,7141,2024-07-21,31000.0,9,11,False
5788,7390,2024-12-05,20200.0,43,12,False
5789,6392,2023-11-15,23500.0,4,11,False
5790,905,2023-06-04,27400.0,0,11,False
5791,7380,2023-06-11,29100.0,29,24,False
5792,3177,2026-08-05,20900.0,33,24,False
5793,5558,2022-10-13,26000.0,31,24,False
5794,50,2024-09-29,21500.0,23,11,False
5795,4043,2023-01-28,53100.0,17,12,False
5796,3644,2026-03-04,21500.0,25,11,False
5797,19,2024-05-27,18700.0,43,24,False
5798,4929,2024-12-05,47400.0,27,24,False
5799,6473,2025-09-01,16500.0,27,11,False
5800,1506,2025-12-17,34300.0,25,24,False
5801,4155,2026-08-09,26600.0,19,11,False
5802,2663,2023-09-30,38300.0,52,11,False
5803,455,2022-09-23,39300.0,22,11,False
5804,6569,2026-04-27,34000.0,9,24,False
5805,5378,2023-09-15,57000.0,20,11,False
5806,5318,2023-10-23,16100.0,1,24,False
5807,3853,2026-05-31,43200.0,43,11,False
5808,2492,2025-11-15,24800.0,48,12,False
5809,7917,2023-12-21,54900.0,8,12,False
5810,4411,2024-12-31,18700.0,28,12,False
5811,1584,2024-06-04,48600.0,0,24,False
5812,6492,2023-07-18,35900.0,23,36,False
5813,3558,2023-07-26,6100.0,0,24,False
5814,128,2025-04-13,29500.0,22,12,False
5815,6066,2023-11-05,37000.0,32,11,False
5816,7802,2024-11-21,47300.0,9,12,False
5817,4965,2024-04-05,36600.0,30,11,False
5818,6686,2025-06-09,22400.0,12,11,False
5819,7350,2024-01-02,42700.0,25,11,False
5820,6036,2026-05-24,70300.0,0,12,False
5821,6619,2023-07-20,28600.0,47,11,False
5822,7126,2026-07-30,16900.0,19,24,False
5823,2823,2024-07-21,39100.0,1,24,False
5824,4560,2025-05-09,54600.0,49,11,False
5825,4770,2025-11-27,26300.0,1,12,False
5826,1446,2025-07-16,41400.0,30,36,False
5827,6495,2024-01-28,21000.0,5,11,False
5828,5816,2026-04-05,47100.0,33,12,False
5829,5912,2026-02-20,34800.0,30,24,False
5830,202,2025-08-30,30300.0,42,11,False
5831,6289,2023-11-17,33000.0,36,11,False
5832,2421,2025-05-31,18800.0,29,12,False
5833,526,2024-12-22,38400.0,0,11,False
5834,7896,2023-05-10,24700.0,18,11,False
5835,5565,2025-02-20,38300.0,15,11,False
5836,5654,2026-07-21,47300.0,20,11,False
5837,1372,2023-06-29,25300.0,41,11,False
5838,4884,2024-03-05,34600.0,6,11,False
5839,2032,2023-01-30,43500.0,10,11,False
5840,7403,2025-08-04,50200.0,15,12,False
5841,3629,2024-07-17,28400.0,31,11,False
5842,5710,2025-12-16,33900.0,34,11,False
5843,4624,2023-07-29,41600.0,18,11,False
5844,6191,2026-08-11,48200.0,47,11,False
5845,3890,2023-07-02,38500.0,17,12,False
5846,5932,2024-11-26,25800.0,7,11,False
5847,3355,2023-11-06,49600.0,7,12,False
5848,3739,2024-05-05,36600.0,5,24,False
5849,7316,2026-04-14,33700.0,33,11,False
5850,2488,2023-09-22,17100.0,19,12,False
5851,4984,2024-08-12,26900.0,5,12,False
5852,6372,2025-07-10,39100.0,16,12,False
5853,7668,2026-05-08,52000.0,25,11,False
5854,6047,2023-06-02,36400.0,0,11,False
5855,208,2025-08-14,18400.0,31,24,False
5856,5756,2024-11-15,29700.0,21,12,False
5857,5879,2024-01-11,55700.0,8,36,False
5858,2691,2024-09-26,32700.0,40,12,False
5859,6442,2026-01-24,33100.0,26,24,False
5860,4211,2026-07-06,33600.0,37,24,False
5861,154,2023-08-10,23300.0,18,11,False
5862,6185,2025-02-13,22800.0,11,24,False
5863,7764,2026-02-04,32200.0,20,12,False
5864,3449,2025-04-08,49300.0,46,11,False
5865,4416,2024-03-08,30500.0,36,24,False
5866,4872,2024-06-12,37200.0,4,11,False
5867,1553,2023-01-02,38400.0,6,12,False
5868,6507,2025-06-09,37100.0,30,11,False
5869,6292,2026-08-06,56000.0,13,11,False
5870,2657,2026-06-21,52300.0,39,11,False
5871,5158,2023-09-23,25600.0,27,11,False
5872,2244,2023-06-09,45300.0,0,12,False
5873,7429,2023-02-17,52400.0,12,24,False
5874,4602,2025-09-10,51100.0,23,11,False
5875,4798,2026-04-21,19100.0,32,11,False
5876,3638,2024-03-12,22500.0,52,24,False
5877,2467,2026-05-20,46400.0,4,11,False
5878,5656,2024-05-09,18000.0,23,12,False
5879,7632,2024-02-04,39000.0,23,11,False
5880,2913,2024-11-14,54900.0,31,11,False
5881,7213,2023-01-14,29900.0,27,11,False
5882,5371,2026-02-15,34300.0,17,11,False
5883,1781,2025-12-06,31200.0,16,12,False
5884,1335,2024-06-25,33300.0,15,11,False
5885,3940,2023-02-19,31300.0,0,11,False
5886,4262,2026-02-26,36500.0,22,12,False
5887,4681,2023-02-13,39200.0,12,11,False
5888,7675,2023-03-07,46800.0,38,11,False
5889,4761,2022-09-24,29000.0,15,11,False
5890,7649,2025-06-04,57000.0,18,24,False
5891,4948,2024-12-25,49700.0,27,12,False
5892,5685,2025-01-30,37600.0,25,11,False
5893,4289,2026-05-16,35900.0,36,11,False
5894,5293,2024-02-13,38300.0,34,24,False
5895,2612,2023-09-08,9500.0,29,11,False
5896,2356,2023-11-04,41100.0,37,12,False
5897,4612,2023-06-20,20800.0,15,36,False
5898,7777,2025-01-01,34400.0,37,24,False
5899,1114,2025-05-29,32200.0,7,24,False
5900,2700,2024-06-04,43500.0,0,24,False
5901,1205,2023-01-15,32600.0,51,36,False
5902,6232,2023-10-26,52600.0,48,12,False
5903,6546,2026-07-17,39300.0,26,12,False
5904,5028,2025-03-20,18400.0,0,36,False
5905,7400,2024-01-28,36100.0,67,11,False
5906,7638,2022-08-27,35800.0,39,24,False
5907,4865,2026-02-16,49100.0,0,11,False
5908,3065,2025-01-11,54200.0,26,11,False
5909,568,2023-08-01,25900.0,13,36,False
5910,3035,2025-04-12,69300.0,46,11,False
5911,7186,2024-07-14,33400.0,42,24,False
5912,1299,2025-12-29,24300.0,0,24,False
5913,1855,2023-01-11,40500.0,18,11,False
5914,2982,2024-10-18,27200.0,23,11,False
5915,619,2024-03-19,47000.0,28,12,False
5916,2515,2026-06-13,12600.0,41,11,False
5917,4214,2024-12-19,23400.0,40,36,False
5918,6253,2023-03-28,52100.0,46,12,False
5919,286,2023-12-03,57600.0,27,11,False
5920,5691,2025-01-18,42000.0,8,12,False
5921,2998,2026-01-16,61300.0,17,12,False
5922,4500,2022-11-08,71700.0,16,11,True
5923,1117,2022-09-23,49400.0,11,11,False
5924,5241,2026-04-30,32000.0,36,11,False
5925,832,2024-03-10,43600.0,28,24,False
5926,7458,2022-11-06,30100.0,26,11,False
5927,7485,2022-10-28,24600.0,61,36,False
5928,83,2022-12-15,31400.0,0,36,False
5929,1964,2026-06-20,42800.0,8,24,False
5930,7978,2025-11-28,60500.0,3,11,False
5931,3575,2025-04-20,42800.0,17,12,False
5932,3220,2025-08-19,45800.0,11,12,False
5933,7559,2022-12-19,30400.0,47,11,False
5934,2138,2023-12-10,35500.0,46,24,False
5935,4820,2022-12-05,18900.0,15,12,False
5936,7223,2022-11-30,21000.0,21,11,False
5937,6542,2024-12-22,37500.0,42,11,False
5938,176,2023-05-28,31100.0,18,11,False
5939,5404,2023-08-31,12700.0,22,12,False
5940,2764,2023-08-23,22500.0,7,12,False
5941,5049,2025-09-19,27300.0,17,24,False
5942,373,2025-02-15,48300.0,32,12,False
5943,1860,2024-09-09,16800.0,34,24,False
5944,2146,2023-03-11,15600.0,19,11,False
5945,4893,2022-12-26,21300.0,33,24,False
5946,3574,2023-07-23,56500.0,29,11,False
5947,1819,2022-10-27,38400.0,39,11,False
5948,7832,2025-08-04,46100.0,58,11,False
5949,1395,2024-09-06,54200.0,25,11,False
5950,7448,2025-04-03,38400.0,64,24,False
5951,5651,2023-05-29,47600.0,13,11,False
5952,4566,2026-01-18,20300.0,23,11,False
5953,3424,2025-04-19,53300.0,22,11,False
5954,4846,2024-02-19,14900.0,30,11,False
5955,3761,2024-12-04,48100.0,14,11,False
5956,2480,2022-11-02,24000.0,39,12,False
5957,73,2025-05-10,50600.0,35,11,False
5958,3033,2026-06-08,15000.0,46,11,False
5959,5488,2026-04-15,27800.0,24,12,False
5960,876,2025-11-29,15000.0,28,36,False
5961,3947,2026-01-16,17000.0,34,12,False
5962,4232,2024-07-18,65300.0,31,11,False
5963,2477,2023-06-03,50400.0,47,12,False
5964,1090,2026-05-12,20300.0,29,11,False
5965,2267,2022-12-05,13200.0,59,12,False
5966,4111,2023-09-09,28600.0,33,36,False
5967,2310,2023-09-07,20400.0,11,11,False
5968,5735,2023-02-18,47000.0,31,11,False
5969,3839,2025-05-04,30300.0,32,11,False
5970,2131,2026-05-30,24900.0,22,11,False
5971,372,2024-07-01,26200.0,40,11,False
5972,2867,2025-02-22,49300.0,9,24,False
5973,151,2025-02-22,40600.0,30,24,False
5974,1162,2024-04-13,13700.0,17,11,False
5975,5722,2026-03-28,20700.0,25,11,False
5976,5678,2024-02-01,22600.0,23,11,False
5977,5281,2023-11-26,47400.0,0,12,False
5978,5234,2024-04-23,62800.0,22,11,False
5979,5817,2025-01-21,32700.0,38,12,False
5980,2847,2023-02-20,30800.0,64,12,False
5981,6265,2022-12-02,25700.0,48,11,False
5982,5608,2026-08-07,32300.0,51,36,False
5983,4258,2024-10-27,30000.0,25,12,False
5984,2397,2026-02-23,44600.0,45,11,False
5985,5152,2022-09-19,81000.0,38,24,True
5986,5009,2023-06-27,25200.0,24,11,False
5987,6576,2022-12-17,46900.0,18,11,False
5988,2300,2025-07-17,27100.0,8,12,False
5989,61,2024-03-22,20000.0,24,11,False
5990,5154,2023-10-13,23200.0,22,36,False
5991,3082,2024-07-22,40700.0,32,11,False
5992,3992,2022-11-20,61200.0,6,11,False
5993,1368,2025-02-24,35000.0,53,11,False
5994,1212,2026-07-14,41800.0,38,11,False
5995,4530,2023-07-12,67000.0,32,11,False
5996,1586,2022-10-01,35800.0,0,11,False
5997,4537,2023-05-23,12500.0,19,11,False
5998,1666,2023-09-06,42500.0,17,11,False
5999,1358,2023-02-06,28900.0,3,11,False
6000,1561,2025-02-22,15800.0,17,11,False
6001,1711,2025-01-23,30200.0,33,24,False
6002,1392,2024-04-29,17700.0,14,11,False
6003,1608,2023-05-23,46600.0,41,24,False
6004,2745,2026-04-14,45300.0,24,36,False
6005,4474,2025-01-26,52300.0,0,11,False
6006,5401,2022-11-24,28400.0,43,11,False
6007,7768,2026-01-09,51100.0,41,36,False
6008,2418,2024-05-15,27000.0,21,11,False
6009,6877,2022-09-10,34900.0,23,12,False
6010,6790,2023-08-11,25900.0,12,24,False
6011,3845,2023-07-15,44300.0,0,12,False
6012,2488,2024-12-10,15700.0,16,11,False
6013,2037,2022-11-26,28400.0,32,12,False
6014,887,2024-12-02,52700.0,51,11,False
6015,7128,2023-07-19,23000.0,27,24,False
6016,1036,2023-05-09,34400.0,21,11,False
6017,1955,2024-01-03,53500.0,29,36,False
6018,612,2025-10-14,30700.0,37,36,False
6019,3909,2024-10-07,14700.0,25,36,False
6020,6020,2026-03-05,54500.0,11,11,False
6021,703,2025-03-04,33800.0,29,36,False
6022,501,2024-03-29,63300.0,14,11,False
6023,497,2024-06-13,68000.0,34,11,False
6024,7013,2023-01-15,70000.0,12,24,False
6025,7394,2024-02-26,21700.0,32,11,False
6026,2613,2025-01-16,38100.0,33,36,False
6027,4589,2024-06-23,31200.0,11,11,False
6028,7947,2023-09-03,78500.0,22,11,True
6029,297,2026-01-06,35500.0,0,12,False
6030,5611,2024-11-26,23000.0,24,12,False
6031,4121,2026-01-06,34900.0,29,11,False
6032,2907,2023-04-18,35200.0,28,11,False
6033,2979,2023-05-19,19900.0,24,11,False
6034,1755,2023-05-17,27900.0,14,11,False
6035,2653,2025-02-03,45900.0,48,36,False
6036,4851,2025-09-05,45900.0,10,12,False
6037,1915,2023-09-01,35400.0,10,24,False
6038,4769,2025-05-15,39600.0,38,11,False
6039,3338,2023-09-30,24100.0,35,24,False
6040,7148,2026-06-24,33700.0,6,12,False
6041,2880,2025-11-02,18100.0,43,12,False
6042,448,2025-08-15,42800.0,44,12,False
6043,3726,2024-05-08,17400.0,23,11,False
6044,4562,2025-06-12,47500.0,35,24,False
6045,6397,2024-10-20,34200.0,8,11,False
6046,5426,2024-08-30,22300.0,32,11,False
6047,754,2026-02-14,22500.0,39,12,False
6048,2086,2026-03-03,19400.0,24,11,False
6049,691,2022-12-06,24100.0,14,24,False
6050,2521,2025-10-07,33000.0,39,12,False
6051,3783,2023-07-11,33500.0,46,11,False
6052,7574,2022-10-26,35600.0,11,36,False
6053,5862,2023-08-31,28700.0,35,12,False
6054,5791,2025-01-19,30200.0,19,11,False
6055,1389,2024-09-17,24700.0,22,12,False
6056,6366,2023-12-01,5800.0,42,11,False
6057,7856,2024-08-19,38200.0,22,11,False
6058,63,2022-12-22,22600.0,5,12,False
6059,7990,2023-12-20,17500.0,2,12,False
6060,2616,2025-06-11,19100.0,6,24,False
6061,5376,2025-01-03,26200.0,28,11,False
6062,3857,2025-04-10,62500.0,29,12,False
6063,7506,2025-05-30,42100.0,34,36,False
6064,5443,2025-09-19,57100.0,25,24,False
6065,7066,2026-04-10,30700.0,8,11,False
6066,7535,2025-06-05,27600.0,21,11,False
6067,4455,2023-04-20,26300.0,20,11,False
6068,135,2024-07-23,67000.0,0,11,False
6069,3729,2024-07-19,24600.0,0,12,False
6070,5082,2025-01-26,43200.0,13,24,False
6071,5029,2023-04-27,23500.0,33,11,False
6072,2183,2024-01-22,15100.0,22,12,False
6073,7285,2023-01-10,24200.0,15,12,False
6074,3358,2023-03-29,51800.0,33,12,False
6075,7450,2025-06-27,38300.0,30,12,False
6076,838,2023-09-13,29200.0,53,12,False
6077,3146,2024-03-12,26200.0,38,24,False
6078,5183,2023-07-29,24000.0,36,12,False
6079,3052,2023-04-22,30500.0,9,11,False
6080,5998,2024-04-13,32100.0,43,24,False
6081,121,2026-03-06,41700.0,39,24,False
6082,7708,2026-07-02,48600.0,14,36,False
6083,1674,2024-03-19,43800.0,64,12,False
6084,7359,2022-09-21,50700.0,7,36,False
6085,5581,2023-03-20,64100.0,11,11,False
6086,5218,2023-12-06,46700.0,32,11,False
6087,942,2023-10-27,20400.0,27,36,False
6088,655,2024-10-09,41200.0,41,24,False
6089,2076,2022-08-29,42100.0,25,11,False
6090,2823,2025-02-14,38800.0,33,12,False
6091,7155,2024-01-05,18900.0,32,11,False
6092,2113,2025-02-09,38400.0,38,24,False
6093,243,2024-11-26,18600.0,31,24,False
6094,6738,2024-08-04,59300.0,35,11,False
6095,7259,2025-09-17,45100.0,0,11,False
6096,2727,2025-07-09,33700.0,0,11,False
6097,6583,2026-07-07,29800.0,55,12,False
6098,5839,2025-10-26,40700.0,30,12,False
6099,7921,2023-06-01,21500.0,22,12,False
6100,818,2025-12-15,35300.0,0,12,False
6101,5173,2026-07-17,37200.0,16,11,False
6102,4258,2026-01-16,29100.0,28,11,False
6103,5366,2023-11-24,29500.0,31,11,False
6104,196,2024-01-07,19200.0,0,11,False
6105,2236,2024-11-21,37500.0,26,11,False
6106,3599,2025-03-17,30300.0,20,11,False
6107,2381,2023-03-21,29000.0,40,11,False
6108,2411,2025-07-06,44100.0,47,11,False
6109,4949,2023-09-17,26200.0,26,11,False
6110,3691,2022-12-22,26800.0,26,11,False
6111,5908,2022-11-22,35700.0,22,11,False
6112,279,2025-05-02,26000.0,17,11,False
6113,61,2026-08-01,19900.0,26,12,False
6114,3473,2026-06-27,49100.0,30,12,False
6115,1957,2024-06-16,40900.0,42,12,False
6116,6326,2023-07-05,39900.0,43,12,False
6117,4018,2024-09-28,12300.0,35,11,False
6118,6429,2023-03-24,46500.0,37,11,False
6119,5993,2024-01-20,40800.0,52,24,False
6120,5551,2026-06-19,21800.0,30,12,False
6121,6058,2024-06-26,47300.0,13,11,False
6122,2648,2024-05-10,14200.0,12,12,False
6123,575,2023-01-18,27100.0,0,36,False
6124,4027,2024-02-03,42100.0,22,12,False
6125,7713,2024-11-08,52100.0,28,11,False
6126,1606,2025-07-21,37600.0,23,24,False
6127,4824,2023-04-11,48800.0,0,36,False
6128,6250,2023-06-19,49900.0,33,11,False
6129,1228,2025-10-26,54600.0,0,11,False
6130,7685,2024-10-21,62000.0,18,36,False
6131,4513,2024-01-30,52400.0,19,11,False
6132,2918,2026-06-17,55600.0,31,11,False
6133,2962,2022-10-05,48500.0,24,11,False
6134,6371,2026-06-04,23700.0,36,12,False
6135,7176,2025-06-06,9800.0,21,11,False
6136,1264,2024-12-11,67100.0,41,11,False
6137,7124,2023-04-19,46100.0,37,12,False
6138,137,2023-08-24,45800.0,14,11,False
6139,1052,2025-03-08,34400.0,1,11,False
6140,7308,2023-03-11,34600.0,26,11,False
6141,2204,2024-07-01,68600.0,15,36,False
6142,2651,2026-06-24,55600.0,31,24,False
6143,7360,2025-12-27,30400.0,72,11,False
6144,672,2023-04-27,32000.0,23,12,False
6145,2526,2023-01-28,19000.0,39,11,False
6146,2736,2026-03-09,63400.0,16,12,False
6147,2359,2025-05-13,36600.0,38,36,False
6148,7751,2024-09-20,34600.0,5,12,False
6149,87,2023-06-12,44400.0,3,11,False
6150,2567,2023-04-27,24000.0,16,11,False
6151,6350,2024-05-25,11900.0,0,11,False
6152,6757,2025-07-01,30400.0,35,12,False
6153,6696,2026-07-24,29200.0,25,24,False
6154,7120,2025-09-07,36300.0,23,11,False
6155,3012,2023-10-18,19600.0,25,36,False
6156,2835,2024-01-11,11300.0,43,11,False
6157,2559,2023-05-15,29300.0,37,11,False
6158,5525,2024-07-09,20800.0,43,11,False
6159,3391,2022-08-29,41000.0,28,11,False
6160,1738,2025-02-06,25400.0,27,12,False
6161,3755,2026-01-05,42000.0,38,11,False
6162,2760,2024-11-01,47100.0,36,24,False
6163,6962,2023-03-09,23800.0,43,11,False
6164,3714,2024-07-06,12200.0,41,11,False
6165,7695,2025-12-14,35400.0,18,12,False
6166,4695,2022-11-29,49000.0,9,11,False
6167,1685,2025-05-12,50600.0,12,24,False
6168,6165,2023-04-11,24600.0,21,36,False
6169,5279,2025-01-31,27900.0,27,12,False
6170,5643,2024-05-09,47200.0,27,24,False
6171,3400,2026-03-09,23400.0,28,11,False
6172,3773,2025-02-24,30000.0,0,12,False
6173,606,2023-12-09,44700.0,27,12,False
6174,4650,2023-04-06,39300.0,36,11,False
6175,492,2025-07-23,28700.0,51,36,False
6176,656,2023-12-11,45200.0,39,11,False
6177,6908,2023-12-18,57000.0,23,11,False
6178,3161,2025-05-15,34600.0,42,12,False
6179,5849,2022-09-17,45000.0,27,11,False
6180,4865,2026-06-18,49400.0,12,36,False
6181,4963,2026-03-04,41400.0,20,11,False
6182,4488,2022-10-06,39200.0,29,12,False
6183,7739,2023-02-03,34100.0,40,11,False
6184,733,2023-11-06,20000.0,10,11,False
6185,4840,2024-10-13,40000.0,18,24,False
6186,6513,2023-08-28,31800.0,23,12,False
6187,6698,2023-02-24,14100.0,0,12,False
6188,7233,2024-05-08,35100.0,27,12,False
6189,506,2023-04-29,43100.0,25,36,False
6190,7271,2025-05-24,34100.0,29,11,False
6191,4836,2022-09-07,19000.0,17,11,False
6192,1711,2024-04-22,28600.0,0,11,False
6193,6255,2026-08-14,30600.0,18,12,False
6194,3139,2023-03-04,47500.0,0,12,False
6195,115,2023-08-06,31200.0,20,12,False
6196,3050,2022-10-14,23300.0,35,12,False
6197,4877,2025-08-13,40100.0,28,36,False
6198,1775,2024-09-30,15400.0,17,11,False
6199,5473,2022-08-24,39700.0,27,11,False
6200,3696,2026-04-02,22300.0,54,11,False
6201,7332,2025-04-24,27400.0,33,11,False
6202,2304,2025-05-13,26200.0,0,12,False
6203,2345,2026-02-21,36500.0,44,11,False
6204,3715,2025-03-11,27000.0,11,12,False
6205,7052,2023-06-04,23200.0,25,11,False
6206,7448,2024-06-17,38500.0,2,12,False
6207,147,2025-11-10,39800.0,44,12,False
6208,6392,2024-12-06,25000.0,33,36,False
6209,4075,2026-07-22,61100.0,17,24,False
6210,3537,2025-09-14,18900.0,31,11,False
6211,4611,2023-03-14,50100.0,21,11,False
6212,5907,2026-06-17,42500.0,39,36,False
6213,7910,2022-10-03,44400.0,5,12,False
6214,2462,2025-01-21,57300.0,27,11,False
6215,5751,2026-02-12,45000.0,20,12,False
6216,137,2025-06-21,43500.0,13,11,False
6217,7496,2023-07-09,35300.0,37,11,False
6218,3443,2024-04-27,22100.0,13,36,False
6219,3076,2026-03-26,23000.0,14,11,False
6220,3636,2024-05-03,21100.0,31,11,False
6221,19,2024-03-05,17100.0,41,11,False
6222,2292,2024-11-12,12200.0,16,12,False
6223,6611,2025-07-16,37200.0,9,11,False
6224,6182,2023-11-09,27900.0,1,12,False
6225,6451,2023-08-18,20400.0,25,11,False
6226,5212,2026-01-24,22400.0,39,12,False
6227,452,2023-08-26,33000.0,0,12,False
6228,1992,2023-09-30,41600.0,49,11,False
6229,963,2023-08-24,23500.0,35,12,False
6230,5595,2026-05-28,53100.0,35,12,False
6231,5741,2024-03-11,23600.0,11,11,False
6232,4333,2024-05-17,37800.0,32,11,False
6233,7052,2023-09-09,24000.0,28,12,False
6234,1964,2024-06-28,39600.0,6,12,False
6235,3048,2022-10-03,28500.0,1,24,False
6236,4282,2024-10-26,23200.0,34,11,False
6237,4109,2023-10-17,8700.0,21,36,False
6238,240,2025-07-27,36100.0,24,11,False
6239,205,2024-11-03,18800.0,46,11,False
6240,2664,2023-01-12,43200.0,6,11,False
6241,5675,2025-07-19,35800.0,20,12,False
6242,4444,2023-01-05,38000.0,46,36,False
6243,5039,2024-04-05,16200.0,23,11,False
6244,3471,2023-03-16,58200.0,0,12,False
6245,3043,2026-06-01,40300.0,30,11,False
6246,4494,2025-12-14,46300.0,39,12,False
6247,2746,2023-04-25,38700.0,43,12,False
6248,5063,2022-08-25,26300.0,10,11,False
6249,7605,2023-02-25,38200.0,24,12,False
6250,6289,2023-01-07,34000.0,17,11,False
6251,4260,2024-01-26,20400.0,36,11,False
6252,5509,2023-11-27,33400.0,39,11,False
6253,1379,2022-09-15,48700.0,0,11,False
6254,4504,2025-01-26,54100.0,52,36,False
6255,7776,2025-11-09,28400.0,28,36,False
6256,5241,2025-02-03,33800.0,33,11,False
6257,5554,2026-07-19,34800.0,56,11,False
6258,832,2024-04-18,41500.0,35,11,False
6259,5339,2025-07-22,23800.0,44,11,False
6260,836,2025-09-22,23200.0,2,36,False
6261,193,2023-02-14,28100.0,13,11,False
6262,1816,2025-12-24,29000.0,29,11,False
6263,3730,2025-06-19,15900.0,19,11,False
6264,4730,2024-02-15,62700.0,37,11,False
6265,6447,2025-06-04,31400.0,26,36,False
6266,7863,2025-06-02,25600.0,26,11,False
6267,252,2023-03-02,18400.0,22,12,False
6268,1828,2025-10-21,49500.0,37,11,False
6269,7711,2024-11-04,60600.0,15,24,False
6270,7528,2022-10-29,29600.0,49,11,False
6271,6829,2024-08-24,20800.0,18,12,False
6272,3786,2024-10-28,23600.0,24,12,False
6273,6251,2026-07-27,38400.0,30,11,False
6274,2517,2025-03-23,26500.0,30,24,False
6275,7088,2025-03-06,23000.0,19,12,False
6276,5622,2023-07-29,21100.0,36,24,False
6277,1195,2026-04-26,39500.0,15,36,False
6278,6297,2025-08-05,15400.0,53,24,False
6279,3984,2026-06-14,19000.0,23,12,False
6280,6958,2026-01-14,20300.0,26,11,False
6281,1122,2023-11-10,27400.0,28,11,False
6282,2738,2026-08-12,39800.0,35,11,False
6283,1889,2023-05-01,20000.0,3,24,False
6284,3995,2023-12-29,56500.0,25,24,False
6285,7414,2026-02-11,33200.0,24,11,False
6286,512,2023-06-05,40100.0,33,36,False
6287,1657,2024-02-02,19600.0,57,12,False
6288,6617,2025-09-20,8700.0,13,11,False
6289,2526,2022-12-25,20400.0,22,11,False
6290,2602,2026-04-17,36200.0,23,11,False
6291,1418,2025-09-27,29400.0,34,12,False
6292,3065,2025-11-25,59700.0,10,11,False
6293,6918,2023-11-29,27600.0,0,11,False
6294,3904,2025-05-17,20400.0,29,11,False
6295,5437,2025-12-21,55600.0,20,11,False
6296,730,2024-06-26,35700.0,9,11,False
6297,3568,2025-06-13,37200.0,0,11,False
6298,4538,2024-11-03,47100.0,16,11,False
6299,669,2023-05-05,67800.0,22,36,False
6300,5171,2022-10-17,19400.0,15,11,False
6301,4102,2022-12-18,14900.0,32,11,False
6302,4628,2024-05-31,44600.0,38,11,False
6303,5106,2024-10-04,18100.0,39,24,False
6304,4330,2022-09-16,38500.0,27,11,False
6305,3852,2023-08-02,63200.0,24,11,False
6306,3060,2023-08-27,50800.0,19,12,False
6307,4743,2026-06-28,19200.0,26,12,False
6308,2149,2025-11-04,28500.0,30,11,False
6309,1283,2024-10-07,29300.0,15,12,False
6310,6947,2025-10-28,49700.0,3,12,False
6311,2536,2022-08-30,29700.0,18,11,False
6312,387,2025-09-02,33600.0,52,11,False
6313,2664,2024-07-07,42100.0,25,11,False
6314,194,2025-12-24,26400.0,7,11,False
6315,3895,2024-05-11,42900.0,44,11,False
6316,3805,2025-10-30,44200.0,11,11,False
6317,2638,2026-01-12,36000.0,28,12,False
6318,2622,2023-11-15,35300.0,44,24,False
6319,2825,2026-03-28,33900.0,0,12,False
6320,2861,2023-05-07,36500.0,24,12,False
6321,6461,2026-08-07,18900.0,36,12,False
6322,6116,2023-07-07,51400.0,0,11,False
6323,2390,2026-06-18,32400.0,32,11,False
6324,3489,2023-12-12,36100.0,27,11,False
6325,744,2025-05-27,47400.0,26,12,False
6326,6390,2023-10-25,24000.0,19,24,False
6327,2938,2025-07-22,54400.0,27,11,False
6328,3195,2025-01-07,22000.0,34,24,False
6329,4888,2023-05-11,25400.0,52,12,False
6330,4271,2023-12-09,51700.0,17,11,False
6331,7129,2025-10-22,44900.0,29,11,False
6332,6614,2024-11-20,29900.0,17,11,False
6333,2661,2024-05-28,23800.0,29,24,False
6334,2434,2024-05-31,29600.0,41,11,False
6335,540,2025-01-11,30600.0,31,11,False
6336,6206,2026-07-25,23000.0,18,11,False
6337,4418,2022-12-26,32900.0,40,11,False
6338,644,2025-05-10,17200.0,36,11,False
6339,1808,2025-10-10,29800.0,50,12,False
6340,3892,2026-08-04,39300.0,1,11,False
6341,2422,2025-10-28,22900.0,20,11,False
6342,6095,2023-07-12,28900.0,20,24,False
6343,3,2025-06-20,50800.0,12,12,False
6344,5937,2025-09-01,50100.0,30,12,False
6345,206,2024-07-03,38800.0,20,11,False
6346,6076,2026-07-09,40300.0,46,12,False
6347,4229,2024-05-26,8900.0,30,24,False
6348,6333,2023-08-20,23900.0,28,12,False
6349,7247,2025-09-13,33800.0,0,11,False
6350,2678,2025-05-13,20900.0,23,11,False
6351,4846,2022-12-26,14700.0,29,36,False
6352,5749,2024-03-10,62000.0,7,24,False
6353,7898,2024-10-30,35500.0,38,24,False
6354,6129,2026-07-20,30700.0,15,12,False
6355,2957,2026-01-11,27500.0,51,24,False
6356,3271,2026-07-04,39900.0,0,11,False
6357,7804,2024-11-30,22300.0,45,11,False
6358,2725,2026-04-12,34300.0,38,24,False
6359,6370,2022-10-15,22600.0,46,11,False
6360,7739,2025-08-29,33700.0,23,11,False
6361,3387,2026-02-23,51000.0,18,24,False
6362,915,2025-04-09,29200.0,0,11,False
6363,1111,2026-06-28,32200.0,33,11,False
6364,1307,2023-05-12,40800.0,41,12,False
6365,6849,2025-09-27,32400.0,6,11,False
6366,7200,2023-06-10,27200.0,49,12,False
6367,6629,2025-06-21,39600.0,26,12,False
6368,681,2025-01-05,42300.0,2,11,False
6369,7445,2024-02-20,38400.0,25,12,False
6370,1539,2022-08-31,46300.0,6,11,False
6371,6598,2024-09-08,38100.0,28,11,False
6372,3660,2023-09-21,24900.0,15,36,False
6373,4922,2024-05-13,25800.0,20,11,False
6374,5282,2025-08-17,33300.0,54,11,False
6375,7734,2023-02-25,13900.0,35,12,False
6376,1999,2024-08-30,33200.0,43,11,False
6377,5373,2024-12-11,27300.0,44,12,False
6378,7522,2024-09-12,25900.0,15,12,False
6379,251,2025-02-07,32300.0,22,12,False
6380,6594,2023-07-18,16600.0,30,11,False
6381,1934,2025-05-19,48600.0,8,11,False
6382,3522,2026-04-26,50800.0,40,12,False
6383,7754,2023-10-04,46100.0,10,36,False
6384,1895,2026-03-30,39900.0,21,12,False
6385,2918,2025-08-05,51700.0,50,12,False
6386,1537,2025-08-16,52000.0,45,24,False
6387,3468,2025-07-22,51700.0,46,12,False
6388,3655,2024-12-03,43800.0,42,11,False
6389,3880,2025-08-27,34100.0,10,11,False
6390,3509,2024-07-20,22800.0,17,11,False
6391,6771,2026-03-03,17500.0,29,11,False
6392,5450,2026-01-06,33600.0,15,24,False
6393,44,2023-02-21,15800.0,35,36,False
6394,3697,2023-01-20,70900.0,22,11,False
6395,2675,2026-04-05,25800.0,26,12,False
6396,4784,2023-12-12,34300.0,38,11,False
6397,3239,2024-03-17,14100.0,35,11,False
6398,1316,2022-10-30,77500.0,22,12,True
6399,3012,2025-10-07,19500.0,12,11,False
6400,220,2026-01-11,19900.0,32,24,False
6401,1969,2023-06-24,27500.0,28,12,False
6402,3043,2025-05-04,42100.0,31,11,False
6403,3597,2025-08-17,7000.0,29,24,False
6404,2502,2026-02-28,28400.0,45,12,False
6405,3555,2025-05-04,41600.0,39,24,False
6406,2836,2026-03-01,14800.0,48,11,False
6407,1009,2023-03-20,33300.0,25,11,False
6408,3016,2024-02-04,63400.0,11,11,False
6409,1854,2025-03-15,22600.0,6,11,False
6410,7902,2026-05-29,38100.0,45,11,False
6411,5065,2026-01-28,38600.0,41,24,False
6412,819,2024-09-06,45000.0,26,24,False
6413,497,2024-09-06,62300.0,23,36,False
6414,3640,2023-01-20,61700.0,6,36,False
6415,6001,2025-09-22,32800.0,1,36,False
6416,1526,2023-09-01,52900.0,11,11,False
6417,3730,2023-07-29,17000.0,23,11,False
6418,7233,2024-12-07,37600.0,0,11,False
6419,2958,2024-03-20,36000.0,33,11,False
6420,1743,2023-08-09,13700.0,5,11,False
6421,3600,2025-06-24,31600.0,35,11,False
6422,3422,2026-03-21,29600.0,22,11,False
6423,6547,2022-09-01,41100.0,26,11,False
6424,54,2022-08-25,25100.0,26,11,False
6425,2632,2023-08-01,25400.0,16,11,False
6426,3676,2024-12-25,63700.0,26,11,False
6427,625,2025-02-04,20300.0,10,11,False
6428,5293,2026-07-22,38300.0,14,36,False
6429,6069,2026-01-12,13900.0,0,11,False
6430,7361,2026-05-28,38800.0,15,12,False
6431,7559,2025-03-31,32500.0,20,12,False
6432,972,2023-10-28,49600.0,34,11,False
6433,2487,2023-09-28,30900.0,10,11,False
6434,1666,2024-06-25,40300.0,0,12,False
6435,2844,2026-03-27,18700.0,2,11,False
6436,7008,2025-04-09,26300.0,52,12,False
6437,660,2026-02-10,30600.0,9,12,False
6438,2398,2023-11-15,46500.0,23,11,False
6439,4594,2023-01-28,34900.0,47,11,False
6440,3358,2026-06-26,53100.0,15,11,False
6441,5576,2024-06-10,30500.0,75,36,False
6442,2698,2024-12-16,45800.0,21,11,False
6443,3889,2025-12-12,23200.0,41,11,False
6444,2618,2025-08-10,30700.0,30,36,False
6445,3329,2023-03-05,50100.0,20,24,False
6446,6678,2025-03-12,16900.0,40,11,False
6447,374,2026-05-04,23600.0,34,12,False
6448,874,2023-10-10,55500.0,42,11,False
6449,4997,2023-07-25,39400.0,15,11,False
6450,4860,2025-09-15,15900.0,45,24,False
6451,7641,2025-12-15,22900.0,23,24,False
6452,7029,2026-08-10,57000.0,54,12,False
6453,5611,2023-01-26,21600.0,25,11,False
6454,387,2024-03-13,30500.0,19,24,False
6455,6336,2026-05-19,39900.0,9,11,False
6456,3968,2025-07-26,32500.0,18,24,False
6457,2608,2023-08-19,40500.0,18,11,False
6458,4438,2024-12-13,39300.0,62,24,False
6459,4390,2026-04-24,29900.0,34,11,False
6460,2786,2023-06-21,22100.0,14,24,False
6461,4128,2025-01-28,25100.0,27,12,False
6462,3374,2023-12-14,62000.0,42,11,False
6463,6335,2025-02-20,20600.0,12,12,False
6464,5366,2025-06-23,29200.0,46,12,False
6465,7287,2024-11-26,28400.0,34,11,False
6466,6975,2022-11-07,46600.0,7,11,False
6467,6239,2025-11-18,32900.0,0,24,False
6468,4350,2025-06-13,37500.0,4,12,False
6469,4081,2024-12-03,36400.0,1,24,False
6470,7701,2024-05-08,21000.0,14,12,False
6471,7950,2024-08-28,38000.0,15,12,False
6472,940,2023-11-22,43200.0,8,36,False
6473,2982,2024-08-30,28300.0,35,11,False
6474,3020,2023-07-11,36800.0,0,12,False
6475,5829,2025-04-27,26600.0,45,24,False
6476,3118,2023-12-14,16300.0,46,11,False
6477,7762,2025-04-19,35200.0,22,11,False
6478,992,2025-10-27,50100.0,12,11,False
6479,1258,2022-12-03,32600.0,4,36,False
6480,2489,2024-07-16,32800.0,9,11,False
6481,7805,2023-11-15,32800.0,22,36,False
6482,1856,2025-12-05,45000.0,29,11,False
6483,3004,2026-08-06,32600.0,41,24,False
6484,5045,2025-05-05,45900.0,0,12,False
6485,6231,2024-08-03,49800.0,15,11,False
6486,1394,2026-06-15,33600.0,40,12,False
6487,4032,2023-06-23,20200.0,17,11,False
6488,6621,2026-08-14,22100.0,30,36,False
6489,204,2025-03-29,30700.0,35,24,False
6490,161,2023-01-09,30600.0,30,12,False
6491,7866,2025-05-19,21400.0,16,11,False
6492,4591,2024-06-30,32000.0,18,12,False
6493,782,2026-06-18,53500.0,33,24,False
6494,3836,2023-01-04,30500.0,42,24,False
6495,6863,2026-04-26,58400.0,21,11,False
6496,2638,2025-03-07,35700.0,12,11,False
6497,1119,2023-05-29,27000.0,15,11,False
6498,7188,2025-04-06,42600.0,0,12,False
6499,4604,2025-03-14,9500.0,32,11,False
6500,617,2022-08-23,18300.0,34,12,False
6501,5834,2024-08-30,16800.0,31,11,False
6502,1575,2023-07-04,19700.0,14,11,False
6503,2941,2024-12-20,24200.0,24,11,False
6504,3269,2023-03-25,20500.0,34,11,False
6505,1879,2023-06-04,35800.0,56,11,False
6506,702,2025-06-24,24300.0,31,11,False
6507,3847,2023-12-02,35500.0,28,11,False
6508,3019,2022-09-08,30000.0,17,12,False
6509,5456,2026-04-02,18700.0,27,11,False
6510,2148,2024-04-08,53600.0,32,24,False
6511,369,2024-12-25,19400.0,15,24,False
6512,5942,2023-12-29,15100.0,19,12,False
6513,3660,2026-06-13,24200.0,44,11,False
6514,4655,2023-12-19,36900.0,19,24,False
6515,4295,2025-09-11,40000.0,14,24,False
6516,4266,2025-07-18,43400.0,36,11,False
6517,4429,2023-07-13,25900.0,21,12,False
6518,6160,2025-09-10,80000.0,10,11,True
6519,7580,2026-06-25,50500.0,53,11,False
6520,7586,2026-05-09,17300.0,28,11,False
6521,2430,2025-05-14,45000.0,69,24,False
6522,1233,2024-03-15,28000.0,40,11,False
6523,5100,2023-06-01,37600.0,38,36,False
6524,3928,2024-06-20,28900.0,31,24,False
6525,5792,2023-11-21,28200.0,35,11,False
6526,2796,2025-04-26,32400.0,7,24,False
6527,6299,2023-12-16,56200.0,44,11,False
6528,3430,2023-02-09,59900.0,27,11,False
6529,1713,2025-02-15,50600.0,56,24,False
6530,301,2023-04-04,46300.0,0,11,False
6531,974,2025-01-04,29800.0,45,36,False
6532,7093,2022-11-06,25400.0,4,12,False
6533,1141,2023-03-12,49200.0,26,11,False
6534,6766,2023-02-22,28800.0,20,12,False
6535,6861,2023-09-15,17100.0,36,11,False
6536,2560,2024-07-31,34000.0,16,11,False
6537,1507,2023-10-20,24500.0,46,24,False
6538,4564,2025-10-20,38900.0,7,11,False
6539,7154,2023-12-14,23000.0,22,11,False
6540,5918,2022-10-07,16800.0,34,11,False
6541,4550,2023-08-10,31500.0,42,12,False
6542,3813,2024-01-23,22100.0,23,12,False
6543,3555,2024-02-08,43800.0,38,12,False
6544,6533,2025-05-31,17700.0,47,11,False
6545,2892,2026-07-31,52000.0,37,36,False
6546,6126,2022-10-20,27600.0,34,11,False
6547,2914,2026-07-24,48700.0,37,11,False
6548,5222,2022-10-12,28000.0,10,11,False
6549,2561,2024-04-11,20300.0,52,11,False
6550,3858,2024-07-07,24300.0,24,12,False
6551,3035,2022-12-05,71900.0,16,24,True
6552,4699,2024-04-21,28900.0,21,11,False
6553,967,2023-11-14,11800.0,26,11,False
6554,6217,2026-05-19,42100.0,44,12,False
6555,6271,2025-10-21,34600.0,29,24,False
6556,4709,2024-11-20,40700.0,0,12,False
6557,5544,2025-10-30,27700.0,0,11,False
6558,6787,2025-10-30,32100.0,26,24,False
6559,2914,2023-01-29,53300.0,13,11,False
6560,6886,2023-04-10,24700.0,23,11,False
6561,166,2024-11-02,52800.0,19,11,False
6562,3570,2023-08-19,45500.0,42,11,False
6563,2564,2025-04-14,40500.0,13,24,False
6564,937,2023-01-03,23400.0,28,24,False
6565,114,2025-03-04,40900.0,18,11,False
6566,3588,2024-07-17,16400.0,41,36,False
6567,1011,2025-07-25,50500.0,36,12,False
6568,7679,2025-10-10,35600.0,23,24,False
6569,6174,2026-01-02,38900.0,15,11,False
6570,6483,2023-12-07,15200.0,0,24,False
6571,3928,2024-05-20,26300.0,53,12,False
6572,1286,2024-04-03,31400.0,24,12,False
6573,7767,2026-04-04,20600.0,48,12,False
6574,3509,2023-04-23,24000.0,22,36,False
6575,523,2023-03-26,38200.0,19,24,False
6576,5446,2026-07-19,26100.0,27,11,False
6577,4912,2025-03-25,45200.0,21,11,False
6578,3274,2025-04-04,13900.0,25,12,False
6579,6413,2025-02-28,11600.0,30,11,False
6580,4538,2024-02-03,47300.0,10,11,False
6581,2641,2023-10-26,37000.0,15,12,False
6582,68,2024-04-23,40300.0,6,11,False
6583,1632,2025-05-31,27900.0,42,24,False
6584,5783,2023-08-17,17400.0,24,11,False
6585,4582,2022-08-26,37500.0,37,12,False
6586,19,2023-08-29,18900.0,23,11,False
6587,2791,2024-02-11,52700.0,16,11,False
6588,3605,2025-11-17,38800.0,37,12,False
6589,6348,2023-12-29,38100.0,20,24,False
6590,581,2023-12-19,32600.0,37,24,False
6591,7234,2023-02-20,24600.0,52,11,False
6592,7993,2024-04-06,33200.0,16,12,False
6593,5516,2025-06-16,40200.0,27,11,False
6594,7369,2024-05-07,40000.0,26,11,False
6595,2309,2024-08-19,43800.0,19,24,False
6596,2969,2024-07-31,14300.0,30,12,False
6597,6166,2024-10-15,46400.0,16,11,False
6598,661,2025-11-03,33800.0,21,12,False
6599,5865,2023-11-18,20700.0,29,11,False
6600,5204,2025-10-22,28000.0,5,12,False
6601,6985,2023-07-25,35400.0,27,12,False
6602,2644,2023-03-08,50700.0,21,24,False
6603,3342,2024-04-09,38300.0,24,24,False
6604,1369,2026-07-30,20200.0,61,11,False
6605,5108,2024-12-09,21700.0,22,11,False
6606,3719,2025-01-13,22200.0,0,11,False
6607,5904,2023-09-08,19500.0,33,11,False
6608,2891,2025-12-05,28800.0,18,24,False
6609,5804,2022-10-10,41700.0,34,24,False
6610,6146,2024-09-17,42000.0,16,24,False
6611,6002,2025-05-30,29600.0,46,12,False
6612,5349,2025-12-07,38900.0,37,11,False
6613,2267,2024-03-26,14000.0,19,11,False
6614,3623,2024-02-21,36700.0,8,12,False
6615,6167,2025-04-11,26200.0,8,36,False
6616,1060,2025-11-29,35300.0,12,36,False
6617,5959,2023-03-15,27400.0,36,24,False
6618,4487,2026-06-22,52500.0,38,11,False
6619,4071,2026-03-11,26400.0,54,11,False
6620,6465,2024-11-19,17900.0,11,12,False
6621,3032,2023-05-15,41800.0,5,11,False
6622,3306,2025-05-17,35000.0,7,24,False
6623,5809,2023-03-26,41900.0,25,24,False
6624,6984,2024-11-21,28000.0,41,11,False
6625,5966,2024-02-18,26400.0,29,12,False
6626,7183,2023-12-25,26400.0,27,11,False
6627,6757,2022-09-23,28500.0,12,12,False
6628,1125,2023-01-19,53800.0,22,11,False
6629,2375,2025-09-22,23000.0,56,36,False
6630,957,2022-10-13,52000.0,14,11,False
6631,3802,2025-03-16,23100.0,36,11,False
6632,3497,2026-04-19,20000.0,0,36,False
6633,1479,2022-09-23,20200.0,29,12,False
6634,579,2025-07-08,32600.0,19,36,False
6635,7836,2026-06-16,21100.0,37,11,False
6636,2971,2025-05-06,47600.0,14,11,False
6637,5211,2023-04-29,24700.0,38,12,False
6638,5420,2022-11-09,36300.0,13,11,False
6639,2560,2024-12-20,36800.0,25,24,False
6640,935,2023-06-21,18300.0,4,11,False
6641,1916,2023-11-14,28100.0,34,12,False
6642,5040,2022-10-07,30000.0,31,12,False
6643,7385,2024-05-18,45000.0,29,11,False
6644,7134,2024-07-14,23200.0,35,11,False
6645,7582,2023-04-16,28800.0,27,11,False
6646,6469,2023-02-03,57100.0,21,11,False
6647,1716,2023-05-13,21800.0,30,12,False
6648,625,2022-12-05,20500.0,3,12,False
6649,4605,2025-03-25,32600.0,49,12,False
6650,1788,2025-05-18,24800.0,36,36,False
6651,3913,2025-08-26,12800.0,34,12,False
6652,7238,2025-11-26,17700.0,19,24,False
6653,7013,2024-12-26,75300.0,39,11,True
6654,4282,2025-03-05,22000.0,18,11,False
6655,2531,2025-12-27,44600.0,19,11,False
6656,4856,2025-08-06,25400.0,36,24,False
6657,3589,2023-04-07,25500.0,15,11,False
6658,3559,2026-04-24,34000.0,13,36,False
6659,4633,2025-10-07,17000.0,43,11,False
6660,1163,2025-01-26,21800.0,9,11,False
6661,4094,2023-01-31,46500.0,33,36,False
6662,378,2026-01-12,36100.0,37,12,False
6663,7380,2023-07-13,31200.0,19,11,False
6664,5277,2024-07-21,19200.0,29,12,False
6665,207,2023-04-10,53900.0,16,11,False
6666,4986,2026-04-24,38600.0,3,36,False
6667,1350,2022-10-20,35100.0,26,12,False
6668,1169,2022-11-09,40400.0,35,12,False
6669,4733,2024-11-14,50500.0,37,12,False
6670,7543,2026-03-04,25900.0,33,12,False
6671,6442,2024-09-04,34200.0,40,11,False
6672,2750,2025-03-30,56400.0,43,11,False
6673,7477,2024-05-30,76800.0,27,11,True
6674,3335,2023-10-02,36200.0,19,24,False
6675,90,2024-06-13,48700.0,35,11,False
6676,5329,2022-11-07,39900.0,21,11,False
6677,4202,2023-10-11,34700.0,36,11,False
6678,3092,2024-11-14,31300.0,45,24,False
6679,1899,2024-08-06,26400.0,24,12,False
6680,820,2024-10-19,26100.0,19,11,False
6681,962,2026-03-11,27000.0,14,11,False
6682,2852,2025-10-16,48000.0,6,11,False
6683,6078,2026-03-13,39100.0,44,11,False
6684,3966,2026-05-14,55600.0,0,11,False
6685,7763,2022-11-18,22000.0,38,11,False
6686,7864,2023-05-29,31800.0,2,12,False
6687,1646,2023-04-08,46600.0,45,11,False
6688,2993,2025-04-10,17800.0,16,11,False
6689,6182,2025-12-15,25000.0,5,11,False
6690,3973,2025-08-15,29000.0,32,12,False
6691,3301,2022-09-26,42900.0,24,12,False
6692,6949,2022-12-13,16700.0,29,36,False
6693,7329,2026-08-15,61400.0,36,12,False
6694,5263,2024-04-26,45900.0,25,12,False
6695,4495,2024-12-09,41500.0,28,12,False
6696,7283,2022-11-05,31400.0,58,11,False
6697,5134,2023-10-19,35100.0,24,11,False
6698,4842,2024-04-18,28300.0,19,24,False
6699,2439,2024-04-23,34500.0,6,36,False
6700,4830,2024-08-24,9400.0,23,11,False
6701,6722,2023-12-06,54600.0,27,11,False
6702,5381,2025-08-06,35400.0,37,24,False
6703,959,2023-09-19,14200.0,20,11,False
6704,5037,2024-04-07,23400.0,27,12,False
6705,5991,2026-01-05,16100.0,21,11,False
6706,2623,2024-04-20,34900.0,12,11,False
6707,993,2025-05-27,51700.0,24,11,False
6708,7366,2022-09-17,30700.0,9,36,False
6709,972,2024-05-04,52700.0,40,11,False
6710,1290,2025-12-15,42100.0,32,12,False
6711,5160,2023-09-11,63800.0,17,36,False
6712,961,2023-04-04,55800.0,32,11,False
6713,2251,2025-02-21,24800.0,25,11,False
6714,5419,2026-04-20,26900.0,17,11,False
6715,7536,2026-08-19,31600.0,20,12,False
6716,6362,2023-05-05,40000.0,22,11,False
6717,3409,2024-06-23,34100.0,34,11,False
6718,5753,2024-06-11,34100.0,22,24,False
6719,5307,2024-06-30,39200.0,40,24,False
6720,7226,2023-08-21,58600.0,15,11,False
6721,4374,2024-08-11,27500.0,16,12,False
6722,2310,2026-04-04,21900.0,34,11,False
6723,1870,2023-09-05,31200.0,25,12,False
6724,1285,2024-05-26,39700.0,31,24,False
6725,470,2025-11-16,44300.0,48,11,False
6726,5995,2025-06-06,23600.0,29,12,False
6727,3375,2023-09-22,35100.0,20,11,False
6728,6919,2023-11-27,30600.0,20,36,False
6729,7120,2024-07-03,38700.0,13,24,False
6730,7586,2025-09-25,18300.0,19,36,False
6731,1258,2022-11-05,33400.0,28,36,False
6732,2712,2024-05-15,19200.0,0,36,False
6733,902,2023-03-15,26300.0,17,24,False
6734,3893,2025-02-03,24000.0,17,36,False
6735,6647,2024-08-19,41000.0,38,11,False
6736,6556,2024-06-12,36200.0,20,12,False
6737,6662,2026-04-26,62600.0,23,11,False
6738,5549,2024-10-25,28400.0,62,11,False
6739,5874,2023-04-03,34500.0,26,11,False
6740,7590,2024-09-21,57500.0,1,12,False
6741,5153,2025-10-25,25500.0,27,12,False
6742,3947,2023-03-07,17900.0,48,11,False
6743,3210,2025-10-26,72400.0,23,11,True
6744,7104,2023-03-22,38600.0,0,11,False
6745,7673,2024-03-27,33400.0,6,36,False
6746,942,2025-07-06,20600.0,53,12,False
6747,6161,2025-06-18,19200.0,38,11,False
6748,4694,2025-08-28,30900.0,39,11,False
6749,1581,2023-08-30,65600.0,21,12,False
6750,7419,2024-05-20,56600.0,0,24,False
6751,6192,2022-08-21,50600.0,49,24,False
6752,1120,2023-06-02,39700.0,27,11,False
6753,2463,2024-08-08,27100.0,36,12,False
6754,2674,2025-03-20,19600.0,27,12,False
6755,6046,2026-05-26,39000.0,0,12,False
6756,776,2022-10-07,26200.0,25,12,False
6757,2374,2024-03-07,27300.0,20,36,False
6758,4239,2025-07-02,39400.0,30,36,False
6759,7681,2024-10-20,43300.0,59,24,False
6760,2837,2022-09-04,37500.0,18,11,False
6761,5113,2023-06-10,33500.0,30,12,False
6762,7223,2025-05-24,23000.0,13,36,False
6763,4765,2026-06-27,52300.0,25,11,False
6764,4989,2024-03-28,36000.0,42,11,False
6765,6771,2023-11-09,16800.0,0,12,False
6766,3231,2024-07-09,12100.0,28,11,False
6767,4063,2026-02-10,40000.0,16,11,False
6768,7966,2025-12-26,31700.0,9,12,False
6769,2085,2025-03-06,30700.0,34,12,False
6770,6052,2023-03-18,37400.0,22,11,False
6771,593,2024-12-18,45700.0,34,11,False
6772,5536,2023-05-25,13700.0,36,11,False
6773,4435,2023-02-16,11700.0,21,11,False
6774,2148,2023-05-01,51300.0,14,11,False
6775,1986,2025-09-05,21800.0,23,11,False
6776,4559,2023-09-07,14200.0,9,11,False
6777,6153,2024-11-10,29800.0,32,11,False
6778,110,2024-01-29,14700.0,39,24,False
6779,192,2026-07-26,28800.0,44,36,False
6780,921,2025-04-28,62900.0,7,11,False
6781,5328,2023-09-18,48900.0,28,11,False
6782,878,2025-12-26,35200.0,16,24,False
6783,6856,2025-10-19,35000.0,0,24,False
6784,1109,2022-12-21,8600.0,52,24,False
6785,660,2025-01-18,30900.0,0,11,False
6786,4228,2026-07-17,77600.0,9,12,True
6787,3696,2024-11-09,21500.0,27,11,False
6788,7370,2023-09-06,26500.0,48,11,False
6789,7745,2022-09-17,24800.0,21,11,False
6790,646,2024-05-23,50600.0,36,12,False
6791,1059,2026-05-11,37100.0,18,24,False
6792,4225,2023-02-09,24500.0,13,11,False
6793,2196,2022-08-21,28400.0,43,11,False
6794,3956,2024-09-09,55700.0,17,11,False
6795,3233,2025-07-12,30300.0,46,11,False
6796,3672,2024-03-26,46800.0,6,24,False
6797,3375,2026-02-14,35500.0,48,11,False
6798,5578,2023-01-17,26800.0,15,12,False
6799,6206,2023-04-26,20500.0,28,11,False
6800,4361,2024-07-20,39300.0,45,12,False
6801,2484,2025-03-24,34000.0,0,12,False
6802,1921,2025-07-13,32200.0,47,11,False
6803,4059,2022-11-08,104500.0,0,36,True
6804,7699,2025-12-10,31400.0,38,11,False
6805,7796,2022-11-13,35200.0,41,11,False
6806,7084,2023-07-16,20600.0,42,12,False
6807,3799,2024-05-01,42100.0,19,12,False
6808,4220,2024-10-28,24100.0,18,11,False
6809,7698,2024-02-15,27700.0,24,24,False
6810,4200,2024-05-27,37800.0,21,11,False
6811,2055,2024-02-25,52400.0,45,12,False
6812,3456,2025-06-06,31600.0,25,11,False
6813,2191,2025-03-23,30900.0,18,12,False
6814,7511,2023-10-23,23200.0,35,11,False
6815,2555,2022-12-19,22900.0,25,24,False
6816,6468,2022-11-06,37800.0,27,11,False
6817,4686,2026-07-13,17900.0,30,12,False
6818,1317,2022-12-31,23200.0,14,11,False
6819,1478,2026-05-04,44300.0,4,12,False
6820,3277,2024-11-30,61100.0,31,24,False
6821,6516,2022-08-20,24700.0,17,36,False
6822,1987,2025-05-04,52900.0,21,11,False
6823,7678,2022-11-02,43400.0,25,11,False
6824,6186,2023-01-22,14900.0,0,11,False
6825,3259,2024-11-08,30500.0,25,36,False
6826,6072,2024-01-31,40500.0,21,12,False
6827,5688,2025-07-16,25800.0,31,12,False
6828,5583,2022-09-06,57900.0,13,12,False
6829,3296,2022-10-29,26400.0,40,12,False
6830,3211,2024-01-10,37200.0,21,11,False
6831,3400,2023-10-16,22500.0,24,24,False
6832,2845,2024-07-11,28500.0,16,11,False
6833,1009,2025-05-18,37000.0,25,11,False
6834,7815,2026-05-10,36300.0,20,11,False
6835,5032,2023-07-21,52500.0,27,24,False
6836,5681,2025-05-13,22600.0,17,12,False
6837,2201,2023-05-03,23600.0,34,36,False
6838,6457,2022-12-17,32400.0,30,11,False
6839,6460,2026-08-05,30400.0,43,11,False
6840,227,2023-04-28,27600.0,32,12,False
6841,790,2026-03-28,18600.0,31,24,False
6842,2901,2024-07-07,28500.0,28,12,False
6843,5324,2026-04-02,62600.0,3,12,False
6844,700,2025-10-18,74300.0,0,24,True
6845,538,2024-07-11,89800.0,10,11,True
6846,3525,2025-03-24,30300.0,33,12,False
6847,5181,2025-05-01,67700.0,37,11,False
6848,5144,2025-04-01,23000.0,22,12,False
6849,5641,2026-01-27,52000.0,21,11,False
6850,2201,2023-12-20,25600.0,16,36,False
6851,1322,2023-07-22,27600.0,26,12,False
6852,6221,2025-01-11,22800.0,26,12,False
6853,7126,2023-12-02,17500.0,31,11,False
6854,1561,2026-02-06,15800.0,12,11,False
6855,4882,2026-08-02,33900.0,41,11,False
6856,7851,2025-08-17,39600.0,36,11,False
6857,2963,2023-08-26,23300.0,24,11,False
6858,3176,2025-09-03,33800.0,37,36,False
6859,2494,2024-01-08,54400.0,41,12,False
6860,4229,2024-03-02,8900.0,28,12,False
6861,6949,2025-05-06,16600.0,17,24,False
6862,7539,2025-02-04,50000.0,24,11,False
6863,3890,2025-08-08,41500.0,50,11,False
6864,7278,2025-04-23,58600.0,3,11,False
6865,5316,2023-04-19,44400.0,14,12,False
6866,860,2023-10-04,37300.0,29,11,False
6867,5964,2024-04-01,24300.0,37,11,False
6868,6477,2023-02-01,15900.0,5,11,False
6869,450,2025-09-30,21000.0,25,11,False
6870,4006,2023-06-24,49300.0,21,12,False
6871,7753,2023-10-20,71000.0,16,24,False
6872,3184,2026-05-26,53300.0,0,24,False
6873,1262,2025-10-12,20300.0,47,12,False
6874,6727,2026-01-14,34200.0,0,12,False
6875,5567,2023-01-02,39600.0,15,11,False
6876,7055,2026-03-24,28100.0,38,11,False
6877,228,2023-05-21,26900.0,24,24,False
6878,4237,2024-06-19,63500.0,20,11,False
6879,7339,2025-10-04,54500.0,70,11,False
6880,3030,2025-01-31,36700.0,33,11,False
6881,5681,2023-07-21,22600.0,32,24,False
6882,1872,2024-05-29,34500.0,22,12,False
6883,3867,2024-04-30,36100.0,35,12,False
6884,187,2025-08-22,28900.0,29,12,False
6885,6626,2025-08-07,44400.0,16,11,False
6886,6501,2025-09-20,22700.0,34,11,False
6887,2943,2025-05-19,33800.0,0,11,False
6888,2591,2024-06-03,26000.0,29,11,False
6889,1976,2024-10-07,25200.0,17,12,False
6890,2994,2025-08-10,27100.0,27,11,False
6891,864,2026-03-27,42200.0,27,24,False
6892,2076,2025-09-13,45900.0,29,11,False
6893,1280,2022-08-27,19300.0,26,36,False
6894,5632,2024-10-02,45500.0,9,24,False
6895,5188,2024-01-03,46700.0,12,24,False
6896,5832,2025-09-13,28200.0,23,11,False
6897,5227,2025-11-12,43200.0,39,11,False
6898,6464,2024-06-18,24300.0,28,24,False
6899,1923,2025-01-10,30200.0,21,24,False
6900,272,2022-10-26,38300.0,42,11,False
6901,1667,2024-02-01,44000.0,29,11,False
6902,4509,2023-10-29,42600.0,23,11,False
6903,3281,2025-07-12,43500.0,34,24,False
6904,6268,2024-09-12,27000.0,8,11,False
6905,1609,2022-12-13,49000.0,7,12,False
6906,5306,2023-09-22,27300.0,32,11,False
6907,2959,2025-01-30,58700.0,30,11,False
6908,1733,2024-09-11,65200.0,4,11,False
6909,3338,2023-06-24,26500.0,54,11,False
6910,6772,2025-11-29,27900.0,11,12,False
6911,3342,2023-12-25,34600.0,4,24,False
6912,1476,2024-03-27,40000.0,35,11,False
6913,6394,2023-10-07,34900.0,8,36,False
6914,220,2022-10-24,17800.0,40,11,False
6915,53,2024-01-21,26300.0,0,11,False
6916,1796,2023-08-28,10600.0,32,12,False
6917,5693,2023-12-16,27500.0,51,12,False
6918,7737,2024-11-22,27700.0,17,11,False
6919,1704,2024-12-10,43900.0,28,11,False
6920,5476,2024-05-19,36200.0,4,11,False
6921,7052,2023-05-13,24000.0,28,11,False
6922,2848,2024-02-17,26700.0,30,11,False
6923,732,2023-08-10,24400.0,16,12,False
6924,409,2023-03-20,42000.0,11,12,False
6925,6896,2024-05-25,42500.0,5,24,False
6926,7318,2024-12-30,40000.0,19,12,False
6927,6705,2023-01-08,35000.0,33,11,False
6928,7004,2023-02-06,31700.0,38,24,False
6929,2345,2025-05-26,40400.0,37,11,False
6930,72,2022-11-10,43200.0,19,11,False
6931,6074,2025-06-09,49700.0,29,11,False
6932,6461,2024-02-14,19800.0,28,12,False
6933,2098,2025-05-28,66600.0,31,11,False
6934,1257,2022-12-01,32600.0,37,12,False
6935,1602,2024-10-08,47300.0,33,36,False
6936,3768,2024-04-10,29800.0,27,12,False
6937,3023,2024-04-30,9700.0,10,11,False
6938,4586,2024-09-05,23700.0,15,11,False
6939,6012,2024-11-06,20400.0,28,11,False
6940,711,2026-08-13,37100.0,28,12,False
6941,7397,2023-12-02,19900.0,34,11,False
6942,5415,2023-07-10,46300.0,24,11,False
6943,842,2023-04-19,70500.0,30,12,False
6944,6043,2023-08-09,61100.0,36,11,False
6945,352,2025-12-09,42700.0,29,24,False
6946,5495,2024-04-13,18800.0,30,11,False
6947,3999,2024-08-19,41300.0,21,36,False
6948,310,2023-06-22,30000.0,25,11,False
6949,3499,2025-11-28,20100.0,13,11,False
6950,5363,2024-06-13,50600.0,23,11,False
6951,6183,2025-05-30,25800.0,30,11,False
6952,2385,2025-03-27,41000.0,10,12,False
6953,4971,2025-05-28,38700.0,22,11,False
6954,4928,2026-01-14,34800.0,16,24,False
6955,2872,2022-09-01,15400.0,58,24,False
6956,5839,2025-09-02,40200.0,34,11,False
6957,3642,2026-03-04,42900.0,33,36,False
6958,4582,2023-03-23,36200.0,25,12,False
6959,3561,2026-01-25,19400.0,3,12,False
6960,6670,2023-09-10,46300.0,13,11,False
6961,4726,2024-01-07,9100.0,18,36,False
6962,7883,2026-07-03,42200.0,11,11,False
6963,2745,2024-08-12,41900.0,9,11,False
6964,3056,2026-05-13,51700.0,21,11,False
6965,7954,2022-09-01,43500.0,38,11,False
6966,278,2026-01-15,19100.0,11,12,False
6967,2603,2023-10-27,51400.0,37,24,False
6968,2826,2025-12-09,35700.0,41,11,False
6969,339,2025-12-03,36700.0,27,24,False
6970,2017,2024-09-13,31700.0,32,11,False
6971,3050,2026-03-04,21700.0,22,11,False
6972,4681,2024-07-27,36300.0,24,12,False
6973,4061,2025-10-19,37200.0,11,12,False
6974,928,2026-02-02,21900.0,24,12,False
6975,2040,2025-07-04,29200.0,43,12,False
6976,7595,2023-03-13,55200.0,37,12,False
6977,3204,2022-11-21,22100.0,38,24,False
6978,5568,2025-09-01,32400.0,37,11,False
6979,6258,2023-10-05,52400.0,4,24,False
6980,5975,2026-07-09,23000.0,10,36,False
6981,4300,2023-08-28,41800.0,15,24,False
6982,7602,2025-07-19,47400.0,5,24,False
6983,3845,2023-10-03,45500.0,12,11,False
6984,330,2023-11-08,45100.0,21,11,False
6985,1840,2022-08-27,22300.0,24,11,False
6986,317,2023-05-01,13900.0,20,12,False
6987,3629,2023-08-17,28000.0,6,12,False
6988,1162,2024-06-15,13000.0,22,12,False
6989,2807,2023-01-18,36000.0,19,12,False
6990,4987,2025-07-08,31000.0,24,11,False
6991,7550,2026-04-23,60500.0,0,11,False
6992,1555,2025-05-12,31300.0,1,11,False
6993,156,2026-07-31,22400.0,28,11,False
6994,5715,2026-02-25,20500.0,47,11,False
6995,1762,2022-12-15,43700.0,53,24,False
6996,3425,2024-05-08,38800.0,0,11,False
6997,904,2024-06-19,24100.0,25,11,False
6998,3145,2024-08-18,43000.0,27,24,False
6999,2868,2024-10-10,46400.0,27,11,False
7000,734,2025-11-13,52500.0,43,11,False
7001,7836,2024-01-04,21100.0,27,12,False
7002,930,2023-03-18,23100.0,28,11,False
7003,3440,2025-12-17,27400.0,35,11,False
7004,888,2023-05-11,18700.0,22,36,False
7005,4202,2024-06-01,37400.0,23,11,False
7006,6896,2026-05-28,40900.0,45,12,False
7007,505,2024-05-06,38100.0,10,12,False
7008,1795,2026-04-24,21100.0,0,36,False
7009,6516,2024-09-15,22500.0,23,11,False
7010,1144,2025-02-08,61200.0,51,24,False
7011,3492,2024-12-28,36000.0,45,11,False
7012,2892,2024-10-19,51300.0,54,11,False
7013,5409,2024-06-23,45200.0,2,11,False
7014,6227,2024-07-07,20900.0,13,11,False
7015,6894,2023-10-22,19400.0,41,11,False
7016,6950,2023-12-14,51000.0,22,36,False
7017,1685,2023-08-31,51700.0,7,12,False
7018,5809,2024-06-10,41400.0,49,11,False
7019,7144,2023-10-24,28300.0,22,24,False
7020,3054,2022-11-29,49300.0,30,12,False
7021,5709,2023-09-29,15600.0,32,12,False
7022,6916,2023-02-04,29800.0,6,11,False
7023,143,2025-01-27,59300.0,27,11,False
7024,5439,2026-08-12,24200.0,27,12,False
7025,7501,2025-07-09,15100.0,20,11,False
7026,2823,2024-12-16,36100.0,17,12,False
7027,3518,2025-05-26,37300.0,20,36,False
7028,6765,2023-06-27,34900.0,14,12,False
7029,4766,2026-08-12,40600.0,17,12,False
7030,6757,2026-04-20,30500.0,48,11,False
7031,2485,2025-05-25,59200.0,34,11,False
7032,5935,2026-06-26,28000.0,4,11,False
7033,7221,2024-05-16,28800.0,12,11,False
7034,4616,2025-05-31,39900.0,9,11,False
7035,1890,2023-12-19,51300.0,26,36,False
7036,6588,2026-08-06,47000.0,35,11,False
7037,2756,2026-08-02,30500.0,25,12,False
7038,1755,2024-12-16,29400.0,2,11,False
7039,5609,2023-08-21,26200.0,13,11,False
7040,3144,2026-03-20,21300.0,22,11,False
7041,1093,2024-09-11,44100.0,34,12,False
7042,2849,2022-09-28,53000.0,13,11,False
7043,6087,2023-03-31,24900.0,24,24,False
7044,5333,2023-10-01,24600.0,6,11,False
7045,3879,2026-07-18,62200.0,38,11,False
7046,1316,2023-10-12,75500.0,23,24,True
7047,3962,2023-10-24,31000.0,23,12,False
7048,1847,2025-01-18,51600.0,36,36,False
7049,6415,2024-04-27,17600.0,45,11,False
7050,1538,2025-10-14,59000.0,36,24,False
7051,3389,2024-01-12,39000.0,29,11,False
7052,7271,2023-02-09,31400.0,25,12,False
7053,5227,2026-03-08,42200.0,46,24,False
7054,5161,2026-07-23,21500.0,2,12,False
7055,3021,2024-04-09,19000.0,0,11,False
7056,72,2025-11-05,45600.0,12,11,False
7057,1728,2023-03-06,21400.0,36,11,False
7058,7511,2023-03-01,23900.0,11,12,False
7059,5508,2026-04-27,42000.0,35,36,False
7060,1375,2026-02-07,34900.0,34,11,False
7061,6381,2022-11-18,26900.0,14,11,False
7062,3384,2026-05-27,22800.0,49,12,False
7063,3188,2024-06-29,28000.0,36,24,False
7064,900,2025-04-06,17300.0,10,11,False
7065,4330,2023-12-22,37600.0,28,11,False
7066,2721,2023-08-23,25900.0,41,11,False
7067,7158,2022-10-03,51800.0,18,11,False
7068,6553,2023-11-24,51200.0,8,11,False
7069,1538,2023-07-25,60900.0,17,36,False
7070,2517,2024-02-24,27800.0,29,36,False
7071,2609,2023-02-27,45300.0,0,12,False
7072,745,2023-02-26,25700.0,16,11,False
7073,1787,2025-03-05,18200.0,36,12,False
7074,4015,2023-10-31,38200.0,9,11,False
7075,427,2023-08-17,59900.0,27,12,False
7076,3562,2023-06-27,48200.0,27,11,False
7077,1627,2024-05-23,45900.0,13,12,False
7078,4589,2025-05-02,34500.0,23,12,False
7079,4541,2025-11-13,30600.0,0,11,False
7080,5154,2026-04-15,23600.0,15,36,False
7081,4816,2025-06-30,50400.0,9,11,False
7082,500,2026-04-08,33900.0,14,11,False
7083,192,2022-11-26,26700.0,34,11,False
7084,506,2024-04-15,45500.0,22,24,False
7085,5029,2025-03-24,22300.0,31,12,False
7086,5955,2023-10-09,57300.0,49,12,False
7087,1284,2024-06-17,18500.0,16,11,False
7088,2012,2026-02-17,19500.0,5,11,False
7089,4426,2024-04-22,27200.0,39,12,False
7090,5613,2026-01-29,19600.0,53,11,False
7091,2235,2025-10-31,31500.0,20,11,False
7092,7151,2023-01-20,20300.0,7,11,False
7093,832,2025-02-18,46700.0,21,36,False
7094,3300,2023-06-22,23900.0,21,12,False
7095,7436,2025-06-05,29200.0,16,11,False
7096,1506,2024-08-07,36600.0,20,24,False
7097,1112,2026-01-09,9400.0,36,24,False
7098,4295,2024-11-11,39200.0,37,11,False
7099,1916,2024-08-02,27600.0,8,12,False
7100,888,2025-08-31,17500.0,25,11,False
7101,4871,2022-10-28,32700.0,11,11,False
7102,2087,2024-03-19,32900.0,24,11,False
7103,275,2022-12-11,30000.0,14,11,False
7104,1052,2025-06-03,35500.0,24,11,False
7105,3298,2023-10-30,31400.0,24,11,False
7106,6460,2025-02-14,30000.0,0,36,False
7107,4163,2024-09-04,47400.0,0,24,False
7108,1077,2024-09-08,21600.0,21,11,False
7109,4127,2024-02-21,23300.0,30,11,False
7110,1608,2024-01-18,43200.0,17,24,False
7111,3268,2023-12-09,27000.0,27,24,False
7112,4492,2025-12-19,23400.0,25,11,False
7113,7694,2022-12-14,30200.0,0,11,False
7114,7566,2026-05-09,48700.0,30,12,False
7115,7906,2023-04-18,24300.0,25,11,False
7116,3885,2026-01-19,20200.0,32,36,False
7117,3370,2025-05-10,33100.0,46,12,False
7118,6453,2023-05-04,39500.0,8,11,False
7119,7622,2023-03-11,56200.0,40,11,False
7120,3835,2026-05-21,38900.0,22,11,False
7121,2151,2026-04-17,41100.0,22,11,False
7122,5509,2024-09-22,34000.0,24,24,False
7123,310,2024-10-17,32600.0,13,36,False
7124,7896,2024-05-13,25700.0,29,12,False
7125,3442,2022-10-19,26500.0,30,11,False
7126,5186,2026-05-02,42500.0,53,24,False
7127,3252,2025-12-20,26300.0,10,11,False
7128,1279,2025-02-01,45000.0,24,12,False
7129,5487,2024-03-11,29400.0,17,12,False
7130,2808,2026-04-28,67500.0,39,12,False
7131,1552,2025-01-20,24000.0,47,12,False
7132,6357,2025-09-05,40100.0,11,11,False
7133,5424,2023-05-03,22900.0,0,36,False
7134,6532,2024-08-21,32600.0,48,11,False
7135,1409,2023-04-05,36700.0,13,11,False
7136,5994,2025-05-28,46400.0,13,24,False
7137,5939,2024-10-06,19400.0,44,12,False
7138,6267,2023-10-12,44000.0,16,36,False
7139,5003,2026-03-02,29300.0,26,24,False
7140,5104,2023-12-12,46100.0,15,11,False
7141,2005,2022-10-23,22600.0,19,12,False
7142,4406,2022-12-13,24400.0,22,12,False
7143,2928,2023-07-07,47900.0,37,24,False
7144,2714,2025-05-01,61000.0,34,12,False
7145,2549,2025-11-21,50900.0,50,11,False
7146,6743,2024-10-17,55700.0,29,11,False
7147,5177,2026-02-06,33200.0,31,11,False
7148,4672,2024-06-22,37600.0,9,11,False
7149,6651,2025-10-21,32300.0,41,11,False
7150,7195,2025-08-26,27700.0,39,11,False
7151,4099,2023-04-21,59000.0,17,12,False
7152,3647,2025-08-13,59900.0,48,11,False
7153,940,2026-04-22,47900.0,43,11,False
7154,4328,2023-06-19,33600.0,14,11,False
7155,4566,2024-05-13,22400.0,27,36,False
7156,3030,2024-02-28,37900.0,16,12,False
7157,184,2024-05-18,41200.0,26,11,False
7158,7914,2023-10-22,22500.0,10,11,False
7159,3441,2025-10-13,30600.0,48,11,False
7160,6758,2026-05-08,42400.0,12,36,False
7161,1429,2025-08-18,38100.0,15,11,False
7162,6943,2024-10-24,38800.0,2,12,False
7163,2859,2023-03-06,32000.0,40,12,False
7164,545,2026-05-31,35700.0,14,12,False
7165,7836,2025-06-11,21100.0,1,36,False
7166,7096,2025-09-29,28100.0,23,11,False
7167,5821,2023-05-18,46900.0,15,24,False
7168,1301,2023-03-18,18100.0,18,36,False
7169,3038,2024-06-26,24100.0,24,12,False
7170,6796,2024-02-24,44600.0,0,11,False
7171,6918,2022-10-01,26400.0,8,12,False
7172,3121,2023-08-10,26700.0,21,11,False
7173,1122,2022-08-29,25800.0,17,11,False
7174,1334,2026-08-11,69500.0,46,11,False
7175,933,2024-07-25,32900.0,39,12,False
7176,7683,2024-11-16,41400.0,13,11,False
7177,3153,2025-12-16,41000.0,30,11,False
7178,7532,2024-05-20,30400.0,24,11,False
7179,4346,2022-12-14,30900.0,16,11,False
7180,1051,2025-08-10,11600.0,52,12,False
7181,5433,2024-04-05,34300.0,23,11,False
7182,2021,2025-04-18,25900.0,18,36,False
7183,3437,2023-07-18,66200.0,3,24,False
7184,2566,2023-07-10,59200.0,0,12,False
7185,7434,2025-03-08,17800.0,22,11,False
7186,273,2024-01-08,38100.0,34,24,False
7187,1214,2026-02-11,27200.0,14,12,False
7188,4660,2025-08-29,38800.0,14,11,False
7189,4296,2026-06-16,36400.0,16,24,False
7190,3852,2025-06-13,64500.0,0,12,False
7191,7882,2024-07-21,18400.0,19,11,False
7192,7605,2024-01-01,39100.0,22,12,False
7193,5930,2024-05-02,22400.0,34,11,False
7194,6438,2023-05-28,58000.0,38,11,False
7195,2450,2025-03-27,25700.0,20,11,False
7196,4633,2026-01-25,17200.0,18,36,False
7197,7147,2026-01-14,40800.0,44,11,False
7198,4331,2024-06-11,29800.0,21,11,False
7199,5713,2025-03-18,48100.0,37,11,False
7200,7453,2025-09-13,16800.0,27,11,False
7201,4276,2022-11-09,30600.0,39,11,False
7202,1749,2023-12-15,30600.0,15,12,False
7203,2280,2023-12-29,20400.0,29,11,False
7204,6649,2024-01-22,41200.0,17,24,False
7205,129,2024-12-20,43300.0,0,11,False
7206,1297,2023-07-04,30100.0,7,12,False
7207,3757,2026-05-26,35800.0,29,24,False
7208,1637,2025-09-26,53500.0,23,24,False
7209,4873,2023-07-08,37500.0,31,11,False
7210,4063,2025-03-06,36000.0,6,11,False
7211,7701,2025-12-07,20200.0,47,11,False
7212,4341,2023-04-25,23200.0,25,12,False
7213,5194,2024-01-05,29200.0,27,36,False
7214,5059,2026-05-01,47700.0,23,12,False
7215,5675,2024-06-04,37800.0,36,11,False
7216,637,2026-04-12,28300.0,0,24,False
7217,3885,2023-11-19,21800.0,52,11,False
7218,5711,2023-04-15,8500.0,0,11,False
7219,6729,2023-08-26,43900.0,3,11,False
7220,2089,2025-09-08,38800.0,17,11,False
7221,3636,2026-07-08,21500.0,18,11,False
7222,5091,2023-12-16,40500.0,32,36,False
7223,2392,2023-12-26,19500.0,25,11,False
7224,6009,2026-04-07,24200.0,10,12,False
7225,3294,2024-09-19,44200.0,5,11,False
7226,251,2025-07-16,34100.0,21,11,False
7227,2995,2025-06-08,43700.0,28,12,False
7228,5156,2023-07-11,34000.0,37,11,False
7229,992,2024-12-12,46900.0,34,12,False
7230,1356,2024-06-07,26000.0,34,11,False
7231,7346,2026-04-18,17600.0,9,12,False
7232,7083,2024-06-19,28200.0,41,12,False
7233,1001,2022-10-15,39700.0,45,11,False
7234,906,2023-01-19,29500.0,27,36,False
7235,3007,2024-04-18,38800.0,28,11,False
7236,2163,2026-07-08,60800.0,0,12,False
7237,2731,2024-10-13,36100.0,2,24,False
7238,5082,2026-06-14,41600.0,28,24,False
7239,7433,2024-01-27,12300.0,27,11,False
7240,7687,2024-12-19,34100.0,42,24,False
7241,1357,2025-03-08,21200.0,18,11,False
7242,476,2026-02-02,31300.0,19,11,False
7243,2031,2024-03-26,37300.0,46,24,False
7244,91,2025-03-19,24100.0,37,11,False
7245,538,2023-07-26,93900.0,19,11,True
7246,4864,2024-03-13,42200.0,20,12,False
7247,4153,2025-10-12,32500.0,8,36,False
7248,4942,2026-02-16,23500.0,28,24,False
7249,2835,2024-02-26,11500.0,38,24,False
7250,5079,2022-09-03,20900.0,11,11,False
7251,1724,2026-06-28,35300.0,9,12,False
7252,192,2023-09-30,27000.0,36,24,False
7253,2030,2025-04-26,37000.0,32,11,False
7254,3708,2026-03-23,29200.0,36,11,False
7255,7564,2025-08-14,31800.0,30,24,False
7256,2234,2024-05-11,41000.0,28,12,False
7257,4544,2025-08-14,31500.0,2,11,False
7258,7501,2023-06-18,15000.0,30,12,False
7259,1029,2025-06-24,39700.0,43,11,False
7260,3871,2025-02-16,28600.0,4,24,False
7261,6789,2022-12-01,33700.0,20,11,False
7262,4399,2025-05-23,47400.0,15,12,False
7263,4774,2023-10-08,44800.0,37,11,False
7264,4387,2025-01-15,37900.0,32,12,False
7265,2097,2024-01-16,19000.0,0,12,False
7266,6136,2024-06-29,39000.0,22,11,False
7267,3389,2025-05-23,41500.0,15,36,False
7268,1754,2022-10-01,45700.0,16,11,False
7269,313,2025-04-09,16300.0,13,11,False
7270,6837,2024-04-29,24100.0,10,12,False
7271,6330,2023-04-13,35100.0,55,12,False
7272,4642,2025-05-05,18900.0,61,11,False
7273,1288,2023-09-06,38500.0,35,11,False
7274,5077,2023-11-19,43200.0,45,11,False
7275,4024,2025-12-29,31200.0,41,12,False
7276,3348,2025-05-05,15200.0,0,11,False
7277,594,2023-10-01,31400.0,64,12,False
7278,5813,2023-04-10,18100.0,0,11,False
7279,2862,2023-09-25,26500.0,8,11,False
7280,5756,2024-08-02,29500.0,35,11,False
7281,7774,2022-09-24,21300.0,27,24,False
7282,363,2024-11-08,43500.0,8,11,False
7283,5943,2023-12-04,19700.0,34,11,False
7284,2932,2022-11-14,23200.0,25,24,False
7285,6302,2023-02-24,38900.0,23,24,False
7286,6023,2025-07-04,27600.0,19,12,False
7287,2055,2023-07-15,49400.0,15,12,False
7288,6382,2026-06-15,22800.0,7,11,False
7289,5051,2024-12-08,33300.0,39,12,False
7290,4100,2022-10-01,22400.0,21,24,False
7291,1661,2023-02-07,25000.0,24,11,False
7292,2826,2025-07-08,32700.0,33,24,False
7293,908,2024-08-26,34200.0,30,24,False
7294,6214,2022-12-31,19100.0,30,11,False
7295,6205,2025-09-02,20900.0,36,11,False
7296,5169,2023-03-18,45600.0,32,36,False
7297,5687,2023-07-13,42800.0,43,11,False
7298,7188,2024-01-21,42200.0,18,11,False
7299,5680,2024-10-31,51700.0,66,12,False
7300,744,2022-11-05,44000.0,11,11,False
7301,4053,2026-03-13,32600.0,17,11,False
7302,4808,2024-10-28,43000.0,28,12,False
7303,2559,2026-08-17,28900.0,54,11,False
7304,624,2022-10-14,67900.0,22,11,False
7305,3894,2025-04-30,13300.0,58,11,False
7306,6988,2026-06-03,43700.0,1,12,False
7307,6227,2024-02-05,18900.0,0,36,False
7308,1757,2023-07-05,37800.0,22,12,False
7309,7820,2024-06-17,23900.0,9,24,False
7310,4877,2025-12-25,42900.0,27,11,False
7311,5487,2023-06-04,29600.0,15,11,False
7312,6831,2024-03-31,43500.0,23,12,False
7313,1623,2022-09-19,35500.0,25,11,False
7314,7152,2025-03-06,26400.0,11,36,False
7315,1647,2024-06-07,70100.0,31,11,False
7316,914,2023-04-19,48000.0,14,11,False
7317,5681,2025-09-13,23800.0,27,11,False
7318,280,2022-12-01,54000.0,15,12,False
7319,4753,2023-11-28,38000.0,21,11,False
7320,1673,2024-02-27,47000.0,4,24,False
7321,2206,2025-01-24,23000.0,34,12,False
7322,2486,2025-04-10,55100.0,11,24,False
7323,3995,2024-02-08,56100.0,47,24,False
7324,4966,2025-06-03,41500.0,45,24,False
7325,3342,2024-12-16,38500.0,34,11,False
7326,7815,2026-03-23,34400.0,46,12,False
7327,6984,2024-01-18,28200.0,42,11,False
7328,1480,2024-08-11,34100.0,30,24,False
7329,4604,2024-11-27,9600.0,22,11,False
7330,5575,2025-01-29,54700.0,23,12,False
7331,1260,2024-02-12,25300.0,26,11,False
7332,4211,2024-02-08,32900.0,23,11,False
7333,689,2026-03-13,36000.0,62,12,False
7334,2716,2023-12-06,74600.0,29,11,True
7335,2072,2025-03-24,45200.0,15,11,False
7336,5446,2025-05-21,28000.0,38,11,False
7337,6280,2024-03-07,31600.0,10,36,False
7338,6993,2024-11-19,49500.0,32,12,False
7339,3846,2025-02-27,21700.0,48,11,False
7340,6029,2024-05-28,34400.0,38,12,False
7341,4730,2023-11-01,61900.0,19,11,False
7342,2082,2024-02-03,43600.0,10,11,False
7343,2707,2026-03-12,31300.0,27,12,False
7344,5896,2025-12-29,51800.0,31,11,False
7345,667,2026-03-23,35700.0,37,12,False
7346,166,2024-11-13,51100.0,30,12,False
7347,5056,2025-02-17,26600.0,32,11,False
7348,4696,2026-05-27,21600.0,31,11,False
7349,599,2025-05-23,35800.0,7,36,False
7350,4628,2023-02-27,46100.0,18,11,False
7351,2885,2026-01-17,44300.0,58,11,False
7352,4358,2026-03-22,31700.0,66,11,False
7353,6647,2023-03-17,41200.0,18,11,False
7354,7852,2026-05-14,29700.0,27,12,False
7355,1290,2026-05-27,44300.0,12,12,False
7356,72,2026-03-18,44700.0,36,12,False
7357,3600,2025-09-23,31500.0,28,12,False
7358,4857,2025-03-19,47800.0,12,11,False
7359,3665,2024-08-20,12400.0,46,12,False
7360,271,2025-09-25,30700.0,6,11,False
7361,1816,2022-12-06,29300.0,42,11,False
7362,2516,2025-03-26,41800.0,48,24,False
7363,1296,2023-01-07,44800.0,21,11,False
7364,1037,2022-11-26,25500.0,12,12,False
7365,2783,2025-02-24,40000.0,26,36,False
7366,1109,2023-05-17,9000.0,10,11,False
7367,4195,2023-10-31,32700.0,0,11,False
7368,5191,2026-04-07,72700.0,12,11,True
7369,6858,2024-08-06,40500.0,17,11,False
7370,410,2025-06-23,56300.0,15,36,False
7371,7538,2023-11-30,20100.0,52,11,False
7372,6176,2022-11-15,23500.0,7,11,False
7373,6298,2023-06-14,18800.0,0,36,False
7374,3148,2025-10-16,11600.0,8,11,False
7375,1004,2025-04-17,28400.0,20,12,False
7376,3688,2024-07-11,48800.0,35,36,False
7377,4589,2024-03-05,31400.0,0,11,False
7378,722,2025-02-15,24000.0,50,36,False
7379,2675,2023-09-06,28100.0,3,24,False
7380,5690,2023-06-11,24100.0,25,24,False
7381,4958,2024-09-07,23300.0,31,11,False
7382,6421,2025-09-24,37600.0,21,12,False
7383,1442,2023-03-14,73300.0,25,11,True
7384,7079,2026-06-09,62300.0,28,12,False
7385,5489,2023-05-22,24100.0,33,11,False
7386,4727,2025-07-19,19800.0,22,24,False
7387,1518,2025-05-14,52500.0,9,11,False
7388,6285,2023-08-08,30700.0,34,24,False
7389,3020,2025-07-12,37300.0,25,11,False
7390,6666,2022-12-31,18900.0,25,11,False
7391,4757,2023-04-23,41200.0,0,24,False
7392,3004,2026-08-08,33700.0,37,11,False
7393,7723,2026-02-22,31900.0,38,12,False
7394,4208,2023-10-11,25600.0,25,11,False
7395,4776,2025-07-31,28200.0,14,11,False
7396,7816,2023-04-29,36400.0,29,11,False
7397,7045,2023-06-08,32600.0,11,12,False
7398,1024,2025-09-22,35700.0,32,12,False
7399,2520,2023-07-27,54800.0,65,11,False
7400,7660,2025-03-17,20200.0,1,12,False
7401,2520,2025-10-23,54500.0,34,36,False
7402,1982,2022-09-21,51300.0,20,12,False
7403,1983,2023-08-21,39800.0,46,11,False
7404,1672,2023-05-04,12900.0,18,11,False
7405,1736,2025-07-01,20900.0,47,24,False
7406,6396,2025-12-04,49300.0,24,11,False
7407,4631,2026-03-28,10100.0,14,24,False
7408,2136,2024-01-30,33500.0,20,24,False
7409,1938,2025-12-15,37600.0,6,11,False
7410,6166,2023-04-17,46900.0,18,12,False
7411,5557,2024-07-18,23200.0,9,11,False
7412,6663,2023-11-26,30600.0,36,12,False
7413,4337,2024-11-27,21700.0,39,11,False
7414,3481,2025-06-18,48700.0,16,11,False
7415,6644,2023-10-06,22400.0,39,12,False
7416,1099,2025-11-26,59000.0,2,11,False
7417,5299,2025-01-23,48300.0,30,11,False
7418,2454,2023-08-24,43000.0,32,11,False
7419,5007,2023-03-07,28300.0,10,24,False
7420,7485,2026-04-11,22700.0,9,11,False
7421,3292,2023-07-31,24500.0,34,12,False
7422,4131,2023-04-01,37100.0,38,24,False
7423,7121,2023-11-04,21600.0,16,12,False
7424,1179,2022-08-31,29900.0,10,11,False
7425,2499,2024-11-05,54600.0,28,11,False
7426,2000,2025-01-04,30500.0,24,24,False
7427,7175,2026-06-14,29700.0,27,24,False
7428,4663,2025-10-05,15000.0,28,11,False
7429,5995,2023-06-13,24600.0,39,11,False
7430,6270,2023-11-05,33600.0,30,11,False
7431,3998,2026-06-27,25600.0,21,24,False
7432,823,2026-07-17,30600.0,30,11,False
7433,187,2023-09-06,32200.0,11,36,False
7434,5964,2024-08-22,24100.0,14,24,False
7435,4935,2024-02-07,30900.0,54,11,False
7436,6158,2022-11-28,16300.0,29,36,False
7437,5428,2023-06-29,51800.0,37,12,False
7438,5630,2025-09-13,31300.0,33,12,False
7439,4628,2025-02-15,42100.0,29,11,False
7440,7153,2025-05-26,21900.0,44,11,False
7441,1336,2026-03-15,55000.0,37,11,False
7442,2335,2024-05-05,22700.0,32,24,False
7443,5432,2024-04-18,30800.0,41,11,False
7444,5527,2023-05-18,24800.0,16,12,False
7445,4976,2023-08-04,43400.0,37,36,False
7446,771,2025-11-29,31800.0,12,11,False
7447,4327,2023-02-05,30600.0,23,11,False
7448,4999,2023-02-06,39600.0,34,36,False
7449,3945,2022-09-26,24400.0,17,11,False
7450,4366,2023-04-18,51000.0,48,11,False
7451,2256,2022-12-24,39700.0,0,12,False
7452,6477,2025-06-01,16000.0,29,11,False
7453,3642,2023-06-13,45800.0,0,11,False
7454,1615,2022-12-20,17800.0,37,24,False
7455,979,2023-07-12,10800.0,30,36,False
7456,3938,2023-01-01,41800.0,19,12,False
7457,6871,2025-01-01,15400.0,16,11,False
7458,3660,2023-11-09,25400.0,38,11,False
7459,893,2022-10-09,41300.0,23,24,False
7460,2471,2025-02-07,53900.0,21,12,False
7461,4294,2026-06-09,63100.0,18,11,False
7462,1022,2022-11-02,49700.0,40,11,False
7463,5361,2024-10-24,33000.0,47,24,False
7464,3467,2024-09-29,37300.0,31,12,False
7465,7273,2022-11-30,25200.0,9,12,False
7466,4160,2024-02-25,49200.0,26,11,False
7467,2909,2024-04-13,27200.0,2,11,False
7468,1514,2025-11-14,28400.0,42,11,False
7469,3382,2023-04-07,48000.0,9,11,False
7470,668,2023-02-06,24500.0,6,11,False
7471,7177,2024-12-03,42500.0,40,12,False
7472,5435,2025-05-03,27900.0,42,24,False
7473,2843,2026-02-09,50000.0,14,11,False
7474,426,2022-10-11,51700.0,55,11,False
7475,6860,2023-04-02,25000.0,56,11,False
7476,3767,2025-04-25,74200.0,31,24,True
7477,4366,2023-05-27,50200.0,7,11,False
7478,7705,2024-03-15,65800.0,18,12,False
7479,6449,2024-11-17,46300.0,38,12,False
7480,2770,2025-11-25,26700.0,50,12,False
7481,456,2023-06-18,24700.0,22,24,False
7482,2449,2024-05-27,38000.0,46,11,False
7483,2019,2023-03-29,24200.0,17,36,False
7484,1695,2025-09-03,11000.0,1,11,False
7485,2597,2026-02-27,45900.0,36,11,False
7486,6908,2025-02-19,55100.0,22,12,False
7487,3147,2024-08-03,36000.0,12,24,False
7488,3240,2026-08-07,45200.0,40,11,False
7489,3037,2026-07-12,40300.0,13,12,False
7490,2098,2025-06-24,68800.0,18,12,False
7491,290,2025-06-01,37600.0,27,11,False
7492,5861,2022-11-29,20100.0,11,24,False
7493,3297,2024-07-27,62800.0,47,11,False
7494,3945,2022-09-05,24700.0,49,24,False
7495,1478,2025-04-03,43000.0,39,12,False
7496,6136,2025-05-25,40500.0,29,11,False
7497,617,2026-03-29,19900.0,32,12,False
7498,4657,2023-01-01,40300.0,37,11,False
7499,1803,2023-02-04,29400.0,43,36,False
7500,1253,2024-08-28,23500.0,17,11,False
7501,1263,2025-09-07,52300.0,7,36,False
7502,1052,2023-10-18,35900.0,34,11,False
7503,2730,2023-12-02,30800.0,32,11,False
7504,6658,2026-02-06,42800.0,37,24,False
7505,4054,2023-01-30,36600.0,32,11,False
7506,4646,2025-07-10,30100.0,3,24,False
7507,5042,2025-10-05,41400.0,23,12,False
7508,3253,2022-09-22,23700.0,35,11,False
7509,3809,2026-03-08,47700.0,22,11,False
7510,5018,2023-08-18,38400.0,20,11,False
7511,5643,2026-06-11,46000.0,0,11,False
7512,7417,2023-09-08,14500.0,13,12,False
7513,5630,2024-02-08,31300.0,44,11,False
7514,5168,2022-09-29,41300.0,18,11,False
7515,1508,2024-08-09,33600.0,33,12,False
7516,2963,2023-08-29,21700.0,63,36,False
7517,824,2024-09-16,18200.0,1,12,False
7518,996,2025-09-17,35800.0,19,11,False
7519,2517,2024-01-05,27900.0,13,36,False
7520,738,2025-12-09,17900.0,15,24,False
7521,7829,2024-08-13,67200.0,42,36,False
7522,2556,2024-01-08,40300.0,0,11,False
7523,3445,2025-06-12,28300.0,14,12,False
7524,7860,2024-01-25,52700.0,56,11,False
7525,1244,2026-01-26,39600.0,48,36,False
7526,4145,2024-06-20,8500.0,27,12,False
7527,2246,2023-07-16,31000.0,32,12,False
7528,6124,2025-12-08,34100.0,12,36,False
7529,2869,2025-08-28,20600.0,38,11,False
7530,792,2023-06-21,75600.0,13,12,True
7531,990,2024-03-18,26700.0,6,24,False
7532,2873,2025-12-22,21700.0,30,36,False
7533,7299,2025-04-13,28300.0,13,24,False
7534,5757,2026-06-22,16300.0,41,11,False
7535,5635,2024-08-25,31600.0,1,11,False
7536,7639,2022-12-10,16700.0,35,11,False
7537,2170,2025-03-30,48000.0,20,12,False
7538,608,2026-01-16,36000.0,56,36,False
7539,3423,2025-08-11,22400.0,26,24,False
7540,226,2025-09-16,29000.0,47,11,False
7541,5772,2023-11-23,15100.0,7,11,False
7542,6387,2026-03-10,41600.0,0,24,False
7543,6531,2025-08-27,10800.0,0,36,False
7544,7554,2026-07-16,35900.0,15,12,False
7545,856,2026-07-08,36200.0,17,11,False
7546,1856,2026-06-13,44700.0,28,24,False
7547,4917,2025-09-02,36800.0,40,12,False
7548,1133,2024-12-04,23200.0,41,24,False
7549,125,2024-02-24,55900.0,19,24,False
7550,3326,2025-09-20,71600.0,34,12,True
7551,5303,2022-11-16,33500.0,48,11,False
7552,7368,2024-03-24,68800.0,16,36,False
7553,3001,2024-06-24,13800.0,34,11,False
7554,5496,2022-09-08,37500.0,3,24,False
7555,5971,2025-01-03,47300.0,21,11,False
7556,4219,2023-10-04,17800.0,22,11,False
7557,6561,2026-04-16,30400.0,57,11,False
7558,3042,2026-01-31,20300.0,25,12,False
7559,2061,2026-07-04,45600.0,26,11,False
7560,7559,2024-03-22,29500.0,16,36,False
7561,7570,2025-01-19,47200.0,43,12,False
7562,2468,2026-01-29,22000.0,27,12,False
7563,4695,2023-03-08,46100.0,12,12,False
7564,3169,2025-09-11,39800.0,37,24,False
7565,1645,2023-07-04,42100.0,48,11,False
7566,730,2024-06-23,34600.0,42,12,False
7567,3645,2022-10-01,41300.0,5,12,False
7568,1038,2023-01-24,22500.0,24,12,False
7569,3649,2025-05-11,48800.0,0,11,False
7570,5554,2024-09-21,34200.0,4,11,False
7571,4808,2022-09-02,43300.0,26,11,False
7572,4574,2022-09-27,29400.0,24,24,False
7573,6927,2024-08-12,20700.0,25,36,False
7574,2004,2026-04-14,8600.0,16,24,False
7575,1072,2023-09-24,23100.0,28,11,False
7576,1388,2022-10-29,15100.0,31,24,False
7577,3509,2024-04-25,24800.0,22,11,False
7578,116,2023-08-19,35600.0,44,11,False
7579,2140,2023-07-01,43800.0,50,11,False
7580,1842,2023-06-30,26700.0,36,12,False
7581,2194,2022-10-03,36700.0,1,12,False
7582,5701,2025-08-23,25000.0,34,11,False
7583,5765,2023-12-26,39200.0,31,12,False
7584,1656,2024-10-08,18800.0,37,24,False
7585,6687,2024-08-06,61400.0,22,11,False
7586,7535,2023-10-10,28700.0,41,11,False
7587,4888,2025-06-01,23900.0,0,11,False
7588,3020,2025-05-29,37000.0,56,11,False
7589,6789,2024-11-03,32600.0,32,36,False
7590,3880,2025-02-15,30400.0,24,12,False
7591,5690,2025-03-28,23900.0,5,12,False
7592,3011,2023-08-10,19700.0,13,12,False
7593,5818,2023-12-22,48400.0,23,24,False
7594,6538,2025-07-24,35100.0,45,24,False
7595,7139,2025-12-30,25400.0,0,11,False
7596,6395,2024-08-09,19600.0,37,24,False
7597,5017,2023-03-15,27900.0,34,12,False
7598,995,2026-01-14,39700.0,26,36,False
7599,6328,2023-12-07,22900.0,7,11,False
7600,3138,2024-10-19,51100.0,42,11,False
7601,5571,2025-05-27,25900.0,29,36,False
7602,798,2025-05-18,12100.0,11,11,False
7603,242,2024-11-01,34800.0,24,24,False
7604,5999,2023-12-26,26700.0,24,11,False
7605,1588,2023-09-24,46600.0,34,11,False
7606,4683,2023-11-25,59600.0,24,36,False
7607,1033,2026-02-11,31300.0,48,11,False
7608,187,2023-06-25,29700.0,32,11,False
7609,1923,2025-09-16,32200.0,11,12,False
7610,6945,2026-03-18,19600.0,23,11,False
7611,6542,2026-06-14,36800.0,19,11,False
7612,5161,2025-10-05,22800.0,40,11,False
7613,5606,2026-06-28,33300.0,41,11,False
7614,4691,2026-04-24,60100.0,20,12,False
7615,434,2024-09-16,23400.0,15,11,False
7616,240,2023-04-18,38200.0,29,36,False
7617,6584,2025-08-21,39300.0,8,11,False
7618,2396,2024-05-06,14500.0,22,36,False
7619,76,2024-10-20,52300.0,30,24,False
7620,1387,2026-04-08,50800.0,11,36,False
7621,6146,2024-10-28,38600.0,19,12,False
7622,7296,2024-08-03,30100.0,30,11,False
7623,6002,2024-03-21,30800.0,43,24,False
7624,6930,2024-11-18,43300.0,15,36,False
7625,7799,2025-03-04,41700.0,32,11,False
7626,5034,2023-03-20,40700.0,20,11,False
7627,2381,2023-08-06,29800.0,13,36,False
7628,4792,2022-09-13,24500.0,36,12,False
7629,6346,2023-09-01,57200.0,36,36,False
7630,7585,2023-07-29,56900.0,5,11,False
7631,6994,2023-08-28,26900.0,39,24,False
7632,1945,2024-02-02,29000.0,20,24,False
7633,6133,2023-11-17,50600.0,29,36,False
7634,4107,2024-04-26,50800.0,26,12,False
7635,4776,2025-10-31,30500.0,42,24,False
7636,7297,2024-09-13,28500.0,42,12,False
7637,5099,2025-08-02,61900.0,20,11,False
7638,2104,2026-05-29,11800.0,37,12,False
7639,141,2023-09-12,44300.0,21,24,False
7640,1829,2024-03-16,45700.0,18,24,False
7641,3711,2024-08-06,30700.0,35,36,False
7642,17,2022-12-27,35000.0,37,11,False
7643,5297,2022-10-15,39200.0,8,24,False
7644,4452,2023-07-19,24700.0,9,12,False
7645,470,2024-06-18,43100.0,32,11,False
7646,4575,2024-01-06,46500.0,35,12,False
7647,1869,2023-04-23,29300.0,21,11,False
7648,3100,2024-05-27,17300.0,4,11,False
7649,528,2024-03-25,34200.0,31,11,False
7650,6081,2023-02-13,66600.0,43,11,False
7651,90,2024-01-25,47900.0,43,36,False
7652,4923,2023-11-04,23800.0,9,11,False
7653,2915,2024-09-07,61600.0,9,11,False
7654,2907,2023-01-29,33300.0,31,12,False
7655,4832,2025-09-27,37100.0,20,12,False
7656,1926,2023-08-24,39300.0,45,12,False
7657,7496,2022-12-14,39100.0,24,11,False
7658,4265,2024-05-22,41700.0,50,24,False
7659,7939,2024-10-22,53100.0,31,11,False
7660,943,2025-06-17,30700.0,40,12,False
7661,3822,2025-06-24,28400.0,35,12,False
7662,6682,2025-06-12,39200.0,34,11,False
7663,6026,2026-03-14,45400.0,16,12,False
7664,987,2022-12-04,27100.0,21,24,False
7665,1120,2024-10-15,39200.0,37,11,False
7666,6253,2023-02-08,50600.0,19,24,False
7667,7501,2023-11-11,15600.0,33,11,False
7668,3273,2026-04-21,51600.0,15,11,False
7669,1435,2026-01-27,85700.0,18,11,True
7670,3447,2026-02-21,26600.0,18,24,False
7671,7091,2022-12-09,54700.0,32,11,False
7672,4390,2024-09-12,31300.0,34,36,False
7673,4075,2023-04-20,61800.0,11,11,False
7674,4427,2025-08-17,58400.0,0,11,False
7675,7756,2022-09-21,26800.0,28,24,False
7676,4107,2023-12-19,51500.0,31,12,False
7677,5678,2023-12-29,22100.0,33,11,False
7678,4661,2025-02-26,34100.0,24,11,False
7679,4820,2024-02-24,18100.0,32,24,False
7680,3165,2024-01-14,45900.0,27,11,False
7681,4253,2023-09-01,17500.0,37,11,False
7682,6441,2025-08-07,26700.0,45,12,False
7683,2119,2024-08-20,34500.0,3,11,False
7684,7634,2023-08-15,31500.0,32,36,False
7685,7309,2024-08-29,26100.0,19,12,False
7686,287,2023-08-28,29000.0,11,36,False
7687,5903,2026-01-11,24500.0,1,24,False
7688,6561,2025-09-30,29600.0,36,12,False
7689,5045,2026-01-06,42200.0,27,12,False
7690,5038,2023-07-24,37600.0,26,11,False
7691,1215,2024-06-10,43900.0,29,11,False
7692,4062,2026-08-03,26600.0,29,36,False
7693,3036,2025-11-10,44100.0,45,11,False
7694,4421,2023-06-05,53500.0,39,36,False
7695,798,2026-02-21,12100.0,8,12,False
7696,7467,2025-05-04,54500.0,10,11,False
7697,7262,2025-02-28,34200.0,10,11,False
7698,967,2023-11-22,12300.0,22,12,False
7699,4031,2026-08-08,39000.0,31,11,False
7700,7351,2026-01-09,43900.0,39,24,False
7701,45,2024-01-19,36100.0,0,36,False
7702,1852,2024-04-10,52300.0,35,11,False
7703,4671,2024-04-30,55600.0,16,24,False
7704,2126,2022-09-01,34000.0,31,24,False
7705,6942,2026-08-09,34600.0,35,11,False
7706,3582,2026-01-14,24100.0,11,11,False
7707,845,2023-01-02,32400.0,6,11,False
7708,1953,2026-06-15,24900.0,31,36,False
7709,6498,2025-03-17,44600.0,37,24,False
7710,6112,2023-03-09,45400.0,14,11,False
7711,2638,2024-08-14,33800.0,34,11,False
7712,704,2023-03-26,11600.0,45,12,False
7713,4113,2023-07-08,33000.0,9,12,False
7714,5609,2024-09-21,27800.0,17,12,False
7715,949,2025-10-31,22500.0,35,24,False
7716,5048,2024-07-08,24000.0,18,11,False
7717,7308,2023-09-14,33600.0,42,24,False
7718,6161,2023-02-19,20300.0,43,12,False
7719,5792,2023-01-11,29800.0,21,24,False
7720,6870,2026-01-23,52500.0,9,12,False
7721,7437,2026-07-01,26300.0,26,24,False
7722,6517,2024-05-31,34000.0,30,11,False
7723,3489,2026-02-14,32900.0,26,24,False
7724,6724,2023-06-19,25700.0,42,12,False
7725,148,2025-10-28,31000.0,7,11,False
7726,1055,2023-07-24,45400.0,42,12,False
7727,1341,2024-02-08,34000.0,14,11,False
7728,391,2025-10-11,17200.0,17,11,False
7729,3196,2022-11-08,40700.0,49,11,False
7730,1915,2024-12-15,34900.0,46,11,False
7731,3673,2025-12-25,32200.0,49,24,False
7732,933,2025-02-26,31200.0,37,12,False
7733,1920,2022-09-20,30400.0,18,24,False
7734,6926,2025-10-17,31400.0,0,24,False
7735,7913,2023-05-29,15200.0,23,12,False
7736,3836,2022-10-01,29700.0,60,11,False
7737,280,2025-07-01,53400.0,12,11,False
7738,2021,2024-12-05,27200.0,3,11,False
7739,1901,2024-04-04,23600.0,17,12,False
7740,3108,2026-04-23,53800.0,19,12,False
7741,3454,2024-01-28,15600.0,13,11,False
7742,6046,2024-10-22,38700.0,38,12,False
7743,6877,2022-11-29,34300.0,31,12,False
7744,6054,2024-04-12,35000.0,25,11,False
7745,6938,2025-05-28,41600.0,20,36,False
7746,4820,2023-09-03,18500.0,0,12,False
7747,5850,2026-03-14,53600.0,4,36,False
7748,2231,2025-09-23,16600.0,21,11,False
7749,4781,2022-09-17,50800.0,8,11,False
7750,1198,2023-09-25,19400.0,22,11,False
7751,497,2024-09-28,69500.0,55,24,False
7752,2580,2023-08-22,24700.0,11,11,False
7753,1210,2023-09-21,27500.0,52,11,False
7754,4583,2026-02-13,41700.0,22,11,False
7755,4358,2026-06-24,30900.0,15,11,False
7756,2542,2025-11-19,24400.0,8,12,False
7757,1918,2022-10-08,37500.0,9,11,False
7758,5427,2025-05-25,28700.0,19,11,False
7759,2516,2023-04-29,39800.0,17,11,False
7760,5579,2024-07-31,41100.0,2,12,False
7761,1667,2024-11-30,45000.0,12,24,False
7762,5419,2025-06-26,27000.0,13,11,False
7763,290,2024-12-09,34900.0,21,12,False
7764,6078,2026-02-20,40500.0,23,12,False
7765,4382,2023-02-17,27100.0,48,12,False
7766,1951,2025-11-17,48900.0,24,24,False
7767,1189,2025-01-03,47500.0,22,11,False
7768,130,2024-01-21,24100.0,46,11,False
7769,6470,2023-10-10,71400.0,4,11,True
7770,2415,2025-08-18,44200.0,18,11,False
7771,6108,2024-05-05,24500.0,19,12,False
7772,144,2023-12-14,36000.0,2,36,False
7773,16,2023-03-09,56000.0,24,12,False
7774,7625,2022-12-21,34700.0,21,36,False
7775,6706,2025-08-07,28900.0,36,11,False
7776,246,2025-06-02,41200.0,5,12,False
7777,944,2026-01-01,18500.0,36,11,False
7778,3254,2025-06-05,28100.0,24,11,False
7779,7409,2024-01-18,16800.0,12,11,False
7780,2225,2024-05-16,26700.0,27,24,False
7781,5114,2024-07-13,26200.0,19,24,False
7782,904,2023-04-23,22900.0,50,11,False
7783,343,2022-08-31,43800.0,20,11,False
7784,2096,2022-09-06,31000.0,50,11,False
7785,3481,2024-04-17,49800.0,33,12,False
7786,5652,2026-05-10,21800.0,11,36,False
7787,4042,2026-03-10,34500.0,25,12,False
7788,308,2026-03-09,50900.0,12,11,False
7789,925,2025-07-04,14900.0,54,11,False
7790,2712,2022-11-25,17800.0,9,11,False
7791,3880,2026-08-09,33200.0,16,11,False
7792,7546,2023-06-15,37600.0,27,12,False
7793,4136,2023-11-10,44800.0,6,11,False
7794,1402,2024-12-14,30100.0,38,11,False
7795,7289,2025-10-07,24900.0,17,11,False
7796,323,2025-06-03,30500.0,19,12,False
7797,4760,2023-11-28,31800.0,8,11,False
7798,4153,2023-05-16,33200.0,55,12,False
7799,5419,2023-11-20,29300.0,45,11,False
7800,6906,2023-02-07,27500.0,38,36,False
7801,7003,2024-04-08,33000.0,17,12,False
7802,5628,2023-06-26,40000.0,16,11,False
7803,5861,2023-07-19,20900.0,28,24,False
7804,1159,2023-04-14,42300.0,16,24,False
7805,2635,2023-09-30,33200.0,48,11,False
7806,6692,2025-07-24,23300.0,34,11,False
7807,4136,2025-01-21,43000.0,4,11,False
7808,3450,2025-07-04,35000.0,14,11,False
7809,833,2025-05-19,26700.0,22,11,False
7810,5409,2025-05-14,43300.0,8,11,False
7811,7654,2022-10-26,26700.0,21,11,False
7812,6779,2022-12-30,47800.0,25,11,False
7813,7516,2022-09-07,30300.0,44,24,False
7814,12,2024-11-09,30400.0,41,11,False
7815,195,2026-06-02,28500.0,21,11,False
7816,2593,2023-02-19,41300.0,41,11,False
7817,2906,2025-06-25,42400.0,25,11,False
7818,7176,2023-10-08,10900.0,27,36,False
7819,2279,2025-04-04,14500.0,18,12,False
7820,3081,2024-06-05,18500.0,0,11,False
7821,4858,2026-06-10,44700.0,19,12,False
7822,6144,2025-08-01,16900.0,39,12,False
7823,7639,2023-08-04,17300.0,42,11,False
7824,6984,2026-01-22,29600.0,17,12,False
7825,2122,2026-02-16,34000.0,19,24,False
7826,5839,2025-09-29,38200.0,47,11,False
7827,3958,2026-05-24,32000.0,34,11,False
7828,5331,2023-11-03,18600.0,12,11,False
7829,7704,2023-10-05,33700.0,64,11,False
7830,4984,2025-06-06,26600.0,43,11,False
7831,447,2026-01-17,21600.0,56,36,False
7832,300,2023-04-30,13500.0,0,24,False
7833,5015,2025-06-15,24400.0,31,12,False
7834,5981,2025-03-07,80700.0,41,11,True
7835,860,2026-03-11,38800.0,15,11,False
7836,1037,2023-08-13,23600.0,17,36,False
7837,1415,2025-06-27,57700.0,25,11,False
7838,1428,2025-09-23,27600.0,56,11,False
7839,562,2025-10-13,34400.0,0,11,False
7840,2401,2026-03-07,83300.0,42,12,True
7841,4620,2026-03-15,33000.0,48,36,False
7842,1297,2023-06-11,31800.0,56,24,False
7843,1288,2023-06-27,41200.0,13,12,False
7844,7860,2023-04-23,51800.0,0,11,False
7845,185,2024-10-09,32100.0,19,12,False
7846,4668,2024-07-09,54600.0,29,11,False
7847,7048,2024-01-26,17500.0,22,12,False
7848,2462,2024-04-03,51900.0,20,11,False
7849,5523,2024-08-07,33700.0,25,11,False
7850,5795,2026-08-10,41700.0,22,11,False
7851,4535,2023-02-18,75500.0,42,11,True
7852,2259,2023-06-20,19300.0,0,11,False
7853,7481,2026-04-22,22900.0,67,12,False
7854,5716,2024-04-16,50000.0,28,24,False
7855,3757,2023-12-08,38200.0,27,12,False
7856,7645,2023-09-24,57500.0,25,11,False
7857,6284,2024-06-16,65200.0,4,11,False
7858,5666,2025-06-23,48000.0,29,12,False
7859,7394,2023-01-07,20400.0,29,36,False
7860,4789,2022-12-18,41600.0,32,24,False
7861,1923,2024-09-14,30800.0,35,11,False
7862,4397,2023-02-25,31400.0,41,11,False
7863,530,2025-07-19,38800.0,32,11,False
7864,1929,2026-07-28,31500.0,30,11,False
7865,2608,2025-12-23,39400.0,25,12,False
7866,3897,2026-02-04,46800.0,10,11,False
7867,5931,2026-06-22,28700.0,14,12,False
7868,4994,2026-06-22,23100.0,50,12,False
7869,7360,2025-05-02,30500.0,30,36,False
7870,4249,2024-09-20,25500.0,14,11,False
7871,4779,2025-01-04,25400.0,0,11,False
7872,4520,2022-12-04,26600.0,23,36,False
7873,5677,2025-07-09,38800.0,47,11,False
7874,7964,2022-08-22,21700.0,19,11,False
7875,3563,2025-07-18,18100.0,2,12,False
7876,6262,2023-02-12,25800.0,26,36,False
7877,5131,2026-08-03,62800.0,22,12,False
7878,1440,2023-02-10,15700.0,33,36,False
7879,1732,2023-11-02,30700.0,51,24,False
7880,4770,2024-03-28,28500.0,23,24,False
7881,5312,2023-08-26,34600.0,32,11,False
7882,7515,2025-06-26,44800.0,16,11,False
7883,7608,2022-12-17,48200.0,50,24,False
7884,535,2023-01-17,44500.0,10,11,False
7885,6811,2024-12-18,33500.0,31,36,False
7886,2719,2024-08-26,25000.0,31,11,False
7887,7477,2022-11-16,74000.0,29,11,True
7888,7663,2024-12-09,14000.0,30,11,False
7889,2221,2024-02-01,36800.0,22,24,False
7890,5078,2023-11-06,40100.0,45,24,False
7891,282,2025-07-23,48500.0,20,24,False
7892,3035,2023-11-04,68700.0,39,11,False
7893,4070,2026-04-22,72700.0,50,12,True
7894,2728,2023-06-27,61500.0,38,11,False
7895,2960,2025-07-23,23300.0,14,12,False
7896,6113,2025-09-17,35700.0,43,11,False
7897,7986,2024-09-12,13600.0,25,11,False
7898,1790,2024-10-26,30000.0,24,24,False
7899,4074,2025-03-28,58200.0,9,11,False
7900,4877,2023-12-24,39500.0,49,12,False
7901,5365,2025-06-22,40000.0,1,11,False
7902,2413,2023-08-07,29600.0,25,24,False
7903,4531,2026-08-19,10300.0,11,11,False
7904,5387,2025-04-23,21800.0,11,12,False
7905,6264,2026-07-07,29100.0,38,12,False
7906,5696,2024-11-14,51400.0,25,24,False
7907,4225,2025-12-27,24400.0,45,12,False
7908,1746,2025-07-18,25600.0,17,11,False
7909,5662,2024-06-19,40200.0,31,12,False
7910,7343,2022-11-10,37400.0,33,12,False
7911,6482,2024-11-15,44600.0,33,11,False
7912,2745,2026-03-08,44100.0,4,11,False
7913,2962,2025-03-01,46800.0,21,12,False
7914,5597,2023-12-30,29600.0,17,12,False
7915,4639,2023-04-29,18900.0,21,24,False
7916,2838,2026-05-11,26500.0,48,24,False
7917,1147,2023-04-06,52000.0,24,11,False
7918,3059,2025-08-21,21500.0,3,11,False
7919,4359,2025-07-17,44300.0,42,24,False
7920,4340,2024-11-07,19700.0,39,36,False
7921,7856,2022-10-03,36900.0,41,11,False
7922,6574,2026-07-05,34900.0,25,11,False
7923,195,2025-08-26,30700.0,39,24,False
7924,673,2024-04-04,16500.0,0,36,False
7925,486,2024-12-02,45600.0,24,24,False
7926,4314,2024-12-22,42100.0,31,24,False
7927,1454,2025-02-02,39400.0,27,12,False
7928,6990,2025-04-18,15600.0,10,11,False
7929,5174,2024-04-12,57400.0,0,36,False
7930,7777,2022-09-17,33600.0,7,11,False
7931,2768,2024-10-18,34000.0,6,12,False
7932,3251,2024-01-28,24900.0,14,12,False
7933,5999,2025-07-05,28000.0,11,12,False
7934,5704,2023-06-12,31100.0,29,12,False
7935,3902,2026-08-09,34500.0,12,36,False
7936,2058,2025-12-13,21900.0,56,12,False
7937,3877,2025-03-21,28600.0,38,11,False
7938,4913,2024-01-29,36300.0,13,11,False
7939,2497,2022-11-20,68100.0,3,11,False
7940,929,2023-11-12,45400.0,32,11,False
7941,5577,2025-08-31,27600.0,46,12,False
7942,7302,2025-04-22,22900.0,23,24,False
7943,7925,2023-03-03,53700.0,30,11,False
7944,3293,2023-01-25,36500.0,26,12,False
7945,2416,2025-07-02,35000.0,34,12,False
7946,5954,2025-12-13,26200.0,16,12,False
7947,3714,2023-05-23,13400.0,9,12,False
7948,6044,2026-08-09,24800.0,39,11,False
7949,7853,2024-07-10,29400.0,49,24,False
7950,5798,2025-12-17,35200.0,17,11,False
7951,3556,2025-08-18,37000.0,0,11,False
7952,692,2026-01-02,35600.0,17,12,False
7953,5550,2022-09-19,25400.0,37,11,False
7954,6781,2022-10-27,40800.0,12,11,False
7955,4757,2023-08-14,41100.0,50,11,False
7956,619,2024-09-17,46100.0,15,11,False
7957,2204,2022-11-16,66200.0,12,12,False
7958,3957,2025-02-27,30900.0,33,11,False
7959,375,2025-08-22,26900.0,9,12,False
7960,7150,2024-04-20,40400.0,15,12,False
7961,625,2025-06-27,19100.0,4,24,False
7962,7062,2025-09-08,59400.0,21,24,False
7963,6137,2025-08-21,52300.0,35,12,False
7964,2304,2026-05-23,24300.0,29,24,False
7965,5054,2023-07-14,21300.0,32,24,False
7966,4232,2022-10-12,60000.0,10,12,False
7967,882,2025-11-01,39800.0,13,36,False
7968,1296,2025-10-23,44900.0,34,36,False
7969,7610,2025-06-16,26500.0,37,12,False
7970,5596,2024-11-30,36300.0,12,11,False
7971,799,2026-03-11,12400.0,8,12,False
7972,4676,2024-09-10,25000.0,25,11,False
7973,4272,2023-09-22,32700.0,6,24,False
7974,5346,2023-09-20,16500.0,34,12,False
7975,2287,2023-04-02,26600.0,30,11,False
7976,4148,2025-05-31,6400.0,20,11,False
7977,5007,2024-05-16,31200.0,27,11,False
7978,953,2025-07-10,23000.0,14,36,False
7979,4073,2024-10-18,23600.0,7,24,False
7980,6531,2026-02-04,11100.0,25,36,False
7981,2389,2026-05-15,42000.0,29,12,False
7982,5888,2023-05-04,38800.0,15,36,False
7983,7522,2024-04-09,26800.0,8,11,False
7984,328,2022-11-14,19600.0,30,11,False
7985,1569,2024-07-13,30600.0,34,11,False
7986,3564,2023-10-12,45000.0,21,24,False
7987,7933,2026-02-01,19600.0,12,12,False
7988,3952,2025-11-18,41300.0,16,11,False
7989,2029,2024-03-19,53000.0,39,36,False
7990,6187,2024-05-26,28000.0,16,24,False
7991,5044,2024-05-04,18800.0,20,11,False
7992,4709,2024-03-19,42300.0,31,36,False
7993,2840,2025-05-05,32300.0,38,24,False
7994,7927,2022-12-29,36700.0,19,11,False
7995,6346,2025-01-09,56800.0,10,11,False
7996,1298,2023-04-10,35600.0,47,36,False
7997,651,2023-01-17,12600.0,20,11,False
7998,7235,2026-08-16,38200.0,32,11,False
7999,6099,2023-09-20,41000.0,24,24,False
8000,4810,2024-07-16,23700.0,13,11,False
8001,7913,2024-01-13,15400.0,34,36,False
8002,6181,2026-01-26,32900.0,7,12,False
8003,4172,2025-11-10,23800.0,23,11,False
8004,4767,2023-05-30,37400.0,25,12,False
8005,1398,2023-12-20,35400.0,44,11,False
8006,4136,2023-03-01,45700.0,17,12,False
8007,6328,2023-03-25,23100.0,18,12,False
8008,5974,2023-05-18,49100.0,10,11,False
8009,2632,2026-07-14,22700.0,4,36,False
8010,6899,2024-03-22,38900.0,23,12,False
8011,3688,2026-08-07,49600.0,18,12,False
8012,1616,2023-07-15,29500.0,20,11,False
8013,2030,2023-07-02,35800.0,3,12,False
8014,2290,2026-01-05,53200.0,15,11,False
8015,4059,2024-03-10,98100.0,20,11,True
8016,2151,2026-06-10,41500.0,28,12,False
8017,7762,2023-08-28,35600.0,20,11,False
8018,7432,2023-04-28,44300.0,15,12,False
8019,129,2026-05-04,42300.0,12,11,False
8020,6093,2026-06-11,14800.0,37,11,False
8021,4909,2023-07-11,35600.0,35,24,False
8022,4090,2022-09-03,13900.0,19,11,False
8023,868,2026-04-11,44800.0,46,24,False
8024,7649,2025-09-01,52300.0,38,11,False
8025,4197,2026-08-18,25200.0,20,12,False
8026,2121,2024-06-24,24200.0,14,24,False
8027,5348,2025-09-25,40900.0,41,11,False
8028,3065,2023-08-31,54400.0,34,11,False
8029,3832,2025-09-04,26900.0,63,11,False
8030,6406,2025-07-25,31000.0,24,36,False
8031,6464,2023-07-17,27000.0,26,36,False
8032,5918,2022-12-24,16100.0,36,12,False
8033,2818,2024-09-10,27700.0,17,36,False
8034,5717,2023-03-22,18100.0,10,11,False
8035,7687,2023-03-24,33200.0,10,24,False
8036,7525,2024-06-29,71600.0,3,12,True
8037,6489,2025-08-11,42700.0,9,11,False
8038,1682,2024-02-08,35400.0,24,12,False
8039,4475,2023-02-18,11600.0,14,36,False
8040,3220,2025-06-19,49500.0,26,11,False
8041,5922,2023-06-08,16400.0,38,11,False
8042,6016,2025-09-03,13000.0,44,24,False
8043,244,2024-12-06,27500.0,2,11,False
8044,4179,2026-07-26,21900.0,23,12,False
8045,7423,2022-11-18,32200.0,20,11,False
8046,7284,2025-10-29,50700.0,17,12,False
8047,6975,2025-12-30,48900.0,14,12,False
8048,171,2026-02-25,43600.0,26,36,False
8049,663,2024-03-25,33200.0,42,12,False
8050,6155,2026-05-01,53200.0,52,12,False
8051,6464,2024-04-07,24700.0,37,11,False
8052,3596,2026-05-10,34900.0,0,36,False
8053,5321,2023-05-30,40900.0,52,12,False
8054,1532,2024-08-08,53900.0,14,12,False
8055,2144,2023-07-22,47600.0,29,11,False
8056,2206,2026-08-09,23900.0,25,36,False
8057,2016,2023-02-25,27000.0,30,24,False
8058,7172,2024-10-06,50900.0,25,24,False
8059,4016,2024-01-20,41600.0,32,11,False
8060,5277,2024-03-26,19400.0,19,12,False
8061,2309,2025-09-22,43600.0,30,11,False
8062,4133,2025-09-19,42600.0,30,11,False
8063,2079,2023-07-23,66700.0,29,36,False
8064,3351,2023-03-12,34700.0,0,12,False
8065,874,2025-10-12,53900.0,15,11,False
8066,3911,2026-01-19,16900.0,23,11,False
8067,6915,2023-07-06,39100.0,25,11,False
8068,1073,2025-04-30,28400.0,15,12,False
8069,4083,2023-05-19,21200.0,29,11,False
8070,301,2025-08-21,44200.0,28,11,False
8071,7398,2023-06-19,26300.0,40,24,False
8072,941,2022-10-10,29600.0,28,24,False
8073,4328,2025-11-15,31300.0,27,12,False
8074,5254,2025-07-03,35200.0,40,11,False
8075,6723,2025-12-06,13200.0,0,12,False
8076,4407,2025-07-26,40500.0,22,12,False
8077,2862,2025-06-28,26300.0,46,11,False
8078,5793,2022-11-05,41500.0,37,36,False
8079,6718,2024-10-21,31900.0,14,12,False
8080,4986,2024-12-20,38900.0,29,12,False
8081,5445,2023-03-16,23300.0,4,12,False
8082,4156,2023-06-19,22800.0,29,12,False
8083,6722,2026-05-17,57200.0,2,36,False
8084,4139,2022-10-08,32400.0,18,11,False
8085,1843,2025-08-09,24400.0,1,24,False
8086,2774,2022-09-05,15900.0,4,11,False
8087,5276,2023-06-04,41000.0,26,11,False
8088,4610,2023-07-26,66300.0,54,12,False
8089,7849,2025-09-05,30800.0,34,12,False
8090,2917,2025-05-13,16200.0,0,12,False
8091,2715,2025-02-28,35400.0,14,36,False
8092,4626,2024-10-13,58600.0,8,36,False
8093,3428,2025-11-16,32200.0,49,24,False
8094,1504,2023-06-23,33500.0,61,12,False
8095,3019,2023-10-04,31100.0,29,11,False
8096,959,2024-03-24,14400.0,0,24,False
8097,1951,2025-09-12,46000.0,1,11,False
8098,4945,2022-12-18,47200.0,22,11,False
8099,5611,2024-01-28,22600.0,33,11,False
8100,1271,2024-07-31,15500.0,38,11,False
8101,5819,2024-10-27,11200.0,19,11,False
8102,5471,2026-04-27,29800.0,25,11,False
8103,4527,2023-09-17,49900.0,33,24,False
8104,1498,2023-07-06,29100.0,29,11,False
8105,6326,2023-01-14,40000.0,48,12,False
8106,4049,2024-09-23,19700.0,18,11,False
8107,2010,2025-06-23,21600.0,52,11,False
8108,379,2025-02-20,52800.0,4,11,False
8109,265,2025-08-23,18500.0,34,11,False
8110,4466,2025-05-19,56700.0,36,12,False
8111,6640,2023-02-02,37500.0,26,36,False
8112,3471,2026-06-07,54800.0,16,11,False
8113,3478,2024-12-01,50200.0,24,24,False
8114,1988,2024-03-05,21700.0,7,24,False
8115,7994,2022-09-13,33100.0,44,12,False
8116,1936,2026-07-17,40000.0,23,12,False
8117,6122,2025-02-22,29500.0,41,11,False
8118,6941,2023-10-26,30500.0,23,11,False
8119,3719,2026-01-04,24100.0,8,11,False
8120,1690,2024-01-22,36300.0,19,11,False
8121,5663,2023-11-04,31400.0,49,12,False
8122,4235,2025-12-17,29400.0,8,11,False
8123,3983,2023-03-18,34200.0,26,11,False
8124,609,2024-02-08,13000.0,43,24,False
8125,4923,2025-04-18,23700.0,12,11,False
8126,1956,2024-10-16,16000.0,36,11,False
8127,1320,2023-07-11,33100.0,18,11,False
8128,610,2025-02-11,46700.0,22,12,False
8129,384,2023-04-06,28300.0,22,11,False
8130,4309,2023-10-16,30700.0,15,12,False
8131,3722,2023-12-05,20600.0,23,11,False
8132,2211,2025-06-27,31700.0,30,12,False
8133,7958,2025-02-24,42500.0,42,24,False
8134,4459,2024-06-07,21400.0,28,24,False
8135,1125,2025-03-23,53500.0,43,11,False
8136,5722,2026-08-06,20800.0,9,11,False
8137,6585,2025-01-16,33200.0,29,12,False
8138,6279,2024-09-21,24100.0,9,11,False
8139,369,2024-01-31,20800.0,42,36,False
8140,5877,2023-06-14,54500.0,24,24,False
8141,2627,2025-07-15,33800.0,9,12,False
8142,3502,2023-03-02,30200.0,31,11,False
8143,5680,2026-08-08,50500.0,52,11,False
8144,6249,2023-06-27,22500.0,19,11,False
8145,7536,2025-11-04,29800.0,42,12,False
8146,2530,2022-10-14,26800.0,10,11,False
8147,805,2025-01-17,21200.0,17,11,False
8148,3653,2025-02-01,41400.0,28,11,False
8149,7866,2025-01-23,23500.0,0,24,False
8150,759,2026-04-15,26400.0,44,24,False
8151,6648,2025-05-05,23300.0,28,24,False
8152,315,2024-09-14,80300.0,30,36,True
8153,4739,2023-07-04,27100.0,3,12,False
8154,938,2023-06-24,23400.0,44,11,False
8155,1103,2025-05-29,35000.0,49,12,False
8156,7867,2022-09-22,27200.0,20,11,False
8157,5709,2023-04-18,16100.0,25,12,False
8158,7160,2025-01-03,41100.0,20,11,False
8159,7485,2024-02-17,24700.0,0,36,False
8160,2893,2024-12-16,36500.0,25,12,False
8161,2433,2025-04-30,66800.0,33,11,False
8162,3703,2026-06-28,38700.0,3,11,False
8163,813,2025-10-28,20300.0,26,11,False
8164,4547,2025-10-01,64200.0,40,11,False
8165,275,2025-05-10,30400.0,18,36,False
8166,3082,2025-07-17,36900.0,51,36,False
8167,4923,2023-02-22,22000.0,25,24,False
8168,1813,2022-09-06,64700.0,23,11,False
8169,7739,2024-05-17,30900.0,30,36,False
8170,2603,2026-02-21,53800.0,40,11,False
8171,3240,2025-07-30,46400.0,30,11,False
8172,4888,2024-09-23,26000.0,30,11,False
8173,6353,2025-03-08,38900.0,30,12,False
8174,4824,2025-09-14,46700.0,33,11,False
8175,6264,2024-03-31,30800.0,49,12,False
8176,7538,2024-06-18,19800.0,10,12,False
8177,964,2026-08-06,25300.0,18,36,False
8178,6639,2024-08-11,26200.0,31,36,False
8179,2724,2024-07-08,35100.0,19,11,False
8180,514,2026-02-12,28400.0,26,36,False
8181,5801,2025-12-12,35800.0,26,36,False
8182,7502,2024-12-10,30100.0,35,11,False
8183,6864,2024-10-05,46600.0,19,11,False
8184,7568,2023-08-15,43000.0,22,11,False
8185,245,2024-11-14,22600.0,14,24,False
8186,513,2024-01-25,39000.0,27,11,False
8187,4621,2025-02-04,18500.0,19,12,False
8188,7643,2026-03-13,22200.0,13,11,False
8189,3234,2022-08-21,34500.0,19,11,False
8190,6494,2024-09-29,53700.0,28,36,False
8191,7815,2023-05-17,36400.0,27,12,False
8192,3675,2023-03-22,36800.0,36,11,False
8193,7601,2024-07-06,40200.0,43,11,False
8194,1914,2023-04-23,38600.0,0,36,False
8195,3881,2023-01-17,58600.0,52,12,False
8196,7306,2024-01-16,50100.0,34,11,False
8197,1220,2025-09-02,28400.0,17,36,False
8198,4529,2023-08-08,35700.0,25,11,False
8199,4852,2025-05-05,48100.0,26,12,False
8200,1496,2023-10-24,34000.0,16,12,False
8201,394,2024-12-03,33000.0,16,11,False
8202,5738,2026-07-30,24800.0,27,12,False
8203,4580,2023-07-18,13100.0,16,36,False
8204,3460,2025-01-18,67800.0,54,12,False
8205,4945,2025-02-03,46800.0,44,24,False
8206,6234,2026-04-20,11300.0,23,36,False
8207,5027,2023-10-16,36100.0,26,24,False
8208,684,2023-06-09,17400.0,20,11,False
8209,2617,2024-11-19,36100.0,16,11,False
8210,5992,2023-12-01,26700.0,30,36,False
8211,7244,2025-08-11,26300.0,38,11,False
8212,1239,2024-04-16,58300.0,8,11,False
8213,947,2024-05-17,35500.0,8,11,False
8214,1574,2025-04-13,8400.0,16,11,False
8215,930,2024-02-08,24200.0,12,11,False
8216,654,2022-12-06,24500.0,36,24,False
8217,4626,2022-11-13,58900.0,41,12,False
8218,509,2024-08-05,34000.0,24,12,False
8219,742,2022-10-04,43100.0,28,11,False
8220,1311,2023-03-26,21100.0,20,11,False
8221,7838,2026-01-16,18200.0,22,24,False
8222,2164,2022-09-11,49900.0,15,24,False
8223,6764,2023-03-21,29900.0,24,24,False
8224,7499,2025-11-10,34300.0,36,12,False
8225,4657,2024-07-03,38500.0,40,12,False
8226,6465,2023-06-14,17100.0,20,11,False
8227,4490,2025-04-27,23400.0,25,11,False
8228,7846,2023-07-09,49400.0,66,12,False
8229,3925,2025-08-09,35300.0,26,11,False
8230,937,2023-04-22,20700.0,35,12,False
8231,4144,2025-07-30,28000.0,29,11,False
8232,2390,2025-04-05,34700.0,2,12,False
8233,6192,2024-06-23,47100.0,20,12,False
8234,769,2025-07-06,28700.0,4,12,False
8235,5878,2025-12-09,33600.0,1,12,False
8236,6055,2023-04-25,30800.0,28,36,False
8237,5523,2025-07-21,34200.0,3,11,False
8238,5786,2023-10-10,28100.0,56,12,False
8239,1911,2024-08-26,59200.0,53,12,False
8240,4576,2023-09-15,22200.0,22,36,False
8241,7986,2023-06-28,15000.0,5,36,False
8242,5393,2026-07-21,9900.0,13,11,False
8243,515,2024-05-03,30800.0,31,24,False
8244,1467,2024-03-13,36400.0,20,11,False
8245,2632,2025-10-27,23300.0,60,12,False
8246,3509,2024-12-14,25300.0,37,11,False
8247,567,2022-10-07,63600.0,47,11,False
8248,7508,2022-09-04,45000.0,35,11,False
8249,3175,2024-10-29,34300.0,34,12,False
8250,6540,2024-05-10,20900.0,19,11,False
8251,4620,2025-07-06,32500.0,26,24,False
8252,5771,2025-07-17,63200.0,33,12,False
8253,3707,2025-08-16,21600.0,56,12,False
8254,4503,2023-06-19,72300.0,12,11,True
8255,5150,2026-01-25,69400.0,40,11,False
8256,4151,2023-04-02,30100.0,0,24,False
8257,7360,2023-11-15,30700.0,20,36,False
8258,7814,2026-04-30,69500.0,32,11,False
8259,3801,2024-06-03,21600.0,30,11,False
8260,6830,2025-09-16,23600.0,45,12,False
8261,7998,2026-03-07,46700.0,25,36,False
8262,1330,2025-02-22,20100.0,58,11,False
8263,7524,2023-06-04,22800.0,9,11,False
8264,5300,2024-07-05,10100.0,0,11,False
8265,2203,2024-01-24,33200.0,35,12,False
8266,6548,2024-02-01,49000.0,0,12,False
8267,6499,2026-05-23,27700.0,41,11,False
8268,6048,2022-12-31,19000.0,41,36,False
8269,5772,2026-08-07,15300.0,32,24,False
8270,7411,2025-10-24,27100.0,9,11,False
8271,705,2025-10-12,65800.0,0,24,False
8272,4454,2025-02-05,15300.0,56,11,False
8273,1511,2022-09-22,4100.0,2,11,False
8274,6533,2023-06-05,19100.0,32,12,False
8275,258,2023-01-08,39600.0,46,11,False
8276,2484,2024-04-17,36300.0,37,11,False
8277,445,2026-04-18,27800.0,32,12,False
8278,1923,2025-09-19,30600.0,20,11,False
8279,2704,2025-04-05,32100.0,20,12,False
8280,5325,2024-02-05,62900.0,42,11,False
8281,3908,2026-06-07,41800.0,13,12,False
8282,6672,2023-01-23,45800.0,4,11,False
8283,4783,2023-10-11,27900.0,25,11,False
8284,7365,2025-08-21,39800.0,22,12,False
8285,1774,2025-11-22,43300.0,23,36,False
8286,3823,2025-06-30,42500.0,29,36,False
8287,2703,2024-04-22,25700.0,50,12,False
8288,19,2026-06-24,17400.0,0,12,False
8289,1152,2025-12-22,26600.0,36,12,False
8290,4078,2023-08-27,36600.0,11,12,False
8291,2712,2024-08-10,17800.0,17,11,False
8292,5598,2023-06-27,31700.0,22,12,False
8293,5784,2026-06-23,46300.0,7,36,False
8294,2125,2023-07-27,51100.0,24,11,False
8295,6216,2024-05-24,18200.0,8,11,False
8296,7550,2024-10-30,64100.0,12,11,False
8297,1582,2022-11-11,31100.0,32,12,False
8298,7958,2025-09-19,41900.0,38,36,False
8299,878,2026-03-15,32800.0,9,36,False
8300,155,2025-06-24,46700.0,11,11,False
8301,3578,2023-02-27,32500.0,19,36,False
8302,922,2026-05-29,36600.0,0,12,False
8303,1297,2022-10-02,28500.0,45,11,False
8304,408,2023-12-17,20000.0,15,11,False
8305,859,2024-05-19,56200.0,19,11,False
8306,1822,2026-04-22,25900.0,26,36,False
8307,1599,2022-12-26,37800.0,16,12,False
8308,1212,2023-05-26,40200.0,21,11,False
8309,759,2024-10-20,26000.0,35,11,False
8310,1763,2026-03-18,22700.0,17,11,False
8311,3266,2025-08-05,26900.0,14,12,False
8312,273,2024-05-27,36200.0,31,11,False
8313,4975,2025-01-02,21600.0,53,24,False
8314,5935,2026-04-28,28300.0,6,24,False
8315,5729,2024-10-16,27900.0,12,11,False
8316,4048,2023-07-31,32100.0,10,24,False
8317,172,2024-05-31,27000.0,41,11,False
8318,276,2023-08-13,43600.0,42,11,False
8319,2357,2023-09-09,26200.0,0,11,False
8320,1186,2022-10-22,48400.0,13,11,False
8321,1744,2025-11-29,16400.0,14,36,False
8322,1810,2024-08-31,53700.0,25,12,False
8323,425,2025-02-09,33800.0,39,11,False
8324,5663,2024-08-24,30200.0,23,12,False
8325,1237,2024-03-19,35000.0,22,11,False
8326,6645,2025-08-15,43900.0,25,36,False
8327,7933,2022-11-12,20500.0,4,24,False
8328,6660,2023-08-05,32100.0,42,36,False
8329,7849,2024-09-05,30000.0,23,12,False
8330,4781,2024-11-30,47200.0,43,11,False
8331,908,2024-12-31,34800.0,36,11,False
8332,4925,2025-04-29,24100.0,45,11,False
8333,3347,2023-10-03,31400.0,22,24,False
8334,5088,2025-11-04,37100.0,17,12,False
8335,5333,2026-06-11,25700.0,29,12,False
8336,6893,2023-04-18,21200.0,37,11,False
8337,6231,2026-05-10,48100.0,26,36,False
8338,6294,2023-10-29,21600.0,33,11,False
8339,1506,2026-02-18,34200.0,4,36,False
8340,3323,2024-01-25,32400.0,42,12,False
8341,4582,2024-09-29,36300.0,26,11,False
8342,2230,2025-01-05,52900.0,25,11,False
8343,1480,2023-05-05,32800.0,49,11,False
8344,3169,2023-01-30,39400.0,16,24,False
8345,6789,2025-11-30,33200.0,23,11,False
8346,3336,2025-05-18,33700.0,24,24,False
8347,3232,2024-03-10,38100.0,32,24,False
8348,1626,2025-12-03,40300.0,33,11,False
8349,6007,2024-08-25,73700.0,18,11,True
8350,4336,2022-11-20,23500.0,15,11,False
8351,6107,2024-09-19,64200.0,10,36,False
8352,4074,2022-10-24,52700.0,23,11,False
8353,5922,2023-12-15,16800.0,11,11,False
8354,1466,2023-11-16,24700.0,13,12,False
8355,225,2025-02-13,31500.0,43,11,False
8356,220,2024-02-28,19700.0,23,24,False
8357,4374,2022-08-21,27800.0,17,24,False
8358,1692,2023-10-31,49500.0,26,11,False
8359,4632,2025-11-04,23700.0,37,11,False
8360,267,2023-06-25,33000.0,17,11,False
8361,971,2024-03-29,30500.0,11,11,False
8362,4628,2024-05-25,47300.0,83,24,False
8363,3821,2024-06-21,40000.0,53,12,False
8364,6698,2025-07-28,13700.0,0,11,False
8365,7778,2024-12-18,37200.0,41,24,False
8366,2836,2025-04-05,14100.0,33,24,False
8367,6473,2026-02-27,18100.0,27,11,False
8368,5796,2024-05-03,48600.0,13,12,False
8369,3199,2023-05-19,26900.0,23,11,False
8370,486,2023-02-05,46500.0,27,11,False
8371,3598,2023-12-26,30200.0,17,11,False
8372,1384,2026-07-29,21700.0,5,12,False
8373,3404,2023-08-02,25700.0,11,24,False
8374,3969,2024-12-06,29400.0,47,12,False
8375,907,2025-05-10,27600.0,17,11,False
8376,3945,2025-06-05,24600.0,64,36,False
8377,942,2026-07-20,18500.0,19,11,False
8378,2219,2024-11-02,40000.0,14,11,False
8379,1945,2024-04-08,29300.0,0,24,False
8380,5629,2024-08-23,20200.0,28,11,False
8381,5579,2026-05-04,43900.0,16,12,False
8382,4984,2022-11-30,28700.0,36,11,False
8383,2447,2024-11-19,44800.0,12,24,False
8384,29,2025-03-10,22200.0,12,11,False
8385,7272,2022-10-20,25900.0,20,11,False
8386,35,2025-12-12,30500.0,19,36,False
8387,3674,2023-02-15,34100.0,29,11,False
8388,5638,2024-09-19,34100.0,0,12,False
8389,2729,2023-07-09,15200.0,0,11,False
8390,3448,2023-07-02,35700.0,51,11,False
8391,598,2023-02-27,24600.0,37,36,False
8392,7672,2024-10-22,62700.0,0,12,False
8393,3298,2025-06-29,28600.0,22,12,False
8394,3213,2025-04-12,25500.0,27,11,False
8395,921,2022-08-21,65100.0,12,36,False
8396,6807,2025-11-22,23700.0,39,24,False
8397,4180,2024-09-11,23700.0,4,11,False
8398,2218,2023-11-24,28300.0,8,12,False
8399,342,2022-08-20,67400.0,26,12,False
8400,4370,2026-01-31,39000.0,32,12,False
8401,6146,2023-04-21,37900.0,11,11,False
8402,1752,2023-12-27,25700.0,33,11,False
8403,4799,2026-01-19,25900.0,31,12,False
8404,4651,2023-05-29,20900.0,30,24,False
8405,565,2024-09-15,26200.0,31,24,False
8406,5373,2023-01-21,26800.0,34,11,False
8407,3159,2026-02-19,42200.0,28,11,False
8408,5573,2022-10-04,46300.0,0,11,False
8409,3346,2023-05-16,30700.0,44,11,False
8410,3651,2023-10-23,59000.0,7,11,False
8411,2101,2024-01-18,27400.0,50,11,False
8412,3990,2024-06-30,26000.0,27,12,False
8413,6615,2026-06-27,31900.0,16,11,False
8414,7656,2023-01-02,27500.0,29,11,False
8415,1038,2024-02-18,21800.0,19,11,False
8416,6608,2022-11-08,43200.0,0,12,False
8417,2107,2025-08-16,42700.0,6,11,False
8418,854,2025-04-01,57900.0,13,11,False
8419,1674,2022-12-30,45700.0,16,12,False
8420,4424,2023-10-25,32600.0,33,11,False
8421,3580,2024-11-27,37700.0,0,12,False
8422,1855,2024-12-12,40300.0,42,11,False
8423,3563,2023-05-24,18300.0,22,11,False
8424,6387,2024-03-28,44800.0,35,11,False
8425,6245,2025-10-09,25600.0,0,24,False
8426,1482,2024-02-16,40400.0,41,24,False
8427,6273,2026-02-21,45700.0,57,12,False
8428,2364,2023-12-23,53200.0,30,12,False
8429,1548,2024-12-07,43500.0,0,11,False
8430,1259,2025-04-27,26800.0,22,11,False
8431,1683,2025-08-04,37900.0,18,11,False
8432,5955,2025-01-02,59800.0,25,12,False
8433,3070,2025-12-19,16600.0,47,11,False
8434,3523,2024-12-09,29800.0,57,12,False
8435,4150,2024-10-05,40600.0,22,11,False
8436,308,2022-12-17,48700.0,14,12,False
8437,6284,2024-05-13,63700.0,31,11,False
8438,7668,2025-04-10,52100.0,32,11,False
8439,3620,2022-12-10,17200.0,45,11,False
8440,1761,2022-08-31,25600.0,48,11,False
8441,1727,2022-09-05,69800.0,19,11,False
8442,1552,2023-11-17,23800.0,61,36,False
8443,5610,2026-06-04,51200.0,40,12,False
8444,4008,2025-01-08,12600.0,16,12,False
8445,7232,2023-06-14,27900.0,42,24,False
8446,423,2023-04-15,35700.0,17,11,False
8447,3006,2025-12-22,47000.0,35,12,False
8448,3953,2026-06-20,37500.0,0,11,False
8449,6447,2024-11-12,31100.0,31,11,False
8450,4325,2025-06-30,41600.0,7,11,False
8451,6255,2025-10-04,32800.0,19,36,False
8452,7262,2026-05-18,34900.0,55,12,False
8453,1481,2024-02-05,40500.0,41,11,False
8454,3169,2024-08-05,40100.0,19,11,False
8455,5772,2026-04-13,15600.0,29,12,False
8456,3341,2023-01-15,44400.0,49,12,False
8457,1192,2024-04-28,29200.0,20,12,False
8458,7881,2023-04-01,48000.0,19,11,False
8459,1911,2024-12-30,55700.0,17,11,False
8460,1861,2023-06-19,19900.0,46,12,False
8461,2765,2023-03-13,21200.0,22,11,False
8462,7638,2025-09-06,33300.0,0,11,False
8463,3599,2023-10-02,28700.0,25,11,False
8464,1373,2024-01-17,32500.0,1,11,False
8465,5683,2026-06-25,79200.0,51,12,True
8466,7413,2022-10-20,48100.0,12,12,False
8467,2276,2026-02-13,62300.0,18,11,False
8468,1105,2026-01-26,20000.0,3,12,False
8469,5392,2025-11-13,20100.0,36,11,False
8470,5915,2022-10-19,31100.0,23,11,False
8471,4302,2022-11-04,57000.0,34,11,False
8472,6412,2026-08-08,44100.0,26,36,False
8473,6510,2023-06-27,30900.0,0,24,False
8474,7289,2026-02-15,24300.0,21,12,False
8475,4668,2022-12-04,56700.0,16,11,False
8476,2842,2026-05-08,24700.0,0,11,False
8477,2584,2024-08-13,9900.0,37,12,False
8478,7389,2024-09-20,38100.0,20,11,False
8479,829,2024-01-11,42100.0,25,11,False
8480,5489,2023-04-02,24500.0,16,11,False
8481,5204,2024-06-05,27300.0,8,12,False
8482,2075,2024-10-18,43000.0,13,11,False
8483,325,2024-03-09,19600.0,19,12,False
8484,3040,2023-01-22,30400.0,21,11,False
8485,921,2025-05-24,65500.0,13,11,False
8486,1576,2026-03-21,40400.0,43,11,False
8487,6222,2026-07-24,23800.0,4,11,False
8488,6036,2026-04-03,74700.0,15,12,True
8489,3587,2025-10-15,23300.0,23,11,False
8490,7812,2025-08-06,35700.0,28,24,False
8491,2711,2025-07-08,27600.0,26,24,False
8492,2530,2025-03-26,25500.0,12,24,False
8493,3422,2026-04-20,27700.0,8,11,False
8494,7863,2026-08-12,25600.0,26,11,False
8495,4340,2024-12-31,19400.0,20,36,False
8496,1169,2025-12-14,40100.0,22,11,False
8497,865,2026-05-29,16800.0,0,24,False
8498,370,2024-05-08,24200.0,30,12,False
8499,2964,2024-08-05,13900.0,0,36,False
8500,1115,2023-01-03,11900.0,28,12,False
8501,4135,2023-01-27,26000.0,15,36,False
8502,2083,2024-11-06,38900.0,20,11,False
8503,2925,2022-10-29,50700.0,17,11,False
8504,7693,2025-03-16,42100.0,14,12,False
8505,4370,2024-10-19,40400.0,24,24,False
8506,1896,2026-03-25,45700.0,6,11,False
8507,4789,2025-04-20,43200.0,23,11,False
8508,502,2023-02-28,40700.0,19,11,False
8509,7270,2025-04-22,39700.0,8,24,False
8510,5350,2025-03-19,35100.0,1,12,False
8511,3258,2023-07-22,51000.0,39,12,False
8512,1824,2025-05-08,36800.0,21,11,False
8513,3594,2026-01-03,27600.0,9,24,False
8514,3874,2026-05-04,29400.0,27,11,False
8515,5384,2023-06-01,32600.0,24,11,False
8516,4224,2023-05-13,47500.0,21,11,False
8517,1019,2024-01-23,26700.0,0,12,False
8518,5549,2026-02-18,28400.0,26,12,False
8519,6825,2024-08-31,43000.0,41,24,False
8520,7044,2024-08-12,29400.0,27,11,False
8521,5248,2025-07-07,54500.0,50,24,False
8522,4573,2023-03-06,36300.0,25,12,False
8523,6845,2024-05-08,41100.0,10,24,False
8524,1482,2023-03-28,43700.0,8,24,False
8525,1790,2023-02-04,32000.0,22,11,False
8526,2331,2023-10-09,40400.0,53,24,False
8527,4908,2025-04-14,16000.0,21,11,False
8528,4764,2025-01-12,29200.0,7,36,False
8529,7234,2024-11-07,24500.0,22,11,False
8530,3004,2025-05-20,32600.0,18,11,False
8531,7018,2025-06-09,29000.0,49,11,False
8532,3822,2026-08-14,28500.0,26,36,False
8533,7765,2025-11-23,26300.0,23,11,False
8534,7827,2026-01-06,42100.0,23,11,False
8535,3428,2026-02-27,34900.0,7,11,False
8536,1915,2025-06-13,37100.0,21,11,False
8537,6350,2025-03-02,12800.0,34,11,False
8538,4638,2024-11-30,38900.0,26,12,False
8539,3891,2024-04-02,43700.0,46,12,False
8540,6104,2024-10-28,19900.0,26,11,False
8541,2023,2026-07-02,28600.0,30,11,False
8542,711,2024-01-26,37400.0,28,36,False
8543,1342,2024-01-04,44000.0,28,36,False
8544,3033,2022-12-28,15300.0,15,12,False
8545,5782,2023-03-13,28100.0,18,11,False
8546,3008,2022-10-30,52600.0,31,11,False
8547,4895,2023-07-03,43100.0,22,11,False
8548,2351,2024-04-27,17800.0,9,11,False
8549,3275,2024-09-16,30000.0,47,11,False
8550,5415,2024-04-02,45100.0,61,11,False
8551,7358,2023-09-24,49700.0,0,12,False
8552,6692,2023-01-17,22300.0,20,12,False
8553,5854,2025-05-22,42900.0,10,12,False
8554,5853,2024-11-10,37000.0,30,36,False
8555,127,2022-09-08,38400.0,4,24,False
8556,5725,2023-08-27,40100.0,39,11,False
8557,1219,2025-10-26,11200.0,3,11,False
8558,2697,2024-04-05,33400.0,23,12,False
8559,4493,2022-10-21,11400.0,10,12,False
8560,4007,2024-10-18,32700.0,16,36,False
8561,7966,2022-12-08,31200.0,36,36,False
8562,1397,2025-01-28,39200.0,32,36,False
8563,1041,2026-04-06,18400.0,19,12,False
8564,6590,2023-08-29,54400.0,28,11,False
8565,6951,2025-11-07,34200.0,17,12,False
8566,6815,2024-11-03,39300.0,1,11,False
8567,6828,2023-07-30,29700.0,6,11,False
8568,4173,2024-05-01,55100.0,39,24,False
8569,4618,2023-12-08,49100.0,35,12,False
8570,4643,2023-10-03,52900.0,23,36,False
8571,696,2026-02-18,51900.0,0,12,False
8572,3714,2022-10-02,12800.0,12,24,False
8573,2954,2024-04-01,16100.0,39,24,False
8574,6514,2024-12-29,39700.0,20,36,False
8575,1494,2025-11-17,35300.0,27,12,False
8576,4180,2025-08-05,23200.0,41,11,False
8577,2312,2025-12-12,41600.0,32,11,False
8578,4274,2026-04-13,33600.0,33,12,False
8579,2905,2022-10-09,36400.0,13,11,False
8580,1806,2025-12-11,13500.0,11,24,False
8581,4274,2025-05-27,32500.0,4,24,False
8582,6167,2024-06-17,25500.0,34,11,False
8583,3644,2023-12-30,20400.0,0,11,False
8584,2158,2024-05-12,19200.0,21,11,False
8585,5889,2024-11-11,46600.0,9,36,False
8586,4866,2025-05-15,22600.0,0,12,False
8587,636,2025-03-08,31000.0,2,11,False
8588,4253,2026-04-17,19000.0,33,11,False
8589,3497,2024-01-10,20400.0,23,12,False
8590,7234,2025-04-01,26200.0,2,24,False
8591,5126,2024-07-31,35300.0,42,36,False
8592,1406,2023-03-14,63100.0,41,12,False
8593,1209,2026-07-25,32100.0,26,11,False
8594,5832,2022-12-12,28300.0,0,11,False
8595,498,2023-03-17,48800.0,28,11,False
8596,3817,2025-02-08,55700.0,0,11,False
8597,6099,2022-09-12,41800.0,20,11,False
8598,3618,2025-02-11,22400.0,26,11,False
8599,3377,2024-06-13,25900.0,16,11,False
8600,1984,2026-01-26,33400.0,13,11,False
8601,4512,2025-03-27,28500.0,0,12,False
8602,6903,2026-04-07,37800.0,33,11,False
8603,5126,2023-05-08,33800.0,3,24,False
8604,1924,2026-01-09,44200.0,31,11,False
8605,5020,2025-05-01,31400.0,34,11,False
8606,3058,2025-02-21,11400.0,25,11,False
8607,5708,2023-10-14,34300.0,24,36,False
8608,3235,2024-04-04,16500.0,18,11,False
8609,5543,2024-03-12,30000.0,0,24,False
8610,4883,2022-12-23,15700.0,25,11,False
8611,4634,2025-01-13,46700.0,8,11,False
8612,693,2024-01-06,19100.0,28,11,False
8613,5372,2022-10-24,18200.0,9,11,False
8614,1099,2024-03-12,58300.0,0,11,False
8615,5674,2026-01-22,34900.0,0,11,False
8616,2439,2023-10-11,36700.0,48,11,False
8617,2446,2023-03-11,26200.0,29,12,False
8618,2753,2026-07-22,48300.0,19,11,False
8619,1401,2024-03-27,27500.0,25,12,False
8620,4851,2024-07-05,44100.0,43,11,False
8621,4444,2023-10-22,41900.0,41,12,False
8622,2204,2025-06-25,63300.0,7,12,False
8623,2637,2026-03-12,32300.0,18,11,False
8624,7411,2023-11-30,26700.0,27,11,False
8625,4495,2026-04-05,41200.0,63,11,False
8626,2207,2023-03-04,27900.0,5,11,False
8627,5832,2025-10-05,30100.0,32,36,False
8628,3328,2025-05-18,48200.0,31,12,False
8629,6624,2023-02-25,34500.0,6,12,False
8630,3819,2025-11-10,14500.0,19,11,False
8631,6375,2026-06-18,68400.0,33,11,False
8632,3918,2022-12-21,26100.0,26,11,False
8633,6917,2025-09-01,78400.0,21,11,True
8634,1664,2024-03-07,52600.0,14,11,False
8635,3556,2025-09-16,36500.0,0,11,False
8636,28,2024-10-17,47300.0,16,12,False
8637,7232,2024-05-17,26500.0,12,12,False
8638,2029,2025-09-15,52300.0,30,36,False
8639,5779,2023-11-13,28700.0,46,12,False
8640,4247,2024-09-20,72600.0,38,36,True
8641,1556,2023-09-18,28500.0,22,24,False
8642,299,2026-05-26,46500.0,15,11,False
8643,2230,2026-02-20,52700.0,0,11,False
8644,3485,2025-01-04,23000.0,33,24,False
8645,2347,2025-02-27,28300.0,31,12,False
8646,7318,2025-10-11,40200.0,29,11,False
8647,2654,2024-04-14,21700.0,37,11,False
8648,919,2025-03-27,38800.0,24,12,False
8649,6187,2023-02-18,28500.0,20,11,False
8650,1125,2024-02-10,55100.0,3,12,False
8651,1715,2023-04-06,18000.0,10,11,False
8652,2948,2024-08-16,23000.0,22,11,False
8653,5406,2024-08-06,25000.0,46,11,False
8654,4976,2025-05-15,47200.0,19,12,False
8655,5745,2022-10-24,32400.0,0,12,False
8656,1409,2022-11-19,33500.0,35,24,False
8657,1276,2024-02-02,27100.0,36,36,False
8658,3823,2026-05-16,42100.0,38,11,False
8659,5773,2026-06-10,34900.0,13,11,False
8660,4338,2023-06-17,65400.0,13,11,False
8661,6206,2025-07-02,21800.0,53,24,False
8662,1292,2023-03-23,31800.0,14,11,False
8663,1951,2023-03-24,43500.0,22,12,False
8664,7188,2023-05-08,39900.0,33,36,False
8665,6625,2023-06-12,27000.0,34,11,False
8666,5993,2023-03-29,38000.0,0,36,False
8667,1084,2025-12-11,51500.0,36,36,False
8668,2810,2024-03-12,48100.0,6,12,False
8669,2093,2022-10-08,26300.0,50,12,False
8670,6244,2024-09-19,71800.0,34,11,True
8671,4347,2025-08-12,33800.0,30,12,False
8672,2530,2024-09-21,27700.0,29,12,False
8673,4110,2025-02-09,28700.0,43,11,False
8674,4709,2025-01-12,42300.0,22,12,False
8675,3275,2026-02-23,30700.0,45,11,False
8676,4691,2024-06-11,65800.0,34,11,False
8677,3637,2023-01-24,17700.0,9,11,False
8678,4544,2026-06-16,32100.0,21,11,False
8679,6158,2022-11-10,16700.0,33,11,False
8680,1800,2025-09-21,38400.0,10,36,False
8681,221,2022-09-01,39000.0,23,12,False
8682,6161,2024-01-27,19200.0,16,11,False
8683,6165,2025-07-24,25600.0,9,11,False
8684,4926,2023-07-18,44500.0,30,11,False
8685,7346,2023-06-07,16400.0,25,24,False
8686,4729,2022-12-26,48200.0,42,11,False
8687,7503,2025-07-05,33400.0,39,12,False
8688,5741,2024-09-10,23000.0,41,24,False
8689,2955,2024-02-13,41800.0,44,12,False
8690,1702,2024-04-15,41200.0,23,24,False
8691,7363,2023-12-14,22700.0,27,11,False
8692,4079,2026-06-23,29600.0,19,24,False
8693,4681,2025-02-16,37600.0,11,11,False
8694,3048,2023-10-14,29800.0,28,24,False
8695,1913,2023-03-26,20100.0,13,11,False
8696,7167,2023-03-26,23700.0,29,24,False
8697,1494,2025-07-15,38900.0,42,11,False
8698,5644,2025-06-23,45700.0,15,11,False
8699,7872,2022-08-29,33300.0,18,12,False
8700,347,2022-12-22,26700.0,15,11,False
8701,45,2023-03-22,36200.0,0,11,False
8702,7974,2026-02-23,23900.0,0,12,False
8703,2113,2023-09-19,38100.0,13,24,False
8704,5877,2023-09-01,51200.0,3,11,False
8705,7391,2025-08-11,32000.0,47,11,False
8706,6108,2025-07-15,25900.0,27,12,False
8707,7168,2025-10-21,41500.0,13,11,False
8708,6322,2023-09-28,36300.0,18,12,False
8709,1548,2025-06-05,45100.0,60,12,False
8710,2655,2025-10-30,38500.0,33,36,False
8711,6567,2023-10-04,37500.0,40,24,False
8712,1022,2022-10-04,51200.0,87,11,False
8713,1056,2026-03-31,38900.0,27,11,False
8714,6830,2026-05-04,23700.0,32,11,False
8715,2085,2024-07-29,31100.0,24,11,False
8716,7050,2023-07-10,22000.0,0,24,False
8717,276,2025-05-30,42000.0,18,11,False
8718,5164,2025-11-01,40000.0,15,12,False
8719,2705,2023-06-03,39700.0,18,12,False
8720,1819,2026-01-02,36600.0,43,12,False
8721,4580,2024-06-30,12800.0,9,12,False
8722,5569,2025-12-21,24800.0,14,11,False
8723,485,2024-12-31,32900.0,2,36,False
8724,6287,2024-10-22,12200.0,10,12,False
8725,524,2025-05-22,32300.0,46,11,False
8726,4386,2023-11-06,38900.0,19,11,False
8727,1219,2025-08-28,11300.0,21,12,False
8728,7847,2023-01-08,22400.0,24,12,False
8729,2727,2023-02-03,32200.0,28,36,False
8730,5374,2026-05-10,68300.0,7,12,False
8731,6430,2023-03-23,20500.0,0,12,False
8732,1442,2023-01-02,74200.0,2,11,True
8733,3360,2024-08-07,38400.0,0,11,False
8734,274,2026-05-24,45900.0,10,11,False
8735,143,2026-02-04,59500.0,0,11,False
8736,7937,2026-03-28,21800.0,31,36,False
8737,6135,2024-09-13,14500.0,20,36,False
8738,5303,2024-08-22,35400.0,31,12,False
8739,6527,2025-03-31,31400.0,5,36,False
8740,3414,2026-06-22,33700.0,41,11,False
8741,802,2025-11-06,25200.0,17,24,False
8742,6353,2024-11-25,36000.0,27,11,False
8743,1719,2023-03-28,26000.0,29,11,False
8744,632,2023-11-16,27500.0,30,24,False
8745,3931,2026-07-12,41600.0,34,24,False
8746,3761,2024-01-04,46300.0,5,11,False
8747,2629,2024-06-26,22100.0,21,24,False
8748,7066,2025-09-21,33200.0,23,12,False
8749,5146,2025-08-26,37500.0,29,24,False
8750,7949,2024-05-16,60100.0,60,11,False
8751,7653,2023-07-03,43600.0,41,11,False
8752,3340,2023-12-18,27100.0,42,12,False
8753,5330,2024-08-25,22800.0,10,11,False
8754,4819,2024-06-09,23100.0,27,36,False
8755,5242,2023-10-06,25500.0,18,24,False
8756,67,2026-05-30,27200.0,26,11,False
8757,7821,2024-01-08,22600.0,46,11,False
8758,4386,2023-02-22,40700.0,9,24,False
8759,7689,2023-06-27,42200.0,47,24,False
8760,7062,2025-06-11,61700.0,22,24,False
8761,4722,2024-08-22,19100.0,16,11,False
8762,5199,2026-06-08,32900.0,21,12,False
8763,1168,2023-03-17,44400.0,14,11,False
8764,2365,2025-08-18,58800.0,15,11,False
8765,5854,2026-08-08,44500.0,27,36,False
8766,2588,2025-12-05,29700.0,33,11,False
8767,3665,2023-03-25,13000.0,24,24,False
8768,7621,2023-11-17,40900.0,36,36,False
8769,1215,2025-08-16,48100.0,44,11,False
8770,4575,2023-02-23,46200.0,23,24,False
8771,4855,2023-12-03,12300.0,1,12,False
8772,3421,2023-12-10,48900.0,14,11,False
8773,557,2022-11-26,69500.0,4,11,False
8774,5308,2024-06-30,12400.0,23,11,False
8775,7833,2024-09-27,26800.0,32,11,False
8776,4181,2024-11-10,33300.0,31,11,False
8777,73,2023-05-19,52500.0,34,24,False
8778,6588,2022-09-25,50500.0,16,11,False
8779,199,2022-10-26,40100.0,13,12,False
8780,3279,2023-08-19,48100.0,44,11,False
8781,1821,2023-12-24,38700.0,15,12,False
8782,580,2023-07-22,34900.0,35,11,False
8783,805,2025-07-30,21100.0,7,36,False
8784,1675,2023-05-19,20000.0,11,11,False
8785,1873,2026-06-25,44200.0,22,11,False
8786,1897,2023-04-09,18500.0,35,11,False
8787,5729,2026-08-01,28900.0,18,11,False
8788,1202,2024-05-25,29500.0,6,12,False
8789,3828,2024-07-10,26300.0,28,12,False
8790,3357,2024-02-25,56400.0,17,36,False
8791,179,2024-02-24,31800.0,28,24,False
8792,2294,2022-10-23,13900.0,27,11,False
8793,4180,2023-02-23,25900.0,23,11,False
8794,747,2024-10-25,17800.0,27,11,False
8795,6363,2024-08-12,27800.0,46,11,False
8796,814,2023-12-01,22600.0,53,24,False
8797,7759,2025-06-02,32700.0,3,11,False
8798,802,2024-08-20,22800.0,16,12,False
8799,2858,2022-12-13,47300.0,23,11,False
8800,7504,2025-04-17,14700.0,45,11,False
8801,4405,2022-11-09,52700.0,12,12,False
8802,4693,2024-07-10,30100.0,51,12,False
8803,7451,2023-06-19,44000.0,13,12,False
8804,6954,2025-05-15,26500.0,16,11,False
8805,3156,2025-12-02,24200.0,60,36,False
8806,5877,2025-07-02,51200.0,40,24,False
8807,2985,2024-03-11,28500.0,25,36,False
8808,744,2024-01-27,46900.0,30,11,False
8809,1157,2023-05-23,24000.0,29,12,False
8810,3529,2024-02-13,22300.0,33,12,False
8811,1641,2025-08-19,24200.0,18,11,False
8812,3866,2023-03-07,42500.0,46,11,False
8813,2806,2023-02-23,6500.0,14,11,False
8814,3246,2025-04-05,33500.0,22,36,False
8815,4796,2022-10-09,24100.0,25,12,False
8816,7913,2025-12-31,16500.0,13,12,False
8817,3003,2025-06-25,58600.0,17,11,False
8818,7147,2026-05-25,40800.0,9,11,False
8819,1243,2023-08-30,71400.0,10,24,True
8820,327,2026-06-14,51900.0,58,11,False
8821,5188,2023-07-07,46500.0,23,24,False
8822,5970,2025-03-05,31700.0,0,11,False
8823,1892,2023-02-13,46700.0,31,11,False
8824,7252,2025-11-08,28200.0,44,36,False
8825,1523,2022-12-17,40800.0,36,11,False
8826,911,2026-04-28,52100.0,18,24,False
8827,1421,2024-01-21,43000.0,50,24,False
8828,3472,2024-12-30,33200.0,25,12,False
8829,4336,2026-02-07,24300.0,29,12,False
8830,4583,2024-02-29,42300.0,34,36,False
8831,2314,2023-11-09,17400.0,29,11,False
8832,3515,2025-06-19,36700.0,33,24,False
8833,2423,2023-11-18,20100.0,26,12,False
8834,3158,2026-05-12,20900.0,3,24,False
8835,4413,2023-06-27,20800.0,42,11,False
8836,1549,2025-01-05,57900.0,36,12,False
8837,7247,2025-01-30,33500.0,41,11,False
8838,7873,2024-07-19,18400.0,44,12,False
8839,6459,2025-11-16,36200.0,0,24,False
8840,6550,2025-05-14,19400.0,51,11,False
8841,7240,2024-01-31,41200.0,48,11,False
8842,5709,2023-07-17,14200.0,50,11,False
8843,2984,2023-08-10,27900.0,28,12,False
8844,5855,2023-09-28,25300.0,7,11,False
8845,7845,2024-12-15,32900.0,21,11,False
8846,7868,2024-06-08,52800.0,29,11,False
8847,6752,2025-02-14,46400.0,16,12,False
8848,2403,2026-01-01,54200.0,20,36,False
8849,1195,2024-07-02,35400.0,37,11,False
8850,111,2023-01-01,32100.0,24,11,False
8851,5224,2025-08-19,35000.0,1,11,False
8852,4431,2025-08-14,36800.0,48,11,False
8853,5934,2025-10-19,18200.0,47,36,False
8854,3740,2023-11-05,28700.0,38,12,False
8855,3881,2023-10-24,57100.0,35,11,False
8856,1794,2025-01-12,53900.0,18,12,False
8857,7918,2024-08-14,27100.0,19,36,False
8858,7825,2025-08-03,26700.0,17,12,False
8859,6883,2024-10-20,38600.0,8,11,False
8860,1612,2024-01-22,65400.0,23,12,False
8861,1325,2024-11-02,22000.0,0,11,False
8862,3862,2024-04-14,9600.0,46,36,False
8863,2270,2022-11-28,32300.0,36,11,False
8864,990,2024-10-03,28800.0,41,12,False
8865,1053,2024-08-29,21400.0,18,24,False
8866,7476,2025-12-26,26200.0,41,12,False
8867,7848,2024-07-15,51700.0,26,11,False
8868,2650,2024-03-31,37100.0,26,36,False
8869,6836,2026-06-05,25500.0,40,11,False
8870,4086,2026-08-14,73800.0,17,24,True
8871,4719,2025-11-13,15500.0,33,12,False
8872,931,2023-02-27,45400.0,29,24,False
8873,6492,2024-02-06,34100.0,8,12,False
8874,2230,2024-12-30,49500.0,39,12,False
8875,6565,2024-08-18,39100.0,7,11,False
8876,3275,2023-08-27,30300.0,15,11,False
8877,6167,2024-06-16,26900.0,27,24,False
8878,1494,2026-07-18,36300.0,14,11,False
8879,6093,2023-07-06,14800.0,23,11,False
8880,6976,2023-02-22,35100.0,33,24,False
8881,7473,2026-03-31,47900.0,24,24,False
8882,2430,2024-12-19,46300.0,40,11,False
8883,7864,2022-10-24,30100.0,36,11,False
8884,3538,2026-04-24,35800.0,16,11,False
8885,7436,2023-06-29,28900.0,42,11,False
8886,7189,2023-04-11,15900.0,14,12,False
8887,3637,2023-05-19,16700.0,38,24,False
8888,1336,2026-02-12,52800.0,0,11,False
8889,5106,2023-12-02,18700.0,19,11,False
8890,5309,2024-11-10,34700.0,28,11,False
8891,1217,2026-05-08,32400.0,53,11,False
8892,5427,2024-05-22,26700.0,1,12,False
8893,6352,2023-10-17,28400.0,23,11,False
8894,7242,2023-06-18,29900.0,57,11,False
8895,7928,2023-02-07,18000.0,0,36,False
8896,700,2023-11-19,80100.0,34,36,True
8897,6293,2026-05-26,68900.0,12,11,False
8898,4767,2025-08-01,36000.0,16,12,False
8899,1235,2026-03-31,22000.0,19,12,False
8900,1937,2023-07-04,33100.0,13,12,False
8901,7543,2024-03-21,26900.0,32,12,False
8902,5034,2024-06-26,37900.0,33,12,False
8903,5568,2024-06-21,32400.0,36,11,False
8904,6455,2025-07-11,61700.0,18,36,False
8905,1853,2024-08-14,29500.0,7,24,False
8906,3259,2022-08-29,30200.0,22,11,False
8907,3885,2022-09-15,22100.0,6,24,False
8908,5293,2024-03-30,39000.0,22,11,False
8909,5567,2024-04-11,36900.0,21,11,False
8910,7200,2026-08-17,26700.0,32,12,False
8911,1682,2025-09-06,35500.0,22,36,False
8912,4061,2024-03-29,36000.0,0,11,False
8913,2777,2022-08-25,55100.0,18,12,False
8914,191,2026-07-02,17100.0,2,11,False
8915,5438,2024-02-22,30000.0,17,24,False
8916,1366,2025-07-02,45200.0,28,12,False
8917,4911,2023-04-13,19900.0,24,12,False
8918,3179,2026-08-08,39200.0,20,24,False
8919,382,2026-01-16,20700.0,3,24,False
8920,4586,2023-02-11,22700.0,47,12,False
8921,3918,2026-07-02,27700.0,50,12,False
8922,6515,2025-10-13,49600.0,0,36,False
8923,625,2025-03-19,20100.0,24,24,False
8924,5761,2023-02-21,24200.0,21,24,False
8925,2381,2024-12-15,28800.0,27,11,False
8926,6273,2026-05-06,47500.0,57,11,False
8927,1793,2026-01-25,69800.0,41,11,False
8928,469,2024-08-24,42300.0,66,11,False
8929,7551,2026-02-04,8700.0,14,11,False
8930,984,2024-10-12,35900.0,36,24,False
8931,4367,2024-07-22,33100.0,21,11,False
8932,3234,2025-10-17,35100.0,11,24,False
8933,3709,2025-09-07,33900.0,42,11,False
8934,5359,2023-03-03,28900.0,14,12,False
8935,5050,2023-09-05,26700.0,31,24,False
8936,5538,2025-10-17,22900.0,5,24,False
8937,6130,2025-01-10,39200.0,34,24,False
8938,702,2023-06-04,23900.0,31,24,False
8939,2679,2022-09-05,43800.0,0,12,False
8940,5726,2023-10-31,33300.0,24,12,False
8941,2262,2025-10-01,68000.0,0,11,False
8942,6249,2025-03-17,23600.0,20,11,False
8943,5942,2026-08-17,14900.0,13,11,False
8944,386,2024-05-10,15200.0,24,12,False
8945,2307,2023-04-19,22600.0,7,11,False
8946,3898,2025-09-04,22800.0,37,11,False
8947,3587,2026-03-27,22300.0,16,11,False
8948,1443,2024-03-27,30700.0,18,11,False
8949,1618,2026-07-02,14200.0,3,11,False
8950,6501,2022-10-06,23100.0,15,24,False
8951,6275,2023-09-23,28900.0,22,11,False
8952,375,2024-01-16,23900.0,14,11,False
8953,5930,2023-07-24,21300.0,18,36,False
8954,5688,2023-05-12,25700.0,36,11,False
8955,620,2023-08-23,27300.0,30,11,False
8956,116,2026-04-16,34400.0,2,12,False
8957,7592,2023-06-16,61500.0,0,12,False
8958,450,2023-12-29,21700.0,12,11,False
8959,1422,2025-11-17,51700.0,41,11,False
8960,3406,2023-09-28,40600.0,30,24,False
8961,1371,2026-02-23,21400.0,47,12,False
8962,4614,2024-11-18,47200.0,12,11,False
8963,7416,2023-01-31,35500.0,22,11,False
8964,6029,2024-09-18,37100.0,34,12,False
8965,3009,2023-11-14,52600.0,44,36,False
8966,5258,2026-01-27,51700.0,18,24,False
8967,3785,2024-05-13,27300.0,12,36,False
8968,6952,2023-01-10,39800.0,11,12,False
8969,6094,2026-07-02,40000.0,35,11,False
8970,1099,2023-05-11,53600.0,17,11,False
8971,7827,2022-10-01,37800.0,0,11,False
8972,4921,2024-03-10,66300.0,35,36,False
8973,3653,2023-07-29,43100.0,25,11,False
8974,5575,2024-11-11,51800.0,24,36,False
8975,3226,2022-12-27,45700.0,21,11,False
8976,1641,2025-08-30,25100.0,23,11,False
8977,7348,2022-09-16,30400.0,50,11,False
8978,6551,2024-11-13,29400.0,0,12,False
8979,4763,2025-07-15,47700.0,0,12,False
8980,7098,2023-07-15,35500.0,31,11,False
8981,2345,2024-02-20,40100.0,36,11,False
8982,3747,2025-02-19,13700.0,19,36,False
8983,4586,2024-09-30,25600.0,6,11,False
8984,4905,2022-12-19,26100.0,39,11,False
8985,6847,2024-04-11,24300.0,0,11,False
8986,5182,2023-12-26,10700.0,48,11,False
8987,5602,2024-01-12,21300.0,25,12,False
8988,1001,2024-01-30,41400.0,45,24,False
8989,5730,2026-07-28,30900.0,13,11,False
8990,355,2024-11-04,12600.0,1,11,False
8991,1762,2025-02-18,42800.0,18,12,False
8992,1995,2024-02-14,40500.0,29,11,False
8993,1307,2026-05-12,42000.0,9,11,False
8994,7543,2023-04-20,25200.0,10,11,False
8995,1951,2025-02-14,46200.0,26,36,False
8996,4957,2024-08-18,30000.0,37,11,False
8997,7075,2025-08-26,32500.0,7,11,False
8998,1047,2026-04-27,27100.0,34,11,False
8999,554,2023-06-20,28200.0,11,12,False
9000,5688,2026-01-17,26800.0,11,11,False
9001,4268,2023-05-29,30000.0,27,11,False
9002,5475,2025-05-23,31900.0,0,12,False
9003,2433,2023-12-24,62900.0,27,11,False
9004,906,2024-08-14,31500.0,34,12,False
9005,7672,2024-08-03,59800.0,14,24,False
9006,7419,2024-06-23,58500.0,29,12,False
9007,1132,2024-09-17,25400.0,25,11,False
9008,2605,2024-07-15,47200.0,3,12,False
9009,2034,2024-02-05,43400.0,21,11,False
9010,5719,2023-06-22,28900.0,37,11,False
9011,4092,2025-10-14,45200.0,14,12,False
9012,3863,2024-05-02,45700.0,33,24,False
9013,2875,2023-06-20,22100.0,29,12,False
9014,938,2025-09-26,21000.0,27,11,False
9015,4751,2022-12-28,54700.0,23,11,False
9016,2106,2023-08-30,53800.0,30,11,False
9017,4591,2025-01-06,30300.0,12,11,False
9018,7670,2024-12-21,68800.0,0,11,False
9019,6590,2023-07-07,53700.0,13,12,False
9020,6668,2025-11-21,45500.0,21,12,False
9021,7530,2024-11-08,20800.0,38,24,False
9022,5598,2026-06-22,33600.0,27,36,False
9023,5183,2025-03-30,23800.0,20,12,False
9024,7927,2025-10-30,39600.0,39,11,False
9025,3724,2023-05-08,31800.0,30,36,False
9026,3241,2025-10-12,28800.0,40,11,False
9027,7414,2026-01-20,32200.0,0,24,False
9028,4539,2023-05-27,43300.0,13,11,False
9029,2702,2025-01-24,37800.0,36,11,False
9030,7770,2022-09-07,47300.0,22,12,False
9031,4961,2025-11-17,6600.0,35,11,False
9032,1069,2026-01-12,17400.0,11,24,False
9033,6571,2023-02-03,45800.0,43,11,False
9034,3640,2026-02-05,61700.0,43,11,False
9035,6586,2022-10-07,27100.0,22,12,False
9036,2740,2022-12-07,40500.0,6,11,False
9037,3277,2023-07-13,59300.0,15,11,False
9038,6913,2023-01-22,19700.0,29,11,False
9039,956,2023-11-12,25500.0,24,12,False
9040,7595,2026-07-02,55200.0,62,11,False
9041,5055,2023-11-12,55900.0,23,24,False
9042,445,2023-05-14,27700.0,38,11,False
9043,2606,2023-06-06,36800.0,16,12,False
9044,4321,2026-07-09,64900.0,40,11,False
9045,7453,2024-08-18,17900.0,41,11,False
9046,606,2023-04-05,46700.0,27,24,False
9047,6181,2022-12-06,36100.0,11,36,False
9048,1539,2026-08-09,45200.0,7,11,False
9049,878,2025-01-18,32300.0,32,11,False
9050,7714,2022-12-25,37400.0,28,36,False
9051,2698,2026-02-02,45300.0,41,36,False
9052,5209,2024-09-24,40300.0,28,36,False
9053,6606,2024-03-17,32200.0,29,24,False
9054,7390,2025-11-01,22700.0,36,36,False
9055,3819,2024-03-03,14100.0,9,24,False
9056,6731,2025-11-28,20700.0,36,24,False
9057,1586,2025-12-04,36100.0,17,12,False
9058,7114,2025-12-08,56300.0,8,11,False
9059,5860,2025-06-13,38300.0,40,11,False
9060,3316,2022-09-16,31200.0,53,24,False
9061,5730,2025-12-28,32600.0,5,11,False
9062,1775,2026-07-22,14500.0,22,12,False
9063,7001,2025-04-08,42500.0,26,24,False
9064,1480,2024-11-30,31800.0,29,24,False
9065,6078,2022-12-28,40500.0,45,11,False
9066,267,2026-07-23,33300.0,17,12,False
9067,2718,2024-07-23,31000.0,44,24,False
9068,7665,2024-10-02,28400.0,21,24,False
9069,7127,2026-04-28,57800.0,33,24,False
9070,7601,2024-02-28,39800.0,30,11,False
9071,2782,2025-01-31,33300.0,0,36,False
9072,1494,2024-12-03,37000.0,23,11,False
9073,4351,2024-06-24,44500.0,35,11,False
9074,1476,2023-07-23,40900.0,41,11,False
9075,2349,2024-06-10,29900.0,28,12,False
9076,2995,2026-07-18,48500.0,25,12,False
9077,1669,2024-12-20,36400.0,33,11,False
9078,6817,2024-03-18,42400.0,14,12,False
9079,2426,2022-10-24,18400.0,12,12,False
9080,7257,2023-05-11,34800.0,22,11,False
9081,5102,2023-05-29,55500.0,28,24,False
9082,6371,2023-05-11,24400.0,29,11,False
9083,521,2023-11-09,33500.0,40,11,False
9084,216,2025-05-01,50600.0,5,36,False
9085,7453,2022-11-11,18400.0,40,11,False
9086,3413,2024-09-01,30100.0,37,36,False
9087,2221,2024-03-07,38300.0,21,12,False
9088,3229,2024-11-23,29700.0,51,11,False
9089,7606,2026-07-23,55500.0,24,36,False
9090,1744,2026-03-20,17400.0,13,24,False
9091,2152,2026-04-12,20100.0,36,11,False
9092,1602,2025-02-11,43900.0,55,24,False
9093,2258,2024-07-05,38000.0,17,12,False
9094,2382,2025-04-16,11900.0,32,11,False
9095,2201,2025-08-24,25100.0,14,11,False
9096,1156,2024-02-02,23300.0,46,11,False
9097,3594,2026-04-17,31200.0,47,11,False
9098,4427,2024-05-29,58100.0,29,12,False
9099,3738,2023-06-01,21300.0,36,11,False
9100,2417,2025-09-15,38300.0,4,11,False
9101,5706,2024-08-03,43500.0,18,24,False
9102,5009,2022-08-30,26400.0,28,36,False
9103,5842,2023-02-04,37400.0,11,11,False
9104,6127,2023-12-23,36400.0,0,24,False
9105,2991,2025-05-06,35100.0,22,24,False
9106,4672,2023-01-07,35700.0,45,24,False
9107,1105,2026-06-29,19100.0,18,11,False
9108,6913,2025-05-03,18500.0,0,11,False
9109,6285,2023-06-16,30700.0,47,11,False
9110,3595,2025-11-13,26600.0,33,12,False
9111,5252,2025-07-21,14200.0,15,12,False
9112,2802,2026-01-12,38400.0,10,11,False
9113,3092,2022-08-26,30000.0,0,11,False
9114,6387,2026-07-01,46000.0,21,11,False
9115,230,2024-04-30,28100.0,26,11,False
9116,171,2023-12-30,44700.0,37,12,False
9117,297,2024-08-31,36100.0,42,11,False
9118,4384,2025-05-20,55700.0,30,11,False
9119,429,2026-02-07,53500.0,16,36,False
9120,5186,2025-05-19,43300.0,16,11,False
9121,5313,2024-04-24,36800.0,22,11,False
9122,6947,2022-11-19,49600.0,16,11,False
9123,936,2026-05-06,38100.0,26,12,False
9124,3333,2024-09-23,16500.0,17,12,False
9125,506,2025-04-30,47100.0,25,12,False
9126,6042,2024-07-12,65700.0,21,11,False
9127,2872,2026-05-26,16200.0,20,11,False
9128,5073,2024-08-20,8500.0,23,24,False
9129,841,2026-07-30,41500.0,12,11,False
9130,3867,2024-07-19,33800.0,9,24,False
9131,1900,2025-12-14,22900.0,15,12,False
9132,2164,2026-04-25,51000.0,28,12,False
9133,6528,2024-12-30,36700.0,29,11,False
9134,146,2025-12-13,31500.0,0,36,False
9135,5861,2026-06-06,20000.0,21,11,False
9136,5536,2026-04-18,14600.0,0,12,False
9137,6870,2026-08-09,55500.0,39,11,False
9138,4670,2024-04-11,21700.0,23,11,False
9139,3662,2023-09-20,28300.0,14,11,False
9140,193,2024-08-13,28500.0,32,12,False
9141,5302,2023-04-22,30600.0,14,11,False
9142,6780,2023-06-09,42700.0,27,12,False
9143,3979,2024-08-04,12800.0,42,11,False
9144,52,2025-12-28,31300.0,29,11,False
9145,7177,2025-04-07,39900.0,22,11,False
9146,2462,2026-03-05,56000.0,23,24,False
9147,1862,2025-09-10,29700.0,23,11,False
9148,3035,2024-01-14,71500.0,42,24,True
9149,2576,2024-03-17,39400.0,11,11,False
9150,1911,2026-02-13,55500.0,0,11,False
9151,2625,2023-09-09,33700.0,22,24,False
9152,6007,2023-12-22,70400.0,11,24,False
9153,5673,2024-05-30,47100.0,23,12,False
9154,1909,2025-08-07,12900.0,18,12,False
9155,7621,2024-03-04,46000.0,0,36,False
9156,7760,2023-09-02,50400.0,15,11,False
9157,2799,2024-12-19,24300.0,9,11,False
9158,3349,2023-09-11,26600.0,48,11,False
9159,3277,2024-05-27,60500.0,8,11,False
9160,2636,2022-12-12,38500.0,5,11,False
9161,6231,2024-01-18,48900.0,1,11,False
9162,5653,2025-02-23,68000.0,0,36,False
9163,4099,2025-08-02,57000.0,48,36,False
9164,5047,2023-09-25,53900.0,18,12,False
9165,7386,2024-05-28,38100.0,14,11,False
9166,242,2023-08-24,36300.0,32,11,False
9167,3523,2023-11-30,28600.0,21,12,False
9168,4737,2022-10-11,27900.0,11,11,False
9169,1438,2025-03-09,24500.0,20,24,False
9170,3586,2023-08-24,25100.0,38,11,False
9171,4132,2025-09-24,32200.0,41,24,False
9172,83,2023-08-07,32400.0,27,24,False
9173,5191,2024-08-12,71600.0,46,12,True
9174,3856,2025-01-13,46900.0,25,24,False
9175,968,2022-08-28,33600.0,61,11,False
9176,620,2025-07-14,28000.0,24,12,False
9177,4775,2025-05-08,33700.0,34,11,False
9178,6566,2025-08-16,35800.0,27,11,False
9179,5198,2025-01-28,14700.0,23,11,False
9180,3690,2023-11-22,39200.0,12,11,False
9181,4659,2023-07-17,50500.0,34,11,False
9182,3364,2025-02-16,38500.0,52,11,False
9183,2222,2023-12-19,45500.0,5,36,False
9184,3568,2022-09-28,37100.0,21,12,False
9185,1557,2024-05-25,28500.0,11,11,False
9186,6708,2025-11-22,50600.0,8,24,False
9187,2658,2023-10-02,35700.0,18,11,False
9188,2715,2026-02-06,37800.0,4,36,False
9189,6207,2022-10-06,19000.0,27,12,False
9190,5785,2026-07-04,21100.0,39,11,False
9191,7479,2024-09-24,26400.0,18,11,False
9192,2207,2024-02-18,27100.0,26,11,False
9193,2503,2024-10-05,50000.0,21,24,False
9194,3919,2023-06-06,55100.0,22,24,False
9195,122,2024-10-07,10900.0,10,11,False
9196,4472,2026-05-02,27000.0,8,36,False
9197,1348,2024-12-14,37600.0,23,11,False
9198,4597,2023-05-19,34000.0,38,36,False
9199,2573,2025-01-23,33600.0,11,36,False
9200,5194,2023-08-16,32600.0,38,36,False
9201,1258,2025-01-13,31800.0,28,11,False
9202,1161,2023-11-05,29500.0,28,24,False
9203,7765,2025-08-05,26500.0,30,24,False
9204,1330,2022-10-21,19600.0,26,12,False
9205,4128,2026-04-23,27800.0,17,11,False
9206,7894,2025-11-17,26300.0,32,12,False
9207,1954,2022-10-01,40000.0,35,11,False
9208,6857,2023-07-09,47300.0,0,24,False
9209,1539,2023-06-21,47700.0,24,11,False
9210,3261,2026-07-03,26000.0,0,11,False
9211,1960,2026-02-19,63900.0,42,11,False
9212,7192,2022-12-25,51300.0,7,24,False
9213,5027,2022-08-21,34100.0,2,12,False
9214,7148,2026-02-25,31100.0,38,24,False
9215,3632,2023-07-05,34900.0,40,12,False
9216,2819,2025-11-16,64400.0,20,12,False
9217,2000,2025-06-17,29500.0,40,11,False
9218,6602,2025-12-26,49800.0,46,11,False
9219,179,2023-11-22,30100.0,31,36,False
9220,914,2022-10-26,45400.0,24,12,False
9221,6496,2025-08-02,31500.0,34,24,False
9222,7083,2023-03-14,30200.0,32,36,False
9223,6195,2024-01-29,11400.0,0,24,False
9224,1586,2023-07-22,32800.0,19,24,False
9225,499,2024-10-06,14200.0,34,36,False
9226,61,2025-02-27,19400.0,47,24,False
9227,1103,2024-05-11,38600.0,25,36,False
9228,5923,2023-06-11,41000.0,70,12,False
9229,6825,2023-10-19,43700.0,23,12,False
9230,2962,2024-03-18,47700.0,18,11,False
9231,7285,2023-10-04,23700.0,10,36,False
9232,4254,2024-05-04,45100.0,13,11,False
9233,3769,2025-05-26,55500.0,23,12,False
9234,595,2026-08-16,30200.0,36,24,False
9235,5947,2026-06-13,33300.0,18,12,False
9236,6447,2024-03-17,30700.0,25,24,False
9237,7595,2024-05-11,55100.0,5,11,False
9238,4052,2022-10-13,32800.0,28,36,False
9239,3858,2023-07-05,23100.0,19,12,False
9240,543,2026-01-23,20700.0,10,11,False
9241,3546,2023-03-07,66200.0,20,11,False
9242,4105,2024-07-29,20700.0,7,36,False
9243,6983,2025-12-03,27800.0,34,11,False
9244,3481,2024-11-30,51900.0,74,11,False
9245,2203,2024-07-13,31600.0,30,12,False
9246,6091,2023-01-29,36800.0,21,36,False
9247,7483,2025-01-04,37200.0,20,12,False
9248,7108,2025-10-06,71900.0,40,11,True
9249,1025,2025-06-20,25800.0,28,12,False
9250,2554,2025-08-31,22900.0,30,11,False
9251,5444,2023-10-08,15800.0,34,11,False
9252,6878,2025-11-23,31100.0,25,11,False
9253,5250,2022-11-05,46900.0,24,11,False
9254,329,2022-12-27,33300.0,20,11,False
9255,4810,2023-05-08,23800.0,29,11,False
9256,2766,2024-08-03,42900.0,15,12,False
9257,2,2022-10-24,51000.0,12,24,False
9258,1056,2025-11-06,38400.0,41,11,False
9259,2535,2023-01-27,44800.0,16,12,False
9260,125,2026-02-16,57800.0,15,36,False
9261,1131,2023-12-12,38500.0,23,12,False
9262,6771,2024-03-14,15900.0,35,11,False
9263,2759,2026-07-17,24200.0,44,11,False
9264,1903,2023-09-07,21800.0,22,12,False
9265,5387,2026-02-27,20700.0,29,12,False
9266,7094,2024-07-15,20500.0,22,11,False
9267,2990,2025-03-03,26200.0,23,11,False
9268,7663,2023-06-11,14100.0,14,36,False
9269,129,2023-06-02,41800.0,12,12,False
9270,441,2023-07-30,38400.0,5,24,False
9271,4955,2025-12-21,23800.0,27,11,False
9272,2604,2024-05-05,13500.0,28,36,False
9273,3204,2023-09-09,21800.0,38,11,False
9274,1249,2023-06-30,31400.0,2,11,False
9275,6487,2023-12-02,52000.0,32,24,False
9276,919,2026-01-30,39300.0,6,11,False
9277,6317,2024-02-13,27900.0,25,12,False
9278,3244,2025-06-16,19100.0,15,12,False
9279,5519,2024-07-11,32900.0,23,24,False
9280,6822,2024-12-29,17200.0,42,36,False
9281,5652,2026-01-20,22400.0,40,36,False
9282,6744,2022-09-22,20000.0,57,24,False
9283,4590,2025-11-13,53500.0,27,11,False
9284,4009,2024-01-04,42500.0,38,24,False
9285,1093,2025-08-30,47100.0,24,11,False
9286,27,2025-03-13,28600.0,29,11,False
9287,7088,2023-05-14,25400.0,0,11,False
9288,7418,2022-10-05,41800.0,18,11,False
9289,7272,2025-09-04,27600.0,31,12,False
9290,556,2022-10-01,36000.0,30,11,False
9291,2727,2024-03-31,32900.0,37,12,False
9292,575,2024-09-29,28000.0,35,12,False
9293,716,2023-12-21,45100.0,48,11,False
9294,5458,2025-08-28,75200.0,37,24,True
9295,4380,2022-11-16,37500.0,15,24,False
9296,3216,2022-12-22,29100.0,13,12,False
9297,7451,2026-01-07,43900.0,21,36,False
9298,1626,2025-06-07,40900.0,6,36,False
9299,6136,2025-05-09,37900.0,23,11,False
9300,7935,2023-02-10,48300.0,21,11,False
9301,5055,2023-04-10,60400.0,36,11,False
9302,4801,2023-05-13,51100.0,17,11,False
9303,821,2026-03-02,22500.0,14,11,False
9304,7959,2024-03-25,27600.0,35,11,False
9305,3879,2023-01-05,67000.0,30,36,False
9306,1388,2023-07-05,14600.0,27,12,False
9307,3305,2023-01-27,36300.0,53,12,False
9308,3703,2023-05-21,35900.0,26,11,False
9309,2173,2024-06-24,20800.0,24,11,False
9310,6867,2024-02-02,25700.0,28,12,False
9311,6099,2025-03-18,41400.0,31,11,False
9312,2514,2024-09-19,63500.0,41,11,False
9313,554,2023-10-28,28300.0,33,11,False
9314,5852,2025-04-28,20600.0,26,11,False
9315,6445,2025-06-07,40400.0,24,24,False
9316,2789,2026-07-01,45700.0,26,11,False
9317,3822,2026-04-09,27600.0,14,11,False
9318,6871,2023-08-18,14700.0,42,36,False
9319,2619,2024-04-11,21300.0,22,11,False
9320,7637,2024-08-20,33800.0,41,11,False
9321,2124,2022-09-02,42500.0,14,12,False
9322,6567,2026-04-20,40300.0,26,11,False
9323,2699,2024-08-26,38400.0,16,12,False
9324,3189,2026-07-20,36300.0,25,24,False
9325,1970,2024-08-03,20000.0,45,12,False
9326,626,2022-11-24,30100.0,16,12,False
9327,7322,2022-10-24,55200.0,28,11,False
9328,3729,2025-11-04,23800.0,13,11,False
9329,6550,2024-04-01,21300.0,25,11,False
9330,1231,2025-03-13,22500.0,17,11,False
9331,1798,2023-02-10,19900.0,16,11,False
9332,2622,2022-10-02,37200.0,33,11,False
9333,3250,2024-05-05,27900.0,9,12,False
9334,3153,2022-10-18,43800.0,26,12,False
9335,2688,2022-10-11,33600.0,25,11,False
9336,3237,2024-06-14,23200.0,25,11,False
9337,4424,2023-06-15,35900.0,29,11,False
9338,680,2024-10-13,22200.0,33,11,False
9339,5984,2025-03-20,33700.0,14,12,False
9340,5124,2024-05-25,24100.0,20,11,False
9341,6401,2025-07-22,32000.0,0,24,False
9342,7252,2024-09-06,30400.0,5,12,False
9343,7530,2023-06-02,20600.0,18,11,False
9344,3244,2022-09-04,19500.0,15,11,False
9345,2168,2023-08-26,16300.0,1,12,False
9346,7955,2025-12-31,25800.0,16,11,False
9347,5429,2024-01-15,17100.0,23,36,False
9348,4172,2023-06-27,23700.0,35,11,False
9349,5925,2026-05-09,46400.0,49,36,False
9350,6063,2023-12-13,32400.0,25,11,False
9351,6206,2023-10-10,22300.0,14,36,False
9352,4245,2025-05-07,27300.0,55,36,False
9353,732,2026-02-08,23000.0,13,12,False
9354,2657,2026-02-22,58400.0,5,24,False
9355,6304,2025-02-11,28600.0,26,12,False
9356,3683,2024-07-20,41800.0,33,12,False
9357,4775,2024-09-09,31300.0,42,11,False
9358,677,2025-02-02,34700.0,30,11,False
9359,286,2023-05-23,62300.0,35,11,False
9360,5965,2026-02-06,56800.0,55,12,False
9361,3994,2024-11-06,35400.0,7,24,False
9362,3649,2025-11-28,45000.0,6,11,False
9363,2284,2023-08-12,23400.0,26,12,False
9364,4698,2025-04-14,48600.0,7,11,False
9365,1497,2024-03-11,25900.0,43,11,False
9366,130,2026-07-30,24800.0,16,11,False
9367,4841,2023-08-13,18200.0,32,24,False
9368,7615,2026-06-05,42200.0,22,12,False
9369,6388,2024-05-06,19900.0,9,12,False
9370,7520,2025-08-11,46800.0,0,36,False
9371,2105,2023-12-08,28700.0,9,12,False
9372,7593,2025-02-16,44900.0,46,11,False
9373,3757,2025-12-12,36900.0,15,11,False
9374,7536,2026-06-05,31000.0,43,11,False
9375,6727,2026-08-11,32300.0,20,24,False
9376,7837,2026-03-10,34100.0,20,12,False
9377,2549,2024-11-01,52800.0,0,12,False
9378,5195,2025-04-08,28200.0,39,12,False
9379,1012,2026-03-28,45100.0,15,24,False
9380,7007,2026-08-14,14400.0,30,11,False
9381,2168,2024-12-25,14800.0,26,24,False
9382,2641,2022-09-23,38000.0,15,12,False
9383,4290,2026-08-13,23300.0,27,11,False
9384,2273,2026-07-09,51200.0,5,11,False
9385,4626,2022-10-08,56600.0,0,36,False
9386,3266,2025-02-20,25200.0,35,24,False
9387,3317,2024-02-14,27800.0,28,11,False
9388,4230,2022-08-27,43200.0,11,24,False
9389,4628,2025-06-27,43400.0,63,12,False
9390,346,2024-01-02,34600.0,17,24,False
9391,7749,2024-04-29,13900.0,27,11,False
9392,4565,2025-02-18,23100.0,26,24,False
9393,7441,2022-11-07,50400.0,17,24,False
9394,4811,2025-08-09,40600.0,10,11,False
9395,6946,2023-04-09,9500.0,48,36,False
9396,4931,2025-12-19,50800.0,29,11,False
9397,2327,2025-03-25,38200.0,35,11,False
9398,5032,2026-03-25,52500.0,38,36,False
9399,3279,2025-01-22,48100.0,34,36,False
9400,5593,2025-01-09,26800.0,0,24,False
9401,906,2025-02-14,32900.0,21,11,False
9402,2088,2024-02-27,52300.0,36,11,False
9403,1372,2023-07-05,24000.0,50,11,False
9404,7281,2026-06-21,30800.0,27,11,False
9405,3806,2025-12-03,19700.0,42,24,False
9406,2950,2023-04-18,41900.0,41,12,False
9407,7660,2023-08-14,20100.0,22,11,False
9408,5513,2026-01-12,48500.0,14,24,False
9409,4308,2024-03-25,33800.0,43,12,False
9410,7113,2023-09-10,20000.0,30,36,False
9411,2468,2022-08-24,21300.0,15,12,False
9412,1144,2023-08-12,61000.0,36,11,False
9413,4363,2024-05-24,26300.0,13,11,False
9414,3072,2025-03-15,50700.0,39,11,False
9415,1777,2023-02-07,24800.0,21,12,False
9416,1395,2024-01-18,52400.0,37,11,False
9417,2768,2025-11-08,33500.0,44,11,False
9418,4898,2025-12-31,14800.0,34,11,False
9419,942,2025-11-07,19100.0,39,11,False
9420,152,2025-05-13,33900.0,4,12,False
9421,595,2023-06-20,33500.0,22,12,False
9422,930,2023-04-15,25000.0,54,11,False
9423,2372,2023-02-07,42700.0,32,11,False
9424,5796,2026-02-05,49500.0,42,11,False
9425,503,2025-02-22,23600.0,0,11,False
9426,3883,2024-01-23,27600.0,52,11,False
9427,2196,2023-01-03,29800.0,7,24,False
9428,565,2026-07-16,24400.0,13,11,False
9429,5316,2023-12-09,41400.0,28,24,False
9430,1587,2022-09-21,47700.0,27,11,False
9431,2167,2023-02-23,39200.0,27,36,False
9432,3157,2022-12-12,26100.0,35,11,False
9433,3588,2026-06-04,16000.0,18,11,False
9434,157,2023-03-12,15800.0,20,11,False
9435,747,2022-10-15,16600.0,33,12,False
9436,6407,2026-08-15,26400.0,17,11,False
9437,7661,2026-01-19,35600.0,0,24,False
9438,7316,2026-05-14,36900.0,18,12,False
9439,5646,2023-02-20,28100.0,1,11,False
9440,7699,2026-04-08,31900.0,0,12,False
9441,4760,2023-11-02,32300.0,25,11,False
9442,6381,2026-02-17,26800.0,25,24,False
9443,7948,2025-10-05,58200.0,0,36,False
9444,6545,2022-10-06,29200.0,42,12,False
9445,3356,2023-08-02,35200.0,14,36,False
9446,7400,2026-07-03,39600.0,27,11,False
9447,155,2026-04-09,47300.0,9,11,False
9448,7285,2024-01-08,24700.0,5,12,False
9449,1016,2024-10-03,39100.0,17,12,False
9450,2345,2025-06-20,36600.0,49,12,False
9451,4732,2023-07-03,19200.0,25,11,False
9452,2972,2024-09-12,24200.0,20,11,False
9453,6194,2024-05-28,42600.0,17,12,False
9454,6825,2025-12-06,45800.0,50,11,False
9455,4932,2025-01-12,54300.0,1,11,False
9456,1205,2026-03-04,30700.0,23,12,False
9457,154,2024-12-24,23600.0,33,12,False
9458,4281,2024-09-25,40900.0,14,11,False
9459,7758,2025-08-17,30700.0,15,24,False
9460,6619,2023-09-19,31400.0,15,11,False
9461,5722,2025-07-02,19900.0,51,11,False
9462,1754,2025-03-09,44200.0,0,11,False
9463,3280,2023-12-11,53700.0,22,11,False
9464,6733,2024-09-26,32400.0,41,36,False
9465,6240,2023-01-20,80800.0,36,11,True
9466,2921,2026-01-24,49400.0,2,24,False
9467,801,2024-10-10,27400.0,18,11,False
9468,4472,2024-07-30,29000.0,3,11,False
9469,6252,2026-01-26,27000.0,22,11,False
9470,6876,2023-05-21,56200.0,39,12,False
9471,4372,2024-09-10,55900.0,42,11,False
9472,3855,2023-03-09,25700.0,28,24,False
9473,2944,2026-05-12,37400.0,9,11,False
9474,653,2026-01-15,39900.0,39,11,False
9475,6119,2024-12-24,28200.0,56,11,False
9476,7370,2026-02-08,25600.0,46,24,False
9477,4768,2023-01-10,18800.0,25,11,False
9478,676,2024-01-03,47900.0,21,12,False
9479,3509,2026-02-12,25100.0,25,11,False
9480,3871,2024-02-04,29400.0,12,11,False
9481,5548,2024-07-02,30800.0,13,11,False
9482,7163,2024-04-22,52700.0,25,24,False
9483,3787,2024-09-29,22400.0,13,11,False
9484,6019,2024-09-26,21400.0,40,11,False
9485,1095,2025-07-12,18800.0,33,11,False
9486,2400,2023-12-24,32100.0,5,11,False
9487,7163,2023-12-27,53900.0,53,11,False
9488,7207,2022-10-18,38900.0,22,11,False
9489,4607,2022-11-06,53400.0,23,11,False
9490,1240,2024-09-07,32200.0,41,11,False
9491,7117,2024-12-07,27900.0,17,24,False
9492,6074,2025-07-18,49500.0,25,24,False
9493,1180,2026-01-16,38000.0,54,36,False
9494,6849,2025-02-11,30100.0,27,12,False
9495,7863,2026-01-05,23800.0,20,24,False
9496,7588,2023-09-06,38500.0,32,36,False
9497,5354,2024-08-22,21600.0,20,11,False
9498,2566,2024-03-08,58000.0,58,24,False
9499,144,2025-05-02,35000.0,47,11,False
9500,2544,2023-12-27,75700.0,0,11,True
9501,7521,2025-12-06,24800.0,46,24,False
9502,3308,2025-09-06,24700.0,32,11,False
9503,4687,2024-09-06,34300.0,26,11,False
9504,5067,2023-10-05,23200.0,27,11,False
9505,3283,2025-08-04,27300.0,0,24,False
9506,6158,2026-03-04,16100.0,1,11,False
9507,4340,2026-01-05,18500.0,52,12,False
9508,5576,2025-07-31,29700.0,38,12,False
9509,3218,2024-09-03,13100.0,33,11,False
9510,3385,2023-03-07,36000.0,16,11,False
9511,1388,2023-08-28,14900.0,34,12,False
9512,7105,2024-04-05,36500.0,21,12,False
9513,2774,2023-10-18,17100.0,24,12,False
9514,4279,2023-08-01,20800.0,8,12,False
9515,1388,2023-12-18,14100.0,26,24,False
9516,4395,2024-05-29,20500.0,5,11,False
9517,7482,2026-01-13,42700.0,25,11,False
9518,4739,2025-01-06,27600.0,18,12,False
9519,3270,2024-01-29,23300.0,42,24,False
9520,303,2025-10-08,44200.0,47,36,False
9521,736,2025-01-14,20200.0,27,12,False
9522,5817,2025-10-31,31000.0,18,24,False
9523,3082,2026-05-15,38000.0,42,12,False
9524,5678,2024-02-09,24400.0,41,11,False
9525,68,2023-12-18,37000.0,44,11,False
9526,3925,2024-09-04,33200.0,41,11,False
9527,4087,2026-01-25,24900.0,65,12,False
9528,2561,2024-08-30,20400.0,30,12,False
9529,1572,2025-06-24,21900.0,0,11,False
9530,401,2025-04-16,38300.0,16,12,False
9531,4822,2024-06-02,8500.0,55,12,False
9532,3440,2025-09-26,27200.0,37,12,False
9533,5803,2023-11-01,22500.0,48,24,False
9534,1191,2025-09-14,35000.0,22,11,False
9535,4933,2024-06-10,15900.0,12,12,False
9536,564,2024-08-14,35100.0,19,11,False
9537,6175,2024-08-09,49600.0,43,12,False
9538,7075,2024-02-14,32700.0,34,24,False
9539,3746,2026-02-16,12900.0,53,12,False
9540,1790,2024-02-11,29600.0,25,24,False
9541,3011,2026-02-24,21200.0,28,12,False
9542,2715,2023-02-07,37500.0,14,11,False
9543,2858,2023-07-02,49000.0,53,12,False
9544,2380,2024-06-03,26600.0,30,11,False
9545,6950,2026-01-15,52600.0,57,24,False
9546,7219,2025-07-31,55900.0,0,11,False
9547,5206,2025-11-18,52900.0,30,36,False
9548,2003,2023-08-17,20800.0,14,12,False
9549,1637,2025-01-06,51800.0,36,12,False
9550,2856,2025-02-04,29100.0,22,11,False
9551,1513,2022-09-13,36200.0,33,36,False
9552,6361,2022-11-18,45000.0,22,12,False
9553,1129,2023-10-10,44300.0,27,12,False
9554,3356,2023-12-16,36900.0,32,11,False
9555,7085,2024-02-03,39800.0,31,24,False
9556,7660,2026-07-26,20700.0,46,11,False
9557,7576,2024-10-27,13400.0,39,12,False
9558,6584,2023-11-16,35600.0,34,12,False
9559,5622,2025-05-21,20000.0,34,11,False
9560,6405,2024-04-18,40300.0,28,11,False
9561,6884,2026-03-21,16500.0,43,24,False
9562,1328,2026-04-28,31500.0,29,11,False
9563,5942,2026-01-06,14600.0,29,24,False
9564,6846,2023-01-21,31700.0,14,24,False
9565,5106,2024-05-03,18400.0,7,12,False
9566,5421,2023-06-04,45400.0,22,36,False
9567,7590,2024-11-20,57900.0,13,36,False
9568,3970,2025-10-14,44400.0,17,11,False
9569,7645,2025-04-08,59500.0,17,12,False
9570,1570,2024-08-02,23700.0,21,12,False
9571,7938,2023-04-02,19000.0,25,11,False
9572,78,2024-02-02,30600.0,23,11,False
9573,2895,2023-07-08,31400.0,29,11,False
9574,3493,2026-03-29,48600.0,34,11,False
9575,2782,2026-05-09,35400.0,10,11,False
9576,3712,2025-09-27,28500.0,37,11,False
9577,1567,2024-05-10,74000.0,22,12,True
9578,239,2023-09-08,56500.0,13,12,False
9579,5371,2025-07-27,34400.0,0,12,False
9580,2040,2022-09-19,30400.0,35,12,False
9581,5430,2023-11-02,47900.0,22,12,False
9582,3510,2025-10-05,19800.0,35,11,False
9583,280,2026-04-12,52700.0,34,11,False
9584,3161,2026-07-30,33900.0,0,12,False
9585,532,2024-08-06,30100.0,14,11,False
9586,4375,2025-05-08,48300.0,19,12,False
9587,4314,2024-03-22,38900.0,16,11,False
9588,5486,2023-06-04,23800.0,35,11,False
9589,5978,2022-11-19,31700.0,9,11,False
9590,7696,2023-10-07,50700.0,47,11,False
9591,3197,2024-02-08,19600.0,0,11,False
9592,5305,2023-02-01,38100.0,28,11,False
9593,4680,2025-02-21,56200.0,25,24,False
9594,7886,2023-09-27,23300.0,35,12,False
9595,7340,2024-08-14,46400.0,29,12,False
9596,1838,2026-05-08,25300.0,18,11,False
9597,2179,2025-11-28,18200.0,6,11,False
9598,7476,2022-11-09,26200.0,28,12,False
9599,6853,2023-10-07,24500.0,24,24,False
9600,6907,2024-02-03,39900.0,45,12,False
9601,6638,2024-11-08,35800.0,7,11,False
9602,831,2025-10-17,42600.0,31,12,False
9603,2754,2024-01-18,27000.0,64,12,False
9604,446,2025-02-14,42700.0,45,36,False
9605,3216,2023-12-24,29000.0,13,11,False
9606,6810,2025-12-15,23700.0,13,12,False
9607,143,2026-04-30,57100.0,8,12,False
9608,4387,2025-11-02,38800.0,26,11,False
9609,1441,2026-06-19,14100.0,12,36,False
9610,4577,2024-04-30,26900.0,41,11,False
9611,6869,2024-11-12,46900.0,18,24,False
9612,543,2026-07-06,21500.0,3,11,False
9613,1754,2023-06-29,47000.0,20,11,False
9614,3447,2024-02-15,28200.0,23,11,False
9615,1055,2026-07-07,40400.0,55,24,False
9616,3424,2025-04-07,53500.0,14,11,False
9617,1441,2025-06-06,14900.0,32,12,False
9618,6367,2026-01-28,39300.0,62,11,False
9619,6212,2024-04-16,41200.0,43,11,False
9620,6816,2024-09-01,35200.0,22,12,False
9621,5391,2024-11-15,35300.0,32,12,False
9622,4604,2025-10-05,9400.0,42,11,False
9623,7135,2024-01-22,22600.0,21,11,False
9624,1200,2022-08-31,46000.0,6,12,False
9625,906,2026-08-03,30100.0,31,11,False
9626,3420,2025-08-10,48100.0,21,12,False
9627,4621,2022-12-31,19400.0,30,12,False
9628,1679,2024-08-23,59900.0,25,11,False
9629,477,2025-09-02,32800.0,40,24,False
9630,3010,2022-11-02,26000.0,28,11,False
9631,555,2023-06-09,45100.0,24,11,False
9632,4833,2024-07-12,26200.0,22,24,False
9633,3682,2024-02-12,43700.0,42,11,False
9634,7828,2023-12-14,17200.0,23,11,False
9635,5248,2024-07-08,48600.0,16,11,False
9636,2889,2023-12-02,35900.0,10,36,False
9637,3810,2023-04-08,41800.0,35,11,False
9638,6050,2025-02-19,23600.0,47,11,False
9639,367,2024-12-13,24200.0,12,11,False
9640,2214,2024-12-18,32000.0,52,12,False
9641,3390,2023-07-11,28700.0,59,24,False
9642,554,2024-11-09,28500.0,36,11,False
9643,3320,2026-03-08,17400.0,29,11,False
9644,6809,2025-09-30,31200.0,24,12,False
9645,4836,2025-02-05,18500.0,24,12,False
9646,1980,2026-06-30,63200.0,29,11,False
9647,5900,2026-02-11,82600.0,41,24,True
9648,980,2025-04-22,31100.0,20,11,False
9649,3076,2024-04-24,24100.0,26,11,False
9650,3894,2024-09-22,14000.0,14,24,False
9651,900,2026-06-16,16700.0,8,12,False
9652,3929,2026-03-02,45400.0,30,24,False
9653,7074,2026-07-26,27700.0,0,11,False
9654,888,2024-10-26,17600.0,25,11,False
9655,4717,2025-03-21,20700.0,40,24,False
9656,3056,2022-09-24,52200.0,7,36,False
9657,5639,2022-12-26,19800.0,43,12,False
9658,883,2024-02-09,46500.0,21,11,False
9659,6380,2025-10-17,45000.0,32,12,False
9660,5320,2024-11-03,16300.0,20,12,False
9661,4410,2025-01-08,46600.0,21,36,False
9662,7442,2023-01-02,58800.0,10,12,False
9663,3281,2024-02-10,44000.0,18,11,False
9664,2964,2023-06-14,14900.0,26,11,False
9665,2294,2022-10-22,13900.0,38,11,False
9666,19,2024-04-04,18500.0,45,12,False
9667,652,2022-10-29,32100.0,42,12,False
9668,3155,2025-01-28,20000.0,26,11,False
9669,5315,2023-05-24,29400.0,43,24,False
9670,332,2025-05-06,22700.0,15,11,False
9671,883,2023-08-01,46000.0,24,11,False
9672,787,2023-07-03,30500.0,18,24,False
9673,4591,2024-11-30,30500.0,20,11,False
9674,4839,2023-08-10,18200.0,58,12,False
9675,2405,2024-12-25,86400.0,7,11,True
9676,3420,2023-05-17,48200.0,38,24,False
9677,3602,2022-08-23,37300.0,29,36,False
9678,7766,2025-04-23,40400.0,48,11,False
9679,3012,2023-07-31,17600.0,11,11,False
9680,6941,2024-11-15,31100.0,44,24,False
9681,7136,2024-06-03,31100.0,81,12,False
9682,5236,2023-04-24,17600.0,22,12,False
9683,2624,2025-04-02,80900.0,32,12,True
9684,1712,2026-06-10,31700.0,34,24,False
9685,2742,2024-11-14,45200.0,36,24,False
9686,3463,2025-02-03,29700.0,4,11,False
9687,752,2024-09-29,11900.0,3,11,False
9688,1580,2023-10-07,46900.0,38,11,False
9689,4669,2026-05-23,28500.0,42,12,False
9690,2310,2024-09-17,22000.0,37,11,False
9691,1163,2025-08-23,23700.0,33,11,False
9692,5242,2024-04-13,26000.0,36,12,False
9693,7098,2024-06-11,36700.0,25,12,False
9694,6763,2024-04-01,34500.0,37,11,False
9695,891,2025-08-16,54100.0,59,11,False
9696,4660,2023-09-22,37300.0,33,24,False
9697,2351,2026-01-03,18500.0,21,12,False
9698,5768,2023-03-05,42100.0,37,11,False
9699,765,2022-08-31,45300.0,27,11,False
9700,5680,2023-07-25,53100.0,9,11,False
9701,5998,2024-09-06,29200.0,28,11,False
9702,7278,2023-01-02,55000.0,19,11,False
9703,870,2023-10-23,24000.0,46,12,False
9704,3820,2025-08-09,40700.0,40,11,False
9705,2334,2024-04-02,41400.0,11,36,False
9706,1360,2023-10-20,35400.0,22,11,False
9707,483,2023-09-30,62500.0,35,11,False
9708,2787,2025-07-18,20000.0,15,11,False
9709,3163,2024-04-14,30600.0,0,11,False
9710,6493,2023-09-25,33400.0,32,11,False
9711,7150,2022-10-02,43000.0,34,24,False
9712,4326,2024-06-26,24300.0,4,12,False
9713,7200,2024-11-13,28200.0,24,11,False
9714,5366,2025-09-12,28700.0,27,36,False
9715,4609,2025-09-10,48800.0,30,11,False
9716,5664,2025-09-05,43900.0,14,24,False
9717,5534,2025-01-11,53100.0,19,11,False
9718,1297,2024-05-15,29000.0,26,11,False
9719,5798,2023-08-05,38500.0,28,12,False
9720,4275,2025-01-03,60600.0,17,12,False
9721,2660,2025-03-28,26200.0,12,24,False
9722,6086,2024-09-15,25400.0,30,11,False
9723,7698,2025-05-14,29200.0,17,11,False
9724,1501,2024-10-31,24300.0,37,12,False
9725,381,2024-05-29,31300.0,39,11,False
9726,7714,2026-01-19,37800.0,35,11,False
9727,1718,2023-09-22,49200.0,13,36,False
9728,5285,2024-11-24,28800.0,48,11,False
9729,243,2023-11-17,19200.0,18,24,False
9730,7617,2024-09-27,21000.0,41,11,False
9731,937,2025-04-15,21100.0,9,36,False
9732,5805,2023-11-10,40600.0,29,24,False
9733,6546,2026-06-07,37000.0,40,12,False
9734,7441,2024-03-03,55500.0,20,11,False
9735,7004,2025-01-27,35400.0,46,11,False
9736,5488,2026-07-25,26000.0,14,11,False
9737,70,2024-11-28,88200.0,17,12,True
9738,4015,2025-06-12,39700.0,24,11,False
9739,6331,2023-08-19,39500.0,49,24,False
9740,5624,2025-11-15,29100.0,22,36,False
9741,2131,2023-12-15,23100.0,43,12,False
9742,2051,2024-05-19,38800.0,17,11,False
9743,816,2023-11-17,26500.0,9,11,False
9744,7768,2023-03-18,51200.0,22,11,False
9745,5252,2025-02-03,14100.0,28,12,False
9746,2842,2022-09-03,24600.0,0,11,False
9747,5032,2023-03-30,57500.0,33,24,False
9748,769,2024-02-24,31700.0,26,36,False
9749,6633,2025-10-22,31300.0,36,24,False
9750,2039,2025-09-01,25400.0,26,12,False
9751,6060,2026-01-08,14800.0,23,11,False
9752,1352,2026-05-22,44100.0,61,12,False
9753,2381,2025-11-08,31000.0,27,36,False
9754,5829,2023-09-15,28400.0,3,12,False
9755,110,2026-06-15,16100.0,54,11,False
9756,1038,2024-03-09,22800.0,38,11,False
9757,7501,2024-04-22,15200.0,28,11,False
9758,6184,2026-08-14,49200.0,30,12,False
9759,6832,2024-09-16,17900.0,30,11,False
9760,5990,2026-06-20,52500.0,22,36,False
9761,3956,2023-02-13,56900.0,20,12,False
9762,25,2026-07-31,39600.0,30,11,False
9763,5050,2023-05-12,26000.0,17,12,False
9764,2902,2023-03-11,35500.0,42,12,False
9765,750,2025-10-04,21000.0,15,11,False
9766,6331,2023-03-21,41800.0,14,12,False
9767,180,2025-04-17,47800.0,9,11,False
9768,233,2025-03-26,22600.0,21,11,False
9769,1961,2026-07-14,30400.0,27,12,False
9770,345,2025-03-20,13100.0,36,11,False
9771,4677,2023-09-13,21800.0,34,11,False
9772,6043,2024-11-15,57200.0,9,12,False
9773,2680,2023-03-08,68400.0,0,12,False
9774,459,2026-03-31,31900.0,33,36,False
9775,5471,2023-07-16,30200.0,20,12,False
9776,4488,2023-06-19,43500.0,37,12,False
9777,5452,2024-07-30,48200.0,19,11,False
9778,6538,2024-11-12,35200.0,26,12,False
9779,4731,2023-09-18,22800.0,22,11,False
9780,6977,2026-07-23,49300.0,38,24,False
9781,7224,2025-05-02,32600.0,7,12,False
9782,2327,2022-11-21,41100.0,16,11,False
9783,7547,2024-09-09,15500.0,15,24,False
9784,605,2024-08-07,26400.0,14,11,False
9785,3965,2023-11-02,30500.0,30,11,False
9786,4634,2026-03-02,43000.0,8,12,False
9787,5089,2024-09-18,70000.0,28,11,False
9788,7318,2023-12-10,42500.0,36,11,False
9789,6002,2024-08-21,28400.0,52,12,False
9790,4601,2022-11-03,27700.0,36,12,False
9791,2728,2023-09-11,59600.0,23,12,False
9792,2183,2023-12-14,14100.0,26,12,False
9793,6872,2024-12-20,31900.0,5,36,False
9794,4057,2025-05-18,57400.0,26,12,False
9795,1600,2026-04-15,38800.0,0,11,False
9796,311,2023-12-08,26400.0,3,11,False
9797,7201,2025-09-26,31300.0,31,12,False
9798,345,2025-04-14,13100.0,25,11,False
9799,439,2025-03-29,28100.0,60,11,False
9800,177,2025-04-19,37900.0,33,11,False
9801,139,2025-10-18,36800.0,30,36,False
9802,194,2024-02-14,25400.0,31,11,False
9803,3337,2025-11-02,31700.0,22,11,False
9804,7539,2024-08-23,45400.0,22,36,False
9805,3315,2024-11-17,36900.0,0,24,False
9806,5398,2022-08-23,33600.0,46,11,False
9807,960,2026-03-07,19900.0,22,11,False
9808,4726,2023-12-25,8400.0,36,12,False
9809,3970,2026-01-12,48500.0,28,12,False
9810,5844,2023-02-28,46200.0,11,11,False
9811,3188,2024-03-19,30300.0,32,11,False
9812,3033,2025-08-17,14600.0,15,12,False
9813,6486,2025-03-29,34500.0,7,11,False
9814,4944,2023-09-05,31400.0,53,11,False
9815,5069,2023-08-28,35300.0,3,11,False
9816,7598,2025-01-15,40400.0,35,24,False
9817,971,2023-06-29,30700.0,7,36,False
9818,1331,2024-04-16,45300.0,21,11,False
9819,5491,2023-07-13,18700.0,34,24,False
9820,3464,2024-07-02,55900.0,24,11,False
9821,5964,2024-02-08,25100.0,24,36,False
9822,2947,2023-01-23,60700.0,30,11,False
9823,2236,2026-06-25,41100.0,39,12,False
9824,4999,2024-01-20,40500.0,26,11,False
9825,554,2026-03-01,29100.0,16,11,False
9826,6065,2025-10-31,22500.0,45,11,False
9827,5227,2023-05-06,41400.0,49,11,False
9828,1971,2022-11-17,22500.0,49,11,False
9829,5772,2023-03-28,14300.0,30,12,False
9830,4246,2026-07-22,43100.0,28,24,False
9831,6386,2024-09-03,29100.0,24,11,False
9832,5,2024-05-28,22100.0,41,11,False
9833,3565,2024-06-16,30100.0,37,36,False
9834,5656,2023-01-12,19200.0,42,24,False
9835,3333,2024-02-09,17100.0,30,12,False
9836,7334,2022-11-02,55600.0,15,24,False
9837,1393,2023-12-08,27800.0,5,11,False
9838,1862,2025-02-27,30100.0,35,24,False
9839,5499,2023-01-02,57900.0,2,12,False
9840,6364,2026-07-08,21600.0,31,12,False
9841,2722,2024-01-09,32900.0,39,36,False
9842,3008,2026-05-30,49100.0,22,11,False
9843,6988,2022-09-20,39300.0,26,36,False
9844,1301,2023-12-30,17400.0,0,36,False
9845,3408,2024-02-17,67300.0,21,24,False
9846,3744,2023-01-14,27200.0,36,11,False
9847,3015,2023-07-12,13000.0,26,11,False
9848,3090,2026-02-24,67300.0,39,12,False
9849,1159,2024-10-27,40500.0,21,24,False
9850,4871,2022-10-31,35900.0,30,11,False
9851,6882,2022-12-25,19600.0,49,12,False
9852,2694,2023-09-08,29000.0,19,12,False
9853,6771,2023-05-20,15700.0,25,11,False
9854,3101,2023-05-18,23300.0,20,12,False
9855,3091,2023-05-18,49600.0,20,11,False
9856,5498,2024-11-19,20900.0,45,11,False
9857,6927,2026-02-08,21800.0,21,12,False
9858,5207,2024-07-15,22900.0,12,11,False
9859,6149,2024-04-29,21300.0,33,11,False
9860,4481,2025-06-22,38500.0,10,36,False
9861,7283,2023-06-15,32800.0,28,36,False
9862,3235,2026-01-18,16100.0,15,11,False
9863,5442,2025-04-27,20200.0,44,24,False
9864,6288,2025-05-26,38900.0,21,11,False
9865,7472,2022-10-28,30100.0,15,11,False
9866,5144,2023-10-01,23000.0,18,12,False
9867,255,2023-06-18,25900.0,16,11,False
9868,5426,2024-10-28,20700.0,5,12,False
9869,331,2022-08-22,49500.0,6,11,False
9870,2648,2022-10-18,12900.0,24,24,False
9871,2894,2026-07-24,34300.0,23,12,False
9872,3116,2025-11-01,25300.0,41,11,False
9873,1451,2025-02-04,31400.0,5,11,False
9874,5759,2022-12-11,26000.0,24,11,False
9875,7784,2025-12-05,46700.0,2,11,False
9876,3484,2022-10-22,53100.0,31,24,False
9877,2959,2024-02-02,64400.0,19,11,False
9878,5407,2023-02-21,39000.0,17,11,False
9879,5936,2022-12-17,23500.0,25,11,False
9880,6647,2023-09-14,43400.0,17,36,False
9881,5416,2024-06-20,21600.0,21,12,False
9882,665,2025-12-27,30400.0,12,12,False
9883,5604,2025-09-30,13100.0,36,12,False
9884,773,2026-04-22,64300.0,37,11,False
9885,6927,2024-12-14,22500.0,15,12,False
9886,1839,2025-09-13,34700.0,9,11,False
9887,5274,2024-01-30,65900.0,70,11,False
9888,3042,2025-01-10,19400.0,38,36,False
9889,4615,2023-12-20,7000.0,32,12,False
9890,3509,2023-03-01,23100.0,26,12,False
9891,256,2022-09-16,20900.0,25,12,False
9892,5380,2023-05-10,40700.0,22,11,False
9893,3911,2025-02-05,17000.0,0,11,False
9894,1918,2024-05-08,36900.0,10,11,False
9895,2819,2026-06-18,67100.0,22,12,False
9896,2682,2025-11-03,29200.0,38,12,False
9897,5107,2023-06-30,44900.0,25,12,False
9898,6283,2026-04-01,34400.0,27,11,False
9899,7948,2024-08-25,65500.0,11,24,False
9900,4215,2023-05-30,22400.0,12,11,False
9901,3075,2023-11-18,62000.0,46,24,False
9902,4620,2026-02-07,34800.0,48,11,False
9903,3822,2025-02-21,27200.0,16,11,False
9904,1272,2024-07-20,15100.0,25,11,False
9905,6097,2026-03-22,19200.0,35,12,False
9906,6782,2025-07-06,33600.0,30,11,False
9907,5476,2023-02-16,35300.0,22,11,False
9908,6515,2022-10-17,50700.0,13,24,False
9909,1029,2022-12-10,39500.0,10,12,False
9910,4416,2025-01-05,27900.0,22,11,False
9911,1544,2023-03-31,40500.0,45,11,False
9912,2003,2026-03-11,21200.0,24,11,False
9913,2563,2023-03-12,34600.0,42,11,False
9914,4866,2024-03-28,22200.0,3,36,False
9915,2741,2024-12-25,26300.0,17,11,False
9916,7465,2023-10-14,18200.0,22,24,False
9917,1008,2025-11-06,20800.0,24,11,False
9918,4384,2023-06-09,59500.0,31,24,False
9919,256,2024-06-21,21200.0,29,12,False
9920,4257,2023-10-06,37700.0,27,11,False
9921,4818,2024-06-03,17200.0,18,12,False
9922,6617,2026-07-01,8300.0,35,11,False
9923,6961,2023-04-03,48800.0,4,11,False
9924,7116,2023-10-08,37100.0,31,12,False
9925,5081,2022-12-18,22300.0,13,11,False
9926,7734,2023-02-20,14400.0,34,12,False
9927,6580,2023-10-06,22600.0,7,11,False
9928,5845,2025-10-31,38100.0,40,11,False
9929,4556,2023-05-09,43800.0,22,11,False
9930,257,2024-05-01,55600.0,28,12,False
9931,1028,2024-01-15,29000.0,3,11,False
9932,6634,2026-01-21,22700.0,10,11,False
9933,1794,2023-05-03,53800.0,57,11,False
9934,7847,2023-06-10,20200.0,13,11,False
9935,2628,2022-12-24,42900.0,12,12,False
9936,3999,2024-04-15,40500.0,29,11,False
9937,3068,2024-01-21,23800.0,25,11,False
9938,2866,2024-09-03,26200.0,27,11,False
9939,3853,2024-04-22,47500.0,28,12,False
9940,4483,2023-03-20,31200.0,49,11,False
9941,3466,2024-06-12,34300.0,28,11,False
9942,99,2023-12-17,29400.0,17,12,False
9943,197,2023-03-26,32100.0,51,12,False
9944,2585,2024-06-17,20600.0,0,11,False
9945,895,2023-03-10,19700.0,34,11,False
9946,7547,2022-11-07,15700.0,13,12,False
9947,1910,2023-08-08,38100.0,17,11,False
9948,6903,2025-02-24,37400.0,28,36,False
9949,2724,2024-07-11,32000.0,10,11,False
9950,1419,2022-11-11,49600.0,21,11,False
9951,2468,2024-06-14,21000.0,41,12,False
9952,578,2023-11-21,22000.0,24,11,False
9953,2695,2022-08-31,15400.0,23,12,False
9954,7396,2026-03-11,22900.0,48,11,False
9955,1091,2024-01-22,4600.0,4,36,False
9956,425,2025-08-17,34600.0,32,11,False
9957,2950,2026-01-01,43200.0,11,11,False
9958,1232,2025-05-17,34000.0,23,24,False
9959,553,2024-05-18,38200.0,8,36,False
9960,4260,2024-08-01,21200.0,28,11,False
9961,3724,2024-05-03,31600.0,39,36,False
9962,7426,2022-08-24,43200.0,33,11,False
9963,1251,2024-06-25,26900.0,9,11,False
9964,3248,2022-12-09,36200.0,19,11,False
9965,781,2022-12-01,35100.0,32,12,False
9966,6587,2023-05-06,43300.0,16,24,False
9967,3742,2025-06-04,40100.0,10,11,False
9968,5926,2022-12-31,23800.0,33,11,False
9969,6659,2024-03-01,25400.0,25,11,False
9970,665,2026-02-10,32300.0,21,12,False
9971,6968,2025-01-10,22100.0,6,12,False
9972,2500,2025-11-15,34400.0,55,12,False
9973,6017,2026-07-09,19800.0,7,12,False
9974,221,2024-02-04,37000.0,0,36,False
9975,3751,2025-10-25,44400.0,25,24,False
9976,4377,2024-12-06,28700.0,17,11,False
9977,4506,2023-07-21,30000.0,32,11,False
9978,2626,2025-06-02,20800.0,21,11,False
9979,5638,2023-07-23,34700.0,41,11,False
9980,1034,2025-02-24,29600.0,31,11,False
9981,2096,2024-02-12,30700.0,13,11,False
9982,7158,2024-10-01,53100.0,40,24,False
9983,4078,2025-07-27,36500.0,0,11,False
9984,5055,2025-06-08,56100.0,48,11,False
9985,5011,2026-07-04,28500.0,12,11,False
9986,7604,2026-02-12,29400.0,10,11,False
9987,4411,2024-04-22,19400.0,13,11,False
9988,3091,2024-07-11,44300.0,6,12,False
9989,3767,2022-11-09,73300.0,33,11,True
9990,1474,2024-05-27,47800.0,19,11,False
9991,4290,2023-10-27,21200.0,24,11,False
9992,3082,2023-03-20,37800.0,34,24,False
9993,7847,2023-01-25,20700.0,34,12,False
9994,581,2024-09-29,30100.0,35,12,False
9995,1363,2022-10-05,39400.0,18,12,False
9996,4860,2023-09-20,16100.0,39,12,False
9997,7234,2024-03-20,24200.0,0,11,False
9998,4096,2023-09-11,32100.0,30,11,False
9999,5752,2025-08-19,22200.0,24,11,False
10000,3209,2025-10-08,34700.0,31,11,False
