expense_id,property_id,date,property_tax,maintenance,insurance,management_cost,renovation_cost
1,7271,2025-05-08,25530.0,4010.0,10210.0,2540.0,300000
2,7604,2024-11-23,24830.0,5680.0,9930.0,2230.0,0
3,861,2025-02-06,22650.0,2900.0,9060.0,2670.0,300000
4,5391,2024-09-07,22070.0,4240.0,8830.0,2720.0,150000
5,5227,2024-10-28,30500.0,3820.0,12200.0,3330.0,0
6,5192,2025-05-21,30730.0,3990.0,12290.0,4100.0,300000
7,3773,2024-10-14,23620.0,3820.0,9450.0,2350.0,50000
8,3093,2024-09-29,31230.0,3090.0,12490.0,3090.0,150000
9,5735,2024-09-13,33970.0,4020.0,13590.0,3740.0,0
10,6266,2026-03-19,25710.0,3700.0,10290.0,2360.0,300000
11,467,2025-01-23,21930.0,3590.0,8770.0,2260.0,300000
12,5335,2025-07-05,24020.0,3110.0,9610.0,3420.0,0
13,4427,2025-10-17,41730.0,4540.0,16690.0,4850.0,0
14,5579,2026-02-25,30370.0,3870.0,12150.0,3330.0,0
15,6232,2024-12-12,24360.0,5030.0,9740.0,4150.0,50000
16,3445,2025-01-20,21910.0,2620.0,8760.0,2100.0,0
17,3172,2026-06-26,26230.0,6280.0,10490.0,4060.0,300000
18,2920,2024-08-24,9230.0,1670.0,3690.0,940.0,0
19,7832,2025-05-05,25100.0,5870.0,10040.0,3460.0,0
20,131,2026-02-22,23620.0,4670.0,9450.0,3690.0,0
21,1686,2025-05-07,28370.0,4920.0,11350.0,3060.0,0
22,7477,2024-10-11,34820.0,4770.0,13930.0,5860.0,0
23,770,2026-04-24,9160.0,1590.0,3670.0,1140.0,0
24,2392,2025-12-16,11570.0,2920.0,4630.0,1490.0,0
25,5612,2025-11-16,29280.0,6760.0,11710.0,3340.0,0
26,7582,2025-01-30,25770.0,2410.0,10310.0,2370.0,0
27,6950,2026-07-05,44150.0,8870.0,17660.0,4270.0,50000
28,2434,2025-01-02,22810.0,4150.0,9120.0,2250.0,300000
29,5312,2026-04-11,23380.0,3990.0,9350.0,2740.0,0
30,5052,2024-10-10,27140.0,5610.0,10860.0,3480.0,300000
31,6421,2026-04-02,25220.0,3790.0,10090.0,3010.0,0
32,1185,2026-06-02,17730.0,2680.0,7090.0,2470.0,300000
33,4556,2024-12-16,23460.0,2300.0,9390.0,3350.0,0
34,3386,2026-05-21,20800.0,3610.0,8320.0,1900.0,300000
35,4118,2024-08-24,34410.0,5050.0,13760.0,2520.0,50000
36,6397,2026-07-28,18060.0,4440.0,7220.0,2620.0,0
37,4844,2026-04-02,30300.0,4280.0,12120.0,3010.0,300000
38,2905,2025-10-04,28160.0,3530.0,11260.0,2740.0,50000
39,7729,2024-10-19,18570.0,1810.0,7430.0,2120.0,50000
40,475,2025-07-28,18570.0,3650.0,7430.0,2310.0,0
41,1083,2024-09-09,30400.0,5390.0,12160.0,3180.0,300000
42,2559,2025-10-13,27870.0,4870.0,11150.0,2380.0,300000
43,7850,2026-01-03,30230.0,4950.0,12090.0,3700.0,0
44,2048,2025-01-02,34540.0,3720.0,13820.0,3840.0,0
45,7644,2025-08-10,34770.0,4250.0,13910.0,4910.0,50000
46,2748,2025-12-04,20840.0,2300.0,8340.0,2460.0,50000
47,976,2026-03-18,43450.0,8380.0,17380.0,4410.0,300000
48,1807,2025-07-18,17620.0,2890.0,7050.0,1700.0,0
49,190,2025-04-21,21660.0,4230.0,8660.0,2920.0,300000
50,7102,2025-08-16,15500.0,1690.0,6200.0,780.0,50000
51,2735,2025-04-16,29520.0,3890.0,11810.0,3740.0,150000
52,3006,2025-11-25,26960.0,4890.0,10790.0,3500.0,50000
53,4659,2025-07-04,29140.0,6440.0,11660.0,3780.0,300000
54,1900,2025-06-05,16250.0,2490.0,6500.0,1700.0,0
55,7735,2024-11-16,28610.0,6520.0,11440.0,1430.0,0
56,1268,2024-10-16,17280.0,2180.0,6910.0,1380.0,0
57,6976,2025-07-14,27910.0,4990.0,11160.0,2840.0,50000
58,1529,2026-01-23,18360.0,4600.0,7350.0,1980.0,0
59,3203,2026-02-11,22270.0,4730.0,8910.0,2940.0,300000
60,3557,2026-08-15,10210.0,2350.0,4080.0,850.0,300000
61,3891,2025-02-23,27870.0,4780.0,11150.0,3540.0,0
62,647,2024-11-06,30120.0,8860.0,12050.0,3830.0,300000
63,6165,2026-04-23,23740.0,2390.0,9490.0,2040.0,0
64,2889,2025-05-09,27090.0,4610.0,10830.0,2750.0,50000
65,6311,2025-03-16,38060.0,3900.0,15220.0,2720.0,300000
66,5394,2026-07-12,24840.0,3000.0,9940.0,3700.0,150000
67,2436,2026-04-28,22970.0,4040.0,9190.0,3380.0,0
68,601,2026-05-24,26300.0,4450.0,10520.0,2820.0,0
69,2364,2026-06-02,32360.0,7190.0,12940.0,3980.0,50000
70,2062,2025-04-21,27750.0,3190.0,11100.0,3140.0,150000
71,242,2026-07-27,28040.0,3660.0,11220.0,2770.0,150000
72,2042,2025-10-31,48160.0,4630.0,19260.0,5620.0,50000
73,2825,2024-12-31,23670.0,2510.0,9470.0,2820.0,300000
74,7514,2026-07-06,20650.0,4590.0,8260.0,1880.0,50000
75,2613,2024-10-12,26540.0,2680.0,10620.0,3060.0,50000
76,7042,2024-12-03,19580.0,3860.0,7830.0,2340.0,0
77,1364,2025-09-16,17360.0,2910.0,6940.0,2050.0,0
78,6236,2026-07-13,37570.0,3520.0,15030.0,5280.0,0
79,5487,2025-08-23,17620.0,3340.0,7050.0,2330.0,300000
80,7100,2024-08-29,15320.0,3690.0,6130.0,1620.0,150000
81,1479,2024-10-27,23380.0,2690.0,9350.0,1530.0,0
82,7596,2024-12-29,24200.0,2950.0,9680.0,2400.0,0
83,2557,2026-01-02,16850.0,2810.0,6740.0,1780.0,50000
84,776,2025-05-03,24450.0,3050.0,9780.0,2170.0,0
85,4015,2025-03-06,29750.0,2950.0,11900.0,3000.0,150000
86,35,2025-03-07,24750.0,3440.0,9900.0,2300.0,0
87,6350,2025-07-12,11490.0,2630.0,4600.0,960.0,150000
88,3153,2025-01-04,26770.0,5950.0,10710.0,3280.0,0
89,1956,2024-12-18,12390.0,2730.0,4960.0,1250.0,150000
90,1586,2025-02-27,28340.0,4910.0,11340.0,2680.0,50000
91,3944,2026-03-28,27590.0,7410.0,11040.0,2840.0,300000
92,7556,2024-11-06,34010.0,7680.0,13600.0,4180.0,50000
93,3074,2026-01-27,44090.0,6730.0,17640.0,4850.0,50000
94,1022,2025-03-29,30850.0,4510.0,12340.0,3820.0,0
95,3462,2025-11-20,23170.0,2120.0,9270.0,2800.0,0
96,2614,2025-10-10,42130.0,4800.0,16850.0,4280.0,0
97,5226,2025-01-10,20980.0,4500.0,8390.0,2140.0,0
98,3844,2024-09-18,28470.0,5130.0,11390.0,3250.0,0
99,7990,2025-06-30,13660.0,3110.0,5470.0,1380.0,50000
100,1501,2026-01-30,17350.0,2250.0,6940.0,2020.0,0
101,4799,2024-12-01,23560.0,2350.0,9420.0,1960.0,50000
102,6546,2025-04-03,20630.0,4230.0,8250.0,2980.0,300000
103,6874,2026-07-30,40220.0,8120.0,16090.0,5500.0,0
104,5676,2025-02-26,17990.0,3230.0,7190.0,1940.0,300000
105,162,2025-06-30,21950.0,3490.0,8780.0,1830.0,0
106,4298,2025-04-10,28680.0,4850.0,11470.0,2330.0,0
107,1982,2026-03-22,37720.0,3960.0,15090.0,4260.0,300000
108,996,2024-10-07,19440.0,4400.0,7780.0,2660.0,150000
109,6414,2024-12-26,23160.0,5440.0,9260.0,2260.0,0
110,4912,2024-09-29,28470.0,4880.0,11390.0,3390.0,0
111,3343,2025-09-09,22120.0,4740.0,8850.0,3090.0,0
112,4552,2024-12-26,51590.0,9420.0,20640.0,6220.0,50000
113,7630,2025-04-09,20910.0,4130.0,8360.0,2340.0,50000
114,3799,2024-12-08,27310.0,5550.0,10920.0,3160.0,300000
115,1276,2025-10-21,18220.0,1460.0,7290.0,2180.0,0
116,1017,2025-07-14,12690.0,2440.0,5070.0,1150.0,0
117,7870,2025-10-11,29660.0,3740.0,11870.0,3580.0,150000
118,6440,2024-11-23,22900.0,4750.0,9160.0,1430.0,0
119,7893,2026-03-05,16040.0,3090.0,6410.0,1550.0,300000
120,6864,2025-01-08,35920.0,5400.0,14370.0,3910.0,0
121,7917,2024-09-11,37510.0,4920.0,15010.0,4160.0,0
122,338,2025-12-10,28520.0,8270.0,11410.0,3920.0,0
123,879,2026-06-29,26920.0,4440.0,10770.0,3260.0,0
124,1077,2025-10-30,15540.0,2750.0,6220.0,1710.0,300000
125,4888,2024-11-15,16130.0,2890.0,6450.0,1930.0,150000
126,3994,2025-01-25,23010.0,2230.0,9210.0,2880.0,300000
127,6361,2025-12-31,25750.0,3820.0,10300.0,3640.0,50000
128,4860,2026-05-12,11180.0,2060.0,4470.0,1340.0,0
129,6332,2026-06-21,27180.0,4520.0,10870.0,2850.0,300000
130,380,2024-10-18,19430.0,2150.0,7770.0,2070.0,0
131,493,2026-04-01,26500.0,3790.0,10600.0,2650.0,150000
132,7209,2026-04-24,24430.0,2260.0,9770.0,1770.0,50000
133,5277,2024-12-11,20210.0,4160.0,8080.0,1600.0,300000
134,2063,2026-01-27,15660.0,3570.0,6270.0,1580.0,150000
135,3885,2026-08-12,15060.0,2770.0,6020.0,1680.0,50000
136,65,2024-10-30,15080.0,1970.0,6030.0,1590.0,300000
137,2569,2025-09-27,29770.0,7970.0,11910.0,4000.0,50000
138,5464,2026-03-11,26580.0,4010.0,10630.0,4060.0,300000
139,5249,2025-04-29,20610.0,2680.0,8240.0,1740.0,0
140,2028,2024-10-19,34740.0,5590.0,13900.0,4020.0,150000
141,2696,2026-06-15,20540.0,2070.0,8220.0,1760.0,0
142,1496,2025-09-18,30870.0,6200.0,12350.0,2820.0,150000
143,7231,2026-05-17,25570.0,3880.0,10230.0,2910.0,0
144,5259,2026-01-07,24190.0,2330.0,9680.0,3300.0,300000
145,5619,2026-06-29,13440.0,2470.0,5380.0,1320.0,0
146,6737,2024-12-12,20370.0,3830.0,8150.0,2420.0,300000
147,392,2024-11-14,35400.0,6890.0,14160.0,3820.0,150000
148,5795,2025-04-16,25770.0,5550.0,10310.0,3420.0,0
149,4515,2025-01-23,26750.0,5530.0,10700.0,3140.0,0
150,6433,2024-10-21,16290.0,2640.0,6520.0,1390.0,300000
151,4475,2026-01-11,9020.0,1740.0,3610.0,920.0,300000
152,5893,2025-01-24,26590.0,3190.0,10630.0,2820.0,50000
153,3562,2025-11-17,36970.0,7230.0,14790.0,3950.0,150000
154,2279,2025-05-02,17940.0,1670.0,7180.0,1220.0,150000
155,7162,2024-09-07,14300.0,2710.0,5720.0,1550.0,50000
156,6185,2025-03-19,16380.0,1930.0,6550.0,1730.0,0
157,3100,2026-05-30,14800.0,2110.0,5920.0,1290.0,50000
158,6279,2025-11-17,16020.0,2200.0,6410.0,1790.0,50000
159,201,2026-05-05,29880.0,5700.0,11950.0,2570.0,0
160,5960,2026-02-03,11900.0,2530.0,4760.0,1700.0,300000
161,4876,2026-05-11,16840.0,3700.0,6740.0,1860.0,150000
162,7074,2024-10-26,13750.0,2880.0,5500.0,2090.0,50000
163,3105,2026-04-15,22280.0,4780.0,8910.0,2730.0,0
164,7216,2025-05-16,17200.0,3100.0,6880.0,1800.0,0
165,4599,2025-02-02,24150.0,3300.0,9660.0,2860.0,150000
166,2455,2025-06-08,35520.0,4720.0,14210.0,3330.0,0
167,3646,2025-11-28,18990.0,2670.0,7590.0,2150.0,0
168,5848,2025-07-06,11160.0,2460.0,4470.0,1250.0,0
169,805,2025-12-09,15190.0,2710.0,6080.0,1610.0,150000
170,6243,2025-09-03,24900.0,4080.0,9960.0,2210.0,0
171,2732,2026-07-18,21160.0,3150.0,8470.0,2030.0,150000
172,5992,2024-11-04,18980.0,3820.0,7590.0,2190.0,0
173,2774,2025-07-24,10520.0,2440.0,4210.0,1340.0,0
174,1571,2024-11-11,26210.0,3890.0,10480.0,2780.0,0
175,5057,2026-01-30,39560.0,7470.0,15820.0,3780.0,50000
176,7907,2026-05-20,11950.0,2810.0,4780.0,1330.0,0
177,6757,2025-04-05,19670.0,1820.0,7870.0,2300.0,0
178,5582,2025-10-26,20220.0,4210.0,8090.0,1610.0,150000
179,2691,2025-06-30,18000.0,3810.0,7200.0,2470.0,0
180,3841,2024-12-15,16630.0,2630.0,6650.0,1480.0,300000
181,1029,2026-06-25,25200.0,4650.0,10080.0,2940.0,0
182,7386,2025-02-20,22580.0,4140.0,9030.0,3100.0,0
183,503,2026-05-10,17300.0,2920.0,6920.0,1880.0,0
184,6911,2025-05-31,43860.0,8140.0,17550.0,5810.0,50000
185,4494,2025-04-07,28870.0,2890.0,11550.0,3470.0,150000
186,871,2025-10-24,38990.0,7920.0,15600.0,4180.0,300000
187,6939,2025-06-09,12960.0,1050.0,5180.0,1590.0,150000
188,4489,2025-08-10,14450.0,2910.0,5780.0,1080.0,50000
189,207,2026-06-28,34930.0,5180.0,13970.0,4050.0,150000
190,5135,2026-03-03,23440.0,3770.0,9380.0,2120.0,0
191,5978,2026-01-02,36130.0,4900.0,14450.0,2420.0,300000
192,7722,2026-04-05,15830.0,4120.0,6330.0,1400.0,150000
193,7036,2025-06-06,48720.0,8570.0,19490.0,4920.0,0
194,1485,2025-10-31,18950.0,1870.0,7580.0,2220.0,300000
195,7859,2025-07-14,25110.0,2220.0,10050.0,3160.0,0
196,7743,2026-01-21,41060.0,4520.0,16430.0,4460.0,150000
197,864,2024-12-14,32860.0,5700.0,13150.0,3340.0,150000
198,2791,2025-11-09,41620.0,6900.0,16650.0,4140.0,0
199,7409,2026-04-17,14960.0,2060.0,5980.0,1410.0,0
200,564,2024-09-26,19580.0,2250.0,7830.0,2730.0,0
201,5117,2025-11-15,21230.0,1740.0,8490.0,2650.0,0
202,4192,2024-11-14,22870.0,4440.0,9150.0,2430.0,0
203,6020,2024-11-15,37540.0,3960.0,15020.0,4540.0,0
204,1758,2024-11-27,21690.0,2360.0,8680.0,2230.0,50000
205,6629,2024-10-17,28620.0,4560.0,11450.0,3150.0,0
206,7575,2026-06-08,27290.0,4370.0,10920.0,2910.0,150000
207,6375,2026-07-11,55070.0,9380.0,22030.0,5610.0,0
208,6893,2025-08-12,13810.0,4230.0,5520.0,1590.0,0
209,1679,2025-03-26,30290.0,2790.0,12120.0,4610.0,150000
210,3243,2025-03-18,27030.0,4870.0,10810.0,3380.0,0
211,4637,2026-06-04,18880.0,2260.0,7550.0,2140.0,150000
212,1060,2025-09-20,27080.0,5200.0,10830.0,2890.0,150000
213,6669,2025-12-13,10720.0,1790.0,4290.0,1110.0,50000
214,5280,2026-03-27,29270.0,5610.0,11710.0,3970.0,0
215,1723,2025-02-03,17450.0,4190.0,6980.0,2300.0,150000
216,3315,2025-03-25,29370.0,4150.0,11750.0,2980.0,0
217,3158,2024-09-24,17150.0,1720.0,6860.0,1670.0,150000
218,5916,2024-11-26,16580.0,2550.0,6630.0,2160.0,0
219,2626,2026-01-31,13200.0,3040.0,5280.0,1620.0,0
220,2730,2025-07-23,23410.0,4500.0,9360.0,2500.0,0
221,6701,2024-08-21,24180.0,5300.0,9670.0,1820.0,50000
222,1598,2024-09-21,12130.0,2310.0,4850.0,1560.0,50000
223,3061,2026-06-20,27700.0,5780.0,11080.0,3420.0,0
224,2694,2025-10-06,25480.0,4080.0,10190.0,2260.0,0
225,4892,2025-08-07,24360.0,2710.0,9740.0,2270.0,50000
226,5148,2026-07-13,14130.0,2110.0,5650.0,1020.0,300000
227,5740,2025-11-21,32240.0,5300.0,12900.0,2580.0,0
228,3628,2025-06-19,31650.0,4350.0,12660.0,3470.0,0
229,1364,2025-02-01,17360.0,2600.0,6940.0,2050.0,0
230,7966,2024-11-18,26350.0,5050.0,10540.0,2610.0,0
231,1982,2024-11-21,37720.0,6150.0,15090.0,4260.0,150000
232,5451,2025-04-06,20010.0,2210.0,8000.0,3260.0,0
233,1664,2026-07-11,34730.0,5170.0,13890.0,3940.0,150000
234,1530,2026-06-21,30580.0,4130.0,12230.0,2390.0,0
235,2039,2026-04-18,19410.0,3790.0,7760.0,2060.0,0
236,7516,2025-07-15,22490.0,3470.0,9000.0,2390.0,150000
237,5593,2024-11-08,20910.0,3950.0,8360.0,2190.0,50000
238,3303,2025-06-04,27500.0,5390.0,11000.0,2600.0,150000
239,2238,2026-06-20,38130.0,4050.0,15250.0,4930.0,0
240,7393,2025-07-02,13380.0,2240.0,5350.0,1530.0,0
241,5505,2026-05-16,23910.0,3490.0,9570.0,2430.0,300000
242,5497,2026-07-13,36160.0,7060.0,14460.0,4570.0,300000
243,1307,2024-10-06,29510.0,4540.0,11800.0,3280.0,150000
244,4030,2025-06-09,21900.0,2480.0,8760.0,2100.0,0
245,6777,2026-08-13,27170.0,5890.0,10870.0,1830.0,50000
246,2676,2024-09-25,25380.0,4420.0,10150.0,2700.0,150000
247,5069,2025-03-01,32210.0,4040.0,12880.0,2700.0,300000
248,5865,2025-04-23,15130.0,2130.0,6050.0,1700.0,0
249,1283,2025-09-24,27650.0,3220.0,11060.0,2360.0,0
250,7527,2025-12-28,28290.0,3520.0,11310.0,3390.0,0
251,710,2026-02-16,21630.0,6200.0,8650.0,1190.0,50000
252,5576,2025-09-05,16270.0,3390.0,6510.0,2390.0,50000
253,5531,2025-12-09,24480.0,4600.0,9790.0,2580.0,0
254,4745,2026-03-16,35060.0,4740.0,14030.0,4220.0,150000
255,4414,2026-03-27,27480.0,3150.0,10990.0,3240.0,300000
256,3749,2025-03-01,45770.0,8640.0,18310.0,4460.0,150000
257,7393,2024-11-26,13380.0,3130.0,5350.0,1530.0,0
258,7987,2025-04-25,28200.0,4880.0,11280.0,2860.0,300000
259,5354,2026-06-08,19780.0,3460.0,7910.0,1740.0,0
260,4780,2026-02-05,9570.0,2640.0,3830.0,1060.0,0
261,664,2026-02-15,19680.0,4420.0,7870.0,2470.0,50000
262,1999,2025-08-27,27890.0,4240.0,11160.0,2580.0,0
263,7995,2025-03-20,12820.0,3530.0,5130.0,1620.0,50000
264,3446,2025-05-04,13240.0,2160.0,5300.0,1450.0,50000
265,3744,2025-08-21,13730.0,3550.0,5490.0,2120.0,50000
266,5728,2025-10-01,23860.0,3150.0,9550.0,2390.0,300000
267,1496,2026-08-12,30870.0,5210.0,12350.0,2820.0,0
268,3305,2025-03-21,34860.0,7440.0,13940.0,2810.0,150000
269,3764,2024-11-04,35070.0,5460.0,14030.0,3900.0,300000
270,5233,2025-06-19,21410.0,4490.0,8560.0,1880.0,0
271,1854,2026-05-27,22670.0,3750.0,9070.0,1800.0,50000
272,5617,2025-08-14,16340.0,2570.0,6540.0,1270.0,0
273,6586,2025-06-18,23450.0,3570.0,9380.0,2270.0,0
274,4660,2026-07-12,21060.0,2140.0,8420.0,3120.0,0
275,1292,2025-07-10,25410.0,3850.0,10160.0,2550.0,300000
276,3582,2026-07-30,26400.0,3180.0,10560.0,1920.0,0
277,7975,2026-07-13,27700.0,3230.0,11080.0,3260.0,0
278,3458,2025-04-26,17660.0,2660.0,7070.0,2210.0,0
279,7555,2024-12-22,27400.0,3920.0,10960.0,2520.0,0
280,7281,2026-04-23,22340.0,4010.0,8940.0,2540.0,0
281,1637,2024-10-25,36450.0,5650.0,14580.0,4060.0,150000
282,3697,2025-07-25,43620.0,5400.0,17450.0,5770.0,0
283,3000,2025-09-17,25600.0,6020.0,10240.0,2280.0,50000
284,3153,2025-01-21,26770.0,7330.0,10710.0,3280.0,50000
285,699,2024-12-30,25730.0,7230.0,10290.0,3500.0,150000
286,2161,2024-10-15,38580.0,8770.0,15430.0,3930.0,150000
287,4098,2025-05-23,15460.0,3180.0,6180.0,1880.0,150000
288,4738,2025-09-16,27300.0,4330.0,10920.0,3910.0,50000
289,6364,2024-11-06,14580.0,2940.0,5830.0,1710.0,50000
290,5686,2025-06-16,31550.0,2640.0,12620.0,4080.0,0
291,855,2025-05-16,21950.0,5900.0,8780.0,2500.0,300000
292,5856,2026-04-30,31160.0,4420.0,12460.0,3520.0,0
293,7393,2025-05-31,13380.0,3310.0,5350.0,1530.0,0
294,6529,2025-03-24,29470.0,3820.0,11790.0,4320.0,0
295,3475,2026-07-24,19210.0,2710.0,7680.0,1690.0,0
296,5758,2025-09-08,14680.0,3140.0,5870.0,2620.0,0
297,5250,2025-04-25,32580.0,6890.0,13030.0,3640.0,50000
298,5173,2026-02-15,30740.0,4130.0,12290.0,2840.0,150000
299,1708,2025-10-24,29980.0,5080.0,11990.0,3790.0,150000
300,2778,2026-06-21,22480.0,4080.0,8990.0,2470.0,300000
301,5792,2024-10-04,20990.0,2750.0,8400.0,2300.0,0
302,1734,2025-03-18,20410.0,4720.0,8160.0,2740.0,50000
303,5536,2025-12-09,11670.0,3510.0,4670.0,1110.0,300000
304,6391,2025-05-21,12870.0,1750.0,5150.0,1350.0,150000
305,4932,2026-08-09,37540.0,5540.0,15020.0,4090.0,0
306,3511,2026-02-17,30570.0,5570.0,12230.0,3200.0,50000
307,203,2025-09-28,34850.0,6260.0,13940.0,3620.0,50000
308,3256,2025-07-02,17120.0,3790.0,6850.0,1410.0,0
309,4219,2026-01-11,11590.0,2610.0,4630.0,1340.0,50000
310,4497,2025-03-28,14530.0,1260.0,5810.0,1290.0,0
311,767,2026-04-08,34020.0,5670.0,13610.0,3250.0,150000
312,4390,2024-12-30,23720.0,3050.0,9490.0,2460.0,150000
313,2328,2025-05-08,26870.0,4800.0,10750.0,2990.0,300000
314,2932,2025-01-01,17620.0,5010.0,7050.0,1750.0,150000
315,7778,2026-05-20,34290.0,5050.0,13720.0,3110.0,50000
316,198,2025-11-28,55320.0,5690.0,22130.0,3780.0,0
317,7126,2024-08-27,25320.0,5750.0,10130.0,1350.0,0
318,1931,2024-08-31,21570.0,3560.0,8630.0,1700.0,0
319,3583,2024-11-26,13170.0,3530.0,5270.0,1580.0,0
320,6896,2024-10-18,32660.0,7950.0,13060.0,3220.0,300000
321,6288,2025-01-19,26290.0,6720.0,10510.0,3210.0,0
322,609,2024-12-30,13340.0,1710.0,5330.0,1060.0,0
323,3273,2026-06-23,32550.0,3670.0,13020.0,3960.0,50000
324,1148,2026-05-04,13800.0,3650.0,5520.0,1490.0,0
325,4283,2025-04-15,24100.0,3380.0,9640.0,2810.0,50000
326,3398,2026-07-10,30400.0,5840.0,12160.0,3360.0,0
327,2512,2025-06-09,37800.0,4480.0,15120.0,2920.0,50000
328,7517,2025-08-24,16420.0,2070.0,6570.0,1900.0,150000
329,1795,2024-10-30,12140.0,1820.0,4850.0,1680.0,300000
330,660,2025-11-20,17410.0,3670.0,6960.0,2350.0,0
331,2812,2024-08-26,29600.0,4980.0,11840.0,4110.0,300000
332,7099,2025-09-24,28160.0,4440.0,11260.0,1500.0,50000
333,6052,2026-07-25,26920.0,4210.0,10770.0,3140.0,0
334,6547,2026-02-01,31150.0,4030.0,12460.0,3180.0,300000
335,1370,2025-07-26,26350.0,4550.0,10540.0,2630.0,300000
336,1987,2024-12-10,32180.0,3850.0,12870.0,4040.0,0
337,5631,2024-11-10,35860.0,5280.0,14340.0,4680.0,0
338,147,2025-11-24,31930.0,4350.0,12770.0,2960.0,0
339,3220,2025-04-03,29030.0,5140.0,11610.0,3700.0,0
340,2912,2024-11-12,28710.0,4040.0,11480.0,3650.0,0
341,1735,2024-12-21,103350.0,5140.0,41340.0,4470.0,0
342,1844,2026-03-03,25490.0,3000.0,10200.0,3100.0,0
343,489,2025-05-20,18710.0,2460.0,7480.0,2450.0,0
344,2977,2024-11-18,17990.0,3210.0,7190.0,1780.0,0
345,1960,2025-05-19,39910.0,4360.0,15960.0,5300.0,300000
346,5760,2025-11-22,25780.0,4960.0,10310.0,3680.0,0
347,6695,2025-02-11,26900.0,4750.0,10760.0,2420.0,0
348,2386,2026-01-19,32890.0,4590.0,13160.0,3350.0,50000
349,2920,2026-08-02,9230.0,1740.0,3690.0,940.0,300000
350,4737,2024-09-05,24310.0,5440.0,9720.0,2180.0,0
351,1803,2024-10-27,20080.0,4030.0,8030.0,2340.0,300000
352,6617,2026-05-13,5820.0,1350.0,2330.0,700.0,0
353,6066,2025-12-26,27760.0,7210.0,11100.0,2790.0,0
354,6295,2026-03-18,16890.0,3080.0,6760.0,2320.0,150000
355,5535,2025-07-02,22020.0,2580.0,8810.0,2540.0,0
356,4062,2025-11-07,23130.0,5470.0,9250.0,2190.0,0
357,3370,2026-07-02,24130.0,4680.0,9650.0,2710.0,300000
358,5731,2025-11-10,17380.0,2130.0,6950.0,1680.0,0
359,263,2025-12-20,32300.0,2840.0,12920.0,2620.0,300000
360,5884,2025-07-28,14220.0,4230.0,5690.0,1430.0,0
361,6288,2025-03-14,26290.0,5410.0,10510.0,3210.0,50000
362,6490,2026-04-03,17220.0,2400.0,6890.0,2500.0,150000
363,624,2025-09-17,34900.0,6940.0,13960.0,5180.0,300000
364,1017,2024-12-20,12690.0,1350.0,5070.0,1150.0,0
365,3644,2026-01-26,16520.0,2530.0,6610.0,1620.0,0
366,4977,2025-02-03,19400.0,3440.0,7760.0,1850.0,50000
367,2050,2026-04-24,11540.0,1990.0,4620.0,1320.0,300000
368,7041,2024-12-13,25710.0,4330.0,10290.0,2860.0,50000
369,5424,2025-04-09,21140.0,3520.0,8460.0,1780.0,300000
370,6398,2025-08-31,24610.0,3430.0,9850.0,2910.0,150000
371,3724,2025-02-20,19360.0,3950.0,7750.0,2400.0,300000
372,4549,2025-05-19,20170.0,3500.0,8070.0,2180.0,0
373,3109,2025-07-01,20010.0,3100.0,8000.0,1770.0,150000
374,5280,2026-03-28,29270.0,3030.0,11710.0,3970.0,150000
375,4091,2025-01-22,36460.0,5370.0,14580.0,3460.0,0
376,7159,2025-12-18,39960.0,5170.0,15980.0,5020.0,0
377,2057,2025-08-31,22710.0,2300.0,9080.0,2780.0,0
378,7401,2025-06-01,12480.0,2170.0,4990.0,1740.0,0
379,3171,2025-07-14,27300.0,4090.0,10920.0,2630.0,50000
380,1683,2025-10-19,26100.0,3820.0,10440.0,3100.0,300000
381,6960,2024-10-09,32570.0,6700.0,13030.0,4120.0,50000
382,2256,2026-02-16,25540.0,2970.0,10210.0,3210.0,0
383,1155,2025-11-08,30840.0,7180.0,12340.0,3720.0,0
384,4500,2026-05-02,39010.0,5980.0,15600.0,5440.0,300000
385,6296,2025-04-07,39940.0,3930.0,15980.0,4330.0,50000
386,6198,2025-04-12,28950.0,5540.0,11580.0,3600.0,0
387,3192,2024-11-01,26460.0,4880.0,10590.0,3260.0,0
388,1697,2026-03-20,25530.0,5080.0,10210.0,3210.0,0
389,3992,2025-06-28,32740.0,4990.0,13100.0,4580.0,0
390,4724,2026-01-11,24790.0,2330.0,9920.0,2770.0,300000
391,4683,2026-03-22,40970.0,5930.0,16390.0,4770.0,300000
392,1649,2025-04-03,27870.0,6590.0,11150.0,2820.0,0
393,5540,2025-12-04,15640.0,2850.0,6260.0,1680.0,0
394,1446,2026-06-16,27850.0,5650.0,11140.0,3090.0,50000
395,4200,2024-11-12,26470.0,2770.0,10590.0,2980.0,50000
396,3924,2025-11-25,12860.0,2750.0,5140.0,1400.0,150000
397,254,2025-03-19,26140.0,5620.0,10460.0,2720.0,150000
398,7395,2025-03-03,41850.0,7250.0,16740.0,5380.0,300000
399,3184,2024-11-27,36200.0,6980.0,14480.0,4450.0,0
400,2558,2026-07-22,6860.0,1360.0,2740.0,980.0,0
401,5593,2025-02-24,20910.0,4050.0,8360.0,2190.0,0
402,99,2025-05-19,30020.0,4260.0,12010.0,2240.0,0
403,2201,2026-07-12,19490.0,3300.0,7790.0,1980.0,300000
404,5981,2025-10-17,47570.0,9220.0,19030.0,6150.0,0
405,2962,2025-01-12,25570.0,6870.0,10230.0,3890.0,50000
406,6016,2026-03-21,11450.0,2430.0,4580.0,1020.0,300000
407,4974,2025-04-23,16530.0,2420.0,6610.0,1590.0,0
408,4434,2024-10-25,23910.0,5250.0,9560.0,3380.0,150000
409,3778,2026-06-26,11620.0,2020.0,4650.0,970.0,0
410,2870,2025-09-22,32870.0,5020.0,13150.0,3360.0,0
411,3235,2026-01-22,13170.0,1600.0,5270.0,1220.0,300000
412,3792,2025-01-06,36230.0,6380.0,14490.0,4470.0,150000
413,957,2026-04-13,35450.0,6460.0,14180.0,4220.0,50000
414,5801,2026-05-20,23490.0,5550.0,9400.0,2720.0,0
415,4068,2025-10-24,26850.0,3350.0,10740.0,3480.0,150000
416,161,2026-03-22,18190.0,3320.0,7280.0,2300.0,0
417,5700,2024-09-04,22370.0,3420.0,8950.0,2670.0,0
418,6945,2026-02-07,15380.0,3700.0,6150.0,1500.0,0
419,4494,2025-03-04,28870.0,5570.0,11550.0,3470.0,150000
420,1301,2025-07-15,12310.0,2780.0,4920.0,1420.0,150000
421,4912,2026-07-30,28470.0,5620.0,11390.0,3390.0,0
422,3988,2025-07-27,41620.0,4490.0,16650.0,4140.0,0
423,1528,2026-07-06,18300.0,4070.0,7320.0,2140.0,50000
424,6016,2024-12-09,11450.0,2300.0,4580.0,1020.0,300000
425,5512,2024-09-05,29170.0,3700.0,11670.0,4430.0,300000
426,5255,2026-05-18,29670.0,4630.0,11870.0,1620.0,300000
427,1219,2025-08-17,10350.0,2030.0,4140.0,900.0,50000
428,4497,2025-07-19,14530.0,1620.0,5810.0,1290.0,50000
429,4736,2026-07-27,47510.0,5850.0,19010.0,5040.0,0
430,3105,2025-03-24,22280.0,4980.0,8910.0,2730.0,0
431,2736,2026-08-13,43790.0,6210.0,17520.0,5030.0,0
432,4556,2026-07-13,23460.0,2930.0,9390.0,3350.0,150000
433,955,2025-12-31,22840.0,5340.0,9130.0,1700.0,300000
434,4566,2026-03-22,21480.0,1430.0,8590.0,1700.0,0
435,3447,2026-06-24,23160.0,3390.0,9260.0,2220.0,0
436,1046,2024-09-26,31750.0,4400.0,12700.0,3900.0,0
437,6894,2025-08-17,15950.0,3960.0,6380.0,1440.0,0
438,1694,2025-09-19,37440.0,5870.0,14980.0,4360.0,50000
439,6182,2026-07-17,18270.0,2970.0,7310.0,2100.0,0
440,6374,2025-02-07,20940.0,5350.0,8370.0,2860.0,300000
441,3437,2024-11-07,42200.0,8070.0,16880.0,4930.0,0
442,563,2026-08-03,14900.0,2590.0,5960.0,1780.0,0
443,2486,2025-09-06,34160.0,5860.0,13660.0,4520.0,50000
444,5896,2025-07-13,29530.0,3990.0,11810.0,3840.0,150000
445,3355,2025-04-27,30630.0,3930.0,12250.0,3750.0,0
446,6171,2025-03-04,36430.0,6040.0,14570.0,5200.0,0
447,226,2025-05-11,26530.0,3920.0,10610.0,2400.0,0
448,7445,2026-06-16,26770.0,4340.0,10710.0,2900.0,0
449,4894,2025-05-31,35290.0,5980.0,14120.0,3700.0,0
450,7777,2026-06-07,27700.0,5000.0,11080.0,2790.0,50000
451,6428,2025-12-06,12630.0,2200.0,5050.0,1140.0,0
452,7023,2026-01-07,20820.0,4920.0,8330.0,2900.0,150000
453,960,2026-07-27,19430.0,2950.0,7770.0,1660.0,0
454,5601,2024-11-08,23210.0,3940.0,9280.0,1590.0,300000
455,4549,2025-09-01,20170.0,2710.0,8070.0,2180.0,0
456,3068,2025-09-06,19780.0,2490.0,7910.0,1810.0,50000
457,7997,2026-03-07,19550.0,2710.0,7820.0,1130.0,0
458,816,2026-04-18,25610.0,6090.0,10240.0,2140.0,300000
459,4755,2025-11-03,22100.0,3270.0,8840.0,2850.0,50000
460,7684,2025-02-19,20310.0,2190.0,8130.0,1960.0,0
461,4643,2025-10-03,32320.0,4670.0,12930.0,3950.0,50000
462,5312,2025-12-06,23380.0,5540.0,9350.0,2740.0,0
463,3121,2024-11-24,29320.0,6210.0,11730.0,2230.0,50000
464,7680,2026-02-05,30340.0,5810.0,12130.0,3160.0,300000
465,17,2026-06-19,25190.0,2210.0,10080.0,2840.0,0
466,7340,2025-12-07,24820.0,2750.0,9930.0,3780.0,0
467,1244,2024-11-09,33720.0,4530.0,13490.0,2940.0,0
468,2206,2026-03-31,16540.0,1990.0,6610.0,1870.0,0
469,2525,2025-05-12,48150.0,6970.0,19260.0,4670.0,300000
470,1070,2026-05-29,31800.0,7500.0,12720.0,4140.0,150000
471,3445,2026-03-17,21910.0,4760.0,8760.0,2100.0,300000
472,2566,2025-02-14,28530.0,4000.0,11410.0,4390.0,0
473,6243,2025-02-15,24900.0,4700.0,9960.0,2210.0,50000
474,5865,2024-11-05,15130.0,1640.0,6050.0,1700.0,0
475,1061,2026-06-21,15610.0,2610.0,6240.0,2380.0,300000
476,2328,2025-07-30,26870.0,3700.0,10750.0,2990.0,50000
477,3421,2025-10-09,33620.0,3130.0,13450.0,3900.0,0
478,6641,2025-09-14,24350.0,5940.0,9740.0,1980.0,0
479,302,2024-12-04,21050.0,2750.0,8420.0,3030.0,0
480,4277,2026-08-02,31120.0,4680.0,12450.0,2940.0,0
481,607,2026-06-13,11800.0,2200.0,4720.0,1250.0,0
482,3171,2026-06-13,27300.0,4510.0,10920.0,2630.0,300000
483,700,2024-11-01,41470.0,8250.0,16590.0,5980.0,0
484,5089,2025-07-26,42330.0,9430.0,16930.0,5210.0,150000
485,1140,2026-05-29,35500.0,4050.0,14200.0,4340.0,0
486,191,2025-11-16,16420.0,1630.0,6570.0,1390.0,50000
487,2301,2024-09-25,10610.0,1370.0,4240.0,1680.0,300000
488,981,2026-03-25,16410.0,3420.0,6560.0,1620.0,150000
489,2976,2026-07-05,25250.0,3350.0,10100.0,2150.0,0
490,6103,2026-06-13,29040.0,3080.0,11620.0,3000.0,300000
491,1185,2025-07-26,17730.0,2430.0,7090.0,2470.0,50000
492,3328,2026-01-02,40750.0,6750.0,16300.0,3820.0,0
493,3395,2025-10-31,27160.0,3330.0,10860.0,2800.0,0
494,128,2025-02-07,18610.0,2580.0,7440.0,2420.0,0
495,2066,2025-02-01,20130.0,4210.0,8050.0,2220.0,0
496,1817,2026-03-02,20610.0,2550.0,8250.0,2260.0,150000
497,5855,2025-11-08,22080.0,6230.0,8830.0,2070.0,0
498,6710,2026-03-31,11350.0,2000.0,4540.0,1320.0,0
499,570,2026-01-06,29980.0,3950.0,11990.0,2360.0,0
500,5443,2026-02-06,39760.0,4780.0,15900.0,4580.0,0
501,1896,2026-06-21,32580.0,4140.0,13030.0,3550.0,0
502,2734,2026-06-02,29070.0,5160.0,11630.0,2160.0,300000
503,3864,2025-11-30,36960.0,5190.0,14780.0,5150.0,150000
504,4722,2026-06-09,15600.0,3780.0,6240.0,1590.0,50000
505,7456,2025-01-24,35100.0,5260.0,14040.0,4230.0,150000
506,4015,2025-02-18,29750.0,5260.0,11900.0,3000.0,50000
507,2902,2024-12-31,33770.0,5660.0,13510.0,2870.0,0
508,1687,2025-05-24,27500.0,4620.0,11000.0,2630.0,50000
509,3010,2026-01-12,25640.0,2080.0,10250.0,2180.0,50000
510,7807,2024-09-28,34110.0,5130.0,13640.0,3560.0,150000
511,155,2025-04-04,27190.0,4690.0,10870.0,3860.0,150000
512,2538,2025-04-24,30910.0,7210.0,12360.0,3740.0,50000
513,1410,2024-10-12,45940.0,4620.0,18370.0,4970.0,0
514,4058,2024-09-17,12050.0,1950.0,4820.0,1130.0,0
515,785,2025-10-18,23310.0,3770.0,9320.0,2220.0,300000
516,3176,2025-06-04,27440.0,3230.0,10980.0,2840.0,0
517,7561,2024-11-17,20900.0,2150.0,8360.0,2780.0,300000
518,7979,2026-07-24,27140.0,2360.0,10860.0,3700.0,0
519,4342,2025-09-15,40720.0,4370.0,16290.0,3910.0,0
520,7344,2026-04-23,26590.0,6710.0,10640.0,2420.0,50000
521,7207,2025-03-07,28260.0,4150.0,11300.0,3110.0,0
522,5597,2025-03-22,25440.0,3600.0,10180.0,2300.0,150000
523,5802,2025-08-15,42740.0,5950.0,17100.0,4780.0,0
524,2807,2026-04-03,25440.0,2910.0,10180.0,2830.0,0
525,538,2025-08-24,61840.0,8280.0,24730.0,7500.0,0
526,5987,2025-12-12,32230.0,4890.0,12890.0,2260.0,0
527,1842,2026-04-03,21660.0,2810.0,8660.0,2100.0,300000
528,5017,2024-09-07,27220.0,5910.0,10890.0,2220.0,0
529,2456,2025-02-15,21440.0,5910.0,8570.0,1440.0,0
530,525,2026-06-10,18410.0,2630.0,7360.0,2210.0,0
531,6972,2025-06-22,30730.0,3590.0,12290.0,4480.0,0
532,5626,2024-08-30,18430.0,2240.0,7370.0,1420.0,300000
533,2951,2025-08-10,14140.0,2410.0,5660.0,1810.0,0
534,7993,2025-07-21,29360.0,7270.0,11740.0,2740.0,0
535,4132,2025-02-20,39590.0,7600.0,15840.0,2530.0,300000
536,4781,2025-11-25,30160.0,5690.0,12060.0,3860.0,0
537,4116,2026-06-21,35200.0,4820.0,14080.0,4380.0,0
538,2369,2026-03-18,30140.0,3680.0,12050.0,2840.0,300000
539,3848,2025-07-04,23820.0,2380.0,9530.0,2440.0,300000
540,6656,2025-05-02,28170.0,6340.0,11270.0,2220.0,150000
541,4496,2025-05-25,33580.0,5930.0,13430.0,2810.0,150000
542,2702,2025-02-23,24500.0,5870.0,9800.0,2910.0,150000
543,972,2026-02-22,38700.0,5860.0,15480.0,4100.0,0
544,6003,2026-01-06,41870.0,7680.0,16750.0,5730.0,0
545,6615,2025-04-04,25110.0,5860.0,10040.0,2620.0,300000
546,1167,2025-04-24,17250.0,3960.0,6900.0,1100.0,50000
547,5212,2025-10-14,18910.0,3380.0,7560.0,1860.0,0
548,7522,2025-02-15,17740.0,4910.0,7090.0,2050.0,0
549,4930,2025-09-12,10480.0,2060.0,4190.0,1360.0,0
550,5920,2025-08-22,32210.0,6450.0,12880.0,3600.0,0
551,2775,2025-10-08,24030.0,3350.0,9610.0,3030.0,50000
552,1983,2025-04-01,30780.0,3500.0,12310.0,3320.0,0
553,854,2025-09-22,35170.0,6520.0,14070.0,4600.0,0
554,4147,2024-08-22,38420.0,7420.0,15370.0,4320.0,0
555,3737,2024-12-26,30880.0,5130.0,12350.0,2900.0,0
556,3770,2024-08-29,27570.0,3320.0,11030.0,3320.0,50000
557,575,2025-11-09,26190.0,4220.0,10480.0,2160.0,0
558,3262,2025-06-23,30660.0,6390.0,12260.0,2420.0,150000
559,1149,2025-05-31,25890.0,3960.0,10360.0,2660.0,0
560,6294,2025-01-13,19520.0,3320.0,7810.0,1670.0,300000
561,6458,2026-01-18,43080.0,6220.0,17230.0,6330.0,0
562,6714,2025-08-17,33130.0,8010.0,13250.0,3530.0,0
563,7510,2025-12-18,14280.0,4420.0,5710.0,1710.0,0
564,6449,2026-01-03,29290.0,3790.0,11720.0,3840.0,0
565,1716,2025-11-12,16200.0,3560.0,6480.0,1800.0,150000
566,4778,2025-10-06,11260.0,2440.0,4500.0,1310.0,0
567,4934,2024-11-24,9490.0,1560.0,3800.0,1220.0,0
568,3855,2025-12-22,17490.0,3820.0,7000.0,2130.0,0
569,5174,2025-07-31,34640.0,6020.0,13860.0,4280.0,300000
570,7147,2024-11-20,29930.0,6320.0,11970.0,3030.0,300000
571,2492,2025-01-23,16760.0,1490.0,6700.0,2020.0,50000
572,2661,2025-03-26,16950.0,2050.0,6780.0,1840.0,50000
573,7137,2025-12-13,33890.0,7810.0,13560.0,3780.0,0
574,6408,2026-06-03,29600.0,5930.0,11840.0,4820.0,0
575,3125,2024-12-08,26290.0,4860.0,10510.0,2350.0,0
576,5692,2026-01-06,21960.0,4600.0,8790.0,2880.0,300000
577,3052,2025-03-17,22020.0,2700.0,8810.0,2550.0,0
578,7788,2026-06-23,31860.0,2240.0,12750.0,3270.0,0
579,5,2025-11-27,16780.0,1860.0,6710.0,1730.0,0
580,5223,2025-07-29,19650.0,4930.0,7860.0,1370.0,0
581,5316,2025-02-11,27030.0,5050.0,10810.0,3340.0,150000
582,4870,2025-04-25,28730.0,4910.0,11490.0,3590.0,50000
583,877,2025-06-01,11570.0,1100.0,4630.0,1140.0,0
584,992,2025-11-10,35940.0,7150.0,14370.0,3780.0,50000
585,7028,2025-06-19,37780.0,8160.0,15110.0,2500.0,300000
586,7518,2025-05-19,25720.0,4460.0,10290.0,2220.0,0
587,4143,2025-05-06,19910.0,3250.0,7960.0,1790.0,300000
588,7011,2026-07-06,22650.0,2450.0,9060.0,2020.0,50000
589,6967,2024-10-05,15710.0,2640.0,6280.0,2050.0,0
590,7080,2025-12-01,29110.0,3490.0,11640.0,2370.0,300000
591,7988,2024-11-02,29330.0,3410.0,11730.0,3980.0,300000
592,6800,2025-11-16,12770.0,3370.0,5110.0,1020.0,150000
593,4365,2025-05-23,24080.0,2010.0,9630.0,1780.0,0
594,4466,2026-03-13,33330.0,5090.0,13330.0,4270.0,150000
595,636,2025-02-03,17140.0,3360.0,6860.0,2300.0,150000
596,5226,2024-11-20,20980.0,3140.0,8390.0,2140.0,150000
597,1694,2025-06-01,37440.0,6420.0,14980.0,4360.0,0
598,1683,2026-07-03,26100.0,6430.0,10440.0,3100.0,50000
599,4753,2024-10-22,30790.0,2230.0,12320.0,2990.0,0
600,120,2026-07-21,26910.0,3170.0,10760.0,2960.0,0
601,831,2025-11-17,29760.0,5850.0,11910.0,3570.0,150000
602,5907,2025-03-12,34780.0,3110.0,13910.0,3160.0,50000
603,3676,2024-11-03,43470.0,8320.0,17390.0,4940.0,300000
604,5178,2024-11-15,21870.0,5290.0,8750.0,2620.0,150000
605,6071,2024-12-07,19060.0,3820.0,7620.0,2300.0,0
606,1370,2026-03-11,26350.0,3880.0,10540.0,2630.0,300000
607,741,2025-04-23,19490.0,4200.0,7790.0,2060.0,300000
608,7642,2024-12-24,42180.0,5990.0,16870.0,4090.0,0
609,117,2025-04-13,25590.0,4810.0,10240.0,3120.0,300000
610,5950,2025-03-29,22850.0,4550.0,9140.0,2780.0,0
611,2839,2024-11-13,32760.0,7330.0,13100.0,3810.0,0
612,1151,2025-05-01,15210.0,3190.0,6080.0,1570.0,300000
613,7561,2025-01-18,20900.0,4240.0,8360.0,2780.0,0
614,1932,2025-03-31,17300.0,2970.0,6920.0,1940.0,0
615,1013,2025-11-25,24650.0,6320.0,9860.0,2790.0,150000
616,1665,2025-11-27,24050.0,5310.0,9620.0,2360.0,0
617,1082,2026-05-06,27450.0,5800.0,10980.0,2700.0,0
618,4730,2025-11-04,37380.0,5400.0,14950.0,4710.0,300000
619,513,2024-11-05,41250.0,6230.0,16500.0,2910.0,150000
620,7919,2025-09-06,17230.0,4860.0,6890.0,2260.0,150000
621,2850,2025-09-07,6440.0,600.0,2580.0,990.0,0
622,5216,2025-05-02,17510.0,2570.0,7000.0,2900.0,150000
623,7806,2024-12-22,28560.0,5460.0,11420.0,3180.0,300000
624,5238,2026-03-07,22330.0,2910.0,8930.0,2570.0,0
625,560,2024-08-20,12580.0,1780.0,5030.0,1120.0,50000
626,3673,2025-11-20,26950.0,3440.0,10780.0,2700.0,0
627,4584,2026-01-22,35530.0,5220.0,14210.0,5170.0,300000
628,7405,2025-11-08,16260.0,3580.0,6510.0,1770.0,300000
629,4993,2025-11-19,13550.0,2440.0,5420.0,1440.0,50000
630,3344,2025-06-03,16930.0,2320.0,6770.0,2240.0,0
631,5309,2024-09-28,45230.0,9030.0,18090.0,2690.0,0
632,4071,2025-08-08,21900.0,2290.0,8760.0,2100.0,150000
633,4800,2025-10-11,43850.0,6280.0,17540.0,4700.0,0
634,1471,2025-02-23,28700.0,4720.0,11480.0,3130.0,0
635,581,2026-03-03,20920.0,4040.0,8370.0,2500.0,150000
636,6934,2025-01-22,7300.0,1340.0,2920.0,880.0,300000
637,7005,2026-03-03,28890.0,5520.0,11560.0,3300.0,300000
638,2295,2024-08-23,38930.0,6030.0,15570.0,5190.0,300000
639,3148,2024-10-29,12320.0,2840.0,4930.0,940.0,0
640,4250,2025-08-10,33830.0,4650.0,13530.0,3940.0,0
641,1680,2024-12-29,28000.0,5130.0,11200.0,2070.0,300000
642,3507,2025-01-15,20080.0,3770.0,8030.0,2260.0,300000
643,5093,2025-08-27,20430.0,3860.0,8170.0,2250.0,300000
644,7254,2024-09-11,47340.0,4340.0,18940.0,5150.0,300000
645,2745,2025-05-02,36430.0,4770.0,14570.0,3520.0,0
646,3357,2024-11-09,29610.0,8220.0,11840.0,4250.0,150000
647,4046,2025-03-26,38270.0,3900.0,15310.0,3610.0,0
648,1244,2026-03-08,33720.0,6130.0,13490.0,2940.0,0
649,5189,2025-04-24,13290.0,1740.0,5310.0,1080.0,0
650,3119,2025-07-14,8800.0,2140.0,3520.0,820.0,0
651,5105,2025-06-21,37600.0,6980.0,15040.0,5440.0,0
652,2142,2026-07-29,26690.0,3620.0,10680.0,2930.0,0
653,5870,2024-11-09,18610.0,1980.0,7440.0,2250.0,150000
654,5054,2025-02-13,12880.0,3320.0,5150.0,1690.0,0
655,3060,2024-10-02,34250.0,5550.0,13700.0,3860.0,300000
656,4549,2024-12-16,20170.0,2890.0,8070.0,2180.0,0
657,5324,2024-08-21,36900.0,8190.0,14760.0,5080.0,150000
658,2960,2025-08-09,22570.0,6380.0,9030.0,1810.0,300000
659,2266,2025-12-28,11790.0,2960.0,4720.0,1490.0,0
660,6618,2025-10-01,35060.0,5980.0,14020.0,3620.0,0
661,2480,2025-04-09,16880.0,3080.0,6750.0,1900.0,150000
662,6485,2026-01-03,46320.0,5210.0,18530.0,4020.0,0
663,4647,2025-11-21,34900.0,3620.0,13960.0,2860.0,50000
664,1636,2025-04-11,14210.0,2920.0,5680.0,1900.0,0
665,5409,2026-01-09,26640.0,7190.0,10650.0,3440.0,300000
666,7422,2025-01-18,17530.0,3730.0,7010.0,1070.0,300000
667,1758,2024-10-05,21690.0,3750.0,8680.0,2230.0,50000
668,4453,2025-02-24,28650.0,3260.0,11460.0,3060.0,300000
669,2071,2025-06-13,24420.0,6310.0,9770.0,3510.0,150000
670,5882,2025-02-17,13680.0,2640.0,5470.0,1100.0,0
671,6666,2026-01-12,24430.0,5270.0,9770.0,1500.0,0
672,5878,2026-05-11,26040.0,5390.0,10420.0,2790.0,0
673,7268,2025-03-17,19460.0,3410.0,7780.0,1670.0,0
674,2850,2026-08-08,6440.0,1140.0,2580.0,990.0,0
675,3252,2025-02-13,23100.0,4030.0,9240.0,2180.0,0
676,7391,2025-09-24,17580.0,2300.0,7030.0,2470.0,50000
677,6906,2026-05-15,23170.0,2950.0,9270.0,2290.0,0
678,3731,2024-10-09,27560.0,7380.0,11020.0,1730.0,0
679,2490,2025-10-19,26490.0,6510.0,10600.0,3350.0,300000
680,1632,2025-09-09,27720.0,6740.0,11090.0,2340.0,0
681,2817,2026-01-25,14430.0,4180.0,5770.0,1670.0,0
682,1016,2026-04-25,23690.0,4620.0,9480.0,3230.0,0
683,1349,2025-06-21,32180.0,4660.0,12870.0,3800.0,150000
684,4612,2024-09-24,14980.0,4320.0,5990.0,1740.0,0
685,3088,2026-07-09,23940.0,5980.0,9580.0,2180.0,300000
686,2840,2026-01-11,32100.0,4350.0,12840.0,2550.0,50000
687,336,2026-08-06,15440.0,4570.0,6180.0,1580.0,50000
688,5879,2025-02-28,35050.0,8080.0,14020.0,4250.0,50000
689,6402,2025-05-17,14680.0,3150.0,5870.0,1980.0,0
690,4593,2026-04-01,21850.0,3410.0,8740.0,2100.0,150000
691,896,2026-07-01,12230.0,2060.0,4890.0,2110.0,150000
692,6304,2026-05-30,20620.0,2390.0,8250.0,2140.0,0
693,3547,2024-09-14,26700.0,6060.0,10680.0,4130.0,0
694,852,2025-05-01,23350.0,2200.0,9340.0,3330.0,300000
695,1688,2025-01-02,33320.0,3690.0,13330.0,3100.0,150000
696,1932,2025-10-06,17300.0,3320.0,6920.0,1940.0,0
697,6834,2025-01-16,25490.0,2100.0,10200.0,2870.0,300000
698,3747,2025-07-15,9570.0,1290.0,3830.0,1140.0,300000
699,2428,2025-10-06,26240.0,3770.0,10500.0,3500.0,0
700,1569,2025-08-25,25140.0,4300.0,10060.0,2370.0,50000
701,4001,2025-01-31,33860.0,3510.0,13540.0,4180.0,300000
702,5053,2026-04-09,33350.0,3720.0,13340.0,3310.0,150000
703,2739,2025-06-13,19830.0,3830.0,7930.0,2580.0,50000
704,3499,2024-11-13,15990.0,3220.0,6390.0,1550.0,50000
705,5733,2026-08-10,24210.0,4290.0,9680.0,3420.0,300000
706,5388,2025-10-29,25230.0,6490.0,10090.0,2670.0,0
707,7745,2025-10-16,16770.0,1570.0,6710.0,1860.0,0
708,5537,2026-08-02,36590.0,3710.0,14640.0,3330.0,0
709,5288,2026-02-07,21490.0,4080.0,8600.0,1790.0,50000
710,3914,2026-01-10,14790.0,2600.0,5920.0,2000.0,300000
711,1067,2024-10-05,24960.0,3720.0,9980.0,3070.0,0
712,7724,2025-07-26,17660.0,4150.0,7060.0,1880.0,0
713,4381,2025-04-19,29970.0,3460.0,11990.0,3260.0,300000
714,2445,2025-09-29,29390.0,6320.0,11760.0,3670.0,150000
715,4108,2024-10-26,19100.0,1750.0,7640.0,1550.0,50000
716,5727,2025-03-22,27780.0,2760.0,11110.0,3150.0,50000
717,3374,2024-11-21,35540.0,4670.0,14220.0,4610.0,150000
718,3970,2026-01-24,34350.0,7180.0,13740.0,3590.0,150000
719,7421,2025-01-26,25110.0,3430.0,10040.0,2780.0,0
720,2547,2026-04-05,25620.0,5730.0,10250.0,2920.0,0
721,754,2026-06-13,17370.0,1640.0,6950.0,1760.0,0
722,2083,2025-12-18,26260.0,6350.0,10500.0,3070.0,0
723,2775,2025-04-06,24030.0,2740.0,9610.0,3030.0,0
724,2897,2024-09-23,20240.0,2270.0,8100.0,3220.0,50000
725,4186,2025-01-24,25520.0,4080.0,10210.0,3080.0,300000
726,776,2025-11-25,24450.0,4290.0,9780.0,2170.0,300000
727,6749,2024-12-19,25830.0,5480.0,10330.0,3700.0,300000
728,7114,2026-05-26,33990.0,6430.0,13600.0,4590.0,50000
729,1626,2026-06-27,26380.0,4020.0,10550.0,3220.0,50000
730,3070,2026-04-21,12770.0,3030.0,5110.0,1280.0,0
731,418,2026-03-14,31660.0,5640.0,12660.0,2020.0,300000
732,115,2025-03-31,15430.0,2490.0,6170.0,2340.0,0
733,617,2025-06-04,15230.0,3260.0,6090.0,1530.0,0
734,3975,2026-06-19,18440.0,2710.0,7380.0,1600.0,50000
735,3268,2026-07-10,29900.0,5510.0,11960.0,2100.0,0
736,826,2025-08-04,6320.0,640.0,2530.0,800.0,150000
737,7669,2025-10-07,31940.0,5640.0,12780.0,3600.0,150000
738,5746,2026-07-16,45460.0,6540.0,18180.0,4340.0,150000
739,1517,2024-10-20,36710.0,4440.0,14680.0,4500.0,300000
740,3147,2025-05-01,22080.0,4140.0,8830.0,2730.0,0
741,413,2026-02-08,31220.0,3930.0,12490.0,4420.0,0
742,7544,2025-02-03,36170.0,6740.0,14470.0,3140.0,0
743,7588,2024-09-27,27300.0,3950.0,10920.0,2900.0,0
744,729,2026-01-14,17370.0,2950.0,6950.0,1940.0,50000
745,3349,2026-01-20,19000.0,5110.0,7600.0,2090.0,0
746,7165,2026-02-08,19880.0,3080.0,7950.0,1910.0,0
747,2809,2025-07-15,19900.0,3850.0,7960.0,1900.0,300000
748,676,2026-04-30,30460.0,5420.0,12180.0,3970.0,50000
749,3466,2025-07-19,17570.0,3930.0,7030.0,2700.0,0
750,5989,2026-04-21,23780.0,2590.0,9510.0,2320.0,300000
751,2505,2026-08-07,23940.0,4180.0,9570.0,2660.0,0
752,2968,2026-06-14,31340.0,6640.0,12540.0,3440.0,0
753,6336,2025-10-01,25710.0,4250.0,10280.0,3010.0,0
754,2787,2025-08-24,13310.0,2440.0,5320.0,1670.0,300000
755,7857,2026-05-23,42850.0,6570.0,17140.0,5130.0,0
756,1123,2024-10-31,21770.0,4680.0,8710.0,1980.0,0
757,4080,2025-08-28,15080.0,1690.0,6030.0,1700.0,300000
758,1572,2025-06-20,24260.0,5430.0,9700.0,1700.0,50000
759,5074,2026-06-03,26870.0,6460.0,10750.0,3250.0,0
760,5105,2025-11-13,37600.0,5600.0,15040.0,5440.0,50000
761,2144,2026-03-14,38070.0,4880.0,15230.0,3790.0,150000
762,1688,2025-11-12,33320.0,6620.0,13330.0,3100.0,50000
763,6807,2026-06-03,16080.0,1820.0,6430.0,1790.0,300000
764,7358,2025-07-03,44550.0,6130.0,17820.0,3860.0,50000
765,7904,2025-01-26,21910.0,2070.0,8770.0,2940.0,150000
766,4133,2025-03-26,22890.0,1820.0,9160.0,3170.0,150000
767,3852,2026-02-17,31010.0,5790.0,12410.0,5290.0,150000
768,3441,2025-10-27,22600.0,3630.0,9040.0,2340.0,300000
769,3767,2025-12-16,38110.0,9960.0,15240.0,5890.0,0
770,5645,2026-04-03,34000.0,4890.0,13600.0,4460.0,0
771,2327,2025-01-01,28140.0,4500.0,11260.0,3130.0,150000
772,6361,2024-11-22,25750.0,3110.0,10300.0,3640.0,0
773,2915,2025-01-16,38140.0,3340.0,15260.0,4950.0,150000
774,4969,2025-04-07,34110.0,4870.0,13640.0,4990.0,50000
775,5918,2024-11-15,11950.0,1600.0,4780.0,1320.0,300000
776,5393,2025-03-28,5200.0,1000.0,2080.0,800.0,0
777,3953,2026-07-22,24800.0,5380.0,9920.0,2790.0,300000
778,6206,2024-10-28,20350.0,5370.0,8140.0,1710.0,300000
779,596,2026-04-18,30890.0,3750.0,12360.0,2760.0,0
780,6000,2025-02-24,41080.0,6910.0,16430.0,4340.0,0
781,729,2025-06-20,17370.0,2640.0,6950.0,1940.0,50000
782,1366,2025-11-24,30240.0,6550.0,12100.0,3460.0,0
783,4493,2025-02-12,8160.0,2110.0,3260.0,870.0,0
784,699,2025-09-13,25730.0,7330.0,10290.0,3500.0,150000
785,7187,2026-07-02,17770.0,3040.0,7110.0,1950.0,150000
786,6321,2026-07-21,33030.0,5100.0,13210.0,1960.0,150000
787,5732,2026-02-01,25220.0,7330.0,10090.0,2060.0,0
788,396,2025-02-01,40450.0,5720.0,16180.0,3990.0,300000
789,6589,2024-10-11,30650.0,5960.0,12260.0,3860.0,300000
790,7401,2025-09-05,12480.0,1880.0,4990.0,1740.0,150000
791,4172,2025-01-11,16740.0,2380.0,6700.0,1910.0,150000
792,4361,2026-07-15,23900.0,4850.0,9560.0,3070.0,300000
793,2503,2026-08-10,34140.0,6510.0,13660.0,3950.0,0
794,1820,2025-10-13,33040.0,7970.0,13220.0,3690.0,0
795,718,2025-01-23,18100.0,2430.0,7240.0,2370.0,0
796,2783,2025-04-12,30940.0,5570.0,12370.0,3240.0,0
797,7552,2025-12-24,15210.0,3760.0,6080.0,1800.0,50000
798,7732,2026-03-02,19750.0,1730.0,7900.0,0.0,0
799,4947,2026-02-14,46550.0,6350.0,18620.0,7070.0,0
800,3578,2025-11-05,19480.0,4720.0,7790.0,2500.0,50000
801,5487,2025-08-10,17620.0,5590.0,7050.0,2330.0,300000
802,144,2026-03-29,24390.0,2590.0,9760.0,2750.0,0
803,4981,2024-09-20,18790.0,2790.0,7520.0,1850.0,300000
804,3141,2025-03-10,40310.0,3920.0,16120.0,4770.0,150000
805,7267,2025-07-24,30300.0,2830.0,12120.0,3540.0,300000
806,4492,2025-01-02,16100.0,3310.0,6440.0,1940.0,50000
807,7193,2026-06-21,7040.0,1340.0,2820.0,770.0,150000
808,7092,2026-06-21,41130.0,7950.0,16450.0,5530.0,300000
809,2939,2026-04-23,25910.0,5410.0,10370.0,2090.0,0
810,5589,2026-06-01,18380.0,3740.0,7350.0,1750.0,0
811,7652,2026-08-06,35860.0,5160.0,14340.0,4200.0,50000
812,3637,2026-05-20,14650.0,1850.0,5860.0,1380.0,0
813,3223,2025-02-17,25520.0,2330.0,10210.0,2660.0,0
814,1168,2024-08-23,29640.0,3370.0,11860.0,3550.0,0
815,2617,2026-03-16,27940.0,4140.0,11170.0,2870.0,150000
816,1063,2026-04-08,28730.0,5320.0,11490.0,2990.0,50000
817,2157,2025-06-16,23270.0,2680.0,9310.0,2670.0,150000
818,7861,2026-04-24,47390.0,7290.0,18950.0,5670.0,0
819,5162,2026-02-10,16490.0,2070.0,6600.0,1520.0,50000
820,5306,2024-09-06,18210.0,2900.0,7290.0,2050.0,300000
821,2983,2026-08-09,18690.0,4200.0,7470.0,2290.0,50000
822,6542,2026-01-11,25360.0,4710.0,10150.0,3020.0,50000
823,3295,2026-02-20,30520.0,4600.0,12210.0,3120.0,0
824,4730,2025-12-12,37380.0,3270.0,14950.0,4710.0,0
825,1157,2024-11-21,19460.0,4200.0,7780.0,1930.0,0
826,7331,2024-11-07,29360.0,4050.0,11740.0,3020.0,0
827,5335,2026-06-14,24020.0,3220.0,9610.0,3420.0,300000
828,733,2024-09-02,19960.0,2130.0,7980.0,1530.0,150000
829,4331,2025-11-10,19930.0,4440.0,7970.0,2260.0,0
830,6802,2025-03-09,23450.0,3020.0,9380.0,2630.0,0
831,4847,2026-04-27,26500.0,3370.0,10600.0,2980.0,0
832,6732,2025-08-22,22140.0,2720.0,8850.0,2890.0,50000
833,7177,2024-10-16,28240.0,3210.0,11300.0,3360.0,0
834,7242,2025-03-29,25900.0,6400.0,10360.0,2420.0,0
835,954,2025-08-28,42370.0,4530.0,16950.0,5490.0,0
836,2540,2024-10-09,24520.0,4020.0,9810.0,2940.0,0
837,7057,2026-06-10,22390.0,4750.0,8950.0,3340.0,150000
838,3325,2026-04-03,19790.0,2380.0,7920.0,1650.0,150000
839,3302,2024-12-20,17820.0,1580.0,7130.0,2120.0,150000
840,1543,2025-05-20,9760.0,1690.0,3910.0,1350.0,50000
841,5294,2026-04-05,33310.0,4970.0,13330.0,4090.0,0
842,5773,2025-02-20,27410.0,5720.0,10960.0,2830.0,300000
843,1192,2025-03-17,26110.0,6010.0,10440.0,2440.0,0
844,6314,2025-09-09,31270.0,3590.0,12510.0,3370.0,300000
845,5513,2026-02-18,30260.0,4340.0,12100.0,3670.0,300000
846,2994,2024-10-08,21750.0,5880.0,8700.0,2230.0,0
847,6939,2026-06-10,12960.0,2300.0,5180.0,1590.0,50000
848,2682,2026-03-12,21240.0,4420.0,8500.0,2270.0,0
849,1218,2026-02-04,52240.0,4490.0,20900.0,5500.0,150000
850,1541,2026-08-03,24950.0,3040.0,9980.0,2680.0,300000
851,6173,2024-10-15,26480.0,3910.0,10590.0,2480.0,50000
852,3237,2026-04-11,23880.0,4630.0,9550.0,1770.0,300000
853,5542,2024-09-01,30630.0,5960.0,12250.0,2890.0,150000
854,2387,2025-11-09,26000.0,3980.0,10400.0,1980.0,0
855,3720,2026-07-09,28260.0,2900.0,11300.0,3020.0,300000
856,5616,2026-02-12,21580.0,2640.0,8630.0,3150.0,0
857,1389,2026-06-14,21050.0,3140.0,8420.0,1970.0,300000
858,1857,2025-05-28,28470.0,3850.0,11390.0,2880.0,300000
859,1366,2026-04-15,30240.0,5330.0,12100.0,3460.0,50000
860,500,2024-10-12,20310.0,1830.0,8120.0,2640.0,50000
861,1681,2025-02-02,37080.0,7190.0,14830.0,4160.0,0
862,511,2025-01-28,20740.0,3690.0,8300.0,2300.0,0
863,7495,2025-04-23,13620.0,1920.0,5450.0,1460.0,0
864,4313,2026-04-20,23060.0,3880.0,9230.0,1770.0,0
865,1325,2025-11-01,15170.0,2290.0,6070.0,1670.0,0
866,1156,2026-04-27,15820.0,3190.0,6330.0,1920.0,0
867,1828,2025-02-24,30530.0,3480.0,12210.0,3860.0,0
868,3142,2025-02-04,21890.0,3500.0,8760.0,3130.0,0
869,7420,2024-11-25,24410.0,5780.0,9760.0,2860.0,50000
870,3487,2026-02-07,25420.0,4030.0,10170.0,2940.0,0
871,1811,2025-12-04,16850.0,2080.0,6740.0,2020.0,0
872,6589,2026-03-11,30650.0,3090.0,12260.0,3860.0,0
873,2924,2025-01-17,36950.0,4290.0,14780.0,2940.0,0
874,5302,2026-01-15,24720.0,5080.0,9890.0,2530.0,50000
875,2215,2026-05-02,19080.0,2930.0,7630.0,2630.0,0
876,4187,2025-02-12,26710.0,5020.0,10680.0,3590.0,0
877,714,2026-06-01,23190.0,2320.0,9280.0,2810.0,150000
878,5978,2025-08-03,36130.0,6340.0,14450.0,2420.0,0
879,3603,2026-07-23,30480.0,6040.0,12190.0,2060.0,50000
880,4135,2026-03-06,25890.0,5030.0,10360.0,2120.0,50000
881,7294,2025-06-28,13510.0,1830.0,5400.0,1140.0,0
882,3523,2026-02-03,22120.0,4540.0,8850.0,2320.0,300000
883,4269,2026-04-22,38980.0,6120.0,15590.0,3540.0,50000
884,4749,2024-11-03,19060.0,3080.0,7630.0,2470.0,50000
885,4850,2025-10-27,23660.0,2480.0,9470.0,2960.0,150000
886,1244,2026-02-14,33720.0,3490.0,13490.0,2940.0,300000
887,3710,2025-10-10,31700.0,5160.0,12680.0,5050.0,150000
888,1082,2025-06-22,27450.0,5770.0,10980.0,2700.0,300000
889,5780,2026-06-01,24170.0,5710.0,9670.0,1870.0,50000
890,6620,2024-12-18,17540.0,3510.0,7020.0,1830.0,0
891,456,2025-12-24,16350.0,2620.0,6540.0,2060.0,0
892,4925,2026-06-13,24310.0,5750.0,9730.0,2000.0,0
893,895,2025-07-08,20810.0,5560.0,8320.0,1540.0,300000
894,1385,2026-02-15,28220.0,4100.0,11290.0,3340.0,0
895,1959,2025-01-11,25810.0,3160.0,10330.0,2250.0,0
896,3073,2025-09-20,12530.0,3090.0,5010.0,1550.0,150000
897,6531,2026-01-13,11100.0,1570.0,4440.0,870.0,150000
898,1997,2025-12-25,23380.0,3800.0,9350.0,2460.0,50000
899,6492,2026-05-22,24380.0,2940.0,9750.0,2760.0,50000
900,4286,2025-02-05,48650.0,7440.0,19460.0,6210.0,300000
901,505,2025-03-16,22500.0,4940.0,9000.0,2830.0,300000
902,1215,2026-02-18,33110.0,3960.0,13240.0,3580.0,150000
903,1532,2024-09-17,36200.0,5430.0,14480.0,4090.0,0
904,3441,2026-05-27,22600.0,4990.0,9040.0,2340.0,0
905,7577,2024-12-17,25100.0,3410.0,10040.0,1790.0,150000
906,824,2026-07-18,16620.0,3850.0,6650.0,1430.0,0
907,929,2026-04-12,23400.0,2100.0,9360.0,3580.0,300000
908,5030,2025-12-15,30690.0,2830.0,12280.0,2940.0,0
909,5237,2024-08-25,27050.0,3500.0,10820.0,3220.0,300000
910,134,2026-01-19,12090.0,1550.0,4830.0,1230.0,0
911,2106,2026-06-09,29930.0,2290.0,11970.0,4240.0,50000
912,3628,2026-02-13,31650.0,4700.0,12660.0,3470.0,150000
913,4781,2025-11-21,30160.0,5010.0,12060.0,3860.0,0
914,6816,2025-12-22,24340.0,5970.0,9740.0,2750.0,300000
915,6317,2025-12-21,19600.0,3190.0,7840.0,2080.0,0
916,1853,2025-07-16,21200.0,4900.0,8480.0,2360.0,0
917,4911,2025-05-13,17830.0,3340.0,7130.0,1540.0,0
918,5269,2024-10-05,28360.0,5540.0,11340.0,1990.0,0
919,4176,2024-12-03,29390.0,5170.0,11760.0,3620.0,50000
920,2934,2026-02-13,31210.0,3280.0,12480.0,3230.0,0
921,3285,2026-06-18,27040.0,3320.0,10820.0,3450.0,300000
922,4299,2025-04-05,14970.0,3790.0,5990.0,1680.0,0
923,2812,2025-01-26,29600.0,6150.0,11840.0,4110.0,0
924,5349,2025-10-15,22260.0,5000.0,8900.0,2960.0,50000
925,5796,2026-08-09,31910.0,6520.0,12760.0,3820.0,0
926,1251,2025-01-14,20240.0,3700.0,8090.0,2210.0,50000
927,5779,2025-05-26,17130.0,2960.0,6850.0,2350.0,300000
928,5652,2026-02-07,12070.0,1630.0,4830.0,1680.0,150000
929,3513,2025-07-03,14110.0,2840.0,5640.0,1380.0,0
930,7570,2025-02-23,42370.0,7550.0,16950.0,3740.0,150000
931,6191,2025-02-25,32690.0,4110.0,13080.0,3810.0,0
932,1257,2025-01-09,22360.0,3290.0,8940.0,2430.0,0
933,3377,2024-09-10,17900.0,4350.0,7160.0,2140.0,50000
934,5646,2026-02-08,15500.0,3160.0,6200.0,2280.0,150000
935,5263,2025-05-15,37490.0,7590.0,14990.0,3530.0,0
936,3487,2024-08-19,25420.0,3080.0,10170.0,2940.0,300000
937,3585,2026-06-28,20350.0,3270.0,8140.0,2260.0,50000
938,1397,2024-12-30,26650.0,5070.0,10660.0,3140.0,150000
939,3638,2026-07-13,17030.0,3890.0,6810.0,1700.0,0
940,3331,2025-02-08,23820.0,4820.0,9530.0,2640.0,50000
941,2704,2025-10-20,20340.0,3750.0,8140.0,2450.0,0
942,471,2024-11-27,21870.0,4380.0,8750.0,2940.0,0
943,7115,2025-12-24,18620.0,4140.0,7450.0,2270.0,0
944,5132,2025-01-29,42170.0,4590.0,16870.0,4310.0,0
945,1354,2025-04-02,30110.0,6380.0,12040.0,2870.0,0
946,2784,2025-05-28,30660.0,4140.0,12260.0,3580.0,50000
947,2832,2026-07-24,31790.0,7240.0,12720.0,3510.0,0
948,5064,2025-05-16,28230.0,3430.0,11290.0,2800.0,50000
949,358,2025-06-25,40500.0,4280.0,16200.0,4060.0,0
950,3020,2024-09-05,29550.0,6520.0,11820.0,2880.0,300000
951,7576,2026-03-22,11520.0,3150.0,4610.0,1110.0,300000
952,668,2026-05-13,18750.0,3950.0,7500.0,1980.0,300000
953,4469,2024-09-20,7420.0,1540.0,2970.0,950.0,0
954,5128,2025-06-26,16770.0,2160.0,6710.0,2290.0,50000
955,1146,2025-04-04,24920.0,4790.0,9970.0,2080.0,0
956,5468,2024-09-26,29530.0,2720.0,11810.0,3050.0,0
957,6820,2026-02-17,33960.0,8190.0,13580.0,4380.0,0
958,4186,2026-03-07,25520.0,5090.0,10210.0,3080.0,300000
959,3720,2025-03-04,28260.0,6360.0,11300.0,3020.0,0
960,2746,2026-06-25,21490.0,3800.0,8590.0,2900.0,0
961,7484,2026-07-23,24120.0,3980.0,9650.0,2550.0,0
962,7346,2026-04-23,12160.0,2340.0,4870.0,1370.0,0
963,540,2025-03-27,28400.0,7340.0,11360.0,2460.0,150000
964,2780,2025-06-13,25220.0,5440.0,10090.0,2740.0,300000
965,4965,2025-05-15,22320.0,4270.0,8930.0,2770.0,0
966,4137,2025-04-18,41660.0,5240.0,16660.0,3640.0,150000
967,4836,2024-10-26,29440.0,3210.0,11780.0,1540.0,300000
968,3776,2025-12-16,15460.0,3550.0,6180.0,2190.0,0
969,6043,2024-12-08,44960.0,4140.0,17980.0,4700.0,0
970,6646,2025-02-04,21050.0,3090.0,8420.0,2540.0,50000
971,7103,2024-09-24,33000.0,6280.0,13200.0,3050.0,50000
972,7313,2026-08-09,9120.0,2640.0,3650.0,1160.0,150000
973,5321,2025-09-07,29480.0,3930.0,11790.0,3260.0,0
974,5025,2025-01-14,40560.0,8750.0,16220.0,4480.0,0
975,6133,2026-03-19,35050.0,8400.0,14020.0,4010.0,0
976,7892,2025-10-15,23610.0,4320.0,9440.0,2040.0,0
977,2509,2025-12-13,4810.0,920.0,1920.0,690.0,0
978,2780,2026-06-16,25220.0,3120.0,10090.0,2740.0,50000
979,6896,2025-03-02,32660.0,7290.0,13060.0,3220.0,300000
980,925,2025-03-23,12660.0,2860.0,5060.0,1190.0,0
981,2957,2025-04-15,23780.0,3320.0,9510.0,2250.0,50000
982,1582,2026-08-16,20910.0,3670.0,8360.0,2450.0,300000
983,7715,2024-09-18,40690.0,7490.0,16280.0,3080.0,50000
984,3325,2025-04-02,19790.0,1820.0,7920.0,1650.0,0
985,4486,2025-12-03,33780.0,3230.0,13510.0,3610.0,300000
986,5714,2024-12-22,24820.0,4530.0,9930.0,2690.0,0
987,7027,2025-11-13,34260.0,7320.0,13700.0,2900.0,0
988,256,2025-08-30,10920.0,1190.0,4370.0,1630.0,300000
989,4805,2026-05-18,40310.0,6700.0,16120.0,3520.0,0
990,1839,2024-09-02,27830.0,3400.0,11130.0,2630.0,300000
991,1945,2026-01-21,29540.0,3430.0,11820.0,2370.0,300000
992,6594,2026-07-27,9720.0,1920.0,3890.0,1320.0,0
993,10,2026-01-01,40370.0,4900.0,16150.0,4180.0,0
994,2872,2025-03-02,16810.0,4800.0,6730.0,1290.0,50000
995,798,2026-08-13,14100.0,3710.0,5640.0,940.0,150000
996,7410,2024-08-26,12870.0,2940.0,5150.0,1720.0,0
997,7419,2024-08-21,32450.0,3280.0,12980.0,4460.0,0
998,4973,2026-08-14,36360.0,7380.0,14540.0,4550.0,0
999,5125,2025-07-01,44820.0,5290.0,17930.0,4900.0,150000
1000,7287,2026-08-13,22980.0,3590.0,9190.0,2300.0,50000
1001,1016,2025-10-14,23690.0,4530.0,9480.0,3230.0,300000
1002,1825,2025-08-07,43210.0,4920.0,17280.0,4700.0,0
1003,4470,2025-10-29,21020.0,3340.0,8410.0,1440.0,0
1004,3137,2025-01-29,30160.0,4860.0,12060.0,3670.0,300000
1005,2194,2026-07-20,31190.0,6820.0,12470.0,2890.0,50000
1006,224,2025-06-30,21540.0,2840.0,8620.0,2740.0,300000
1007,5359,2025-02-23,20950.0,4550.0,8380.0,2150.0,150000
1008,6321,2026-06-15,33030.0,3920.0,13210.0,1960.0,0
1009,5899,2025-05-21,39560.0,8060.0,15820.0,3420.0,150000
1010,4949,2025-03-27,24280.0,2120.0,9710.0,2200.0,0
1011,7450,2026-08-01,26020.0,3800.0,10410.0,2910.0,0
1012,4159,2024-12-08,29270.0,8240.0,11710.0,3950.0,50000
1013,5337,2026-07-09,22410.0,3060.0,8960.0,2820.0,150000
1014,3926,2026-04-12,23880.0,4770.0,9550.0,2210.0,150000
1015,6971,2025-10-18,31980.0,7500.0,12790.0,3120.0,0
1016,6939,2026-04-17,12960.0,1690.0,5180.0,1590.0,150000
1017,4785,2025-09-05,29360.0,6520.0,11740.0,2580.0,50000
1018,5581,2026-03-23,36310.0,5780.0,14520.0,4950.0,0
1019,4001,2026-01-09,33860.0,5410.0,13540.0,4180.0,0
1020,1634,2025-07-01,34880.0,5780.0,13950.0,3050.0,0
1021,2153,2025-08-09,33720.0,6300.0,13490.0,3820.0,0
1022,7267,2026-04-02,30300.0,4470.0,12120.0,3540.0,50000
1023,511,2026-07-21,20740.0,3480.0,8300.0,2300.0,150000
1024,385,2025-10-17,7240.0,1280.0,2900.0,900.0,300000
1025,405,2026-04-25,28900.0,4100.0,11560.0,2510.0,0
1026,6967,2025-08-19,15710.0,2120.0,6280.0,2050.0,300000
1027,4614,2026-07-04,32940.0,6450.0,13180.0,3580.0,50000
1028,4572,2025-11-15,25860.0,4930.0,10340.0,2900.0,50000
1029,2001,2026-07-27,33950.0,4140.0,13580.0,3280.0,0
1030,2757,2025-01-03,17730.0,2140.0,7090.0,1640.0,50000
1031,1669,2025-05-09,24690.0,3420.0,9880.0,2820.0,0
1032,5990,2024-11-18,38340.0,5260.0,15330.0,4340.0,300000
1033,6915,2026-03-30,25840.0,4030.0,10340.0,2920.0,150000
1034,1461,2025-12-18,22820.0,4200.0,9130.0,2220.0,50000
1035,7191,2026-01-30,15820.0,2560.0,6330.0,1660.0,0
1036,7141,2025-04-06,24120.0,3280.0,9650.0,2410.0,0
1037,3637,2026-03-07,14650.0,1260.0,5860.0,1380.0,0
1038,2725,2025-12-23,21920.0,4010.0,8770.0,2650.0,0
1039,4810,2024-09-12,17320.0,3960.0,6930.0,1910.0,300000
1040,7626,2026-01-04,14630.0,2350.0,5850.0,1900.0,0
1041,4179,2025-07-19,17330.0,4430.0,6930.0,1680.0,0
1042,5265,2025-03-15,21850.0,4830.0,8740.0,2160.0,0
1043,7253,2024-10-08,50360.0,7460.0,20140.0,4750.0,0
1044,7246,2025-07-19,25070.0,5110.0,10030.0,3700.0,300000
1045,6601,2025-09-10,14750.0,2540.0,5900.0,1220.0,300000
1046,5998,2026-08-16,24440.0,2910.0,9780.0,2420.0,150000
1047,2049,2024-09-14,21230.0,2890.0,8490.0,1900.0,150000
1048,4147,2026-02-16,38420.0,3740.0,15370.0,4320.0,0
1049,4781,2025-03-31,30160.0,3200.0,12060.0,3860.0,0
1050,717,2025-07-20,35660.0,5650.0,14260.0,3940.0,50000
1051,7940,2024-10-04,31040.0,3470.0,12420.0,3750.0,50000
1052,5566,2025-02-25,28840.0,6160.0,11530.0,3600.0,300000
1053,4545,2025-05-17,21440.0,4950.0,8580.0,2700.0,0
1054,4977,2025-02-06,19400.0,4820.0,7760.0,1850.0,0
1055,4584,2025-12-28,35530.0,4780.0,14210.0,5170.0,0
1056,1824,2026-01-10,28320.0,3810.0,11330.0,3100.0,0
1057,2082,2025-03-03,27540.0,3780.0,11020.0,3520.0,50000
1058,3420,2026-04-09,57740.0,10490.0,23100.0,3950.0,0
1059,6239,2026-01-15,26290.0,3330.0,10520.0,2730.0,150000
1060,7240,2024-12-04,25490.0,4390.0,10200.0,3280.0,300000
1061,1575,2024-08-22,13590.0,2130.0,5440.0,1630.0,300000
1062,6298,2025-12-31,13260.0,1960.0,5300.0,1500.0,0
1063,250,2024-12-19,25930.0,5010.0,10370.0,2490.0,0
1064,674,2026-08-02,13770.0,2840.0,5510.0,1580.0,50000
1065,4534,2025-08-15,15130.0,2230.0,6050.0,1780.0,0
1066,2166,2025-12-02,18340.0,3610.0,7340.0,2170.0,50000
1067,771,2024-09-25,24960.0,4000.0,9980.0,2460.0,150000
1068,3963,2026-07-12,16920.0,3930.0,6770.0,1930.0,50000
1069,7474,2026-03-08,24050.0,5130.0,9620.0,1710.0,150000
1070,4364,2026-05-07,23160.0,4810.0,9260.0,2710.0,150000
1071,1985,2026-01-23,27330.0,3580.0,10930.0,2520.0,300000
1072,1078,2025-08-03,28270.0,5300.0,11310.0,2280.0,0
1073,236,2026-01-30,30600.0,4220.0,12240.0,2930.0,0
1074,389,2026-02-25,42810.0,3910.0,17120.0,3630.0,0
1075,3038,2026-03-24,18030.0,4380.0,7210.0,1940.0,300000
1076,7902,2025-12-16,24030.0,4310.0,9610.0,2850.0,150000
1077,4859,2026-04-11,14530.0,2080.0,5810.0,1510.0,150000
1078,1849,2025-05-18,25780.0,3340.0,10310.0,3210.0,150000
1079,6545,2024-09-30,19950.0,3840.0,7980.0,2180.0,300000
1080,4720,2026-01-16,34410.0,4240.0,13760.0,3190.0,150000
1081,2815,2026-03-17,28290.0,5870.0,11320.0,3800.0,50000
1082,3375,2026-01-27,27680.0,5790.0,11070.0,2680.0,0
1083,7063,2025-05-09,12440.0,2250.0,4980.0,1500.0,50000
1084,3279,2025-02-02,31320.0,4160.0,12530.0,3780.0,0
1085,1253,2024-12-26,17330.0,1960.0,6930.0,1850.0,0
1086,6997,2024-12-03,33490.0,6680.0,13400.0,4820.0,0
1087,3982,2025-02-12,28330.0,4050.0,11330.0,2150.0,50000
1088,4674,2024-11-25,27940.0,5210.0,11170.0,3720.0,0
1089,2123,2026-05-27,39060.0,9490.0,15620.0,3740.0,0
1090,4531,2024-10-23,7560.0,1760.0,3020.0,860.0,300000
1091,2151,2026-06-09,25030.0,3970.0,10010.0,3090.0,0
1092,7590,2025-03-16,31990.0,5930.0,12800.0,4350.0,0
1093,7872,2025-06-02,25900.0,4090.0,10360.0,2770.0,0
1094,4860,2026-07-20,11180.0,3380.0,4470.0,1340.0,0
1095,6882,2026-01-19,17580.0,2020.0,7030.0,1600.0,0
1096,6950,2025-09-03,44150.0,9730.0,17660.0,4270.0,0
1097,1330,2026-07-18,13010.0,1910.0,5200.0,1630.0,0
1098,6242,2024-12-19,40080.0,7500.0,16030.0,5500.0,300000
1099,6942,2026-06-17,22470.0,3950.0,8990.0,2670.0,0
1100,1359,2025-11-10,14860.0,3220.0,5940.0,1540.0,50000
1101,7003,2026-04-14,21550.0,2970.0,8620.0,2500.0,0
1102,2483,2024-10-16,6520.0,930.0,2610.0,500.0,50000
1103,4543,2025-03-06,24670.0,2670.0,9870.0,2940.0,300000
1104,2018,2025-01-18,9990.0,1600.0,4000.0,940.0,0
1105,1332,2025-09-26,14300.0,2830.0,5720.0,1060.0,0
1106,4345,2025-12-10,24830.0,3910.0,9930.0,2650.0,0
1107,4262,2025-12-05,25160.0,4250.0,10060.0,2900.0,300000
1108,7649,2026-04-17,29360.0,4750.0,11740.0,4240.0,0
1109,7128,2026-01-26,18230.0,3320.0,7290.0,1910.0,150000
1110,1359,2024-10-15,14860.0,1600.0,5940.0,1540.0,300000
1111,5116,2025-08-31,14060.0,3570.0,5620.0,1620.0,300000
1112,4638,2026-03-04,21780.0,3170.0,8710.0,3000.0,0
1113,4855,2025-06-11,10610.0,1450.0,4240.0,940.0,0
1114,3178,2026-01-15,25370.0,4730.0,10150.0,2060.0,0
1115,7731,2024-12-02,33910.0,8410.0,13560.0,4290.0,150000
1116,2129,2025-08-27,23320.0,4120.0,9330.0,1530.0,150000
1117,2181,2025-08-04,15990.0,2930.0,6390.0,2030.0,150000
1118,4893,2024-09-04,16290.0,1400.0,6520.0,1780.0,0
1119,7044,2026-01-17,31180.0,3650.0,12470.0,2390.0,0
1120,138,2026-01-24,38740.0,4290.0,15500.0,3150.0,0
1121,6328,2025-12-15,17720.0,2510.0,7090.0,1790.0,150000
1122,3473,2025-10-25,41990.0,7210.0,16800.0,3820.0,150000
1123,5450,2025-03-19,18860.0,1720.0,7540.0,2810.0,300000
1124,2833,2025-03-19,17590.0,2130.0,7040.0,1470.0,0
1125,3580,2026-01-10,26790.0,4930.0,10720.0,3060.0,0
1126,5972,2024-10-16,21190.0,2720.0,8480.0,2050.0,50000
1127,3032,2025-06-02,28480.0,4990.0,11390.0,3220.0,0
1128,4165,2025-02-05,26330.0,3670.0,10530.0,2820.0,150000
1129,2594,2025-12-03,20570.0,4440.0,8230.0,1860.0,150000
1130,7942,2026-01-31,22810.0,2480.0,9120.0,0.0,150000
1131,6197,2024-09-23,12320.0,2720.0,4930.0,1680.0,0
1132,5570,2024-12-09,24450.0,2890.0,9780.0,3420.0,0
1133,4301,2025-02-12,37500.0,6040.0,15000.0,4950.0,0
1134,6270,2025-07-08,23650.0,3880.0,9460.0,2600.0,300000
1135,3819,2024-11-09,15290.0,2270.0,6120.0,1160.0,300000
1136,4139,2025-01-21,22790.0,4910.0,9120.0,2500.0,50000
1137,3824,2024-12-11,39120.0,5380.0,15650.0,4940.0,0
1138,4043,2025-02-26,33600.0,5760.0,13440.0,4350.0,50000
1139,1907,2026-06-15,19840.0,2380.0,7940.0,2020.0,150000
1140,6255,2026-03-28,19490.0,2330.0,7800.0,2490.0,300000
1141,761,2026-08-01,28200.0,4870.0,11280.0,3240.0,300000
1142,7831,2025-07-04,32110.0,6110.0,12850.0,3100.0,150000
1143,7351,2025-03-18,33660.0,5780.0,13470.0,3520.0,0
1144,6992,2026-05-12,24940.0,2940.0,9980.0,2870.0,50000
1145,6239,2025-08-03,26290.0,6160.0,10520.0,2730.0,0
1146,6091,2025-03-02,27010.0,3970.0,10800.0,3010.0,0
1147,3446,2025-02-25,13240.0,3180.0,5300.0,1450.0,0
1148,6032,2025-09-16,28420.0,2790.0,11370.0,2380.0,50000
1149,7688,2024-11-07,19340.0,6200.0,7740.0,2180.0,300000
1150,900,2026-02-26,10390.0,1170.0,4160.0,1390.0,150000
1151,4456,2025-05-09,43370.0,3470.0,17350.0,3800.0,300000
1152,2948,2025-11-24,18100.0,2290.0,7240.0,1920.0,0
1153,1720,2025-12-08,29880.0,5200.0,11950.0,2100.0,150000
1154,281,2026-04-19,19370.0,5010.0,7750.0,1720.0,50000
1155,3267,2026-02-27,24450.0,2640.0,9780.0,2660.0,0
1156,1888,2026-07-19,34290.0,3820.0,13720.0,3140.0,300000
1157,3267,2025-05-17,24450.0,2400.0,9780.0,2660.0,0
1158,667,2024-10-18,26910.0,6250.0,10760.0,2950.0,0
1159,4189,2026-06-10,40070.0,7930.0,16030.0,4680.0,300000
1160,672,2024-11-30,19560.0,4500.0,7820.0,2420.0,150000
1161,1970,2025-08-27,12140.0,1640.0,4860.0,1530.0,0
1162,4157,2026-07-11,27390.0,4870.0,10950.0,2540.0,300000
1163,6778,2026-06-25,25960.0,4840.0,10380.0,2950.0,0
1164,3123,2025-11-06,38140.0,4440.0,15260.0,4810.0,50000
1165,7571,2024-11-28,21840.0,3400.0,8730.0,1840.0,0
1166,7957,2025-10-13,37770.0,3180.0,15110.0,4230.0,150000
1167,5125,2024-11-12,44820.0,8400.0,17930.0,4900.0,50000
1168,5586,2024-10-19,36810.0,4190.0,14720.0,4610.0,150000
1169,4700,2025-06-13,11490.0,2000.0,4600.0,1130.0,0
1170,4778,2026-07-26,11260.0,2900.0,4500.0,1310.0,150000
1171,3901,2025-08-28,32450.0,4860.0,12980.0,2670.0,50000
1172,6678,2024-10-22,16140.0,1900.0,6460.0,1280.0,0
1173,5525,2025-12-10,13550.0,1930.0,5420.0,1690.0,150000
1174,6982,2024-09-07,25050.0,3570.0,10020.0,2380.0,0
1175,7681,2025-05-01,34180.0,4140.0,13670.0,3570.0,0
1176,6789,2026-06-22,29510.0,9090.0,11800.0,2650.0,0
1177,6377,2025-11-23,31780.0,6700.0,12710.0,4020.0,0
1178,524,2025-01-29,33560.0,6080.0,13430.0,2420.0,150000
1179,2394,2024-10-03,27750.0,6050.0,11100.0,2690.0,0
1180,3118,2024-12-01,9820.0,2200.0,3930.0,1280.0,150000
1181,2594,2025-05-08,20570.0,3330.0,8230.0,1860.0,0
1182,1969,2025-05-16,23190.0,3070.0,9280.0,2090.0,0
1183,5198,2025-04-17,12540.0,1870.0,5020.0,1150.0,0
1184,1754,2025-11-03,37000.0,5590.0,14800.0,3620.0,50000
1185,5933,2025-05-09,19780.0,4310.0,7910.0,1850.0,0
1186,7241,2025-10-29,6780.0,1560.0,2710.0,700.0,0
1187,6938,2024-12-29,28850.0,6870.0,11540.0,3260.0,150000
1188,2297,2026-03-04,25140.0,3540.0,10060.0,2560.0,0
1189,6191,2026-08-07,32690.0,4890.0,13080.0,3810.0,50000
1190,5241,2026-02-18,22250.0,4320.0,8900.0,2580.0,50000
1191,2262,2025-04-13,42080.0,5970.0,16830.0,5610.0,0
1192,2287,2025-06-17,20360.0,3480.0,8140.0,2100.0,0
1193,5176,2024-08-21,32470.0,5150.0,12990.0,3280.0,0
1194,6494,2025-06-20,32800.0,6140.0,13120.0,4460.0,50000
1195,4203,2026-02-20,18900.0,4040.0,7560.0,2510.0,50000
1196,2879,2025-03-21,10770.0,2510.0,4310.0,1400.0,150000
1197,4144,2024-11-29,25190.0,2740.0,10080.0,2210.0,150000
1198,3645,2025-11-05,35070.0,8260.0,14030.0,3200.0,0
1199,4433,2026-05-04,24490.0,2680.0,9800.0,2630.0,0
1200,5146,2026-04-30,24040.0,4450.0,9610.0,2780.0,0
1201,6948,2025-10-08,20070.0,3640.0,8030.0,2130.0,0
1202,5377,2026-04-02,35630.0,5130.0,14250.0,4560.0,50000
1203,2056,2025-11-13,15790.0,2260.0,6320.0,1700.0,150000
1204,4721,2025-06-18,27380.0,8040.0,10950.0,2550.0,0
1205,5987,2026-03-28,32230.0,6340.0,12890.0,2260.0,0
1206,1277,2025-07-10,28940.0,4260.0,11580.0,3090.0,150000
1207,5812,2026-06-03,14590.0,2590.0,5840.0,2320.0,0
1208,2767,2026-06-13,21430.0,4250.0,8570.0,2150.0,0
1209,303,2024-09-19,28770.0,3200.0,11510.0,3300.0,0
1210,639,2026-01-17,18330.0,1950.0,7330.0,2060.0,150000
1211,56,2024-09-04,39740.0,8260.0,15900.0,4370.0,150000
1212,4822,2024-10-30,7170.0,960.0,2870.0,700.0,0
1213,526,2026-02-22,35780.0,7580.0,14310.0,3020.0,0
1214,4570,2026-01-15,24720.0,4420.0,9890.0,1780.0,0
1215,4124,2025-11-23,33620.0,6260.0,13450.0,3740.0,0
1216,2126,2024-08-22,23340.0,4650.0,9340.0,2820.0,0
1217,3288,2024-11-26,31940.0,7370.0,12780.0,3260.0,150000
1218,7554,2025-01-20,22400.0,2170.0,8960.0,2750.0,0
1219,365,2025-12-18,11070.0,2100.0,4430.0,1280.0,300000
1220,6810,2025-02-17,16640.0,2840.0,6660.0,1860.0,0
1221,4622,2026-01-19,31810.0,5390.0,12730.0,2930.0,50000
1222,6843,2025-01-29,16050.0,3390.0,6420.0,1930.0,150000
1223,5432,2026-01-03,24140.0,4870.0,9660.0,2580.0,150000
1224,4979,2026-01-27,19800.0,2050.0,7920.0,2140.0,50000
1225,5127,2025-02-24,12430.0,1550.0,4970.0,1040.0,0
1226,5123,2025-01-17,39870.0,5840.0,15950.0,4620.0,0
1227,1647,2025-06-29,47590.0,4800.0,19040.0,5360.0,0
1228,919,2026-04-29,20990.0,2520.0,8390.0,2960.0,300000
1229,2798,2025-06-06,9650.0,1280.0,3860.0,1100.0,50000
1230,6507,2026-03-20,20640.0,3700.0,8250.0,2900.0,0
1231,5871,2025-05-31,15770.0,2440.0,6310.0,970.0,50000
1232,1532,2026-01-16,36200.0,5260.0,14480.0,4090.0,50000
1233,3346,2026-05-25,29200.0,4740.0,11680.0,2430.0,0
1234,7674,2026-05-05,36060.0,5170.0,14430.0,3420.0,0
1235,6950,2024-10-17,44150.0,7870.0,17660.0,4270.0,150000
1236,6883,2025-06-04,19550.0,3240.0,7820.0,2960.0,0
1237,1907,2026-07-25,19840.0,2830.0,7940.0,2020.0,0
1238,3087,2024-12-17,15820.0,1620.0,6330.0,1690.0,0
1239,5312,2025-04-05,23380.0,6980.0,9350.0,2740.0,50000
1240,5751,2026-06-13,25570.0,4590.0,10230.0,3780.0,0
1241,4581,2026-06-22,31360.0,7020.0,12540.0,4000.0,0
1242,2076,2024-12-19,34160.0,5360.0,13660.0,3510.0,0
1243,714,2026-07-21,23190.0,4970.0,9280.0,2810.0,0
1244,1063,2026-06-16,28730.0,3550.0,11490.0,2990.0,50000
1245,1977,2025-11-27,42990.0,4830.0,17190.0,4420.0,50000
1246,1297,2024-12-01,20480.0,6950.0,8190.0,2360.0,300000
1247,5351,2026-01-05,21150.0,2020.0,8460.0,2600.0,0
1248,6230,2025-09-15,27010.0,6100.0,10800.0,2190.0,300000
1249,7642,2025-02-26,42180.0,6130.0,16870.0,4090.0,0
1250,126,2025-10-11,20340.0,2470.0,8140.0,2240.0,0
1251,6956,2026-01-29,46140.0,7330.0,18460.0,0.0,0
1252,4633,2026-01-13,11580.0,2780.0,4630.0,1380.0,0
1253,6289,2024-09-24,22390.0,4990.0,8960.0,2640.0,150000
1254,3597,2026-06-09,4960.0,620.0,1990.0,560.0,0
1255,3284,2025-05-23,14110.0,2110.0,5640.0,1410.0,0
1256,6169,2024-09-27,13260.0,1570.0,5310.0,1340.0,0
1257,1604,2025-07-20,10800.0,1390.0,4320.0,1860.0,150000
1258,7562,2025-01-05,16220.0,1420.0,6490.0,1900.0,150000
1259,67,2026-05-14,15820.0,3750.0,6330.0,2180.0,300000
1260,233,2024-08-21,34540.0,3490.0,13820.0,1760.0,300000
1261,2157,2026-07-15,23270.0,4580.0,9310.0,2670.0,150000
1262,1170,2025-05-04,28630.0,8520.0,11450.0,4700.0,0
1263,2159,2024-09-10,6550.0,1490.0,2620.0,770.0,0
1264,6372,2025-07-21,28050.0,3550.0,11220.0,3100.0,300000
1265,4207,2025-11-20,29230.0,3760.0,11690.0,2300.0,300000
1266,1494,2024-10-01,25810.0,4370.0,10330.0,2910.0,50000
1267,6178,2026-07-25,22450.0,5090.0,8980.0,3020.0,0
1268,4719,2026-04-16,10270.0,2060.0,4110.0,1170.0,50000
1269,7944,2025-06-16,21710.0,3210.0,8680.0,2740.0,0
1270,4008,2026-04-15,7970.0,1050.0,3190.0,950.0,0
1271,7537,2025-05-16,14010.0,2320.0,5600.0,1080.0,0
1272,6892,2026-01-06,15410.0,1790.0,6170.0,1860.0,0
1273,6739,2025-04-25,21430.0,4090.0,8570.0,2310.0,150000
1274,7722,2026-01-16,15830.0,1730.0,6330.0,1400.0,0
1275,2473,2025-09-12,34510.0,5380.0,13800.0,3740.0,0
1276,2661,2026-02-04,16950.0,1580.0,6780.0,1840.0,0
1277,5638,2024-10-04,22410.0,2670.0,8960.0,2860.0,0
1278,2740,2025-05-12,27890.0,5100.0,11160.0,3300.0,0
1279,5402,2026-07-06,27000.0,3130.0,10800.0,3370.0,0
1280,7488,2025-11-19,8880.0,1440.0,3550.0,1020.0,0
1281,1762,2024-12-10,28890.0,3430.0,11560.0,3380.0,0
1282,3515,2026-01-23,21920.0,3780.0,8770.0,2720.0,150000
1283,1976,2024-12-21,26620.0,4140.0,10650.0,1970.0,50000
1284,2363,2025-02-01,12160.0,1400.0,4860.0,1540.0,0
1285,877,2025-05-17,11570.0,2450.0,4630.0,1140.0,0
1286,6086,2025-03-05,23430.0,4550.0,9370.0,1980.0,150000
1287,3813,2025-12-07,16610.0,1690.0,6640.0,1820.0,0
1288,3449,2025-11-29,36050.0,4000.0,14420.0,3860.0,0
1289,1313,2025-04-18,19960.0,4230.0,7990.0,1950.0,0
1290,1461,2026-01-15,22820.0,3380.0,9130.0,2220.0,0
1291,2710,2025-04-09,15280.0,2840.0,6110.0,1930.0,0
1292,2325,2026-07-26,24390.0,3440.0,9760.0,2800.0,0
1293,1734,2026-01-24,20410.0,2850.0,8160.0,2740.0,0
1294,1606,2025-12-30,26460.0,5940.0,10580.0,2860.0,150000
1295,5623,2026-07-22,93240.0,4250.0,37300.0,5020.0,0
1296,6768,2024-09-26,16020.0,3370.0,6410.0,1800.0,0
1297,2564,2026-04-04,27110.0,4720.0,10840.0,3380.0,150000
1298,3422,2025-02-27,32860.0,4210.0,13140.0,2330.0,50000
1299,6987,2025-09-08,17940.0,3180.0,7170.0,1820.0,0
1300,3518,2025-06-13,25610.0,3280.0,10250.0,2980.0,0
1301,7998,2026-07-15,35540.0,4480.0,14220.0,3800.0,50000
1302,2398,2025-04-05,24360.0,3750.0,9740.0,3580.0,0
1303,5727,2025-12-13,27780.0,5280.0,11110.0,3150.0,50000
1304,3736,2026-03-22,54130.0,9970.0,21650.0,5610.0,0
1305,2871,2025-10-18,20330.0,4500.0,8130.0,1790.0,0
1306,1161,2026-06-11,25860.0,2460.0,10340.0,2260.0,0
1307,4855,2025-12-26,10610.0,1250.0,4240.0,940.0,0
1308,7043,2025-03-02,50790.0,6950.0,20320.0,0.0,50000
1309,243,2026-01-19,30330.0,4330.0,12130.0,1520.0,0
1310,2591,2025-12-08,15760.0,1870.0,6310.0,1960.0,0
1311,1064,2026-01-03,15790.0,2870.0,6320.0,2060.0,0
1312,4325,2025-11-04,32060.0,5080.0,12820.0,3420.0,0
1313,2596,2024-12-21,27040.0,5720.0,10820.0,2310.0,0
1314,920,2025-09-05,27700.0,4360.0,11080.0,3180.0,0
1315,5343,2025-10-23,14910.0,2150.0,5960.0,2050.0,0
1316,6,2025-01-13,27330.0,6780.0,10930.0,3370.0,0
1317,7490,2025-09-09,15490.0,2200.0,6200.0,1350.0,50000
1318,468,2025-12-07,22510.0,3160.0,9010.0,2520.0,0
1319,5852,2025-10-15,18960.0,3320.0,7580.0,1700.0,0
1320,4171,2025-08-26,23650.0,5010.0,9460.0,2050.0,150000
1321,4,2024-11-02,21830.0,3940.0,8730.0,2860.0,0
1322,5967,2026-01-20,26790.0,5860.0,10710.0,3260.0,50000
1323,646,2025-05-21,33600.0,3490.0,13440.0,3990.0,150000
1324,118,2026-01-28,21570.0,5110.0,8630.0,2060.0,50000
1325,2929,2025-01-06,13570.0,2250.0,5430.0,1090.0,150000
1326,5726,2024-09-27,25910.0,3620.0,10370.0,2790.0,0
1327,2552,2025-04-10,21820.0,4290.0,8730.0,2360.0,0
1328,6118,2025-07-11,20040.0,3270.0,8020.0,2530.0,150000
1329,5043,2025-03-11,30260.0,3840.0,12100.0,2690.0,150000
1330,6718,2026-06-10,28730.0,6220.0,11490.0,2480.0,150000
1331,5561,2024-12-20,23770.0,3620.0,9510.0,1920.0,0
1332,4290,2025-03-17,21320.0,3550.0,8530.0,1780.0,0
1333,847,2025-03-05,28310.0,3090.0,11320.0,4370.0,0
1334,2763,2024-11-30,18380.0,2040.0,7350.0,1660.0,50000
1335,5512,2025-10-04,29170.0,5590.0,11670.0,4430.0,300000
1336,7194,2026-04-25,39270.0,4380.0,15710.0,3580.0,0
1337,5555,2024-10-24,15840.0,2350.0,6340.0,2100.0,150000
1338,6317,2025-08-30,19600.0,3220.0,7840.0,2080.0,0
1339,7468,2025-01-06,33950.0,3240.0,13580.0,4000.0,150000
1340,5765,2025-04-22,24940.0,2820.0,9980.0,3020.0,0
1341,6470,2024-10-18,39540.0,7660.0,15810.0,5370.0,0
1342,5530,2024-12-12,18080.0,3640.0,7230.0,1890.0,300000
1343,1142,2025-06-03,15860.0,2020.0,6350.0,2050.0,150000
1344,6980,2026-08-04,18290.0,3370.0,7310.0,2700.0,0
1345,1811,2026-07-26,16850.0,2910.0,6740.0,2020.0,300000
1346,724,2024-10-05,32930.0,7090.0,13170.0,2940.0,50000
1347,225,2025-12-05,26330.0,3120.0,10530.0,2600.0,50000
1348,4628,2024-12-30,32300.0,4120.0,12920.0,3520.0,0
1349,4209,2025-07-05,32550.0,3620.0,13020.0,3980.0,0
1350,6284,2025-11-04,46760.0,4820.0,18700.0,4940.0,50000
1351,4655,2026-05-11,31240.0,5450.0,12500.0,2890.0,50000
1352,2049,2024-11-09,21230.0,2960.0,8490.0,1900.0,50000
1353,6234,2025-07-02,16830.0,2930.0,6730.0,900.0,50000
1354,4750,2026-01-05,31330.0,6280.0,12530.0,2810.0,0
1355,4416,2025-09-30,23390.0,2890.0,9360.0,2320.0,0
1356,1574,2025-06-27,6050.0,770.0,2420.0,690.0,150000
1357,1829,2024-12-20,32450.0,6610.0,12980.0,3480.0,0
1358,1918,2024-11-21,22290.0,3600.0,8920.0,3050.0,50000
1359,4235,2025-06-09,25780.0,5150.0,10310.0,2200.0,0
1360,7679,2024-10-12,27230.0,4110.0,10890.0,2780.0,0
1361,6989,2025-05-05,22130.0,4140.0,8850.0,0.0,0
1362,2027,2024-09-23,26950.0,5260.0,10780.0,3170.0,0
1363,6403,2026-01-21,21820.0,4520.0,8730.0,3030.0,50000
1364,3745,2025-03-08,19520.0,3770.0,7810.0,2110.0,0
1365,902,2024-10-01,16880.0,3080.0,6750.0,1980.0,0
1366,4786,2026-08-05,24410.0,3630.0,9760.0,2310.0,150000
1367,2040,2024-08-26,21520.0,3650.0,8610.0,2460.0,0
1368,10,2025-12-27,40370.0,7490.0,16150.0,4180.0,300000
1369,261,2025-04-04,15080.0,2530.0,6030.0,1660.0,150000
1370,6039,2026-06-07,14220.0,2810.0,5690.0,1700.0,300000
1371,1674,2026-05-29,34700.0,5890.0,13880.0,3590.0,0
1372,2220,2025-06-20,33580.0,5190.0,13430.0,4180.0,0
1373,7042,2025-12-17,19580.0,3660.0,7830.0,2340.0,150000
1374,2061,2025-11-12,33070.0,5580.0,13230.0,3820.0,0
1375,5288,2024-11-10,21490.0,2130.0,8600.0,1790.0,50000
1376,3714,2026-06-20,9310.0,3220.0,3720.0,1020.0,150000
1377,1620,2025-08-02,32310.0,5640.0,12920.0,2940.0,0
1378,321,2026-04-27,23470.0,4120.0,9390.0,2060.0,150000
1379,1343,2025-01-24,25980.0,4880.0,10390.0,2940.0,0
1380,5733,2025-05-22,24210.0,4380.0,9680.0,3420.0,150000
1381,2377,2024-09-04,31520.0,5690.0,12610.0,2980.0,300000
1382,2833,2025-07-25,17590.0,3120.0,7040.0,1470.0,150000
1383,2825,2024-09-10,23670.0,3720.0,9470.0,2820.0,50000
1384,1995,2026-04-13,24690.0,3460.0,9880.0,3260.0,50000
1385,2959,2024-12-07,33470.0,5560.0,13390.0,4770.0,50000
1386,6040,2025-12-14,33090.0,6000.0,13240.0,3860.0,150000
1387,7718,2026-07-10,10190.0,2060.0,4070.0,1090.0,0
1388,2039,2025-06-24,19410.0,1700.0,7760.0,2060.0,0
1389,3491,2025-06-10,12070.0,1550.0,4830.0,1270.0,0
1390,3678,2025-03-24,12700.0,2850.0,5080.0,1200.0,0
1391,1119,2026-02-13,15860.0,2650.0,6340.0,2070.0,150000
1392,7985,2025-06-20,46220.0,2450.0,18490.0,2510.0,0
1393,1605,2025-05-11,22490.0,2030.0,9000.0,2460.0,0
1394,6462,2025-10-26,25370.0,3600.0,10150.0,3190.0,0
1395,4028,2025-03-02,18650.0,3090.0,7460.0,1580.0,0
1396,236,2024-08-29,30600.0,4010.0,12240.0,2930.0,50000
1397,1970,2026-01-10,12140.0,1800.0,4860.0,1530.0,50000
1398,4430,2026-03-23,28800.0,2340.0,11520.0,3220.0,0
1399,1909,2024-11-21,11960.0,1990.0,4790.0,980.0,0
1400,376,2025-11-03,16970.0,4320.0,6790.0,2220.0,300000
1401,3531,2024-11-13,21100.0,5030.0,8440.0,1930.0,150000
1402,5257,2025-02-13,12150.0,2920.0,4860.0,1520.0,0
1403,2636,2025-04-12,30180.0,2690.0,12070.0,3120.0,0
1404,1571,2026-04-05,26210.0,6980.0,10480.0,2780.0,150000
1405,2561,2024-11-15,12400.0,2580.0,4960.0,1540.0,0
1406,5416,2025-07-29,21000.0,3450.0,8400.0,1780.0,0
1407,3392,2026-06-27,27720.0,4560.0,11090.0,3060.0,0
1408,2966,2025-12-04,17090.0,5640.0,6830.0,1800.0,150000
1409,3644,2025-12-05,16520.0,3390.0,6610.0,1620.0,150000
1410,5952,2026-02-20,19220.0,3220.0,7690.0,2690.0,150000
1411,5469,2025-11-15,33430.0,6070.0,13370.0,3840.0,0
1412,3851,2026-04-09,38100.0,4240.0,15240.0,4670.0,300000
1413,873,2026-06-11,29660.0,3870.0,11870.0,4190.0,50000
1414,1253,2024-10-05,17330.0,3450.0,6930.0,1850.0,0
1415,6414,2025-06-12,23160.0,3320.0,9260.0,2260.0,300000
1416,5948,2024-11-28,15210.0,2460.0,6080.0,1600.0,0
1417,6942,2025-05-19,22470.0,3270.0,8990.0,2670.0,150000
1418,1315,2025-11-15,43790.0,8310.0,17510.0,4250.0,0
1419,4821,2025-01-28,35880.0,3540.0,14350.0,4450.0,0
1420,7333,2026-05-11,23330.0,3490.0,9330.0,2400.0,300000
1421,6149,2025-03-07,25800.0,3620.0,10320.0,1700.0,300000
1422,2899,2026-01-17,19470.0,4410.0,7790.0,2580.0,300000
1423,7547,2026-05-28,17810.0,3090.0,7130.0,1210.0,0
1424,78,2026-05-27,32260.0,6430.0,12900.0,2290.0,0
1425,7578,2026-04-24,33510.0,6640.0,13410.0,3340.0,150000
1426,2622,2025-03-22,20900.0,5160.0,8360.0,2760.0,50000
1427,4228,2024-08-31,48020.0,7810.0,19210.0,6470.0,150000
1428,601,2025-12-06,26300.0,4900.0,10520.0,2820.0,0
1429,5869,2025-03-22,19940.0,3220.0,7980.0,2170.0,0
1430,1066,2025-01-11,20420.0,4520.0,8170.0,2360.0,0
1431,2137,2025-02-12,24900.0,4740.0,9960.0,2570.0,0
1432,2450,2026-05-30,23530.0,2950.0,9410.0,2010.0,150000
1433,2344,2025-06-12,29220.0,2690.0,11690.0,2670.0,50000
1434,1864,2026-05-24,110890.0,5300.0,44360.0,4420.0,50000
1435,1319,2026-04-30,22890.0,2490.0,9150.0,2580.0,0
1436,4712,2024-12-03,17190.0,2430.0,6870.0,2460.0,0
1437,3598,2025-12-04,27310.0,4160.0,10920.0,2380.0,300000
1438,6944,2024-11-24,32780.0,5680.0,13110.0,2880.0,300000
1439,3763,2025-08-19,19760.0,4400.0,7900.0,2100.0,300000
1440,7805,2025-04-01,25220.0,2420.0,10090.0,2480.0,300000
1441,6566,2026-05-31,29720.0,6250.0,11890.0,3000.0,0
1442,5985,2024-11-29,24180.0,4830.0,9670.0,2820.0,150000
1443,5143,2024-11-09,32420.0,6670.0,12970.0,2880.0,50000
1444,4671,2025-01-09,31510.0,5200.0,12600.0,4510.0,0
1445,2191,2024-11-26,20720.0,3970.0,8290.0,2360.0,0
1446,993,2025-08-03,29970.0,2310.0,11990.0,4180.0,50000
1447,2713,2026-05-07,34730.0,4500.0,13890.0,4510.0,0
1448,2193,2026-05-10,36380.0,3630.0,14550.0,4380.0,300000
1449,1249,2025-10-21,25090.0,2990.0,10040.0,2430.0,0
1450,3055,2024-12-28,22390.0,5750.0,8960.0,2160.0,300000
1451,4599,2024-11-17,24150.0,4520.0,9660.0,2860.0,300000
1452,4034,2024-11-02,21400.0,2850.0,8560.0,1850.0,0
1453,1998,2026-08-15,36790.0,3910.0,14720.0,4350.0,150000
1454,4917,2025-06-15,24690.0,1840.0,9880.0,2990.0,0
1455,3688,2025-04-14,31210.0,3230.0,12480.0,3870.0,0
1456,2152,2026-02-20,16470.0,4830.0,6590.0,1660.0,0
1457,4019,2025-05-29,32350.0,3380.0,12940.0,2630.0,300000
1458,3111,2026-07-06,30910.0,4440.0,12360.0,3410.0,300000
1459,1971,2026-06-12,25990.0,4770.0,10400.0,1830.0,0
1460,198,2025-08-28,55320.0,7720.0,22130.0,3780.0,0
1461,5766,2026-03-19,17560.0,3910.0,7020.0,2270.0,0
1462,2627,2026-02-11,23130.0,2790.0,9250.0,2640.0,0
1463,6535,2024-11-28,26390.0,5180.0,10560.0,2990.0,0
1464,1203,2025-10-18,37810.0,5470.0,15120.0,3220.0,0
1465,6698,2025-06-25,15610.0,3000.0,6240.0,1110.0,50000
1466,5568,2026-01-14,17590.0,2710.0,7040.0,2470.0,0
1467,7668,2026-05-05,33590.0,4910.0,13440.0,3940.0,300000
1468,7183,2025-08-31,20410.0,3360.0,8160.0,2060.0,0
1469,5743,2024-09-10,26210.0,2630.0,10480.0,3280.0,50000
1470,5789,2025-08-25,19000.0,4400.0,7600.0,1830.0,0
1471,5409,2025-02-13,26640.0,3890.0,10650.0,3440.0,0
1472,2036,2026-05-01,41050.0,7000.0,16420.0,3900.0,150000
1473,478,2025-11-10,30710.0,6590.0,12280.0,3550.0,0
1474,1255,2025-05-31,39330.0,3750.0,15730.0,3330.0,300000
1475,923,2024-09-09,35200.0,4800.0,14080.0,4500.0,0
1476,420,2025-12-13,23890.0,4600.0,9550.0,2550.0,0
1477,2205,2026-07-05,36430.0,7210.0,14570.0,3560.0,0
1478,2598,2025-01-12,32900.0,4410.0,13160.0,3350.0,0
1479,7609,2025-04-07,13880.0,2650.0,5550.0,1540.0,300000
1480,1121,2025-08-17,28090.0,5610.0,11230.0,2380.0,0
1481,3069,2025-02-05,21770.0,3050.0,8710.0,2340.0,0
1482,7141,2026-02-17,24120.0,5660.0,9650.0,2410.0,0
1483,7579,2025-09-23,33510.0,4460.0,13400.0,3820.0,300000
1484,951,2025-09-15,27370.0,7920.0,10950.0,3540.0,0
1485,2337,2026-05-30,19750.0,1910.0,7900.0,1740.0,0
1486,5374,2025-02-07,51650.0,8450.0,20660.0,5670.0,0
1487,2244,2025-07-27,29160.0,7260.0,11660.0,3650.0,0
1488,2646,2025-05-10,37900.0,5700.0,15160.0,4170.0,0
1489,1858,2025-01-25,24840.0,3550.0,9940.0,2260.0,300000
1490,7690,2025-10-27,17190.0,4710.0,6880.0,1810.0,150000
1491,4613,2026-01-08,16350.0,2740.0,6540.0,1550.0,50000
1492,5755,2025-11-27,29770.0,4940.0,11910.0,3460.0,50000
1493,1866,2025-10-09,19900.0,3010.0,7960.0,2690.0,0
1494,2913,2026-07-09,38860.0,6860.0,15550.0,4300.0,0
1495,5238,2025-04-06,22330.0,3360.0,8930.0,2570.0,0
1496,2854,2026-06-19,8360.0,1850.0,3340.0,780.0,0
1497,6029,2026-06-10,22170.0,2550.0,8870.0,2760.0,0
1498,7327,2025-02-13,17060.0,4080.0,6820.0,2160.0,0
1499,4911,2026-06-14,17830.0,4010.0,7130.0,1540.0,0
1500,6372,2025-01-07,28050.0,5170.0,11220.0,3100.0,300000
1501,5997,2024-12-20,37640.0,6540.0,15050.0,4580.0,300000
1502,6360,2025-03-01,16470.0,2140.0,6590.0,1380.0,0
1503,7092,2025-11-20,41130.0,8230.0,16450.0,5530.0,50000
1504,7864,2025-02-16,24150.0,2940.0,9660.0,2470.0,0
1505,6159,2026-08-13,24120.0,5740.0,9650.0,2750.0,0
1506,3229,2026-05-03,25870.0,3790.0,10350.0,2330.0,150000
1507,3720,2025-04-15,28260.0,6250.0,11300.0,3020.0,0
1508,7429,2024-09-01,40710.0,6780.0,16290.0,4400.0,50000
1509,3229,2025-10-13,25870.0,6290.0,10350.0,2330.0,0
1510,6191,2025-09-07,32690.0,4510.0,13080.0,3810.0,150000
1511,2372,2025-03-19,21060.0,3880.0,8430.0,3310.0,0
1512,2892,2025-03-29,28610.0,4580.0,11450.0,4210.0,150000
1513,3757,2025-01-25,24350.0,3370.0,9740.0,2920.0,0
1514,4226,2025-09-01,30920.0,8070.0,12370.0,3340.0,0
1515,7579,2024-09-02,33510.0,7290.0,13400.0,3820.0,0
1516,95,2025-04-12,24340.0,3270.0,9740.0,2780.0,150000
1517,2675,2025-03-01,16750.0,2290.0,6700.0,2140.0,0
1518,6899,2026-02-16,29290.0,4180.0,11720.0,3230.0,300000
1519,1956,2025-12-17,12390.0,1740.0,4960.0,1250.0,50000
1520,7460,2024-12-25,11250.0,1590.0,4500.0,1430.0,0
1521,794,2026-08-01,31480.0,3820.0,12590.0,2770.0,0
1522,1835,2024-08-22,23000.0,4880.0,9200.0,2390.0,50000
1523,7451,2026-03-16,34450.0,5560.0,13780.0,3480.0,0
1524,2117,2025-05-22,29840.0,4480.0,11940.0,3870.0,50000
1525,5780,2026-02-21,24170.0,3030.0,9670.0,1870.0,300000
1526,4107,2025-09-26,23220.0,2320.0,9290.0,3930.0,0
1527,3326,2026-08-12,52860.0,5480.0,21140.0,5950.0,0
1528,5962,2026-07-27,23300.0,3990.0,9320.0,2540.0,50000
1529,2920,2026-04-03,9230.0,1080.0,3690.0,940.0,0
1530,2598,2026-03-20,32900.0,8610.0,13160.0,3350.0,150000
1531,3206,2026-01-05,24790.0,3610.0,9920.0,2000.0,150000
1532,4808,2025-05-21,36160.0,6500.0,14460.0,3290.0,0
1533,6167,2025-10-29,18450.0,3330.0,7380.0,2060.0,150000
1534,815,2025-06-06,27080.0,3020.0,10830.0,2610.0,0
1535,346,2026-07-12,32370.0,4240.0,12950.0,2820.0,300000
1536,2350,2025-05-06,35620.0,4510.0,14250.0,3760.0,0
1537,363,2025-04-07,27460.0,5600.0,10980.0,3580.0,0
1538,2444,2024-12-04,31440.0,3780.0,12580.0,3110.0,150000
1539,2266,2026-03-02,11790.0,3150.0,4720.0,1490.0,0
1540,2189,2024-09-26,22330.0,3000.0,8930.0,1930.0,150000
1541,7784,2024-10-27,34960.0,4260.0,13980.0,3790.0,0
1542,3006,2025-09-08,26960.0,4790.0,10790.0,3500.0,0
1543,3282,2025-01-14,28350.0,5260.0,11340.0,2330.0,0
1544,985,2024-09-28,23640.0,2750.0,9450.0,2500.0,150000
1545,7137,2026-08-11,33890.0,7420.0,13560.0,3780.0,0
1546,7791,2026-07-24,33400.0,3760.0,13360.0,3430.0,0
1547,1640,2026-03-26,23910.0,3170.0,9570.0,2740.0,0
1548,828,2026-05-17,25700.0,5390.0,10280.0,2460.0,300000
1549,2731,2026-01-30,42710.0,8900.0,17080.0,3020.0,0
1550,3532,2024-08-27,28790.0,6150.0,11510.0,3460.0,0
1551,7148,2026-01-11,25150.0,4330.0,10060.0,2520.0,50000
1552,4452,2026-06-26,20310.0,2080.0,8120.0,1940.0,50000
1553,7152,2025-04-10,18750.0,3290.0,7500.0,2200.0,0
1554,5444,2025-04-01,12580.0,3200.0,5030.0,1280.0,0
1555,7301,2025-06-14,31070.0,6590.0,12430.0,3700.0,150000
1556,2936,2025-04-22,15090.0,3080.0,6040.0,1170.0,0
1557,3877,2025-04-20,28570.0,2700.0,11430.0,2400.0,150000
1558,5960,2025-11-18,11900.0,3190.0,4760.0,1700.0,150000
1559,127,2026-04-22,26230.0,6990.0,10490.0,3060.0,50000
1560,3178,2024-12-25,25370.0,3720.0,10150.0,2060.0,50000
1561,3057,2025-01-27,30290.0,5650.0,12120.0,3580.0,50000
1562,604,2026-07-26,31030.0,5670.0,12410.0,3720.0,0
1563,7967,2025-06-20,13930.0,3490.0,5570.0,1100.0,0
1564,3450,2026-07-30,25850.0,4440.0,10340.0,2720.0,0
1565,6025,2025-04-06,16730.0,2930.0,6690.0,1990.0,300000
1566,5110,2025-11-06,46290.0,6060.0,18520.0,5160.0,300000
1567,4147,2024-11-18,38420.0,4540.0,15370.0,4320.0,0
1568,7197,2025-11-28,21330.0,2090.0,8530.0,2640.0,0
1569,3534,2025-09-28,23920.0,3930.0,9570.0,2540.0,150000
1570,3368,2024-12-10,31040.0,3430.0,12420.0,3410.0,0
1571,3369,2025-05-05,36360.0,4690.0,14550.0,5340.0,0
1572,3798,2025-08-30,20970.0,3750.0,8390.0,2670.0,150000
1573,6923,2025-03-02,35020.0,4950.0,14010.0,3140.0,300000
1574,5527,2024-09-12,29360.0,4130.0,11740.0,1950.0,50000
1575,1793,2025-11-26,50860.0,9760.0,20340.0,5370.0,300000
1576,2862,2026-08-01,28330.0,5490.0,11330.0,1980.0,300000
1577,5733,2025-12-22,24210.0,4940.0,9680.0,3420.0,0
1578,3477,2025-10-14,27780.0,4770.0,11110.0,3000.0,300000
1579,3418,2025-04-27,12400.0,1760.0,4960.0,1280.0,300000
1580,1646,2025-12-17,30910.0,7370.0,12360.0,3590.0,150000
1581,6564,2026-02-01,46910.0,6650.0,18770.0,8050.0,150000
1582,1206,2026-02-05,25650.0,3230.0,10260.0,3260.0,50000
1583,3031,2025-12-20,5840.0,920.0,2340.0,590.0,300000
1584,2873,2024-11-01,21150.0,3680.0,8460.0,1740.0,0
1585,3073,2025-03-29,12530.0,2060.0,5010.0,1550.0,0
1586,1855,2025-04-07,34400.0,2990.0,13760.0,3030.0,300000
1587,4022,2026-01-03,19910.0,3330.0,7960.0,2130.0,0
1588,4663,2026-08-02,15170.0,2210.0,6070.0,1240.0,0
1589,6515,2025-12-06,28780.0,3010.0,11510.0,3800.0,0
1590,5032,2025-09-08,42620.0,4820.0,17050.0,4400.0,0
1591,6031,2024-09-13,42590.0,4630.0,17040.0,4650.0,0
1592,2709,2026-02-06,21760.0,3530.0,8700.0,2140.0,0
1593,3503,2026-01-12,18350.0,2560.0,7340.0,1770.0,0
1594,7113,2026-06-14,14870.0,4000.0,5950.0,1590.0,0
1595,1333,2025-05-06,30870.0,4140.0,12350.0,3990.0,150000
1596,7305,2025-10-16,28770.0,4680.0,11510.0,3460.0,0
1597,202,2026-03-13,21590.0,4890.0,8640.0,2450.0,300000
1598,3508,2025-06-06,29440.0,5320.0,11780.0,3820.0,0
1599,6457,2025-03-20,22910.0,4610.0,9170.0,2480.0,150000
1600,4213,2025-03-06,13540.0,1710.0,5410.0,1800.0,0
1601,7834,2025-04-08,26680.0,3120.0,10670.0,2510.0,150000
1602,5033,2025-05-17,35150.0,4670.0,14060.0,2350.0,300000
1603,7971,2025-09-26,24670.0,4430.0,9870.0,3040.0,0
1604,575,2025-03-19,26190.0,4580.0,10480.0,2160.0,50000
1605,6388,2025-06-20,12290.0,2670.0,4920.0,1480.0,0
1606,537,2024-11-26,18620.0,2200.0,7450.0,1860.0,0
1607,1626,2026-01-26,26380.0,6690.0,10550.0,3220.0,0
1608,2123,2025-04-07,39060.0,9140.0,15620.0,3740.0,0
1609,7974,2025-09-13,24260.0,4140.0,9710.0,1940.0,300000
1610,386,2025-02-20,15420.0,3390.0,6170.0,1210.0,0
1611,3282,2025-10-23,28350.0,4870.0,11340.0,2330.0,0
1612,475,2024-11-24,18570.0,4690.0,7430.0,2310.0,0
1613,418,2024-09-23,31660.0,5960.0,12660.0,2020.0,0
1614,6491,2024-09-19,11450.0,1090.0,4580.0,1420.0,50000
1615,3601,2026-01-03,20370.0,4230.0,8150.0,2790.0,50000
1616,6784,2025-05-26,15400.0,3050.0,6160.0,1600.0,150000
1617,5035,2024-09-04,25330.0,5140.0,10130.0,2770.0,0
1618,955,2024-11-29,22840.0,2740.0,9130.0,1700.0,0
1619,4972,2025-09-01,22180.0,3550.0,8870.0,2730.0,0
1620,4859,2025-12-25,14530.0,2200.0,5810.0,1510.0,0
1621,5299,2025-07-03,30210.0,3870.0,12080.0,3890.0,150000
1622,1206,2025-07-20,25650.0,2300.0,10260.0,3260.0,150000
1623,4760,2025-08-15,31480.0,3960.0,12590.0,2600.0,0
1624,4121,2026-02-11,29530.0,6310.0,11810.0,2680.0,0
1625,1991,2025-10-19,16950.0,3690.0,6780.0,1780.0,50000
1626,5300,2024-09-22,8800.0,1160.0,3520.0,760.0,0
1627,4806,2025-10-16,29280.0,4500.0,11710.0,3590.0,0
1628,3573,2025-07-25,15200.0,1350.0,6080.0,1880.0,300000
1629,5976,2025-02-16,21870.0,3460.0,8750.0,1740.0,150000
1630,5281,2025-07-11,33480.0,5970.0,13390.0,3870.0,50000
1631,6321,2025-04-29,33030.0,2850.0,13210.0,1960.0,150000
1632,4381,2025-05-10,29970.0,7470.0,11990.0,3260.0,50000
1633,4159,2026-03-11,29270.0,6020.0,11710.0,3950.0,150000
1634,5099,2025-11-17,38700.0,6380.0,15480.0,4620.0,150000
1635,4758,2025-03-24,14930.0,3440.0,5970.0,1660.0,0
1636,2714,2025-02-04,36980.0,3470.0,14790.0,4700.0,150000
1637,2204,2025-12-29,43790.0,4170.0,17520.0,5240.0,0
1638,5589,2025-10-29,18380.0,4330.0,7350.0,1750.0,0
1639,3121,2026-05-03,29320.0,6780.0,11730.0,2230.0,50000
1640,967,2026-08-05,13920.0,1650.0,5570.0,980.0,50000
1641,4945,2025-07-09,26890.0,5610.0,10760.0,3530.0,50000
1642,5204,2024-10-25,25820.0,3650.0,10330.0,2150.0,50000
1643,3433,2025-06-07,18700.0,2880.0,7480.0,2700.0,0
1644,689,2026-04-02,28040.0,3010.0,11210.0,2780.0,0
1645,4244,2025-01-14,13010.0,2270.0,5200.0,1300.0,300000
1646,3702,2024-12-27,15270.0,2590.0,6110.0,1450.0,0
1647,342,2026-08-07,38410.0,4420.0,15360.0,5070.0,50000
1648,6620,2026-04-11,17540.0,2730.0,7020.0,1830.0,50000
1649,5183,2026-07-30,16010.0,2720.0,6400.0,1940.0,0
1650,1725,2025-10-01,23370.0,5050.0,9350.0,2960.0,0
1651,5480,2024-12-18,48130.0,5360.0,19250.0,4460.0,0
1652,6705,2026-05-27,32600.0,5800.0,13040.0,2740.0,150000
1653,4423,2025-12-07,24580.0,4920.0,9830.0,1380.0,0
1654,1793,2025-09-15,50860.0,5270.0,20340.0,5370.0,0
1655,1760,2025-11-28,31380.0,3940.0,12550.0,3220.0,300000
1656,3213,2025-01-12,25220.0,4720.0,10090.0,2020.0,0
1657,990,2025-12-13,24670.0,5540.0,9870.0,2210.0,50000
1658,2263,2025-11-30,34220.0,6150.0,13690.0,4420.0,0
1659,2483,2026-04-12,6520.0,1000.0,2610.0,500.0,150000
1660,952,2025-04-24,7700.0,1360.0,3080.0,950.0,0
1661,723,2026-03-06,18060.0,1990.0,7220.0,1700.0,0
1662,3390,2026-08-09,19060.0,3120.0,7620.0,2260.0,0
1663,2080,2025-07-16,25480.0,3600.0,10190.0,3300.0,50000
1664,2718,2024-11-22,19550.0,2790.0,7820.0,2560.0,50000
1665,2333,2025-05-05,26540.0,4190.0,10610.0,2940.0,0
1666,3377,2024-10-30,17900.0,4590.0,7160.0,2140.0,0
1667,4525,2024-10-14,20060.0,2330.0,8020.0,2260.0,0
1668,1501,2026-05-14,17350.0,2120.0,6940.0,2020.0,150000
1669,286,2025-04-15,39690.0,4870.0,15880.0,4710.0,300000
1670,7312,2026-02-11,18400.0,3070.0,7360.0,1470.0,0
1671,3496,2024-12-01,27760.0,2610.0,11100.0,1980.0,50000
1672,7187,2024-09-04,17770.0,3640.0,7110.0,1950.0,50000
1673,2066,2024-10-10,20130.0,1830.0,8050.0,2220.0,0
1674,769,2025-01-16,22100.0,3060.0,8840.0,2400.0,300000
1675,6734,2025-09-06,10180.0,970.0,4070.0,890.0,0
1676,5491,2026-06-16,16020.0,2000.0,6410.0,1510.0,150000
1677,7343,2025-08-01,34130.0,3440.0,13650.0,3060.0,50000
1678,3058,2025-07-25,18860.0,2350.0,7540.0,940.0,150000
1679,4290,2025-12-21,21320.0,4740.0,8530.0,1780.0,150000
1680,6646,2025-04-21,21050.0,4220.0,8420.0,2540.0,300000
1681,5084,2025-11-27,28380.0,3210.0,11350.0,3250.0,50000
1682,5233,2024-09-25,21410.0,5630.0,8560.0,1880.0,150000
1683,2162,2025-10-20,15960.0,3490.0,6380.0,1940.0,150000
1684,3294,2026-06-14,24970.0,5360.0,9990.0,3290.0,0
1685,5798,2025-02-14,27460.0,4330.0,10980.0,2930.0,50000
1686,947,2025-01-21,23690.0,4960.0,9480.0,2820.0,0
1687,4927,2024-10-19,34700.0,7050.0,13880.0,3310.0,0
1688,7812,2025-01-01,25330.0,2410.0,10130.0,2780.0,150000
1689,6017,2025-01-25,21710.0,3310.0,8680.0,1500.0,300000
1690,3336,2025-06-13,23520.0,3080.0,9410.0,2520.0,0
1691,7069,2026-04-12,21580.0,2810.0,8630.0,2630.0,0
1692,4151,2026-01-07,26900.0,4380.0,10760.0,2260.0,50000
1693,7811,2025-12-04,30180.0,6130.0,12070.0,1970.0,50000
1694,4896,2025-09-20,34950.0,5330.0,13980.0,5240.0,0
1695,4874,2024-09-23,34830.0,5180.0,13930.0,5460.0,0
1696,1482,2025-10-12,37110.0,5980.0,14850.0,3390.0,0
1697,1902,2025-07-18,30000.0,2820.0,12000.0,3360.0,0
1698,6306,2024-12-10,29480.0,7250.0,11790.0,3390.0,50000
1699,3452,2026-05-13,23240.0,3090.0,9300.0,2380.0,0
1700,4065,2025-06-05,10270.0,1140.0,4110.0,900.0,300000
1701,6231,2026-02-25,30570.0,5300.0,12230.0,3700.0,50000
1702,55,2025-03-01,32710.0,3460.0,13090.0,3720.0,0
1703,7644,2025-03-31,34770.0,4810.0,13910.0,4910.0,150000
1704,1824,2026-01-21,28320.0,5280.0,11330.0,3100.0,0
1705,5298,2025-05-16,30130.0,6740.0,12050.0,3130.0,0
1706,3463,2024-08-30,20470.0,3660.0,8190.0,2480.0,150000
1707,7517,2025-08-01,16420.0,1220.0,6570.0,1900.0,0
1708,3080,2024-08-28,39380.0,5990.0,15750.0,3340.0,150000
1709,833,2026-06-06,21460.0,3590.0,8580.0,2220.0,300000
1710,4409,2026-02-08,27210.0,4740.0,10880.0,2810.0,0
1711,2807,2024-08-19,25440.0,5020.0,10180.0,2830.0,0
1712,5955,2025-05-12,35360.0,7310.0,14140.0,4540.0,50000
1713,6104,2026-02-15,15850.0,3590.0,6340.0,1510.0,150000
1714,6103,2025-03-09,29040.0,5200.0,11620.0,3000.0,50000
1715,2491,2025-08-05,31830.0,3280.0,12730.0,3670.0,0
1716,5887,2026-05-06,23000.0,4260.0,9200.0,3300.0,50000
1717,328,2025-12-20,18730.0,3350.0,7490.0,1490.0,0
1718,7222,2026-06-18,22810.0,2290.0,9120.0,2490.0,50000
1719,6905,2024-11-23,31510.0,6640.0,12600.0,3980.0,0
1720,3311,2025-08-04,26390.0,3300.0,10560.0,2320.0,0
1721,3301,2026-02-14,31630.0,5360.0,12650.0,3300.0,150000
1722,6723,2025-09-29,13470.0,2760.0,5390.0,1020.0,50000
1723,7219,2026-01-18,40880.0,6040.0,16350.0,4260.0,150000
1724,7777,2025-05-10,27700.0,5110.0,11080.0,2790.0,0
1725,3676,2025-06-07,43470.0,8840.0,17390.0,4940.0,150000
1726,3055,2026-05-16,22390.0,4650.0,8960.0,2160.0,0
1727,5384,2025-05-07,28320.0,5810.0,11330.0,2570.0,300000
1728,7586,2025-02-20,11460.0,1530.0,4580.0,1400.0,300000
1729,7971,2025-11-17,24670.0,6860.0,9870.0,3040.0,0
1730,2144,2025-04-30,38070.0,7370.0,15230.0,3790.0,150000
1731,5208,2026-02-23,38840.0,4520.0,15540.0,4930.0,300000
1732,7246,2025-11-14,25070.0,4470.0,10030.0,3700.0,0
1733,1312,2025-10-16,22810.0,3310.0,9120.0,2260.0,0
1734,3192,2025-10-25,26460.0,5660.0,10590.0,3260.0,0
1735,6958,2025-11-15,19320.0,3770.0,7730.0,1660.0,300000
1736,2539,2025-03-14,26240.0,3640.0,10500.0,2780.0,0
1737,3984,2024-10-17,11410.0,2050.0,4560.0,1420.0,0
1738,4548,2026-01-04,30350.0,3400.0,12140.0,4010.0,50000
1739,5620,2026-03-27,15280.0,1310.0,6110.0,1360.0,0
1740,165,2026-05-23,24500.0,5010.0,9800.0,3730.0,50000
1741,4278,2024-10-28,20210.0,2220.0,8080.0,2980.0,0
1742,6613,2025-09-07,34480.0,5190.0,13790.0,4040.0,0
1743,5006,2025-08-10,22600.0,4210.0,9040.0,2320.0,0
1744,6879,2026-01-04,29270.0,3670.0,11710.0,3140.0,0
1745,823,2025-09-07,21680.0,2560.0,8670.0,2450.0,300000
1746,944,2025-11-14,9560.0,870.0,3820.0,1420.0,0
1747,6098,2024-11-13,13510.0,3410.0,5400.0,1170.0,300000
1748,6151,2026-06-29,30570.0,2830.0,12230.0,4430.0,300000
1749,4426,2025-04-21,26090.0,5690.0,10440.0,2170.0,150000
1750,775,2024-11-02,18010.0,3020.0,7200.0,2360.0,0
1751,7841,2025-12-09,32610.0,7800.0,13040.0,3850.0,0
1752,2199,2024-08-29,22380.0,2360.0,8950.0,3430.0,300000
1753,3157,2025-09-29,21030.0,5380.0,8410.0,2130.0,300000
1754,4243,2025-02-21,36520.0,7490.0,14610.0,3820.0,300000
1755,3696,2026-07-13,17230.0,2200.0,6890.0,1790.0,0
1756,3453,2025-05-11,18740.0,4800.0,7490.0,1700.0,0
1757,915,2025-09-14,17820.0,2460.0,7130.0,2440.0,0
1758,5668,2026-05-11,28280.0,2570.0,11310.0,3310.0,0
1759,1309,2026-01-27,30140.0,4330.0,12060.0,2850.0,150000
1760,6844,2026-02-26,24940.0,2970.0,9970.0,2220.0,0
1761,4178,2024-08-20,20160.0,4670.0,8060.0,2500.0,300000
1762,514,2025-06-19,26580.0,3690.0,10630.0,2340.0,150000
1763,1921,2026-04-24,25600.0,5110.0,10240.0,2650.0,0
1764,6959,2024-09-12,24780.0,2900.0,9910.0,2530.0,300000
1765,6853,2026-06-25,16740.0,3850.0,6700.0,1900.0,0
1766,6036,2025-07-11,40110.0,5770.0,16040.0,5620.0,0
1767,3595,2025-06-30,19140.0,2630.0,7650.0,2080.0,0
1768,4842,2025-02-15,19190.0,3990.0,7670.0,2180.0,50000
1769,7167,2026-01-26,16260.0,2920.0,6500.0,1830.0,0
1770,1410,2025-02-28,45940.0,8630.0,18370.0,4970.0,0
1771,4803,2026-07-17,19110.0,2940.0,7640.0,2540.0,150000
1772,4567,2025-01-28,28030.0,6120.0,11210.0,2620.0,150000
1773,3191,2024-09-11,25440.0,4420.0,10180.0,2790.0,150000
1774,4492,2026-04-02,16100.0,2060.0,6440.0,1940.0,50000
1775,1556,2025-07-19,19760.0,4610.0,7910.0,2240.0,50000
1776,6405,2025-01-04,33010.0,2740.0,13200.0,3260.0,300000
1777,805,2024-10-22,15190.0,1180.0,6080.0,1610.0,0
1778,5030,2024-12-10,30690.0,4520.0,12280.0,2940.0,300000
1779,1280,2025-03-08,13190.0,2100.0,5280.0,1540.0,300000
1780,5854,2025-12-17,30680.0,6010.0,12270.0,3410.0,0
1781,5001,2026-02-11,22720.0,2290.0,9090.0,1700.0,300000
1782,7394,2026-08-11,15590.0,1730.0,6240.0,1690.0,50000
1783,5173,2025-09-15,30740.0,6360.0,12290.0,2840.0,0
1784,7084,2025-02-14,20040.0,2730.0,8020.0,1660.0,50000
1785,5987,2026-07-19,32230.0,4270.0,12890.0,2260.0,50000
1786,5620,2025-11-07,15280.0,1960.0,6110.0,1360.0,150000
1787,3578,2025-03-23,19480.0,3960.0,7790.0,2500.0,150000
1788,2902,2026-03-19,33770.0,3610.0,13510.0,2870.0,150000
1789,1388,2025-09-07,9780.0,1080.0,3910.0,1140.0,0
1790,5400,2024-11-14,34110.0,6930.0,13640.0,3450.0,150000
1791,4689,2025-09-24,20070.0,4830.0,8030.0,1840.0,0
1792,2762,2024-09-28,23330.0,3030.0,9330.0,3060.0,150000
1793,7326,2026-08-06,20030.0,4380.0,8010.0,2400.0,0
1794,2680,2026-05-20,39260.0,7550.0,15700.0,5090.0,0
1795,2107,2025-05-03,37110.0,5110.0,14840.0,3580.0,0
1796,7895,2025-01-04,10090.0,2620.0,4040.0,990.0,150000
1797,4224,2026-07-31,31960.0,4910.0,12780.0,3780.0,0
1798,4832,2024-11-05,32650.0,5530.0,13060.0,2790.0,0
1799,2769,2026-07-29,35900.0,3930.0,14360.0,4230.0,0
1800,3954,2026-01-31,17570.0,3470.0,7030.0,2450.0,300000
1801,3187,2024-09-01,12930.0,2690.0,5170.0,1140.0,300000
1802,3281,2026-06-28,23830.0,4260.0,9530.0,3390.0,300000
1803,2574,2026-07-28,30840.0,6120.0,12340.0,2910.0,150000
1804,4617,2025-06-24,16350.0,3480.0,6540.0,1540.0,50000
1805,2600,2026-05-19,17990.0,3240.0,7200.0,1560.0,0
1806,4034,2025-07-06,21400.0,3650.0,8560.0,1850.0,0
1807,237,2025-04-26,30290.0,3410.0,12120.0,3300.0,0
1808,1305,2026-02-19,13160.0,1190.0,5260.0,1700.0,150000
1809,3431,2025-05-28,18400.0,3240.0,7360.0,2060.0,150000
1810,7369,2026-04-12,33770.0,5940.0,13510.0,3020.0,150000
1811,5878,2025-10-09,26040.0,4530.0,10420.0,2790.0,50000
1812,1302,2025-12-14,20140.0,3760.0,8060.0,2110.0,150000
1813,7403,2025-02-23,38280.0,8600.0,15310.0,3720.0,300000
1814,2542,2026-02-22,18310.0,2430.0,7320.0,1810.0,150000
1815,2052,2025-05-26,40220.0,6810.0,16090.0,3820.0,0
1816,6810,2026-05-12,16640.0,2180.0,6660.0,1860.0,300000
1817,442,2025-03-22,9570.0,1410.0,3830.0,1140.0,0
1818,2077,2025-09-13,18820.0,3290.0,7530.0,1960.0,0
1819,3181,2025-08-21,23220.0,4230.0,9290.0,2740.0,0
1820,2658,2026-05-29,24850.0,2820.0,9940.0,2720.0,50000
1821,3799,2026-06-27,27310.0,5980.0,10920.0,3160.0,150000
1822,805,2026-04-24,15190.0,1700.0,6080.0,1610.0,0
1823,75,2026-02-18,32160.0,3660.0,12860.0,4110.0,0
1824,6982,2024-12-01,25050.0,5350.0,10020.0,2380.0,300000
1825,7314,2026-08-02,45730.0,6570.0,18290.0,5430.0,50000
1826,2176,2026-03-10,20340.0,2890.0,8130.0,2660.0,0
1827,3925,2025-06-28,20150.0,2920.0,8060.0,2730.0,50000
1828,2090,2026-03-23,18870.0,3330.0,7550.0,2100.0,50000
1829,5476,2024-12-06,23560.0,2880.0,9420.0,2700.0,50000
1830,41,2024-09-03,23220.0,3650.0,9290.0,2300.0,50000
1831,7078,2025-01-04,24990.0,5210.0,9990.0,3380.0,0
1832,2082,2025-09-16,27540.0,4860.0,11020.0,3520.0,50000
1833,7185,2026-04-29,15310.0,3440.0,6120.0,1910.0,0
1834,5797,2024-10-03,7790.0,1660.0,3120.0,730.0,150000
1835,7321,2024-08-25,14090.0,2860.0,5640.0,1220.0,0
1836,7142,2026-07-17,14310.0,3270.0,5720.0,1700.0,50000
1837,5498,2024-11-01,10690.0,3040.0,4280.0,1600.0,0
1838,4684,2025-07-25,13110.0,2100.0,5240.0,1020.0,150000
1839,1623,2024-11-11,30750.0,4790.0,12300.0,2680.0,0
1840,7797,2026-04-16,26450.0,4010.0,10580.0,3460.0,0
1841,342,2026-03-18,38410.0,4820.0,15360.0,5070.0,50000
1842,4053,2025-11-02,22150.0,2610.0,8860.0,2540.0,0
1843,2075,2026-01-23,34040.0,6910.0,13620.0,3360.0,0
1844,7993,2025-06-14,29360.0,5150.0,11740.0,2740.0,0
1845,7455,2024-12-07,18920.0,2250.0,7570.0,1780.0,300000
1846,646,2025-10-29,33600.0,4360.0,13440.0,3990.0,0
1847,4827,2026-02-26,15860.0,4570.0,6350.0,2080.0,0
1848,4264,2026-05-24,18340.0,4030.0,7340.0,1860.0,0
1849,610,2026-07-19,29120.0,3650.0,11650.0,3790.0,300000
1850,6412,2024-11-04,35080.0,3750.0,14030.0,3550.0,0
1851,5869,2025-05-14,19940.0,2850.0,7980.0,2170.0,50000
1852,6137,2024-09-15,45560.0,4750.0,18230.0,4120.0,0
1853,6965,2024-10-09,21190.0,5860.0,8480.0,2840.0,150000
1854,455,2026-02-21,33470.0,6430.0,13390.0,3210.0,0
1855,2954,2025-01-17,13870.0,3120.0,5550.0,1210.0,0
1856,1709,2026-07-30,33900.0,6820.0,13560.0,3120.0,0
1857,3473,2026-04-24,41990.0,5060.0,16800.0,3820.0,50000
1858,2970,2025-12-21,25720.0,2620.0,10290.0,3820.0,150000
1859,3029,2024-10-06,30930.0,2520.0,12370.0,3500.0,300000
1860,7644,2025-07-03,34770.0,3920.0,13910.0,4910.0,0
1861,4798,2025-05-09,25900.0,6530.0,10360.0,1460.0,150000
1862,2682,2026-08-18,21240.0,5000.0,8500.0,2270.0,300000
1863,3630,2025-06-07,29120.0,8020.0,11650.0,2600.0,150000
1864,5696,2025-09-14,35000.0,5860.0,14000.0,4040.0,300000
1865,4226,2025-09-15,30920.0,6670.0,12370.0,3340.0,50000
1866,3068,2026-01-31,19780.0,4810.0,7910.0,1810.0,0
1867,5942,2025-09-28,10030.0,1990.0,4010.0,1170.0,0
1868,1387,2026-03-04,34900.0,3680.0,13960.0,3970.0,0
1869,3777,2026-05-29,29300.0,6010.0,11720.0,2720.0,0
1870,2867,2026-03-05,35410.0,4660.0,14160.0,3780.0,0
1871,4789,2026-02-01,27360.0,5540.0,10940.0,3360.0,50000
1872,3364,2025-06-14,27220.0,2430.0,10890.0,3220.0,0
1873,5491,2024-08-20,16020.0,4150.0,6410.0,1510.0,0
1874,4890,2026-07-29,24410.0,5160.0,9760.0,1750.0,0
1875,4125,2026-04-14,10890.0,1340.0,4360.0,1180.0,300000
1876,149,2026-01-17,25830.0,3840.0,10330.0,3240.0,300000
1877,3851,2026-06-23,38100.0,7670.0,15240.0,4670.0,0
1878,5416,2026-03-11,21000.0,4120.0,8400.0,1780.0,50000
1879,2059,2026-05-22,23520.0,2210.0,9410.0,2400.0,0
1880,7680,2026-07-03,30340.0,5840.0,12130.0,3160.0,300000
1881,6820,2025-01-20,33960.0,6670.0,13580.0,4380.0,0
1882,1137,2024-08-31,28410.0,3870.0,11360.0,3730.0,0
1883,187,2025-12-28,20970.0,4250.0,8390.0,2420.0,300000
1884,2855,2024-11-06,19710.0,6680.0,7880.0,2390.0,150000
1885,6888,2025-10-29,32340.0,5460.0,12940.0,3580.0,0
1886,1251,2025-06-01,20240.0,3170.0,8090.0,2210.0,0
1887,1334,2024-11-15,52180.0,8720.0,20870.0,5770.0,0
1888,4194,2026-04-15,21900.0,3460.0,8760.0,1910.0,0
1889,4151,2025-01-12,26900.0,2910.0,10760.0,2260.0,0
1890,6767,2026-03-21,26830.0,5240.0,10730.0,3110.0,0
1891,2712,2025-03-28,12660.0,3150.0,5060.0,1450.0,50000
1892,4854,2026-06-20,14640.0,2120.0,5860.0,1990.0,50000
1893,4502,2025-08-05,25560.0,3640.0,10230.0,1280.0,0
1894,6213,2026-03-26,14890.0,3300.0,5960.0,2570.0,150000
1895,7480,2025-01-01,20280.0,4240.0,8110.0,2740.0,0
1896,5409,2025-05-10,26640.0,6430.0,10650.0,3440.0,0
1897,1786,2025-03-21,24910.0,5640.0,9960.0,2650.0,0
1898,7716,2025-09-27,22160.0,4010.0,8860.0,2100.0,0
1899,751,2026-06-23,15020.0,4950.0,6010.0,1680.0,150000
1900,7316,2025-04-15,27360.0,7360.0,10940.0,2760.0,300000
1901,7635,2024-11-17,24970.0,2870.0,9990.0,2500.0,0
1902,1763,2024-12-29,17510.0,2930.0,7000.0,1780.0,0
1903,7412,2025-10-20,13010.0,1750.0,5200.0,1110.0,0
1904,7659,2026-08-15,25000.0,3250.0,10000.0,2020.0,0
1905,3921,2025-11-09,18930.0,2420.0,7570.0,1820.0,0
1906,7102,2024-08-26,15500.0,1960.0,6200.0,780.0,50000
1907,7675,2024-11-06,30140.0,7400.0,12060.0,3610.0,300000
1908,4461,2024-12-21,16490.0,4350.0,6600.0,1980.0,0
1909,6123,2025-02-14,29900.0,2670.0,11960.0,4180.0,150000
1910,482,2026-07-21,24370.0,3610.0,9750.0,2650.0,300000
1911,6345,2025-12-29,29370.0,3020.0,11750.0,4100.0,300000
1912,154,2024-08-28,17280.0,2230.0,6910.0,1820.0,0
1913,7618,2026-06-24,10740.0,1200.0,4300.0,1650.0,150000
1914,1525,2024-11-01,34310.0,7610.0,13720.0,4230.0,0
1915,2121,2025-10-18,13690.0,2150.0,5480.0,1860.0,300000
1916,6857,2025-07-12,42170.0,9300.0,16870.0,3780.0,0
1917,2344,2025-02-05,29220.0,3480.0,11690.0,2670.0,0
1918,5137,2026-07-14,40250.0,5910.0,16100.0,4090.0,0
1919,5761,2025-10-03,15800.0,2650.0,6320.0,1820.0,0
1920,1241,2025-09-30,18630.0,3370.0,7450.0,2410.0,150000
1921,61,2025-03-30,14720.0,2090.0,5890.0,1500.0,300000
1922,939,2026-05-11,39830.0,6720.0,15930.0,4620.0,0
1923,1640,2025-11-01,23910.0,2630.0,9570.0,2740.0,0
1924,6186,2025-06-24,10540.0,1090.0,4220.0,1140.0,150000
1925,4121,2024-08-19,29530.0,4850.0,11810.0,2680.0,300000
1926,5159,2025-12-11,32460.0,4140.0,12980.0,4260.0,0
1927,7971,2026-04-21,24670.0,4070.0,9870.0,3040.0,50000
1928,4227,2026-04-30,44630.0,5570.0,17850.0,4950.0,0
1929,3570,2026-06-11,30900.0,4380.0,12360.0,3740.0,0
1930,1253,2026-07-04,17330.0,2350.0,6930.0,1850.0,50000
1931,4204,2025-07-22,25640.0,4670.0,10260.0,3180.0,0
1932,172,2026-04-03,18080.0,3950.0,7230.0,2020.0,0
1933,1459,2025-10-27,26930.0,4900.0,10770.0,3920.0,300000
1934,3550,2024-09-22,29330.0,6840.0,11730.0,2300.0,150000
1935,4198,2025-02-24,22000.0,3310.0,8800.0,2160.0,150000
1936,7010,2024-09-28,21570.0,2370.0,8630.0,2110.0,150000
1937,6668,2025-05-18,28510.0,3110.0,11400.0,3660.0,150000
1938,2323,2026-07-11,11970.0,2380.0,4790.0,1220.0,150000
1939,1637,2026-03-01,36450.0,5480.0,14580.0,4060.0,0
1940,3116,2025-08-22,16810.0,4720.0,6720.0,2120.0,0
1941,4091,2024-12-20,36460.0,7190.0,14580.0,3460.0,50000
1942,6961,2024-09-19,26090.0,3650.0,10440.0,3670.0,300000
1943,3005,2025-02-17,21590.0,5240.0,8630.0,2370.0,0
1944,5137,2026-06-12,40250.0,4600.0,16100.0,4090.0,0
1945,330,2025-12-21,26060.0,5450.0,10430.0,3390.0,150000
1946,3641,2025-10-23,34180.0,4150.0,13670.0,4510.0,0
1947,3895,2025-11-21,40510.0,6630.0,16200.0,3530.0,150000
1948,5617,2026-04-12,16340.0,3150.0,6540.0,1270.0,150000
1949,7983,2025-11-10,19370.0,4110.0,7750.0,2610.0,50000
1950,4108,2026-02-25,19100.0,3100.0,7640.0,1550.0,0
1951,1342,2026-02-25,31680.0,7290.0,12670.0,3540.0,0
1952,3664,2025-03-19,26210.0,2780.0,10480.0,2700.0,300000
1953,216,2024-12-05,34150.0,5960.0,13660.0,3810.0,50000
1954,339,2025-08-12,35280.0,8170.0,14110.0,2740.0,300000
1955,5896,2025-10-26,29530.0,4130.0,11810.0,3840.0,150000
1956,4063,2026-02-02,22230.0,5420.0,8890.0,3010.0,0
1957,2709,2025-01-27,21760.0,2590.0,8700.0,2140.0,0
1958,3153,2025-04-02,26770.0,5670.0,10710.0,3280.0,50000
1959,1751,2025-12-02,21060.0,3500.0,8420.0,2210.0,0
1960,5605,2024-11-03,30570.0,7200.0,12230.0,3570.0,50000
1961,2422,2025-04-10,21810.0,3460.0,8720.0,1890.0,300000
1962,7120,2025-08-25,27240.0,2580.0,10890.0,3010.0,150000
1963,710,2026-06-28,21630.0,3450.0,8650.0,1190.0,0
1964,5320,2025-01-09,11150.0,2520.0,4460.0,1280.0,300000
1965,7705,2024-12-20,35430.0,6920.0,14170.0,4910.0,300000
1966,6610,2025-01-23,25010.0,3680.0,10000.0,3040.0,150000
1967,5209,2026-05-27,34600.0,6870.0,13840.0,3030.0,0
1968,5388,2024-10-08,25230.0,5440.0,10090.0,2670.0,0
1969,3727,2025-10-26,75620.0,2790.0,30250.0,3120.0,0
1970,3643,2025-09-24,16510.0,1990.0,6600.0,1660.0,0
1971,3994,2025-05-26,23010.0,4370.0,9210.0,2880.0,0
1972,489,2026-07-31,18710.0,2030.0,7480.0,2450.0,150000
1973,5658,2025-08-29,25150.0,2140.0,10060.0,3140.0,50000
1974,47,2024-12-15,17960.0,3020.0,7180.0,2180.0,300000
1975,3360,2025-06-05,23560.0,3870.0,9420.0,3140.0,300000
1976,4874,2026-07-25,34830.0,6280.0,13930.0,5460.0,0
1977,5136,2025-02-15,24460.0,2380.0,9780.0,1930.0,0
1978,4807,2025-06-22,24530.0,2530.0,9810.0,2850.0,150000
1979,401,2024-10-04,29570.0,4550.0,11830.0,2910.0,0
1980,3991,2026-05-19,23970.0,2990.0,9590.0,3420.0,0
1981,5914,2025-01-06,29550.0,4740.0,11820.0,1760.0,300000
1982,7125,2024-10-29,37690.0,6590.0,15080.0,3530.0,300000
1983,3158,2025-08-12,17150.0,2300.0,6860.0,1670.0,50000
1984,4346,2025-04-15,23080.0,5530.0,9230.0,2340.0,50000
1985,391,2024-11-27,12430.0,2770.0,4970.0,1390.0,0
1986,3854,2025-07-12,16700.0,2070.0,6680.0,1430.0,50000
1987,4431,2025-09-20,23490.0,3860.0,9390.0,3050.0,0
1988,629,2025-02-15,34460.0,5020.0,13790.0,2200.0,0
1989,7687,2025-04-23,27040.0,5250.0,10820.0,2770.0,0
1990,4233,2026-07-28,24390.0,5260.0,9760.0,2550.0,0
1991,2931,2026-07-23,30200.0,2850.0,12080.0,3430.0,0
1992,6832,2026-06-26,16900.0,3380.0,6760.0,1350.0,50000
1993,1522,2026-07-03,11000.0,1310.0,4400.0,1180.0,150000
1994,827,2025-11-30,19190.0,4100.0,7680.0,1810.0,0
1995,4823,2025-11-25,20260.0,5380.0,8100.0,2970.0,150000
1996,1501,2025-03-20,17350.0,3500.0,6940.0,2020.0,150000
1997,6738,2025-04-01,40610.0,3910.0,16240.0,4740.0,50000
1998,3295,2026-03-19,30520.0,6870.0,12210.0,3120.0,0
1999,5086,2025-10-31,29490.0,5020.0,11800.0,2820.0,300000
2000,2420,2025-03-25,16170.0,2290.0,6470.0,1790.0,0
2001,935,2025-09-07,13450.0,2990.0,5380.0,1460.0,0
2002,3043,2025-04-21,29330.0,4380.0,11730.0,3200.0,0
2003,4498,2025-01-11,24560.0,3420.0,9820.0,2540.0,0
2004,1467,2025-03-15,22000.0,5190.0,8800.0,2740.0,50000
2005,3562,2024-10-30,36970.0,3280.0,14790.0,3950.0,0
2006,615,2026-06-26,17030.0,2920.0,6810.0,1700.0,0
2007,5393,2025-09-27,5200.0,630.0,2080.0,800.0,150000
2008,7694,2025-09-08,28830.0,3770.0,11530.0,2500.0,50000
2009,1183,2024-11-04,33320.0,7640.0,13330.0,4140.0,0
2010,3224,2026-04-16,28310.0,6050.0,11320.0,3340.0,0
2011,7139,2025-07-19,23980.0,5950.0,9590.0,1960.0,150000
2012,2668,2024-09-30,40590.0,5840.0,16240.0,4740.0,150000
2013,6332,2025-09-21,27180.0,4090.0,10870.0,2850.0,0
2014,7981,2025-06-30,28770.0,3930.0,11510.0,3540.0,50000
2015,5218,2025-10-27,28050.0,7220.0,11220.0,3790.0,150000
2016,131,2025-05-14,23620.0,2120.0,9450.0,3690.0,300000
2017,6949,2024-09-17,14660.0,1280.0,5870.0,1260.0,0
2018,5291,2025-05-10,43660.0,4440.0,17460.0,4860.0,150000
2019,2984,2024-09-07,16900.0,2380.0,6760.0,2170.0,300000
2020,7130,2024-12-03,35050.0,4670.0,14020.0,3440.0,150000
2021,4279,2025-05-16,17480.0,4400.0,6990.0,1700.0,0
2022,7127,2026-01-30,40250.0,8450.0,16100.0,4820.0,150000
2023,4460,2026-03-12,28770.0,2330.0,11510.0,3780.0,150000
2024,39,2025-03-25,34900.0,4830.0,13960.0,3890.0,0
2025,7695,2024-09-12,23610.0,3370.0,9440.0,2790.0,0
2026,3960,2025-07-16,31760.0,4560.0,12710.0,3260.0,150000
2027,6641,2026-04-25,24350.0,5070.0,9740.0,1980.0,0
2028,3588,2026-05-06,15860.0,5790.0,6340.0,1300.0,0
2029,5469,2024-10-17,33430.0,5950.0,13370.0,3840.0,0
2030,7126,2026-08-13,25320.0,3070.0,10130.0,1350.0,50000
2031,921,2025-04-08,36490.0,5840.0,14590.0,4950.0,0
2032,7565,2025-02-14,29130.0,3450.0,11650.0,2830.0,150000
2033,2770,2026-02-13,34270.0,6040.0,13710.0,2180.0,0
2034,7329,2026-04-07,37920.0,5130.0,15170.0,4620.0,300000
2035,4112,2025-01-05,17970.0,2500.0,7190.0,1740.0,0
2036,493,2024-10-31,26500.0,4410.0,10600.0,2650.0,300000
2037,5546,2025-02-05,19860.0,3850.0,7940.0,1280.0,50000
2038,1132,2025-02-25,18270.0,1660.0,7310.0,1890.0,300000
2039,7038,2026-06-16,25530.0,6580.0,10210.0,2300.0,300000
2040,3522,2025-10-25,30650.0,5290.0,12260.0,4080.0,0
2041,311,2025-08-12,22470.0,2810.0,8990.0,2040.0,0
2042,739,2025-10-18,23100.0,3430.0,9240.0,1710.0,0
2043,3242,2024-12-06,26640.0,5430.0,10650.0,3430.0,0
2044,546,2024-12-09,22340.0,4860.0,8940.0,1750.0,0
2045,2462,2024-11-01,36850.0,8280.0,14740.0,4320.0,0
2046,4347,2026-01-26,17860.0,4060.0,7140.0,2660.0,50000
2047,4855,2025-09-22,10610.0,2470.0,4240.0,940.0,50000
2048,1805,2024-09-19,30500.0,5330.0,12200.0,3690.0,0
2049,3213,2025-07-11,25220.0,4920.0,10090.0,2020.0,0
2050,5394,2026-05-15,24840.0,2800.0,9940.0,3700.0,0
2051,7584,2026-05-31,19680.0,2630.0,7870.0,2020.0,150000
2052,5728,2025-08-24,23860.0,4240.0,9550.0,2390.0,300000
2053,3811,2026-03-09,25360.0,2480.0,10140.0,2550.0,50000
2054,6011,2025-04-12,32310.0,6210.0,12920.0,4310.0,300000
2055,7207,2026-03-28,28260.0,5010.0,11300.0,3110.0,300000
2056,814,2025-11-21,20680.0,4990.0,8270.0,1690.0,0
2057,4125,2024-10-20,10890.0,1200.0,4360.0,1180.0,300000
2058,5054,2025-11-12,12880.0,2830.0,5150.0,1690.0,150000
2059,2033,2025-08-29,28560.0,5330.0,11420.0,2310.0,150000
2060,4573,2025-12-25,25430.0,6560.0,10170.0,2740.0,0
2061,4414,2024-12-05,27480.0,5350.0,10990.0,3240.0,50000
2062,245,2026-03-12,14960.0,1850.0,5980.0,1740.0,50000
2063,4844,2025-07-22,30300.0,2830.0,12120.0,3010.0,0
2064,4793,2026-08-17,20330.0,4430.0,8130.0,2320.0,0
2065,272,2026-08-19,22340.0,4800.0,8940.0,3070.0,150000
2066,3512,2026-04-27,29500.0,2320.0,11800.0,4070.0,150000
2067,1772,2026-03-25,21990.0,2960.0,8800.0,3040.0,300000
2068,1263,2026-07-05,36040.0,5440.0,14410.0,3910.0,0
2069,2425,2025-02-01,22170.0,3650.0,8870.0,2170.0,0
2070,4362,2025-09-11,17840.0,2290.0,7130.0,1660.0,300000
2071,7070,2025-02-07,14030.0,2500.0,5610.0,1420.0,0
2072,921,2025-08-12,36490.0,9260.0,14590.0,4950.0,0
2073,3431,2026-04-18,18400.0,3460.0,7360.0,2060.0,0
2074,4436,2025-06-29,25360.0,5100.0,10140.0,3250.0,300000
2075,4485,2025-06-14,35070.0,3120.0,14030.0,3920.0,150000
2076,2625,2025-06-23,23950.0,3980.0,9580.0,2580.0,0
2077,3761,2024-10-19,28170.0,3500.0,11270.0,3730.0,0
2078,2051,2025-06-04,28950.0,7650.0,11580.0,3220.0,0
2079,3501,2025-04-18,15870.0,2590.0,6350.0,1840.0,150000
2080,1166,2025-12-05,17930.0,2350.0,7170.0,2270.0,300000
2081,376,2024-10-06,16970.0,4820.0,6790.0,2220.0,0
2082,7838,2025-06-15,13140.0,1890.0,5260.0,1390.0,50000
2083,2034,2025-04-22,24860.0,4610.0,9940.0,3380.0,0
2084,6468,2025-02-08,24290.0,3540.0,9710.0,2820.0,50000
2085,146,2026-08-06,17910.0,4290.0,7170.0,2600.0,0
2086,6078,2026-05-27,23840.0,3080.0,9540.0,3180.0,0
2087,4389,2026-05-21,32770.0,4910.0,13110.0,3200.0,0
2088,7833,2026-02-23,23420.0,3520.0,9370.0,2080.0,0
2089,432,2024-08-28,20540.0,4640.0,8220.0,2570.0,0
2090,705,2025-12-11,40700.0,5030.0,16280.0,5410.0,0
2091,7093,2025-09-13,28170.0,3430.0,11270.0,2040.0,0
2092,6095,2025-06-11,27510.0,2580.0,11000.0,2300.0,50000
2093,2633,2026-07-15,27180.0,6480.0,10870.0,3210.0,300000
2094,4495,2024-10-28,33020.0,4330.0,13210.0,3460.0,0
2095,6961,2026-07-22,26090.0,5950.0,10440.0,3670.0,0
2096,7512,2025-02-21,20870.0,3930.0,8350.0,2180.0,0
2097,964,2026-01-01,18740.0,3400.0,7500.0,1920.0,0
2098,7308,2025-06-29,19660.0,3570.0,7870.0,2710.0,300000
2099,2235,2024-09-02,22560.0,2930.0,9020.0,2430.0,0
2100,2042,2025-03-27,48160.0,5400.0,19260.0,5620.0,50000
2101,1829,2025-12-11,32450.0,3860.0,12980.0,3480.0,0
2102,2109,2024-09-03,35380.0,2980.0,14150.0,4090.0,0
2103,4069,2025-08-23,19670.0,2990.0,7870.0,2460.0,0
2104,939,2025-06-04,39830.0,6880.0,15930.0,4620.0,150000
2105,7548,2025-01-05,13000.0,2800.0,5200.0,1590.0,0
2106,4806,2026-07-09,29280.0,2550.0,11710.0,3590.0,0
2107,807,2025-12-23,40960.0,5470.0,16390.0,4940.0,300000
2108,1464,2026-03-19,35760.0,4010.0,14300.0,3490.0,0
2109,7487,2025-05-20,18930.0,2050.0,7570.0,2430.0,50000
2110,5422,2024-11-26,20540.0,2210.0,8220.0,1740.0,300000
2111,3416,2026-07-29,41650.0,5040.0,16660.0,5220.0,150000
2112,11,2024-09-19,17770.0,2190.0,7110.0,2230.0,50000
2113,5182,2025-07-12,16400.0,3020.0,6560.0,820.0,0
2114,1869,2025-07-19,18700.0,2440.0,7480.0,2380.0,0
2115,6370,2024-12-19,13020.0,1800.0,5210.0,1860.0,300000
2116,7321,2025-10-04,14090.0,4050.0,5640.0,1220.0,50000
2117,7879,2026-04-23,16840.0,1690.0,6740.0,1330.0,0
2118,6708,2026-02-09,33030.0,6280.0,13210.0,3960.0,50000
2119,4868,2026-07-08,31590.0,2990.0,12640.0,3900.0,0
2120,5691,2025-09-20,24150.0,6220.0,9660.0,3180.0,0
2121,5704,2025-01-24,19310.0,4090.0,7720.0,2500.0,0
2122,7828,2026-01-03,14150.0,2600.0,5660.0,1370.0,150000
2123,7743,2025-10-09,41060.0,5180.0,16430.0,4460.0,300000
2124,5430,2024-08-28,31530.0,6690.0,12610.0,3880.0,300000
2125,885,2025-06-02,16770.0,1450.0,6710.0,1380.0,0
2126,7411,2026-03-14,15470.0,2640.0,6190.0,2060.0,300000
2127,3565,2025-10-06,20060.0,2230.0,8020.0,2370.0,150000
2128,1390,2024-10-02,20760.0,2420.0,8300.0,1260.0,0
2129,3402,2024-10-06,27420.0,3210.0,10970.0,2890.0,0
2130,7275,2025-10-22,20330.0,2020.0,8130.0,2460.0,0
2131,4322,2025-05-10,37010.0,4270.0,14800.0,5190.0,300000
2132,825,2025-04-15,34340.0,5620.0,13740.0,3340.0,0
2133,2266,2024-11-02,11790.0,1340.0,4720.0,1490.0,0
2134,937,2024-10-14,13450.0,2130.0,5380.0,1740.0,50000
2135,2801,2025-03-23,13810.0,2930.0,5520.0,1510.0,0
2136,2554,2026-01-06,20830.0,3170.0,8330.0,1830.0,50000
2137,6403,2026-05-19,21820.0,4440.0,8730.0,3030.0,0
2138,6008,2025-03-15,26200.0,4710.0,10480.0,2850.0,300000
2139,3846,2025-09-15,15440.0,2320.0,6180.0,1640.0,50000
2140,7685,2025-07-18,37430.0,5310.0,14970.0,4800.0,300000
2141,1797,2026-04-30,35810.0,3520.0,14330.0,3240.0,0
2142,54,2025-06-10,22440.0,4860.0,8970.0,1950.0,300000
2143,7215,2025-01-13,24520.0,5510.0,9810.0,2300.0,50000
2144,727,2026-01-08,12860.0,1540.0,5140.0,1270.0,0
2145,2737,2026-02-03,21510.0,3610.0,8610.0,2040.0,0
2146,5641,2026-03-01,31910.0,5570.0,12760.0,3910.0,0
2147,3171,2024-11-18,27300.0,3250.0,10920.0,2630.0,0
2148,5140,2025-05-26,25010.0,4760.0,10000.0,3090.0,300000
2149,1914,2024-08-20,30830.0,6190.0,12330.0,2990.0,150000
2150,5873,2026-04-30,18910.0,3710.0,7560.0,2270.0,150000
2151,1597,2025-07-06,27530.0,2740.0,11010.0,3670.0,0
2152,1915,2024-10-25,21140.0,4260.0,8460.0,2800.0,0
2153,7658,2024-11-24,26450.0,4350.0,10580.0,2930.0,0
2154,2467,2025-06-18,43500.0,6410.0,17400.0,3780.0,0
2155,2738,2025-04-27,25410.0,3170.0,10160.0,3140.0,0
2156,850,2024-09-14,20470.0,2180.0,8190.0,1960.0,0
2157,2110,2025-11-15,22190.0,2710.0,8880.0,3370.0,0
2158,7313,2026-06-19,9120.0,2140.0,3650.0,1160.0,50000
2159,6360,2025-12-12,16470.0,1780.0,6590.0,1380.0,150000
2160,3,2025-06-07,25510.0,4710.0,10210.0,3950.0,50000
2161,4256,2026-05-17,18120.0,2960.0,7250.0,1990.0,0
2162,7907,2024-08-22,11950.0,3190.0,4780.0,1330.0,300000
2163,4070,2025-10-24,46690.0,8100.0,18680.0,5820.0,0
2164,4877,2025-01-13,31500.0,5900.0,12600.0,3230.0,50000
2165,7288,2025-10-01,37280.0,8630.0,14910.0,3990.0,150000
2166,893,2024-09-30,25840.0,4060.0,10330.0,3140.0,0
2167,2031,2025-02-12,29570.0,5180.0,11830.0,2790.0,300000
2168,3161,2025-04-04,36160.0,4530.0,14470.0,2610.0,0
2169,2377,2025-04-24,31520.0,7340.0,12610.0,2980.0,0
2170,4676,2026-03-03,18250.0,2420.0,7300.0,2020.0,0
2171,1934,2025-01-04,30930.0,5430.0,12370.0,3790.0,0
2172,1381,2025-11-26,37460.0,4390.0,14980.0,4220.0,300000
2173,3682,2025-04-02,31940.0,4860.0,12780.0,3410.0,0
2174,1291,2024-11-21,32800.0,3910.0,13120.0,3700.0,150000
2175,1641,2024-10-25,17890.0,3410.0,7160.0,2020.0,50000
2176,5048,2025-05-10,21870.0,3860.0,8750.0,2010.0,150000
2177,7491,2025-10-18,16110.0,2570.0,6440.0,1210.0,0
2178,2683,2024-10-28,17090.0,5000.0,6840.0,1790.0,0
2179,988,2025-05-09,22100.0,6130.0,8840.0,3010.0,0
2180,7709,2026-02-10,16050.0,2030.0,6420.0,2270.0,0
2181,7817,2025-08-02,17840.0,2680.0,7140.0,1840.0,150000
2182,1219,2026-08-09,10350.0,1970.0,4140.0,900.0,50000
2183,5017,2025-10-05,27220.0,3530.0,10890.0,2220.0,150000
2184,6882,2024-10-23,17580.0,4040.0,7030.0,1600.0,150000
2185,1356,2025-01-11,21490.0,5720.0,8600.0,2100.0,0
2186,4266,2026-04-20,25130.0,4010.0,10050.0,3330.0,0
2187,4617,2025-07-09,16350.0,3170.0,6540.0,1540.0,0
2188,5583,2026-08-04,35010.0,3350.0,14000.0,4860.0,0
2189,4136,2025-12-09,33540.0,6290.0,13420.0,3500.0,50000
2190,1561,2025-04-25,9300.0,1580.0,3720.0,1210.0,50000
2191,7429,2026-04-15,40710.0,8940.0,16290.0,4400.0,0
2192,1419,2026-05-15,31950.0,6170.0,12780.0,3770.0,300000
2193,955,2025-11-05,22840.0,3240.0,9130.0,1700.0,0
2194,7394,2026-08-08,15590.0,2540.0,6240.0,1690.0,0
2195,984,2024-10-01,25400.0,3440.0,10160.0,2890.0,0
2196,7292,2026-05-30,30370.0,3020.0,12150.0,3730.0,300000
2197,975,2025-11-13,43680.0,9040.0,17470.0,4100.0,0
2198,4134,2025-05-25,19240.0,3600.0,7700.0,3240.0,0
2199,6472,2025-09-21,16680.0,2090.0,6670.0,1730.0,50000
2200,5371,2025-02-25,24830.0,3120.0,9930.0,2590.0,300000
2201,3973,2024-10-12,18500.0,1950.0,7400.0,2160.0,50000
2202,5296,2026-04-03,19110.0,2570.0,7640.0,2020.0,0
2203,5722,2025-11-27,16610.0,3060.0,6640.0,1630.0,0
2204,914,2026-07-15,38230.0,5090.0,15290.0,3610.0,150000
2205,4550,2025-11-10,22280.0,3500.0,8910.0,2470.0,150000
2206,37,2024-11-02,32690.0,4110.0,13070.0,4030.0,0
2207,3388,2024-10-07,9370.0,2230.0,3750.0,1300.0,50000
2208,1712,2025-12-29,23090.0,2760.0,9240.0,2620.0,150000
2209,3021,2026-02-13,13260.0,2630.0,5300.0,1580.0,300000
2210,796,2026-04-05,14420.0,2820.0,5770.0,1980.0,0
2211,4037,2025-04-15,19320.0,3620.0,7730.0,2290.0,300000
2212,5069,2025-09-16,32210.0,4870.0,12880.0,2700.0,0
2213,4689,2026-03-26,20070.0,3210.0,8030.0,1840.0,50000
2214,5234,2025-03-10,29510.0,6880.0,11800.0,4660.0,50000
2215,3112,2024-12-31,24930.0,5030.0,9970.0,3420.0,0
2216,1325,2026-05-10,15170.0,2180.0,6070.0,1670.0,50000
2217,6368,2024-11-12,22390.0,2430.0,8960.0,2470.0,0
2218,318,2024-12-14,37500.0,7370.0,15000.0,4220.0,0
2219,2397,2026-01-07,27650.0,6170.0,11060.0,3350.0,0
2220,2163,2026-05-10,45260.0,9840.0,18100.0,4870.0,0
2221,2746,2026-02-04,21490.0,2140.0,8590.0,2900.0,300000
2222,5443,2025-09-16,39760.0,7110.0,15900.0,4580.0,300000
2223,1592,2026-02-16,22630.0,2780.0,9050.0,2160.0,300000
2224,3112,2024-12-20,24930.0,3800.0,9970.0,3420.0,150000
2225,5986,2024-10-27,30160.0,4190.0,12060.0,3430.0,0
2226,6184,2025-05-01,27820.0,3920.0,11130.0,3780.0,0
2227,3931,2026-05-24,34270.0,4510.0,13710.0,3220.0,150000
2228,1997,2025-07-27,23380.0,3830.0,9350.0,2460.0,0
2229,5869,2025-12-03,19940.0,2440.0,7980.0,2170.0,0
2230,1313,2025-04-09,19960.0,2570.0,7990.0,1950.0,0
2231,1286,2026-07-18,21650.0,5070.0,8660.0,2540.0,0
2232,4312,2026-06-17,24150.0,3820.0,9660.0,2650.0,150000
2233,7315,2025-01-18,19110.0,3160.0,7640.0,2150.0,0
2234,2384,2024-10-26,26060.0,6150.0,10420.0,2380.0,50000
2235,3240,2025-04-10,26040.0,3950.0,10420.0,3580.0,0
2236,2140,2026-01-14,29800.0,3810.0,11920.0,3500.0,50000
2237,6497,2025-12-10,23610.0,2860.0,9440.0,2650.0,0
2238,6715,2026-05-29,32750.0,4030.0,13100.0,3560.0,0
2239,7739,2025-01-06,20360.0,2170.0,8140.0,2540.0,50000
2240,6960,2026-06-16,32570.0,5220.0,13030.0,4120.0,50000
2241,1705,2025-03-08,24330.0,3540.0,9730.0,2840.0,0
2242,6925,2026-01-18,17630.0,1880.0,7050.0,2000.0,0
2243,363,2026-02-10,27460.0,2770.0,10980.0,3580.0,0
2244,2605,2024-12-31,30440.0,4940.0,12180.0,3650.0,0
2245,7513,2024-10-01,33870.0,5640.0,13550.0,4660.0,0
2246,1717,2025-07-26,23620.0,7220.0,9450.0,2870.0,300000
2247,5290,2026-07-30,20160.0,2340.0,8060.0,2440.0,50000
2248,4452,2025-11-30,20310.0,3610.0,8120.0,1940.0,0
2249,4287,2026-04-08,20190.0,2500.0,8080.0,3080.0,50000
2250,3739,2025-04-17,23480.0,4810.0,9390.0,2740.0,150000
2251,2470,2026-06-01,28100.0,5820.0,11240.0,2520.0,0
2252,4796,2026-04-23,19290.0,2520.0,7720.0,1980.0,150000
2253,6151,2025-10-19,30570.0,5330.0,12230.0,4430.0,0
2254,6277,2026-01-07,12470.0,3560.0,4990.0,1290.0,50000
2255,7915,2025-10-29,28270.0,3780.0,11310.0,3190.0,150000
2256,557,2025-03-04,43950.0,5940.0,17580.0,5500.0,150000
2257,826,2026-02-07,6320.0,900.0,2530.0,800.0,0
2258,2809,2026-02-14,19900.0,3390.0,7960.0,1900.0,0
2259,5151,2026-01-03,33010.0,7880.0,13200.0,4100.0,0
2260,6679,2024-10-18,15710.0,2720.0,6280.0,1290.0,0
2261,4522,2025-11-21,20040.0,2320.0,8020.0,2620.0,0
2262,7562,2025-07-22,16220.0,2120.0,6490.0,1900.0,300000
2263,2720,2025-02-13,41840.0,8160.0,16740.0,4300.0,150000
2264,6507,2026-03-01,20640.0,4380.0,8250.0,2900.0,150000
2265,3509,2025-01-22,18310.0,3130.0,7320.0,1880.0,300000
2266,3742,2025-10-20,20810.0,4910.0,8320.0,3320.0,300000
2267,1575,2025-05-18,13590.0,1800.0,5440.0,1630.0,50000
2268,3999,2026-02-09,23520.0,3300.0,9410.0,3180.0,0
2269,2130,2024-09-19,21900.0,2530.0,8760.0,2610.0,300000
2270,2404,2025-01-24,33450.0,5140.0,13380.0,4270.0,300000
2271,3330,2025-05-19,28040.0,3370.0,11220.0,3750.0,300000
2272,7886,2025-04-07,18590.0,2550.0,7440.0,1810.0,300000
2273,589,2026-08-12,10930.0,1500.0,4370.0,1260.0,50000
2274,2013,2025-03-18,28520.0,6930.0,11410.0,2320.0,150000
2275,1548,2025-01-21,25280.0,5380.0,10110.0,3420.0,50000
2276,295,2025-06-25,28260.0,5300.0,11300.0,3070.0,150000
2277,1986,2026-05-30,15860.0,2800.0,6340.0,1790.0,300000
2278,5344,2025-10-26,18410.0,3240.0,7360.0,2120.0,150000
2279,5645,2024-10-10,34000.0,7250.0,13600.0,4460.0,0
2280,3118,2025-03-17,9820.0,1390.0,3930.0,1280.0,0
2281,1691,2025-12-22,45340.0,8440.0,18140.0,5820.0,50000
2282,1137,2026-05-31,28410.0,3150.0,11360.0,3730.0,300000
2283,5353,2025-03-27,18030.0,2960.0,7210.0,2440.0,50000
2284,2065,2024-10-27,20640.0,3850.0,8250.0,2450.0,0
2285,4456,2025-03-09,43370.0,7120.0,17350.0,3800.0,0
2286,7391,2025-04-09,17580.0,2120.0,7030.0,2470.0,300000
2287,7010,2025-01-08,21570.0,4490.0,8630.0,2110.0,0
2288,4796,2025-08-11,19290.0,4570.0,7720.0,1980.0,0
2289,4544,2026-02-27,25740.0,6220.0,10300.0,2570.0,300000
2290,7000,2024-11-15,37130.0,5520.0,14850.0,0.0,50000
2291,6509,2025-08-08,29050.0,3350.0,11620.0,2820.0,0
2292,4771,2024-10-29,25510.0,2780.0,10210.0,2450.0,50000
2293,1008,2025-04-14,18960.0,2860.0,7580.0,1660.0,50000
2294,5446,2025-01-31,22620.0,3200.0,9050.0,2190.0,0
2295,2515,2026-05-17,9860.0,2860.0,3950.0,1000.0,0
2296,6558,2024-08-22,32790.0,6070.0,13110.0,2800.0,0
2297,3527,2025-01-04,28100.0,3430.0,11240.0,1580.0,0
2298,4682,2024-09-13,16510.0,2450.0,6600.0,1580.0,0
2299,5353,2025-06-20,18030.0,2350.0,7210.0,2440.0,0
2300,1248,2026-08-18,15030.0,2680.0,6010.0,1840.0,300000
2301,5090,2024-12-24,27780.0,3970.0,11110.0,4130.0,150000
2302,3903,2025-12-03,32460.0,5800.0,12980.0,4010.0,0
2303,1436,2025-10-22,17660.0,3270.0,7060.0,1820.0,0
2304,572,2025-10-12,21020.0,4530.0,8410.0,2340.0,0
2305,2383,2025-05-21,16650.0,2900.0,6660.0,1660.0,150000
2306,1246,2024-12-05,17960.0,3000.0,7190.0,1820.0,150000
2307,2085,2026-06-14,19990.0,2540.0,8000.0,2450.0,50000
2308,5085,2025-02-01,21540.0,5510.0,8620.0,2490.0,50000
2309,278,2026-07-07,19910.0,5340.0,7970.0,1570.0,150000
2310,5316,2024-11-07,27030.0,6390.0,10810.0,3340.0,0
2311,7060,2026-03-03,8820.0,2240.0,3530.0,1090.0,0
2312,1888,2025-05-13,34290.0,6640.0,13720.0,3140.0,50000
2313,4580,2025-10-26,13790.0,2760.0,5520.0,1050.0,0
2314,1266,2025-07-08,31480.0,6620.0,12590.0,4830.0,50000
2315,7492,2026-07-08,19390.0,2420.0,7750.0,1680.0,0
2316,4827,2026-06-26,15860.0,4330.0,6350.0,2080.0,0
2317,6336,2025-01-13,25710.0,3570.0,10280.0,3010.0,0
2318,1041,2025-09-10,13840.0,3100.0,5540.0,1540.0,150000
2319,6668,2025-08-20,28510.0,5270.0,11400.0,3660.0,150000
2320,918,2024-09-15,22590.0,3840.0,9040.0,3280.0,50000
2321,6545,2026-06-18,19950.0,3680.0,7980.0,2180.0,0
2322,886,2026-01-17,18200.0,2290.0,7280.0,2240.0,0
2323,2753,2025-11-30,33670.0,6990.0,13470.0,3800.0,50000
2324,22,2026-06-26,18540.0,3400.0,7420.0,2190.0,0
2325,4570,2025-07-21,24720.0,3080.0,9890.0,1780.0,0
2326,3192,2025-04-30,26460.0,4320.0,10590.0,3260.0,0
2327,6354,2025-01-10,36660.0,3490.0,14670.0,4190.0,0
2328,2354,2026-03-13,46640.0,4370.0,18660.0,5850.0,0
2329,7438,2026-03-12,13390.0,2810.0,5360.0,1420.0,150000
2330,4800,2026-04-21,43850.0,3640.0,17540.0,4700.0,150000
2331,687,2026-01-07,29000.0,3350.0,11600.0,4340.0,0
2332,285,2025-04-04,18240.0,3270.0,7300.0,2050.0,300000
2333,4812,2026-05-23,33790.0,5850.0,13520.0,3200.0,300000
2334,3748,2024-11-04,34400.0,4010.0,13760.0,3180.0,300000
2335,763,2025-02-01,34850.0,4940.0,13940.0,4040.0,0
2336,5347,2025-10-09,28180.0,4070.0,11270.0,2320.0,0
2337,5044,2026-04-14,17810.0,3610.0,7120.0,1400.0,150000
2338,2429,2026-03-17,31560.0,5460.0,12620.0,2770.0,300000
2339,2508,2026-02-20,13890.0,1990.0,5560.0,1610.0,300000
2340,5127,2026-01-16,12430.0,2260.0,4970.0,1040.0,150000
2341,29,2026-03-31,16280.0,1830.0,6510.0,1780.0,0
2342,907,2025-11-11,28790.0,4120.0,11520.0,2280.0,300000
2343,3105,2025-03-11,22280.0,3080.0,8910.0,2730.0,150000
2344,7814,2025-11-22,41050.0,4320.0,16420.0,5470.0,0
2345,7023,2025-05-05,20820.0,3080.0,8330.0,2900.0,0
2346,6223,2025-08-24,26720.0,3110.0,10690.0,2590.0,0
2347,4000,2026-06-16,28510.0,4960.0,11410.0,3140.0,50000
2348,2995,2024-12-07,36140.0,3290.0,14460.0,3620.0,0
2349,2507,2024-10-19,21440.0,3750.0,8580.0,1910.0,150000
2350,4666,2024-12-18,29820.0,4400.0,11930.0,2760.0,300000
2351,6103,2024-10-19,29040.0,5210.0,11620.0,3000.0,300000
2352,3610,2026-08-11,28190.0,4020.0,11280.0,2960.0,0
2353,3554,2024-10-13,19920.0,2260.0,7970.0,1510.0,0
2354,1454,2024-09-19,30860.0,4550.0,12350.0,3010.0,150000
2355,4834,2025-09-18,20300.0,3180.0,8120.0,2880.0,0
2356,3357,2026-04-08,29610.0,4020.0,11840.0,4250.0,50000
2357,516,2026-01-13,31230.0,4550.0,12490.0,5020.0,50000
2358,6097,2025-09-19,10790.0,2160.0,4320.0,1450.0,0
2359,7267,2025-04-27,30300.0,4830.0,12120.0,3540.0,300000
2360,6541,2024-09-24,35340.0,7310.0,14130.0,4200.0,0
2361,7657,2025-06-12,34550.0,6930.0,13820.0,2680.0,0
2362,39,2025-05-18,34900.0,5930.0,13960.0,3890.0,0
2363,3343,2026-03-17,22120.0,3430.0,8850.0,3090.0,300000
2364,887,2026-04-27,42790.0,8610.0,17120.0,4100.0,0
2365,2845,2025-04-25,27050.0,4950.0,10820.0,2380.0,0
2366,2205,2026-04-19,36430.0,6140.0,14570.0,3560.0,0
2367,1099,2026-01-20,35260.0,4800.0,14110.0,4400.0,0
2368,7028,2026-05-14,37780.0,4070.0,15110.0,2500.0,0
2369,1824,2024-09-05,28320.0,3610.0,11330.0,3100.0,0
2370,3202,2026-01-30,27000.0,4440.0,10800.0,2190.0,50000
2371,5807,2025-03-27,21280.0,4270.0,8510.0,2310.0,0
2372,5070,2025-05-02,33790.0,6140.0,13520.0,2820.0,150000
2373,3156,2026-06-01,23260.0,5930.0,9300.0,1820.0,0
2374,3094,2026-05-29,19580.0,3120.0,7830.0,2800.0,0
2375,3531,2026-04-04,21100.0,5370.0,8440.0,1930.0,50000
2376,5659,2025-06-01,21090.0,4720.0,8430.0,2370.0,0
2377,3779,2025-06-09,14520.0,1470.0,5810.0,1570.0,0
2378,2897,2025-10-26,20240.0,4160.0,8100.0,3220.0,150000
2379,3454,2026-04-01,13680.0,3190.0,5470.0,1230.0,0
2380,6892,2025-08-07,15410.0,3540.0,6170.0,1860.0,150000
2381,3512,2025-03-31,29500.0,3040.0,11800.0,4070.0,150000
2382,7772,2025-08-13,27870.0,3750.0,11150.0,1970.0,0
2383,989,2024-08-30,23300.0,2100.0,9320.0,1820.0,0
2384,4117,2025-08-05,11750.0,3000.0,4700.0,1090.0,150000
2385,6447,2025-10-31,22670.0,6420.0,9070.0,2330.0,300000
2386,4965,2026-02-01,22320.0,4610.0,8930.0,2770.0,0
2387,4027,2024-12-23,23310.0,6190.0,9320.0,3380.0,0
2388,4180,2025-03-23,23640.0,4720.0,9450.0,1940.0,0
2389,7942,2026-07-01,22810.0,4040.0,9120.0,0.0,150000
2390,1683,2025-02-27,26100.0,3830.0,10440.0,3100.0,0
2391,6073,2025-11-05,27970.0,4830.0,11190.0,2060.0,0
2392,7621,2025-09-22,52850.0,4030.0,21140.0,3420.0,150000
2393,5507,2025-07-08,26310.0,4890.0,10520.0,4070.0,0
2394,5627,2026-05-31,24610.0,3040.0,9840.0,2600.0,0
2395,7425,2025-10-08,12040.0,3420.0,4820.0,1740.0,0
2396,4666,2025-05-22,29820.0,6920.0,11930.0,2760.0,300000
2397,3964,2024-09-22,32280.0,4090.0,12910.0,3820.0,300000
2398,934,2025-06-03,32520.0,6170.0,13010.0,3920.0,300000
2399,3599,2025-03-18,19200.0,4140.0,7680.0,2420.0,0
2400,3234,2026-01-07,23100.0,4250.0,9240.0,2810.0,0
2401,1981,2025-04-14,22110.0,3030.0,8850.0,2260.0,0
2402,7331,2025-09-30,29360.0,4070.0,11740.0,3020.0,0
2403,1856,2024-09-07,23030.0,2080.0,9210.0,3600.0,150000
2404,3057,2026-06-02,30290.0,5390.0,12120.0,3580.0,150000
2405,793,2025-04-30,26100.0,6020.0,10440.0,3890.0,50000
2406,792,2026-06-26,38510.0,4800.0,15400.0,6050.0,50000
2407,7692,2025-04-30,44380.0,6280.0,17750.0,6410.0,0
2408,1810,2026-02-23,28060.0,6470.0,11220.0,4100.0,0
2409,5391,2025-06-20,22070.0,3490.0,8830.0,2720.0,0
2410,6636,2026-02-23,29410.0,3460.0,11760.0,2620.0,300000
2411,2256,2025-04-21,25540.0,4040.0,10210.0,3210.0,0
2412,3611,2024-11-07,23640.0,4900.0,9450.0,3310.0,0
2413,1608,2026-07-31,29460.0,6280.0,11780.0,3540.0,150000
2414,5180,2026-07-08,18010.0,4020.0,7200.0,1260.0,0
2415,6574,2026-01-20,28500.0,4910.0,11400.0,2890.0,50000
2416,985,2025-07-01,23640.0,3820.0,9450.0,2500.0,0
2417,5777,2025-09-07,12430.0,2560.0,4970.0,1260.0,300000
2418,3677,2025-11-23,26660.0,5480.0,10660.0,3150.0,50000
2419,3381,2025-01-28,19700.0,4330.0,7880.0,2390.0,150000
2420,520,2025-03-09,18360.0,4100.0,7340.0,970.0,0
2421,591,2025-04-05,28440.0,3990.0,11380.0,2860.0,0
2422,1051,2025-07-25,12660.0,1590.0,5060.0,890.0,300000
2423,5806,2026-05-26,26560.0,4710.0,10620.0,1990.0,0
2424,3634,2026-06-01,26780.0,4690.0,10710.0,1890.0,0
2425,6132,2025-12-03,31360.0,6640.0,12540.0,0.0,150000
2426,6343,2025-08-29,26440.0,3330.0,10580.0,3470.0,0
2427,6531,2026-06-19,11100.0,1990.0,4440.0,870.0,150000
2428,4445,2025-12-30,30590.0,4750.0,12240.0,3500.0,150000
2429,960,2024-10-04,19430.0,3970.0,7770.0,1660.0,0
2430,6060,2026-07-07,15150.0,3090.0,6060.0,1100.0,0
2431,693,2026-04-16,14010.0,2230.0,5610.0,1500.0,0
2432,5656,2025-02-13,14670.0,4680.0,5870.0,1470.0,300000
2433,3900,2024-11-26,20020.0,2710.0,8010.0,2500.0,150000
2434,4474,2025-03-26,43860.0,6230.0,17540.0,4100.0,300000
2435,2947,2026-01-27,39020.0,3420.0,15610.0,4530.0,0
2436,7060,2026-08-05,8820.0,1250.0,3530.0,1090.0,0
2437,7726,2025-04-08,30340.0,5510.0,12140.0,3780.0,50000
2438,527,2026-07-21,21530.0,3140.0,8610.0,2130.0,0
2439,3225,2026-06-29,23920.0,2970.0,9570.0,2460.0,0
2440,6878,2026-08-05,20360.0,2440.0,8150.0,2380.0,0
2441,2254,2024-10-23,29960.0,4310.0,11990.0,3650.0,0
2442,6599,2024-11-11,23880.0,2790.0,9550.0,3260.0,300000
2443,3345,2026-06-09,22570.0,3630.0,9030.0,2170.0,50000
2444,3966,2025-02-24,30720.0,5470.0,12290.0,4600.0,0
2445,5356,2025-08-28,27960.0,4880.0,11180.0,3590.0,50000
2446,1876,2025-12-07,16540.0,2190.0,6610.0,1740.0,150000
2447,1764,2024-10-31,23990.0,3290.0,9600.0,2480.0,0
2448,521,2024-12-01,21120.0,3170.0,8450.0,2580.0,300000
2449,5798,2026-02-14,27460.0,4700.0,10980.0,2930.0,150000
2450,1017,2025-11-18,12690.0,2050.0,5070.0,1150.0,300000
2451,7100,2025-05-15,15320.0,3110.0,6130.0,1620.0,300000
2452,7999,2026-06-17,33150.0,4480.0,13260.0,3160.0,0
2453,6870,2024-09-06,39770.0,7320.0,15910.0,4360.0,300000
2454,5110,2025-06-27,46290.0,7170.0,18520.0,5160.0,150000
2455,6645,2025-06-17,30890.0,4980.0,12360.0,3690.0,0
2456,117,2025-04-19,25590.0,5500.0,10240.0,3120.0,50000
2457,2434,2025-10-13,22810.0,3970.0,9120.0,2250.0,50000
2458,5464,2025-10-10,26580.0,3780.0,10630.0,4060.0,50000
2459,584,2026-02-09,26490.0,6960.0,10600.0,2140.0,150000
2460,395,2024-12-03,30810.0,5440.0,12320.0,2860.0,150000
2461,5184,2026-08-19,18500.0,4020.0,7400.0,1980.0,0
2462,3789,2024-10-05,14240.0,5010.0,5700.0,1210.0,0
2463,2769,2025-07-22,35900.0,5380.0,14360.0,4230.0,50000
2464,4168,2025-03-06,22320.0,3660.0,8930.0,2250.0,300000
2465,3861,2025-05-19,29840.0,2980.0,11940.0,3880.0,300000
2466,274,2025-06-03,28630.0,4980.0,11450.0,3530.0,150000
2467,2014,2026-07-30,52060.0,7940.0,20820.0,5840.0,0
2468,5440,2025-09-11,23600.0,3060.0,9440.0,1960.0,0
2469,4434,2025-05-17,23910.0,4030.0,9560.0,3380.0,0
2470,1390,2025-10-30,20760.0,3190.0,8300.0,1260.0,0
2471,3567,2024-12-12,14600.0,4400.0,5840.0,1620.0,0
2472,4703,2025-09-07,22520.0,2750.0,9010.0,3130.0,50000
2473,166,2025-11-28,36070.0,3080.0,14430.0,4030.0,0
2474,1568,2024-10-25,26220.0,2640.0,10490.0,2580.0,0
2475,6155,2026-01-11,47330.0,3950.0,18930.0,4020.0,50000
2476,5421,2025-07-05,27960.0,2800.0,11180.0,3820.0,150000
2477,729,2026-01-23,17370.0,2980.0,6950.0,1940.0,0
2478,6945,2026-03-21,15380.0,2660.0,6150.0,1500.0,300000
2479,2044,2024-10-26,25590.0,4370.0,10240.0,2920.0,0
2480,4198,2025-08-24,22000.0,3340.0,8800.0,2160.0,150000
2481,3497,2026-08-19,16550.0,4250.0,6620.0,1550.0,0
2482,5512,2026-05-18,29170.0,3410.0,11670.0,4430.0,0
2483,779,2024-11-12,14220.0,1670.0,5690.0,1120.0,150000
2484,214,2024-11-22,24800.0,5710.0,9920.0,2840.0,150000
2485,3763,2024-09-16,19760.0,3450.0,7900.0,2100.0,50000
2486,5208,2025-08-19,38840.0,6530.0,15540.0,4930.0,300000
2487,1577,2025-04-03,42830.0,5950.0,17130.0,3980.0,300000
2488,2449,2024-12-25,27550.0,5010.0,11020.0,2870.0,0
2489,6732,2025-09-12,22140.0,4980.0,8850.0,2890.0,0
2490,2937,2025-10-18,15330.0,2100.0,6130.0,2020.0,0
2491,3118,2026-04-23,9820.0,1400.0,3930.0,1280.0,50000
2492,5792,2025-04-19,20990.0,4310.0,8400.0,2300.0,150000
2493,7631,2026-01-30,13910.0,3400.0,5560.0,1810.0,300000
2494,592,2024-09-18,41850.0,4610.0,16740.0,3300.0,150000
2495,5430,2025-12-20,31530.0,4700.0,12610.0,3880.0,300000
2496,5206,2026-08-19,37580.0,3510.0,15030.0,4120.0,0
2497,6236,2025-02-17,37570.0,6780.0,15030.0,5280.0,300000
2498,7828,2025-11-08,14150.0,3170.0,5660.0,1370.0,0
2499,2721,2025-09-11,27680.0,5210.0,11070.0,2130.0,50000
2500,714,2025-07-18,23190.0,4890.0,9280.0,2810.0,300000
2501,936,2026-06-09,35900.0,7690.0,14360.0,2900.0,0
2502,6048,2025-09-29,19890.0,4190.0,7960.0,1500.0,50000
2503,4338,2025-04-07,46270.0,4510.0,18510.0,4860.0,0
2504,6140,2025-03-05,14290.0,2770.0,5720.0,1340.0,0
2505,2,2024-11-29,29460.0,5440.0,11780.0,3800.0,150000
2506,6369,2024-09-01,23390.0,4020.0,9350.0,2190.0,150000
2507,2849,2026-06-24,51520.0,7100.0,20610.0,4460.0,300000
2508,5865,2025-05-21,15130.0,3200.0,6050.0,1700.0,300000
2509,4045,2024-11-19,14320.0,3570.0,5730.0,1530.0,300000
2510,1950,2024-09-26,25570.0,3840.0,10230.0,2620.0,0
2511,6733,2025-08-18,21330.0,2210.0,8530.0,2580.0,50000
2512,6260,2026-04-21,30590.0,4830.0,12240.0,3040.0,0
2513,7834,2026-07-31,26680.0,4020.0,10670.0,2510.0,50000
2514,918,2024-09-23,22590.0,4200.0,9040.0,3280.0,0
2515,3175,2025-05-04,27880.0,4750.0,11150.0,2720.0,0
2516,2242,2025-06-12,26520.0,2390.0,10610.0,2770.0,150000
2517,7334,2025-02-04,33880.0,7410.0,13550.0,4260.0,50000
2518,7015,2026-04-17,25730.0,2880.0,10290.0,3090.0,300000
2519,90,2026-07-15,32620.0,6850.0,13050.0,3860.0,300000
2520,1710,2024-10-23,25770.0,6120.0,10310.0,3250.0,0
2521,2170,2026-01-05,35270.0,5800.0,14110.0,3950.0,0
2522,4239,2025-11-23,29920.0,3320.0,11970.0,3180.0,0
2523,3042,2026-08-18,18440.0,2860.0,7380.0,1630.0,0
2524,106,2024-09-26,25530.0,3800.0,10210.0,3360.0,300000
2525,887,2025-11-06,42790.0,4180.0,17120.0,4100.0,50000
2526,428,2024-12-05,14460.0,2790.0,5780.0,1510.0,0
2527,5425,2025-07-07,21000.0,3390.0,8400.0,2770.0,50000
2528,1896,2024-12-22,32580.0,4920.0,13030.0,3550.0,50000
2529,6091,2025-08-19,27010.0,3630.0,10800.0,3010.0,150000
2530,317,2025-05-18,9930.0,1680.0,3970.0,1040.0,300000
2531,6083,2026-03-08,15500.0,3270.0,6200.0,1930.0,50000
2532,635,2026-02-21,25500.0,4590.0,10200.0,2260.0,300000
2533,1926,2025-10-23,31780.0,6630.0,12710.0,3290.0,0
2534,2057,2025-08-01,22710.0,4190.0,9080.0,2780.0,50000
2535,6918,2025-09-29,18680.0,4440.0,7470.0,2100.0,50000
2536,3145,2025-02-21,24850.0,6680.0,9940.0,3480.0,300000
2537,7527,2026-05-06,28290.0,7470.0,11310.0,3390.0,0
2538,2271,2025-09-04,13870.0,3160.0,5550.0,1420.0,0
2539,1440,2024-12-17,16700.0,4800.0,6680.0,1260.0,150000
2540,553,2026-04-11,30210.0,4090.0,12080.0,3010.0,0
2541,7538,2025-09-06,16070.0,3660.0,6430.0,1580.0,300000
2542,716,2024-10-21,38140.0,5880.0,15250.0,3660.0,300000
2543,5384,2025-11-01,28320.0,2960.0,11330.0,2570.0,0
2544,3912,2024-11-18,36740.0,4120.0,14700.0,4130.0,50000
2545,1714,2024-12-04,103640.0,8240.0,41450.0,4420.0,150000
2546,5980,2026-03-13,22120.0,4760.0,8850.0,2190.0,0
2547,3390,2026-04-17,19060.0,3720.0,7620.0,2260.0,0
2548,1108,2025-05-21,41340.0,5860.0,16540.0,4980.0,50000
2549,5438,2025-08-03,29260.0,5760.0,11700.0,2460.0,150000
2550,4207,2025-08-26,29230.0,3700.0,11690.0,2300.0,50000
2551,251,2026-03-03,22220.0,3930.0,8890.0,2600.0,50000
2552,2431,2025-11-14,35710.0,3860.0,14280.0,4300.0,300000
2553,2055,2025-11-01,29690.0,5880.0,11880.0,3900.0,150000
2554,459,2025-07-03,22980.0,3720.0,9190.0,2500.0,0
2555,5204,2024-12-04,25820.0,3300.0,10330.0,2150.0,0
2556,208,2024-12-27,20240.0,2250.0,8100.0,1500.0,0
2557,900,2026-05-11,10390.0,1830.0,4160.0,1390.0,0
2558,3462,2024-11-03,23170.0,2950.0,9270.0,2800.0,0
2559,3386,2026-08-17,20800.0,3450.0,8320.0,1900.0,0
2560,22,2026-02-06,18540.0,2150.0,7420.0,2190.0,0
2561,410,2026-06-25,33370.0,6950.0,13350.0,4300.0,0
2562,895,2025-11-18,20810.0,4220.0,8320.0,1540.0,150000
2563,515,2025-08-20,24110.0,3330.0,9640.0,2570.0,150000
2564,7295,2026-04-09,19810.0,2670.0,7920.0,2830.0,0
2565,4905,2025-08-24,19380.0,5220.0,7750.0,1980.0,0
2566,7868,2024-09-19,31010.0,6700.0,12400.0,3980.0,300000
2567,4970,2024-12-20,44980.0,8190.0,17990.0,4310.0,300000
2568,4110,2025-09-17,15200.0,3050.0,6080.0,2360.0,300000
2569,5067,2025-08-27,16500.0,3650.0,6600.0,1740.0,150000
2570,7122,2025-10-28,37400.0,3520.0,14960.0,6690.0,0
2571,7158,2025-04-15,39170.0,7080.0,15670.0,4130.0,150000
2572,7180,2025-10-09,28420.0,5930.0,11370.0,3480.0,0
2573,2135,2025-06-04,33920.0,5660.0,13570.0,3930.0,150000
2574,3596,2025-07-06,20850.0,5450.0,8340.0,2850.0,300000
2575,2957,2024-12-09,23780.0,4480.0,9510.0,2250.0,50000
2576,1561,2025-03-23,9300.0,1400.0,3720.0,1210.0,0
2577,5421,2026-06-09,27960.0,2730.0,11180.0,3820.0,0
2578,1267,2025-05-07,22250.0,2720.0,8900.0,1780.0,300000
2579,2170,2026-06-28,35270.0,5360.0,14110.0,3950.0,300000
2580,7315,2025-11-18,19110.0,3540.0,7640.0,2150.0,50000
2581,3639,2025-07-30,9030.0,1240.0,3610.0,1110.0,50000
2582,750,2025-08-01,15290.0,2270.0,6120.0,1610.0,300000
2583,3428,2024-12-21,30130.0,5130.0,12050.0,2620.0,50000
2584,4781,2025-10-09,30160.0,4620.0,12060.0,3860.0,0
2585,1928,2025-07-23,22010.0,2230.0,8800.0,2900.0,0
2586,3805,2024-12-25,32610.0,4540.0,13040.0,3360.0,0
2587,3703,2025-09-13,27250.0,3790.0,10900.0,2940.0,150000
2588,2357,2025-10-06,16950.0,2240.0,6780.0,2060.0,300000
2589,4791,2025-05-08,12850.0,3040.0,5140.0,1380.0,300000
2590,2336,2025-06-27,37870.0,5340.0,15150.0,4610.0,150000
2591,307,2026-03-01,36390.0,8840.0,14560.0,4940.0,300000
2592,7980,2025-04-18,15800.0,1750.0,6320.0,1540.0,150000
2593,3666,2025-04-21,20220.0,4070.0,8090.0,1780.0,300000
2594,1990,2024-10-06,21880.0,3600.0,8750.0,2300.0,0
2595,7058,2025-06-29,31910.0,4280.0,12770.0,3740.0,0
2596,7891,2025-05-09,26900.0,5590.0,10760.0,2860.0,0
2597,662,2025-10-22,30030.0,4050.0,12010.0,3380.0,150000
2598,4645,2025-02-02,16600.0,2200.0,6640.0,1220.0,0
2599,7520,2025-03-03,27850.0,4030.0,11140.0,3580.0,0
2600,312,2026-08-11,35360.0,5750.0,14140.0,2980.0,0
2601,2921,2025-10-27,34700.0,4150.0,13880.0,3800.0,150000
2602,1083,2025-10-27,30400.0,4950.0,12160.0,3180.0,300000
2603,7811,2025-04-28,30180.0,2970.0,12070.0,1970.0,0
2604,2972,2024-12-12,14340.0,4090.0,5730.0,1980.0,300000
2605,5834,2025-09-18,13220.0,2440.0,5290.0,1320.0,0
2606,755,2026-05-19,32460.0,3500.0,12980.0,4570.0,0
2607,4131,2025-02-08,28970.0,4560.0,11590.0,2910.0,150000
2608,4541,2026-05-18,22950.0,3630.0,9180.0,2560.0,300000
2609,6237,2026-08-17,21390.0,3840.0,8560.0,1860.0,150000
2610,6079,2026-08-18,17080.0,4710.0,6830.0,2200.0,0
2611,5327,2025-02-16,19160.0,2210.0,7670.0,2230.0,50000
2612,353,2025-04-15,26570.0,2360.0,10630.0,2700.0,0
2613,903,2025-08-27,12000.0,1950.0,4800.0,1360.0,300000
2614,5452,2026-06-27,26530.0,2780.0,10610.0,3780.0,0
2615,3889,2026-03-01,14930.0,4800.0,5970.0,1810.0,0
2616,7006,2025-05-15,19800.0,2650.0,7920.0,2750.0,50000
2617,5845,2025-09-20,32220.0,3310.0,12890.0,2940.0,50000
2618,159,2026-04-05,27750.0,3610.0,11100.0,4290.0,0
2619,1978,2025-12-20,27980.0,4490.0,11190.0,2340.0,0
2620,957,2025-10-03,35450.0,6420.0,14180.0,4220.0,0
2621,2072,2025-06-25,32180.0,3880.0,12870.0,3480.0,150000
2622,404,2024-11-06,21420.0,3980.0,8570.0,2660.0,50000
2623,6949,2024-11-02,14660.0,1870.0,5870.0,1260.0,0
2624,4612,2025-03-15,14980.0,4550.0,5990.0,1740.0,0
2625,2780,2025-05-11,25220.0,5360.0,10090.0,2740.0,50000
2626,1388,2024-10-18,9780.0,1560.0,3910.0,1140.0,0
2627,3454,2026-05-08,13680.0,2290.0,5470.0,1230.0,0
2628,6676,2025-06-26,21960.0,2950.0,8790.0,2240.0,0
2629,956,2025-07-25,20700.0,4270.0,8280.0,1940.0,50000
2630,6296,2025-04-15,39940.0,4510.0,15980.0,4330.0,150000
2631,7730,2025-06-15,38040.0,5200.0,15220.0,3360.0,50000
2632,1713,2025-12-20,26550.0,5060.0,10620.0,4130.0,0
2633,7091,2026-05-25,41660.0,8440.0,16660.0,4230.0,0
2634,4704,2024-10-31,33420.0,4180.0,13370.0,3860.0,50000
2635,7785,2026-05-27,12520.0,3900.0,5010.0,1660.0,50000
2636,6564,2025-07-15,46910.0,7760.0,18770.0,8050.0,0
2637,1274,2025-05-12,18350.0,2530.0,7340.0,1890.0,300000
2638,7285,2026-02-05,18660.0,3140.0,7460.0,1900.0,300000
2639,7010,2025-03-26,21570.0,3190.0,8630.0,2110.0,150000
2640,5632,2026-04-07,31860.0,5830.0,12740.0,3620.0,150000
2641,3812,2024-09-21,33350.0,4660.0,13340.0,3590.0,300000
2642,2626,2025-07-18,13200.0,3840.0,5280.0,1620.0,0
2643,2383,2025-05-02,16650.0,1800.0,6660.0,1660.0,150000
2644,1442,2025-05-21,49330.0,10120.0,19730.0,6060.0,50000
2645,2980,2026-07-19,24770.0,3100.0,9910.0,3000.0,0
2646,1798,2025-02-15,15360.0,2060.0,6140.0,1600.0,300000
2647,4391,2026-08-17,13870.0,3420.0,5550.0,1380.0,50000
2648,4010,2026-05-25,27760.0,5020.0,11100.0,3020.0,50000
2649,4851,2025-10-05,30950.0,3600.0,12380.0,3700.0,50000
2650,1395,2025-03-06,41000.0,5440.0,16400.0,4180.0,150000
2651,4282,2025-07-28,20210.0,2930.0,8080.0,1750.0,0
2652,1270,2025-12-18,45380.0,4430.0,18150.0,5950.0,0
2653,4733,2025-10-17,44490.0,5870.0,17790.0,4190.0,300000
2654,5388,2026-04-09,25230.0,4780.0,10090.0,2670.0,0
2655,3715,2024-09-19,15510.0,1580.0,6200.0,2010.0,0
2656,7405,2024-09-23,16260.0,2310.0,6510.0,1770.0,50000
2657,530,2025-03-30,24940.0,5290.0,9980.0,3000.0,150000
2658,3624,2024-10-04,22630.0,1980.0,9050.0,1620.0,50000
2659,6165,2026-04-28,23740.0,5050.0,9490.0,2040.0,300000
2660,2959,2025-11-24,33470.0,6320.0,13390.0,4770.0,0
2661,7905,2024-08-26,40400.0,4720.0,16160.0,3510.0,50000
2662,2915,2026-02-22,38140.0,6460.0,15260.0,4950.0,150000
2663,4890,2024-09-14,24410.0,2870.0,9760.0,1750.0,50000
2664,3592,2024-08-24,14500.0,2510.0,5800.0,1230.0,150000
2665,2148,2025-08-18,42900.0,6140.0,17160.0,4170.0,300000
2666,6896,2026-03-11,32660.0,6470.0,13060.0,3220.0,50000
2667,4574,2026-01-20,27330.0,4900.0,10930.0,2390.0,300000
2668,5719,2025-09-02,25000.0,3010.0,10000.0,2180.0,150000
2669,3370,2025-02-09,24130.0,3790.0,9650.0,2710.0,50000
2670,940,2025-05-21,21490.0,3590.0,8600.0,3550.0,0
2671,526,2026-04-25,35780.0,6620.0,14310.0,3020.0,0
2672,6478,2025-09-07,18170.0,2130.0,7270.0,1470.0,50000
2673,2,2024-10-18,29460.0,4060.0,11780.0,3800.0,0
2674,375,2026-01-27,20820.0,2890.0,8330.0,2020.0,0
2675,2341,2025-04-09,25270.0,2930.0,10110.0,3210.0,0
2676,6981,2025-08-27,31890.0,3510.0,12760.0,2820.0,300000
2677,4006,2025-07-31,42780.0,5490.0,17110.0,3780.0,0
2678,3053,2026-08-10,24270.0,5150.0,9710.0,2400.0,300000
2679,4649,2025-01-07,30850.0,5090.0,12340.0,3750.0,0
2680,2366,2026-04-11,32310.0,6580.0,12920.0,4080.0,150000
2681,1526,2026-06-07,30190.0,2980.0,12070.0,4240.0,0
2682,5948,2025-02-22,15210.0,3680.0,6080.0,1600.0,50000
2683,4477,2025-06-02,19840.0,4290.0,7940.0,2600.0,300000
2684,1647,2026-06-26,47590.0,7830.0,19040.0,5360.0,50000
2685,14,2025-02-16,39230.0,6160.0,15690.0,3760.0,0
2686,4600,2026-01-20,33400.0,4630.0,13360.0,3860.0,300000
2687,2279,2024-10-10,17940.0,2890.0,7180.0,1220.0,50000
2688,6105,2026-08-05,30910.0,6630.0,12360.0,3940.0,0
2689,3156,2025-08-01,23260.0,2980.0,9300.0,1820.0,300000
2690,130,2025-07-08,22280.0,3480.0,8910.0,1930.0,300000
2691,3815,2025-07-29,25480.0,4310.0,10190.0,2700.0,0
2692,4934,2025-02-02,9490.0,1710.0,3800.0,1220.0,300000
2693,3217,2025-12-13,30270.0,4340.0,12110.0,3240.0,150000
2694,2939,2026-04-10,25910.0,6830.0,10370.0,2090.0,50000
2695,3929,2026-03-01,25780.0,4870.0,10310.0,3490.0,300000
2696,2041,2024-10-21,29830.0,6120.0,11930.0,3310.0,50000
2697,28,2024-10-06,35050.0,4290.0,14020.0,3700.0,150000
2698,2114,2025-08-24,23830.0,5350.0,9530.0,2200.0,50000
2699,7331,2026-06-15,29360.0,2950.0,11740.0,3020.0,50000
2700,1253,2025-11-23,17330.0,3170.0,6930.0,1850.0,300000
2701,4357,2025-06-30,14970.0,2570.0,5990.0,1140.0,50000
2702,2047,2024-09-19,44960.0,6870.0,17980.0,5440.0,0
2703,5569,2025-05-29,15630.0,2720.0,6250.0,1980.0,300000
2704,5544,2024-12-19,21480.0,3390.0,8590.0,2180.0,0
2705,4556,2026-01-21,23460.0,2590.0,9390.0,3350.0,150000
2706,4024,2024-10-17,22330.0,3510.0,8930.0,2580.0,300000
2707,7844,2025-11-14,34610.0,6490.0,13840.0,2930.0,300000
2708,4397,2026-06-06,21090.0,3400.0,8440.0,2440.0,0
2709,7063,2025-03-06,12440.0,1630.0,4980.0,1500.0,300000
2710,3375,2026-07-04,27680.0,2470.0,11070.0,2680.0,0
2711,6431,2025-06-06,20540.0,4610.0,8210.0,2500.0,50000
2712,3467,2024-09-02,27100.0,6680.0,10840.0,2930.0,0
2713,3082,2026-07-10,33280.0,3030.0,13310.0,3080.0,0
2714,3779,2026-05-22,14520.0,2020.0,5810.0,1570.0,0
2715,630,2026-03-24,23480.0,3450.0,9390.0,3500.0,0
2716,270,2026-06-08,14100.0,1810.0,5640.0,1380.0,0
2717,2640,2024-08-19,28090.0,2430.0,11240.0,3410.0,150000
2718,1994,2024-09-12,19350.0,2080.0,7740.0,2450.0,0
2719,5725,2024-10-02,34420.0,3710.0,13770.0,3280.0,150000
2720,5898,2024-09-15,18630.0,3920.0,7450.0,2360.0,0
2721,2892,2024-08-25,28610.0,4220.0,11450.0,4210.0,300000
2722,4958,2024-09-14,15750.0,2910.0,6300.0,1830.0,0
2723,3433,2025-09-09,18700.0,3430.0,7480.0,2700.0,150000
2724,1281,2024-12-08,24210.0,5580.0,9680.0,2130.0,150000
2725,6277,2026-07-06,12470.0,2490.0,4990.0,1290.0,150000
2726,7444,2026-01-04,27010.0,3850.0,10800.0,2860.0,0
2727,5896,2025-01-01,29530.0,6810.0,11810.0,3840.0,0
2728,5803,2026-07-17,17440.0,2860.0,6980.0,1670.0,50000
2729,7116,2024-11-15,26180.0,2420.0,10470.0,3120.0,0
2730,6657,2025-11-03,28960.0,4890.0,11580.0,3220.0,50000
2731,2361,2026-03-20,38510.0,7920.0,15400.0,4800.0,150000
2732,576,2026-04-19,25260.0,4230.0,10100.0,2560.0,0
2733,7030,2025-09-30,21490.0,5240.0,8590.0,1850.0,50000
2734,6100,2026-05-26,13940.0,3100.0,5580.0,1230.0,300000
2735,1308,2026-02-18,18630.0,2110.0,7450.0,1340.0,0
2736,3193,2025-11-05,19280.0,2180.0,7710.0,1660.0,0
2737,3179,2025-10-18,19400.0,4120.0,7760.0,3090.0,0
2738,6053,2026-03-24,23970.0,3990.0,9590.0,2540.0,300000
2739,2735,2024-12-16,29520.0,5590.0,11810.0,3740.0,150000
2740,6117,2024-12-06,20920.0,5190.0,8370.0,2910.0,300000
2741,7372,2025-06-13,19750.0,3680.0,7900.0,2710.0,0
2742,2213,2025-11-28,16020.0,2720.0,6410.0,1940.0,300000
2743,2353,2025-06-17,27100.0,4380.0,10840.0,2120.0,0
2744,3569,2026-01-15,37820.0,6400.0,15130.0,3900.0,0
2745,1656,2025-05-01,15860.0,2540.0,6340.0,1480.0,0
2746,1580,2025-04-01,26090.0,2970.0,10440.0,3700.0,0
2747,5944,2024-09-14,14890.0,3280.0,5960.0,1540.0,150000
2748,2204,2025-11-19,43790.0,6150.0,17520.0,5240.0,0
2749,1391,2026-03-08,17270.0,2550.0,6910.0,2400.0,0
2750,1743,2026-01-15,8720.0,950.0,3490.0,1100.0,150000
2751,1926,2025-10-25,31780.0,5420.0,12710.0,3290.0,0
2752,620,2025-03-21,21150.0,5420.0,8460.0,2230.0,0
2753,1275,2024-12-04,28860.0,7260.0,11540.0,3410.0,150000
2754,957,2025-05-02,35450.0,4410.0,14180.0,4220.0,0
2755,1940,2025-10-30,23610.0,4860.0,9440.0,2590.0,0
2756,3954,2024-11-18,17570.0,2520.0,7030.0,2450.0,0
2757,2382,2024-12-18,12960.0,2150.0,5180.0,960.0,0
2758,7810,2026-07-20,14990.0,1960.0,6000.0,1760.0,0
2759,969,2025-11-18,31500.0,5250.0,12600.0,2980.0,0
2760,6655,2026-04-22,15880.0,1980.0,6350.0,0.0,300000
2761,1317,2026-03-14,22430.0,3160.0,8970.0,1720.0,150000
2762,1044,2024-09-06,31480.0,6900.0,12590.0,3180.0,0
2763,282,2026-04-10,31980.0,6300.0,12790.0,4070.0,150000
2764,2845,2026-06-08,27050.0,4800.0,10820.0,2380.0,0
2765,7169,2026-07-15,19710.0,1940.0,7880.0,2340.0,0
2766,6263,2026-05-18,34780.0,3360.0,13910.0,4170.0,0
2767,1059,2025-04-27,24060.0,3620.0,9620.0,2820.0,0
2768,4294,2025-01-24,33250.0,6580.0,13300.0,5210.0,50000
2769,2533,2025-05-13,30030.0,6950.0,12010.0,3740.0,150000
2770,3829,2026-06-28,38220.0,7780.0,15290.0,4100.0,150000
2771,5179,2026-06-25,27210.0,2550.0,10890.0,2540.0,0
2772,6981,2025-08-26,31890.0,5730.0,12760.0,2820.0,300000
2773,5281,2026-05-08,33480.0,3460.0,13390.0,3870.0,150000
2774,1009,2025-01-13,25710.0,5360.0,10290.0,2750.0,50000
2775,6835,2026-04-14,15860.0,3280.0,6340.0,1550.0,300000
2776,1230,2024-09-17,32550.0,5770.0,13020.0,3430.0,50000
2777,1036,2026-03-15,30020.0,5300.0,12010.0,2720.0,0
2778,4586,2025-07-16,15750.0,3580.0,6300.0,1900.0,0
2779,276,2026-04-04,27180.0,2390.0,10870.0,3300.0,300000
2780,2741,2025-03-30,23970.0,3080.0,9590.0,2150.0,150000
2781,2290,2024-10-20,32410.0,3230.0,12960.0,4250.0,300000
2782,1240,2025-06-23,24380.0,3360.0,9750.0,2480.0,0
2783,5371,2026-05-27,24830.0,4620.0,9930.0,2590.0,150000
2784,7979,2024-12-08,27140.0,3330.0,10860.0,3700.0,0
2785,126,2025-03-16,20340.0,1900.0,8140.0,2240.0,0
2786,4066,2025-04-14,13900.0,1660.0,5560.0,1340.0,300000
2787,4313,2025-10-05,23060.0,5530.0,9230.0,1770.0,50000
2788,7474,2025-03-30,24050.0,4300.0,9620.0,1710.0,300000
2789,3869,2025-12-10,29790.0,6390.0,11920.0,3020.0,0
2790,1209,2026-04-10,22290.0,4260.0,8920.0,2690.0,0
2791,7207,2025-11-19,28260.0,4160.0,11300.0,3110.0,0
2792,5343,2026-06-05,14910.0,2680.0,5960.0,2050.0,0
2793,7352,2025-08-04,21930.0,4380.0,8770.0,1760.0,0
2794,6639,2024-10-15,17610.0,2580.0,7040.0,1970.0,50000
2795,6571,2025-11-30,29330.0,3330.0,11730.0,3800.0,0
2796,3250,2025-12-04,22600.0,5840.0,9040.0,2200.0,0
2797,919,2026-01-07,20990.0,2950.0,8390.0,2960.0,0
2798,7596,2025-06-22,24200.0,4940.0,9680.0,2400.0,0
2799,5414,2026-02-02,35450.0,4530.0,14180.0,3540.0,300000
2800,3924,2025-08-14,12860.0,1450.0,5140.0,1400.0,0
2801,6295,2025-04-11,16890.0,2070.0,6760.0,2320.0,50000
2802,6528,2025-09-27,26580.0,2610.0,10630.0,2930.0,300000
2803,5758,2024-12-21,14680.0,2810.0,5870.0,2620.0,300000
2804,7981,2026-04-27,28770.0,4100.0,11510.0,3540.0,300000
2805,4404,2025-06-07,36750.0,3640.0,14700.0,4610.0,0
2806,5456,2026-04-29,17960.0,3660.0,7180.0,1540.0,50000
2807,1970,2024-10-04,12140.0,900.0,4860.0,1530.0,0
2808,2794,2026-03-03,36480.0,5330.0,14590.0,3840.0,0
2809,892,2025-12-21,26150.0,5030.0,10460.0,2380.0,50000
2810,4471,2026-07-07,19490.0,2970.0,7800.0,2700.0,0
2811,7176,2025-04-16,7430.0,1940.0,2970.0,820.0,0
2812,2034,2024-09-09,24860.0,2860.0,9940.0,3380.0,300000
2813,1365,2024-10-20,24110.0,2630.0,9640.0,2920.0,0
2814,129,2025-03-22,30370.0,4600.0,12150.0,3490.0,0
2815,1015,2026-05-20,27170.0,2190.0,10870.0,3850.0,50000
2816,1800,2024-08-29,27540.0,5590.0,11020.0,3190.0,300000
2817,6813,2025-03-13,28570.0,3460.0,11430.0,3430.0,50000
2818,7520,2024-08-30,27850.0,5110.0,11140.0,3580.0,0
2819,5478,2024-10-26,23140.0,4550.0,9260.0,1860.0,300000
2820,4613,2026-08-04,16350.0,3590.0,6540.0,1550.0,0
2821,1519,2025-11-30,31970.0,7950.0,12790.0,3550.0,50000
2822,4182,2025-07-19,24190.0,5600.0,9670.0,2660.0,0
2823,1199,2025-10-21,40050.0,3390.0,16020.0,6000.0,0
2824,3874,2024-10-24,17350.0,4080.0,6940.0,2330.0,0
2825,7361,2025-11-27,31180.0,5260.0,12470.0,2920.0,0
2826,6455,2025-09-08,34390.0,5010.0,13760.0,5170.0,150000
2827,5239,2025-06-22,28510.0,4300.0,11400.0,2880.0,0
2828,7386,2024-10-14,22580.0,4080.0,9030.0,3100.0,150000
2829,2475,2024-11-14,23180.0,6110.0,9270.0,2380.0,300000
2830,6090,2026-05-17,26230.0,4780.0,10490.0,3140.0,150000
2831,3486,2025-08-31,20320.0,3860.0,8130.0,1900.0,150000
2832,6258,2025-11-08,32360.0,3860.0,12950.0,4090.0,300000
2833,4050,2025-04-16,28130.0,5820.0,11250.0,4060.0,150000
2834,7313,2024-09-14,9120.0,2920.0,3650.0,1160.0,0
2835,7706,2025-06-21,19000.0,5080.0,7600.0,2080.0,0
2836,3720,2024-10-29,28260.0,4640.0,11300.0,3020.0,300000
2837,303,2024-10-21,28770.0,3340.0,11510.0,3300.0,0
2838,6888,2025-11-07,32340.0,5450.0,12940.0,3580.0,150000
2839,3953,2026-02-14,24800.0,4880.0,9920.0,2790.0,300000
2840,4684,2026-01-29,13110.0,3770.0,5240.0,1020.0,150000
2841,987,2026-04-12,21370.0,2810.0,8550.0,2260.0,0
2842,1864,2025-03-24,110890.0,5180.0,44360.0,4420.0,0
2843,4441,2024-12-20,6750.0,1000.0,2700.0,830.0,0
2844,4910,2026-01-07,34170.0,6180.0,13670.0,4200.0,300000
2845,6084,2025-04-13,39970.0,7180.0,15990.0,3670.0,0
2846,6945,2024-11-27,15380.0,4010.0,6150.0,1500.0,50000
2847,3073,2025-05-10,12530.0,2750.0,5010.0,1550.0,0
2848,7315,2025-07-13,19110.0,2430.0,7640.0,2150.0,0
2849,5407,2025-11-10,18400.0,2730.0,7360.0,3040.0,150000
2850,6096,2024-12-10,36830.0,7350.0,14730.0,3370.0,0
2851,5774,2026-04-19,13110.0,2540.0,5240.0,1480.0,300000
2852,3125,2025-05-29,26290.0,5450.0,10510.0,2350.0,0
2853,1328,2025-11-17,21570.0,2540.0,8630.0,2380.0,50000
2854,5189,2025-10-20,13290.0,2200.0,5310.0,1080.0,300000
2855,2409,2026-06-08,23080.0,4440.0,9230.0,3210.0,300000
2856,3674,2025-12-08,22840.0,3520.0,9140.0,2660.0,0
2857,3292,2025-03-11,15150.0,1760.0,6060.0,1920.0,150000
2858,4034,2025-03-07,21400.0,3870.0,8560.0,1850.0,150000
2859,5106,2025-09-24,15750.0,1990.0,6300.0,1420.0,300000
2860,704,2024-08-27,13140.0,1370.0,5260.0,890.0,50000
2861,575,2025-10-20,26190.0,5090.0,10480.0,2160.0,0
2862,5705,2025-04-07,31050.0,4140.0,12420.0,3610.0,0
2863,3233,2025-11-05,32250.0,4080.0,12900.0,2460.0,50000
2864,7849,2025-12-10,24260.0,5770.0,9710.0,2420.0,0
2865,5209,2025-09-01,34600.0,3910.0,13840.0,3030.0,0
2866,4784,2026-04-08,22530.0,2060.0,9010.0,2670.0,300000
2867,6925,2025-12-03,17630.0,1680.0,7050.0,2000.0,50000
2868,2633,2026-03-24,27180.0,3260.0,10870.0,3210.0,300000
2869,3829,2026-05-07,38220.0,3660.0,15290.0,4100.0,50000
2870,6733,2025-10-16,21330.0,3240.0,8530.0,2580.0,0
2871,3231,2026-08-10,16340.0,2330.0,6530.0,930.0,50000
2872,489,2026-01-04,18710.0,2190.0,7480.0,2450.0,0
2873,7115,2025-06-26,18620.0,2390.0,7450.0,2270.0,300000
2874,1348,2026-08-12,25990.0,5310.0,10390.0,2870.0,150000
2875,3682,2025-08-22,31940.0,4680.0,12780.0,3410.0,50000
2876,7549,2025-11-06,16570.0,3340.0,6630.0,1520.0,0
2877,3174,2026-01-09,23150.0,4150.0,9260.0,2590.0,50000
2878,4590,2026-08-18,30960.0,5470.0,12380.0,3980.0,300000
2879,1668,2024-11-26,29690.0,4190.0,11880.0,3240.0,0
2880,1638,2026-04-11,23820.0,4170.0,9530.0,2800.0,0
2881,4115,2024-11-09,21450.0,4300.0,8580.0,2340.0,50000
2882,7622,2025-09-19,32160.0,6090.0,12860.0,4340.0,0
2883,3554,2025-08-20,19920.0,3970.0,7970.0,1510.0,0
2884,7762,2025-01-07,26530.0,4270.0,10610.0,2810.0,0
2885,6541,2026-07-17,35340.0,7250.0,14130.0,4200.0,0
2886,1001,2025-10-24,27680.0,3350.0,11070.0,3130.0,0
2887,7447,2025-02-13,16610.0,1830.0,6640.0,2070.0,0
2888,851,2026-04-08,22500.0,2100.0,9000.0,1880.0,300000
2889,1389,2026-08-08,21050.0,2180.0,8420.0,1970.0,0
2890,5451,2026-08-12,20010.0,1940.0,8000.0,3260.0,0
2891,3713,2024-12-27,18800.0,2800.0,7520.0,2140.0,0
2892,1368,2025-05-30,36210.0,7260.0,14480.0,2670.0,150000
2893,822,2025-10-29,39340.0,4470.0,15740.0,3450.0,150000
2894,455,2026-02-09,33470.0,8160.0,13390.0,3210.0,0
2895,1625,2025-03-17,23570.0,4080.0,9430.0,2660.0,0
2896,2773,2025-01-26,37660.0,5990.0,15060.0,4170.0,50000
2897,3727,2025-03-22,75620.0,3740.0,30250.0,3120.0,50000
2898,7233,2025-10-26,25320.0,3070.0,10130.0,2940.0,0
2899,3148,2025-12-04,12320.0,1610.0,4930.0,940.0,0
2900,4090,2024-08-27,10820.0,1850.0,4330.0,1090.0,0
2901,4807,2025-04-23,24530.0,2640.0,9810.0,2850.0,300000
2902,2191,2025-04-09,20720.0,4990.0,8290.0,2360.0,50000
2903,917,2025-05-10,12050.0,3080.0,4820.0,1160.0,0
2904,3987,2025-09-12,27210.0,3790.0,10880.0,2740.0,0
2905,2876,2026-05-11,32720.0,4390.0,13090.0,3990.0,150000
2906,6749,2024-12-10,25830.0,5360.0,10330.0,3700.0,50000
2907,5593,2025-12-05,20910.0,2390.0,8360.0,2190.0,0
2908,1441,2025-03-05,15580.0,2000.0,6230.0,1180.0,50000
2909,4401,2025-10-06,28510.0,3280.0,11400.0,4330.0,0
2910,736,2025-07-10,11790.0,1390.0,4720.0,1510.0,0
2911,3569,2026-03-08,37820.0,6120.0,15130.0,3900.0,150000
2912,6435,2026-08-04,29360.0,4290.0,11740.0,3580.0,50000
2913,6060,2025-10-06,15150.0,3060.0,6060.0,1100.0,50000
2914,6246,2026-06-10,20240.0,2780.0,8100.0,1740.0,0
2915,6106,2025-08-08,27880.0,3900.0,11150.0,3300.0,0
2916,3339,2026-05-07,22200.0,3880.0,8880.0,2160.0,0
2917,7011,2026-06-09,22650.0,4370.0,9060.0,2020.0,50000
2918,3016,2026-08-11,37260.0,4870.0,14900.0,4740.0,150000
2919,7790,2024-12-02,29130.0,2340.0,11650.0,3330.0,150000
2920,7118,2025-08-17,28230.0,5800.0,11290.0,2330.0,300000
2921,2890,2024-12-06,25660.0,2940.0,10270.0,2440.0,50000
2922,962,2024-12-13,16250.0,2240.0,6500.0,2070.0,0
2923,2990,2025-05-03,19570.0,4940.0,7830.0,2000.0,150000
2924,3849,2026-08-14,5320.0,850.0,2130.0,640.0,300000
2925,1027,2026-06-29,23500.0,3960.0,9400.0,3060.0,0
2926,6229,2025-05-21,21630.0,3810.0,8650.0,0.0,0
2927,3866,2026-05-23,26380.0,5440.0,10550.0,3540.0,0
2928,6472,2025-07-25,16680.0,2200.0,6670.0,1730.0,150000
2929,2864,2025-09-28,12230.0,4000.0,4890.0,1380.0,0
2930,5570,2024-10-08,24450.0,4300.0,9780.0,3420.0,150000
2931,2502,2026-04-23,18820.0,2060.0,7530.0,2130.0,0
2932,1948,2024-11-16,19610.0,4440.0,7840.0,2720.0,300000
2933,6773,2025-02-03,36290.0,6520.0,14520.0,4480.0,0
2934,7389,2025-03-31,27270.0,4930.0,10910.0,2940.0,0
2935,1178,2025-10-18,26570.0,3930.0,10630.0,1980.0,0
2936,4761,2024-12-12,18400.0,2840.0,7360.0,2360.0,0
2937,12,2026-04-18,28360.0,5550.0,11340.0,2460.0,150000
2938,5253,2025-01-26,29120.0,5140.0,11650.0,2370.0,0
2939,4400,2026-08-03,18870.0,2710.0,7550.0,2230.0,300000
2940,3365,2025-08-19,46840.0,7600.0,18740.0,5920.0,0
2941,3023,2026-02-12,6810.0,950.0,2730.0,760.0,50000
2942,3372,2025-01-24,36450.0,8890.0,14580.0,3940.0,0
2943,5860,2025-05-07,24570.0,5490.0,9830.0,2860.0,300000
2944,2831,2025-08-08,39420.0,5430.0,15770.0,3200.0,0
2945,43,2025-01-29,28940.0,4120.0,11580.0,2430.0,0
2946,944,2026-03-17,9560.0,1600.0,3820.0,1420.0,0
2947,2391,2025-12-09,35180.0,4760.0,14070.0,5180.0,0
2948,5446,2024-12-06,22620.0,2050.0,9050.0,2190.0,300000
2949,7982,2025-04-18,19340.0,3210.0,7740.0,1860.0,0
2950,2546,2026-01-18,11940.0,2450.0,4770.0,1480.0,150000
2951,2412,2025-03-17,47520.0,5390.0,19010.0,4540.0,300000
2952,4987,2025-12-04,27950.0,3110.0,11180.0,2510.0,150000
2953,6571,2025-10-22,29330.0,4280.0,11730.0,3800.0,0
2954,1005,2024-10-12,42740.0,6840.0,17100.0,4880.0,0
2955,21,2026-04-11,24570.0,5660.0,9830.0,2660.0,0
2956,407,2025-02-23,9820.0,1710.0,3930.0,930.0,150000
2957,6763,2025-05-18,25640.0,3310.0,10250.0,2700.0,300000
2958,1015,2025-05-09,27170.0,1960.0,10870.0,3850.0,50000
2959,4432,2026-01-26,21100.0,3490.0,8440.0,2460.0,0
2960,1839,2025-01-29,27830.0,3150.0,11130.0,2630.0,0
2961,3189,2025-09-11,32830.0,3720.0,13130.0,2900.0,300000
2962,5244,2025-06-13,20510.0,4730.0,8210.0,2700.0,300000
2963,6543,2025-09-21,21820.0,4480.0,8730.0,2420.0,0
2964,6937,2024-09-09,46930.0,8400.0,18770.0,4300.0,0
2965,5924,2024-09-23,16430.0,4250.0,6570.0,1770.0,0
2966,715,2025-07-20,31650.0,6670.0,12660.0,3560.0,300000
2967,4147,2025-04-04,38420.0,7140.0,15370.0,4320.0,50000
2968,3855,2024-11-17,17490.0,2000.0,7000.0,2130.0,150000
2969,4420,2024-12-27,25060.0,6830.0,10020.0,2630.0,0
2970,4885,2025-07-23,31310.0,5110.0,12520.0,3660.0,0
2971,141,2024-10-12,31630.0,3230.0,12650.0,3550.0,50000
2972,4566,2025-09-08,21480.0,3140.0,8590.0,1700.0,0
2973,4883,2025-07-06,13840.0,2730.0,5530.0,1260.0,300000
2974,5922,2024-10-20,11210.0,3100.0,4480.0,1290.0,0
2975,5454,2026-06-24,35300.0,4350.0,14120.0,4220.0,0
2976,6013,2025-12-09,33320.0,6930.0,13330.0,3290.0,0
2977,964,2024-09-05,18740.0,3510.0,7500.0,1920.0,50000
2978,7152,2025-01-11,18750.0,3200.0,7500.0,2200.0,50000
2979,373,2026-06-07,28890.0,3190.0,11560.0,3940.0,50000
2980,3636,2025-02-14,26690.0,3850.0,10670.0,1600.0,0
2981,2542,2025-12-14,18310.0,4230.0,7320.0,1810.0,300000
2982,3611,2026-05-07,23640.0,3130.0,9450.0,3310.0,0
2983,1693,2025-08-01,26640.0,2820.0,10650.0,3410.0,50000
2984,6895,2026-07-29,20540.0,3600.0,8220.0,2910.0,0
2985,5276,2025-07-24,31030.0,3390.0,12410.0,3300.0,0
2986,6435,2024-12-23,29360.0,6510.0,11740.0,3580.0,50000
2987,5768,2025-06-02,25490.0,3290.0,10200.0,3450.0,0
2988,7312,2024-11-21,18400.0,3660.0,7360.0,1470.0,150000
2989,106,2025-11-18,25530.0,4400.0,10210.0,3360.0,150000
2990,5540,2026-03-25,15640.0,2940.0,6260.0,1680.0,0
2991,6814,2025-09-25,35930.0,6820.0,14370.0,3570.0,0
2992,1682,2026-05-22,25630.0,3110.0,10250.0,2660.0,0
2993,4098,2026-01-10,15460.0,2800.0,6180.0,1880.0,50000
2994,4017,2026-08-12,22530.0,5250.0,9010.0,2270.0,50000
2995,2637,2026-06-04,23180.0,5570.0,9270.0,2680.0,0
2996,6788,2025-06-25,31360.0,6700.0,12540.0,2960.0,0
2997,2138,2026-02-23,30810.0,5370.0,12330.0,2880.0,0
2998,3417,2024-09-15,31460.0,3630.0,12580.0,3420.0,150000
2999,4446,2025-12-24,16450.0,2470.0,6580.0,1760.0,0
3000,3531,2026-06-05,21100.0,4050.0,8440.0,1930.0,0
3001,1287,2025-11-06,23170.0,3630.0,9270.0,2450.0,0
3002,7519,2025-03-28,32070.0,6140.0,12830.0,3380.0,150000
3003,3180,2025-12-02,27640.0,2940.0,11050.0,3430.0,0
3004,7754,2025-05-15,35650.0,6710.0,14260.0,3580.0,50000
3005,5159,2025-05-08,32460.0,6910.0,12980.0,4260.0,50000
3006,7053,2025-09-20,23850.0,3770.0,9540.0,3090.0,0
3007,6303,2026-03-31,39580.0,4940.0,15830.0,5040.0,300000
3008,3655,2024-10-09,41160.0,7790.0,16470.0,3660.0,300000
3009,7103,2026-02-19,33000.0,4680.0,13200.0,3050.0,0
3010,2360,2025-11-21,32280.0,6250.0,12910.0,3660.0,50000
3011,7409,2025-07-25,14960.0,1640.0,5980.0,1410.0,300000
3012,445,2026-07-25,27180.0,6270.0,10870.0,2300.0,50000
3013,6442,2024-12-19,31290.0,3040.0,12520.0,2590.0,0
3014,5048,2026-05-06,21870.0,3330.0,8750.0,2010.0,150000
3015,36,2024-09-10,40420.0,3670.0,16170.0,5070.0,300000
3016,5204,2025-09-29,25820.0,2960.0,10330.0,2150.0,0
3017,1476,2024-11-12,20690.0,2670.0,8280.0,3080.0,0
3018,3958,2025-08-29,26670.0,2340.0,10670.0,2390.0,50000
3019,1799,2025-08-15,24790.0,4750.0,9920.0,2110.0,0
3020,1846,2026-08-19,35380.0,6780.0,14150.0,3960.0,150000
3021,1409,2024-11-09,30440.0,2460.0,12180.0,2780.0,0
3022,5292,2025-12-25,23340.0,2760.0,9340.0,2100.0,0
3023,5496,2026-01-01,22540.0,3940.0,9020.0,2850.0,300000
3024,1709,2025-02-14,33900.0,4690.0,13560.0,3120.0,50000
3025,5482,2024-08-20,28150.0,3860.0,11260.0,3900.0,0
3026,6703,2025-11-05,21250.0,4160.0,8500.0,0.0,300000
3027,2939,2025-06-23,25910.0,5460.0,10370.0,2090.0,300000
3028,6285,2025-09-16,74980.0,4620.0,29990.0,2380.0,0
3029,7031,2025-08-23,29300.0,6580.0,11720.0,3780.0,50000
3030,7286,2026-03-02,24360.0,4340.0,9750.0,1930.0,0
3031,1301,2026-03-12,12310.0,1920.0,4920.0,1420.0,0
3032,6870,2025-09-21,39770.0,4540.0,15910.0,4360.0,0
3033,1244,2025-10-21,33720.0,2920.0,13490.0,2940.0,0
3034,3977,2025-11-07,31040.0,5240.0,12420.0,3380.0,0
3035,3098,2024-10-21,11840.0,1640.0,4740.0,980.0,150000
3036,4617,2025-01-07,16350.0,3150.0,6540.0,1540.0,0
3037,5903,2026-06-29,21650.0,2570.0,8660.0,2060.0,150000
3038,10,2024-11-21,40370.0,5840.0,16150.0,4180.0,0
3039,5080,2025-06-13,32810.0,6140.0,13120.0,4020.0,0
3040,2426,2024-12-25,19710.0,2410.0,7880.0,1540.0,0
3041,5753,2026-08-05,23810.0,5550.0,9520.0,2710.0,150000
3042,1661,2025-09-27,13380.0,3310.0,5350.0,2000.0,0
3043,6826,2025-07-23,20830.0,2630.0,8330.0,2660.0,0
3044,2632,2024-12-14,21130.0,6110.0,8450.0,1900.0,0
3045,6296,2025-07-18,39940.0,4660.0,15980.0,4330.0,0
3046,4816,2025-01-24,29200.0,3940.0,11680.0,3820.0,300000
3047,1073,2026-04-23,20260.0,3950.0,8100.0,2310.0,300000
3048,3226,2025-12-28,27140.0,5090.0,10860.0,3550.0,0
3049,4955,2025-05-27,15950.0,3620.0,6380.0,1910.0,0
3050,1317,2025-01-20,22430.0,2400.0,8970.0,1720.0,0
3051,5700,2026-03-23,22370.0,4540.0,8950.0,2670.0,0
3052,4146,2024-11-20,26580.0,4410.0,10630.0,4060.0,0
3053,6808,2026-07-27,18780.0,3840.0,7510.0,2500.0,150000
3054,6675,2026-02-13,46490.0,8810.0,18600.0,5010.0,50000
3055,3684,2026-07-31,34160.0,2830.0,13660.0,5620.0,300000
3056,7228,2026-07-18,34520.0,6440.0,13810.0,3540.0,300000
3057,7335,2025-02-14,11780.0,3450.0,4710.0,1510.0,0
3058,3274,2026-08-03,11480.0,3070.0,4590.0,1100.0,300000
3059,7001,2025-03-18,28910.0,2540.0,11570.0,3470.0,50000
3060,146,2026-05-17,17910.0,4550.0,7170.0,2600.0,50000
3061,5011,2024-09-26,26960.0,4580.0,10780.0,2380.0,0
3062,7844,2026-04-04,34610.0,7350.0,13840.0,2930.0,0
3063,3041,2024-08-31,39060.0,2900.0,15620.0,4030.0,150000
3064,1463,2025-03-16,26750.0,4100.0,10700.0,2620.0,0
3065,6386,2026-04-07,30790.0,4620.0,12320.0,2310.0,0
3066,4677,2026-04-18,19140.0,5070.0,7660.0,1820.0,0
3067,6831,2025-05-04,27770.0,5260.0,11110.0,3280.0,0
3068,1585,2025-10-01,13130.0,2380.0,5250.0,1500.0,0
3069,483,2025-01-20,43450.0,5310.0,17380.0,5160.0,0
3070,3180,2026-05-04,27640.0,5940.0,11050.0,3430.0,0
3071,1250,2026-01-12,40640.0,6310.0,16260.0,4690.0,150000
3072,4769,2025-04-30,24240.0,3000.0,9690.0,3300.0,0
3073,631,2025-01-09,18180.0,4530.0,7270.0,1580.0,300000
3074,6805,2026-04-20,20650.0,3290.0,8260.0,2040.0,0
3075,662,2026-04-03,30030.0,3370.0,12010.0,3380.0,50000
3076,3504,2025-05-18,15690.0,2830.0,6280.0,1830.0,0
3077,2853,2025-11-06,18310.0,3370.0,7320.0,2430.0,150000
3078,7823,2026-05-27,37750.0,3570.0,15100.0,3610.0,50000
3079,2467,2025-12-08,43500.0,7380.0,17400.0,3780.0,50000
3080,988,2026-06-15,22100.0,5630.0,8840.0,3010.0,50000
3081,7623,2025-10-08,29510.0,8400.0,11800.0,2640.0,50000
3082,7328,2025-04-26,33940.0,4190.0,13580.0,3880.0,0
3083,1547,2026-06-19,26110.0,4720.0,10440.0,2750.0,150000
3084,650,2026-01-29,16710.0,2220.0,6690.0,2060.0,0
3085,969,2025-12-04,31500.0,5880.0,12600.0,2980.0,50000
3086,2638,2025-06-26,26710.0,7250.0,10680.0,2740.0,300000
3087,1101,2025-07-29,15120.0,2250.0,6050.0,1830.0,50000
3088,6653,2024-10-19,22120.0,2680.0,8850.0,2280.0,0
3089,441,2026-05-01,28620.0,3790.0,11450.0,3020.0,0
3090,7422,2024-10-21,17530.0,3580.0,7010.0,1070.0,0
3091,5017,2026-06-27,27220.0,2750.0,10890.0,2220.0,300000
3092,770,2025-12-07,9160.0,1580.0,3670.0,1140.0,0
3093,1344,2026-05-28,13550.0,2530.0,5420.0,1600.0,0
3094,5923,2024-12-26,27720.0,5080.0,11090.0,3420.0,150000
3095,4359,2026-01-03,31640.0,6610.0,12660.0,3450.0,150000
3096,7765,2025-07-15,14410.0,2330.0,5760.0,2080.0,50000
3097,3730,2024-09-28,10810.0,1440.0,4320.0,1260.0,0
3098,3907,2024-10-07,25100.0,6380.0,10040.0,4060.0,300000
3099,1578,2025-01-25,27480.0,6520.0,10990.0,2430.0,300000
3100,7542,2026-02-18,12280.0,2880.0,4910.0,1800.0,0
3101,6781,2024-10-22,29970.0,3150.0,11990.0,3430.0,300000
3102,7335,2025-11-02,11780.0,2240.0,4710.0,1510.0,50000
3103,4009,2025-10-08,30640.0,6350.0,12260.0,3310.0,150000
3104,7921,2024-12-21,20400.0,3850.0,8160.0,1750.0,0
3105,6603,2024-12-10,26490.0,4780.0,10600.0,2780.0,50000
3106,5095,2025-01-24,17200.0,3000.0,6880.0,2530.0,300000
3107,3352,2025-12-29,37700.0,7450.0,15080.0,5460.0,300000
3108,4796,2026-01-23,19290.0,2300.0,7720.0,1980.0,0
3109,2350,2026-04-18,35620.0,5510.0,14250.0,3760.0,0
3110,3603,2025-03-11,30480.0,5160.0,12190.0,2060.0,150000
3111,5700,2026-07-28,22370.0,5470.0,8950.0,2670.0,150000
3112,1242,2025-12-03,23670.0,2460.0,9470.0,2460.0,300000
3113,1126,2025-04-15,18740.0,3660.0,7500.0,2540.0,300000
3114,2602,2026-06-29,22180.0,3010.0,8870.0,2920.0,0
3115,6432,2026-07-15,29480.0,5350.0,11790.0,4570.0,0
3116,1191,2024-12-04,29650.0,8820.0,11860.0,2620.0,300000
3117,6765,2025-06-22,26300.0,4560.0,10520.0,2680.0,0
3118,5102,2026-01-03,39160.0,3940.0,15660.0,4380.0,300000
3119,4132,2024-08-20,39590.0,4560.0,15840.0,2530.0,50000
3120,4840,2026-05-09,27200.0,4430.0,10880.0,3040.0,0
3121,5861,2025-07-14,15910.0,1700.0,6360.0,1550.0,0
3122,4449,2025-09-13,11440.0,2160.0,4580.0,1300.0,150000
3123,7844,2025-06-28,34610.0,4620.0,13840.0,2930.0,50000
3124,6019,2026-07-11,14870.0,3310.0,5950.0,1780.0,0
3125,73,2026-06-28,38570.0,7710.0,15430.0,4260.0,0
3126,6792,2025-06-09,23220.0,5260.0,9290.0,2700.0,300000
3127,5473,2025-03-17,32070.0,7400.0,12830.0,3040.0,50000
3128,1915,2025-12-21,21140.0,3950.0,8460.0,2800.0,0
3129,5190,2026-02-26,35480.0,6750.0,14190.0,3220.0,300000
3130,2473,2026-06-17,34510.0,3400.0,13800.0,3740.0,0
3131,3047,2024-09-15,18540.0,2640.0,7420.0,2160.0,0
3132,708,2025-08-11,20520.0,2840.0,8210.0,2440.0,0
3133,1805,2025-02-04,30500.0,3770.0,12200.0,3690.0,0
3134,6705,2025-12-04,32600.0,6870.0,13040.0,2740.0,0
3135,6972,2025-12-25,30730.0,3510.0,12290.0,4480.0,50000
3136,3714,2025-11-09,9310.0,3010.0,3720.0,1020.0,0
3137,5052,2026-01-27,27140.0,3510.0,10860.0,3480.0,150000
3138,2565,2026-06-14,28300.0,5780.0,11320.0,2590.0,0
3139,2476,2024-10-22,58700.0,3190.0,23480.0,2440.0,0
3140,3611,2025-09-22,23640.0,4610.0,9450.0,3310.0,0
3141,4256,2025-10-19,18120.0,4560.0,7250.0,1990.0,0
3142,6293,2025-04-07,36930.0,5220.0,14770.0,5430.0,0
3143,2824,2024-10-22,29460.0,3250.0,11780.0,2470.0,150000
3144,7398,2026-02-10,18390.0,2330.0,7360.0,2130.0,0
3145,1736,2026-02-07,13670.0,1510.0,5470.0,1690.0,0
3146,1586,2026-07-30,28340.0,4520.0,11340.0,2680.0,0
3147,67,2024-08-21,15820.0,2640.0,6330.0,2180.0,50000
3148,3062,2025-03-03,23370.0,4460.0,9350.0,2660.0,0
3149,7980,2025-01-11,15800.0,3200.0,6320.0,1540.0,0
3150,2429,2024-10-12,31560.0,4860.0,12620.0,2770.0,0
3151,4154,2024-10-31,24490.0,2940.0,9800.0,2780.0,50000
3152,7427,2024-12-17,27960.0,4380.0,11190.0,3500.0,150000
3153,342,2026-06-17,38410.0,4900.0,15360.0,5070.0,300000
3154,5250,2025-05-04,32580.0,4760.0,13030.0,3640.0,50000
3155,2775,2025-07-13,24030.0,4100.0,9610.0,3030.0,0
3156,5292,2026-07-26,23340.0,4100.0,9340.0,2100.0,0
3157,2818,2026-07-28,22530.0,4250.0,9010.0,2060.0,0
3158,2662,2026-06-01,17950.0,4850.0,7180.0,1560.0,150000
3159,1233,2025-03-12,29150.0,5440.0,11660.0,2200.0,150000
3160,3875,2025-06-08,26920.0,4180.0,10770.0,2980.0,300000
3161,2402,2025-08-15,18060.0,4970.0,7230.0,2800.0,0
3162,1495,2025-05-28,16340.0,3080.0,6540.0,2260.0,150000
3163,5918,2025-04-13,11950.0,3310.0,4780.0,1320.0,50000
3164,4212,2024-09-05,30900.0,6600.0,12360.0,4340.0,50000
3165,7432,2025-07-14,35770.0,5760.0,14310.0,3490.0,300000
3166,662,2025-12-12,30030.0,4990.0,12010.0,3380.0,0
3167,3884,2025-10-08,25360.0,3250.0,10140.0,2960.0,0
3168,5562,2025-02-04,25750.0,4000.0,10300.0,2820.0,0
3169,3620,2024-11-20,21270.0,4100.0,8510.0,1340.0,50000
3170,6597,2025-03-09,38890.0,4160.0,15560.0,3430.0,0
3171,1869,2024-11-29,18700.0,2460.0,7480.0,2380.0,0
3172,7645,2025-04-09,33400.0,6880.0,13360.0,4410.0,0
3173,2335,2024-08-25,20600.0,3420.0,8240.0,1880.0,0
3174,3375,2025-09-14,27680.0,2780.0,11070.0,2680.0,0
3175,1017,2026-02-12,12690.0,2830.0,5070.0,1150.0,150000
3176,4407,2026-08-19,24850.0,3330.0,9940.0,3060.0,0
3177,208,2024-10-15,20240.0,2190.0,8100.0,1500.0,150000
3178,2666,2025-03-30,27400.0,2740.0,10960.0,3580.0,50000
3179,2494,2025-10-10,24360.0,3930.0,9740.0,4060.0,150000
3180,6814,2025-02-28,35930.0,4270.0,14370.0,3570.0,300000
3181,633,2026-01-06,26360.0,4860.0,10540.0,2990.0,0
3182,2103,2026-04-22,27810.0,5960.0,11120.0,3040.0,300000
3183,2960,2026-05-10,22570.0,5060.0,9030.0,1810.0,50000
3184,3084,2026-06-05,23520.0,3280.0,9410.0,3240.0,0
3185,4753,2026-01-02,30790.0,4200.0,12320.0,2990.0,0
3186,5520,2025-06-24,37870.0,6100.0,15150.0,3420.0,50000
3187,1932,2026-07-19,17300.0,3230.0,6920.0,1940.0,300000
3188,3720,2025-05-17,28260.0,5980.0,11300.0,3020.0,0
3189,7124,2025-02-22,27750.0,5070.0,11100.0,3740.0,0
3190,2563,2024-12-21,21020.0,2290.0,8410.0,2890.0,300000
3191,1680,2025-03-26,28000.0,4970.0,11200.0,2070.0,150000
3192,7710,2024-12-08,13090.0,3370.0,5230.0,0.0,300000
3193,237,2024-12-07,30290.0,4330.0,12120.0,3300.0,50000
3194,7447,2025-08-20,16610.0,3670.0,6640.0,2070.0,150000
3195,4444,2024-09-04,27120.0,4080.0,10850.0,3140.0,0
3196,6771,2025-02-01,14370.0,1680.0,5750.0,1300.0,50000
3197,7272,2024-12-08,23240.0,3440.0,9300.0,2100.0,150000
3198,4726,2024-08-21,6940.0,610.0,2780.0,690.0,0
3199,1541,2025-10-09,24950.0,2200.0,9980.0,2680.0,0
3200,6100,2025-12-05,13940.0,2690.0,5580.0,1230.0,0
3201,3944,2026-01-13,27590.0,5550.0,11040.0,2840.0,0
3202,5368,2026-07-19,10380.0,2070.0,4150.0,1320.0,150000
3203,364,2025-03-18,12980.0,2530.0,5190.0,1600.0,300000
3204,2369,2025-10-02,30140.0,6530.0,12050.0,2840.0,0
3205,7801,2026-04-06,20520.0,5510.0,8210.0,2200.0,150000
3206,286,2025-07-18,39690.0,6880.0,15880.0,4710.0,0
3207,149,2025-06-25,25830.0,3880.0,10330.0,3240.0,300000
3208,5204,2026-04-13,25820.0,2820.0,10330.0,2150.0,0
3209,4038,2025-11-27,9170.0,1270.0,3670.0,1090.0,50000
3210,6550,2025-07-13,18830.0,2160.0,7530.0,1590.0,0
3211,7122,2026-04-10,37400.0,4660.0,14960.0,6690.0,150000
3212,4552,2026-06-28,51590.0,8610.0,20640.0,6220.0,0
3213,1767,2026-02-24,15070.0,2690.0,6030.0,1690.0,0
3214,4896,2024-12-16,34950.0,6190.0,13980.0,5240.0,0
3215,5281,2024-10-30,33480.0,3900.0,13390.0,3870.0,0
3216,1013,2025-09-25,24650.0,5540.0,9860.0,2790.0,300000
3217,2832,2025-07-17,31790.0,5670.0,12720.0,3510.0,150000
3218,2508,2026-05-12,13890.0,1270.0,5560.0,1610.0,150000
3219,7718,2024-10-20,10190.0,2250.0,4070.0,1090.0,300000
3220,1524,2026-01-01,28860.0,2840.0,11540.0,2960.0,300000
3221,2786,2025-10-30,14810.0,2330.0,5930.0,1670.0,300000
3222,2557,2026-04-22,16850.0,2310.0,6740.0,1780.0,0
3223,3726,2026-07-31,14180.0,4570.0,5670.0,1420.0,150000
3224,7972,2026-08-14,18920.0,2360.0,7570.0,2050.0,300000
3225,4577,2024-12-16,23370.0,4030.0,9350.0,2150.0,300000
3226,5783,2025-09-01,21520.0,4020.0,8610.0,1440.0,0
3227,6258,2026-07-10,32360.0,3560.0,12950.0,4090.0,0
3228,6893,2025-06-25,13810.0,3640.0,5520.0,1590.0,50000
3229,1602,2026-08-08,28830.0,4160.0,11530.0,3580.0,0
3230,2409,2026-04-14,23080.0,3450.0,9230.0,3210.0,0
3231,341,2026-05-20,15200.0,3690.0,6080.0,1370.0,150000
3232,2818,2025-12-06,22530.0,3010.0,9010.0,2060.0,0
3233,6107,2025-02-13,38190.0,6770.0,15280.0,5230.0,300000
3234,6905,2026-08-14,31510.0,6580.0,12600.0,3980.0,0
3235,7113,2025-12-13,14870.0,3340.0,5950.0,1590.0,0
3236,2497,2024-10-14,38880.0,4120.0,15550.0,5190.0,150000
3237,5963,2026-04-19,25330.0,4170.0,10130.0,1980.0,300000
3238,4931,2025-10-16,31570.0,4190.0,12630.0,4140.0,0
3239,5300,2025-09-24,8800.0,1210.0,3520.0,760.0,150000
3240,1726,2026-04-09,24490.0,6790.0,9800.0,3240.0,150000
3241,7575,2026-06-13,27290.0,3400.0,10920.0,2910.0,0
3242,1690,2025-11-14,35200.0,5800.0,14080.0,2880.0,50000
3243,3268,2024-11-05,29900.0,5220.0,11960.0,2100.0,0
3244,7634,2025-07-08,28160.0,4710.0,11260.0,2610.0,0
3245,4407,2024-10-16,24850.0,4280.0,9940.0,3060.0,150000
3246,262,2025-09-03,29750.0,3850.0,11900.0,3260.0,0
3247,1443,2025-09-30,30730.0,3670.0,12290.0,2580.0,0
3248,406,2024-12-17,20320.0,6500.0,8130.0,2430.0,0
3249,2191,2025-02-07,20720.0,4950.0,8290.0,2360.0,150000
3250,4438,2026-01-18,26760.0,4500.0,10700.0,3150.0,0
3251,5436,2025-05-07,42430.0,5040.0,16970.0,3520.0,0
3252,7269,2024-11-15,27540.0,6160.0,11020.0,3770.0,50000
3253,244,2025-04-28,15570.0,2550.0,6230.0,2130.0,300000
3254,4586,2024-09-09,15750.0,3590.0,6300.0,1900.0,150000
3255,4108,2025-12-21,19100.0,1830.0,7640.0,1550.0,150000
3256,7407,2025-10-19,9370.0,1650.0,3750.0,980.0,0
3257,561,2026-06-03,41740.0,5030.0,16700.0,3710.0,0
3258,4138,2025-06-10,22270.0,4610.0,8910.0,2410.0,300000
3259,2726,2025-07-05,13440.0,1280.0,5380.0,1620.0,300000
3260,594,2024-09-23,18280.0,3030.0,7310.0,2520.0,0
3261,5549,2026-04-05,18730.0,2300.0,7490.0,2220.0,50000
3262,1827,2026-07-07,16940.0,2840.0,6780.0,2230.0,0
3263,3230,2025-02-25,25050.0,2770.0,10020.0,2610.0,150000
3264,3288,2025-12-17,31940.0,4200.0,12780.0,3260.0,50000
3265,4074,2025-09-09,39410.0,4020.0,15760.0,4380.0,150000
3266,5790,2024-12-23,22810.0,2060.0,9120.0,2380.0,0
3267,7630,2025-08-08,20910.0,2920.0,8360.0,2340.0,0
3268,134,2026-07-23,12090.0,2530.0,4830.0,1230.0,50000
3269,3139,2026-05-01,33360.0,4600.0,13340.0,3640.0,0
3270,3920,2026-01-09,28820.0,3410.0,11530.0,4040.0,150000
3271,7175,2025-06-29,22230.0,4420.0,8890.0,2320.0,0
3272,5044,2024-09-17,17810.0,3470.0,7120.0,1400.0,150000
3273,7694,2026-02-21,28830.0,3000.0,11530.0,2500.0,0
3274,73,2024-10-23,38570.0,7220.0,15430.0,4260.0,150000
3275,4495,2025-07-03,33020.0,3270.0,13210.0,3460.0,0
3276,5525,2026-06-19,13550.0,2370.0,5420.0,1690.0,0
3277,7843,2025-06-18,17970.0,4800.0,7190.0,1820.0,50000
3278,6722,2026-07-07,44420.0,8190.0,17770.0,4390.0,0
3279,7003,2024-11-15,21550.0,2070.0,8620.0,2500.0,0
3280,4226,2026-02-08,30920.0,6610.0,12370.0,3340.0,50000
3281,2979,2024-10-05,16700.0,2970.0,6680.0,1670.0,0
3282,7634,2026-02-06,28160.0,3180.0,11260.0,2610.0,0
3283,7374,2026-06-20,25340.0,3790.0,10140.0,3560.0,0
3284,5908,2025-03-02,28910.0,4780.0,11560.0,2690.0,50000
3285,6098,2025-05-16,13510.0,2630.0,5400.0,1170.0,150000
3286,7936,2025-07-18,21460.0,4660.0,8580.0,3140.0,0
3287,4362,2025-11-06,17840.0,3370.0,7130.0,1660.0,0
3288,5657,2026-05-25,25240.0,5130.0,10100.0,2870.0,0
3289,1986,2026-05-10,15860.0,3290.0,6340.0,1790.0,50000
3290,793,2026-01-02,26100.0,5510.0,10440.0,3890.0,0
3291,6397,2026-05-22,18060.0,4060.0,7220.0,2620.0,300000
3292,6966,2025-01-29,24530.0,3800.0,9810.0,3360.0,50000
3293,5409,2026-04-20,26640.0,3500.0,10650.0,3440.0,0
3294,4260,2024-11-01,22430.0,2300.0,8970.0,1680.0,50000
3295,95,2024-12-05,24340.0,3350.0,9740.0,2780.0,0
3296,5902,2024-09-02,40110.0,6390.0,16040.0,4080.0,0
3297,6977,2026-03-24,26630.0,6620.0,10650.0,3770.0,0
3298,1134,2025-08-12,22420.0,3320.0,8970.0,1820.0,150000
3299,6480,2025-05-28,18560.0,1750.0,7420.0,2340.0,300000
3300,4918,2026-08-05,16870.0,1650.0,6750.0,1710.0,0
3301,238,2025-03-09,16000.0,2950.0,6400.0,1250.0,0
3302,6525,2025-02-28,26150.0,3210.0,10460.0,2970.0,0
3303,7604,2024-10-21,24830.0,4340.0,9930.0,2230.0,50000
3304,2947,2025-04-18,39020.0,4410.0,15610.0,4530.0,300000
3305,2531,2024-11-04,23130.0,6470.0,9250.0,3340.0,0
3306,1961,2024-11-10,23080.0,2740.0,9230.0,2540.0,0
3307,7046,2025-04-09,25740.0,2960.0,10300.0,2990.0,150000
3308,1049,2026-06-22,13410.0,1920.0,5360.0,1980.0,0
3309,5773,2026-06-29,27410.0,4760.0,10960.0,2830.0,50000
3310,7285,2025-12-11,18660.0,3240.0,7460.0,1900.0,0
3311,2530,2024-11-01,17960.0,5730.0,7180.0,2120.0,0
3312,7560,2025-12-17,15220.0,2590.0,6090.0,1680.0,0
3313,2965,2026-02-10,33590.0,4700.0,13440.0,2920.0,0
3314,7138,2025-03-06,15890.0,2450.0,6360.0,1620.0,50000
3315,964,2025-12-24,18740.0,2570.0,7500.0,1920.0,150000
3316,537,2024-10-29,18620.0,4730.0,7450.0,1860.0,0
3317,7247,2026-03-03,25950.0,6670.0,10380.0,2570.0,0
3318,5700,2024-10-09,22370.0,4070.0,8950.0,2670.0,150000
3319,7341,2025-08-22,23230.0,4350.0,9290.0,3180.0,150000
3320,6076,2025-07-10,29510.0,4010.0,11810.0,3140.0,0
3321,7180,2025-04-12,28420.0,4960.0,11370.0,3480.0,50000
3322,7968,2026-06-13,27780.0,6060.0,11110.0,2720.0,0
3323,4224,2025-01-05,31960.0,5980.0,12780.0,3780.0,0
3324,3680,2025-11-27,33660.0,5180.0,13460.0,3680.0,0
3325,4188,2026-02-06,41850.0,7130.0,16740.0,4950.0,150000
3326,3725,2026-01-23,13710.0,1230.0,5480.0,1420.0,0
3327,543,2026-06-04,14750.0,3580.0,5900.0,1690.0,0
3328,846,2026-08-12,42280.0,4900.0,16910.0,6140.0,0
3329,3604,2025-01-30,36570.0,4030.0,14630.0,3470.0,50000
3330,5778,2026-01-14,21830.0,4750.0,8730.0,2740.0,150000
3331,3037,2025-12-17,29810.0,5230.0,11920.0,3220.0,0
3332,5948,2025-11-14,15210.0,2400.0,6080.0,1600.0,0
3333,2495,2025-08-11,22150.0,4880.0,8860.0,2910.0,150000
3334,4486,2026-05-25,33780.0,5990.0,13510.0,3610.0,50000
3335,2720,2025-08-02,41840.0,4490.0,16740.0,4300.0,300000
3336,1885,2024-12-11,24630.0,2050.0,9850.0,3000.0,50000
3337,4139,2024-11-09,22790.0,2820.0,9120.0,2500.0,300000
3338,4350,2025-05-25,25830.0,2640.0,10330.0,2840.0,0
3339,3202,2025-03-18,27000.0,3400.0,10800.0,2190.0,0
3340,5180,2026-06-02,18010.0,3480.0,7200.0,1260.0,300000
3341,2711,2024-10-15,27490.0,5430.0,11000.0,2310.0,300000
3342,6611,2025-05-30,32650.0,6530.0,13060.0,3050.0,0
3343,6431,2024-12-27,20540.0,3850.0,8210.0,2500.0,0
3344,7155,2025-10-05,14980.0,3440.0,5990.0,1510.0,300000
3345,5637,2025-01-09,24940.0,4060.0,9970.0,4240.0,150000
3346,7635,2025-02-21,24970.0,4390.0,9990.0,2500.0,0
3347,1954,2025-03-03,30510.0,5020.0,12210.0,3300.0,300000
3348,6922,2025-11-09,18880.0,5630.0,7550.0,1950.0,50000
3349,6489,2025-07-30,32180.0,8080.0,12870.0,3210.0,50000
3350,4738,2025-09-13,27300.0,4030.0,10920.0,3910.0,150000
3351,6526,2026-02-16,13360.0,3630.0,5340.0,1660.0,300000
3352,3851,2024-09-10,38100.0,4410.0,15240.0,4670.0,150000
3353,690,2026-04-23,28380.0,3860.0,11350.0,2590.0,0
3354,5373,2026-02-22,19170.0,4300.0,7670.0,2140.0,150000
3355,1951,2025-01-08,30830.0,5840.0,12330.0,3660.0,150000
3356,5176,2024-12-10,32470.0,4530.0,12990.0,3280.0,0
3357,5583,2025-10-13,35010.0,5910.0,14000.0,4860.0,0
3358,457,2026-08-05,34420.0,7220.0,13770.0,3840.0,300000
3359,5079,2025-06-28,11610.0,1460.0,4640.0,1590.0,150000
3360,2131,2025-06-01,18890.0,4150.0,7560.0,1900.0,0
3361,3977,2025-09-14,31040.0,3540.0,12420.0,3380.0,300000
3362,5219,2026-07-10,19400.0,3250.0,7760.0,2620.0,300000
3363,4245,2025-10-03,16190.0,2990.0,6480.0,2080.0,50000
3364,5449,2026-05-02,27440.0,6950.0,10980.0,2760.0,0
3365,1180,2025-12-21,30140.0,4530.0,12060.0,3020.0,0
3366,4286,2024-08-31,48650.0,6510.0,19460.0,6210.0,50000
3367,3566,2025-03-30,18480.0,2210.0,7390.0,2140.0,50000
3368,883,2026-06-27,37480.0,5350.0,14990.0,3840.0,0
3369,6407,2026-02-21,28850.0,7860.0,11540.0,2180.0,300000
3370,7248,2024-09-21,16870.0,3240.0,6750.0,1690.0,0
3371,400,2026-08-12,43280.0,6230.0,17310.0,4810.0,0
3372,6908,2025-08-17,30230.0,3670.0,12090.0,4360.0,300000
3373,609,2026-02-18,13340.0,1780.0,5330.0,1060.0,0
3374,7428,2025-02-09,21840.0,2410.0,8740.0,2380.0,0
3375,5892,2026-05-19,16940.0,3040.0,6770.0,1290.0,50000
3376,1639,2026-01-24,20820.0,4590.0,8330.0,2640.0,0
3377,5672,2025-05-03,26920.0,5960.0,10770.0,3530.0,0
3378,6929,2026-01-13,11640.0,1310.0,4660.0,1490.0,0
3379,2149,2025-06-05,16280.0,3090.0,6510.0,2350.0,0
3380,1383,2026-02-12,28190.0,3270.0,11280.0,3310.0,0
3381,1404,2026-03-14,62560.0,2990.0,25020.0,2770.0,300000
3382,820,2025-05-09,22840.0,3360.0,9130.0,2100.0,50000
3383,3293,2024-11-29,21430.0,3340.0,8570.0,2910.0,150000
3384,820,2025-08-18,22840.0,2910.0,9130.0,2100.0,0
3385,420,2025-01-04,23890.0,4270.0,9550.0,2550.0,0
3386,4220,2026-06-04,17150.0,2940.0,6860.0,2010.0,300000
3387,4518,2026-04-07,13000.0,1900.0,5200.0,1200.0,50000
3388,3303,2025-04-02,27500.0,5660.0,11000.0,2600.0,300000
3389,7858,2025-01-09,20680.0,1970.0,8270.0,1780.0,0
3390,7231,2025-04-13,25570.0,6390.0,10230.0,2910.0,300000
3391,1509,2025-07-30,21270.0,2830.0,8510.0,1770.0,0
3392,7796,2025-09-29,28760.0,3660.0,11500.0,2950.0,300000
3393,7871,2025-12-31,10380.0,1560.0,4150.0,1280.0,50000
3394,5694,2024-11-13,23940.0,3650.0,9570.0,3380.0,0
3395,768,2024-12-22,38900.0,3890.0,15560.0,3550.0,0
3396,2045,2026-04-08,19080.0,5200.0,7630.0,1500.0,300000
3397,6627,2024-08-27,40920.0,5510.0,16370.0,4140.0,0
3398,6663,2025-03-23,19000.0,2130.0,7600.0,2310.0,300000
3399,6299,2025-05-27,36190.0,6220.0,14470.0,4310.0,0
3400,2140,2026-01-23,29800.0,7390.0,11920.0,3500.0,0
3401,3030,2025-01-23,19510.0,2670.0,7800.0,2990.0,0
3402,1550,2025-08-29,18920.0,3190.0,7570.0,1830.0,0
3403,6599,2025-09-04,23880.0,3100.0,9550.0,3260.0,300000
3404,1765,2025-10-09,24120.0,2510.0,9650.0,3150.0,50000
3405,6141,2026-01-26,23870.0,4390.0,9550.0,3460.0,300000
3406,2646,2026-02-22,37900.0,7160.0,15160.0,4170.0,50000
3407,3717,2025-07-12,36240.0,7710.0,14500.0,3960.0,150000
3408,4606,2024-11-08,25780.0,2400.0,10310.0,2550.0,300000
3409,5303,2026-07-08,25290.0,4020.0,10120.0,2700.0,50000
3410,4482,2026-01-01,26310.0,3900.0,10520.0,2740.0,300000
3411,5694,2026-06-07,23940.0,3650.0,9570.0,3380.0,300000
3412,7899,2026-07-19,22910.0,2760.0,9160.0,2430.0,0
3413,6549,2025-10-10,28570.0,4880.0,11430.0,3050.0,300000
3414,2294,2024-10-17,16500.0,2240.0,6600.0,1160.0,50000
3415,4838,2025-03-27,25340.0,3910.0,10140.0,3520.0,300000
3416,7759,2025-05-03,27360.0,4890.0,10940.0,2750.0,300000
3417,2709,2026-05-07,21760.0,3680.0,8700.0,2140.0,0
3418,6794,2025-01-31,17140.0,4330.0,6860.0,2210.0,50000
3419,7639,2026-01-20,15810.0,2300.0,6320.0,1380.0,0
3420,7994,2024-11-17,23140.0,2890.0,9260.0,2780.0,300000
3421,6008,2025-02-27,26200.0,3770.0,10480.0,2850.0,0
3422,5543,2025-08-26,22280.0,3780.0,8910.0,2310.0,150000
3423,901,2025-12-01,25740.0,3390.0,10300.0,3060.0,0
3424,6209,2026-02-03,25320.0,4590.0,10130.0,3060.0,300000
3425,3085,2026-08-08,27820.0,5830.0,11130.0,2380.0,300000
3426,6357,2026-02-27,31280.0,6190.0,12510.0,3260.0,0
3427,2010,2026-04-12,15670.0,4040.0,6270.0,1640.0,300000
3428,242,2025-08-11,28040.0,3370.0,11220.0,2770.0,0
3429,6637,2024-11-20,28520.0,3320.0,11410.0,3300.0,0
3430,7381,2025-12-29,21210.0,3040.0,8480.0,1830.0,0
3431,7861,2025-08-23,47390.0,3020.0,18950.0,5670.0,150000
3432,2386,2024-11-02,32890.0,5000.0,13160.0,3350.0,50000
3433,6117,2026-03-16,20920.0,4130.0,8370.0,2910.0,0
3434,4269,2025-05-23,38980.0,4490.0,15590.0,3540.0,0
3435,672,2025-03-26,19560.0,3590.0,7820.0,2420.0,300000
3436,164,2026-06-01,29640.0,3030.0,11860.0,2880.0,300000
3437,465,2025-09-19,16200.0,3060.0,6480.0,1780.0,0
3438,3043,2026-03-29,29330.0,2320.0,11730.0,3200.0,50000
3439,4593,2026-07-09,21850.0,2540.0,8740.0,2100.0,300000
3440,4796,2025-07-20,19290.0,2050.0,7720.0,1980.0,0
3441,2443,2024-12-31,14710.0,3970.0,5880.0,1830.0,0
3442,4799,2025-02-23,23560.0,3500.0,9420.0,1960.0,150000
3443,6037,2025-07-03,33080.0,5250.0,13230.0,4280.0,0
3444,2356,2026-03-31,38640.0,4860.0,15450.0,3320.0,150000
3445,5888,2025-01-12,27680.0,7150.0,11070.0,2940.0,0
3446,4279,2026-01-08,17480.0,3640.0,6990.0,1700.0,150000
3447,4725,2024-12-19,26170.0,3230.0,10470.0,2940.0,150000
3448,7962,2024-11-14,14020.0,2490.0,5610.0,1280.0,0
3449,2558,2026-05-20,6860.0,1300.0,2740.0,980.0,300000
3450,5828,2026-07-02,18140.0,2320.0,7260.0,0.0,0
3451,546,2025-03-18,22340.0,2510.0,8940.0,1750.0,300000
3452,5684,2025-10-22,28720.0,3690.0,11490.0,3600.0,0
3453,4720,2024-10-01,34410.0,5730.0,13760.0,3190.0,300000
3454,3836,2025-05-29,23670.0,3490.0,9470.0,2360.0,0
3455,594,2025-06-03,18280.0,4450.0,7310.0,2520.0,50000
3456,4840,2024-08-28,27200.0,3910.0,10880.0,3040.0,0
3457,7395,2025-09-07,41850.0,5300.0,16740.0,5380.0,0
3458,5865,2025-08-15,15130.0,2970.0,6050.0,1700.0,150000
3459,3805,2025-06-06,32610.0,4510.0,13040.0,3360.0,0
3460,1460,2024-11-19,22500.0,3400.0,9000.0,1710.0,0
3461,6045,2024-09-10,31720.0,4820.0,12690.0,3370.0,50000
3462,3494,2026-08-19,42760.0,5060.0,17110.0,5910.0,0
3463,2602,2025-10-02,22180.0,5610.0,8870.0,2920.0,0
3464,6165,2026-07-09,23740.0,4330.0,9490.0,2040.0,0
3465,6698,2025-01-23,15610.0,2520.0,6240.0,1110.0,0
3466,2445,2026-06-27,29390.0,3960.0,11760.0,3670.0,0
3467,2673,2024-09-10,25140.0,4690.0,10060.0,2500.0,0
3468,4201,2025-10-15,11910.0,1290.0,4760.0,1390.0,0
3469,6336,2025-07-27,25710.0,4460.0,10280.0,3010.0,50000
3470,17,2025-02-04,25190.0,3600.0,10080.0,2840.0,0
3471,3192,2025-04-11,26460.0,6480.0,10590.0,3260.0,300000
3472,393,2025-10-01,19540.0,1640.0,7820.0,1590.0,50000
3473,425,2025-11-01,23820.0,4470.0,9530.0,2670.0,0
3474,6273,2024-12-27,30200.0,6930.0,12080.0,3750.0,0
3475,7298,2025-04-07,17890.0,2990.0,7160.0,2000.0,50000
3476,572,2024-09-06,21020.0,4070.0,8410.0,2340.0,150000
3477,3632,2024-11-30,23430.0,5340.0,9370.0,2760.0,0
3478,6173,2026-07-15,26480.0,3430.0,10590.0,2480.0,0
3479,1121,2025-12-27,28090.0,4690.0,11230.0,2380.0,0
3480,7178,2024-12-12,23350.0,2530.0,9340.0,3440.0,300000
3481,242,2025-09-18,28040.0,6090.0,11220.0,2770.0,50000
3482,3898,2025-05-03,14650.0,2420.0,5860.0,1700.0,0
3483,4096,2026-06-11,23060.0,3760.0,9220.0,2530.0,0
3484,2280,2024-10-13,16670.0,2340.0,6670.0,1660.0,0
3485,789,2025-05-09,33080.0,3940.0,13230.0,4870.0,50000
3486,7452,2025-08-13,28120.0,5160.0,11250.0,3220.0,0
3487,715,2026-01-29,31650.0,3790.0,12660.0,3560.0,0
3488,4855,2026-07-17,10610.0,1450.0,4240.0,940.0,0
3489,2850,2025-04-16,6440.0,530.0,2580.0,990.0,0
3490,776,2026-03-22,24450.0,5280.0,9780.0,2170.0,0
3491,4027,2025-01-31,23310.0,4510.0,9320.0,3380.0,50000
3492,6870,2025-07-10,39770.0,5690.0,15910.0,4360.0,0
3493,2248,2026-03-05,26190.0,3990.0,10480.0,2830.0,0
3494,7089,2025-12-11,16110.0,2500.0,6440.0,1320.0,50000
3495,79,2024-09-19,29840.0,5180.0,11940.0,2880.0,50000
3496,7100,2025-06-02,15320.0,3350.0,6130.0,1620.0,300000
3497,3927,2026-04-04,17110.0,2720.0,6850.0,1570.0,0
3498,856,2025-09-07,20850.0,2040.0,8340.0,2820.0,0
3499,7341,2025-03-12,23230.0,3710.0,9290.0,3180.0,300000
3500,6611,2025-11-10,32650.0,6710.0,13060.0,3050.0,0
3501,6725,2025-06-13,39710.0,5500.0,15880.0,3750.0,300000
3502,5536,2024-12-18,11670.0,2990.0,4670.0,1110.0,0
3503,7084,2026-03-29,20040.0,1930.0,8020.0,1660.0,300000
3504,6593,2025-08-30,22600.0,4670.0,9040.0,2610.0,0
3505,6231,2025-01-03,30570.0,6090.0,12230.0,3700.0,0
3506,2149,2025-01-17,16280.0,3480.0,6510.0,2350.0,0
3507,1032,2025-10-19,36150.0,4400.0,14460.0,2700.0,0
3508,4941,2025-10-21,39950.0,3450.0,15980.0,3890.0,50000
3509,3272,2025-07-07,24140.0,2510.0,9660.0,2960.0,0
3510,3577,2025-08-01,33190.0,5070.0,13270.0,3920.0,0
3511,4183,2026-07-13,24940.0,4730.0,9980.0,2630.0,0
3512,6187,2025-01-17,19820.0,4860.0,7930.0,2350.0,0
3513,3457,2024-09-25,28370.0,6630.0,11350.0,3180.0,300000
3514,7789,2025-01-07,11000.0,2610.0,4400.0,1170.0,150000
3515,3507,2025-11-21,20080.0,4140.0,8030.0,2260.0,300000
3516,408,2025-05-22,15000.0,2590.0,6000.0,1620.0,0
3517,7651,2025-02-18,19780.0,2370.0,7910.0,2010.0,300000
3518,2712,2025-04-11,12660.0,1550.0,5060.0,1450.0,0
3519,3089,2025-10-27,12000.0,2700.0,4800.0,1320.0,0
3520,1669,2025-09-23,24690.0,6170.0,9880.0,2820.0,300000
3521,148,2026-07-07,21220.0,2570.0,8490.0,2370.0,300000
3522,6421,2025-08-08,25220.0,3460.0,10090.0,3010.0,50000
3523,4328,2025-03-30,34160.0,7990.0,13670.0,2550.0,150000
3524,3898,2024-12-05,14650.0,2780.0,5860.0,1700.0,50000
3525,1951,2026-04-09,30830.0,3530.0,12330.0,3660.0,300000
3526,366,2025-07-16,12370.0,2630.0,4950.0,1810.0,0
3527,7396,2026-06-11,20020.0,5450.0,8010.0,1820.0,50000
3528,1675,2025-09-14,13340.0,4710.0,5340.0,1530.0,0
3529,4532,2025-01-18,24070.0,4670.0,9630.0,3120.0,0
3530,4495,2025-12-31,33020.0,5870.0,13210.0,3460.0,150000
3531,5331,2025-01-06,12420.0,1410.0,4970.0,1540.0,300000
3532,5511,2026-02-21,34780.0,6130.0,13910.0,4950.0,50000
3533,2547,2026-08-18,25620.0,2870.0,10250.0,2920.0,0
3534,6684,2026-05-29,22980.0,3950.0,9190.0,2940.0,300000
3535,563,2025-12-10,14900.0,2560.0,5960.0,1780.0,300000
3536,3563,2025-12-22,14230.0,3350.0,5690.0,1380.0,0
3537,2490,2024-09-01,26490.0,5680.0,10600.0,3350.0,0
3538,5381,2026-02-17,28010.0,5110.0,11200.0,2840.0,0
3539,773,2026-06-12,38370.0,6100.0,15350.0,4780.0,0
3540,6494,2024-10-21,32800.0,3780.0,13120.0,4460.0,0
3541,2038,2026-01-17,24960.0,3570.0,9980.0,2740.0,0
3542,3424,2025-02-10,30740.0,7170.0,12290.0,4010.0,150000
3543,2568,2025-11-27,34520.0,3190.0,13810.0,2960.0,0
3544,5440,2024-12-09,23600.0,4940.0,9440.0,1960.0,0
3545,6282,2026-08-19,20450.0,3680.0,8180.0,2420.0,150000
3546,1574,2025-09-13,6050.0,1210.0,2420.0,690.0,0
3547,3695,2025-01-18,27390.0,2580.0,10960.0,2260.0,50000
3548,5088,2025-06-15,26180.0,3120.0,10470.0,2950.0,300000
3549,6512,2024-10-30,8260.0,1180.0,3300.0,800.0,0
3550,3292,2026-01-27,15150.0,2140.0,6060.0,1920.0,0
3551,7505,2026-01-14,30590.0,3630.0,12240.0,3870.0,0
3552,1247,2024-11-30,15700.0,2790.0,6280.0,1900.0,300000
3553,3720,2025-07-27,28260.0,3850.0,11300.0,3020.0,50000
3554,3840,2025-03-18,15970.0,2280.0,6390.0,2100.0,0
3555,360,2025-02-05,33960.0,2860.0,13580.0,4550.0,150000
3556,5017,2024-10-21,27220.0,5320.0,10890.0,2220.0,150000
3557,2377,2024-10-04,31520.0,5560.0,12610.0,2980.0,0
3558,3010,2024-08-30,25640.0,3110.0,10250.0,2180.0,300000
3559,6607,2025-08-23,19680.0,3260.0,7870.0,2670.0,0
3560,2994,2024-11-21,21750.0,4840.0,8700.0,2230.0,0
3561,963,2026-05-17,15510.0,3490.0,6200.0,1970.0,0
3562,3633,2025-09-03,20510.0,4140.0,8200.0,3140.0,0
3563,1828,2024-11-08,30530.0,4540.0,12210.0,3860.0,0
3564,7550,2024-10-27,35480.0,6130.0,14190.0,5070.0,0
3565,6980,2025-01-04,18290.0,2130.0,7310.0,2700.0,50000
3566,1614,2025-06-28,23000.0,3480.0,9200.0,1950.0,50000
3567,1641,2024-12-23,17890.0,2920.0,7160.0,2020.0,0
3568,2217,2025-09-24,29140.0,5140.0,11660.0,3010.0,50000
3569,4313,2026-04-06,23060.0,4230.0,9230.0,1770.0,300000
3570,378,2026-04-16,31490.0,4760.0,12600.0,2710.0,0
3571,4215,2025-08-03,13200.0,1670.0,5280.0,1810.0,300000
3572,4286,2025-12-01,48650.0,5870.0,19460.0,6210.0,300000
3573,6911,2024-11-02,43860.0,7240.0,17550.0,5810.0,0
3574,370,2025-09-20,17190.0,2000.0,6880.0,1790.0,50000
3575,5898,2026-05-25,18630.0,4990.0,7450.0,2360.0,150000
3576,2197,2026-08-12,18720.0,3200.0,7490.0,2310.0,50000
3577,3748,2025-06-12,34400.0,4600.0,13760.0,3180.0,50000
3578,652,2024-11-05,24970.0,3590.0,9990.0,2550.0,150000
3579,5979,2025-06-18,42200.0,7360.0,16880.0,3770.0,0
3580,5608,2024-12-13,24080.0,5450.0,9630.0,2520.0,300000
3581,770,2025-07-01,9160.0,1390.0,3670.0,1140.0,0
3582,2422,2025-02-10,21810.0,3520.0,8720.0,1890.0,0
3583,781,2026-01-15,18130.0,2490.0,7250.0,2620.0,0
3584,1717,2024-12-18,23620.0,4380.0,9450.0,2870.0,50000
3585,6304,2026-04-21,20620.0,4050.0,8250.0,2140.0,300000
3586,6495,2026-06-07,20800.0,3640.0,8320.0,1720.0,0
3587,3984,2025-06-22,11410.0,1690.0,4560.0,1420.0,50000
3588,1312,2025-09-07,22810.0,4730.0,9120.0,2260.0,0
3589,3360,2026-03-20,23560.0,5250.0,9420.0,3140.0,0
3590,7036,2024-11-28,48720.0,7890.0,19490.0,4920.0,150000
3591,5346,2025-12-25,13560.0,2780.0,5430.0,1340.0,0
3592,523,2026-01-27,28050.0,6650.0,11220.0,3190.0,150000
3593,522,2026-06-03,32780.0,4310.0,13110.0,1740.0,0
3594,4879,2025-10-04,31100.0,5560.0,12440.0,3310.0,0
3595,2321,2026-02-05,28990.0,5340.0,11590.0,3120.0,0
3596,936,2025-10-06,35900.0,8710.0,14360.0,2900.0,150000
3597,7570,2025-06-12,42370.0,8700.0,16950.0,3740.0,0
3598,2231,2025-05-26,13010.0,3410.0,5200.0,1330.0,150000
3599,4041,2025-10-13,22900.0,2540.0,9160.0,2690.0,0
3600,5785,2025-10-15,17270.0,2050.0,6910.0,1670.0,50000
3601,4584,2025-01-14,35530.0,4910.0,14210.0,5170.0,0
3602,5947,2026-07-05,32470.0,3810.0,12990.0,2610.0,0
3603,4942,2024-10-07,13480.0,2530.0,5390.0,1890.0,150000
3604,6268,2024-12-13,18200.0,1780.0,7280.0,2240.0,300000
3605,7129,2026-03-22,35910.0,5240.0,14360.0,3740.0,0
3606,3698,2026-01-27,7120.0,1170.0,2850.0,890.0,300000
3607,2838,2026-06-25,22680.0,3640.0,9070.0,1980.0,300000
3608,4084,2024-10-10,31720.0,6440.0,12690.0,3080.0,0
3609,2462,2025-07-08,36850.0,4440.0,14740.0,4320.0,0
3610,6100,2025-12-20,13940.0,3430.0,5580.0,1230.0,0
3611,5845,2025-05-22,32220.0,2620.0,12890.0,2940.0,0
3612,3244,2025-01-21,15990.0,3660.0,6400.0,1500.0,0
3613,3360,2026-07-26,23560.0,2800.0,9420.0,3140.0,150000
3614,7603,2024-09-21,29980.0,6490.0,11990.0,2860.0,50000
3615,686,2025-09-12,38320.0,5590.0,15330.0,3150.0,0
3616,2161,2024-11-22,38580.0,7190.0,15430.0,3930.0,300000
3617,7032,2026-05-13,13920.0,3780.0,5570.0,1420.0,300000
3618,3989,2026-04-26,39660.0,6920.0,15860.0,3120.0,0
3619,4067,2025-03-07,33570.0,6960.0,13430.0,3620.0,0
3620,6266,2025-12-13,25710.0,3250.0,10290.0,2360.0,150000
3621,1568,2026-01-03,26220.0,2400.0,10490.0,2580.0,0
3622,5342,2025-01-27,20840.0,3680.0,8330.0,2600.0,50000
3623,7799,2024-10-27,33810.0,5860.0,13520.0,3330.0,150000
3624,39,2024-11-22,34900.0,6320.0,13960.0,3890.0,0
3625,2545,2025-10-13,87440.0,4910.0,34970.0,4130.0,300000
3626,4876,2024-09-08,16840.0,3540.0,6740.0,1860.0,0
3627,1257,2025-07-11,22360.0,3320.0,8940.0,2430.0,300000
3628,2991,2026-07-22,23740.0,5670.0,9490.0,2720.0,150000
3629,7698,2026-08-02,17010.0,2500.0,6800.0,2210.0,0
3630,2197,2024-12-26,18720.0,2510.0,7490.0,2310.0,50000
3631,3469,2024-10-30,18010.0,3240.0,7210.0,1980.0,0
3632,7166,2025-09-23,29840.0,4270.0,11930.0,2890.0,150000
3633,2709,2025-01-21,21760.0,4350.0,8700.0,2140.0,50000
3634,7806,2026-04-12,28560.0,4420.0,11420.0,3180.0,150000
3635,6024,2025-05-03,16380.0,1920.0,6550.0,2050.0,300000
3636,302,2025-07-26,21050.0,3060.0,8420.0,3030.0,50000
3637,7528,2024-09-10,24090.0,4200.0,9640.0,2430.0,150000
3638,6382,2025-12-28,29220.0,4450.0,11690.0,1750.0,50000
3639,647,2025-12-30,30120.0,5650.0,12050.0,3830.0,150000
3640,4759,2026-03-30,29770.0,7450.0,11910.0,2530.0,50000
3641,6380,2025-10-23,26970.0,3380.0,10790.0,3620.0,0
3642,1760,2024-11-06,31380.0,4050.0,12550.0,3220.0,0
3643,6347,2026-01-19,26780.0,3090.0,10710.0,1780.0,50000
3644,4352,2025-01-29,10300.0,1830.0,4120.0,1180.0,0
3645,598,2025-03-09,20680.0,3330.0,8270.0,1950.0,0
3646,662,2026-07-01,30030.0,4020.0,12010.0,3380.0,0
3647,4331,2025-07-26,19930.0,4660.0,7970.0,2260.0,0
3648,1369,2026-07-03,15900.0,2400.0,6360.0,1510.0,150000
3649,2582,2024-12-23,25790.0,3560.0,10320.0,2540.0,0
3650,7004,2025-08-31,19920.0,2330.0,7970.0,2640.0,50000
3651,3869,2026-04-03,29790.0,4230.0,11920.0,3020.0,50000
3652,7949,2025-09-16,39150.0,6550.0,15660.0,4520.0,150000
3653,3538,2024-08-26,28280.0,3360.0,11310.0,2660.0,300000
3654,4866,2024-09-06,16420.0,2410.0,6570.0,1820.0,150000
3655,6685,2024-11-03,17430.0,2360.0,6970.0,2230.0,50000
3656,4309,2026-03-23,19860.0,3150.0,7940.0,2460.0,150000
3657,4559,2024-10-12,11970.0,2650.0,4790.0,1090.0,300000
3658,6580,2026-04-25,18230.0,2310.0,7290.0,1700.0,150000
3659,283,2025-12-16,21670.0,2370.0,8670.0,2740.0,50000
3660,7730,2026-07-20,38040.0,3810.0,15220.0,3360.0,0
3661,3679,2025-10-26,22600.0,4040.0,9040.0,2160.0,0
3662,1487,2025-06-14,19280.0,2150.0,7710.0,2170.0,150000
3663,4083,2024-11-20,20160.0,3610.0,8060.0,1640.0,50000
3664,5527,2026-08-16,29360.0,5360.0,11740.0,1950.0,300000
3665,4184,2025-09-15,17300.0,2570.0,6920.0,1400.0,0
3666,5164,2025-06-21,37720.0,3040.0,15090.0,3070.0,300000
3667,461,2025-02-13,26810.0,4820.0,10720.0,2590.0,0
3668,2326,2026-08-17,30930.0,3140.0,12370.0,2790.0,0
3669,3755,2025-02-09,27820.0,2940.0,11130.0,3490.0,300000
3670,2469,2025-09-13,9420.0,2580.0,3770.0,990.0,0
3671,1725,2025-03-01,23370.0,5400.0,9350.0,2960.0,300000
3672,1377,2026-03-04,20100.0,3250.0,8040.0,2010.0,300000
3673,2744,2024-12-16,16340.0,4030.0,6530.0,1690.0,0
3674,515,2025-05-07,24110.0,3060.0,9640.0,2570.0,300000
3675,703,2025-09-03,20490.0,3670.0,8200.0,2500.0,0
3676,1654,2026-07-18,15340.0,2660.0,6140.0,1580.0,0
3677,2067,2026-08-07,22360.0,1540.0,8940.0,2090.0,0
3678,23,2026-07-29,20690.0,3110.0,8280.0,2090.0,0
3679,2461,2024-10-03,17210.0,2480.0,6880.0,1440.0,150000
3680,5150,2024-11-25,43450.0,7900.0,17380.0,5660.0,300000
3681,5927,2026-05-02,30670.0,7180.0,12270.0,2580.0,50000
3682,6252,2025-11-24,17270.0,3920.0,6910.0,2110.0,0
3683,7535,2024-10-09,20140.0,5380.0,8060.0,2220.0,150000
3684,1305,2025-06-03,13160.0,2020.0,5260.0,1700.0,300000
3685,7296,2026-02-28,21050.0,2970.0,8420.0,2270.0,0
3686,3301,2025-05-15,31630.0,4230.0,12650.0,3300.0,50000
3687,5231,2024-11-04,24940.0,3080.0,9980.0,3250.0,0
3688,6280,2024-10-09,27020.0,5430.0,10810.0,2650.0,0
3689,362,2025-02-27,7810.0,1280.0,3130.0,940.0,0
3690,7354,2025-07-07,13190.0,3330.0,5280.0,1700.0,0
3691,3728,2026-08-13,27570.0,5520.0,11030.0,3140.0,0
3692,7752,2026-02-23,25080.0,2970.0,10030.0,2550.0,300000
3693,6273,2025-02-12,30200.0,5620.0,12080.0,3750.0,0
3694,5996,2025-03-12,35160.0,3270.0,14060.0,3190.0,0
3695,1285,2026-08-09,30650.0,5880.0,12260.0,3230.0,0
3696,515,2025-06-29,24110.0,4280.0,9640.0,2570.0,0
3697,449,2025-11-19,35110.0,3380.0,14050.0,2670.0,0
3698,6020,2025-03-13,37540.0,6940.0,15020.0,4540.0,0
3699,7272,2025-11-16,23240.0,5160.0,9300.0,2100.0,0
3700,5603,2025-12-12,30570.0,6160.0,12230.0,0.0,0
3701,5344,2025-12-12,18410.0,3710.0,7360.0,2120.0,150000
3702,1856,2025-11-24,23030.0,4510.0,9210.0,3600.0,50000
3703,4970,2026-06-14,44980.0,6280.0,17990.0,4310.0,50000
3704,3563,2026-03-25,14230.0,4370.0,5690.0,1380.0,300000
3705,2521,2024-08-24,28670.0,4330.0,11470.0,2500.0,300000
3706,3082,2025-02-10,33280.0,6690.0,13310.0,3080.0,0
3707,1429,2024-09-01,27490.0,4280.0,11000.0,2860.0,50000
3708,3968,2025-05-25,25200.0,4780.0,10080.0,2500.0,0
3709,6446,2026-03-10,25490.0,4220.0,10200.0,1960.0,0
3710,6375,2024-09-22,55070.0,6340.0,22030.0,5610.0,150000
3711,5851,2026-08-17,33530.0,5620.0,13410.0,4030.0,0
3712,923,2024-11-01,35200.0,3400.0,14080.0,4500.0,50000
3713,3138,2026-01-06,39770.0,3950.0,15910.0,3940.0,150000
3714,7081,2025-07-12,16720.0,3060.0,6690.0,2060.0,50000
3715,2160,2026-07-22,15960.0,2850.0,6380.0,2520.0,0
3716,5133,2025-05-01,23980.0,4010.0,9590.0,3570.0,150000
3717,5513,2025-11-18,30260.0,8030.0,12100.0,3670.0,0
3718,2548,2025-06-02,14580.0,2580.0,5830.0,1490.0,50000
3719,2980,2025-02-15,24770.0,2200.0,9910.0,3000.0,0
3720,6742,2025-07-17,31840.0,4240.0,12740.0,4080.0,150000
3721,2282,2026-04-21,24150.0,4630.0,9660.0,2690.0,50000
3722,2650,2026-05-21,27900.0,4180.0,11160.0,3120.0,150000
3723,314,2025-08-20,26410.0,4270.0,10560.0,2960.0,300000
3724,2614,2025-06-13,42130.0,8030.0,16850.0,4280.0,0
3725,3084,2025-12-18,23520.0,3860.0,9410.0,3240.0,50000
3726,2257,2026-08-17,15680.0,2080.0,6270.0,1420.0,150000
3727,6094,2026-04-17,34410.0,3460.0,13770.0,3150.0,50000
3728,1038,2026-02-18,18440.0,2940.0,7380.0,1710.0,150000
3729,5753,2025-11-16,23810.0,5180.0,9520.0,2710.0,0
3730,3490,2025-06-17,24220.0,2830.0,9690.0,3340.0,0
3731,7605,2025-02-05,24060.0,7580.0,9620.0,3180.0,0
3732,7545,2026-08-07,30580.0,3580.0,12230.0,4260.0,150000
3733,7188,2026-04-08,31440.0,5100.0,12580.0,3330.0,150000
3734,2635,2024-12-23,21200.0,3230.0,8480.0,2500.0,150000
3735,3984,2025-11-18,11410.0,2870.0,4560.0,1420.0,0
3736,1779,2024-11-16,12670.0,3400.0,5070.0,1170.0,150000
3737,7903,2025-02-24,15710.0,4480.0,6290.0,1260.0,150000
3738,5111,2026-01-28,12740.0,2310.0,5100.0,1340.0,0
3739,5190,2025-04-21,35480.0,5910.0,14190.0,3220.0,0
3740,3896,2025-08-08,19620.0,3680.0,7850.0,2070.0,0
3741,7379,2025-05-21,16210.0,2230.0,6480.0,1700.0,50000
3742,1125,2025-12-06,34500.0,4640.0,13800.0,4140.0,150000
3743,698,2025-02-21,58560.0,3410.0,23420.0,2430.0,50000
3744,2180,2026-05-16,34710.0,4110.0,13880.0,3190.0,0
3745,7791,2025-10-30,33400.0,5350.0,13360.0,3430.0,300000
3746,1405,2026-03-07,27380.0,5810.0,10950.0,3340.0,0
3747,5252,2024-10-08,14660.0,2010.0,5860.0,1160.0,300000
3748,1044,2025-02-13,31480.0,3470.0,12590.0,3180.0,0
3749,1930,2025-01-27,28230.0,5450.0,11290.0,3200.0,0
3750,6680,2024-09-15,21300.0,2630.0,8520.0,2490.0,300000
3751,1014,2024-11-13,13430.0,3010.0,5370.0,1360.0,150000
3752,227,2025-01-29,22120.0,5400.0,8850.0,2070.0,0
3753,7322,2026-04-06,29580.0,3670.0,11830.0,4150.0,50000
3754,1829,2026-01-23,32450.0,3690.0,12980.0,3480.0,0
3755,7910,2025-12-19,28640.0,5240.0,11460.0,3300.0,0
3756,5589,2025-07-26,18380.0,3950.0,7350.0,1750.0,0
3757,4918,2026-08-16,16870.0,1660.0,6750.0,1710.0,300000
3758,2024,2025-06-04,17510.0,3560.0,7000.0,1610.0,0
3759,4967,2025-11-10,33050.0,3350.0,13220.0,3160.0,150000
3760,2453,2026-04-26,28610.0,4330.0,11440.0,3050.0,0
3761,6346,2026-05-16,42100.0,5940.0,16840.0,4660.0,300000
3762,2086,2026-02-01,19620.0,3530.0,7850.0,1460.0,150000
3763,7086,2026-07-04,24130.0,7170.0,9650.0,2740.0,150000
3764,5892,2025-11-30,16940.0,3640.0,6770.0,1290.0,0
3765,4284,2025-09-24,36920.0,4670.0,14770.0,3530.0,0
3766,1081,2026-03-28,19540.0,3340.0,7810.0,1780.0,150000
3767,5037,2024-10-06,25240.0,2120.0,10100.0,1870.0,50000
3768,7188,2026-05-24,31440.0,6410.0,12580.0,3330.0,0
3769,2321,2025-12-10,28990.0,3450.0,11590.0,3120.0,0
3770,3191,2026-08-06,25440.0,4490.0,10180.0,2790.0,0
3771,2631,2026-07-23,20370.0,2580.0,8150.0,2750.0,50000
3772,2564,2025-03-02,27110.0,4290.0,10840.0,3380.0,0
3773,3293,2024-10-22,21430.0,4360.0,8570.0,2910.0,0
3774,4622,2025-04-17,31810.0,5510.0,12730.0,2930.0,50000
3775,3587,2026-06-20,16030.0,1540.0,6410.0,1740.0,300000
3776,7896,2025-05-25,17480.0,5670.0,6990.0,1940.0,0
3777,7909,2026-02-28,19980.0,2820.0,7990.0,1940.0,0
3778,4432,2024-12-17,21100.0,5540.0,8440.0,2460.0,0
3779,6842,2024-11-20,24940.0,3680.0,9980.0,2460.0,50000
3780,5175,2025-07-14,26060.0,5180.0,10420.0,2820.0,0
3781,6644,2025-03-07,17220.0,2330.0,6890.0,1800.0,150000
3782,2948,2024-09-13,18100.0,2290.0,7240.0,1920.0,0
3783,3960,2025-11-29,31760.0,4520.0,12710.0,3260.0,50000
3784,2814,2025-07-08,20580.0,4120.0,8230.0,2080.0,50000
3785,2584,2026-04-08,8510.0,1690.0,3400.0,820.0,50000
3786,162,2026-02-18,21950.0,5850.0,8780.0,1830.0,50000
3787,7838,2026-06-09,13140.0,2740.0,5260.0,1390.0,0
3788,594,2024-12-27,18280.0,2770.0,7310.0,2520.0,0
3789,6035,2025-07-22,34310.0,8200.0,13720.0,4290.0,50000
3790,6303,2026-02-26,39580.0,5090.0,15830.0,5040.0,0
3791,3260,2026-06-30,26660.0,5860.0,10670.0,2160.0,0
3792,4156,2024-10-04,16800.0,4260.0,6720.0,1770.0,0
3793,2963,2025-07-06,15440.0,2040.0,6180.0,1800.0,0
3794,3889,2025-04-26,14930.0,2670.0,5970.0,1810.0,150000
3795,3391,2026-08-17,34210.0,4160.0,13680.0,3300.0,0
3796,5998,2026-04-04,24440.0,4150.0,9780.0,2420.0,0
3797,6355,2025-09-30,25890.0,5100.0,10360.0,2320.0,0
3798,4502,2025-06-20,25560.0,2850.0,10230.0,1280.0,150000
3799,664,2025-07-07,19680.0,3850.0,7870.0,2470.0,50000
3800,1133,2026-02-27,22350.0,2670.0,8940.0,1920.0,0
3801,5196,2025-02-27,36460.0,4810.0,14580.0,3480.0,50000
3802,542,2025-01-28,26370.0,3730.0,10550.0,3810.0,150000
3803,5434,2025-03-09,30000.0,3940.0,12000.0,3360.0,0
3804,5094,2025-09-12,15120.0,2940.0,6050.0,1410.0,0
3805,5237,2026-05-30,27050.0,4510.0,10820.0,3220.0,150000
3806,2975,2026-04-27,34770.0,7470.0,13910.0,2580.0,150000
3807,868,2024-10-18,41130.0,6870.0,16450.0,3480.0,0
3808,7872,2025-07-21,25900.0,4140.0,10360.0,2770.0,150000
3809,2067,2026-06-05,22360.0,1860.0,8940.0,2090.0,150000
3810,432,2025-10-30,20540.0,4090.0,8220.0,2570.0,50000
3811,7853,2024-08-27,14490.0,2630.0,5790.0,2250.0,0
3812,4836,2025-08-19,29440.0,5270.0,11780.0,1540.0,50000
3813,5470,2025-11-20,33680.0,4540.0,13470.0,3650.0,0
3814,4279,2025-08-03,17480.0,4390.0,6990.0,1700.0,50000
3815,6257,2026-07-29,28730.0,3930.0,11490.0,3520.0,0
3816,1207,2024-08-28,19030.0,2920.0,7610.0,2790.0,300000
3817,2529,2026-05-13,29620.0,3390.0,11850.0,3490.0,300000
3818,1170,2025-05-15,28630.0,7080.0,11450.0,4700.0,50000
3819,831,2026-06-26,29760.0,5490.0,11910.0,3570.0,0
3820,1652,2025-09-29,30840.0,3510.0,12330.0,3120.0,300000
3821,1137,2024-12-22,28410.0,5390.0,11360.0,3730.0,0
3822,2811,2024-11-08,13660.0,3370.0,5460.0,1540.0,150000
3823,476,2026-06-08,19230.0,3190.0,7690.0,2380.0,300000
3824,2811,2024-09-21,13660.0,2660.0,5460.0,1540.0,150000
3825,1327,2026-02-19,35320.0,3640.0,14130.0,4360.0,0
3826,5067,2026-06-16,16500.0,3800.0,6600.0,1740.0,0
3827,7993,2025-02-07,29360.0,2990.0,11740.0,2740.0,0
3828,1020,2025-03-20,10770.0,1480.0,4310.0,1140.0,0
3829,5238,2026-05-02,22330.0,4700.0,8930.0,2570.0,150000
3830,1837,2026-08-01,17000.0,3020.0,6800.0,1890.0,0
3831,4257,2024-11-10,23640.0,3180.0,9460.0,2900.0,0
3832,2449,2024-08-19,27550.0,3080.0,11020.0,2870.0,0
3833,4294,2024-12-24,33250.0,5090.0,13300.0,5210.0,50000
3834,1284,2024-10-11,13610.0,3080.0,5440.0,1500.0,50000
3835,660,2025-10-04,17410.0,4700.0,6960.0,2350.0,300000
3836,5872,2024-10-10,12310.0,1380.0,4920.0,1280.0,50000
3837,5167,2024-09-06,27790.0,3550.0,11120.0,3260.0,0
3838,2011,2026-05-25,15540.0,3080.0,6220.0,1760.0,0
3839,399,2026-06-30,25390.0,6340.0,10150.0,2460.0,50000
3840,1734,2024-12-05,20410.0,4610.0,8160.0,2740.0,50000
3841,5679,2025-09-08,15730.0,2380.0,6290.0,1510.0,0
3842,2126,2026-07-16,23340.0,4290.0,9340.0,2820.0,0
3843,2172,2026-07-02,16120.0,2180.0,6450.0,1820.0,150000
3844,75,2025-07-20,32160.0,2110.0,12860.0,4110.0,0
3845,6281,2026-02-12,20900.0,4210.0,8360.0,2250.0,0
3846,4698,2025-10-29,33760.0,5350.0,13500.0,3820.0,150000
3847,3472,2025-11-18,23430.0,2880.0,9370.0,2490.0,50000
3848,837,2025-08-09,23070.0,5660.0,9230.0,2610.0,0
3849,5625,2024-12-24,21150.0,4690.0,8460.0,2750.0,0
3850,500,2025-06-21,20310.0,2510.0,8120.0,2640.0,0
3851,5693,2025-02-11,20990.0,2190.0,8390.0,2230.0,150000
3852,138,2025-10-05,38740.0,6410.0,15500.0,3150.0,150000
3853,2098,2026-06-18,43030.0,4220.0,17210.0,5140.0,0
3854,5891,2025-01-28,37670.0,7360.0,15070.0,4870.0,300000
3855,5069,2026-06-09,32210.0,3340.0,12880.0,2700.0,0
3856,5739,2026-06-09,16330.0,3900.0,6530.0,1900.0,0
3857,3697,2024-08-27,43620.0,8470.0,17450.0,5770.0,50000
3858,1886,2026-04-03,30410.0,4820.0,12160.0,3220.0,150000
3859,6398,2024-12-21,24610.0,4350.0,9850.0,2910.0,50000
3860,7798,2026-01-09,17840.0,2590.0,7140.0,1710.0,0
3861,6125,2024-12-16,9420.0,1120.0,3770.0,0.0,0
3862,2758,2024-11-30,18770.0,2740.0,7510.0,2550.0,0
3863,3921,2024-08-25,18930.0,2450.0,7570.0,1820.0,300000
3864,1901,2025-05-30,14690.0,2900.0,5880.0,1920.0,50000
3865,2611,2024-11-27,21810.0,5540.0,8720.0,3070.0,0
3866,6901,2025-03-04,13030.0,1780.0,5210.0,1300.0,0
3867,3987,2025-08-07,27210.0,3840.0,10880.0,2740.0,0
3868,1450,2025-03-28,34130.0,3370.0,13650.0,3780.0,300000
3869,547,2025-09-08,26890.0,5030.0,10760.0,2590.0,150000
3870,7470,2024-09-19,29190.0,4290.0,11680.0,3060.0,0
3871,5018,2025-06-08,20850.0,1890.0,8340.0,3060.0,50000
3872,4677,2026-03-26,19140.0,4270.0,7660.0,1820.0,0
3873,5469,2025-10-25,33430.0,6160.0,13370.0,3840.0,0
3874,8000,2025-08-28,26330.0,3890.0,10530.0,3080.0,50000
3875,6053,2026-02-09,23970.0,2340.0,9590.0,2540.0,300000
3876,2004,2025-02-18,10750.0,2160.0,4300.0,680.0,0
3877,2097,2026-01-05,17850.0,2500.0,7140.0,1480.0,0
3878,7061,2025-11-07,9190.0,1870.0,3680.0,1160.0,300000
3879,7242,2025-11-27,25900.0,6590.0,10360.0,2420.0,300000
3880,704,2026-07-25,13140.0,2070.0,5260.0,890.0,50000
3881,6405,2025-10-25,33010.0,2920.0,13200.0,3260.0,300000
3882,2404,2026-05-12,33450.0,7600.0,13380.0,4270.0,300000
3883,7750,2024-12-24,34030.0,7590.0,13610.0,2840.0,50000
3884,1626,2025-06-08,26380.0,5050.0,10550.0,3220.0,50000
3885,3332,2026-01-18,14630.0,2390.0,5850.0,1080.0,300000
3886,4734,2025-10-18,20240.0,2730.0,8090.0,2030.0,0
3887,6887,2026-04-15,56300.0,8600.0,22520.0,5850.0,50000
3888,7463,2026-04-10,17140.0,3490.0,6850.0,1500.0,300000
3889,5106,2026-06-06,15750.0,1690.0,6300.0,1420.0,50000
3890,2979,2024-09-22,16700.0,3420.0,6680.0,1670.0,0
3891,4737,2026-07-29,24310.0,4610.0,9720.0,2180.0,0
3892,2840,2025-01-02,32100.0,6410.0,12840.0,2550.0,150000
3893,3385,2026-04-22,24500.0,5950.0,9800.0,2700.0,0
3894,2660,2026-06-16,17350.0,4270.0,6940.0,2140.0,50000
3895,1862,2026-03-07,22430.0,2910.0,8970.0,2350.0,0
3896,2857,2026-03-02,23360.0,3020.0,9340.0,1790.0,50000
3897,5302,2026-01-28,24720.0,4960.0,9890.0,2530.0,150000
3898,686,2026-08-17,38320.0,4650.0,15330.0,3150.0,150000
3899,5948,2024-11-23,15210.0,2030.0,6080.0,1600.0,150000
3900,7532,2025-09-25,26040.0,7320.0,10420.0,2320.0,0
3901,4284,2026-04-10,36920.0,5440.0,14770.0,3530.0,150000
3902,7737,2025-11-14,19530.0,3630.0,7810.0,2070.0,0
3903,7711,2024-12-14,29750.0,5680.0,11900.0,4560.0,0
3904,1620,2026-02-06,32310.0,4820.0,12920.0,2940.0,150000
3905,5784,2025-04-18,25750.0,5140.0,10300.0,3800.0,0
3906,5081,2025-10-14,13880.0,1220.0,5550.0,1880.0,300000
3907,4644,2025-01-04,29830.0,4840.0,11930.0,2580.0,300000
3908,6869,2026-06-08,27900.0,5660.0,11160.0,3630.0,0
3909,7070,2025-03-18,14030.0,2000.0,5610.0,1420.0,50000
3910,1432,2025-01-30,11450.0,1140.0,4580.0,1470.0,300000
3911,876,2025-03-01,23030.0,4160.0,9210.0,1180.0,0
3912,4714,2024-10-12,17900.0,4870.0,7160.0,1540.0,150000
3913,2462,2025-01-02,36850.0,7390.0,14740.0,4320.0,150000
3914,1366,2025-09-19,30240.0,6780.0,12100.0,3460.0,300000
3915,1244,2026-02-20,33720.0,5530.0,13490.0,2940.0,0
3916,4999,2024-09-14,36550.0,3840.0,14620.0,3220.0,300000
3917,163,2026-06-29,34370.0,7170.0,13750.0,4420.0,0
3918,1975,2026-06-14,20510.0,3980.0,8200.0,2340.0,300000
3919,3292,2025-04-27,15150.0,3050.0,6060.0,1920.0,0
3920,270,2025-03-20,14100.0,2920.0,5640.0,1380.0,0
3921,632,2024-12-01,21780.0,3380.0,8710.0,2080.0,50000
3922,906,2024-08-25,24040.0,3390.0,9610.0,2460.0,0
3923,3472,2026-03-19,23430.0,5480.0,9370.0,2490.0,150000
3924,3254,2025-04-18,25380.0,4840.0,10150.0,2230.0,0
3925,2015,2025-11-17,14370.0,3450.0,5750.0,1900.0,300000
3926,1642,2026-07-21,21500.0,5790.0,8600.0,2740.0,150000
3927,7897,2024-11-13,13920.0,3330.0,5570.0,1710.0,0
3928,205,2026-08-11,12020.0,2730.0,4810.0,1530.0,0
3929,582,2025-09-01,24080.0,3020.0,9630.0,2750.0,150000
3930,5676,2026-02-26,17990.0,4360.0,7190.0,1940.0,50000
3931,841,2025-09-11,28180.0,2970.0,11270.0,3190.0,300000
3932,5933,2026-07-04,19780.0,2410.0,7910.0,1850.0,150000
3933,5348,2026-07-30,27760.0,7220.0,11100.0,3220.0,150000
3934,1720,2025-11-06,29880.0,2950.0,11950.0,2100.0,0
3935,5739,2025-05-31,16330.0,2230.0,6530.0,1900.0,50000
3936,2644,2026-07-06,31560.0,4100.0,12620.0,3760.0,0
3937,2298,2026-07-30,21890.0,4470.0,8760.0,2320.0,0
3938,875,2026-04-25,23610.0,3290.0,9440.0,2660.0,300000
3939,5561,2025-03-29,23770.0,2180.0,9510.0,1920.0,0
3940,7701,2025-07-14,16540.0,1680.0,6620.0,1610.0,50000
3941,6340,2025-02-27,20460.0,4280.0,8180.0,1810.0,0
3942,690,2025-10-01,28380.0,4040.0,11350.0,2590.0,300000
3943,4001,2025-04-16,33860.0,3530.0,13540.0,4180.0,50000
3944,6107,2024-11-13,38190.0,7030.0,15280.0,5230.0,0
3945,7687,2026-04-24,27040.0,2760.0,10820.0,2770.0,150000
3946,3142,2024-11-26,21890.0,4460.0,8760.0,3130.0,0
3947,6783,2025-07-03,45810.0,8340.0,18320.0,5340.0,150000
3948,1423,2026-07-04,28780.0,5750.0,11510.0,2880.0,50000
3949,6098,2024-10-10,13510.0,2660.0,5400.0,1170.0,0
3950,672,2024-12-31,19560.0,2290.0,7820.0,2420.0,0
3951,7928,2025-05-14,16010.0,2210.0,6400.0,1370.0,50000
3952,7371,2025-01-29,22360.0,5170.0,8940.0,2420.0,150000
3953,1172,2026-07-07,24010.0,3740.0,9600.0,2740.0,0
3954,5592,2026-03-02,28470.0,5000.0,11390.0,0.0,50000
3955,3727,2025-12-24,75620.0,4520.0,30250.0,3120.0,0
3956,944,2024-10-07,9560.0,1300.0,3820.0,1420.0,0
3957,6343,2025-12-21,26440.0,5170.0,10580.0,3470.0,50000
3958,1450,2025-01-24,34130.0,5640.0,13650.0,3780.0,0
3959,3738,2026-02-16,16970.0,3920.0,6790.0,1670.0,0
3960,2540,2026-07-31,24520.0,2990.0,9810.0,2940.0,0
3961,3960,2025-11-26,31760.0,7470.0,12710.0,3260.0,300000
3962,4992,2025-11-11,21960.0,2940.0,8780.0,2340.0,50000
3963,6286,2025-04-19,13580.0,1740.0,5430.0,1750.0,0
3964,5433,2026-03-06,24670.0,3200.0,9870.0,2640.0,300000
3965,4261,2025-02-19,28820.0,6310.0,11530.0,2820.0,0
3966,2362,2026-03-10,23950.0,4270.0,9580.0,2630.0,300000
3967,6165,2025-03-11,23740.0,5320.0,9490.0,2040.0,0
3968,5202,2025-12-11,29550.0,2340.0,11820.0,3030.0,300000
3969,3653,2024-10-01,30910.0,6330.0,12360.0,3380.0,300000
3970,7299,2024-12-18,25450.0,5130.0,10180.0,2180.0,300000
3971,3671,2025-12-30,20440.0,4930.0,8180.0,2530.0,50000
3972,1754,2025-01-13,37000.0,6520.0,14800.0,3620.0,0
3973,7128,2025-12-05,18230.0,2550.0,7290.0,1910.0,50000
3974,2353,2025-08-27,27100.0,5100.0,10840.0,2120.0,0
3975,1939,2026-07-12,24640.0,3270.0,9860.0,3820.0,50000
3976,371,2025-12-03,21470.0,4360.0,8590.0,2110.0,150000
3977,5977,2026-03-03,20940.0,2540.0,8370.0,1950.0,50000
3978,4949,2026-01-30,24280.0,2440.0,9710.0,2200.0,0
3979,4480,2025-02-16,28550.0,3690.0,11420.0,3300.0,0
3980,1932,2025-11-24,17300.0,3300.0,6920.0,1940.0,150000
3981,6589,2025-09-23,30650.0,3760.0,12260.0,3860.0,300000
3982,425,2025-08-01,23820.0,3920.0,9530.0,2670.0,0
3983,6305,2025-05-26,26000.0,4600.0,10400.0,2620.0,300000
3984,7346,2025-12-14,12160.0,3030.0,4870.0,1370.0,300000
3985,4725,2025-12-17,26170.0,2980.0,10470.0,2940.0,0
3986,7876,2025-11-07,27740.0,4840.0,11100.0,3560.0,150000
3987,895,2025-03-19,20810.0,3950.0,8320.0,1540.0,0
3988,6634,2024-09-18,16040.0,3930.0,6420.0,1900.0,50000
3989,7161,2026-04-04,22530.0,3170.0,9010.0,2180.0,0
3990,6471,2026-06-08,19760.0,3750.0,7910.0,1870.0,0
3991,598,2026-04-07,20680.0,3360.0,8270.0,1950.0,0
3992,3063,2024-08-25,21120.0,4810.0,8450.0,2730.0,0
3993,2337,2024-12-12,19750.0,3550.0,7900.0,1740.0,0
3994,4689,2026-01-19,20070.0,4140.0,8030.0,1840.0,50000
3995,1688,2025-07-02,33320.0,7140.0,13330.0,3100.0,150000
3996,7741,2025-07-18,21920.0,2380.0,8770.0,2680.0,0
3997,573,2026-08-10,20940.0,4620.0,8370.0,2350.0,300000
3998,7522,2026-03-23,17740.0,4430.0,7090.0,2050.0,150000
3999,6172,2025-10-20,44590.0,3650.0,17840.0,4980.0,50000
4000,7098,2024-11-01,27670.0,5500.0,11070.0,2970.0,0
4001,2091,2025-08-02,23980.0,3010.0,9590.0,2770.0,0
4002,5801,2026-07-18,23490.0,5960.0,9400.0,2720.0,50000
4003,6567,2024-08-20,26840.0,4700.0,10730.0,3100.0,0
4004,3670,2025-04-05,20350.0,5180.0,8140.0,2300.0,0
4005,4273,2024-09-08,15560.0,3500.0,6230.0,2150.0,50000
4006,4625,2024-12-13,32290.0,4690.0,12910.0,4110.0,50000
4007,1634,2025-01-05,34880.0,5130.0,13950.0,3050.0,150000
4008,5062,2024-09-03,16410.0,3130.0,6560.0,1780.0,0
4009,1518,2025-12-29,32750.0,4260.0,13100.0,4400.0,50000
4010,4294,2025-02-04,33250.0,7260.0,13300.0,5210.0,0
4011,2658,2026-05-06,24850.0,3020.0,9940.0,2720.0,0
4012,3649,2026-08-07,26690.0,5100.0,10680.0,3630.0,150000
4013,6986,2024-09-30,28720.0,4480.0,11490.0,3690.0,0
4014,4949,2024-08-25,24280.0,5080.0,9710.0,2200.0,50000
4015,3589,2024-09-15,16780.0,3130.0,6710.0,2020.0,0
4016,1538,2025-10-22,37230.0,7200.0,14890.0,4510.0,50000
4017,6166,2026-04-26,105950.0,6210.0,42380.0,3540.0,50000
4018,7280,2024-11-06,37260.0,9350.0,14900.0,3300.0,50000
4019,5177,2025-10-01,18500.0,3520.0,7400.0,2640.0,0
4020,3138,2024-09-24,39770.0,4050.0,15910.0,3940.0,300000
4021,6986,2026-07-14,28720.0,4880.0,11490.0,3690.0,50000
4022,98,2026-04-09,22910.0,3980.0,9160.0,2020.0,0
4023,3216,2026-05-28,20640.0,3240.0,8260.0,2330.0,0
4024,6000,2024-11-09,41080.0,7960.0,16430.0,4340.0,300000
4025,4531,2026-07-20,7560.0,1620.0,3020.0,860.0,50000
4026,4733,2024-08-21,44490.0,6180.0,17790.0,4190.0,0
4027,3751,2026-05-03,22360.0,4120.0,8940.0,3300.0,150000
4028,3158,2025-09-20,17150.0,2790.0,6860.0,1670.0,0
4029,4684,2026-06-23,13110.0,2250.0,5240.0,1020.0,50000
4030,344,2025-08-05,26910.0,3820.0,10760.0,2840.0,150000
4031,5414,2024-11-03,35450.0,4660.0,14180.0,3540.0,0
4032,6076,2024-11-10,29510.0,5860.0,11810.0,3140.0,0
4033,4667,2025-03-19,28660.0,6520.0,11470.0,2940.0,0
4034,7818,2025-07-25,32920.0,4950.0,13170.0,2780.0,300000
4035,611,2025-10-17,25420.0,2520.0,10170.0,2790.0,300000
4036,1728,2024-12-14,19610.0,3630.0,7840.0,1790.0,150000
4037,2291,2025-05-14,22340.0,3330.0,8940.0,2200.0,0
4038,1855,2026-08-02,34400.0,6060.0,13760.0,3030.0,300000
4039,2609,2026-03-25,27070.0,2690.0,10830.0,3620.0,0
4040,5056,2026-05-19,19020.0,2730.0,7610.0,2100.0,0
4041,2080,2026-06-11,25480.0,4180.0,10190.0,3300.0,150000
4042,6535,2024-12-25,26390.0,5910.0,10560.0,2990.0,0
4043,2325,2025-03-12,24390.0,2710.0,9760.0,2800.0,0
4044,4628,2024-11-28,32300.0,4240.0,12920.0,3520.0,0
4045,1178,2025-05-05,26570.0,3230.0,10630.0,1980.0,0
4046,6527,2025-12-26,24590.0,2790.0,9840.0,2340.0,300000
4047,1092,2025-05-13,34110.0,3200.0,13640.0,3460.0,0
4048,5998,2026-06-19,24440.0,3860.0,9780.0,2420.0,150000
4049,4980,2025-08-26,36440.0,6090.0,14580.0,3720.0,50000
4050,6358,2024-09-24,19140.0,3750.0,7660.0,2990.0,0
4051,5775,2025-08-03,25050.0,3900.0,10020.0,2670.0,0
4052,6520,2025-10-17,16880.0,3970.0,6750.0,2500.0,0
4053,2792,2025-04-07,11130.0,1350.0,4450.0,1520.0,0
4054,6357,2025-03-28,31280.0,5650.0,12510.0,3260.0,300000
4055,6223,2026-07-31,26720.0,4540.0,10690.0,2590.0,50000
4056,1750,2024-12-24,32990.0,4450.0,13200.0,3280.0,50000
4057,2676,2026-01-19,25380.0,4860.0,10150.0,2700.0,0
4058,6748,2026-05-09,28060.0,4540.0,11220.0,0.0,50000
4059,782,2025-05-08,40720.0,8170.0,16290.0,4060.0,0
4060,7549,2025-12-15,16570.0,2350.0,6630.0,1520.0,0
4061,3049,2026-07-11,16630.0,4280.0,6650.0,1860.0,0
4062,6824,2026-01-19,31240.0,2790.0,12500.0,3860.0,0
4063,2106,2025-01-31,29930.0,2950.0,11970.0,4240.0,300000
4064,3868,2024-10-03,20700.0,2770.0,8280.0,1560.0,0
4065,7194,2025-05-20,39270.0,4190.0,15710.0,3580.0,0
4066,4977,2025-09-10,19400.0,3140.0,7760.0,1850.0,0
4067,4543,2025-08-06,24670.0,3690.0,9870.0,2940.0,150000
4068,2114,2025-04-04,23830.0,2590.0,9530.0,2200.0,0
4069,5880,2026-03-19,34870.0,5590.0,13950.0,4160.0,0
4070,5374,2025-06-11,51650.0,5100.0,20660.0,5670.0,150000
4071,3971,2024-12-29,43910.0,4670.0,17560.0,5480.0,300000
4072,1992,2026-04-28,28850.0,3020.0,11540.0,3450.0,0
4073,1068,2026-08-18,12490.0,3040.0,5000.0,1360.0,0
4074,7265,2026-06-25,21640.0,4390.0,8660.0,2640.0,0
4075,1578,2025-06-01,27480.0,4790.0,10990.0,2430.0,0
4076,1012,2024-09-30,40830.0,9810.0,16330.0,3580.0,0
4077,2275,2025-08-08,22610.0,4110.0,9040.0,1990.0,150000
4078,4870,2025-10-30,28730.0,4670.0,11490.0,3590.0,300000
4079,6823,2025-08-27,35000.0,5830.0,14000.0,3700.0,0
4080,7604,2024-12-09,24830.0,3430.0,9930.0,2230.0,0
4081,1815,2026-06-05,21160.0,3580.0,8470.0,2400.0,0
4082,6745,2026-04-23,38360.0,4640.0,15340.0,0.0,300000
4083,2427,2024-09-04,26600.0,4910.0,10640.0,3580.0,50000
4084,5298,2024-11-04,30130.0,2880.0,12050.0,3130.0,0
4085,5547,2025-03-20,27030.0,3980.0,10810.0,3440.0,0
4086,6853,2026-03-13,16740.0,3680.0,6700.0,1900.0,150000
4087,4403,2024-10-29,26630.0,5450.0,10650.0,2260.0,150000
4088,4875,2024-09-17,35180.0,4980.0,14070.0,4300.0,0
4089,2552,2024-10-07,21820.0,5380.0,8730.0,2360.0,50000
4090,6412,2025-11-30,35080.0,2700.0,14030.0,3550.0,0
4091,3658,2025-11-03,15410.0,2500.0,6160.0,1770.0,150000
4092,8,2026-02-01,21170.0,4480.0,8470.0,2860.0,150000
4093,2556,2026-02-09,30530.0,4170.0,12210.0,3050.0,150000
4094,476,2025-07-20,19230.0,5430.0,7690.0,2380.0,150000
4095,5417,2024-09-20,24050.0,4960.0,9620.0,2420.0,150000
4096,2212,2026-01-26,15790.0,1690.0,6320.0,1690.0,0
4097,485,2024-08-27,18830.0,3450.0,7530.0,2610.0,150000
4098,7765,2025-03-06,14410.0,1290.0,5760.0,2080.0,0
4099,7240,2026-07-13,25490.0,3750.0,10200.0,3280.0,150000
4100,6711,2026-06-11,45150.0,6790.0,18060.0,5990.0,0
4101,5001,2025-11-12,22720.0,4880.0,9090.0,1700.0,0
4102,4655,2026-06-26,31240.0,7500.0,12500.0,2890.0,150000
4103,6064,2024-09-10,24250.0,5870.0,9700.0,2200.0,0
4104,2286,2026-01-16,26390.0,4590.0,10560.0,3980.0,0
4105,5224,2024-08-28,31470.0,2640.0,12590.0,2900.0,0
4106,5330,2025-03-01,20700.0,3420.0,8280.0,1890.0,300000
4107,6698,2024-12-24,15610.0,3480.0,6240.0,1110.0,300000
4108,6972,2025-01-27,30730.0,3780.0,12290.0,4480.0,150000
4109,4564,2025-05-01,35050.0,5000.0,14020.0,3200.0,150000
4110,3526,2025-03-14,15190.0,2540.0,6080.0,1260.0,300000
4111,3340,2025-05-06,21480.0,2370.0,8590.0,2280.0,50000
4112,6530,2026-07-19,26390.0,2630.0,10560.0,2900.0,0
4113,2823,2026-02-24,34420.0,6400.0,13770.0,2940.0,50000
4114,4944,2026-08-01,23730.0,4330.0,9490.0,2360.0,0
4115,6531,2024-11-16,11100.0,1290.0,4440.0,870.0,300000
4116,2925,2025-02-06,48080.0,6760.0,19230.0,4160.0,0
4117,259,2026-04-10,18070.0,3060.0,7230.0,1810.0,0
4118,283,2026-07-17,21670.0,3700.0,8670.0,2740.0,0
4119,5746,2026-01-01,45460.0,6450.0,18180.0,4340.0,0
4120,1899,2025-11-29,20550.0,1860.0,8220.0,2220.0,0
4121,4136,2024-11-09,33540.0,7110.0,13420.0,3500.0,300000
4122,6630,2024-10-19,20830.0,4180.0,8330.0,3220.0,0
4123,2977,2025-03-11,17990.0,3630.0,7190.0,1780.0,50000
4124,2268,2026-02-06,14320.0,3440.0,5730.0,1660.0,0
4125,3201,2025-02-11,11880.0,2180.0,4750.0,940.0,50000
4126,5111,2026-02-07,12740.0,1870.0,5100.0,1340.0,300000
4127,7168,2025-10-13,32450.0,6090.0,12980.0,3130.0,150000
4128,7688,2025-04-14,19340.0,3270.0,7740.0,2180.0,300000
4129,613,2025-07-24,17510.0,2970.0,7010.0,2180.0,0
4130,7072,2026-06-15,15240.0,2540.0,6100.0,1390.0,50000
4131,6012,2026-01-24,22060.0,3140.0,8820.0,1670.0,0
4132,688,2025-10-16,41220.0,5850.0,16490.0,4050.0,0
4133,3691,2024-11-04,16860.0,4210.0,6750.0,2100.0,150000
4134,613,2025-04-28,17510.0,2340.0,7010.0,2180.0,50000
4135,2308,2026-06-04,19330.0,3320.0,7730.0,2420.0,300000
4136,7134,2026-04-13,13770.0,2380.0,5510.0,1760.0,150000
4137,3014,2024-12-06,27850.0,2220.0,11140.0,2970.0,50000
4138,6510,2026-01-24,23970.0,3610.0,9590.0,2450.0,0
4139,1782,2025-05-28,28030.0,3890.0,11210.0,3520.0,0
4140,5907,2025-03-27,34780.0,3480.0,13910.0,3160.0,150000
4141,2592,2026-04-21,31670.0,4050.0,12670.0,2860.0,150000
4142,2697,2025-09-04,32220.0,3070.0,12890.0,2620.0,0
4143,5644,2024-11-01,27530.0,5140.0,11010.0,3410.0,0
4144,6027,2024-11-20,16730.0,3790.0,6690.0,1560.0,300000
4145,6958,2025-09-28,19320.0,2990.0,7730.0,1660.0,0
4146,3959,2025-05-29,29300.0,5700.0,11720.0,3040.0,150000
4147,7184,2026-04-02,20770.0,4050.0,8310.0,2110.0,300000
4148,5249,2025-01-11,20610.0,3590.0,8240.0,1740.0,50000
4149,575,2025-06-02,26190.0,2970.0,10480.0,2160.0,0
4150,7277,2025-02-25,16500.0,2530.0,6600.0,1650.0,300000
4151,1911,2025-11-24,32250.0,6500.0,12900.0,4540.0,0
4152,5109,2025-12-17,20020.0,3510.0,8010.0,2700.0,50000
4153,3605,2025-10-13,24330.0,3240.0,9730.0,2970.0,0
4154,670,2025-07-23,16480.0,3600.0,6590.0,1870.0,150000
4155,4365,2026-07-30,24080.0,1970.0,9630.0,1780.0,0
4156,7330,2025-11-18,20390.0,3570.0,8160.0,1560.0,150000
4157,1284,2026-01-14,13610.0,2740.0,5440.0,1500.0,0
4158,924,2025-10-12,17520.0,3430.0,7010.0,1500.0,0
4159,1126,2025-10-05,18740.0,2030.0,7500.0,2540.0,50000
4160,1530,2024-12-08,30580.0,3710.0,12230.0,2390.0,0
4161,5855,2025-05-09,22080.0,6370.0,8830.0,2070.0,0
4162,1595,2025-03-30,34360.0,5340.0,13740.0,4000.0,150000
4163,247,2026-01-31,33770.0,7200.0,13510.0,3600.0,0
4164,3712,2026-02-07,20100.0,2540.0,8040.0,2250.0,50000
4165,7963,2025-04-20,19110.0,2430.0,7640.0,2010.0,50000
4166,1561,2025-04-09,9300.0,970.0,3720.0,1210.0,0
4167,6275,2026-03-11,29170.0,3090.0,11670.0,2300.0,50000
4168,2401,2025-05-28,49290.0,4130.0,19720.0,6810.0,0
4169,2244,2026-01-02,29160.0,5850.0,11660.0,3650.0,150000
4170,3865,2024-10-21,20350.0,3310.0,8140.0,2200.0,0
4171,1940,2024-12-30,23610.0,3220.0,9440.0,2590.0,300000
4172,5026,2024-09-03,25060.0,5960.0,10030.0,3360.0,50000
4173,7834,2026-05-10,26680.0,5320.0,10670.0,2510.0,0
4174,7550,2026-05-10,35480.0,6540.0,14190.0,5070.0,0
4175,3070,2025-05-31,12770.0,1860.0,5110.0,1280.0,0
4176,6789,2026-04-13,29510.0,4500.0,11800.0,2650.0,0
4177,227,2026-05-08,22120.0,2750.0,8850.0,2070.0,150000
4178,6845,2026-05-18,31990.0,6580.0,12800.0,3120.0,300000
4179,3548,2024-11-28,21030.0,4330.0,8410.0,1780.0,50000
4180,7645,2025-09-27,33400.0,5880.0,13360.0,4410.0,0
4181,265,2025-06-23,11310.0,2890.0,4530.0,1550.0,0
4182,1396,2026-04-24,32350.0,2750.0,12940.0,3330.0,300000
4183,3558,2025-10-01,5440.0,1030.0,2180.0,490.0,50000
4184,5554,2026-03-11,22940.0,4000.0,9170.0,2660.0,0
4185,646,2025-03-25,33600.0,6490.0,13440.0,3990.0,0
4186,6355,2026-05-13,25890.0,7060.0,10360.0,2320.0,0
4187,7740,2025-06-21,33590.0,3190.0,13440.0,4390.0,150000
4188,7545,2024-09-15,30580.0,3350.0,12230.0,4260.0,50000
4189,5515,2025-08-10,21920.0,3060.0,8770.0,2180.0,50000
4190,5570,2025-08-14,24450.0,3860.0,9780.0,3420.0,50000
4191,2991,2025-08-25,23740.0,3490.0,9490.0,2720.0,300000
4192,5484,2025-10-19,19070.0,3270.0,7630.0,2190.0,0
4193,1900,2025-09-08,16250.0,2110.0,6500.0,1700.0,0
4194,2505,2025-05-27,23940.0,5450.0,9570.0,2660.0,150000
4195,2773,2026-05-12,37660.0,7240.0,15060.0,4170.0,50000
4196,7896,2025-09-03,17480.0,4490.0,6990.0,1940.0,150000
4197,5346,2025-08-18,13560.0,2970.0,5430.0,1340.0,0
4198,5078,2025-03-20,32440.0,4090.0,12970.0,3280.0,0
4199,1155,2025-02-04,30840.0,3620.0,12340.0,3720.0,300000
4200,588,2026-04-15,36700.0,4040.0,14680.0,3060.0,150000
4201,4572,2025-11-14,25860.0,3190.0,10340.0,2900.0,0
4202,1822,2026-07-04,22230.0,1920.0,8890.0,2180.0,0
4203,986,2026-02-12,8510.0,1750.0,3400.0,980.0,0
4204,4080,2026-06-07,15080.0,2600.0,6030.0,1700.0,50000
4205,3349,2025-09-03,19000.0,2460.0,7600.0,2090.0,300000
4206,6300,2025-04-26,20470.0,2620.0,8190.0,1860.0,0
4207,3832,2026-03-14,19790.0,1990.0,7920.0,2230.0,0
4208,1242,2024-12-10,23670.0,4800.0,9470.0,2460.0,50000
4209,190,2026-02-24,21660.0,4240.0,8660.0,2920.0,0
4210,5537,2025-09-29,36590.0,3290.0,14640.0,3330.0,0
4211,981,2024-09-30,16410.0,4290.0,6560.0,1620.0,0
4212,1699,2025-10-10,12950.0,2110.0,5180.0,1540.0,0
4213,1716,2025-06-06,16200.0,3310.0,6480.0,1800.0,0
4214,2594,2024-12-15,20570.0,3720.0,8230.0,1860.0,300000
4215,4137,2024-12-18,41660.0,3260.0,16660.0,3640.0,150000
4216,6451,2026-08-19,17170.0,2640.0,6870.0,1680.0,150000
4217,5039,2025-04-11,14120.0,1970.0,5650.0,1230.0,300000
4218,4434,2025-09-30,23910.0,3740.0,9560.0,3380.0,0
4219,5434,2026-05-19,30000.0,6610.0,12000.0,3360.0,0
4220,1099,2026-01-15,35260.0,4860.0,14110.0,4400.0,0
4221,7097,2026-03-15,28090.0,7380.0,11240.0,3380.0,0
4222,2327,2025-01-27,28140.0,3250.0,11260.0,3130.0,0
4223,3248,2026-02-15,24830.0,3570.0,9930.0,2750.0,50000
4224,896,2026-03-28,12230.0,1070.0,4890.0,2110.0,0
4225,7830,2024-10-05,27800.0,5860.0,11120.0,3530.0,50000
4226,6417,2026-02-02,23870.0,3810.0,9550.0,3930.0,50000
4227,6981,2024-10-11,31890.0,6900.0,12760.0,2820.0,150000
4228,6764,2025-05-06,24350.0,2800.0,9740.0,2330.0,0
4229,1675,2024-11-21,13340.0,3500.0,5340.0,1530.0,300000
4230,2910,2025-03-28,19970.0,2410.0,7990.0,1920.0,150000
4231,7951,2025-08-24,20380.0,3520.0,8150.0,2340.0,50000
4232,931,2025-12-15,29390.0,5510.0,11760.0,3380.0,50000
4233,4385,2026-08-03,34300.0,5390.0,13720.0,3480.0,0
4234,724,2024-10-13,32930.0,4430.0,13170.0,2940.0,0
4235,2941,2025-03-02,16420.0,3110.0,6570.0,1920.0,0
4236,6416,2026-03-04,17520.0,2460.0,7010.0,1150.0,0
4237,6050,2026-07-12,21710.0,2350.0,8680.0,1960.0,300000
4238,1090,2025-11-05,14480.0,3230.0,5790.0,1620.0,0
4239,4579,2025-01-01,22800.0,2920.0,9120.0,2340.0,150000
4240,936,2026-06-23,35900.0,8670.0,14360.0,2900.0,150000
4241,2296,2025-06-15,14550.0,2460.0,5820.0,770.0,0
4242,156,2024-10-15,21670.0,2430.0,8670.0,1840.0,300000
4243,1071,2025-10-22,49580.0,5390.0,19830.0,7310.0,50000
4244,1959,2025-07-12,25810.0,3960.0,10330.0,2250.0,150000
4245,2502,2026-01-03,18820.0,3480.0,7530.0,2130.0,50000
4246,6345,2025-02-14,29370.0,6580.0,11750.0,4100.0,50000
4247,5780,2025-03-25,24170.0,3640.0,9670.0,1870.0,0
4248,4220,2025-07-15,17150.0,4120.0,6860.0,2010.0,150000
4249,6145,2025-06-27,14470.0,2380.0,5790.0,1940.0,0
4250,5064,2025-05-14,28230.0,4350.0,11290.0,2800.0,0
4251,3831,2025-01-02,23770.0,3900.0,9510.0,2810.0,0
4252,855,2026-06-22,21950.0,4000.0,8780.0,2500.0,0
4253,640,2025-12-13,30200.0,5790.0,12080.0,3110.0,150000
4254,2239,2026-02-09,21430.0,4620.0,8570.0,3250.0,0
4255,1603,2024-08-21,32990.0,5690.0,13200.0,2820.0,150000
4256,6660,2024-11-12,27560.0,5680.0,11020.0,2680.0,0
4257,442,2026-01-02,9570.0,2120.0,3830.0,1140.0,0
4258,6041,2026-08-08,10870.0,1170.0,4350.0,1010.0,50000
4259,5935,2026-02-03,22520.0,4760.0,9010.0,2180.0,300000
4260,5926,2026-07-29,17430.0,3810.0,6970.0,1820.0,150000
4261,6287,2026-06-06,10040.0,1260.0,4020.0,1020.0,0
4262,7359,2024-11-02,38320.0,6870.0,15330.0,3980.0,150000
4263,4629,2025-06-24,50890.0,6360.0,20360.0,5260.0,300000
4264,6371,2025-09-16,24780.0,5120.0,9910.0,1860.0,0
4265,1337,2026-04-07,22130.0,4550.0,8850.0,2010.0,0
4266,3701,2025-08-08,13770.0,1840.0,5510.0,1370.0,150000
4267,949,2025-12-19,13880.0,2130.0,5550.0,1670.0,150000
4268,3374,2026-06-12,35540.0,3820.0,14220.0,4610.0,0
4269,7822,2025-05-05,20260.0,2560.0,8100.0,2180.0,300000
4270,6116,2025-11-29,26270.0,3370.0,10510.0,3860.0,300000
4271,460,2025-09-21,16680.0,2950.0,6670.0,1720.0,300000
4272,7569,2026-06-30,16910.0,3490.0,6760.0,2560.0,300000
4273,4647,2024-11-13,34900.0,4640.0,13960.0,2860.0,300000
4274,393,2026-07-27,19540.0,1550.0,7820.0,1590.0,0
4275,3939,2026-02-25,34510.0,3440.0,13800.0,4280.0,0
4276,1788,2026-07-14,17950.0,3810.0,7180.0,2070.0,0
4277,4941,2026-07-20,39950.0,4600.0,15980.0,3890.0,0
4278,7375,2024-09-18,26950.0,3800.0,10780.0,3180.0,0
4279,2258,2025-09-10,20990.0,3350.0,8400.0,3060.0,0
4280,1139,2025-04-14,38740.0,4480.0,15490.0,3350.0,0
4281,3809,2024-10-25,25170.0,6660.0,10070.0,3580.0,50000
4282,4742,2026-05-10,29160.0,5940.0,11660.0,3500.0,0
4283,7419,2026-02-19,32450.0,4560.0,12980.0,4460.0,0
4284,6363,2025-09-16,21480.0,4290.0,8590.0,2220.0,0
4285,2455,2024-09-01,35520.0,4860.0,14210.0,3330.0,300000
4286,1467,2026-04-24,22000.0,2570.0,8800.0,2740.0,150000
4287,3675,2024-08-29,25420.0,6490.0,10170.0,2890.0,300000
4288,1378,2026-01-02,25840.0,3580.0,10340.0,3060.0,50000
4289,7032,2025-04-29,13920.0,5270.0,5570.0,1420.0,300000
4290,6702,2025-08-03,30980.0,5320.0,12390.0,3530.0,150000
4291,2598,2024-10-02,32900.0,7920.0,13160.0,3350.0,0
4292,142,2025-04-09,31060.0,5660.0,12420.0,3170.0,50000
4293,2660,2025-09-15,17350.0,2140.0,6940.0,2140.0,0
4294,4597,2026-07-23,26730.0,4070.0,10690.0,2660.0,50000
4295,840,2024-10-02,38290.0,7080.0,15320.0,3580.0,300000
4296,6846,2025-11-20,19810.0,2360.0,7930.0,2500.0,50000
4297,3619,2024-11-03,34500.0,4490.0,13800.0,4100.0,50000
4298,5779,2026-02-20,17130.0,2920.0,6850.0,2350.0,0
4299,5662,2024-10-22,29260.0,4700.0,11710.0,3070.0,0
4300,6143,2026-02-26,23730.0,5390.0,9490.0,1580.0,300000
4301,3918,2025-04-01,16770.0,3150.0,6710.0,2070.0,300000
4302,5627,2024-11-24,24610.0,2960.0,9840.0,2600.0,150000
4303,596,2026-08-08,30890.0,5280.0,12360.0,2760.0,0
4304,1905,2026-01-07,35440.0,5120.0,14170.0,4260.0,150000
4305,281,2024-10-14,19370.0,2890.0,7750.0,1720.0,0
4306,424,2024-10-02,26350.0,4290.0,10540.0,2890.0,0
4307,7000,2025-06-21,37130.0,3630.0,14850.0,0.0,300000
4308,4366,2025-05-27,28380.0,6050.0,11350.0,4150.0,0
4309,4250,2025-06-30,33830.0,5410.0,13530.0,3940.0,0
4310,6758,2026-07-12,37360.0,3410.0,14950.0,3310.0,150000
4311,1751,2025-07-02,21060.0,3620.0,8420.0,2210.0,0
4312,4758,2024-12-08,14930.0,2570.0,5970.0,1660.0,0
4313,1968,2026-01-14,19310.0,2440.0,7720.0,1830.0,300000
4314,4089,2025-07-30,39640.0,4180.0,15860.0,3480.0,0
4315,4179,2025-09-05,17330.0,3200.0,6930.0,1680.0,0
4316,7790,2024-10-05,29130.0,4850.0,11650.0,3330.0,50000
4317,7091,2025-05-02,41660.0,4030.0,16660.0,4230.0,300000
4318,2947,2025-03-06,39020.0,3710.0,15610.0,4530.0,0
4319,1450,2026-06-03,34130.0,5640.0,13650.0,3780.0,150000
4320,5395,2025-04-22,29760.0,7280.0,11900.0,3710.0,0
4321,7881,2026-07-28,41580.0,7250.0,16630.0,3910.0,150000
4322,2332,2026-02-10,32270.0,6800.0,12910.0,2660.0,150000
4323,5076,2025-06-03,24060.0,2980.0,9620.0,2930.0,50000
4324,2221,2025-11-26,21020.0,3350.0,8410.0,2890.0,150000
4325,7495,2025-04-23,13620.0,1560.0,5450.0,1460.0,150000
4326,3790,2025-04-12,30790.0,3860.0,12320.0,3050.0,0
4327,7231,2026-08-13,25570.0,5070.0,10230.0,2910.0,0
4328,7241,2025-10-25,6780.0,770.0,2710.0,700.0,0
4329,2811,2026-04-04,13660.0,1980.0,5460.0,1540.0,50000
4330,5756,2025-04-17,23020.0,3030.0,9210.0,2380.0,50000
4331,5495,2026-02-20,12300.0,2920.0,4920.0,1440.0,0
4332,4729,2025-03-01,30030.0,4500.0,12010.0,3590.0,50000
4333,1532,2025-07-31,36200.0,6170.0,14480.0,4090.0,0
4334,4883,2025-04-05,13840.0,1940.0,5530.0,1260.0,300000
4335,2991,2024-10-01,23740.0,3100.0,9490.0,2720.0,50000
4336,7156,2024-09-10,23260.0,3070.0,9310.0,3300.0,0
4337,4494,2025-05-21,28870.0,3240.0,11550.0,3470.0,50000
4338,1144,2025-11-28,35310.0,2720.0,14120.0,4670.0,0
4339,934,2025-04-22,32520.0,6500.0,13010.0,3920.0,300000
4340,1461,2026-06-01,22820.0,5360.0,9130.0,2220.0,0
4341,5949,2025-12-29,28460.0,3060.0,11380.0,1770.0,0
4342,2724,2026-06-11,20230.0,4510.0,8090.0,2680.0,50000
4343,7080,2025-02-22,29110.0,4460.0,11640.0,2370.0,300000
4344,2513,2026-03-07,27590.0,4450.0,11040.0,2860.0,150000
4345,286,2026-02-28,39690.0,7700.0,15880.0,4710.0,0
4346,265,2025-05-24,11310.0,2740.0,4530.0,1550.0,300000
4347,2368,2025-01-27,20270.0,2650.0,8110.0,1400.0,0
4348,6817,2026-08-09,37950.0,7400.0,15180.0,3550.0,50000
4349,3448,2026-04-24,23190.0,3160.0,9280.0,2720.0,150000
4350,6964,2024-08-23,22750.0,3540.0,9100.0,1980.0,0
4351,6233,2025-04-01,37700.0,6460.0,15080.0,3780.0,50000
4352,5774,2025-05-02,13110.0,1150.0,5240.0,1480.0,50000
4353,5323,2025-12-06,27130.0,3800.0,10850.0,3420.0,0
4354,4917,2026-05-14,24690.0,1850.0,9880.0,2990.0,150000
4355,1763,2024-09-19,17510.0,3480.0,7000.0,1780.0,150000
4356,3049,2026-02-20,16630.0,3310.0,6650.0,1860.0,0
4357,2382,2025-01-14,12960.0,2870.0,5180.0,960.0,150000
4358,2270,2024-08-21,20350.0,3460.0,8140.0,2430.0,50000
4359,41,2026-04-18,23220.0,3530.0,9290.0,2300.0,0
4360,5828,2025-05-22,18140.0,4500.0,7260.0,0.0,300000
4361,68,2025-09-13,41550.0,2840.0,16620.0,3060.0,50000
4362,988,2026-02-17,22100.0,5440.0,8840.0,3010.0,50000
4363,5896,2026-01-02,29530.0,3450.0,11810.0,3840.0,150000
4364,6658,2025-09-23,27040.0,3330.0,10810.0,3580.0,0
4365,7805,2026-03-16,25220.0,3310.0,10090.0,2480.0,0
4366,7790,2025-02-03,29130.0,2730.0,11650.0,3330.0,50000
4367,5718,2024-10-21,40910.0,7060.0,16360.0,3710.0,0
4368,4009,2025-10-26,30640.0,5790.0,12260.0,3310.0,50000
4369,5752,2025-01-10,12820.0,2410.0,5130.0,1650.0,0
4370,3199,2025-08-25,28320.0,4610.0,11330.0,2060.0,0
4371,5375,2025-08-16,15750.0,3930.0,6300.0,1090.0,300000
4372,4791,2025-09-19,12850.0,2720.0,5140.0,1380.0,150000
4373,7184,2026-06-16,20770.0,3090.0,8310.0,2110.0,0
4374,2525,2025-02-28,48150.0,9080.0,19260.0,4670.0,0
4375,1086,2024-10-06,21420.0,2950.0,8570.0,2190.0,0
4376,7025,2026-03-08,23880.0,4010.0,9550.0,3510.0,50000
4377,2480,2024-12-06,16880.0,4320.0,6750.0,1900.0,0
4378,1694,2026-05-18,37440.0,6590.0,14980.0,4360.0,300000
4379,2316,2026-03-20,29800.0,5980.0,11920.0,3540.0,0
4380,5155,2025-08-07,31140.0,5500.0,12460.0,2730.0,50000
4381,779,2024-09-25,14220.0,3840.0,5690.0,1120.0,50000
4382,7744,2024-12-05,18120.0,2050.0,7250.0,2340.0,0
4383,4590,2024-12-02,30960.0,5660.0,12380.0,3980.0,0
4384,1586,2024-11-08,28340.0,3940.0,11340.0,2680.0,0
4385,1493,2025-09-19,36360.0,7830.0,14550.0,3300.0,300000
4386,5887,2025-10-20,23000.0,4970.0,9200.0,3300.0,0
4387,661,2024-11-19,17260.0,1990.0,6900.0,2680.0,0
4388,1349,2026-03-01,32180.0,7350.0,12870.0,3800.0,0
4389,5424,2026-02-06,21140.0,4240.0,8460.0,1780.0,300000
4390,1300,2025-01-09,42500.0,6760.0,17000.0,3070.0,0
4391,3941,2024-08-29,13670.0,2100.0,5470.0,1150.0,50000
4392,1987,2026-02-21,32180.0,5830.0,12870.0,4040.0,0
4393,7852,2026-06-01,21990.0,2910.0,8800.0,2340.0,50000
4394,7157,2025-12-16,4870.0,970.0,1950.0,610.0,0
4395,2045,2024-09-03,19080.0,4910.0,7630.0,1500.0,0
4396,7369,2025-11-18,33770.0,7330.0,13510.0,3020.0,0
4397,3517,2024-11-09,5820.0,1270.0,2330.0,600.0,150000
4398,6025,2025-04-02,16730.0,3060.0,6690.0,1990.0,0
4399,5444,2025-05-03,12580.0,3330.0,5030.0,1280.0,50000
4400,1059,2025-04-03,24060.0,5190.0,9620.0,2820.0,300000
4401,977,2024-12-08,34090.0,5310.0,13640.0,3900.0,0
4402,4578,2025-02-16,28140.0,5810.0,11260.0,3740.0,0
4403,728,2025-10-20,23640.0,4960.0,9460.0,2350.0,150000
4404,2528,2025-09-30,15990.0,2030.0,6400.0,1140.0,150000
4405,3137,2024-11-07,30160.0,3790.0,12060.0,3670.0,0
4406,5128,2024-11-11,16770.0,3490.0,6710.0,2290.0,50000
4407,7469,2025-04-21,28940.0,3240.0,11570.0,4230.0,0
4408,343,2025-08-14,30630.0,4900.0,12250.0,3400.0,150000
4409,7599,2024-08-28,31390.0,3410.0,12560.0,3800.0,300000
4410,1448,2026-08-06,22910.0,3620.0,9160.0,3290.0,0
4411,2380,2025-01-02,19430.0,5060.0,7770.0,1980.0,300000
4412,6582,2025-02-25,20900.0,2890.0,8360.0,2100.0,0
4413,3660,2025-03-12,25700.0,5700.0,10280.0,2000.0,50000
4414,6318,2024-12-08,12230.0,1970.0,4890.0,0.0,0
4415,6703,2026-06-01,21250.0,6300.0,8500.0,0.0,0
4416,527,2025-06-04,21530.0,4140.0,8610.0,2130.0,0
4417,1897,2026-01-12,18440.0,4540.0,7370.0,1460.0,0
4418,4755,2025-04-09,22100.0,4020.0,8840.0,2850.0,300000
4419,2074,2025-08-12,32790.0,2490.0,13120.0,4080.0,0
4420,4916,2026-08-08,21950.0,1950.0,8780.0,2500.0,300000
4421,6749,2024-12-28,25830.0,2930.0,10330.0,3700.0,0
4422,406,2024-12-20,20320.0,4640.0,8130.0,2430.0,0
4423,6376,2024-11-16,33480.0,4310.0,13390.0,4050.0,300000
4424,6677,2024-11-02,28270.0,6210.0,11310.0,2900.0,0
4425,7987,2025-02-17,28200.0,3920.0,11280.0,2860.0,150000
4426,1574,2025-01-02,6050.0,940.0,2420.0,690.0,50000
4427,5908,2026-05-23,28910.0,3780.0,11560.0,2690.0,50000
4428,4601,2025-10-30,22500.0,4100.0,9000.0,2220.0,0
4429,3741,2026-01-27,31310.0,6860.0,12520.0,3500.0,0
4430,4275,2025-04-12,45220.0,8050.0,18090.0,4980.0,50000
4431,4228,2025-04-17,48020.0,4530.0,19210.0,6470.0,50000
4432,1847,2025-03-30,37330.0,5520.0,14930.0,3930.0,300000
4433,1479,2025-11-15,23380.0,3720.0,9350.0,1530.0,300000
4434,2396,2025-03-11,16710.0,3640.0,6690.0,1140.0,300000
4435,6684,2026-06-07,22980.0,4350.0,9190.0,2940.0,0
4436,772,2026-01-24,34710.0,2860.0,13880.0,4140.0,0
4437,5526,2025-11-30,35770.0,3440.0,14310.0,4330.0,0
4438,6220,2025-09-17,53810.0,5500.0,21520.0,7220.0,0
4439,579,2025-06-19,21730.0,3040.0,8690.0,2470.0,150000
4440,2902,2024-11-04,33770.0,5550.0,13510.0,2870.0,0
4441,5612,2025-09-25,29280.0,3530.0,11710.0,3340.0,300000
4442,194,2025-01-23,17290.0,2130.0,6920.0,2040.0,0
4443,2008,2025-06-01,13370.0,3180.0,5350.0,1740.0,0
4444,1186,2025-06-14,26060.0,5000.0,10420.0,3680.0,150000
4445,2395,2026-05-09,28190.0,4630.0,11280.0,2340.0,300000
4446,2999,2025-06-04,17390.0,2110.0,6960.0,1970.0,0
4447,5481,2025-10-15,18240.0,3620.0,7300.0,1500.0,0
4448,1793,2024-09-02,50860.0,4300.0,20340.0,5370.0,0
4449,7752,2024-09-07,25080.0,2900.0,10030.0,2550.0,0
4450,1111,2025-11-25,19320.0,3710.0,7730.0,2510.0,0
4451,4006,2024-09-16,42780.0,4790.0,17110.0,3780.0,0
4452,7430,2025-08-25,36380.0,7550.0,14550.0,4250.0,0
4453,2262,2025-08-05,42080.0,7270.0,16830.0,5610.0,0
4454,3737,2025-11-30,30880.0,4840.0,12350.0,2900.0,150000
4455,3794,2025-06-18,24060.0,4160.0,9620.0,2660.0,0
4456,1937,2026-05-25,28600.0,5200.0,11440.0,2640.0,300000
4457,6717,2025-07-13,16940.0,4380.0,6780.0,2230.0,150000
4458,4876,2026-05-27,16840.0,4310.0,6740.0,1860.0,50000
4459,4358,2025-02-06,26840.0,6750.0,10740.0,2380.0,0
4460,730,2024-12-30,24760.0,2590.0,9900.0,2650.0,50000
4461,4379,2024-11-22,16160.0,2880.0,6470.0,1140.0,0
4462,7816,2025-01-07,29020.0,5460.0,11610.0,2820.0,0
4463,5587,2025-03-06,23670.0,3000.0,9470.0,2510.0,0
4464,3452,2026-07-23,23240.0,5240.0,9300.0,2380.0,50000
4465,4458,2025-02-07,30640.0,5690.0,12260.0,3460.0,0
4466,7617,2024-09-03,16250.0,3540.0,6500.0,1700.0,300000
4467,4537,2025-02-18,9810.0,1630.0,3920.0,960.0,0
4468,2141,2024-10-23,25040.0,2990.0,10020.0,3020.0,150000
4469,1645,2024-12-22,23770.0,5150.0,9510.0,3220.0,50000
4470,2801,2024-11-24,13810.0,2640.0,5520.0,1510.0,300000
4471,4963,2026-03-30,30180.0,3270.0,12070.0,3300.0,300000
4472,5544,2025-04-29,21480.0,1620.0,8590.0,2180.0,300000
4473,142,2026-02-07,31060.0,4080.0,12420.0,3170.0,0
4474,5411,2025-01-07,20790.0,3600.0,8320.0,2060.0,300000
4475,1456,2026-08-07,13380.0,3290.0,5350.0,1820.0,0
4476,6893,2025-03-15,13810.0,3140.0,5520.0,1590.0,50000
4477,5972,2024-10-29,21190.0,2250.0,8480.0,2050.0,50000
4478,5944,2025-10-09,14890.0,3600.0,5960.0,1540.0,0
4479,5809,2024-11-08,27880.0,2870.0,11150.0,3210.0,0
4480,6797,2025-06-25,27700.0,4400.0,11080.0,3150.0,0
4481,4797,2024-11-12,40960.0,6800.0,16390.0,3420.0,0
4482,5094,2026-02-04,15120.0,1810.0,6050.0,1410.0,0
4483,2097,2024-10-15,17850.0,2300.0,7140.0,1480.0,0
4484,1326,2025-09-08,8480.0,1790.0,3390.0,780.0,50000
4485,4977,2024-12-04,19400.0,4760.0,7760.0,1850.0,0
4486,1214,2026-06-22,21360.0,3240.0,8540.0,2090.0,150000
4487,1160,2026-03-26,23340.0,2750.0,9330.0,2120.0,50000
4488,4651,2025-12-01,18440.0,3900.0,7380.0,1570.0,0
4489,4500,2026-07-24,39010.0,4440.0,15600.0,5440.0,0
4490,4988,2025-06-03,22620.0,2700.0,9050.0,2910.0,300000
4491,7009,2024-12-23,26980.0,4640.0,10790.0,2320.0,300000
4492,4698,2025-02-11,33760.0,9110.0,13500.0,3820.0,0
4493,5927,2024-11-25,30670.0,5530.0,12270.0,2580.0,50000
4494,341,2025-06-09,15200.0,2180.0,6080.0,1370.0,0
4495,3829,2025-09-12,38220.0,6790.0,15290.0,4100.0,50000
4496,1969,2024-12-01,23190.0,2930.0,9280.0,2090.0,0
4497,704,2024-10-23,13140.0,2150.0,5260.0,890.0,300000
4498,4414,2025-01-06,27480.0,2950.0,10990.0,3240.0,0
4499,6762,2025-08-02,9760.0,1810.0,3900.0,1080.0,0
4500,5483,2025-07-31,38640.0,5030.0,15460.0,3710.0,150000
4501,7990,2026-08-14,13660.0,2820.0,5470.0,1380.0,150000
4502,2430,2025-11-01,34790.0,5620.0,13920.0,3580.0,0
4503,6377,2025-05-05,31780.0,5880.0,12710.0,4020.0,300000
4504,1801,2025-05-07,15990.0,3140.0,6400.0,2270.0,300000
4505,5464,2024-08-27,26580.0,4100.0,10630.0,4060.0,0
4506,5669,2025-08-28,29020.0,3850.0,11610.0,2210.0,0
4507,4913,2025-12-14,25330.0,3960.0,10130.0,2780.0,300000
4508,4649,2025-01-16,30850.0,5440.0,12340.0,3750.0,0
4509,7697,2024-08-29,30160.0,3530.0,12060.0,4260.0,0
4510,856,2026-05-07,20850.0,2000.0,8340.0,2820.0,0
4511,1813,2025-04-02,44330.0,4370.0,17730.0,5320.0,150000
4512,2867,2025-10-27,35410.0,7060.0,14160.0,3780.0,0
4513,3643,2025-01-23,16510.0,3600.0,6600.0,1660.0,0
4514,183,2026-06-18,36360.0,6090.0,14540.0,3910.0,0
4515,3113,2025-03-13,32300.0,6020.0,12920.0,4260.0,300000
4516,5671,2025-10-27,19190.0,5570.0,7680.0,2130.0,300000
4517,4493,2026-08-04,8160.0,980.0,3260.0,870.0,50000
4518,5824,2026-04-22,28060.0,5870.0,11220.0,3350.0,50000
4519,6923,2026-01-04,35020.0,3720.0,14010.0,3140.0,300000
4520,1518,2024-09-22,32750.0,3700.0,13100.0,4400.0,0
4521,7827,2026-05-01,25880.0,4020.0,10350.0,3120.0,0
4522,5003,2025-07-31,20490.0,4330.0,8200.0,2400.0,150000
4523,1357,2026-07-16,13110.0,3290.0,5240.0,1700.0,0
4524,2175,2025-06-11,16410.0,3730.0,6560.0,1670.0,150000
4525,3630,2024-10-12,29120.0,3630.0,11650.0,2600.0,150000
4526,3629,2024-12-03,21350.0,6110.0,8540.0,2190.0,50000
4527,4097,2025-08-28,22040.0,4310.0,8820.0,2410.0,150000
4528,3240,2025-08-31,26040.0,5460.0,10420.0,3580.0,300000
4529,3692,2025-11-13,18050.0,2130.0,7220.0,2090.0,150000
4530,19,2026-08-07,11190.0,1480.0,4480.0,1420.0,0
4531,3404,2026-06-02,24400.0,5260.0,9760.0,1910.0,0
4532,4680,2024-10-07,24630.0,3650.0,9850.0,4260.0,0
4533,4552,2024-12-28,51590.0,4450.0,20640.0,6220.0,0
4534,3005,2025-06-11,21590.0,5050.0,8630.0,2370.0,0
4535,6133,2025-11-16,35050.0,6850.0,14020.0,4010.0,0
4536,1133,2025-05-04,22350.0,2140.0,8940.0,1920.0,50000
4537,3340,2026-07-10,21480.0,4900.0,8590.0,2280.0,0
4538,6589,2025-11-06,30650.0,3130.0,12260.0,3860.0,150000
4539,3312,2026-04-28,18300.0,3580.0,7320.0,1850.0,0
4540,6049,2025-06-21,42450.0,5140.0,16980.0,4740.0,0
4541,3373,2025-11-05,25770.0,5520.0,10310.0,3240.0,150000
4542,6746,2025-03-29,10300.0,2460.0,4120.0,1160.0,0
4543,6247,2024-12-01,20290.0,2650.0,8120.0,2580.0,0
4544,988,2025-05-16,22100.0,5400.0,8840.0,3010.0,300000
4545,3322,2026-06-05,18350.0,2570.0,7340.0,1820.0,50000
4546,7621,2026-04-10,52850.0,5710.0,21140.0,3420.0,0
4547,4616,2024-09-15,32010.0,4070.0,12800.0,3300.0,150000
4548,7321,2026-02-07,14090.0,4110.0,5640.0,1220.0,0
4549,4955,2026-05-25,15950.0,1600.0,6380.0,1910.0,0
4550,174,2026-05-31,31250.0,6430.0,12500.0,3420.0,0
4551,5463,2024-11-01,17360.0,4020.0,6940.0,2100.0,0
4552,3742,2024-12-02,20810.0,2890.0,8320.0,3320.0,0
4553,3053,2025-08-18,24270.0,3210.0,9710.0,2400.0,300000
4554,6575,2026-01-26,27340.0,4940.0,10940.0,3140.0,50000
4555,727,2025-01-25,12860.0,2750.0,5140.0,1270.0,0
4556,3761,2025-12-17,28170.0,6370.0,11270.0,3730.0,0
4557,5807,2025-03-17,21280.0,4220.0,8510.0,2310.0,0
4558,1876,2024-09-02,16540.0,4140.0,6610.0,1740.0,0
4559,6994,2026-07-01,22830.0,2530.0,9130.0,2160.0,50000
4560,5778,2025-10-02,21830.0,3170.0,8730.0,2740.0,0
4561,4034,2024-09-02,21400.0,2430.0,8560.0,1850.0,300000
4562,5444,2025-01-09,12580.0,1930.0,5030.0,1280.0,0
4563,990,2025-07-04,24670.0,3290.0,9870.0,2210.0,0
4564,3745,2024-09-29,19520.0,3330.0,7810.0,2110.0,0
4565,2687,2026-06-17,16420.0,2620.0,6570.0,1940.0,300000
4566,420,2026-04-08,23890.0,4850.0,9550.0,2550.0,0
4567,594,2025-03-22,18280.0,3940.0,7310.0,2520.0,150000
4568,6629,2025-02-24,28620.0,5500.0,11450.0,3150.0,0
4569,7827,2026-03-15,25880.0,2920.0,10350.0,3120.0,0
4570,1775,2026-04-02,10350.0,2070.0,4140.0,1190.0,0
4571,2460,2024-11-21,30850.0,6790.0,12340.0,3970.0,0
4572,936,2025-03-09,35900.0,4600.0,14360.0,2900.0,0
4573,5204,2025-04-21,25820.0,3110.0,10330.0,2150.0,300000
4574,5233,2026-02-10,21410.0,5460.0,8560.0,1880.0,0
4575,3809,2026-04-09,25170.0,7710.0,10070.0,3580.0,150000
4576,332,2025-09-14,16220.0,2840.0,6490.0,1840.0,0
4577,3450,2025-07-16,25850.0,4660.0,10340.0,2720.0,0
4578,7923,2025-10-02,47530.0,7090.0,19010.0,4870.0,300000
4579,2703,2025-10-22,20910.0,3990.0,8360.0,2080.0,150000
4580,6185,2024-09-10,16380.0,3800.0,6550.0,1730.0,150000
4581,4007,2025-04-09,24430.0,4260.0,9770.0,2450.0,0
4582,5890,2026-03-16,19660.0,3300.0,7860.0,2310.0,300000
4583,5055,2025-10-19,38050.0,5120.0,15220.0,4490.0,300000
4584,3869,2024-12-20,29790.0,2770.0,11920.0,3020.0,50000
4585,4201,2025-06-26,11910.0,2060.0,4760.0,1390.0,0
4586,202,2025-05-06,21590.0,4840.0,8640.0,2450.0,0
4587,2498,2025-10-03,16180.0,1770.0,6470.0,1910.0,0
4588,1843,2026-05-15,19310.0,2160.0,7730.0,2020.0,50000
4589,1867,2026-02-26,21320.0,5880.0,8530.0,3180.0,50000
4590,1997,2026-07-03,23380.0,3790.0,9350.0,2460.0,0
4591,5386,2026-08-04,7990.0,1650.0,3200.0,880.0,0
4592,910,2025-08-05,30490.0,4650.0,12200.0,2670.0,0
4593,4306,2024-12-11,35980.0,7000.0,14390.0,4170.0,0
4594,4659,2025-07-28,29140.0,6580.0,11660.0,3780.0,50000
4595,3190,2025-06-27,10940.0,2490.0,4370.0,1340.0,150000
4596,6857,2025-10-27,42170.0,8400.0,16870.0,3780.0,0
4597,7545,2025-11-27,30580.0,6360.0,12230.0,4260.0,50000
4598,7719,2026-07-08,23780.0,3410.0,9510.0,2550.0,150000
4599,5660,2026-01-09,33960.0,5670.0,13580.0,3590.0,300000
4600,771,2025-05-11,24960.0,5260.0,9980.0,2460.0,50000
4601,3156,2024-09-29,23260.0,2950.0,9300.0,1820.0,300000
4602,2502,2025-01-31,18820.0,3590.0,7530.0,2130.0,0
4603,2715,2025-02-26,20940.0,1900.0,8380.0,2980.0,150000
4604,4725,2026-03-23,26170.0,4070.0,10470.0,2940.0,0
4605,3586,2026-03-04,13560.0,3060.0,5420.0,1940.0,300000
4606,1629,2024-10-21,30030.0,6330.0,12010.0,3500.0,150000
4607,5798,2026-05-30,27460.0,3500.0,10980.0,2930.0,0
4608,387,2025-07-27,21180.0,4300.0,8470.0,2540.0,0
4609,6032,2026-04-28,28420.0,3910.0,11370.0,2380.0,50000
4610,3422,2025-06-02,32860.0,5730.0,13140.0,2330.0,0
4611,6440,2026-07-07,22900.0,3970.0,9160.0,1430.0,300000
4612,6402,2026-03-22,14680.0,2400.0,5870.0,1980.0,150000
4613,5201,2026-04-27,15420.0,2380.0,6170.0,1840.0,0
4614,4009,2025-05-09,30640.0,5230.0,12260.0,3310.0,0
4615,4094,2026-08-05,29270.0,7420.0,11710.0,3460.0,150000
4616,4364,2025-08-04,23160.0,4800.0,9260.0,2710.0,50000
4617,2467,2024-08-20,43500.0,6580.0,17400.0,3780.0,150000
4618,2283,2024-09-18,34090.0,6050.0,13640.0,4340.0,50000
4619,1857,2025-07-09,28470.0,2730.0,11390.0,2880.0,300000
4620,7479,2025-03-16,19770.0,1810.0,7910.0,2190.0,0
4621,7981,2025-07-26,28770.0,4800.0,11510.0,3540.0,0
4622,1999,2025-02-13,27890.0,3040.0,11160.0,2580.0,150000
4623,7130,2025-10-08,35050.0,3910.0,14020.0,3440.0,50000
4624,5477,2025-08-10,15870.0,4520.0,6350.0,1520.0,0
4625,1237,2025-04-14,18010.0,4940.0,7200.0,2650.0,150000
4626,4670,2024-11-10,16800.0,2940.0,6720.0,1680.0,50000
4627,4145,2024-09-05,6960.0,1160.0,2780.0,660.0,0
4628,1151,2025-10-16,15210.0,1700.0,6080.0,1570.0,0
4629,4319,2026-06-09,12470.0,1590.0,4990.0,1700.0,300000
4630,7065,2025-10-17,13420.0,3280.0,5370.0,1230.0,0
4631,7447,2025-12-17,16610.0,3840.0,6640.0,2070.0,150000
4632,1432,2026-08-11,11450.0,2050.0,4580.0,1470.0,0
4633,5625,2025-09-03,21150.0,4480.0,8460.0,2750.0,0
4634,7462,2026-01-07,27480.0,5160.0,10990.0,4130.0,0
4635,1820,2026-04-26,33040.0,6450.0,13220.0,3690.0,300000
4636,2325,2025-12-20,24390.0,3170.0,9760.0,2800.0,50000
4637,5558,2025-09-05,24160.0,4610.0,9660.0,1970.0,150000
4638,1131,2025-04-12,26490.0,3800.0,10600.0,3090.0,0
4639,5778,2024-10-06,21830.0,2890.0,8730.0,2740.0,50000
4640,6564,2025-02-21,46910.0,5060.0,18770.0,8050.0,300000
4641,2659,2025-05-26,36040.0,4210.0,14410.0,3700.0,150000
4642,3501,2025-02-12,15870.0,2840.0,6350.0,1840.0,0
4643,375,2025-06-01,20820.0,3040.0,8330.0,2020.0,50000
4644,2121,2026-07-22,13690.0,2730.0,5480.0,1860.0,150000
4645,4021,2026-01-22,22750.0,4310.0,9100.0,3020.0,0
4646,2022,2025-02-04,28180.0,2720.0,11270.0,3100.0,50000
4647,3706,2024-10-06,24150.0,2680.0,9660.0,2430.0,0
4648,5150,2025-09-22,43450.0,8210.0,17380.0,5660.0,50000
4649,3260,2024-09-24,26660.0,3400.0,10670.0,2160.0,0
4650,3436,2025-10-18,18620.0,3320.0,7450.0,2780.0,50000
4651,1890,2025-08-20,33090.0,5360.0,13240.0,4010.0,300000
4652,1824,2024-08-19,28320.0,3650.0,11330.0,3100.0,300000
4653,1475,2025-08-02,22160.0,5680.0,8860.0,3350.0,150000
4654,2243,2025-11-21,28730.0,6040.0,11490.0,2910.0,0
4655,5276,2026-03-03,31030.0,3540.0,12410.0,3300.0,150000
4656,3244,2025-09-02,15990.0,3570.0,6400.0,1500.0,0
4657,6991,2026-07-27,15840.0,2770.0,6340.0,1140.0,0
4658,5161,2025-11-19,17170.0,2300.0,6870.0,1710.0,150000
4659,3135,2024-11-17,36110.0,7680.0,14440.0,4010.0,0
4660,2071,2025-12-01,24420.0,6550.0,9770.0,3510.0,150000
4661,360,2024-10-04,33960.0,4940.0,13580.0,4550.0,50000
4662,7243,2025-08-11,21290.0,2970.0,8520.0,2590.0,150000
4663,6704,2025-01-15,11660.0,2370.0,4660.0,1250.0,300000
4664,6816,2026-06-06,24340.0,5710.0,9740.0,2750.0,0
4665,2042,2025-09-07,48160.0,7880.0,19260.0,5620.0,0
4666,7993,2024-09-11,29360.0,3770.0,11740.0,2740.0,0
4667,1142,2025-12-31,15860.0,1430.0,6350.0,2050.0,300000
4668,1636,2024-10-22,14210.0,1420.0,5680.0,1900.0,0
4669,5500,2026-02-22,30550.0,6730.0,12220.0,2600.0,0
4670,4001,2025-08-09,33860.0,5630.0,13540.0,4180.0,150000
4671,1944,2025-03-19,15850.0,2420.0,6340.0,1830.0,50000
4672,4775,2026-03-07,20050.0,2110.0,8020.0,2500.0,50000
4673,3362,2024-09-01,21700.0,2810.0,8680.0,3100.0,0
4674,6584,2025-11-27,30830.0,6220.0,12330.0,2930.0,0
4675,7836,2026-07-03,29390.0,6330.0,11760.0,1660.0,150000
4676,2981,2026-07-01,32850.0,3430.0,13140.0,3990.0,0
4677,7,2025-06-04,22490.0,3060.0,9000.0,2940.0,0
4678,3268,2025-12-13,29900.0,3120.0,11960.0,2100.0,0
4679,6565,2025-09-24,22950.0,5950.0,9180.0,3070.0,150000
4680,1592,2025-03-22,22630.0,4040.0,9050.0,2160.0,0
4681,4929,2025-08-12,41210.0,7560.0,16480.0,3960.0,150000
4682,3265,2026-07-02,38040.0,6780.0,15210.0,4840.0,150000
4683,2607,2026-08-06,22860.0,4740.0,9140.0,3230.0,0
4684,3220,2025-10-11,29030.0,7430.0,11610.0,3700.0,300000
4685,5907,2026-03-12,34780.0,4180.0,13910.0,3160.0,300000
4686,7837,2024-09-30,29210.0,3570.0,11690.0,2800.0,50000
4687,3274,2026-04-03,11480.0,2720.0,4590.0,1100.0,150000
4688,7612,2025-11-22,24920.0,4470.0,9970.0,3030.0,0
4689,914,2025-10-02,38230.0,7180.0,15290.0,3610.0,300000
4690,2012,2026-01-08,19420.0,3200.0,7770.0,1630.0,300000
4691,1443,2025-05-11,30730.0,6190.0,12290.0,2580.0,50000
4692,5547,2025-07-09,27030.0,3580.0,10810.0,3440.0,300000
4693,3055,2025-09-18,22390.0,2870.0,8960.0,2160.0,0
4694,5599,2026-07-01,19910.0,4540.0,7960.0,2740.0,0
4695,3547,2025-10-15,26700.0,3080.0,10680.0,4130.0,150000
4696,4222,2026-05-06,33670.0,6530.0,13470.0,3890.0,0
4697,6539,2024-10-24,20350.0,1820.0,8140.0,2200.0,300000
4698,4913,2025-11-17,25330.0,4830.0,10130.0,2780.0,0
4699,2929,2024-10-04,13570.0,3020.0,5430.0,1090.0,50000
4700,1830,2026-07-30,13120.0,1580.0,5250.0,1720.0,0
4701,576,2024-09-28,25260.0,3240.0,10100.0,2560.0,0
4702,6469,2025-04-13,41310.0,8500.0,16520.0,4450.0,0
4703,5512,2026-04-27,29170.0,4160.0,11670.0,4430.0,150000
4704,930,2025-05-30,18380.0,3000.0,7350.0,1890.0,0
4705,3760,2025-10-24,20700.0,4390.0,8280.0,2510.0,50000
4706,3700,2024-11-04,30120.0,4130.0,12050.0,3670.0,300000
4707,1464,2026-04-05,35760.0,5430.0,14300.0,3490.0,0
4708,3276,2026-07-14,33700.0,2830.0,13480.0,4140.0,50000
4709,7654,2025-07-31,14540.0,3540.0,5810.0,2100.0,0
4710,4929,2026-04-11,41210.0,3390.0,16480.0,3960.0,150000
4711,1055,2025-12-21,29820.0,3720.0,11930.0,3370.0,300000
4712,7556,2025-01-11,34010.0,7200.0,13600.0,4180.0,50000
4713,5745,2025-08-26,15480.0,2760.0,6190.0,2420.0,0
4714,1901,2024-11-28,14690.0,1940.0,5880.0,1920.0,300000
4715,1458,2025-10-28,25170.0,6410.0,10070.0,3000.0,0
4716,6981,2025-09-06,31890.0,4000.0,12760.0,2820.0,0
4717,7070,2025-01-31,14030.0,2620.0,5610.0,1420.0,300000
4718,1400,2025-02-15,20920.0,4650.0,8370.0,2820.0,0
4719,3416,2025-05-19,41650.0,3630.0,16660.0,5220.0,50000
4720,443,2024-11-21,25750.0,4170.0,10300.0,3670.0,300000
4721,3651,2025-12-19,34930.0,3350.0,13970.0,4860.0,0
4722,6219,2026-02-09,28920.0,4800.0,11570.0,2960.0,150000
4723,4653,2026-04-10,11280.0,3440.0,4510.0,1030.0,150000
4724,7940,2025-11-23,31040.0,3420.0,12420.0,3750.0,300000
4725,7834,2025-11-23,26680.0,2840.0,10670.0,2510.0,0
4726,1179,2024-09-09,18740.0,3780.0,7500.0,2250.0,50000
4727,7598,2026-02-15,28190.0,4900.0,11280.0,3100.0,50000
4728,6134,2025-04-17,41890.0,4180.0,16760.0,3820.0,0
4729,4459,2024-09-08,26860.0,5520.0,10740.0,1630.0,0
4730,6592,2024-11-25,7790.0,1130.0,3110.0,900.0,0
4731,1258,2024-11-06,33070.0,3910.0,13230.0,2590.0,0
4732,3635,2026-01-27,15330.0,2290.0,6130.0,1690.0,300000
4733,1842,2026-01-29,21660.0,3110.0,8660.0,2100.0,50000
4734,2310,2026-04-10,18360.0,1380.0,7340.0,1630.0,0
4735,5947,2026-01-04,32470.0,6530.0,12990.0,2610.0,0
4736,6269,2025-06-20,21010.0,6450.0,8400.0,2330.0,50000
4737,911,2025-06-14,29870.0,4090.0,11950.0,4230.0,50000
4738,4341,2024-11-10,19050.0,3980.0,7620.0,1750.0,150000
4739,4638,2026-05-31,21780.0,4880.0,8710.0,3000.0,0
4740,4010,2026-05-25,27760.0,7000.0,11100.0,3020.0,300000
4741,6629,2026-03-07,28620.0,3210.0,11450.0,3150.0,150000
4742,2170,2026-06-24,35270.0,3060.0,14110.0,3950.0,150000
4743,2173,2025-02-20,12740.0,1700.0,5100.0,1640.0,150000
4744,5669,2025-01-10,29020.0,5760.0,11610.0,2210.0,0
4745,6314,2025-12-15,31270.0,5740.0,12510.0,3370.0,0
4746,124,2026-04-13,27230.0,4290.0,10890.0,2160.0,0
4747,7203,2026-02-03,24920.0,3830.0,9970.0,3030.0,300000
4748,3159,2024-09-20,26930.0,5260.0,10770.0,3540.0,50000
4749,6790,2025-10-15,26870.0,6040.0,10750.0,2100.0,0
4750,5828,2026-04-16,18140.0,3720.0,7260.0,0.0,0
4751,786,2025-07-01,19270.0,2780.0,7710.0,2140.0,0
4752,6140,2025-08-10,14290.0,3210.0,5720.0,1340.0,150000
4753,6345,2026-04-18,29370.0,3620.0,11750.0,4100.0,150000
4754,2417,2025-10-01,26520.0,6010.0,10610.0,3110.0,0
4755,797,2025-01-25,22980.0,4430.0,9190.0,3020.0,300000
4756,4173,2025-01-02,28990.0,2710.0,11600.0,4360.0,0
4757,4155,2024-12-12,15660.0,1800.0,6270.0,2080.0,0
4758,6575,2024-09-01,27340.0,3060.0,10940.0,3140.0,0
4759,6782,2025-01-30,19680.0,3440.0,7870.0,2500.0,300000
4760,5620,2026-05-08,15280.0,2270.0,6110.0,1360.0,0
4761,1937,2025-04-22,28600.0,2990.0,11440.0,2640.0,0
4762,2157,2025-11-11,23270.0,2500.0,9310.0,2670.0,300000
4763,3808,2025-08-01,17110.0,3710.0,6850.0,1390.0,0
4764,7152,2025-10-06,18750.0,3390.0,7500.0,2200.0,0
4765,1302,2026-04-23,20140.0,2930.0,8060.0,2110.0,0
4766,4164,2025-05-17,36200.0,3530.0,14480.0,3590.0,150000
4767,3141,2025-04-10,40310.0,2900.0,16120.0,4770.0,0
4768,3237,2024-12-23,23880.0,4450.0,9550.0,1770.0,0
4769,7657,2025-10-23,34550.0,4130.0,13820.0,2680.0,150000
4770,2353,2026-02-25,27100.0,5530.0,10840.0,2120.0,300000
4771,1933,2025-06-13,31880.0,4220.0,12750.0,4330.0,300000
4772,2722,2024-11-30,25140.0,5410.0,10060.0,2470.0,300000
4773,365,2026-06-17,11070.0,1100.0,4430.0,1280.0,0
4774,4917,2024-09-08,24690.0,2360.0,9880.0,2990.0,300000
4775,5499,2024-10-16,42490.0,5840.0,17000.0,4620.0,300000
4776,2391,2025-11-24,35180.0,5110.0,14070.0,5180.0,300000
4777,947,2024-11-30,23690.0,5990.0,9480.0,2820.0,300000
4778,7043,2025-06-06,50790.0,8680.0,20320.0,0.0,300000
4779,5674,2026-07-05,18730.0,4490.0,7490.0,2700.0,0
4780,1378,2025-08-05,25840.0,2810.0,10340.0,3060.0,0
4781,1440,2024-10-22,16700.0,2410.0,6680.0,1260.0,300000
4782,3181,2025-03-08,23220.0,6040.0,9290.0,2740.0,0
4783,7731,2026-08-10,33910.0,3910.0,13560.0,4290.0,0
4784,4858,2025-04-01,27070.0,2620.0,10830.0,3430.0,0
4785,7665,2024-10-13,21690.0,2870.0,8670.0,2320.0,0
4786,341,2025-06-03,15200.0,2770.0,6080.0,1370.0,50000
4787,2990,2026-01-03,19570.0,3210.0,7830.0,2000.0,300000
4788,383,2026-04-29,19030.0,3130.0,7610.0,2260.0,0
4789,5100,2025-12-06,25740.0,3230.0,10300.0,2850.0,300000
4790,1557,2024-10-01,23030.0,3060.0,9210.0,2220.0,0
4791,300,2025-07-29,10700.0,1980.0,4280.0,1030.0,0
4792,139,2025-08-07,24190.0,2460.0,9670.0,2820.0,300000
4793,359,2026-05-29,54600.0,2530.0,21840.0,2510.0,50000
4794,4932,2025-10-08,37540.0,6350.0,15020.0,4090.0,0
4795,1523,2025-11-26,26370.0,2780.0,10550.0,3080.0,0
4796,3457,2025-03-21,28370.0,4300.0,11350.0,3180.0,50000
4797,1628,2026-01-06,25720.0,3020.0,10290.0,2300.0,50000
4798,6079,2025-03-10,17080.0,2950.0,6830.0,2200.0,0
4799,1304,2026-03-21,14130.0,3550.0,5650.0,1540.0,0
4800,7805,2024-09-28,25220.0,2520.0,10090.0,2480.0,150000
4801,6627,2026-06-17,40920.0,5070.0,16370.0,4140.0,50000
4802,5005,2024-11-14,32010.0,5890.0,12800.0,3990.0,300000
4803,1135,2025-08-31,33600.0,5820.0,13440.0,3770.0,0
4804,7010,2026-04-09,21570.0,4960.0,8630.0,2110.0,0
4805,2187,2025-10-15,48550.0,6590.0,19420.0,4510.0,0
4806,5092,2024-12-24,29240.0,2880.0,11700.0,2790.0,300000
4807,6579,2025-06-25,32510.0,3970.0,13000.0,3540.0,0
4808,6653,2026-06-01,22120.0,3280.0,8850.0,2280.0,150000
4809,6417,2026-03-02,23870.0,4070.0,9550.0,3930.0,150000
4810,3171,2026-05-25,27300.0,2890.0,10920.0,2630.0,0
4811,3836,2026-04-04,23670.0,4530.0,9470.0,2360.0,0
4812,2152,2025-02-01,16470.0,5000.0,6590.0,1660.0,0
4813,1238,2026-02-22,21140.0,4610.0,8450.0,1840.0,0
4814,5881,2026-08-02,28720.0,5470.0,11490.0,2340.0,0
4815,3736,2025-05-24,54130.0,10750.0,21650.0,5610.0,0
4816,6906,2025-02-19,23170.0,2930.0,9270.0,2290.0,0
4817,2835,2025-08-24,7690.0,1570.0,3080.0,880.0,150000
4818,4261,2025-06-18,28820.0,4790.0,11530.0,2820.0,300000
4819,999,2025-06-14,26390.0,2410.0,10560.0,2770.0,0
4820,2568,2026-02-05,34520.0,4300.0,13810.0,2960.0,50000
4821,1308,2024-09-10,18630.0,2430.0,7450.0,1340.0,0
4822,6661,2024-12-17,20610.0,4360.0,8240.0,2070.0,0
4823,657,2026-02-11,31330.0,4820.0,12530.0,3370.0,0
4824,2661,2025-10-18,16950.0,2890.0,6780.0,1840.0,50000
4825,2212,2026-02-22,15790.0,3690.0,6320.0,1690.0,0
4826,1910,2026-06-15,23750.0,5710.0,9500.0,3070.0,150000
4827,3731,2025-08-12,27560.0,4600.0,11020.0,1730.0,0
4828,2047,2025-01-29,44960.0,4820.0,17980.0,5440.0,50000
4829,6208,2025-10-24,49910.0,7690.0,19960.0,5350.0,0
4830,3163,2026-07-16,20840.0,2670.0,8330.0,2440.0,0
4831,1141,2025-04-29,37840.0,9510.0,15140.0,3750.0,150000
4832,5986,2025-05-20,30160.0,5450.0,12060.0,3430.0,50000
4833,267,2025-03-04,26140.0,3040.0,10460.0,2500.0,50000
4834,1846,2025-08-01,35380.0,3230.0,14150.0,3960.0,0
4835,1709,2024-10-01,33900.0,4380.0,13560.0,3120.0,0
4836,3631,2025-10-30,34330.0,6230.0,13730.0,3140.0,0
4837,3212,2026-01-04,30170.0,4660.0,12070.0,3800.0,300000
4838,2294,2025-08-13,16500.0,2470.0,6600.0,1160.0,150000
4839,3733,2025-08-01,24570.0,1950.0,9830.0,3930.0,50000
4840,3830,2025-11-07,37490.0,5670.0,15000.0,4080.0,0
4841,6539,2026-05-30,20350.0,3350.0,8140.0,2200.0,50000
4842,1511,2026-02-01,4810.0,890.0,1920.0,340.0,0
4843,476,2026-03-02,19230.0,4430.0,7690.0,2380.0,0
4844,7685,2024-11-17,37430.0,7910.0,14970.0,4800.0,0
4845,977,2025-10-31,34090.0,6170.0,13640.0,3900.0,0
4846,1208,2025-01-02,33050.0,3870.0,13220.0,3650.0,150000
4847,5140,2025-10-21,25010.0,2940.0,10000.0,3090.0,0
4848,1961,2025-09-10,23080.0,3100.0,9230.0,2540.0,150000
4849,558,2025-05-21,23010.0,3180.0,9210.0,2790.0,300000
4850,5114,2026-06-22,26180.0,4410.0,10470.0,2090.0,150000
4851,7692,2026-07-04,44380.0,7420.0,17750.0,6410.0,0
4852,5702,2025-08-13,31920.0,4100.0,12770.0,3740.0,0
4853,7697,2025-07-26,30160.0,4880.0,12060.0,4260.0,150000
4854,883,2024-11-03,37480.0,4600.0,14990.0,3840.0,0
4855,2195,2026-05-04,33930.0,6310.0,13570.0,4520.0,300000
4856,4762,2026-02-22,18300.0,1670.0,7320.0,2490.0,0
4857,7472,2025-06-28,20680.0,3880.0,8270.0,2250.0,0
4858,2668,2025-01-09,40590.0,6160.0,16240.0,4740.0,0
4859,5868,2026-04-04,22430.0,5580.0,8970.0,2930.0,50000
4860,6964,2025-03-28,22750.0,5490.0,9100.0,1980.0,0
4861,4960,2025-03-24,20910.0,5200.0,8360.0,2440.0,0
4862,4678,2026-01-26,50750.0,4580.0,20300.0,5580.0,0
4863,7167,2025-11-09,16260.0,2360.0,6500.0,1830.0,150000
4864,4791,2024-10-22,12850.0,2670.0,5140.0,1380.0,150000
4865,7930,2025-09-27,19120.0,4200.0,7650.0,1600.0,0
4866,5348,2026-08-13,27760.0,6680.0,11100.0,3220.0,300000
4867,7270,2025-10-16,28790.0,5400.0,11520.0,3090.0,50000
4868,1611,2025-03-28,16170.0,1960.0,6470.0,1300.0,0
4869,3489,2026-04-16,25380.0,2300.0,10150.0,2740.0,150000
4870,5336,2025-02-23,29670.0,3690.0,11870.0,3690.0,50000
4871,2455,2026-08-16,35520.0,2810.0,14210.0,3330.0,0
4872,4495,2026-03-03,33020.0,4510.0,13210.0,3460.0,300000
4873,1947,2026-06-04,28420.0,3880.0,11370.0,4040.0,150000
4874,4811,2025-02-24,24380.0,2800.0,9750.0,3120.0,300000
4875,4800,2024-09-29,43850.0,6840.0,17540.0,4700.0,150000
4876,2809,2025-04-21,19900.0,3130.0,7960.0,1900.0,300000
4877,6643,2025-11-01,10180.0,1580.0,4070.0,1270.0,150000
4878,3826,2024-12-18,15450.0,2080.0,6180.0,1740.0,0
4879,3537,2025-04-29,29630.0,3650.0,11850.0,1480.0,0
4880,5811,2025-04-05,14660.0,4510.0,5870.0,1740.0,300000
4881,6069,2024-12-21,10570.0,2240.0,4230.0,1070.0,50000
4882,7118,2026-05-25,28230.0,2710.0,11290.0,2330.0,0
4883,3803,2025-11-03,18340.0,3030.0,7340.0,2020.0,0
4884,4178,2026-02-17,20160.0,4650.0,8060.0,2500.0,150000
4885,4700,2025-11-22,11490.0,2620.0,4600.0,1130.0,0
4886,1971,2024-09-01,25990.0,2270.0,10400.0,1830.0,50000
4887,5807,2025-05-17,21280.0,2410.0,8510.0,2310.0,0
4888,6143,2024-09-13,23730.0,5450.0,9490.0,1580.0,0
4889,3823,2024-09-27,26140.0,6580.0,10450.0,3220.0,0
4890,2820,2026-08-12,34960.0,5570.0,13980.0,3120.0,0
4891,903,2025-07-19,12000.0,1340.0,4800.0,1360.0,150000
4892,365,2025-08-28,11070.0,2130.0,4430.0,1280.0,0
4893,4259,2026-06-02,20420.0,5020.0,8170.0,1910.0,0
4894,3120,2026-05-31,33250.0,3650.0,13300.0,4340.0,0
4895,2559,2025-09-08,27870.0,3850.0,11150.0,2380.0,0
4896,7497,2026-01-19,51530.0,7270.0,20610.0,4910.0,300000
4897,1864,2025-09-08,110890.0,7540.0,44360.0,4420.0,0
4898,116,2025-06-28,17390.0,3990.0,6950.0,2670.0,0
4899,7085,2026-03-25,29020.0,3520.0,11610.0,3120.0,0
4900,2385,2026-06-28,25090.0,3230.0,10040.0,3300.0,300000
4901,4977,2026-03-08,19400.0,4060.0,7760.0,1850.0,150000
4902,6881,2025-01-10,29770.0,5660.0,11910.0,3790.0,50000
4903,3936,2024-11-21,35210.0,7250.0,14080.0,4370.0,0
4904,4936,2025-08-24,28590.0,3360.0,11440.0,3000.0,0
4905,6291,2025-08-25,35180.0,6790.0,14070.0,5480.0,150000
4906,7743,2025-11-12,41060.0,5100.0,16430.0,4460.0,0
4907,7974,2026-02-01,24260.0,3210.0,9710.0,1940.0,0
4908,5443,2025-12-26,39760.0,4340.0,15900.0,4580.0,0
4909,2491,2026-01-01,31830.0,4170.0,12730.0,3670.0,50000
4910,6981,2026-08-17,31890.0,5680.0,12760.0,2820.0,0
4911,5133,2024-12-07,23980.0,5600.0,9590.0,3570.0,0
4912,943,2026-07-07,29930.0,2890.0,11970.0,2490.0,150000
4913,7662,2026-07-29,31370.0,2830.0,12550.0,3670.0,0
4914,1725,2026-07-28,23370.0,2540.0,9350.0,2960.0,0
4915,2335,2025-10-01,20600.0,4790.0,8240.0,1880.0,0
4916,2768,2025-09-16,27360.0,3700.0,10940.0,2660.0,0
4917,1138,2025-05-06,26500.0,2720.0,10600.0,2510.0,150000
4918,2528,2026-05-06,15990.0,2110.0,6400.0,1140.0,300000
4919,4118,2025-01-05,34410.0,8140.0,13760.0,2520.0,50000
4920,3421,2025-10-28,33620.0,4700.0,13450.0,3900.0,0
4921,5846,2025-11-04,12780.0,1470.0,5110.0,1490.0,0
4922,4779,2025-08-23,15440.0,3020.0,6180.0,1970.0,150000
4923,3907,2024-10-29,25100.0,5330.0,10040.0,4060.0,0
4924,3638,2026-01-16,17030.0,3940.0,6810.0,1700.0,150000
4925,2954,2024-09-05,13870.0,3310.0,5550.0,1210.0,0
4926,5930,2025-01-19,16890.0,3910.0,6760.0,1790.0,50000
4927,2368,2026-03-17,20270.0,3490.0,8110.0,1400.0,0
4928,4222,2026-03-13,33670.0,3170.0,13470.0,3890.0,150000
4929,277,2026-05-06,17780.0,2850.0,7110.0,2420.0,0
4930,2000,2026-04-21,24020.0,3260.0,9610.0,2300.0,0
4931,1228,2025-03-03,43350.0,9320.0,17340.0,4430.0,300000
4932,6338,2024-10-06,18710.0,4480.0,7480.0,1900.0,0
4933,3753,2025-03-20,42010.0,3580.0,16800.0,4500.0,0
4934,3736,2026-03-15,54130.0,9720.0,21650.0,5610.0,0
4935,7715,2026-01-09,40690.0,5590.0,16280.0,3080.0,0
4936,696,2024-10-04,33930.0,2440.0,13570.0,3970.0,150000
4937,1310,2025-01-16,23860.0,2560.0,9540.0,2960.0,300000
4938,4153,2025-08-28,19720.0,2880.0,7890.0,2550.0,0
4939,7902,2026-04-09,24030.0,4660.0,9610.0,2850.0,150000
4940,7471,2026-02-21,14370.0,2380.0,5750.0,1360.0,150000
4941,3235,2024-12-27,13170.0,1600.0,5270.0,1220.0,0
4942,4115,2025-11-08,21450.0,2380.0,8580.0,2340.0,300000
4943,7538,2025-11-07,16070.0,2890.0,6430.0,1580.0,150000
4944,2312,2025-12-28,30260.0,3240.0,12100.0,3180.0,150000
4945,2842,2026-01-29,27400.0,7330.0,10960.0,2020.0,150000
4946,4209,2024-09-17,32550.0,4460.0,13020.0,3980.0,0
4947,3560,2025-07-23,17550.0,2600.0,7020.0,2430.0,0
4948,3399,2025-03-01,23370.0,3180.0,9350.0,2660.0,300000
4949,542,2025-11-11,26370.0,3970.0,10550.0,3810.0,150000
4950,2695,2026-04-03,10420.0,1500.0,4170.0,1230.0,300000
4951,4675,2024-11-11,24220.0,5280.0,9690.0,2780.0,50000
4952,1089,2026-02-22,32290.0,4370.0,12910.0,2530.0,0
4953,3364,2024-08-29,27220.0,3920.0,10890.0,3220.0,50000
4954,25,2025-10-01,28540.0,7340.0,11410.0,3080.0,150000
4955,1573,2025-06-14,23550.0,5680.0,9420.0,2850.0,0
4956,6145,2026-04-09,14470.0,2510.0,5790.0,1940.0,150000
4957,2959,2026-05-20,33470.0,3560.0,13390.0,4770.0,0
4958,5669,2026-01-30,29020.0,3650.0,11610.0,2210.0,0
4959,4237,2025-09-21,36760.0,7950.0,14700.0,5050.0,150000
4960,1768,2025-09-25,25690.0,2800.0,10270.0,3280.0,0
4961,4744,2026-05-21,31260.0,4640.0,12510.0,2280.0,50000
4962,2236,2026-07-25,26250.0,4410.0,10500.0,3050.0,150000
4963,7296,2025-11-02,21050.0,2180.0,8420.0,2270.0,150000
4964,201,2024-11-06,29880.0,7320.0,11950.0,2570.0,300000
4965,3199,2024-11-12,28320.0,3020.0,11330.0,2060.0,0
4966,257,2025-08-25,26700.0,2160.0,10680.0,4200.0,150000
4967,3748,2025-03-25,34400.0,6360.0,13760.0,3180.0,0
4968,4643,2025-08-07,32320.0,4350.0,12930.0,3950.0,300000
4969,2242,2025-03-01,26520.0,3790.0,10610.0,2770.0,0
4970,6847,2025-09-26,13040.0,1300.0,5220.0,1930.0,0
4971,3176,2025-03-23,27440.0,3710.0,10980.0,2840.0,150000
4972,3607,2024-09-11,29300.0,6200.0,11720.0,2850.0,0
4973,3337,2026-03-15,23080.0,4780.0,9230.0,2420.0,0
4974,4898,2024-10-23,12510.0,1870.0,5000.0,1230.0,0
4975,5038,2026-04-07,34410.0,5900.0,13760.0,3020.0,150000
4976,7552,2025-03-14,15210.0,5300.0,6080.0,1800.0,300000
4977,7428,2026-06-13,21840.0,2130.0,8740.0,2380.0,50000
4978,414,2026-06-19,33190.0,8160.0,13280.0,2740.0,300000
4979,2015,2026-03-03,14370.0,4390.0,5750.0,1900.0,0
4980,1382,2025-01-13,14600.0,3530.0,5840.0,1550.0,0
4981,1099,2026-07-02,35260.0,4200.0,14110.0,4400.0,0
4982,3427,2025-11-09,39160.0,7000.0,15670.0,2820.0,0
4983,3656,2025-06-25,13740.0,2610.0,5500.0,1250.0,150000
4984,7939,2025-10-19,34990.0,5230.0,14000.0,4300.0,300000
4985,910,2024-10-02,30490.0,5550.0,12200.0,2670.0,50000
4986,188,2026-05-19,21690.0,3330.0,8680.0,2780.0,50000
4987,4045,2024-09-16,14320.0,2310.0,5730.0,1530.0,0
4988,3757,2025-04-05,24350.0,5060.0,9740.0,2920.0,0
4989,2016,2024-08-31,20290.0,1820.0,8120.0,2260.0,0
4990,5410,2025-06-28,32050.0,2950.0,12820.0,2570.0,0
4991,2093,2024-11-25,14970.0,2250.0,5990.0,2160.0,50000
4992,3645,2025-08-13,35070.0,6500.0,14030.0,3200.0,300000
4993,2131,2026-08-10,18890.0,2750.0,7560.0,1900.0,50000
4994,5243,2025-09-27,31970.0,4370.0,12790.0,3480.0,300000
4995,358,2025-10-20,40500.0,7520.0,16200.0,4060.0,0
4996,5648,2025-06-14,28490.0,4550.0,11400.0,3600.0,0
4997,5186,2026-05-23,29730.0,3060.0,11890.0,3270.0,300000
4998,7080,2024-10-01,29110.0,4690.0,11640.0,2370.0,0
4999,5777,2025-07-09,12430.0,2280.0,4970.0,1260.0,50000
5000,2423,2025-06-23,13760.0,4600.0,5500.0,1680.0,0
5001,4258,2025-06-11,22220.0,2850.0,8890.0,2440.0,300000
5002,7914,2025-11-08,18310.0,2710.0,7320.0,1770.0,50000
5003,7548,2025-02-20,13000.0,2450.0,5200.0,1590.0,300000
5004,7824,2025-11-17,13410.0,3030.0,5360.0,1340.0,50000
5005,7526,2026-05-31,25520.0,3200.0,10210.0,3040.0,0
5006,7356,2026-06-15,13300.0,1450.0,5320.0,1480.0,0
5007,6466,2025-12-27,30630.0,4980.0,12250.0,3240.0,150000
5008,4546,2025-05-16,37520.0,6480.0,15010.0,5700.0,0
5009,1498,2025-07-28,25950.0,2890.0,10380.0,2430.0,0
5010,5133,2025-05-17,23980.0,2640.0,9590.0,3570.0,0
5011,6328,2025-12-04,17720.0,4180.0,7090.0,1790.0,0
5012,2159,2025-11-13,6550.0,1360.0,2620.0,770.0,50000
5013,6047,2025-06-19,22060.0,3600.0,8830.0,3050.0,50000
5014,2556,2024-12-17,30530.0,6740.0,12210.0,3050.0,50000
5015,5410,2026-04-01,32050.0,4720.0,12820.0,2570.0,0
5016,2343,2026-01-03,21510.0,3060.0,8600.0,2820.0,0
5017,7619,2026-01-19,17840.0,1610.0,7130.0,2690.0,50000
5018,2952,2025-11-03,20410.0,3540.0,8160.0,2190.0,0
5019,1239,2025-10-02,38570.0,4440.0,15430.0,4600.0,50000
5020,974,2026-03-06,24280.0,4180.0,9710.0,2280.0,150000
5021,4728,2025-03-31,24020.0,2380.0,9610.0,3340.0,50000
5022,3966,2025-07-13,30720.0,7440.0,12290.0,4600.0,50000
5023,5687,2025-11-21,26780.0,4290.0,10710.0,3180.0,150000
5024,1051,2025-09-29,12660.0,2250.0,5060.0,890.0,0
5025,3702,2025-12-23,15270.0,2420.0,6110.0,1450.0,150000
5026,2781,2026-06-17,31560.0,5760.0,12620.0,3580.0,300000
5027,7399,2024-09-18,26020.0,5160.0,10410.0,2090.0,0
5028,1589,2025-01-30,31060.0,6740.0,12420.0,4540.0,150000
5029,3879,2024-09-25,34690.0,5250.0,13880.0,5090.0,0
5030,2369,2026-07-19,30140.0,3490.0,12050.0,2840.0,0
5031,7057,2025-07-09,22390.0,2820.0,8950.0,3340.0,150000
5032,7401,2025-06-02,12480.0,2390.0,4990.0,1740.0,150000
5033,5790,2024-09-12,22810.0,2900.0,9120.0,2380.0,150000
5034,437,2026-04-15,33510.0,2750.0,13400.0,2220.0,50000
5035,2829,2026-05-15,24130.0,2660.0,9650.0,2940.0,50000
5036,1557,2025-04-15,23030.0,3980.0,9210.0,2220.0,0
5037,7571,2025-01-18,21840.0,2460.0,8730.0,1840.0,0
5038,5173,2026-05-18,30740.0,4170.0,12290.0,2840.0,0
5039,3859,2025-03-11,18850.0,5100.0,7540.0,2060.0,0
5040,7481,2025-07-05,18990.0,2030.0,7600.0,1900.0,300000
5041,1305,2026-04-01,13160.0,1150.0,5260.0,1700.0,0
5042,6870,2024-08-23,39770.0,6400.0,15910.0,4360.0,50000
5043,6175,2025-06-21,34980.0,6840.0,13990.0,4020.0,0
5044,2385,2025-12-07,25090.0,5620.0,10040.0,3300.0,0
5045,183,2026-07-12,36360.0,8190.0,14540.0,3910.0,50000
5046,7191,2026-07-12,15820.0,3560.0,6330.0,1660.0,50000
5047,6688,2025-01-07,11280.0,2050.0,4510.0,1660.0,0
5048,5566,2024-10-12,28840.0,3070.0,11530.0,3600.0,0
5049,7242,2025-07-27,25900.0,4970.0,10360.0,2420.0,0
5050,7178,2025-06-30,23350.0,2470.0,9340.0,3440.0,300000
5051,7652,2026-04-20,35860.0,7940.0,14340.0,4200.0,0
5052,5576,2026-05-05,16270.0,4260.0,6510.0,2390.0,0
5053,1590,2024-12-05,25080.0,5270.0,10030.0,3100.0,150000
5054,1588,2026-01-09,27500.0,5270.0,11000.0,3690.0,0
5055,660,2024-09-30,17410.0,3800.0,6960.0,2350.0,0
5056,160,2025-12-24,26090.0,5460.0,10440.0,2890.0,0
5057,3954,2026-01-21,17570.0,3560.0,7030.0,2450.0,0
5058,7182,2025-11-17,25890.0,4230.0,10350.0,3420.0,0
5059,7346,2026-06-26,12160.0,2300.0,4870.0,1370.0,300000
5060,6556,2026-04-21,25530.0,2540.0,10210.0,2740.0,50000
5061,1012,2025-10-15,40830.0,9030.0,16330.0,3580.0,0
5062,53,2025-05-05,23280.0,3830.0,9310.0,2080.0,300000
5063,6552,2024-11-02,29780.0,5280.0,11910.0,3140.0,0
5064,6991,2024-09-10,15840.0,2200.0,6340.0,1140.0,0
5065,5142,2024-12-18,12320.0,2080.0,4930.0,1430.0,300000
5066,5150,2026-04-26,43450.0,8800.0,17380.0,5660.0,300000
5067,6847,2025-01-29,13040.0,2200.0,5220.0,1930.0,150000
5068,2308,2026-04-23,19330.0,3140.0,7730.0,2420.0,0
5069,1229,2024-10-14,15200.0,2740.0,6080.0,1750.0,0
5070,7227,2025-01-12,36630.0,6320.0,14650.0,3660.0,150000
5071,5591,2025-03-18,20630.0,3380.0,8250.0,1900.0,0
5072,6920,2024-11-10,29580.0,2640.0,11830.0,4430.0,0
5073,5586,2024-09-03,36810.0,5780.0,14720.0,4610.0,0
5074,1036,2025-04-23,30020.0,5830.0,12010.0,2720.0,0
5075,3703,2024-11-25,27250.0,5380.0,10900.0,2940.0,300000
5076,6047,2025-07-23,22060.0,3980.0,8830.0,3050.0,0
5077,4046,2024-12-19,38270.0,6670.0,15310.0,3610.0,300000
5078,7458,2026-04-10,24250.0,2260.0,9700.0,2420.0,300000
5079,4946,2026-05-31,35760.0,5850.0,14300.0,4560.0,0
5080,7928,2025-12-04,16010.0,2860.0,6400.0,1370.0,300000
5081,4450,2026-03-23,25840.0,5140.0,10340.0,2260.0,0
5082,7807,2025-07-18,34110.0,7460.0,13640.0,3560.0,0
5083,5195,2026-03-11,15270.0,4060.0,6110.0,2100.0,0
5084,7017,2025-07-01,23110.0,4210.0,9250.0,2810.0,0
5085,5836,2026-05-07,44790.0,7330.0,17920.0,4860.0,300000
5086,7729,2025-04-08,18570.0,1850.0,7430.0,2120.0,0
5087,7759,2026-01-20,27360.0,5810.0,10940.0,2750.0,0
5088,5561,2026-03-11,23770.0,3530.0,9510.0,1920.0,0
5089,5087,2026-06-10,17900.0,2150.0,7160.0,1690.0,150000
5090,1265,2024-11-09,19880.0,4370.0,7950.0,1830.0,50000
5091,7162,2024-12-15,14300.0,4040.0,5720.0,1550.0,150000
5092,1885,2025-08-16,24630.0,2050.0,9850.0,3000.0,0
5093,7322,2026-06-09,29580.0,3160.0,11830.0,4150.0,150000
5094,1810,2025-10-03,28060.0,3540.0,11220.0,4100.0,0
5095,3168,2026-03-26,17290.0,2720.0,6910.0,2340.0,150000
5096,3798,2025-12-12,20970.0,3030.0,8390.0,2670.0,0
5097,2342,2025-03-19,18820.0,3380.0,7530.0,1910.0,300000
5098,6353,2025-03-24,25050.0,3810.0,10020.0,2940.0,0
5099,3415,2026-05-17,42430.0,8440.0,16970.0,4660.0,300000
5100,5208,2024-12-01,38840.0,3570.0,15540.0,4930.0,150000
5101,818,2026-06-21,24840.0,3940.0,9940.0,2660.0,50000
5102,5896,2024-08-24,29530.0,3990.0,11810.0,3840.0,0
5103,6057,2026-03-19,26660.0,3110.0,10670.0,2820.0,0
5104,2438,2025-04-18,34800.0,8540.0,13920.0,3260.0,0
5105,6469,2025-05-24,41310.0,4740.0,16520.0,4450.0,300000
5106,7084,2026-07-04,20040.0,3180.0,8020.0,1660.0,0
5107,889,2025-12-15,21210.0,3920.0,8480.0,2600.0,300000
5108,5952,2025-01-20,19220.0,3430.0,7690.0,2690.0,0
5109,5277,2024-12-21,20210.0,3570.0,8080.0,1600.0,300000
5110,668,2025-10-14,18750.0,2110.0,7500.0,1980.0,0
5111,7819,2025-06-14,15900.0,4130.0,6360.0,2120.0,150000
5112,4729,2024-11-04,30030.0,6390.0,12010.0,3590.0,300000
5113,2625,2025-02-17,23950.0,2640.0,9580.0,2580.0,0
5114,5739,2026-02-12,16330.0,3510.0,6530.0,1900.0,50000
5115,7827,2026-03-26,25880.0,2350.0,10350.0,3120.0,0
5116,4233,2024-12-01,24390.0,3330.0,9760.0,2550.0,300000
5117,6043,2025-09-12,44960.0,7940.0,17980.0,4700.0,0
5118,5794,2025-12-16,15070.0,2340.0,6030.0,1750.0,0
5119,4524,2026-07-10,41220.0,8610.0,16490.0,4460.0,50000
5120,5572,2026-04-02,37370.0,4070.0,14950.0,3890.0,0
5121,6756,2026-07-09,17180.0,1870.0,6870.0,0.0,150000
5122,7055,2026-05-31,21040.0,4150.0,8410.0,2290.0,300000
5123,819,2026-03-13,29380.0,5040.0,11750.0,3460.0,0
5124,2189,2024-12-26,22330.0,2340.0,8930.0,1930.0,0
5125,1107,2026-08-10,23320.0,4610.0,9330.0,2770.0,150000
5126,2225,2025-08-29,20350.0,1760.0,8140.0,2200.0,50000
5127,198,2025-07-11,55320.0,4340.0,22130.0,3780.0,0
5128,2672,2026-01-06,22120.0,3340.0,8850.0,1950.0,150000
5129,7736,2025-11-20,35650.0,7560.0,14260.0,4570.0,0
5130,6092,2025-09-07,22960.0,2440.0,9180.0,2690.0,150000
5131,6835,2024-09-17,15860.0,2400.0,6340.0,1550.0,0
5132,3493,2026-01-09,28390.0,3940.0,11360.0,3620.0,150000
5133,2449,2025-01-16,27550.0,5690.0,11020.0,2870.0,50000
5134,7866,2026-05-04,13780.0,2420.0,5510.0,1760.0,150000
5135,471,2026-07-11,21870.0,5350.0,8750.0,2940.0,300000
5136,6362,2026-03-15,26090.0,2270.0,10440.0,3220.0,0
5137,1949,2026-03-24,28640.0,2890.0,11460.0,2090.0,0
5138,5025,2025-08-22,40560.0,4400.0,16220.0,4480.0,0
5139,3900,2025-11-20,20020.0,3180.0,8010.0,2500.0,0
5140,2011,2025-09-24,15540.0,2490.0,6220.0,1760.0,50000
5141,3801,2024-09-19,43660.0,3560.0,17470.0,1620.0,0
5142,6776,2025-04-28,31450.0,5820.0,12580.0,3060.0,50000
5143,7095,2024-10-26,19370.0,1990.0,7750.0,2630.0,150000
5144,5002,2025-07-27,35980.0,6870.0,14390.0,4200.0,0
5145,6319,2026-05-09,18380.0,2760.0,7350.0,2300.0,0
5146,4119,2026-04-29,13260.0,3320.0,5300.0,1520.0,0
5147,3797,2026-08-15,19570.0,2650.0,7830.0,1780.0,50000
5148,3989,2024-12-27,39660.0,4830.0,15860.0,3120.0,50000
5149,235,2024-10-28,12910.0,2490.0,5160.0,1200.0,50000
5150,7181,2025-07-05,38950.0,7420.0,15580.0,3480.0,0
5151,5221,2025-06-07,24250.0,5060.0,9700.0,2560.0,300000
5152,929,2025-03-14,23400.0,2630.0,9360.0,3580.0,50000
5153,3608,2024-11-07,32430.0,7340.0,12970.0,3490.0,0
5154,523,2025-06-09,28050.0,5940.0,11220.0,3190.0,0
5155,5905,2025-04-20,19330.0,2130.0,7730.0,1830.0,0
5156,3524,2026-04-01,23030.0,5220.0,9210.0,2780.0,300000
5157,4527,2025-09-23,32150.0,3000.0,12860.0,3740.0,0
5158,4889,2024-09-30,29510.0,3890.0,11800.0,3870.0,0
5159,1630,2026-03-14,31100.0,2980.0,12440.0,3610.0,0
5160,5833,2025-09-04,21990.0,4580.0,8800.0,3010.0,300000
5161,4629,2024-10-12,50890.0,8790.0,20360.0,5260.0,0
5162,7123,2026-01-01,18080.0,3650.0,7230.0,1600.0,0
5163,5843,2026-03-30,35650.0,5610.0,14260.0,3370.0,0
5164,5772,2025-06-27,13230.0,2620.0,5290.0,1200.0,150000
5165,1317,2026-05-19,22430.0,2760.0,8970.0,1720.0,50000
5166,2858,2025-11-21,32000.0,3060.0,12800.0,3940.0,0
5167,5009,2026-05-11,20470.0,4290.0,8190.0,2090.0,150000
5168,1125,2026-02-13,34500.0,7710.0,13800.0,4140.0,300000
5169,5622,2024-10-04,15070.0,2240.0,6030.0,1640.0,0
5170,5424,2024-12-02,21140.0,4320.0,8460.0,1780.0,0
5171,7015,2024-11-04,25730.0,6540.0,10290.0,3090.0,300000
5172,2588,2024-11-26,21480.0,3780.0,8590.0,2350.0,0
5173,1024,2025-09-17,26770.0,6890.0,10710.0,2700.0,50000
5174,5673,2026-05-29,30850.0,6220.0,12340.0,3680.0,0
5175,1379,2025-04-01,29690.0,4880.0,11880.0,3700.0,150000
5176,3375,2026-03-24,27680.0,5280.0,11070.0,2680.0,150000
5177,1520,2026-03-02,27660.0,4250.0,11060.0,3820.0,0
5178,5778,2025-02-07,21830.0,3320.0,8730.0,2740.0,150000
5179,7936,2025-07-21,21460.0,2870.0,8580.0,3140.0,0
5180,6094,2025-04-03,34410.0,6420.0,13770.0,3150.0,0
5181,227,2026-05-12,22120.0,4890.0,8850.0,2070.0,150000
5182,5356,2025-03-15,27960.0,6170.0,11180.0,3590.0,150000
5183,4969,2025-10-10,34110.0,4280.0,13640.0,4990.0,50000
5184,892,2026-01-08,26150.0,3610.0,10460.0,2380.0,150000
5185,5575,2025-02-01,37380.0,7980.0,14950.0,4340.0,50000
5186,4073,2025-12-04,20500.0,2630.0,8200.0,1830.0,0
5187,5133,2025-10-09,23980.0,3030.0,9590.0,3570.0,150000
5188,2258,2025-08-23,20990.0,3610.0,8400.0,3060.0,50000
5189,2789,2026-01-14,29990.0,3710.0,12000.0,3640.0,0
5190,397,2024-12-19,46140.0,6360.0,18460.0,4650.0,300000
5191,5220,2026-08-04,31220.0,5540.0,12490.0,3980.0,0
5192,2079,2025-10-04,37300.0,7960.0,14920.0,5100.0,300000
5193,7042,2025-01-24,19580.0,3490.0,7830.0,2340.0,50000
5194,7696,2025-12-15,32200.0,7830.0,12880.0,3790.0,0
5195,4745,2026-02-05,35060.0,4130.0,14030.0,4220.0,50000
5196,4425,2026-01-17,13790.0,4130.0,5520.0,0.0,0
5197,3238,2025-10-03,30110.0,6290.0,12040.0,2980.0,0
5198,5579,2024-10-24,30370.0,4330.0,12150.0,3330.0,0
5199,3894,2025-07-28,14960.0,2620.0,5980.0,1110.0,50000
5200,5048,2025-03-02,21870.0,2660.0,8750.0,2010.0,150000
5201,2006,2026-04-01,57860.0,2280.0,23140.0,2720.0,0
5202,2017,2024-11-04,17430.0,3350.0,6970.0,2420.0,0
5203,3172,2026-03-17,26230.0,4280.0,10490.0,4060.0,0
5204,2669,2025-04-07,16500.0,1940.0,6600.0,1580.0,150000
5205,1879,2025-07-28,29300.0,5090.0,11720.0,2820.0,150000
5206,1197,2025-10-07,28280.0,4940.0,11310.0,2850.0,0
5207,1773,2025-05-19,22380.0,4660.0,8950.0,2880.0,150000
5208,162,2026-05-11,21950.0,4000.0,8780.0,1830.0,0
5209,3977,2024-10-02,31040.0,6670.0,12420.0,3380.0,50000
5210,1752,2025-03-01,25920.0,5070.0,10370.0,1970.0,150000
5211,776,2026-03-25,24450.0,3960.0,9780.0,2170.0,300000
5212,7431,2025-04-26,23880.0,3800.0,9550.0,2500.0,300000
5213,5924,2025-09-15,16430.0,2640.0,6570.0,1770.0,0
5214,6418,2025-10-06,32200.0,5330.0,12880.0,3440.0,300000
5215,7171,2025-06-10,41330.0,6660.0,16530.0,4980.0,50000
5216,5148,2024-11-07,14130.0,1570.0,5650.0,1020.0,0
5217,6470,2025-12-24,39540.0,6140.0,15810.0,5370.0,150000
5218,940,2026-04-17,21490.0,3730.0,8600.0,3550.0,50000
5219,3221,2026-02-02,17410.0,2710.0,6960.0,1900.0,0
5220,540,2025-08-09,28400.0,6610.0,11360.0,2460.0,0
5221,6632,2025-12-22,29250.0,5690.0,11700.0,2820.0,0
5222,4918,2025-12-21,16870.0,4000.0,6750.0,1710.0,300000
5223,1462,2026-04-03,33020.0,5460.0,13210.0,3070.0,0
5224,5185,2024-11-06,18770.0,3800.0,7510.0,1820.0,150000
5225,356,2026-04-05,12780.0,1820.0,5110.0,1720.0,0
5226,3605,2025-10-11,24330.0,4890.0,9730.0,2970.0,0
5227,3324,2025-03-01,40400.0,4730.0,16160.0,4220.0,0
5228,235,2025-03-22,12910.0,1130.0,5160.0,1200.0,150000
5229,6371,2025-04-29,24780.0,4140.0,9910.0,1860.0,300000
5230,1549,2024-10-15,43850.0,6790.0,17540.0,4620.0,150000
5231,7481,2026-04-06,18990.0,4310.0,7600.0,1900.0,50000
5232,2097,2026-03-05,17850.0,2240.0,7140.0,1480.0,0
5233,4214,2025-06-18,15300.0,2040.0,6120.0,1820.0,0
5234,2102,2025-08-19,24190.0,4930.0,9680.0,3180.0,300000
5235,1674,2026-04-18,34700.0,5380.0,13880.0,3590.0,50000
5236,6709,2025-03-30,14930.0,1750.0,5970.0,1780.0,300000
5237,5164,2025-12-27,37720.0,3580.0,15090.0,3070.0,0
5238,7983,2026-06-22,19370.0,4760.0,7750.0,2610.0,300000
5239,2101,2025-05-17,21580.0,4190.0,8630.0,2100.0,0
5240,3658,2026-03-29,15410.0,4980.0,6160.0,1770.0,300000
5241,4654,2026-04-02,17680.0,2520.0,7070.0,1520.0,50000
5242,3597,2026-01-14,4960.0,960.0,1990.0,560.0,300000
5243,3749,2025-05-10,45770.0,7360.0,18310.0,4460.0,150000
5244,3174,2025-01-26,23150.0,4060.0,9260.0,2590.0,0
5245,1816,2025-05-16,17400.0,2750.0,6960.0,2180.0,0
5246,3842,2025-08-28,40140.0,5120.0,16050.0,4370.0,300000
5247,2006,2025-07-26,57860.0,3450.0,23140.0,2720.0,50000
5248,7012,2025-10-18,37390.0,5080.0,14960.0,2580.0,0
5249,4494,2025-04-06,28870.0,3460.0,11550.0,3470.0,0
5250,7306,2024-08-21,36660.0,6360.0,14660.0,4000.0,50000
5251,675,2026-04-10,18070.0,3000.0,7230.0,2070.0,0
5252,387,2026-08-10,21180.0,4590.0,8470.0,2540.0,150000
5253,2159,2025-03-11,6550.0,1200.0,2620.0,770.0,150000
5254,2662,2024-10-30,17950.0,5110.0,7180.0,1560.0,0
5255,2065,2025-09-02,20640.0,4040.0,8250.0,2450.0,0
5256,3852,2025-12-01,31010.0,5800.0,12410.0,5290.0,0
5257,3254,2024-10-21,25380.0,4170.0,10150.0,2230.0,150000
5258,4980,2025-03-30,36440.0,4630.0,14580.0,3720.0,0
5259,7704,2026-03-17,33460.0,6990.0,13380.0,2660.0,150000
5260,4637,2025-11-09,18880.0,3680.0,7550.0,2140.0,0
5261,4267,2024-12-20,33750.0,6670.0,13500.0,3530.0,150000
5262,6553,2025-11-13,27700.0,4720.0,11080.0,3940.0,0
5263,740,2026-01-01,31350.0,3860.0,12540.0,3480.0,50000
5264,1402,2025-01-08,24240.0,3600.0,9700.0,2280.0,50000
5265,3260,2025-06-14,26660.0,5520.0,10670.0,2160.0,0
5266,7002,2024-12-19,42200.0,5120.0,16880.0,5370.0,0
5267,2278,2025-07-14,30220.0,3910.0,12090.0,3660.0,150000
5268,3905,2025-05-13,26550.0,4250.0,10620.0,3140.0,0
5269,3924,2026-07-13,12860.0,2160.0,5140.0,1400.0,300000
5270,4215,2025-09-27,13200.0,1740.0,5280.0,1810.0,150000
5271,3228,2025-05-04,31300.0,5390.0,12520.0,2500.0,150000
5272,2832,2026-03-22,31790.0,7210.0,12720.0,3510.0,50000
5273,3759,2026-01-24,32370.0,5310.0,12950.0,2590.0,0
5274,2513,2025-10-26,27590.0,5760.0,11040.0,2860.0,0
5275,2152,2025-07-17,16470.0,4500.0,6590.0,1660.0,50000
5276,3676,2025-06-30,43470.0,6770.0,17390.0,4940.0,0
5277,2746,2025-03-26,21490.0,4290.0,8590.0,2900.0,0
5278,6092,2026-02-13,22960.0,3520.0,9180.0,2690.0,0
5279,3867,2026-04-04,20260.0,2980.0,8100.0,2700.0,300000
5280,7670,2026-04-15,49200.0,7610.0,19680.0,5250.0,50000
5281,3765,2025-12-14,27190.0,6970.0,10880.0,2220.0,150000
5282,5802,2024-09-23,42740.0,8650.0,17100.0,4780.0,300000
5283,5819,2025-02-17,8550.0,1090.0,3420.0,920.0,0
5284,2223,2026-03-16,20920.0,2050.0,8370.0,2630.0,0
5285,7902,2025-11-06,24030.0,3740.0,9610.0,2850.0,0
5286,2793,2025-12-08,27750.0,3960.0,11100.0,3210.0,150000
5287,1698,2026-07-08,21060.0,3180.0,8420.0,2200.0,50000
5288,5541,2025-10-27,24550.0,5470.0,9820.0,2250.0,150000
5289,7302,2025-05-22,24580.0,2900.0,9830.0,1900.0,0
5290,3463,2025-07-19,20470.0,2530.0,8190.0,2480.0,300000
5291,4064,2025-09-16,14530.0,2300.0,5810.0,1440.0,50000
5292,5856,2024-12-12,31160.0,5250.0,12460.0,3520.0,0
5293,1525,2025-06-04,34310.0,5460.0,13720.0,4230.0,150000
5294,4761,2024-10-15,18400.0,3580.0,7360.0,2360.0,300000
5295,33,2025-08-24,10660.0,2540.0,4260.0,790.0,50000
5296,6199,2026-05-24,19110.0,4480.0,7640.0,2220.0,300000
5297,4026,2025-04-15,30210.0,6750.0,12080.0,2550.0,0
5298,2567,2024-09-06,17160.0,2290.0,6870.0,1930.0,0
5299,2804,2024-09-18,15810.0,5370.0,6320.0,1810.0,0
5300,3897,2024-11-20,34900.0,6780.0,13960.0,3510.0,300000
5301,3710,2025-10-09,31700.0,2770.0,12680.0,5050.0,150000
5302,6156,2025-03-30,35980.0,2830.0,14390.0,2170.0,50000
5303,5648,2026-05-11,28490.0,3400.0,11400.0,3600.0,0
5304,720,2026-03-25,17840.0,1910.0,7140.0,1860.0,150000
5305,6699,2024-11-11,17620.0,2050.0,7050.0,2170.0,150000
5306,6517,2026-06-18,23330.0,4260.0,9330.0,2740.0,300000
5307,4580,2026-04-15,13790.0,1600.0,5520.0,1050.0,50000
5308,973,2026-01-25,14350.0,3190.0,5740.0,1880.0,300000
5309,3719,2026-02-28,13690.0,4180.0,5480.0,1810.0,0
5310,7396,2024-08-31,20020.0,3240.0,8010.0,1820.0,300000
5311,6767,2026-03-14,26830.0,3830.0,10730.0,3110.0,0
5312,4403,2025-01-09,26630.0,3960.0,10650.0,2260.0,0
5313,4553,2026-02-12,18980.0,4640.0,7590.0,2550.0,0
5314,2208,2026-03-24,28880.0,4160.0,11550.0,3620.0,0
5315,4427,2025-02-13,41730.0,7380.0,16690.0,4850.0,0
5316,6920,2025-05-30,29580.0,3980.0,11830.0,4430.0,150000
5317,4321,2025-02-11,31150.0,3900.0,12460.0,5100.0,50000
5318,3031,2025-10-29,5840.0,560.0,2340.0,590.0,0
5319,6873,2025-09-26,33080.0,3730.0,13230.0,4220.0,0
5320,3576,2025-08-30,45070.0,4770.0,18030.0,4190.0,0
5321,5576,2025-10-25,16270.0,3180.0,6510.0,2390.0,0
5322,3117,2025-06-26,23560.0,4220.0,9420.0,2880.0,150000
5323,3286,2025-09-10,25970.0,2720.0,10390.0,4120.0,0
5324,5179,2025-08-06,27210.0,5370.0,10890.0,2540.0,150000
5325,644,2026-07-26,20300.0,3320.0,8120.0,1280.0,300000
5326,4712,2025-03-08,17190.0,2710.0,6870.0,2460.0,0
5327,195,2025-08-28,26760.0,4950.0,10700.0,2310.0,0
5328,3997,2026-05-16,36390.0,4350.0,14550.0,2300.0,150000
5329,489,2026-01-01,18710.0,3630.0,7480.0,2450.0,150000
5330,2205,2026-06-09,36430.0,3180.0,14570.0,3560.0,0
5331,2658,2026-08-17,24850.0,5560.0,9940.0,2720.0,0
5332,5346,2026-04-04,13560.0,1860.0,5430.0,1340.0,50000
5333,6556,2024-12-30,25530.0,4360.0,10210.0,2740.0,0
5334,3277,2026-06-04,43500.0,9560.0,17400.0,4730.0,0
5335,1103,2024-10-17,27150.0,4920.0,10860.0,2880.0,150000
5336,5244,2024-08-29,20510.0,2470.0,8210.0,2700.0,300000
5337,6615,2025-01-06,25110.0,5720.0,10040.0,2620.0,50000
5338,1242,2026-06-16,23670.0,4230.0,9470.0,2460.0,50000
5339,516,2025-12-12,31230.0,3700.0,12490.0,5020.0,50000
5340,5722,2025-06-07,16610.0,2140.0,6640.0,1630.0,0
5341,5224,2026-06-15,31470.0,4170.0,12590.0,2900.0,300000
5342,393,2025-06-21,19540.0,3320.0,7820.0,1590.0,0
5343,631,2024-09-28,18180.0,3940.0,7270.0,1580.0,50000
5344,3717,2026-02-24,36240.0,4760.0,14500.0,3960.0,0
5345,1848,2025-06-16,24010.0,5500.0,9600.0,2250.0,0
5346,2656,2026-06-02,18470.0,4020.0,7390.0,2340.0,0
5347,980,2025-03-28,19820.0,2950.0,7930.0,2530.0,0
5348,4530,2026-02-05,42010.0,6220.0,16800.0,5450.0,0
5349,3403,2025-02-23,16980.0,2990.0,6790.0,1630.0,50000
5350,7311,2026-02-19,32710.0,3930.0,13080.0,4410.0,300000
5351,3872,2025-12-15,17240.0,3670.0,6900.0,1700.0,0
5352,6684,2025-05-24,22980.0,3840.0,9190.0,2940.0,0
5353,278,2025-11-12,19910.0,3790.0,7970.0,1570.0,150000
5354,233,2025-03-28,34540.0,5210.0,13820.0,1760.0,0
5355,1553,2025-12-05,23340.0,3470.0,9340.0,2900.0,0
5356,5691,2026-01-24,24150.0,3970.0,9660.0,3180.0,0
5357,5210,2024-08-29,19410.0,3800.0,7760.0,1940.0,0
5358,7660,2025-07-08,14730.0,3150.0,5890.0,1660.0,300000
5359,3271,2025-11-11,26490.0,3800.0,10600.0,3200.0,50000
5360,2410,2025-11-27,24120.0,3800.0,9650.0,2090.0,150000
5361,3513,2026-07-15,14110.0,1990.0,5640.0,1380.0,0
5362,26,2025-01-18,38550.0,3670.0,15420.0,5080.0,0
5363,7193,2026-05-12,7040.0,1150.0,2820.0,770.0,0
5364,5514,2025-02-02,33380.0,3020.0,13350.0,3420.0,150000
5365,6651,2025-06-14,20880.0,2980.0,8350.0,2390.0,0
5366,7469,2026-05-30,28940.0,6280.0,11570.0,4230.0,0
5367,7507,2025-11-20,24240.0,3170.0,9690.0,2780.0,300000
5368,6411,2026-05-13,18900.0,3880.0,7560.0,2540.0,0
5369,461,2024-10-26,26810.0,3730.0,10720.0,2590.0,0
5370,3765,2026-07-19,27190.0,3390.0,10880.0,2220.0,300000
5371,6600,2025-07-22,19800.0,2890.0,7920.0,2100.0,300000
5372,3432,2024-09-12,19740.0,3130.0,7890.0,2400.0,0
5373,5188,2024-09-02,33710.0,6830.0,13480.0,3550.0,300000
5374,5103,2026-04-18,28150.0,4720.0,11260.0,3870.0,0
5375,7007,2025-03-09,14540.0,3990.0,5820.0,1210.0,0
5376,3484,2025-06-27,29820.0,3370.0,11930.0,4140.0,0
5377,1995,2026-02-25,24690.0,3620.0,9880.0,3260.0,300000
5378,491,2026-08-04,31310.0,4370.0,12520.0,2700.0,300000
5379,1073,2026-03-29,20260.0,3150.0,8100.0,2310.0,150000
5380,7855,2025-02-02,25360.0,3340.0,10140.0,3100.0,50000
5381,6708,2025-10-14,33030.0,5940.0,13210.0,3960.0,0
5382,3174,2025-10-16,23150.0,3520.0,9260.0,2590.0,300000
5383,216,2024-11-29,34150.0,4030.0,13660.0,3810.0,150000
5384,7606,2025-04-01,31390.0,7370.0,12560.0,4500.0,0
5385,1724,2026-08-17,32990.0,6590.0,13200.0,2670.0,300000
5386,1593,2026-07-14,12340.0,1680.0,4930.0,980.0,0
5387,2607,2026-02-02,22860.0,5260.0,9140.0,3230.0,0
5388,159,2026-02-09,27750.0,5890.0,11100.0,4290.0,0
5389,6633,2025-11-12,28660.0,4730.0,11460.0,2580.0,50000
5390,4782,2026-08-11,22240.0,2070.0,8890.0,2630.0,150000
5391,3314,2025-10-10,16140.0,3460.0,6460.0,1900.0,0
5392,2842,2026-01-10,27400.0,4670.0,10960.0,2020.0,0
5393,1777,2026-06-19,16740.0,3280.0,6700.0,1950.0,50000
5394,2053,2025-04-23,22730.0,4960.0,9090.0,2010.0,150000
5395,7764,2025-08-14,19160.0,2170.0,7660.0,2500.0,0
5396,5940,2025-12-01,20090.0,4000.0,8040.0,2020.0,50000
5397,6505,2025-04-14,21540.0,1750.0,8620.0,2160.0,50000
5398,6603,2024-10-03,26490.0,4600.0,10600.0,2780.0,300000
5399,2296,2026-07-14,14550.0,3530.0,5820.0,770.0,150000
5400,5686,2026-07-19,31550.0,3450.0,12620.0,4080.0,150000
5401,1697,2024-11-07,25530.0,3670.0,10210.0,3210.0,0
5402,2994,2025-02-12,21750.0,3860.0,8700.0,2230.0,0
5403,2470,2025-08-27,28100.0,6340.0,11240.0,2520.0,300000
5404,1947,2026-01-24,28420.0,2880.0,11370.0,4040.0,50000
5405,3810,2026-06-12,35080.0,5110.0,14030.0,3130.0,300000
5406,6159,2025-07-09,24120.0,4090.0,9650.0,2750.0,300000
5407,2784,2025-05-07,30660.0,3460.0,12260.0,3580.0,50000
5408,3645,2026-02-28,35070.0,7560.0,14030.0,3200.0,0
5409,5242,2025-06-17,19330.0,4220.0,7730.0,2100.0,0
5410,6421,2025-12-24,25220.0,6010.0,10090.0,3010.0,300000
5411,5678,2026-04-25,20370.0,5750.0,8150.0,1820.0,50000
5412,2501,2026-07-20,68530.0,5320.0,27410.0,3060.0,0
5413,7558,2024-12-12,47290.0,8920.0,18920.0,0.0,50000
5414,7462,2025-04-20,27480.0,5860.0,10990.0,4130.0,0
5415,3646,2025-11-08,18990.0,3070.0,7590.0,2150.0,50000
5416,2646,2024-09-06,37900.0,6570.0,15160.0,4170.0,0
5417,6590,2026-06-16,34750.0,2980.0,13900.0,4500.0,0
5418,6354,2026-07-17,36660.0,3300.0,14670.0,4190.0,150000
5419,7758,2026-06-22,21010.0,2500.0,8400.0,2310.0,150000
5420,6858,2026-01-18,26530.0,5130.0,10610.0,3400.0,0
5421,2350,2026-07-25,35620.0,3730.0,14250.0,3760.0,0
5422,1933,2025-08-07,31880.0,2610.0,12750.0,4330.0,50000
5423,3295,2026-01-18,30520.0,3050.0,12210.0,3120.0,50000
5424,1758,2025-03-15,21690.0,3300.0,8680.0,2230.0,150000
5425,6147,2025-08-22,10710.0,1630.0,4290.0,1660.0,150000
5426,5086,2026-06-27,29490.0,5240.0,11800.0,2820.0,0
5427,5638,2026-07-08,22410.0,3540.0,8960.0,2860.0,0
5428,1117,2024-11-17,32060.0,6660.0,12820.0,4020.0,0
5429,2568,2026-07-12,34520.0,3010.0,13810.0,2960.0,0
5430,3500,2025-07-10,14990.0,2850.0,6000.0,2020.0,0
5431,493,2026-04-24,26500.0,5010.0,10600.0,2650.0,50000
5432,3307,2025-09-15,27640.0,6000.0,11050.0,3580.0,0
5433,620,2025-10-08,21150.0,2740.0,8460.0,2230.0,0
5434,3233,2025-01-13,32250.0,6390.0,12900.0,2460.0,0
5435,7889,2025-11-23,46320.0,4130.0,18530.0,5660.0,0
5436,3824,2026-07-01,39120.0,5650.0,15650.0,4940.0,300000
5437,6475,2026-05-23,28350.0,7260.0,11340.0,2160.0,0
5438,2381,2026-05-25,21990.0,3650.0,8800.0,2380.0,0
5439,6194,2025-02-06,25690.0,4230.0,10280.0,3230.0,50000
5440,1547,2025-05-07,26110.0,3550.0,10440.0,2750.0,50000
5441,4959,2025-11-30,19700.0,4120.0,7880.0,2140.0,50000
5442,5788,2026-04-16,18390.0,3500.0,7350.0,1840.0,0
5443,3564,2025-08-27,38250.0,5050.0,15300.0,3780.0,300000
5444,1606,2026-03-09,26460.0,5150.0,10580.0,2860.0,150000
5445,3753,2026-01-14,42010.0,5400.0,16800.0,4500.0,0
5446,6416,2026-01-05,17520.0,1880.0,7010.0,1150.0,50000
5447,4676,2026-04-24,18250.0,4430.0,7300.0,2020.0,0
5448,1891,2024-10-23,19820.0,3800.0,7930.0,1950.0,50000
5449,1276,2024-09-04,18220.0,1930.0,7290.0,2180.0,150000
5450,6704,2025-10-21,11660.0,1730.0,4660.0,1250.0,0
5451,2744,2025-03-14,16340.0,2740.0,6530.0,1690.0,150000
5452,5952,2025-10-23,19220.0,2370.0,7690.0,2690.0,50000
5453,7867,2026-05-22,17250.0,2050.0,6900.0,2060.0,0
5454,7258,2024-10-09,34580.0,6400.0,13830.0,4560.0,0
5455,2494,2024-10-05,24360.0,7510.0,9740.0,4060.0,0
5456,7161,2025-02-21,22530.0,3160.0,9010.0,2180.0,0
5457,5452,2024-10-02,26530.0,3020.0,10610.0,3780.0,300000
5458,5259,2026-05-09,24190.0,5700.0,9680.0,3300.0,0
5459,357,2024-09-07,33220.0,4180.0,13290.0,4710.0,0
5460,5721,2024-11-12,25010.0,1680.0,10000.0,1340.0,0
5461,6418,2025-05-29,32200.0,2900.0,12880.0,3440.0,0
5462,7187,2024-10-29,17770.0,3300.0,7110.0,1950.0,0
5463,6103,2026-01-19,29040.0,3320.0,11620.0,3000.0,150000
5464,6455,2026-02-28,34390.0,4870.0,13760.0,5170.0,0
5465,870,2026-05-26,25160.0,5200.0,10060.0,1870.0,300000
5466,886,2025-04-19,18200.0,2390.0,7280.0,2240.0,150000
5467,2002,2025-06-18,45750.0,8720.0,18300.0,4630.0,50000
5468,6298,2024-10-14,13260.0,2220.0,5300.0,1500.0,150000
5469,5510,2025-06-17,31700.0,6600.0,12680.0,4540.0,0
5470,1284,2024-09-08,13610.0,3250.0,5440.0,1500.0,0
5471,620,2026-08-04,21150.0,3960.0,8460.0,2230.0,0
5472,883,2026-05-18,37480.0,7080.0,14990.0,3840.0,300000
5473,797,2025-05-22,22980.0,4540.0,9190.0,3020.0,50000
5474,3643,2026-08-05,16510.0,2150.0,6600.0,1660.0,0
5475,6269,2025-01-01,21010.0,5810.0,8400.0,2330.0,0
5476,3426,2026-01-17,21550.0,3200.0,8620.0,2590.0,150000
5477,1297,2025-11-16,20480.0,5120.0,8190.0,2360.0,0
5478,4715,2026-04-30,38540.0,7420.0,15410.0,5020.0,0
5479,5931,2025-08-01,19400.0,2850.0,7760.0,2360.0,150000
5480,245,2024-11-03,14960.0,2080.0,5980.0,1740.0,0
5481,2896,2025-08-05,13930.0,2810.0,5570.0,1570.0,0
5482,6594,2026-07-17,9720.0,2820.0,3890.0,1320.0,50000
5483,930,2024-12-12,18380.0,3090.0,7350.0,1890.0,0
5484,5367,2025-09-16,60900.0,7440.0,24360.0,5220.0,300000
5485,520,2025-04-15,18360.0,2830.0,7340.0,970.0,0
5486,3213,2026-07-16,25220.0,3950.0,10090.0,2020.0,50000
5487,2410,2025-12-02,24120.0,3120.0,9650.0,2090.0,50000
5488,8,2025-09-13,21170.0,5400.0,8470.0,2860.0,50000
5489,2526,2026-05-15,16990.0,1940.0,6800.0,1540.0,0
5490,3424,2024-10-02,30740.0,6180.0,12290.0,4010.0,0
5491,2020,2025-04-27,29650.0,5760.0,11860.0,3020.0,0
5492,4591,2024-11-21,24060.0,4890.0,9620.0,2510.0,0
5493,5726,2025-10-26,25910.0,5600.0,10370.0,2790.0,300000
5494,6977,2024-10-03,26630.0,3860.0,10650.0,3770.0,150000
5495,7595,2026-04-06,38450.0,5550.0,15380.0,4100.0,0
5496,5159,2026-01-05,32460.0,5190.0,12980.0,4260.0,0
5497,6737,2026-03-28,20370.0,3510.0,8150.0,2420.0,0
5498,4283,2026-03-25,24100.0,3740.0,9640.0,2810.0,50000
5499,3668,2024-10-11,30990.0,5020.0,12400.0,3620.0,50000
5500,3672,2025-08-19,29660.0,4280.0,11860.0,3660.0,0
5501,2802,2026-08-08,30980.0,3030.0,12390.0,3110.0,0
5502,5974,2025-05-17,35130.0,4620.0,14050.0,3700.0,0
5503,6237,2025-12-16,21390.0,2390.0,8560.0,1860.0,0
5504,86,2025-06-18,25750.0,4740.0,10300.0,2730.0,300000
5505,3116,2025-05-22,16810.0,3570.0,6720.0,2120.0,150000
5506,4233,2025-08-08,24390.0,4370.0,9760.0,2550.0,50000
5507,2469,2025-07-05,9420.0,2370.0,3770.0,990.0,50000
5508,6218,2025-12-14,21730.0,4940.0,8690.0,2860.0,0
5509,3620,2024-08-20,21270.0,2330.0,8510.0,1340.0,150000
5510,1637,2026-06-08,36450.0,6080.0,14580.0,4060.0,0
5511,3584,2025-03-26,33400.0,4750.0,13360.0,3420.0,0
5512,7324,2026-05-30,37590.0,3160.0,15040.0,4920.0,0
5513,4010,2026-06-15,27760.0,3370.0,11100.0,3020.0,300000
5514,3327,2025-06-24,16690.0,3690.0,6680.0,1240.0,300000
5515,2219,2026-02-17,23360.0,4160.0,9340.0,3020.0,0
5516,5848,2025-05-24,11160.0,1920.0,4470.0,1250.0,0
5517,2218,2026-06-05,19600.0,3590.0,7840.0,2200.0,0
5518,5884,2024-10-21,14220.0,3540.0,5690.0,1430.0,150000
5519,4968,2025-05-07,34690.0,6270.0,13880.0,3590.0,300000
5520,2370,2025-03-17,30270.0,5860.0,12110.0,4140.0,300000
5521,3639,2026-07-24,9030.0,1080.0,3610.0,1110.0,300000
5522,2504,2026-08-04,34700.0,4320.0,13880.0,3960.0,300000
5523,944,2025-04-07,9560.0,1170.0,3820.0,1420.0,0
5524,5723,2026-03-02,13580.0,1680.0,5430.0,1510.0,0
5525,2838,2024-11-28,22680.0,2980.0,9070.0,1980.0,0
5526,2661,2026-07-22,16950.0,1980.0,6780.0,1840.0,0
5527,7323,2026-08-05,29510.0,6140.0,11800.0,2380.0,150000
5528,2937,2026-03-03,15330.0,2150.0,6130.0,2020.0,300000
5529,4445,2025-06-15,30590.0,4900.0,12240.0,3500.0,0
5530,7619,2026-07-10,17840.0,1960.0,7130.0,2690.0,150000
5531,3948,2026-03-18,16490.0,2150.0,6590.0,1420.0,150000
5532,1677,2025-10-09,29510.0,9480.0,11800.0,2480.0,0
5533,1197,2026-06-07,28280.0,4110.0,11310.0,2850.0,0
5534,4106,2025-06-15,29850.0,8580.0,11940.0,3420.0,150000
5535,2788,2025-06-27,37780.0,4000.0,15110.0,4720.0,50000
5536,7433,2026-03-16,9520.0,1960.0,3810.0,1020.0,150000
5537,1462,2026-04-07,33020.0,6900.0,13210.0,3070.0,0
5538,7928,2024-09-25,16010.0,3080.0,6400.0,1370.0,50000
5539,3319,2025-07-26,24040.0,4830.0,9620.0,2260.0,50000
5540,667,2024-12-24,26910.0,6400.0,10760.0,2950.0,50000
5541,6690,2026-03-31,29550.0,3630.0,11820.0,3460.0,0
5542,5619,2024-11-14,13440.0,2610.0,5380.0,1320.0,50000
5543,2177,2026-04-11,35970.0,6900.0,14390.0,5220.0,300000
5544,3744,2024-08-27,13730.0,5260.0,5490.0,2120.0,150000
5545,601,2024-11-10,26300.0,3660.0,10520.0,2820.0,50000
5546,2653,2025-02-13,24050.0,4730.0,9620.0,3500.0,150000
5547,4423,2025-10-24,24580.0,2160.0,9830.0,1380.0,300000
5548,3825,2026-01-19,33740.0,8280.0,13500.0,4580.0,150000
5549,3907,2025-06-24,25100.0,5090.0,10040.0,4060.0,0
5550,980,2025-12-22,19820.0,2170.0,7930.0,2530.0,0
5551,2452,2025-03-19,29650.0,3310.0,11860.0,3820.0,300000
5552,629,2025-10-06,34460.0,6030.0,13790.0,2200.0,0
5553,1630,2026-05-20,31100.0,3880.0,12440.0,3610.0,0
5554,7843,2025-08-05,17970.0,2860.0,7190.0,1820.0,50000
5555,7779,2025-01-20,26180.0,7190.0,10470.0,3480.0,0
5556,3697,2025-02-06,43620.0,5060.0,17450.0,5770.0,0
5557,3431,2024-10-27,18400.0,3310.0,7360.0,2060.0,300000
5558,3675,2025-02-09,25420.0,6430.0,10170.0,2890.0,0
5559,3930,2026-05-21,12030.0,4270.0,4810.0,0.0,0
5560,2766,2024-10-11,29690.0,3240.0,11880.0,3210.0,0
5561,7185,2025-05-06,15310.0,2890.0,6120.0,1910.0,150000
5562,4370,2026-02-19,29420.0,4250.0,11770.0,3240.0,0
5563,4781,2026-05-11,30160.0,6800.0,12060.0,3860.0,0
5564,116,2024-09-27,17390.0,2820.0,6950.0,2670.0,50000
5565,4957,2025-09-16,20280.0,4420.0,8110.0,2430.0,0
5566,2004,2024-08-27,10750.0,1250.0,4300.0,680.0,50000
5567,693,2026-01-03,14010.0,1960.0,5610.0,1500.0,0
5568,3163,2025-07-30,20840.0,3350.0,8330.0,2440.0,0
5569,1106,2025-03-30,37960.0,7060.0,15180.0,3540.0,150000
5570,6468,2026-06-21,24290.0,2610.0,9710.0,2820.0,50000
5571,3009,2025-08-22,36850.0,6990.0,14740.0,4030.0,50000
5572,2162,2026-02-18,15960.0,3540.0,6380.0,1940.0,150000
5573,5889,2026-08-14,27960.0,4220.0,11180.0,3830.0,50000
5574,7226,2025-05-21,36290.0,4000.0,14520.0,4650.0,0
5575,154,2025-12-31,17280.0,4050.0,6910.0,1820.0,300000
5576,5997,2026-01-16,37640.0,7440.0,15050.0,4580.0,50000
5577,5524,2025-03-18,31930.0,5940.0,12770.0,4460.0,150000
5578,3700,2025-02-03,30120.0,3700.0,12050.0,3670.0,0
5579,5386,2024-12-08,7990.0,760.0,3200.0,880.0,0
5580,4411,2024-11-14,21630.0,2600.0,8650.0,1490.0,150000
5581,3787,2025-01-09,24800.0,4380.0,9920.0,1790.0,300000
5582,1065,2024-09-20,19460.0,3220.0,7790.0,1940.0,0
5583,4201,2026-03-18,11910.0,1630.0,4760.0,1390.0,150000
5584,6021,2026-03-22,19020.0,5420.0,7610.0,2160.0,0
5585,1914,2024-11-20,30830.0,5130.0,12330.0,2990.0,0
5586,1217,2025-10-09,27660.0,7250.0,11060.0,2600.0,0
5587,5521,2025-11-29,23720.0,4360.0,9490.0,2300.0,0
5588,7446,2025-12-06,14920.0,1910.0,5970.0,1970.0,0
5589,2402,2025-03-05,18060.0,2120.0,7230.0,2800.0,150000
5590,7160,2025-02-15,27140.0,3070.0,10860.0,3180.0,50000
5591,1773,2025-07-14,22380.0,3900.0,8950.0,2880.0,150000
5592,1961,2025-02-05,23080.0,3320.0,9230.0,2540.0,0
5593,2781,2025-01-10,31560.0,5940.0,12620.0,3580.0,150000
5594,5700,2025-10-02,22370.0,4890.0,8950.0,2670.0,0
5595,4805,2026-07-25,40310.0,4140.0,16120.0,3520.0,50000
5596,7424,2025-02-19,16690.0,4160.0,6680.0,2140.0,150000
5597,4747,2024-12-14,25440.0,4070.0,10180.0,3100.0,0
5598,2872,2025-07-26,16810.0,3310.0,6730.0,1290.0,0
5599,5043,2024-10-11,30260.0,3500.0,12100.0,2690.0,0
5600,661,2026-03-24,17260.0,2610.0,6900.0,2680.0,0
5601,6243,2025-10-28,24900.0,4740.0,9960.0,2210.0,150000
5602,2636,2026-06-15,30180.0,4790.0,12070.0,3120.0,50000
5603,2330,2026-01-21,35980.0,8070.0,14390.0,4380.0,0
5604,3955,2025-04-05,27000.0,3000.0,10800.0,2450.0,50000
5605,2451,2025-11-30,22030.0,4700.0,8810.0,2180.0,0
5606,1133,2026-03-22,22350.0,3500.0,8940.0,1920.0,300000
5607,700,2025-08-05,41470.0,7180.0,16590.0,5980.0,0
5608,6343,2026-04-12,26440.0,3050.0,10580.0,3470.0,150000
5609,7471,2026-06-18,14370.0,2390.0,5750.0,1360.0,0
5610,2039,2025-04-11,19410.0,3450.0,7760.0,2060.0,50000
5611,6471,2026-07-06,19760.0,1940.0,7910.0,1870.0,0
5612,6298,2026-08-06,13260.0,3400.0,5300.0,1500.0,0
5613,4648,2025-05-23,45240.0,6650.0,18100.0,0.0,300000
5614,7813,2025-12-23,35200.0,6730.0,14080.0,3070.0,0
5615,4501,2025-07-01,32470.0,6160.0,12990.0,4660.0,0
5616,4558,2025-07-12,21910.0,5180.0,8770.0,2180.0,150000
5617,2180,2026-08-13,34710.0,4160.0,13880.0,3190.0,0
5618,2839,2025-06-14,32760.0,3260.0,13100.0,3810.0,0
5619,874,2025-08-08,38720.0,6130.0,15490.0,4460.0,150000
5620,84,2024-12-04,18830.0,2320.0,7530.0,2270.0,50000
5621,1423,2025-01-18,28780.0,6200.0,11510.0,2880.0,0
5622,6898,2026-02-04,25130.0,4240.0,10050.0,2830.0,0
5623,2676,2025-06-10,25380.0,4120.0,10150.0,2700.0,300000
5624,3181,2026-04-09,23220.0,3810.0,9290.0,2740.0,50000
5625,4317,2025-10-03,33230.0,5150.0,13290.0,3180.0,0
5626,3976,2025-02-26,27140.0,4690.0,10860.0,2780.0,300000
5627,6697,2025-04-15,11580.0,1450.0,4630.0,1560.0,0
5628,1392,2025-10-26,16710.0,3390.0,6680.0,1420.0,50000
5629,3219,2025-04-25,23630.0,4790.0,9450.0,1840.0,300000
5630,4208,2026-01-02,22930.0,4160.0,9170.0,1990.0,300000
5631,615,2026-04-22,17030.0,1940.0,6810.0,1700.0,300000
5632,5678,2025-10-28,20370.0,3820.0,8150.0,1820.0,300000
5633,2972,2026-04-22,14340.0,4510.0,5730.0,1980.0,50000
5634,3566,2024-09-06,18480.0,3020.0,7390.0,2140.0,0
5635,3577,2026-04-26,33190.0,6120.0,13270.0,3920.0,0
5636,4571,2025-02-04,25520.0,2000.0,10210.0,3080.0,0
5637,6980,2025-06-23,18290.0,3510.0,7310.0,2700.0,50000
5638,6010,2025-10-20,24960.0,4190.0,9980.0,2190.0,300000
5639,271,2025-11-27,20950.0,3810.0,8380.0,2480.0,300000
5640,4067,2025-06-11,33570.0,3970.0,13430.0,3620.0,0
5641,2469,2025-07-02,9420.0,2760.0,3770.0,990.0,150000
5642,6017,2026-06-29,21710.0,1900.0,8680.0,1500.0,0
5643,6851,2026-07-29,17430.0,3370.0,6970.0,2550.0,0
5644,1391,2026-06-08,17270.0,4750.0,6910.0,2400.0,50000
5645,7448,2024-10-09,24020.0,3080.0,9610.0,2890.0,0
5646,3355,2026-04-22,30630.0,3980.0,12250.0,3750.0,50000
5647,4136,2025-11-05,33540.0,6660.0,13420.0,3500.0,150000
5648,6079,2025-11-23,17080.0,4960.0,6830.0,2200.0,0
5649,6333,2026-04-09,18620.0,2790.0,7450.0,2010.0,0
5650,7332,2024-10-24,16630.0,2500.0,6650.0,2060.0,50000
5651,5090,2024-09-17,27780.0,5840.0,11110.0,4130.0,50000
5652,6109,2025-04-22,31590.0,3700.0,12640.0,3790.0,0
5653,3608,2024-12-26,32430.0,3980.0,12970.0,3490.0,50000
5654,2584,2025-09-27,8510.0,1270.0,3400.0,820.0,0
5655,4074,2025-02-12,39410.0,6980.0,15760.0,4380.0,0
5656,3076,2026-01-24,17930.0,2150.0,7170.0,1860.0,50000
5657,3907,2026-06-22,25100.0,3900.0,10040.0,4060.0,0
5658,290,2024-12-28,26540.0,3900.0,10620.0,2840.0,0
5659,2481,2025-04-18,18540.0,4050.0,7420.0,2290.0,0
5660,6615,2026-01-28,25110.0,5500.0,10040.0,2620.0,150000
5661,3253,2025-05-20,15620.0,3740.0,6250.0,1980.0,0
5662,7416,2025-10-02,30650.0,5540.0,12260.0,2680.0,150000
5663,6772,2026-06-03,21650.0,6150.0,8660.0,2200.0,300000
5664,279,2025-04-08,26820.0,4220.0,10730.0,2070.0,0
5665,2925,2024-10-13,48080.0,9850.0,19230.0,4160.0,0
5666,581,2026-04-28,20920.0,3980.0,8370.0,2500.0,50000
5667,4959,2024-10-14,19700.0,3540.0,7880.0,2140.0,0
5668,254,2024-09-28,26140.0,3470.0,10460.0,2720.0,0
5669,4277,2026-04-14,31120.0,5590.0,12450.0,2940.0,0
5670,7998,2025-04-28,35540.0,7330.0,14220.0,3800.0,0
5671,4777,2025-04-05,18420.0,2420.0,7370.0,2180.0,50000
5672,825,2024-10-26,34340.0,5790.0,13740.0,3340.0,0
5673,7677,2025-08-30,31820.0,3590.0,12730.0,4740.0,0
5674,3833,2026-07-01,30540.0,5860.0,12210.0,3030.0,150000
5675,700,2024-12-21,41470.0,5610.0,16590.0,5980.0,300000
5676,6710,2025-06-18,11350.0,3260.0,4540.0,1320.0,300000
5677,5446,2025-11-11,22620.0,4000.0,9050.0,2190.0,50000
5678,1381,2025-01-09,37460.0,3800.0,14980.0,4220.0,150000
5679,3897,2026-02-27,34900.0,3220.0,13960.0,3510.0,150000
5680,1674,2025-08-27,34700.0,3580.0,13880.0,3590.0,300000
5681,2728,2025-02-02,42380.0,6310.0,16950.0,4900.0,0
5682,6535,2025-03-07,26390.0,3620.0,10560.0,2990.0,0
5683,5735,2026-05-20,33970.0,7920.0,13590.0,3740.0,0
5684,6054,2026-06-26,21190.0,3470.0,8480.0,2790.0,50000
5685,3157,2025-05-28,21030.0,5560.0,8410.0,2130.0,300000
5686,3389,2024-09-22,22960.0,3420.0,9180.0,3180.0,0
5687,4308,2024-12-06,22680.0,2830.0,9070.0,2660.0,150000
5688,5635,2024-09-12,31900.0,5660.0,12760.0,2410.0,150000
5689,384,2026-06-17,21180.0,3630.0,8470.0,2310.0,0
5690,5811,2025-09-22,14660.0,5210.0,5870.0,1740.0,0
5691,342,2024-11-30,38410.0,9220.0,15360.0,5070.0,150000
5692,5935,2025-04-07,22520.0,2640.0,9010.0,2180.0,0
5693,1988,2025-05-23,18180.0,2820.0,7270.0,1780.0,0
5694,4060,2025-12-27,20500.0,1730.0,8200.0,2870.0,0
5695,4940,2025-12-30,41030.0,5030.0,16410.0,5000.0,0
5696,3110,2024-10-13,33100.0,2790.0,13240.0,3350.0,300000
5697,4083,2025-01-06,20160.0,4490.0,8060.0,1640.0,0
5698,5631,2025-08-23,35860.0,3920.0,14340.0,4680.0,300000
5699,4516,2025-05-19,26960.0,3590.0,10790.0,2900.0,50000
5700,2799,2025-05-05,18290.0,1670.0,7320.0,1980.0,0
5701,3241,2025-06-08,19270.0,3720.0,7710.0,2240.0,150000
5702,1989,2025-03-15,25420.0,2750.0,10170.0,2530.0,0
5703,6029,2024-09-15,22170.0,2520.0,8870.0,2760.0,300000
5704,3415,2025-03-25,42430.0,8700.0,16970.0,4660.0,0
5705,1850,2025-08-30,35710.0,8170.0,14280.0,4270.0,0
5706,306,2026-06-19,12220.0,1760.0,4890.0,1500.0,0
5707,3614,2026-05-27,27070.0,4940.0,10830.0,1740.0,300000
5708,2750,2025-09-09,37940.0,8910.0,15180.0,4630.0,300000
5709,4965,2026-03-26,22320.0,4230.0,8930.0,2770.0,0
5710,6681,2025-10-28,23030.0,1890.0,9210.0,2220.0,0
5711,1136,2024-10-17,13790.0,3720.0,5520.0,1410.0,150000
5712,5531,2025-07-26,24480.0,5970.0,9790.0,2580.0,0
5713,206,2024-08-23,28680.0,4610.0,11470.0,2940.0,300000
5714,7353,2026-03-02,33200.0,4150.0,13280.0,3580.0,0
5715,7550,2026-05-31,35480.0,4210.0,14190.0,5070.0,0
5716,4592,2025-06-21,31250.0,6170.0,12500.0,3750.0,0
5717,3451,2026-06-27,17860.0,3810.0,7140.0,1540.0,300000
5718,7215,2025-02-20,24520.0,4550.0,9810.0,2300.0,0
5719,6006,2026-01-15,18010.0,2210.0,7210.0,1400.0,0
5720,3812,2026-02-08,33350.0,4700.0,13340.0,3590.0,0
5721,3623,2026-08-09,29420.0,3750.0,11770.0,2780.0,0
5722,3600,2026-07-14,18520.0,4300.0,7410.0,2420.0,0
5723,2552,2025-06-27,21820.0,4600.0,8730.0,2360.0,300000
5724,5142,2026-06-21,12320.0,2740.0,4930.0,1430.0,0
5725,4309,2025-07-07,19860.0,4830.0,7940.0,2460.0,300000
5726,310,2024-09-07,30080.0,3400.0,12030.0,2450.0,50000
5727,2709,2024-10-16,21760.0,4770.0,8700.0,2140.0,0
5728,1992,2025-01-23,28850.0,4540.0,11540.0,3450.0,300000
5729,6897,2025-04-05,21180.0,3620.0,8470.0,2100.0,0
5730,272,2024-12-04,22340.0,4510.0,8940.0,3070.0,300000
5731,3643,2024-08-25,16510.0,2810.0,6600.0,1660.0,0
5732,4087,2025-06-22,19750.0,5110.0,7900.0,2080.0,50000
5733,1823,2025-05-09,23120.0,7010.0,9250.0,2650.0,0
5734,7082,2025-06-02,19600.0,4000.0,7840.0,2270.0,150000
5735,3274,2024-11-03,11480.0,2510.0,4590.0,1100.0,0
5736,6176,2025-06-10,19370.0,4400.0,7750.0,1750.0,0
5737,4539,2025-12-03,33210.0,4320.0,13280.0,3440.0,50000
5738,6306,2024-12-30,29480.0,5700.0,11790.0,3390.0,50000
5739,6911,2026-01-01,43860.0,4910.0,17550.0,5810.0,150000
5740,4350,2025-04-18,25830.0,4710.0,10330.0,2840.0,0
5741,521,2025-09-23,21120.0,2370.0,8450.0,2580.0,50000
5742,977,2025-05-06,34090.0,6830.0,13640.0,3900.0,0
5743,3723,2025-09-20,23580.0,4200.0,9430.0,2460.0,300000
5744,3552,2024-12-26,12150.0,1510.0,4860.0,1140.0,300000
5745,4106,2024-10-31,29850.0,4860.0,11940.0,3420.0,300000
5746,2774,2024-12-22,10520.0,1530.0,4210.0,1340.0,0
5747,2553,2025-08-28,10920.0,2240.0,4370.0,1430.0,300000
5748,2833,2026-07-18,17590.0,2870.0,7040.0,1470.0,0
5749,3908,2025-09-10,30560.0,5210.0,12220.0,3170.0,300000
5750,5680,2025-01-18,32480.0,2940.0,12990.0,4160.0,0
5751,6580,2025-04-10,18230.0,4210.0,7290.0,1700.0,0
5752,5231,2025-02-18,24940.0,5530.0,9980.0,3250.0,300000
5753,153,2024-11-01,21150.0,5340.0,8460.0,2550.0,0
5754,5755,2025-02-13,29770.0,3100.0,11910.0,3460.0,0
5755,2965,2024-10-27,33590.0,6640.0,13440.0,2920.0,0
5756,2917,2026-06-21,12100.0,3320.0,4840.0,1270.0,0
5757,7270,2025-10-14,28790.0,6100.0,11520.0,3090.0,300000
5758,2801,2024-12-27,13810.0,1690.0,5520.0,1510.0,300000
5759,5953,2026-05-27,22150.0,2910.0,8860.0,2180.0,150000
5760,5311,2025-07-22,34630.0,5070.0,13850.0,4480.0,0
5761,1753,2025-02-04,33390.0,7460.0,13350.0,3790.0,300000
5762,2611,2025-01-06,21810.0,2830.0,8720.0,3070.0,150000
5763,3876,2024-12-05,16560.0,4170.0,6620.0,1340.0,0
5764,1105,2026-06-06,13750.0,1660.0,5500.0,1580.0,0
5765,2537,2026-03-28,29060.0,6220.0,11620.0,3880.0,0
5766,4991,2025-05-05,26780.0,3680.0,10710.0,3160.0,150000
5767,5208,2024-10-24,38840.0,5800.0,15540.0,4930.0,50000
5768,7362,2026-07-07,23830.0,3170.0,9530.0,3020.0,0
5769,4200,2025-02-27,26470.0,3570.0,10590.0,2980.0,50000
5770,3855,2025-01-29,17490.0,3510.0,7000.0,2130.0,50000
5771,7264,2025-09-19,44120.0,8070.0,17650.0,4930.0,50000
5772,3495,2025-03-19,19750.0,2760.0,7900.0,2330.0,0
5773,1915,2025-01-27,21140.0,2430.0,8460.0,2800.0,0
5774,7366,2024-09-12,24280.0,4980.0,9710.0,2540.0,50000
5775,3073,2024-09-14,12530.0,1890.0,5010.0,1550.0,0
5776,1007,2025-04-12,37300.0,7140.0,14920.0,4840.0,150000
5777,407,2024-09-21,9820.0,1270.0,3930.0,930.0,0
5778,5498,2025-07-12,10690.0,2500.0,4280.0,1600.0,150000
5779,167,2025-03-21,39080.0,8600.0,15630.0,4470.0,0
5780,509,2026-03-21,19910.0,2340.0,7960.0,2540.0,50000
5781,1662,2025-07-03,18940.0,3370.0,7570.0,2200.0,0
5782,6457,2024-10-22,22910.0,4200.0,9170.0,2480.0,0
5783,3665,2024-11-06,11830.0,1160.0,4730.0,1040.0,0
5784,3490,2025-01-26,24220.0,4610.0,9690.0,3340.0,0
5785,4859,2025-10-05,14530.0,3020.0,5810.0,1510.0,0
5786,681,2024-10-07,26570.0,2860.0,10630.0,3450.0,0
5787,2525,2026-07-19,48150.0,7440.0,19260.0,4670.0,50000
5788,2121,2026-07-29,13690.0,4010.0,5480.0,1860.0,0
5789,5261,2026-08-04,32460.0,6260.0,12990.0,2990.0,0
5790,4678,2026-04-13,50750.0,7480.0,20300.0,5580.0,0
5791,4358,2026-01-08,26840.0,5290.0,10740.0,2380.0,0
5792,1364,2025-07-30,17360.0,1380.0,6940.0,2050.0,300000
5793,1332,2025-08-25,14300.0,2290.0,5720.0,1060.0,300000
5794,2293,2025-07-30,9030.0,1210.0,3610.0,650.0,50000
5795,1539,2024-10-20,31800.0,2970.0,12720.0,3770.0,0
5796,3409,2025-07-15,20810.0,4970.0,8320.0,2690.0,0
5797,7743,2025-11-07,41060.0,4260.0,16430.0,4460.0,150000
5798,561,2025-11-01,41740.0,4280.0,16700.0,3710.0,0
5799,1100,2025-08-11,26760.0,4130.0,10700.0,3640.0,0
5800,1904,2026-03-18,25910.0,4290.0,10360.0,3280.0,0
5801,175,2024-10-20,28300.0,4880.0,11320.0,3470.0,0
5802,2157,2026-04-14,23270.0,4760.0,9310.0,2670.0,0
5803,2231,2026-01-15,13010.0,4100.0,5200.0,1330.0,300000
5804,4288,2025-09-16,38590.0,5310.0,15430.0,4450.0,0
5805,4161,2025-01-13,23430.0,2670.0,9370.0,1900.0,0
5806,3921,2025-02-09,18930.0,2280.0,7570.0,1820.0,150000
5807,7107,2025-01-20,24550.0,3050.0,9820.0,2820.0,0
5808,1498,2025-06-24,25950.0,4790.0,10380.0,2430.0,0
5809,3855,2025-04-28,17490.0,3500.0,7000.0,2130.0,0
5810,3172,2025-12-11,26230.0,4150.0,10490.0,4060.0,150000
5811,1568,2026-06-24,26220.0,3340.0,10490.0,2580.0,300000
5812,7008,2026-03-25,20380.0,5320.0,8150.0,1960.0,50000
5813,1152,2026-03-05,20750.0,3020.0,8300.0,2160.0,0
5814,7620,2024-10-08,39180.0,9370.0,15670.0,3600.0,300000
5815,6034,2025-05-06,23750.0,2780.0,9500.0,3080.0,300000
5816,369,2024-11-22,14680.0,1520.0,5870.0,1620.0,0
5817,4947,2024-11-28,46550.0,4160.0,18620.0,7070.0,150000
5818,43,2026-01-11,28940.0,6910.0,11580.0,2430.0,0
5819,1908,2024-12-09,32420.0,5330.0,12970.0,3100.0,0
5820,3491,2024-11-21,12070.0,2540.0,4830.0,1270.0,0
5821,2536,2026-04-25,18270.0,1850.0,7310.0,2400.0,0
5822,4174,2025-11-15,12060.0,2030.0,4830.0,1250.0,0
5823,2874,2024-10-30,19840.0,1710.0,7940.0,1610.0,50000
5824,1825,2025-08-12,43210.0,9390.0,17280.0,4700.0,300000
5825,1294,2026-07-15,26940.0,4530.0,10770.0,2870.0,50000
5826,4770,2024-09-08,20780.0,4040.0,8310.0,2220.0,0
5827,4797,2024-10-21,40960.0,5230.0,16390.0,3420.0,0
5828,4855,2024-12-22,10610.0,1840.0,4240.0,940.0,50000
5829,6020,2024-09-21,37540.0,4090.0,15020.0,4540.0,150000
5830,6872,2025-04-27,21230.0,4860.0,8490.0,2490.0,300000
5831,3387,2026-01-31,28860.0,8270.0,11550.0,4220.0,0
5832,2973,2026-05-04,32240.0,3550.0,12900.0,3620.0,0
5833,3923,2026-01-06,42430.0,6570.0,16970.0,4430.0,300000
5834,4998,2025-07-16,10440.0,3270.0,4180.0,0.0,150000
5835,7033,2025-12-07,31270.0,6510.0,12510.0,4980.0,0
5836,993,2025-03-04,29970.0,3490.0,11990.0,4180.0,50000
5837,5288,2025-09-23,21490.0,3880.0,8600.0,1790.0,300000
5838,2387,2025-10-28,26000.0,4840.0,10400.0,1980.0,0
5839,2241,2025-02-15,18110.0,2510.0,7240.0,2430.0,0
5840,1477,2026-01-15,30550.0,5900.0,12220.0,3410.0,300000
5841,6427,2024-11-11,15410.0,3250.0,6160.0,1900.0,0
5842,3408,2025-10-04,44480.0,6070.0,17790.0,5110.0,50000
5843,390,2025-10-11,27170.0,3370.0,10870.0,3260.0,0
5844,1000,2025-09-25,11060.0,1900.0,4420.0,900.0,0
5845,4621,2025-05-10,15380.0,1980.0,6150.0,1500.0,0
5846,7408,2024-09-12,27270.0,5210.0,10910.0,3580.0,0
5847,1856,2024-11-28,23030.0,3040.0,9210.0,3600.0,0
5848,5603,2025-04-12,30570.0,4940.0,12230.0,0.0,50000
5849,659,2025-06-04,18050.0,1850.0,7220.0,1660.0,300000
5850,2764,2025-02-20,13490.0,1840.0,5390.0,1740.0,0
5851,3664,2026-02-12,26210.0,6020.0,10480.0,2700.0,150000
5852,4987,2025-05-28,27950.0,2450.0,11180.0,2510.0,0
5853,7723,2025-11-24,22970.0,3710.0,9190.0,2660.0,50000
5854,1482,2025-06-04,37110.0,4890.0,14850.0,3390.0,300000
5855,7257,2026-06-09,27780.0,5290.0,11110.0,2800.0,300000
5856,3732,2026-06-16,13710.0,2740.0,5480.0,1240.0,0
5857,7263,2026-05-22,37890.0,6520.0,15150.0,4220.0,0
5858,452,2024-08-26,21070.0,4010.0,8430.0,2450.0,300000
5859,2476,2025-08-27,58700.0,4840.0,23480.0,2440.0,50000
5860,3223,2025-11-08,25520.0,4810.0,10210.0,2660.0,150000
5861,1538,2026-07-12,37230.0,7000.0,14890.0,4510.0,50000
5862,7544,2026-03-29,36170.0,4560.0,14470.0,3140.0,0
5863,3094,2024-10-08,19580.0,4600.0,7830.0,2800.0,0
5864,883,2025-08-19,37480.0,3420.0,14990.0,3840.0,50000
5865,4409,2024-12-27,27210.0,4620.0,10880.0,2810.0,50000
5866,4069,2026-07-02,19670.0,2800.0,7870.0,2460.0,0
5867,4936,2024-08-21,28590.0,3250.0,11440.0,3000.0,150000
5868,2567,2026-03-06,17160.0,2840.0,6870.0,1930.0,150000
5869,3278,2026-01-14,34940.0,4750.0,13980.0,3410.0,0
5870,375,2026-06-11,20820.0,4400.0,8330.0,2020.0,150000
5871,4547,2025-06-16,48140.0,3240.0,19260.0,4980.0,150000
5872,3698,2024-12-08,7120.0,1040.0,2850.0,890.0,150000
5873,7952,2025-09-15,16300.0,2110.0,6520.0,2040.0,0
5874,3063,2024-12-25,21120.0,4350.0,8450.0,2730.0,0
5875,4691,2026-03-03,39990.0,5920.0,15990.0,5000.0,300000
5876,3251,2025-04-16,20510.0,2790.0,8200.0,1880.0,0
5877,5330,2025-04-28,20700.0,4020.0,8280.0,1890.0,50000
5878,4596,2025-08-26,25610.0,4540.0,10240.0,2240.0,0
5879,4560,2025-04-09,25360.0,6650.0,10150.0,4170.0,150000
5880,7292,2025-01-05,30370.0,3490.0,12150.0,3730.0,0
5881,113,2024-11-21,14620.0,1680.0,5850.0,1420.0,0
5882,5132,2025-04-07,42170.0,4990.0,16870.0,4310.0,0
5883,3198,2025-03-01,29080.0,4370.0,11630.0,3060.0,0
5884,7733,2026-01-06,22750.0,2120.0,9100.0,2700.0,0
5885,2379,2024-12-09,42180.0,7400.0,16870.0,5140.0,300000
5886,1925,2024-10-02,23190.0,4630.0,9280.0,2730.0,0
5887,7451,2025-02-28,34450.0,6130.0,13780.0,3480.0,0
5888,140,2025-09-05,31780.0,4360.0,12710.0,3740.0,50000
5889,1425,2025-03-23,23730.0,4380.0,9490.0,2560.0,0
5890,2950,2026-08-04,40190.0,3590.0,16070.0,3470.0,0
5891,3169,2026-01-21,29950.0,5020.0,11980.0,3160.0,0
5892,517,2024-12-11,13270.0,2510.0,5310.0,1650.0,300000
5893,2617,2026-03-07,27940.0,6290.0,11170.0,2870.0,300000
5894,6044,2025-03-02,21380.0,2030.0,8550.0,1880.0,0
5895,6990,2026-04-06,14990.0,3020.0,6000.0,1200.0,0
5896,7237,2025-03-31,11160.0,2010.0,4460.0,1120.0,300000
5897,6262,2026-08-17,22970.0,3300.0,9190.0,2110.0,0
5898,888,2025-08-19,10470.0,1740.0,4190.0,1400.0,300000
5899,7227,2026-05-21,36630.0,3690.0,14650.0,3660.0,300000
5900,3105,2025-07-27,22280.0,4540.0,8910.0,2730.0,150000
5901,5438,2025-07-12,29260.0,3690.0,11700.0,2460.0,0
5902,50,2026-03-03,18780.0,2160.0,7510.0,1750.0,300000
5903,3952,2026-03-25,25950.0,4060.0,10380.0,3080.0,300000
5904,3561,2026-06-09,14830.0,2320.0,5930.0,1590.0,300000
5905,19,2026-05-04,11190.0,2790.0,4480.0,1420.0,0
5906,4822,2026-07-13,7170.0,1810.0,2870.0,700.0,0
5907,6341,2026-04-14,31780.0,6930.0,12710.0,2920.0,50000
5908,1474,2024-10-22,29930.0,3030.0,11970.0,3830.0,150000
5909,4062,2025-12-01,23130.0,5340.0,9250.0,2190.0,150000
5910,2607,2024-09-12,22860.0,5560.0,9140.0,3230.0,150000
5911,7847,2026-08-16,16350.0,3820.0,6540.0,1680.0,0
5912,452,2026-03-07,21070.0,2290.0,8430.0,2450.0,150000
5913,6433,2026-03-07,16290.0,3350.0,6520.0,1390.0,0
5914,5261,2025-12-03,32460.0,2900.0,12990.0,2990.0,0
5915,5204,2026-05-12,25820.0,2930.0,10330.0,2150.0,300000
5916,3766,2025-12-17,26430.0,4930.0,10570.0,4120.0,300000
5917,2439,2025-01-28,37220.0,4100.0,14890.0,2780.0,300000
5918,7759,2026-05-10,27360.0,5650.0,10940.0,2750.0,0
5919,4311,2024-09-14,17910.0,2150.0,7160.0,1980.0,50000
5920,1550,2025-03-08,18920.0,1530.0,7570.0,1830.0,300000
5921,6359,2025-09-09,18710.0,5080.0,7480.0,2170.0,0
5922,3475,2025-04-26,19210.0,3110.0,7680.0,1690.0,50000
5923,128,2026-08-03,18610.0,2120.0,7440.0,2420.0,0
5924,5942,2025-07-20,10030.0,2640.0,4010.0,1170.0,150000
5925,7645,2024-12-22,33400.0,4780.0,13360.0,4410.0,0
5926,4856,2024-09-20,13930.0,1210.0,5570.0,1980.0,0
5927,6548,2026-06-24,44090.0,4870.0,17640.0,3990.0,0
5928,7197,2026-08-15,21330.0,3130.0,8530.0,2640.0,0
5929,5912,2025-12-13,28390.0,3450.0,11360.0,2790.0,0
5930,6482,2025-04-20,33160.0,6790.0,13260.0,3710.0,300000
5931,6975,2026-07-31,31330.0,4500.0,12530.0,3810.0,0
5932,2762,2026-07-12,23330.0,2220.0,9330.0,3060.0,0
5933,4457,2025-04-08,42060.0,7410.0,16820.0,3120.0,300000
5934,4665,2025-05-13,16470.0,2450.0,6590.0,1600.0,0
5935,1416,2025-11-30,23550.0,5120.0,9420.0,2340.0,150000
5936,6362,2026-07-27,26090.0,4820.0,10440.0,3220.0,0
5937,5694,2025-02-08,23940.0,4390.0,9570.0,3380.0,150000
5938,5789,2025-01-04,19000.0,2970.0,7600.0,1830.0,0
5939,202,2025-05-20,21590.0,5350.0,8640.0,2450.0,150000
5940,6161,2024-09-23,31450.0,6990.0,12580.0,1580.0,150000
5941,2370,2026-08-13,30270.0,3880.0,12110.0,4140.0,150000
5942,518,2026-03-20,18260.0,3970.0,7300.0,2010.0,150000
5943,7738,2025-07-26,12440.0,1940.0,4980.0,1440.0,300000
5944,5445,2026-02-04,16590.0,4050.0,6640.0,1840.0,150000
5945,5532,2026-05-20,23250.0,5980.0,9300.0,2580.0,0
5946,1342,2026-01-14,31680.0,7360.0,12670.0,3540.0,150000
5947,4777,2026-02-02,18420.0,2290.0,7370.0,2180.0,0
5948,1989,2025-11-22,25420.0,3950.0,10170.0,2530.0,150000
5949,7250,2026-07-23,47110.0,5150.0,18840.0,4120.0,0
5950,3546,2026-02-07,41090.0,8300.0,16440.0,4980.0,300000
5951,5588,2026-08-04,14950.0,2200.0,5980.0,1630.0,0
5952,4521,2025-02-06,30010.0,5850.0,12000.0,2940.0,0
5953,6065,2025-03-19,17720.0,3430.0,7090.0,1730.0,0
5954,3803,2024-09-07,18340.0,5980.0,7340.0,2020.0,0
5955,5809,2025-12-16,27880.0,5870.0,11150.0,3210.0,300000
5956,3276,2026-02-19,33700.0,2710.0,13480.0,4140.0,150000
5957,3655,2026-02-24,41160.0,7810.0,16470.0,3660.0,0
5958,7163,2025-05-01,34510.0,5120.0,13800.0,4280.0,150000
5959,2435,2026-05-28,13330.0,1490.0,5330.0,1460.0,0
5960,4874,2026-01-07,34830.0,7820.0,13930.0,5460.0,150000
5961,6242,2024-10-27,40080.0,5430.0,16030.0,5500.0,0
5962,7513,2024-11-26,33870.0,4520.0,13550.0,4660.0,0
5963,5923,2024-08-26,27720.0,5440.0,11090.0,3420.0,0
5964,208,2026-03-11,20240.0,2850.0,8100.0,1500.0,0
5965,5634,2025-08-27,18770.0,3040.0,7510.0,2160.0,0
5966,5756,2026-05-20,23020.0,2680.0,9210.0,2380.0,150000
5967,7960,2026-08-02,30380.0,4240.0,12150.0,2900.0,150000
5968,2634,2025-01-25,26200.0,2820.0,10480.0,2270.0,50000
5969,6310,2026-01-21,7760.0,1160.0,3110.0,870.0,0
5970,4118,2026-05-13,34410.0,6370.0,13760.0,2520.0,50000
5971,154,2025-04-16,17280.0,2200.0,6910.0,1820.0,0
5972,6059,2024-10-05,26810.0,5020.0,10720.0,3340.0,300000
5973,7607,2026-03-04,22290.0,5790.0,8920.0,2330.0,150000
5974,3367,2025-11-28,18650.0,2900.0,7460.0,2230.0,0
5975,4315,2025-03-11,27040.0,4990.0,10820.0,3380.0,0
5976,4765,2025-12-07,27970.0,3230.0,11190.0,4280.0,0
5977,1519,2026-04-10,31970.0,4470.0,12790.0,3550.0,0
5978,6374,2025-05-04,20940.0,3890.0,8370.0,2860.0,300000
5979,6164,2026-01-30,22040.0,2930.0,8820.0,2610.0,0
5980,2601,2025-05-16,30670.0,6350.0,12270.0,3860.0,0
5981,5046,2026-04-23,20430.0,4680.0,8170.0,2730.0,300000
5982,2196,2024-12-04,25380.0,3750.0,10150.0,2340.0,0
5983,7276,2026-05-27,25380.0,4580.0,10150.0,3050.0,0
5984,4499,2026-06-17,17140.0,2100.0,6860.0,2100.0,0
5985,4692,2025-07-03,46570.0,7240.0,18630.0,4550.0,0
5986,3555,2025-12-29,22690.0,4950.0,9080.0,3300.0,0
5987,2415,2026-05-03,25710.0,3890.0,10280.0,3460.0,150000
5988,5534,2026-07-22,30130.0,4720.0,12050.0,4190.0,0
5989,7477,2026-08-14,34820.0,4410.0,13930.0,5860.0,0
5990,2850,2025-01-04,6440.0,790.0,2580.0,990.0,0
5991,7062,2026-02-23,45270.0,7430.0,18110.0,4770.0,0
5992,5254,2026-08-14,22990.0,2400.0,9200.0,2650.0,150000
5993,1743,2025-09-25,8720.0,1210.0,3490.0,1100.0,0
5994,1307,2025-07-10,29510.0,3780.0,11800.0,3280.0,0
5995,3850,2024-12-21,20260.0,5280.0,8100.0,2250.0,300000
5996,4169,2024-10-12,14900.0,3030.0,5960.0,2210.0,0
5997,4577,2025-01-09,23370.0,4680.0,9350.0,2150.0,0
5998,7520,2025-01-01,27850.0,5670.0,11140.0,3580.0,0
5999,4656,2025-08-15,21870.0,2140.0,8750.0,2340.0,150000
6000,7494,2025-01-02,29760.0,3230.0,11900.0,3580.0,50000
6001,4841,2026-03-13,18630.0,2480.0,7450.0,1530.0,0
6002,5563,2025-03-27,21480.0,3530.0,8590.0,2060.0,50000
6003,4196,2025-09-23,23270.0,2830.0,9310.0,2600.0,50000
6004,5179,2024-08-25,27210.0,4640.0,10890.0,2540.0,0
6005,2556,2024-09-06,30530.0,3590.0,12210.0,3050.0,150000
6006,2306,2025-03-06,26660.0,3440.0,10660.0,3440.0,150000
6007,4509,2025-01-24,35400.0,2750.0,14160.0,3250.0,0
6008,7620,2025-03-18,39180.0,7680.0,15670.0,3600.0,300000
6009,1089,2025-06-02,32290.0,7570.0,12910.0,2530.0,50000
6010,2643,2026-06-29,15810.0,2890.0,6320.0,1840.0,300000
6011,1178,2026-04-10,26570.0,3750.0,10630.0,1980.0,0
6012,6105,2025-08-19,30910.0,3960.0,12360.0,3940.0,300000
6013,6410,2026-01-31,40200.0,4140.0,16080.0,3420.0,150000
6014,4917,2026-03-27,24690.0,3550.0,9880.0,2990.0,300000
6015,7247,2026-04-27,25950.0,4860.0,10380.0,2570.0,50000
6016,7483,2025-08-19,20820.0,2560.0,8330.0,3020.0,0
6017,4758,2025-08-14,14930.0,3040.0,5970.0,1660.0,150000
6018,2995,2025-08-07,36140.0,5840.0,14460.0,3620.0,300000
6019,560,2025-03-08,12580.0,1500.0,5030.0,1120.0,300000
6020,2965,2025-02-12,33590.0,4280.0,13440.0,2920.0,150000
6021,7035,2025-02-26,23940.0,2770.0,9570.0,2430.0,150000
6022,1272,2025-07-12,14210.0,4580.0,5680.0,1240.0,0
6023,1814,2025-12-31,13330.0,1930.0,5330.0,1150.0,150000
6024,2916,2025-03-01,27640.0,3740.0,11050.0,3640.0,0
6025,610,2026-06-22,29120.0,2810.0,11650.0,3790.0,150000
6026,2462,2026-03-21,36850.0,3940.0,14740.0,4320.0,300000
6027,4121,2025-02-27,29530.0,4770.0,11810.0,2680.0,50000
6028,6125,2025-02-10,9420.0,2100.0,3770.0,0.0,300000
6029,284,2026-04-13,20230.0,4120.0,8090.0,2420.0,300000
6030,5569,2026-08-16,15630.0,2500.0,6250.0,1980.0,300000
6031,2929,2026-06-15,13570.0,2600.0,5430.0,1090.0,0
6032,4397,2024-12-03,21090.0,4680.0,8440.0,2440.0,300000
6033,1092,2025-09-26,34110.0,3890.0,13640.0,3460.0,300000
6034,5127,2024-12-06,12430.0,1740.0,4970.0,1040.0,300000
6035,817,2025-12-28,16910.0,1610.0,6760.0,2170.0,300000
6036,7305,2025-10-10,28770.0,3890.0,11510.0,3460.0,0
6037,7332,2025-03-31,16630.0,2820.0,6650.0,2060.0,0
6038,83,2025-09-30,17710.0,2890.0,7080.0,2510.0,0
6039,1921,2025-10-01,25600.0,2750.0,10240.0,2650.0,0
6040,7818,2026-02-16,32920.0,6540.0,13170.0,2780.0,150000
6041,3492,2026-07-22,28200.0,4010.0,11280.0,2800.0,150000
6042,3145,2025-05-01,24850.0,4370.0,9940.0,3480.0,0
6043,7405,2025-05-28,16260.0,3130.0,6510.0,1770.0,300000
6044,2094,2025-05-15,28790.0,4170.0,11520.0,3270.0,0
6045,4714,2025-09-25,17900.0,5730.0,7160.0,1540.0,0
6046,7072,2025-07-01,15240.0,1660.0,6100.0,1390.0,300000
6047,7968,2026-05-24,27780.0,6470.0,11110.0,2720.0,0
6048,6406,2025-11-23,20220.0,2420.0,8090.0,2470.0,300000
6049,176,2026-07-06,25140.0,5840.0,10060.0,2590.0,0
6050,5286,2025-12-28,31580.0,3990.0,12630.0,3680.0,0
6051,2705,2025-10-15,36980.0,3710.0,14790.0,2980.0,300000
6052,4938,2026-07-17,21820.0,2830.0,8730.0,2310.0,50000
6053,370,2026-07-25,17190.0,3200.0,6880.0,1790.0,150000
6054,1819,2026-07-04,38870.0,7890.0,15550.0,2850.0,150000
6055,2102,2024-08-21,24190.0,3360.0,9680.0,3180.0,50000
6056,4786,2026-03-27,24410.0,3990.0,9760.0,2310.0,0
6057,3491,2025-12-29,12070.0,2250.0,4830.0,1270.0,0
6058,1780,2026-04-08,13020.0,1430.0,5210.0,1390.0,0
6059,7675,2024-10-26,30140.0,4290.0,12060.0,3610.0,150000
6060,1365,2025-06-23,24110.0,2350.0,9640.0,2920.0,150000
6061,7295,2025-01-26,19810.0,4630.0,7920.0,2830.0,0
6062,5529,2026-03-03,31510.0,6490.0,12600.0,3120.0,50000
6063,4463,2025-12-05,29600.0,6050.0,11840.0,3250.0,300000
6064,3343,2025-06-03,22120.0,4170.0,8850.0,3090.0,0
6065,4740,2025-01-21,28810.0,5250.0,11520.0,3710.0,0
6066,3677,2024-11-06,26660.0,4260.0,10660.0,3150.0,0
6067,2427,2024-12-31,26600.0,3660.0,10640.0,3580.0,50000
6068,73,2026-05-03,38570.0,3590.0,15430.0,4260.0,0
6069,2963,2026-02-14,15440.0,3170.0,6180.0,1800.0,150000
6070,5368,2026-03-28,10380.0,1820.0,4150.0,1320.0,0
6071,860,2025-03-09,22080.0,3380.0,8830.0,3060.0,0
6072,3857,2026-02-27,34380.0,3560.0,13750.0,4740.0,150000
6073,4139,2025-05-28,22790.0,4700.0,9120.0,2500.0,300000
6074,2425,2025-03-17,22170.0,4200.0,8870.0,2170.0,300000
6075,1065,2025-04-11,19460.0,4580.0,7790.0,1940.0,0
6076,2218,2026-05-10,19600.0,3590.0,7840.0,2200.0,0
6077,4018,2026-05-26,10930.0,2260.0,4370.0,930.0,0
6078,2260,2025-05-26,26210.0,2770.0,10490.0,2830.0,0
6079,5613,2025-12-17,16100.0,3210.0,6440.0,1460.0,150000
6080,3752,2025-04-20,15720.0,2610.0,6290.0,1860.0,0
6081,2087,2026-01-11,27780.0,3080.0,11110.0,2660.0,150000
6082,369,2024-08-27,14680.0,1700.0,5870.0,1620.0,0
6083,2805,2025-12-17,10490.0,2050.0,4200.0,1030.0,150000
6084,151,2025-08-15,29750.0,5360.0,11900.0,3270.0,0
6085,1135,2025-12-05,33600.0,4660.0,13440.0,3770.0,50000
6086,5600,2025-03-11,23270.0,2460.0,9310.0,2780.0,300000
6087,5556,2026-02-06,27780.0,4850.0,11110.0,2740.0,0
6088,5167,2024-10-16,27790.0,5840.0,11120.0,3260.0,300000
6089,5120,2026-06-10,28770.0,5050.0,11510.0,3540.0,50000
6090,5695,2026-02-03,16060.0,3230.0,6420.0,1510.0,50000
6091,2785,2025-10-18,10860.0,1600.0,4340.0,1250.0,0
6092,6137,2024-11-08,45560.0,4290.0,18230.0,4120.0,150000
6093,5486,2026-02-20,19020.0,2240.0,7610.0,1870.0,300000
6094,4165,2025-07-21,26330.0,5560.0,10530.0,2820.0,150000
6095,2347,2025-01-31,14960.0,1730.0,5990.0,2180.0,0
6096,5040,2026-01-17,27250.0,5750.0,10900.0,2260.0,0
6097,4898,2026-04-22,12510.0,3160.0,5000.0,1230.0,0
6098,6440,2026-04-13,22900.0,3010.0,9160.0,1430.0,0
6099,2251,2026-03-30,15110.0,1660.0,6050.0,2030.0,300000
6100,61,2026-03-03,14720.0,1910.0,5890.0,1500.0,50000
6101,5042,2025-04-02,23830.0,4940.0,9530.0,3110.0,50000
6102,3011,2025-11-18,14840.0,1610.0,5940.0,1580.0,50000
6103,3902,2024-10-12,26620.0,5280.0,10650.0,2620.0,0
6104,1338,2025-09-29,24640.0,4110.0,9860.0,3460.0,0
6105,1185,2026-01-04,17730.0,1730.0,7090.0,2470.0,0
6106,4427,2024-12-18,41730.0,4200.0,16690.0,4850.0,0
6107,1552,2025-04-10,23110.0,5200.0,9240.0,1860.0,0
6108,4434,2025-03-09,23910.0,6040.0,9560.0,3380.0,0
6109,1630,2025-11-27,31100.0,4810.0,12440.0,3610.0,0
6110,1328,2025-01-28,21570.0,4400.0,8630.0,2380.0,150000
6111,1527,2026-07-03,31070.0,7430.0,12430.0,3820.0,150000
6112,1674,2025-05-15,34700.0,5380.0,13880.0,3590.0,0
6113,1362,2026-05-22,32310.0,6990.0,12930.0,3710.0,50000
6114,1574,2025-05-02,6050.0,790.0,2420.0,690.0,0
6115,2687,2025-11-14,16420.0,1810.0,6570.0,1940.0,300000
6116,4371,2024-10-18,13740.0,3210.0,5500.0,1620.0,0
6117,5284,2025-08-28,17700.0,2690.0,7080.0,1990.0,50000
6118,7611,2025-03-31,21590.0,4380.0,8640.0,2510.0,0
6119,2367,2025-10-28,37710.0,5370.0,15090.0,4230.0,0
6120,6733,2025-04-25,21330.0,4410.0,8530.0,2580.0,0
6121,6648,2024-08-27,17050.0,3550.0,6820.0,1750.0,300000
6122,3758,2024-11-29,11480.0,2610.0,4590.0,1620.0,50000
6123,2435,2026-02-04,13330.0,2310.0,5330.0,1460.0,0
6124,1994,2025-04-16,19350.0,3670.0,7740.0,2450.0,0
6125,870,2026-02-11,25160.0,2890.0,10060.0,1870.0,150000
6126,6977,2026-02-10,26630.0,4740.0,10650.0,3770.0,0
6127,1015,2025-12-16,27170.0,3700.0,10870.0,3850.0,0
6128,1912,2025-10-03,11750.0,2590.0,4700.0,1300.0,0
6129,603,2025-07-05,18760.0,2200.0,7500.0,1930.0,50000
6130,3822,2025-05-20,23920.0,4110.0,9570.0,2120.0,300000
6131,5896,2024-10-20,29530.0,3750.0,11810.0,3840.0,150000
6132,691,2025-05-23,23250.0,4950.0,9300.0,1830.0,0
6133,494,2025-04-06,69380.0,2630.0,27750.0,3020.0,300000
6134,490,2024-08-23,34340.0,6520.0,13740.0,4440.0,0
6135,6865,2026-06-07,21270.0,2970.0,8510.0,1930.0,150000
6136,7241,2025-09-04,6780.0,840.0,2710.0,700.0,150000
6137,2557,2024-11-09,16850.0,3010.0,6740.0,1780.0,150000
6138,4486,2025-10-28,33780.0,2820.0,13510.0,3610.0,0
6139,7787,2026-04-29,11860.0,2680.0,4740.0,1020.0,300000
6140,295,2025-07-07,28260.0,6260.0,11300.0,3070.0,0
6141,5489,2025-11-04,20740.0,4570.0,8300.0,1840.0,0
6142,4028,2024-11-12,18650.0,2230.0,7460.0,1580.0,150000
6143,2844,2025-05-17,17700.0,1700.0,7080.0,1540.0,300000
6144,2913,2025-03-10,38860.0,7590.0,15550.0,4300.0,150000
6145,1718,2026-02-21,84760.0,8260.0,33910.0,4060.0,0
6146,2597,2024-09-09,40640.0,4300.0,16260.0,3680.0,0
6147,4745,2025-03-27,35060.0,8880.0,14030.0,4220.0,50000
6148,1874,2025-08-22,22190.0,2470.0,8880.0,2860.0,0
6149,4664,2026-08-02,30300.0,4700.0,12120.0,3420.0,50000
6150,3259,2026-07-05,20730.0,2870.0,8290.0,2350.0,0
6151,6997,2026-07-24,33490.0,5400.0,13400.0,4820.0,0
6152,2818,2024-09-20,22530.0,2840.0,9010.0,2060.0,0
6153,445,2025-12-17,27180.0,4480.0,10870.0,2300.0,150000
6154,3642,2026-05-13,30240.0,3110.0,12100.0,3520.0,50000
6155,4459,2024-12-10,26860.0,2910.0,10740.0,1630.0,50000
6156,6267,2026-04-09,28630.0,5920.0,11450.0,3460.0,50000
6157,5308,2026-02-02,10230.0,1210.0,4090.0,1000.0,0
6158,742,2024-12-02,31920.0,7100.0,12770.0,3210.0,0
6159,2042,2025-02-21,48160.0,8940.0,19260.0,5620.0,0
6160,680,2024-08-30,16120.0,1940.0,6450.0,1800.0,150000
6161,2468,2026-03-23,16770.0,2500.0,6710.0,1660.0,150000
6162,3698,2026-03-10,7120.0,1240.0,2850.0,890.0,300000
6163,7420,2025-02-08,24410.0,6250.0,9760.0,2860.0,300000
6164,5739,2024-11-23,16330.0,3880.0,6530.0,1900.0,150000
6165,5669,2026-04-27,29020.0,5770.0,11610.0,2210.0,50000
6166,1359,2025-03-03,14860.0,1500.0,5940.0,1540.0,150000
6167,6236,2025-11-02,37570.0,4050.0,15030.0,5280.0,0
6168,7698,2026-08-03,17010.0,4460.0,6800.0,2210.0,0
6169,63,2025-03-23,17340.0,2500.0,6930.0,1780.0,150000
6170,7830,2025-04-10,27800.0,3680.0,11120.0,3530.0,50000
6171,2560,2024-12-17,24890.0,2580.0,9950.0,2800.0,150000
6172,5259,2026-03-19,24190.0,4110.0,9680.0,3300.0,150000
6173,3770,2025-05-16,27570.0,3770.0,11030.0,3320.0,150000
6174,7353,2024-10-14,33200.0,4030.0,13280.0,3580.0,150000
6175,5325,2025-06-11,37290.0,4840.0,14920.0,5050.0,0
6176,6916,2026-04-21,24620.0,5060.0,9850.0,2340.0,50000
6177,7382,2025-03-25,16590.0,2160.0,6640.0,1540.0,0
6178,4352,2025-11-12,10300.0,2460.0,4120.0,1180.0,0
6179,135,2026-02-10,36400.0,5350.0,14560.0,5410.0,50000
6180,3645,2024-11-29,35070.0,7490.0,14030.0,3200.0,0
6181,4971,2025-11-01,28210.0,4690.0,11280.0,3200.0,300000
6182,4918,2026-03-29,16870.0,3440.0,6750.0,1710.0,300000
6183,2136,2026-01-31,23770.0,2240.0,9510.0,2720.0,0
6184,7132,2026-07-02,13070.0,2780.0,5230.0,2170.0,300000
6185,3279,2026-04-25,31320.0,3230.0,12530.0,3780.0,300000
6186,7297,2026-01-13,22850.0,5520.0,9140.0,2180.0,150000
6187,823,2024-09-13,21680.0,2090.0,8670.0,2450.0,300000
6188,3075,2025-01-17,34450.0,3930.0,13780.0,4700.0,50000
6189,5070,2024-10-27,33790.0,6790.0,13520.0,2820.0,150000
6190,2982,2024-09-29,18340.0,3470.0,7340.0,2110.0,50000
6191,5874,2024-11-28,27330.0,5410.0,10930.0,2840.0,150000
6192,121,2025-06-17,34620.0,5550.0,13850.0,3500.0,0
6193,7553,2025-02-03,18010.0,4040.0,7210.0,2460.0,0
6194,1638,2026-05-11,23820.0,4100.0,9530.0,2800.0,50000
6195,7206,2025-05-16,37860.0,5300.0,15140.0,4100.0,150000
6196,5461,2025-10-31,51090.0,6380.0,20430.0,5700.0,150000
6197,5104,2026-03-01,23740.0,3570.0,9500.0,3450.0,0
6198,925,2025-08-04,12660.0,1760.0,5060.0,1190.0,300000
6199,645,2026-02-09,23580.0,4640.0,9430.0,2200.0,50000
6200,2033,2026-08-01,28560.0,7290.0,11420.0,2310.0,0
6201,2762,2026-07-07,23330.0,4700.0,9330.0,3060.0,0
6202,7004,2025-03-30,19920.0,4650.0,7970.0,2640.0,50000
6203,2069,2025-11-20,16150.0,1670.0,6460.0,1870.0,0
6204,242,2026-06-13,28040.0,4470.0,11220.0,2770.0,150000
6205,6599,2025-08-25,23880.0,2190.0,9550.0,3260.0,0
6206,7107,2026-07-12,24550.0,3950.0,9820.0,2820.0,0
6207,2669,2025-07-19,16500.0,3820.0,6600.0,1580.0,150000
6208,6447,2026-07-23,22670.0,5220.0,9070.0,2330.0,50000
6209,5716,2025-05-17,32550.0,9000.0,13020.0,3940.0,150000
6210,7763,2025-12-13,20580.0,1980.0,8230.0,1740.0,0
6211,803,2026-05-05,19420.0,2710.0,7770.0,1640.0,0
6212,5060,2025-04-11,20660.0,5520.0,8260.0,2150.0,50000
6213,4165,2025-05-11,26330.0,3110.0,10530.0,2820.0,50000
6214,5249,2026-02-27,20610.0,3110.0,8240.0,1740.0,50000
6215,196,2025-10-13,23960.0,2240.0,9580.0,1560.0,50000
6216,2188,2025-05-09,28840.0,2590.0,11540.0,3820.0,300000
6217,3516,2025-01-09,22600.0,5170.0,9040.0,1180.0,150000
6218,2331,2025-11-15,41680.0,7460.0,16670.0,3380.0,50000
6219,2360,2024-12-16,32280.0,4750.0,12910.0,3660.0,0
6220,4842,2025-10-08,19190.0,1890.0,7670.0,2180.0,150000
6221,3607,2026-08-09,29300.0,6100.0,11720.0,2850.0,150000
6222,5785,2025-09-12,17270.0,2380.0,6910.0,1670.0,0
6223,277,2026-03-05,17780.0,3300.0,7110.0,2420.0,150000
6224,61,2026-07-10,14720.0,2340.0,5890.0,1500.0,0
6225,3391,2025-12-17,34210.0,4360.0,13680.0,3300.0,150000
6226,1914,2025-11-16,30830.0,5830.0,12330.0,2990.0,50000
6227,6196,2024-09-17,21650.0,5120.0,8660.0,2830.0,50000
6228,3928,2025-03-11,19410.0,3610.0,7760.0,2180.0,0
6229,6297,2026-08-11,13510.0,1410.0,5400.0,1150.0,0
6230,5869,2025-02-18,19940.0,3590.0,7980.0,2170.0,0
6231,5431,2026-01-31,23950.0,5480.0,9580.0,2510.0,300000
6232,5934,2026-06-22,12430.0,3240.0,4970.0,1430.0,50000
6233,2592,2025-10-17,31670.0,3370.0,12670.0,2860.0,0
6234,567,2024-10-17,40800.0,5510.0,16320.0,4880.0,50000
6235,3936,2026-04-22,35210.0,4720.0,14080.0,4370.0,0
6236,7557,2025-10-20,31530.0,3790.0,12610.0,4140.0,300000
6237,1572,2025-01-08,24260.0,4990.0,9700.0,1700.0,0
6238,4718,2025-09-04,21910.0,3320.0,8770.0,2940.0,0
6239,6122,2025-05-13,18960.0,3330.0,7580.0,2200.0,0
6240,1201,2026-06-07,42860.0,8590.0,17140.0,5040.0,0
6241,7530,2024-09-24,14710.0,1830.0,5880.0,1660.0,0
6242,4410,2025-05-27,33970.0,3940.0,13590.0,3490.0,0
6243,2855,2025-09-21,19710.0,6640.0,7880.0,2390.0,150000
6244,2896,2025-12-27,13930.0,2070.0,5570.0,1570.0,0
6245,6241,2024-08-20,10680.0,2380.0,4270.0,0.0,300000
6246,7025,2025-04-08,23880.0,5650.0,9550.0,3510.0,300000
6247,1237,2026-05-11,18010.0,2450.0,7200.0,2650.0,150000
6248,6973,2025-06-06,23510.0,3290.0,9400.0,1860.0,0
6249,137,2024-11-30,28840.0,6310.0,11530.0,3570.0,0
6250,1030,2025-03-10,29270.0,4340.0,11710.0,2060.0,50000
6251,7155,2024-11-19,14980.0,3010.0,5990.0,1510.0,150000
6252,2157,2024-11-15,23270.0,3190.0,9310.0,2670.0,0
6253,2595,2025-08-07,34650.0,3850.0,13860.0,4440.0,150000
6254,7207,2025-02-01,28260.0,5770.0,11300.0,3110.0,0
6255,662,2026-05-25,30030.0,3140.0,12010.0,3380.0,50000
6256,2473,2025-03-12,34510.0,5690.0,13800.0,3740.0,0
6257,2678,2025-05-27,13730.0,2390.0,5490.0,1740.0,300000
6258,2309,2026-02-05,29760.0,6240.0,11900.0,3410.0,150000
6259,7594,2025-02-26,23280.0,5010.0,9310.0,2950.0,150000
6260,87,2026-01-22,31560.0,6440.0,12620.0,3410.0,150000
6261,2513,2026-01-06,27590.0,2740.0,11040.0,2860.0,300000
6262,6220,2025-10-02,53810.0,3980.0,21520.0,7220.0,50000
6263,6615,2026-04-15,25110.0,3910.0,10040.0,2620.0,50000
6264,6558,2025-04-01,32790.0,7560.0,13110.0,2800.0,0
6265,6969,2025-05-11,16170.0,4470.0,6470.0,1500.0,0
6266,2943,2025-07-08,28370.0,8100.0,11350.0,2500.0,0
6267,2774,2024-10-06,10520.0,1620.0,4210.0,1340.0,0
6268,2505,2026-07-10,23940.0,3380.0,9570.0,2660.0,0
6269,5405,2025-03-28,11660.0,2980.0,4660.0,1550.0,0
6270,3311,2026-03-25,26390.0,4330.0,10560.0,2320.0,150000
6271,1701,2025-02-01,18310.0,2450.0,7320.0,1910.0,0
6272,3671,2026-01-31,20440.0,3160.0,8180.0,2530.0,0
6273,2701,2026-02-15,23000.0,4360.0,9200.0,2820.0,50000
6274,6816,2025-03-09,24340.0,3130.0,9740.0,2750.0,0
6275,3630,2026-08-13,29120.0,4640.0,11650.0,2600.0,0
6276,7540,2026-02-12,37190.0,3650.0,14880.0,5440.0,300000
6277,4591,2025-05-17,24060.0,4890.0,9620.0,2510.0,0
6278,1648,2026-01-28,27450.0,2740.0,10980.0,3390.0,300000
6279,6039,2024-11-08,14220.0,4000.0,5690.0,1700.0,0
6280,5165,2024-09-26,35400.0,4920.0,14160.0,4740.0,0
6281,5521,2026-04-16,23720.0,3200.0,9490.0,2300.0,0
6282,3319,2026-08-16,24040.0,3080.0,9620.0,2260.0,150000
6283,3688,2024-11-21,31210.0,5330.0,12480.0,3870.0,150000
6284,597,2025-08-26,23740.0,4420.0,9500.0,2420.0,0
6285,4546,2025-12-03,37520.0,7140.0,15010.0,5700.0,0
6286,485,2024-12-08,18830.0,3170.0,7530.0,2610.0,0
6287,646,2024-11-09,33600.0,6360.0,13440.0,3990.0,150000
6288,6764,2024-11-02,24350.0,3820.0,9740.0,2330.0,50000
6289,3090,2024-09-25,36300.0,5870.0,14520.0,5530.0,0
6290,5726,2024-10-22,25910.0,3030.0,10370.0,2790.0,50000
6291,4758,2026-07-18,14930.0,2490.0,5970.0,1660.0,300000
6292,4854,2025-08-26,14640.0,1690.0,5860.0,1990.0,50000
6293,4385,2026-06-29,34300.0,7430.0,13720.0,3480.0,50000
6294,7582,2026-06-14,25770.0,4060.0,10310.0,2370.0,0
6295,721,2026-01-04,27750.0,3440.0,11100.0,3480.0,150000
6296,4734,2025-03-20,20240.0,3350.0,8090.0,2030.0,0
6297,6379,2025-12-10,18880.0,2600.0,7550.0,2200.0,0
6298,6560,2024-08-19,16600.0,4620.0,6640.0,1820.0,50000
6299,7082,2025-12-01,19600.0,4400.0,7840.0,2270.0,0
6300,499,2025-04-05,8510.0,1990.0,3400.0,1140.0,0
6301,7118,2025-11-16,28230.0,6180.0,11290.0,2330.0,0
6302,4730,2026-07-14,37380.0,5980.0,14950.0,4710.0,50000
6303,1674,2024-09-10,34700.0,3180.0,13880.0,3590.0,0
6304,6127,2024-11-03,23070.0,5260.0,9230.0,2780.0,50000
6305,3068,2025-09-19,19780.0,3520.0,7910.0,1810.0,0
6306,115,2025-04-13,15430.0,1910.0,6170.0,2340.0,0
6307,2980,2024-12-16,24770.0,1690.0,9910.0,3000.0,50000
6308,4770,2024-10-20,20780.0,5680.0,8310.0,2220.0,50000
6309,1737,2024-11-29,22450.0,4290.0,8980.0,2230.0,0
6310,5354,2026-03-09,19780.0,4160.0,7910.0,1740.0,0
6311,3612,2024-11-26,22340.0,5490.0,8940.0,1640.0,0
6312,7179,2024-09-17,26180.0,4670.0,10470.0,2490.0,150000
6313,2254,2026-01-24,29960.0,3970.0,11990.0,3650.0,50000
6314,7847,2026-07-09,16350.0,1900.0,6540.0,1680.0,0
6315,2295,2024-11-21,38930.0,4600.0,15570.0,5190.0,150000
6316,3631,2025-10-05,34330.0,7910.0,13730.0,3140.0,50000
6317,6902,2026-03-02,10380.0,1260.0,4150.0,1310.0,150000
6318,7295,2025-10-17,19810.0,5490.0,7920.0,2830.0,0
6319,147,2026-05-30,31930.0,4650.0,12770.0,2960.0,300000
6320,6262,2026-06-29,22970.0,4510.0,9190.0,2110.0,0
6321,3983,2025-02-18,23020.0,4030.0,9210.0,2560.0,0
6322,3454,2024-12-30,13680.0,3480.0,5470.0,1230.0,300000
6323,4508,2024-11-07,9200.0,2300.0,3680.0,1290.0,0
6324,5784,2026-05-13,25750.0,4860.0,10300.0,3800.0,150000
6325,7752,2026-06-10,25080.0,4810.0,10030.0,2550.0,50000
6326,2411,2026-03-11,30240.0,5880.0,12100.0,3300.0,0
6327,5629,2026-03-21,19470.0,2390.0,7790.0,1580.0,0
6328,137,2024-08-27,28840.0,3640.0,11530.0,3570.0,150000
6329,7343,2025-08-30,34130.0,5140.0,13650.0,3060.0,0
6330,3361,2026-07-14,16340.0,4010.0,6540.0,1640.0,150000
6331,3006,2026-08-05,26960.0,5070.0,10790.0,3500.0,0
6332,3553,2026-04-20,27590.0,6600.0,11040.0,2380.0,0
6333,19,2024-12-04,11190.0,2660.0,4480.0,1420.0,300000
6334,2243,2026-06-23,28730.0,8040.0,11490.0,2910.0,0
6335,6474,2024-09-16,21990.0,3060.0,8800.0,2520.0,300000
6336,6056,2024-08-25,24670.0,1960.0,9870.0,2620.0,0
6337,6319,2026-02-08,18380.0,1850.0,7350.0,2300.0,0
6338,5098,2025-05-12,23620.0,5730.0,9450.0,2850.0,50000
6339,449,2026-06-01,35110.0,3650.0,14050.0,2670.0,0
6340,1949,2026-07-17,28640.0,5000.0,11460.0,2090.0,0
6341,946,2024-11-08,28100.0,3960.0,11240.0,3220.0,300000
6342,5474,2025-12-17,9330.0,1900.0,3730.0,1190.0,150000
6343,5619,2025-09-27,13440.0,2500.0,5380.0,1320.0,0
6344,4237,2025-12-02,36760.0,7420.0,14700.0,5050.0,50000
6345,6902,2026-05-23,10380.0,1590.0,4150.0,1310.0,300000
6346,1921,2025-01-20,25600.0,4590.0,10240.0,2650.0,0
6347,2978,2026-02-16,27390.0,3700.0,10950.0,3000.0,0
6348,4189,2025-08-14,40070.0,5400.0,16030.0,4680.0,300000
6349,4016,2026-07-15,24020.0,5810.0,9610.0,3240.0,0
6350,239,2025-03-14,33870.0,3790.0,13550.0,4350.0,150000
6351,205,2025-03-25,12020.0,2590.0,4810.0,1530.0,50000
6352,2608,2025-08-23,26270.0,2840.0,10510.0,3050.0,0
6353,5553,2025-10-24,36850.0,6320.0,14740.0,3180.0,50000
6354,4341,2025-07-16,19050.0,2660.0,7620.0,1750.0,0
6355,4928,2024-12-10,23090.0,2580.0,9240.0,2900.0,0
6356,3389,2026-01-12,22960.0,4300.0,9180.0,3180.0,300000
6357,2973,2025-12-19,32240.0,5390.0,12900.0,3620.0,50000
6358,4391,2025-10-17,13870.0,3010.0,5550.0,1380.0,0
6359,2688,2024-10-09,28800.0,5670.0,11520.0,2520.0,150000
6360,4952,2025-06-11,20990.0,4590.0,8390.0,1920.0,0
6361,7450,2026-03-10,26020.0,2980.0,10410.0,2910.0,150000
6362,6161,2026-02-04,31450.0,3770.0,12580.0,1580.0,0
6363,4167,2025-06-15,30960.0,6590.0,12380.0,3900.0,0
6364,5389,2025-12-19,43340.0,5620.0,17340.0,5290.0,0
6365,1349,2025-05-30,32180.0,4990.0,12870.0,3800.0,300000
6366,7962,2025-06-02,14020.0,2940.0,5610.0,1280.0,0
6367,4401,2025-11-20,28510.0,3480.0,11400.0,4330.0,300000
6368,7619,2024-12-31,17840.0,1680.0,7130.0,2690.0,0
6369,5127,2025-06-29,12430.0,1820.0,4970.0,1040.0,300000
6370,5434,2025-12-19,30000.0,2980.0,12000.0,3360.0,0
6371,817,2026-02-08,16910.0,2570.0,6760.0,2170.0,0
6372,5223,2025-08-28,19650.0,4900.0,7860.0,1370.0,50000
6373,821,2024-11-26,13610.0,3070.0,5440.0,1680.0,0
6374,193,2026-07-25,24430.0,5120.0,9770.0,2200.0,0
6375,1777,2025-08-22,16740.0,4490.0,6700.0,1950.0,50000
6376,3646,2025-11-30,18990.0,4110.0,7590.0,2150.0,300000
6377,4625,2026-03-08,32290.0,4530.0,12910.0,4110.0,50000
6378,6315,2025-05-25,21930.0,5010.0,8770.0,2380.0,50000
6379,7705,2026-01-11,35430.0,6580.0,14170.0,4910.0,0
6380,251,2024-12-06,22220.0,4660.0,8890.0,2600.0,150000
6381,1789,2025-05-16,18510.0,2280.0,7400.0,2640.0,0
6382,7555,2025-11-28,27400.0,2420.0,10960.0,2520.0,0
6383,7375,2025-08-24,26950.0,5060.0,10780.0,3180.0,0
6384,6685,2025-04-08,17430.0,2600.0,6970.0,2230.0,50000
6385,3701,2025-06-02,13770.0,1910.0,5510.0,1370.0,150000
6386,6123,2026-05-30,29900.0,5210.0,11960.0,4180.0,0
6387,2464,2026-07-04,20480.0,2820.0,8190.0,1640.0,300000
6388,6938,2025-06-26,28850.0,6720.0,11540.0,3260.0,300000
6389,5500,2025-04-26,30550.0,6450.0,12220.0,2600.0,50000
6390,1168,2026-03-14,29640.0,3660.0,11860.0,3550.0,0
6391,6169,2025-03-23,13260.0,3700.0,5310.0,1340.0,0
6392,3894,2025-08-26,14960.0,1850.0,5980.0,1110.0,50000
6393,6812,2025-03-21,26030.0,4630.0,10410.0,3060.0,0
6394,1097,2024-12-23,41430.0,5940.0,16570.0,4880.0,0
6395,2680,2024-09-10,39260.0,8450.0,15700.0,5090.0,0
6396,1848,2025-04-28,24010.0,4160.0,9600.0,2250.0,50000
6397,3905,2025-03-01,26550.0,2750.0,10620.0,3140.0,0
6398,7261,2024-11-09,36310.0,4650.0,14520.0,3830.0,300000
6399,505,2026-08-10,22500.0,5380.0,9000.0,2830.0,150000
6400,1622,2025-01-10,44380.0,4430.0,17750.0,4550.0,150000
6401,6480,2025-01-11,18560.0,2130.0,7420.0,2340.0,150000
6402,2473,2026-05-21,34510.0,4720.0,13800.0,3740.0,0
6403,2547,2024-12-26,25620.0,3980.0,10250.0,2920.0,300000
6404,1388,2025-12-21,9780.0,1890.0,3910.0,1140.0,50000
6405,2995,2026-03-04,36140.0,5840.0,14460.0,3620.0,0
6406,6774,2025-07-26,10730.0,1170.0,4290.0,950.0,0
6407,3817,2025-12-11,33130.0,4720.0,13250.0,4130.0,0
6408,5319,2026-03-26,11740.0,2390.0,4700.0,0.0,150000
6409,718,2024-09-11,18100.0,3590.0,7240.0,2370.0,50000
6410,3485,2025-01-05,17310.0,2910.0,6920.0,1750.0,0
6411,4435,2025-07-14,7220.0,1190.0,2890.0,940.0,0
6412,659,2026-06-27,18050.0,2270.0,7220.0,1660.0,0
6413,5058,2025-04-18,19180.0,2500.0,7670.0,1930.0,0
6414,4009,2025-03-10,30640.0,8460.0,12260.0,3310.0,150000
6415,4525,2024-12-20,20060.0,3700.0,8020.0,2260.0,0
6416,7951,2026-07-11,20380.0,2950.0,8150.0,2340.0,0
6417,4995,2026-06-14,24710.0,4810.0,9880.0,2170.0,0
6418,4235,2024-10-26,25780.0,5680.0,10310.0,2200.0,0
6419,3765,2026-06-30,27190.0,3980.0,10880.0,2220.0,0
6420,2990,2024-12-23,19570.0,2570.0,7830.0,2000.0,150000
6421,4638,2025-01-29,21780.0,3050.0,8710.0,3000.0,0
6422,2105,2026-08-15,22270.0,1830.0,8910.0,2260.0,0
6423,1256,2026-07-20,13220.0,1070.0,5290.0,1270.0,0
6424,6802,2026-02-10,23450.0,2460.0,9380.0,2630.0,0
6425,2483,2025-09-09,6520.0,1270.0,2610.0,500.0,0
6426,384,2025-11-23,21180.0,2690.0,8470.0,2310.0,0
6427,2608,2024-09-09,26270.0,5160.0,10510.0,3050.0,150000
6428,194,2026-02-15,17290.0,1960.0,6920.0,2040.0,50000
6429,3808,2025-11-07,17110.0,3700.0,6850.0,1390.0,0
6430,3720,2024-08-30,28260.0,3010.0,11300.0,3020.0,150000
6431,2582,2025-02-25,25790.0,2570.0,10320.0,2540.0,50000
6432,2566,2024-12-06,28530.0,4710.0,11410.0,4390.0,50000
6433,2764,2026-07-02,13490.0,3110.0,5390.0,1740.0,0
6434,2799,2026-05-04,18290.0,2760.0,7320.0,1980.0,150000
6435,6329,2025-07-03,22470.0,2450.0,8990.0,1400.0,150000
6436,5992,2025-12-27,18980.0,2800.0,7590.0,2190.0,300000
6437,2340,2025-02-13,25710.0,3500.0,10280.0,2740.0,0
6438,3407,2025-12-06,25710.0,4990.0,10290.0,2760.0,300000
6439,732,2025-06-19,25630.0,3560.0,10250.0,1920.0,0
6440,6260,2025-01-07,30590.0,7290.0,12240.0,3040.0,50000
6441,2873,2025-11-19,21150.0,2930.0,8460.0,1740.0,0
6442,3121,2025-09-04,29320.0,5170.0,11730.0,2230.0,0
6443,4781,2024-11-23,30160.0,6200.0,12060.0,3860.0,0
6444,4178,2025-09-16,20160.0,4990.0,8060.0,2500.0,50000
6445,6978,2026-01-01,31700.0,8760.0,12680.0,3560.0,150000
6446,6477,2024-12-04,26440.0,3360.0,10580.0,1330.0,150000
6447,2605,2026-08-11,30440.0,3690.0,12180.0,3650.0,300000
6448,2383,2026-05-15,16650.0,3840.0,6660.0,1660.0,0
6449,532,2024-08-24,23950.0,3160.0,9580.0,2460.0,300000
6450,6080,2026-01-10,39680.0,3380.0,15870.0,3650.0,0
6451,4317,2024-10-27,33230.0,6140.0,13290.0,3180.0,50000
6452,635,2024-12-06,25500.0,4380.0,10200.0,2260.0,0
6453,1770,2024-11-07,21040.0,2130.0,8420.0,2830.0,300000
6454,3805,2026-02-12,32610.0,6980.0,13040.0,3360.0,300000
6455,2371,2024-12-20,33200.0,2800.0,13280.0,4060.0,50000
6456,5971,2025-08-06,24850.0,2980.0,9940.0,3620.0,150000
6457,3,2025-11-04,25510.0,5310.0,10210.0,3950.0,300000
6458,5814,2025-08-28,32420.0,5240.0,12970.0,3520.0,0
6459,206,2025-05-15,28680.0,4090.0,11470.0,2940.0,0
6460,5952,2025-10-09,19220.0,2340.0,7690.0,2690.0,150000
6461,4136,2025-06-10,33540.0,7620.0,13420.0,3500.0,0
6462,6203,2025-11-23,24690.0,4120.0,9880.0,3090.0,300000
6463,7095,2024-10-14,19370.0,1880.0,7750.0,2630.0,0
6464,2622,2024-10-22,20900.0,4810.0,8360.0,2760.0,0
6465,4740,2026-06-25,28810.0,4750.0,11520.0,3710.0,300000
6466,5627,2026-05-19,24610.0,5370.0,9840.0,2600.0,300000
6467,7740,2025-09-25,33590.0,4840.0,13440.0,4390.0,0
6468,6004,2024-08-31,17070.0,1820.0,6830.0,2060.0,0
6469,2891,2024-12-19,18450.0,4570.0,7380.0,2260.0,50000
6470,3194,2024-11-09,22950.0,4250.0,9180.0,2880.0,0
6471,7647,2024-09-27,71220.0,3640.0,28490.0,2940.0,0
6472,2667,2026-07-31,11440.0,2480.0,4580.0,1050.0,0
6473,6240,2026-07-24,40370.0,5320.0,16150.0,6300.0,300000
6474,7582,2025-01-21,25770.0,2890.0,10310.0,2370.0,0
6475,3307,2024-09-03,27640.0,4170.0,11050.0,3580.0,0
6476,898,2025-02-14,36710.0,4590.0,14680.0,4650.0,150000
6477,1086,2025-05-22,21420.0,3910.0,8570.0,2190.0,0
6478,1280,2026-03-28,13190.0,2870.0,5280.0,1540.0,300000
6479,6705,2024-11-16,32600.0,6510.0,13040.0,2740.0,300000
6480,7049,2025-08-19,27230.0,4760.0,10890.0,3780.0,150000
6481,6492,2026-03-30,24380.0,2610.0,9750.0,2760.0,0
6482,671,2024-12-17,17500.0,3720.0,7000.0,2230.0,0
6483,7292,2024-10-18,30370.0,6220.0,12150.0,3730.0,0
6484,1506,2025-10-06,27460.0,3370.0,10980.0,2780.0,0
6485,6461,2026-03-30,17090.0,2910.0,6840.0,1510.0,150000
6486,3576,2025-11-19,45070.0,6980.0,18030.0,4190.0,0
6487,4815,2025-11-15,41250.0,5920.0,16500.0,4810.0,150000
6488,5168,2026-03-24,32680.0,4900.0,13070.0,3360.0,0
6489,7577,2025-08-29,25100.0,5930.0,10040.0,1790.0,0
6490,1956,2025-01-03,12390.0,1530.0,4960.0,1250.0,0
6491,5256,2024-08-19,32680.0,4770.0,13070.0,3780.0,150000
6492,7369,2024-09-02,33770.0,5380.0,13510.0,3020.0,0
6493,250,2025-07-20,25930.0,2160.0,10370.0,2490.0,0
6494,6458,2024-11-24,43080.0,7460.0,17230.0,6330.0,0
6495,1893,2025-12-26,20730.0,2170.0,8290.0,3170.0,50000
6496,3440,2024-11-22,17790.0,3520.0,7110.0,2180.0,0
6497,7597,2026-04-02,12900.0,2140.0,5160.0,0.0,50000
6498,1854,2025-10-20,22670.0,2710.0,9070.0,1800.0,300000
6499,2855,2026-07-01,19710.0,6410.0,7880.0,2390.0,150000
6500,1504,2025-10-19,20820.0,5550.0,8330.0,2740.0,50000
6501,3386,2024-09-29,20800.0,3160.0,8320.0,1900.0,0
6502,3572,2025-06-29,24450.0,5560.0,9780.0,2940.0,150000
6503,3793,2024-08-19,25040.0,4780.0,10020.0,2620.0,0
6504,3427,2025-08-27,39160.0,4710.0,15670.0,2820.0,0
6505,6629,2025-01-09,28620.0,5710.0,11450.0,3150.0,0
6506,5331,2025-11-26,12420.0,1610.0,4970.0,1540.0,50000
6507,7872,2026-04-17,25900.0,4840.0,10360.0,2770.0,0
6508,44,2024-10-24,11260.0,1450.0,4500.0,1220.0,300000
6509,3613,2025-05-19,25840.0,6830.0,10330.0,2700.0,0
6510,2619,2025-01-05,17130.0,4100.0,6850.0,1630.0,0
6511,4679,2025-10-25,26010.0,6720.0,10400.0,2680.0,150000
6512,3164,2026-04-14,51610.0,5490.0,20640.0,0.0,150000
6513,1289,2026-08-07,26650.0,3080.0,10660.0,2540.0,0
6514,2943,2024-10-23,28370.0,5020.0,11350.0,2500.0,300000
6515,220,2025-12-06,14830.0,1680.0,5930.0,1490.0,0
6516,1926,2024-11-12,31780.0,6860.0,12710.0,3290.0,150000
6517,2973,2026-04-22,32240.0,2920.0,12900.0,3620.0,300000
6518,3514,2026-03-02,20150.0,3800.0,8060.0,1970.0,0
6519,2449,2024-12-01,27550.0,2820.0,11020.0,2870.0,0
6520,3472,2025-03-05,23430.0,5190.0,9370.0,2490.0,150000
6521,2775,2026-08-16,24030.0,2200.0,9610.0,3030.0,300000
6522,991,2025-11-04,30740.0,6920.0,12300.0,3240.0,0
6523,2947,2025-02-03,39020.0,2980.0,15610.0,4530.0,150000
6524,1813,2024-10-18,44330.0,6680.0,17730.0,5320.0,0
6525,7744,2025-04-27,18120.0,2390.0,7250.0,2340.0,50000
6526,4954,2026-04-06,48550.0,6070.0,19420.0,3760.0,0
6527,804,2025-01-04,21440.0,4580.0,8570.0,1770.0,0
6528,490,2026-08-08,34340.0,4890.0,13740.0,4440.0,300000
6529,3557,2026-05-06,10210.0,1840.0,4080.0,850.0,0
6530,5877,2024-11-10,38300.0,6280.0,15320.0,4090.0,300000
6531,1494,2025-10-25,25810.0,4050.0,10330.0,2910.0,0
6532,3646,2025-05-24,18990.0,4630.0,7590.0,2150.0,0
6533,7082,2025-11-06,19600.0,4330.0,7840.0,2270.0,0
6534,2892,2025-05-01,28610.0,4610.0,11450.0,4210.0,50000
6535,1706,2025-05-09,17190.0,2130.0,6880.0,1230.0,50000
6536,3517,2025-03-29,5820.0,1250.0,2330.0,600.0,0
6537,3341,2025-10-27,31090.0,8040.0,12440.0,3550.0,0
6538,6411,2024-10-13,18900.0,4820.0,7560.0,2540.0,300000
6539,54,2026-06-29,22440.0,2880.0,8970.0,1950.0,50000
6540,2576,2025-09-25,20770.0,4650.0,8310.0,3090.0,150000
6541,3592,2026-07-13,14500.0,3160.0,5800.0,1230.0,300000
6542,616,2025-09-28,25890.0,3680.0,10360.0,2420.0,0
6543,5179,2026-06-16,27210.0,3700.0,10890.0,2540.0,0
6544,5945,2025-08-14,22470.0,3060.0,8990.0,2020.0,0
6545,7208,2025-02-07,23680.0,3750.0,9470.0,2290.0,0
6546,7405,2024-11-17,16260.0,2970.0,6510.0,1770.0,0
6547,955,2026-01-17,22840.0,3430.0,9130.0,1700.0,50000
6548,2434,2024-12-31,22810.0,5670.0,9120.0,2250.0,300000
6549,1630,2025-01-28,31100.0,2880.0,12440.0,3610.0,50000
6550,2782,2026-06-08,22830.0,2950.0,9130.0,2740.0,300000
6551,6860,2025-03-01,19080.0,2850.0,7630.0,1950.0,0
6552,650,2025-12-05,16710.0,1880.0,6690.0,2060.0,0
6553,2348,2026-01-11,27260.0,4560.0,10900.0,2860.0,300000
6554,4491,2025-07-14,13420.0,2900.0,5370.0,1320.0,50000
6555,3279,2025-10-12,31320.0,6780.0,12530.0,3780.0,0
6556,5456,2026-07-21,17960.0,2710.0,7180.0,1540.0,0
6557,2641,2024-09-27,22920.0,4190.0,9170.0,2870.0,150000
6558,3802,2025-03-02,19380.0,2330.0,7750.0,1820.0,50000
6559,2562,2026-01-22,12960.0,1740.0,5180.0,1810.0,50000
6560,3250,2026-01-07,22600.0,3870.0,9040.0,2200.0,0
6561,6540,2026-07-27,17390.0,2830.0,6960.0,1600.0,0
6562,371,2025-03-11,21470.0,2440.0,8590.0,2110.0,50000
6563,858,2025-12-23,26100.0,3350.0,10440.0,2060.0,0
6564,4887,2025-11-11,43930.0,7790.0,17570.0,4460.0,0
6565,4754,2026-03-29,14930.0,2090.0,5970.0,1940.0,300000
6566,7486,2025-06-28,20990.0,3190.0,8400.0,2690.0,0
6567,6880,2026-02-05,36070.0,3830.0,14430.0,4930.0,0
6568,5489,2026-01-16,20740.0,2530.0,8300.0,1840.0,0
6569,384,2025-07-31,21180.0,3380.0,8470.0,2310.0,0
6570,6206,2026-05-27,20350.0,5360.0,8140.0,1710.0,0
6571,3878,2026-02-22,12160.0,2750.0,4870.0,1880.0,0
6572,2553,2026-05-06,10920.0,1950.0,4370.0,1430.0,0
6573,4335,2025-02-24,30200.0,4660.0,12080.0,3680.0,300000
6574,4291,2025-04-09,18420.0,3710.0,7370.0,0.0,0
6575,2726,2025-01-26,13440.0,1890.0,5380.0,1620.0,0
6576,4035,2024-10-18,24870.0,3850.0,9950.0,2690.0,0
6577,3294,2025-11-26,24970.0,2820.0,9990.0,3290.0,300000
6578,6205,2026-07-16,24330.0,3370.0,9730.0,1730.0,150000
6579,5249,2025-08-14,20610.0,4230.0,8240.0,1740.0,0
6580,7134,2026-06-11,13770.0,2460.0,5510.0,1760.0,0
6581,6829,2026-08-07,21410.0,2400.0,8560.0,1730.0,0
6582,6112,2024-10-29,35520.0,4590.0,14210.0,3640.0,300000
6583,4252,2026-04-15,19090.0,4010.0,7640.0,2000.0,300000
6584,3989,2026-05-05,39660.0,5230.0,15860.0,3120.0,150000
6585,7546,2026-03-04,25250.0,3270.0,10100.0,2780.0,0
6586,7790,2025-07-19,29130.0,3560.0,11650.0,3330.0,0
6587,7949,2025-08-30,39150.0,7330.0,15660.0,4520.0,300000
6588,923,2025-12-10,35200.0,3290.0,14080.0,4500.0,0
6589,2916,2026-04-10,27640.0,3300.0,11050.0,3640.0,0
6590,2951,2026-01-31,14140.0,1490.0,5660.0,1810.0,150000
6591,7958,2025-09-17,24260.0,5190.0,9710.0,3320.0,150000
6592,5706,2025-07-16,23770.0,4120.0,9510.0,3250.0,150000
6593,3047,2026-07-15,18540.0,2930.0,7420.0,2160.0,0
6594,7605,2026-03-02,24060.0,5990.0,9620.0,3180.0,150000
6595,975,2025-04-24,43680.0,7650.0,17470.0,4100.0,50000
6596,1231,2024-09-22,18410.0,2700.0,7360.0,1780.0,0
6597,2436,2025-11-19,22970.0,5650.0,9190.0,3380.0,0
6598,7648,2024-10-15,21290.0,2850.0,8520.0,2160.0,50000
6599,1815,2024-12-22,21160.0,3910.0,8470.0,2400.0,0
6600,2935,2025-01-18,8280.0,1640.0,3310.0,840.0,0
6601,4934,2026-05-17,9490.0,1330.0,3800.0,1220.0,300000
6602,6104,2025-08-29,15850.0,2480.0,6340.0,1510.0,300000
6603,1364,2026-02-16,17360.0,1300.0,6940.0,2050.0,0
6604,3941,2025-02-03,13670.0,2700.0,5470.0,1150.0,50000
6605,6484,2025-06-22,19330.0,5450.0,7730.0,2090.0,50000
6606,204,2025-04-08,24800.0,3780.0,9920.0,2480.0,300000
6607,161,2025-11-13,18190.0,2440.0,7280.0,2300.0,150000
6608,7708,2025-08-12,36930.0,6500.0,14770.0,3940.0,300000
6609,4488,2025-09-25,28320.0,3040.0,11330.0,3290.0,150000
6610,769,2025-01-19,22100.0,5340.0,8840.0,2400.0,300000
6611,3749,2024-12-04,45770.0,5500.0,18310.0,4460.0,0
6612,6719,2025-01-23,29390.0,2190.0,11750.0,3240.0,50000
6613,2582,2025-04-15,25790.0,4130.0,10320.0,2540.0,0
6614,1094,2024-08-22,15700.0,2680.0,6280.0,1670.0,50000
6615,7037,2024-10-09,25170.0,5370.0,10070.0,2810.0,150000
6616,4501,2025-04-22,32470.0,6930.0,12990.0,4660.0,0
6617,608,2025-04-30,22620.0,5630.0,9050.0,2810.0,0
6618,7843,2024-12-11,17970.0,5630.0,7190.0,1820.0,0
6619,5711,2026-06-10,6240.0,1180.0,2500.0,670.0,50000
6620,1541,2026-03-19,24950.0,3750.0,9980.0,2680.0,50000
6621,2876,2026-05-14,32720.0,5610.0,13090.0,3990.0,300000
6622,3192,2026-04-25,26460.0,5770.0,10590.0,3260.0,0
6623,1838,2026-07-05,16050.0,2400.0,6420.0,1980.0,150000
6624,690,2025-04-23,28380.0,2760.0,11350.0,2590.0,300000
6625,3760,2026-01-18,20700.0,5100.0,8280.0,2510.0,50000
6626,2950,2025-12-16,40190.0,6830.0,16070.0,3470.0,0
6627,5337,2024-10-16,22410.0,2720.0,8960.0,2820.0,150000
6628,2104,2024-09-13,11660.0,2810.0,4660.0,920.0,50000
6629,366,2026-01-10,12370.0,2580.0,4950.0,1810.0,0
6630,5819,2025-09-20,8550.0,960.0,3420.0,920.0,0
6631,3576,2026-08-06,45070.0,9180.0,18030.0,4190.0,0
6632,7912,2024-09-18,40860.0,8060.0,16340.0,3740.0,0
6633,7935,2025-08-07,34190.0,7460.0,13680.0,3670.0,300000
6634,4551,2026-03-14,24680.0,3040.0,9870.0,1660.0,0
6635,4200,2025-08-06,26470.0,4930.0,10590.0,2980.0,300000
6636,4173,2024-11-18,28990.0,4560.0,11600.0,4360.0,300000
6637,4326,2025-08-25,23600.0,4380.0,9440.0,2040.0,50000
6638,6034,2024-11-01,23750.0,3460.0,9500.0,3080.0,0
6639,7426,2026-02-05,33640.0,5210.0,13460.0,3390.0,0
6640,7432,2025-10-16,35770.0,6290.0,14310.0,3490.0,0
6641,2379,2025-09-30,42180.0,5080.0,16870.0,5140.0,50000
6642,1206,2025-08-23,25650.0,2130.0,10260.0,3260.0,0
6643,4989,2024-08-25,26170.0,3920.0,10470.0,2700.0,150000
6644,3840,2025-08-31,15970.0,4060.0,6390.0,2100.0,50000
6645,5670,2025-10-01,33800.0,7460.0,13520.0,2350.0,0
6646,2736,2024-09-23,43790.0,5400.0,17520.0,5030.0,300000
6647,6171,2026-06-20,36430.0,4480.0,14570.0,5200.0,50000
6648,3348,2025-01-27,11710.0,1950.0,4680.0,1270.0,50000
6649,1676,2025-09-22,17790.0,3560.0,7120.0,2440.0,50000
6650,299,2025-11-22,29500.0,5360.0,11800.0,3780.0,0
6651,957,2024-10-31,35450.0,8740.0,14180.0,4220.0,0
6652,6943,2026-02-14,26090.0,7070.0,10430.0,2980.0,300000
6653,1115,2025-01-27,15250.0,3770.0,6100.0,890.0,50000
6654,6624,2026-06-02,24910.0,5520.0,9970.0,2860.0,0
6655,6717,2025-02-04,16940.0,3220.0,6780.0,2230.0,0
6656,2506,2024-09-04,40170.0,5430.0,16070.0,3560.0,0
6657,1475,2025-06-03,22160.0,5930.0,8860.0,3350.0,0
6658,4461,2025-01-05,16490.0,3850.0,6600.0,1980.0,0
6659,7003,2025-08-14,21550.0,3180.0,8620.0,2500.0,0
6660,5795,2025-10-04,25770.0,4400.0,10310.0,3420.0,0
6661,4447,2025-06-07,21670.0,3620.0,8670.0,2340.0,0
6662,3727,2024-10-10,75620.0,3900.0,30250.0,3120.0,0
6663,3472,2024-12-20,23430.0,4960.0,9370.0,2490.0,0
6664,6397,2025-10-18,18060.0,4550.0,7220.0,2620.0,50000
6665,2829,2024-08-20,24130.0,1900.0,9650.0,2940.0,0
6666,6001,2024-11-23,16420.0,2490.0,6570.0,2430.0,50000
6667,2851,2026-01-30,14320.0,3930.0,5730.0,1900.0,300000
6668,5108,2024-10-02,16240.0,4130.0,6500.0,1800.0,50000
6669,2507,2025-07-28,21440.0,3240.0,8580.0,1910.0,0
6670,3771,2025-02-17,4710.0,1020.0,1880.0,570.0,50000
6671,2965,2025-03-16,33590.0,4640.0,13440.0,2920.0,300000
6672,4595,2025-03-20,23920.0,4310.0,9570.0,2580.0,0
6673,950,2026-04-06,29260.0,4950.0,11700.0,2670.0,0
6674,6091,2025-11-04,27010.0,5320.0,10800.0,3010.0,50000
6675,6143,2025-11-05,23730.0,4240.0,9490.0,1580.0,0
6676,4604,2025-11-28,10220.0,1690.0,4090.0,740.0,0
6677,5424,2024-11-09,21140.0,3980.0,8460.0,1780.0,150000
6678,6645,2024-12-11,30890.0,5590.0,12360.0,3690.0,150000
6679,2851,2024-10-15,14320.0,2570.0,5730.0,1900.0,0
6680,6742,2026-02-27,31840.0,4780.0,12740.0,4080.0,0
6681,166,2025-07-08,36070.0,6460.0,14430.0,4030.0,0
6682,3487,2026-02-04,25420.0,3860.0,10170.0,2940.0,150000
6683,2510,2025-11-27,24730.0,4700.0,9890.0,3580.0,0
6684,920,2026-02-03,27700.0,3290.0,11080.0,3180.0,0
6685,114,2025-08-22,36340.0,3180.0,14540.0,3140.0,0
6686,3505,2026-04-07,25820.0,3890.0,10330.0,3500.0,0
6687,992,2025-03-04,35940.0,7650.0,14370.0,3780.0,0
6688,7524,2026-05-07,13570.0,4000.0,5430.0,1840.0,50000
6689,6048,2024-08-20,19890.0,3610.0,7960.0,1500.0,150000
6690,7863,2025-08-15,15310.0,1690.0,6130.0,1900.0,300000
6691,6351,2025-10-13,33340.0,4000.0,13340.0,2820.0,50000
6692,3840,2024-10-17,15970.0,2040.0,6390.0,2100.0,300000
6693,1259,2025-11-03,15660.0,3580.0,6260.0,2190.0,50000
6694,7610,2025-02-19,17200.0,2880.0,6880.0,2220.0,50000
6695,3427,2024-12-21,39160.0,6290.0,15670.0,2820.0,0
6696,515,2025-04-17,24110.0,2810.0,9640.0,2570.0,300000
6697,5328,2026-01-07,34680.0,5270.0,13870.0,3990.0,0
6698,4805,2025-12-14,40310.0,3400.0,16120.0,3520.0,0
6699,3197,2024-10-01,13650.0,2520.0,5460.0,1630.0,0
6700,6282,2025-08-09,20450.0,4760.0,8180.0,2420.0,0
6701,4435,2025-01-19,7220.0,1410.0,2890.0,940.0,0
6702,2585,2025-12-19,18340.0,2070.0,7340.0,1610.0,300000
6703,68,2026-08-08,41550.0,3490.0,16620.0,3060.0,0
6704,1597,2026-03-19,27530.0,3950.0,11010.0,3670.0,50000
6705,5661,2026-05-04,35350.0,4640.0,14140.0,4090.0,150000
6706,4479,2025-10-15,14420.0,2660.0,5770.0,2040.0,150000
6707,19,2025-10-07,11190.0,2070.0,4480.0,1420.0,50000
6708,2731,2025-09-10,42710.0,9270.0,17080.0,3020.0,50000
6709,3522,2024-09-12,30650.0,2910.0,12260.0,4080.0,50000
6710,6218,2025-04-12,21730.0,6590.0,8690.0,2860.0,0
6711,573,2024-09-22,20940.0,3050.0,8370.0,2350.0,0
6712,7083,2025-03-24,27220.0,5230.0,10890.0,2310.0,0
6713,7833,2026-06-10,23420.0,2580.0,9370.0,2080.0,0
6714,5396,2025-01-26,30560.0,5350.0,12220.0,2680.0,0
6715,7216,2024-10-29,17200.0,2380.0,6880.0,1800.0,50000
6716,2259,2026-06-06,17190.0,5140.0,6880.0,1540.0,0
6717,2903,2025-11-19,17350.0,1780.0,6940.0,2660.0,0
6718,6040,2025-06-28,33090.0,4090.0,13240.0,3860.0,0
6719,651,2024-09-08,13860.0,1750.0,5550.0,1060.0,300000
6720,5742,2025-04-28,19300.0,2410.0,7720.0,1980.0,300000
6721,5090,2024-11-03,27780.0,3620.0,11110.0,4130.0,150000
6722,6839,2026-01-02,38170.0,4770.0,15270.0,4140.0,50000
6723,2588,2024-09-29,21480.0,5920.0,8590.0,2350.0,0
6724,7877,2025-04-05,12120.0,1540.0,4850.0,1180.0,0
6725,3263,2026-07-10,36430.0,3460.0,14570.0,0.0,0
6726,1339,2025-01-10,34120.0,4960.0,13650.0,2820.0,300000
6727,4997,2026-02-25,21020.0,2300.0,8410.0,3020.0,300000
6728,3635,2026-07-21,15330.0,2790.0,6130.0,1690.0,300000
6729,5781,2025-12-30,17680.0,6970.0,7070.0,2040.0,0
6730,2828,2024-12-19,17350.0,4400.0,6940.0,1420.0,300000
6731,5682,2025-02-14,21240.0,4830.0,8490.0,2060.0,50000
6732,6020,2025-05-16,37540.0,7420.0,15020.0,4540.0,150000
6733,5878,2025-01-19,26040.0,5470.0,10420.0,2790.0,0
6734,5233,2026-03-02,21410.0,4390.0,8560.0,1880.0,50000
6735,2218,2025-04-30,19600.0,2780.0,7840.0,2200.0,300000
6736,3540,2025-09-12,26160.0,3170.0,10470.0,3460.0,150000
6737,7846,2025-11-05,36950.0,4320.0,14780.0,3780.0,50000
6738,6041,2024-11-18,10870.0,1510.0,4350.0,1010.0,0
6739,1038,2025-09-24,18440.0,2990.0,7380.0,1710.0,0
6740,5835,2025-05-26,39400.0,4160.0,15760.0,4210.0,300000
6741,4384,2026-04-14,41680.0,5900.0,16670.0,4520.0,300000
6742,3979,2024-12-31,11170.0,2320.0,4470.0,980.0,150000
6743,6333,2025-10-07,18620.0,2110.0,7450.0,2010.0,0
6744,2962,2025-03-03,25570.0,7150.0,10230.0,3890.0,0
6745,3227,2025-08-31,24130.0,3670.0,9650.0,2550.0,50000
6746,5687,2026-05-06,26780.0,5320.0,10710.0,3180.0,0
6747,6838,2025-06-06,16100.0,3190.0,6440.0,1790.0,0
6748,5842,2025-08-24,20500.0,3700.0,8200.0,2910.0,0
6749,7032,2025-03-22,13920.0,3250.0,5570.0,1420.0,0
6750,6615,2025-06-11,25110.0,2480.0,10040.0,2620.0,0
6751,1099,2025-12-10,35260.0,7000.0,14110.0,4400.0,300000
6752,2325,2025-09-12,24390.0,2770.0,9760.0,2800.0,0
6753,940,2025-02-20,21490.0,3120.0,8600.0,3550.0,0
6754,3717,2025-07-06,36240.0,9520.0,14500.0,3960.0,50000
6755,3415,2025-01-28,42430.0,6140.0,16970.0,4660.0,50000
6756,1449,2025-11-14,30940.0,4320.0,12380.0,3820.0,0
6757,571,2025-09-26,25810.0,3050.0,10320.0,2670.0,0
6758,7679,2025-10-08,27230.0,2700.0,10890.0,2780.0,0
6759,2905,2025-12-06,28160.0,5250.0,11260.0,2740.0,300000
6760,5097,2024-10-19,24580.0,3420.0,9830.0,2740.0,150000
6761,5302,2025-06-26,24720.0,4500.0,9890.0,2530.0,0
6762,2506,2026-07-29,40170.0,6000.0,16070.0,3560.0,0
6763,918,2026-07-17,22590.0,2610.0,9040.0,3280.0,0
6764,1875,2026-07-01,17020.0,2070.0,6810.0,1740.0,0
6765,4929,2024-11-30,41210.0,3680.0,16480.0,3960.0,0
6766,7232,2024-12-29,25050.0,3990.0,10020.0,2220.0,0
6767,6983,2024-11-21,20870.0,4370.0,8350.0,2060.0,0
6768,7428,2025-08-30,21840.0,2040.0,8740.0,2380.0,150000
6769,6337,2024-10-16,21200.0,2580.0,8480.0,2830.0,0
6770,1679,2026-04-14,30290.0,5540.0,12120.0,4610.0,0
6771,616,2026-04-21,25890.0,6490.0,10360.0,2420.0,0
6772,4502,2024-09-02,25560.0,3050.0,10230.0,1280.0,50000
6773,1750,2024-11-14,32990.0,4290.0,13200.0,3280.0,0
6774,3826,2025-09-11,15450.0,2200.0,6180.0,1740.0,150000
6775,7087,2026-04-13,20500.0,2170.0,8200.0,2430.0,50000
6776,6865,2026-07-21,21270.0,4160.0,8510.0,1930.0,150000
6777,4189,2024-12-02,40070.0,3410.0,16030.0,4680.0,300000
6778,2478,2026-02-25,23010.0,4620.0,9200.0,2730.0,150000
6779,4750,2026-06-04,31330.0,6380.0,12530.0,2810.0,150000
6780,3506,2024-11-08,43500.0,7600.0,17400.0,4000.0,150000
6781,3476,2025-03-10,20970.0,2340.0,8390.0,2250.0,300000
6782,4530,2026-06-27,42010.0,8030.0,16800.0,5450.0,50000
6783,1136,2026-08-03,13790.0,1880.0,5520.0,1410.0,0
6784,4001,2025-01-19,33860.0,3490.0,13540.0,4180.0,0
6785,375,2024-09-11,20820.0,3940.0,8330.0,2020.0,150000
6786,7227,2026-07-11,36630.0,5080.0,14650.0,3660.0,0
6787,5163,2026-03-11,26040.0,3550.0,10420.0,3620.0,0
6788,207,2024-09-29,34930.0,7360.0,13970.0,4050.0,0
6789,4876,2025-05-05,16840.0,3730.0,6740.0,1860.0,0
6790,1320,2026-02-08,22320.0,2320.0,8930.0,2580.0,300000
6791,1142,2026-04-27,15860.0,3000.0,6350.0,2050.0,300000
6792,4628,2025-03-08,32300.0,6240.0,12920.0,3520.0,300000
6793,7390,2026-04-12,13170.0,1140.0,5270.0,1690.0,0
6794,6310,2026-05-13,7760.0,1650.0,3110.0,870.0,50000
6795,2691,2024-12-03,18000.0,3390.0,7200.0,2470.0,300000
6796,7324,2025-07-08,37590.0,2750.0,15040.0,4920.0,0
6797,3256,2026-01-20,17120.0,2940.0,6850.0,1410.0,300000
6798,90,2025-07-15,32620.0,7060.0,13050.0,3860.0,0
6799,5214,2025-11-15,14330.0,2490.0,5730.0,1500.0,50000
6800,4109,2026-06-23,7280.0,750.0,2910.0,720.0,50000
6801,3021,2024-11-18,13260.0,2420.0,5300.0,1580.0,300000
6802,1858,2025-08-27,24840.0,4920.0,9940.0,2260.0,50000
6803,805,2025-03-07,15190.0,2300.0,6080.0,1610.0,0
6804,945,2026-06-28,16940.0,3180.0,6780.0,1740.0,0
6805,2790,2024-08-24,42660.0,4970.0,17060.0,5500.0,0
6806,5954,2026-07-25,15420.0,3820.0,6170.0,1950.0,0
6807,3876,2024-11-30,16560.0,4630.0,6620.0,1340.0,300000
6808,7606,2025-09-12,31390.0,7070.0,12560.0,4500.0,50000
6809,7706,2024-11-20,19000.0,2990.0,7600.0,2080.0,0
6810,1611,2024-12-20,16170.0,2900.0,6470.0,1300.0,0
6811,2924,2024-09-07,36950.0,4820.0,14780.0,2940.0,0
6812,6056,2025-11-04,24670.0,1760.0,9870.0,2620.0,150000
6813,3883,2025-03-01,19240.0,3450.0,7700.0,2060.0,0
6814,3222,2024-09-16,35700.0,7590.0,14280.0,5070.0,150000
6815,6804,2025-08-25,20800.0,4510.0,8320.0,2820.0,0
6816,7176,2026-06-13,7430.0,1830.0,2970.0,820.0,0
6817,5149,2024-11-19,27020.0,3860.0,10810.0,1820.0,0
6818,4392,2026-08-09,25630.0,3090.0,10250.0,3810.0,0
6819,7130,2025-07-27,35050.0,6080.0,14020.0,3440.0,0
6820,5022,2026-01-06,16380.0,2790.0,6550.0,1540.0,0
6821,7889,2025-07-31,46320.0,4230.0,18530.0,5660.0,50000
6822,4736,2025-03-23,47510.0,7900.0,19010.0,5040.0,150000
6823,2388,2025-06-15,18840.0,6440.0,7540.0,2110.0,50000
6824,4724,2026-01-29,24790.0,2640.0,9920.0,2770.0,300000
6825,6583,2026-01-21,19010.0,3010.0,7600.0,2430.0,0
6826,5264,2026-07-29,26040.0,5900.0,10410.0,2800.0,0
6827,942,2025-01-13,15180.0,1800.0,6070.0,1540.0,300000
6828,4926,2025-05-06,24370.0,3020.0,9750.0,3660.0,300000
6829,5867,2026-04-14,14320.0,4050.0,5730.0,1860.0,0
6830,2567,2024-10-20,17160.0,1840.0,6870.0,1930.0,0
6831,976,2024-12-23,43450.0,6280.0,17380.0,4410.0,300000
6832,7213,2025-07-25,19940.0,2140.0,7980.0,2350.0,300000
6833,955,2024-10-18,22840.0,4800.0,9130.0,1700.0,150000
6834,1263,2026-05-22,36040.0,6350.0,14410.0,3910.0,300000
6835,5048,2026-01-04,21870.0,3030.0,8750.0,2010.0,0
6836,944,2024-08-28,9560.0,1150.0,3820.0,1420.0,50000
6837,2203,2025-04-19,25520.0,3800.0,10210.0,2550.0,0
6838,5301,2024-10-31,35240.0,5600.0,14100.0,4180.0,0
6839,7383,2026-06-23,27620.0,6030.0,11050.0,2650.0,300000
6840,6232,2026-03-07,24360.0,4620.0,9740.0,4150.0,0
6841,3328,2026-02-15,40750.0,8020.0,16300.0,3820.0,0
6842,5631,2025-07-27,35860.0,3910.0,14340.0,4680.0,50000
6843,5193,2026-06-18,43190.0,5970.0,17280.0,6980.0,0
6844,7075,2024-12-07,19830.0,5130.0,7930.0,2740.0,50000
6845,4275,2024-10-08,45220.0,4600.0,18090.0,4980.0,150000
6846,2260,2024-11-17,26210.0,3710.0,10490.0,2830.0,150000
6847,1829,2026-02-27,32450.0,7500.0,12980.0,3480.0,0
6848,1258,2026-02-27,33070.0,3650.0,13230.0,2590.0,0
6849,465,2025-10-23,16200.0,2060.0,6480.0,1780.0,0
6850,5871,2026-06-29,15770.0,3790.0,6310.0,970.0,50000
6851,3295,2025-03-10,30520.0,4360.0,12210.0,3120.0,50000
6852,6775,2026-04-16,37480.0,4600.0,14990.0,5020.0,0
6853,6969,2024-10-21,16170.0,2930.0,6470.0,1500.0,150000
6854,7432,2026-05-22,35770.0,8490.0,14310.0,3490.0,50000
6855,1231,2025-06-04,18410.0,3950.0,7360.0,1780.0,0
6856,2655,2025-09-23,20560.0,4930.0,8220.0,3090.0,0
6857,885,2025-11-19,16770.0,1440.0,6710.0,1380.0,0
6858,3806,2026-04-25,12910.0,3110.0,5160.0,1560.0,0
6859,6510,2025-01-02,23970.0,4280.0,9590.0,2450.0,300000
6860,6420,2025-07-30,20590.0,3870.0,8240.0,2150.0,0
6861,6524,2025-12-14,26110.0,6250.0,10440.0,3190.0,0
6862,7911,2026-05-06,33300.0,3160.0,13320.0,3200.0,300000
6863,5429,2026-02-01,14230.0,2040.0,5690.0,1340.0,0
6864,5751,2026-05-03,25570.0,5840.0,10230.0,3780.0,150000
6865,7436,2026-08-03,23940.0,4740.0,9570.0,2430.0,0
6866,5041,2025-08-18,26300.0,4250.0,10520.0,3520.0,0
6867,3857,2025-07-30,34380.0,7510.0,13750.0,4740.0,0
6868,3136,2025-03-01,31950.0,6010.0,12780.0,3410.0,0
6869,6954,2025-11-21,23680.0,6170.0,9470.0,2130.0,0
6870,7518,2026-03-25,25720.0,5570.0,10290.0,2220.0,50000
6871,925,2025-03-08,12660.0,1390.0,5060.0,1190.0,150000
6872,6035,2025-12-26,34310.0,5000.0,13720.0,4290.0,0
6873,4590,2026-05-26,30960.0,4510.0,12380.0,3980.0,150000
6874,1547,2026-06-17,26110.0,3550.0,10440.0,2750.0,150000
6875,7266,2026-05-04,27880.0,7900.0,11150.0,4410.0,50000
6876,6066,2024-10-16,27760.0,5550.0,11100.0,2790.0,300000
6877,1095,2025-04-08,11130.0,2050.0,4450.0,1540.0,150000
6878,2412,2026-02-23,47520.0,5840.0,19010.0,4540.0,0
6879,2618,2025-01-06,24960.0,5710.0,9980.0,2420.0,0
6880,5922,2025-06-20,11210.0,3080.0,4480.0,1290.0,150000
6881,763,2025-12-28,34850.0,6360.0,13940.0,4040.0,0
6882,2324,2025-08-09,24820.0,3840.0,9930.0,3030.0,0
6883,4146,2026-08-19,26580.0,4870.0,10630.0,4060.0,50000
6884,7526,2026-04-02,25520.0,2400.0,10210.0,3040.0,0
6885,2776,2024-11-03,17140.0,3420.0,6860.0,1670.0,300000
6886,5002,2026-01-25,35980.0,3740.0,14390.0,4200.0,150000
6887,7072,2025-06-13,15240.0,1950.0,6100.0,1390.0,300000
6888,4660,2025-02-19,21060.0,2090.0,8420.0,3120.0,0
6889,4879,2024-11-02,31100.0,3780.0,12440.0,3310.0,50000
6890,6629,2026-05-11,28620.0,5220.0,11450.0,3150.0,50000
6891,3156,2024-12-03,23260.0,4410.0,9300.0,1820.0,150000
6892,3971,2026-02-08,43910.0,6240.0,17560.0,5480.0,0
6893,7973,2024-12-28,23450.0,2820.0,9380.0,2390.0,50000
6894,7806,2024-12-08,28560.0,4270.0,11420.0,3180.0,50000
6895,2041,2025-10-05,29830.0,7690.0,11930.0,3310.0,50000
6896,5928,2025-06-20,18500.0,3740.0,7400.0,1750.0,0
6897,584,2025-01-28,26490.0,3470.0,10600.0,2140.0,0
6898,5416,2025-03-23,21000.0,5160.0,8400.0,1780.0,50000
6899,4332,2025-08-17,13230.0,2120.0,5290.0,0.0,300000
6900,2104,2026-05-15,11660.0,3150.0,4660.0,920.0,0
6901,1943,2025-12-03,32620.0,5900.0,13050.0,4060.0,300000
6902,4456,2025-08-04,43370.0,7590.0,17350.0,3800.0,150000
6903,6027,2025-10-03,16730.0,3000.0,6690.0,1560.0,0
6904,110,2026-08-18,18250.0,4260.0,7300.0,1220.0,50000
6905,192,2026-04-29,22690.0,4170.0,9070.0,2230.0,0
6906,904,2026-07-31,16600.0,2330.0,6640.0,1870.0,50000
6907,5213,2025-06-25,35830.0,3890.0,14330.0,3580.0,0
6908,862,2026-08-12,27290.0,5490.0,10920.0,3690.0,0
6909,6712,2025-07-22,29360.0,5030.0,11740.0,2610.0,150000
6910,1084,2026-02-04,29130.0,2700.0,11650.0,4130.0,150000
6911,650,2026-02-09,16710.0,3030.0,6690.0,2060.0,0
6912,4135,2024-09-05,25890.0,3310.0,10360.0,2120.0,150000
6913,3612,2026-07-24,22340.0,3160.0,8940.0,1640.0,0
6914,7217,2026-06-27,45950.0,6920.0,18380.0,5210.0,0
6915,7588,2025-04-17,27300.0,3130.0,10920.0,2900.0,0
6916,637,2026-02-02,24480.0,4420.0,9790.0,2300.0,50000
6917,1037,2025-05-14,17180.0,1760.0,6870.0,1920.0,0
6918,4132,2026-08-13,39590.0,7000.0,15840.0,2530.0,50000
6919,2149,2025-05-18,16280.0,3010.0,6510.0,2350.0,150000
6920,3866,2025-11-11,26380.0,2920.0,10550.0,3540.0,0
6921,3158,2024-11-14,17150.0,1640.0,6860.0,1670.0,300000
6922,3588,2025-02-25,15860.0,5610.0,6340.0,1300.0,0
6923,3295,2024-12-07,30520.0,6560.0,12210.0,3120.0,0
6924,5458,2026-07-04,49470.0,5170.0,19790.0,6260.0,0
6925,6080,2025-02-03,39680.0,5940.0,15870.0,3650.0,0
6926,4262,2024-11-27,25160.0,3020.0,10060.0,2900.0,0
6927,2431,2025-09-22,35710.0,8420.0,14280.0,4300.0,50000
6928,1880,2024-10-01,14290.0,2630.0,5720.0,1420.0,0
6929,3967,2025-07-04,34320.0,4440.0,13730.0,3070.0,0
6930,7544,2025-08-21,36170.0,3810.0,14470.0,3140.0,0
6931,7639,2026-08-14,15810.0,1960.0,6320.0,1380.0,150000
6932,6934,2026-08-15,7300.0,830.0,2920.0,880.0,50000
6933,3714,2025-02-16,9310.0,2370.0,3720.0,1020.0,300000
6934,4127,2025-04-14,19620.0,2930.0,7850.0,1740.0,0
6935,7543,2025-02-03,22830.0,3060.0,9130.0,2020.0,300000
6936,4107,2025-03-09,23220.0,5070.0,9290.0,3930.0,150000
6937,2012,2024-12-28,19420.0,2450.0,7770.0,1630.0,300000
6938,3374,2024-11-14,35540.0,5450.0,14220.0,4610.0,50000
6939,2144,2026-06-08,38070.0,5950.0,15230.0,3790.0,150000
6940,7358,2024-12-10,44550.0,4810.0,17820.0,3860.0,0
6941,2501,2025-09-30,68530.0,5820.0,27410.0,3060.0,150000
6942,6336,2026-06-24,25710.0,3350.0,10280.0,3010.0,300000
6943,4582,2025-08-14,25370.0,4840.0,10150.0,2830.0,0
6944,1290,2025-10-21,32480.0,5910.0,12990.0,3360.0,150000
6945,1448,2026-06-08,22910.0,3070.0,9160.0,3290.0,0
6946,3200,2025-01-25,43950.0,5340.0,17580.0,3910.0,150000
6947,6382,2025-04-15,29220.0,3230.0,11690.0,1750.0,150000
6948,1944,2026-06-22,15850.0,2800.0,6340.0,1830.0,0
6949,7523,2025-11-26,26710.0,6080.0,10690.0,3060.0,0
6950,6060,2026-08-10,15150.0,3360.0,6060.0,1100.0,300000
6951,3184,2024-09-25,36200.0,4200.0,14480.0,4450.0,150000
6952,5948,2025-10-14,15210.0,1870.0,6080.0,1600.0,50000
6953,5566,2026-01-18,28840.0,2800.0,11530.0,3600.0,300000
6954,5463,2025-02-12,17360.0,4020.0,6940.0,2100.0,50000
6955,3217,2026-03-09,30270.0,2750.0,12110.0,3240.0,150000
6956,3137,2025-03-12,30160.0,6550.0,12060.0,3670.0,150000
6957,3319,2025-05-06,24040.0,4600.0,9620.0,2260.0,0
6958,2783,2025-05-18,30940.0,6380.0,12370.0,3240.0,0
6959,991,2025-08-24,30740.0,7530.0,12300.0,3240.0,150000
6960,7658,2025-11-05,26450.0,4120.0,10580.0,2930.0,50000
6961,4921,2025-03-27,38590.0,6910.0,15440.0,5370.0,0
6962,5559,2025-02-09,49090.0,9520.0,19630.0,5190.0,0
6963,2154,2026-02-08,29660.0,8000.0,11860.0,3290.0,50000
6964,6325,2024-09-19,23660.0,6290.0,9460.0,2420.0,50000
6965,6328,2026-05-26,17720.0,4500.0,7090.0,1790.0,0
6966,226,2024-10-30,26530.0,3840.0,10610.0,2400.0,0
6967,777,2025-02-22,22650.0,5960.0,9060.0,2220.0,0
6968,2838,2024-08-29,22680.0,4060.0,9070.0,1980.0,50000
6969,5209,2025-03-13,34600.0,4820.0,13840.0,3030.0,0
6970,688,2024-10-11,41220.0,5920.0,16490.0,4050.0,0
6971,530,2025-07-16,24940.0,4240.0,9980.0,3000.0,150000
6972,3443,2024-09-04,17420.0,3780.0,6970.0,1690.0,50000
6973,5068,2024-11-06,8170.0,1490.0,3270.0,670.0,0
6974,5032,2024-10-12,42620.0,7310.0,17050.0,4400.0,0
6975,5519,2026-02-24,23800.0,4430.0,9520.0,2650.0,0
6976,2154,2026-04-09,29660.0,4300.0,11860.0,3290.0,0
6977,1295,2025-10-20,31070.0,5710.0,12430.0,3860.0,0
6978,6095,2025-10-07,27510.0,5430.0,11000.0,2300.0,0
6979,6975,2026-02-04,31330.0,5300.0,12530.0,3810.0,0
6980,1527,2024-09-27,31070.0,5830.0,12430.0,3820.0,0
6981,4775,2025-02-17,20050.0,2940.0,8020.0,2500.0,300000
6982,7693,2026-06-29,37670.0,5930.0,15070.0,3300.0,150000
6983,2897,2025-05-27,20240.0,4840.0,8100.0,3220.0,300000
6984,3104,2026-06-25,20010.0,4250.0,8000.0,2310.0,0
6985,2441,2025-06-30,33340.0,5360.0,13340.0,2980.0,0
6986,4136,2024-08-29,33540.0,7120.0,13420.0,3500.0,0
6987,6804,2026-04-07,20800.0,2380.0,8320.0,2820.0,0
6988,7386,2025-09-29,22580.0,2730.0,9030.0,3100.0,0
6989,3803,2026-05-14,18340.0,4880.0,7340.0,2020.0,50000
6990,7125,2025-02-01,37690.0,3020.0,15080.0,3530.0,0
6991,5202,2025-03-14,29550.0,4810.0,11820.0,3030.0,50000
6992,845,2026-01-14,26340.0,5330.0,10530.0,2620.0,50000
6993,5840,2025-05-25,10170.0,1770.0,4070.0,1480.0,0
6994,6345,2026-04-25,29370.0,6520.0,11750.0,4100.0,300000
6995,447,2026-05-08,21230.0,4730.0,8490.0,1660.0,0
6996,3916,2025-10-09,14910.0,3790.0,5970.0,0.0,0
6997,7596,2025-02-18,24200.0,2320.0,9680.0,2400.0,0
6998,3110,2025-05-12,33100.0,5290.0,13240.0,3350.0,0
6999,1235,2024-11-27,19220.0,4840.0,7690.0,1800.0,0
7000,6588,2026-08-17,67240.0,2770.0,26900.0,3930.0,50000
7001,5447,2025-04-16,36930.0,4080.0,14770.0,4810.0,300000
7002,6905,2025-08-07,31510.0,5170.0,12600.0,3980.0,300000
7003,227,2024-12-04,22120.0,4090.0,8850.0,2070.0,0
7004,4144,2025-09-16,25190.0,4280.0,10080.0,2210.0,50000
7005,7186,2025-04-18,26870.0,5060.0,10750.0,2650.0,0
7006,2960,2026-01-25,22570.0,6430.0,9030.0,1810.0,300000
7007,5559,2025-04-13,49090.0,9350.0,19630.0,5190.0,0
7008,1831,2025-03-12,36870.0,3150.0,14750.0,3790.0,300000
7009,3780,2025-03-12,23870.0,4830.0,9550.0,2340.0,0
7010,187,2025-10-29,20970.0,2360.0,8390.0,2420.0,300000
7011,6489,2025-08-26,32180.0,5040.0,12870.0,3210.0,0
7012,6368,2026-08-13,22390.0,2950.0,8960.0,2470.0,0
7013,2878,2025-10-20,23780.0,5540.0,9510.0,3170.0,50000
7014,2536,2026-01-02,18270.0,1440.0,7310.0,2400.0,0
7015,1933,2025-01-24,31880.0,4340.0,12750.0,4330.0,0
7016,2925,2026-02-07,48080.0,6500.0,19230.0,4160.0,0
7017,849,2026-06-26,21780.0,3710.0,8710.0,2230.0,0
7018,2033,2026-05-18,28560.0,3520.0,11420.0,2310.0,300000
7019,1253,2025-03-12,17330.0,3440.0,6930.0,1850.0,0
7020,5510,2025-06-14,31700.0,4630.0,12680.0,4540.0,300000
7021,5075,2024-10-01,47530.0,7850.0,19010.0,5380.0,0
7022,5709,2026-05-09,12020.0,1540.0,4810.0,1190.0,300000
7023,5113,2026-06-13,26350.0,5380.0,10540.0,2740.0,0
7024,6332,2026-04-06,27180.0,3930.0,10870.0,2850.0,300000
7025,1882,2025-05-10,33340.0,3640.0,13330.0,3370.0,0
7026,270,2024-12-16,14100.0,2570.0,5640.0,1380.0,300000
7027,1631,2026-01-12,36010.0,5880.0,14400.0,2540.0,300000
7028,4406,2025-06-15,27760.0,3740.0,11110.0,2030.0,0
7029,3204,2024-11-01,15810.0,4570.0,6330.0,1820.0,0
7030,6140,2026-06-29,14290.0,3450.0,5720.0,1340.0,150000
7031,1575,2024-11-26,13590.0,2390.0,5440.0,1630.0,300000
7032,5192,2025-03-26,30730.0,4530.0,12290.0,4100.0,50000
7033,7961,2024-11-08,22650.0,3910.0,9060.0,2330.0,150000
7034,2893,2026-05-24,29610.0,6230.0,11840.0,3050.0,0
7035,1696,2024-09-03,16980.0,3100.0,6790.0,1460.0,50000
7036,3259,2024-12-14,20730.0,4300.0,8290.0,2350.0,0
7037,6630,2025-06-03,20830.0,4040.0,8330.0,3220.0,0
7038,3263,2026-01-19,36430.0,6240.0,14570.0,0.0,0
7039,1446,2026-07-17,27850.0,4060.0,11140.0,3090.0,150000
7040,6264,2026-08-04,28320.0,6110.0,11330.0,2400.0,0
7041,220,2026-08-09,14830.0,2490.0,5930.0,1490.0,150000
7042,53,2025-11-15,23280.0,4010.0,9310.0,2080.0,0
7043,1758,2024-10-15,21690.0,2450.0,8680.0,2230.0,300000
7044,5571,2026-02-26,20530.0,2760.0,8210.0,2020.0,50000
7045,7580,2025-07-14,27040.0,3590.0,10820.0,3830.0,150000
7046,1667,2026-08-12,27740.0,5000.0,11100.0,3410.0,50000
7047,5357,2024-08-29,34990.0,6260.0,14000.0,3180.0,300000
7048,6902,2025-07-01,10380.0,2750.0,4150.0,1310.0,300000
7049,2786,2025-02-02,14810.0,1770.0,5930.0,1670.0,150000
7050,720,2025-03-23,17840.0,2240.0,7140.0,1860.0,0
7051,406,2025-08-26,20320.0,4260.0,8130.0,2430.0,300000
7052,6752,2024-11-05,30640.0,5520.0,12260.0,3860.0,0
7053,7165,2025-12-10,19880.0,2960.0,7950.0,1910.0,150000
7054,6566,2026-05-13,29720.0,3700.0,11890.0,3000.0,0
7055,6856,2026-03-17,36290.0,3620.0,14520.0,2630.0,0
7056,2295,2024-10-21,38930.0,4610.0,15570.0,5190.0,50000
7057,72,2024-11-16,28330.0,3650.0,11330.0,3390.0,0
7058,5950,2026-02-05,22850.0,4250.0,9140.0,2780.0,0
7059,6329,2026-05-23,22470.0,4600.0,8990.0,1400.0,50000
7060,2054,2024-10-20,18770.0,2510.0,7510.0,2690.0,300000
7061,1230,2025-04-04,32550.0,4600.0,13020.0,3430.0,0
7062,1568,2025-09-13,26220.0,2180.0,10490.0,2580.0,0
7063,3683,2025-06-08,26790.0,5780.0,10710.0,3300.0,150000
7064,2954,2026-06-09,13870.0,4040.0,5550.0,1210.0,0
7065,4483,2025-09-05,17360.0,3830.0,6950.0,2460.0,50000
7066,5888,2025-02-04,27680.0,3930.0,11070.0,2940.0,0
7067,699,2026-01-04,25730.0,4210.0,10290.0,3500.0,0
7068,7244,2026-06-09,30830.0,6110.0,12330.0,2060.0,300000
7069,5297,2024-08-20,30890.0,4020.0,12360.0,3010.0,0
7070,827,2026-08-09,19190.0,4520.0,7680.0,1810.0,0
7071,5919,2025-11-10,26090.0,3310.0,10440.0,2620.0,0
7072,349,2025-09-01,20810.0,2760.0,8330.0,2350.0,0
7073,5375,2025-04-09,15750.0,3320.0,6300.0,1090.0,300000
7074,3909,2026-05-02,10600.0,2530.0,4240.0,1140.0,0
7075,7870,2025-02-08,29660.0,3130.0,11870.0,3580.0,300000
7076,308,2025-08-01,31100.0,3100.0,12440.0,3910.0,0
7077,3417,2024-09-22,31460.0,4450.0,12580.0,3420.0,50000
7078,5247,2025-06-11,32910.0,4060.0,13160.0,5250.0,0
7079,6057,2026-03-25,26660.0,2600.0,10670.0,2820.0,300000
7080,2335,2025-10-20,20600.0,2750.0,8240.0,1880.0,50000
7081,4862,2024-12-06,17790.0,2710.0,7120.0,0.0,150000
7082,4821,2025-08-23,35880.0,3880.0,14350.0,4450.0,0
7083,2810,2026-04-06,32560.0,6410.0,13020.0,3660.0,300000
7084,5716,2026-02-03,32550.0,7360.0,13020.0,3940.0,150000
7085,3559,2025-04-25,29840.0,4710.0,11940.0,2710.0,0
7086,4479,2024-11-27,14420.0,2430.0,5770.0,2040.0,300000
7087,3478,2025-07-27,36900.0,6860.0,14760.0,3770.0,150000
7088,6532,2026-05-15,24180.0,5150.0,9670.0,2570.0,150000
7089,4621,2025-09-20,15380.0,1830.0,6150.0,1500.0,0
7090,7725,2025-07-29,24390.0,2430.0,9750.0,2980.0,150000
7091,2687,2026-06-30,16420.0,2790.0,6570.0,1940.0,50000
7092,2986,2024-12-29,18730.0,4020.0,7490.0,2580.0,150000
7093,7794,2025-03-01,40490.0,5420.0,16200.0,5270.0,150000
7094,276,2025-07-04,27180.0,4050.0,10870.0,3300.0,300000
7095,2548,2025-10-28,14580.0,3810.0,5830.0,1490.0,150000
7096,2765,2025-08-17,12670.0,2830.0,5070.0,1660.0,0
7097,337,2026-01-19,13970.0,2180.0,5590.0,1290.0,150000
7098,1974,2026-04-04,23730.0,5920.0,9490.0,2900.0,0
7099,2980,2025-08-13,24770.0,2800.0,9910.0,3000.0,0
7100,4577,2025-04-22,23370.0,5640.0,9350.0,2150.0,300000
7101,3969,2025-04-21,20030.0,3610.0,8010.0,2260.0,0
7102,911,2024-11-22,29870.0,5030.0,11950.0,4230.0,50000
7103,1997,2026-07-08,23380.0,4950.0,9350.0,2460.0,0
7104,7441,2024-10-24,39510.0,6500.0,15810.0,4240.0,0
7105,3130,2026-04-12,70130.0,2550.0,28050.0,2760.0,150000
7106,5448,2026-04-20,21180.0,5560.0,8470.0,0.0,0
7107,6130,2026-05-24,22610.0,4280.0,9040.0,3080.0,300000
7108,5851,2025-06-18,33530.0,6550.0,13410.0,4030.0,0
7109,4205,2025-03-01,29370.0,2870.0,11750.0,2230.0,0
7110,7447,2025-11-04,16610.0,3550.0,6640.0,2070.0,150000
7111,3758,2026-01-11,11480.0,3610.0,4590.0,1620.0,0
7112,328,2025-10-08,18730.0,4070.0,7490.0,1490.0,300000
7113,1800,2026-06-24,27540.0,7770.0,11020.0,3190.0,150000
7114,315,2026-05-05,48730.0,8790.0,19490.0,6640.0,150000
7115,3546,2025-05-22,41090.0,6480.0,16440.0,4980.0,150000
7116,1135,2026-06-22,33600.0,3080.0,13440.0,3770.0,0
7117,2747,2026-03-11,8000.0,1850.0,3200.0,780.0,0
7118,4877,2026-01-07,31500.0,3790.0,12600.0,3230.0,300000
7119,7397,2025-03-21,26490.0,1850.0,10600.0,1640.0,50000
7120,1521,2026-08-06,19090.0,2010.0,7630.0,2750.0,150000
7121,156,2026-04-07,21670.0,4160.0,8670.0,1840.0,0
7122,5593,2026-07-14,20910.0,3630.0,8360.0,2190.0,0
7123,1725,2024-09-18,23370.0,2800.0,9350.0,2960.0,150000
7124,3344,2026-01-10,16930.0,4970.0,6770.0,2240.0,0
7125,887,2026-05-14,42790.0,8360.0,17120.0,4100.0,0
7126,3074,2025-05-12,44090.0,5950.0,17640.0,4850.0,50000
7127,2806,2026-03-11,5920.0,1120.0,2370.0,510.0,0
7128,722,2026-07-31,23960.0,5660.0,9580.0,1910.0,0
7129,7679,2026-04-05,27230.0,5200.0,10890.0,2780.0,0
7130,913,2025-03-04,12510.0,3540.0,5000.0,1190.0,0
7131,3358,2025-11-06,39380.0,6260.0,15750.0,4060.0,0
7132,871,2025-03-08,38990.0,5240.0,15600.0,4180.0,50000
7133,4109,2025-11-24,7280.0,1480.0,2910.0,720.0,0
7134,6752,2026-01-15,30640.0,5920.0,12260.0,3860.0,0
7135,498,2026-02-27,30220.0,3260.0,12090.0,3920.0,50000
7136,1757,2026-01-20,28820.0,4810.0,11530.0,3100.0,0
7137,6382,2024-11-09,29220.0,4230.0,11690.0,1750.0,150000
7138,1118,2024-08-26,28940.0,6490.0,11580.0,2460.0,300000
7139,3410,2024-08-23,15190.0,3780.0,6080.0,1730.0,50000
7140,2829,2025-11-11,24130.0,3790.0,9650.0,2940.0,150000
7141,5291,2025-09-13,43660.0,5070.0,17460.0,4860.0,50000
7142,6101,2025-07-24,32660.0,3970.0,13060.0,3940.0,150000
7143,6750,2025-12-03,23880.0,4660.0,9550.0,3170.0,0
7144,6805,2025-05-20,20650.0,1510.0,8260.0,2040.0,50000
7145,1648,2025-12-31,27450.0,2790.0,10980.0,3390.0,0
7146,5687,2025-05-02,26780.0,3960.0,10710.0,3180.0,0
7147,6993,2025-11-13,32730.0,3420.0,13090.0,3700.0,300000
7148,2984,2025-03-31,16900.0,2440.0,6760.0,2170.0,0
7149,5587,2024-10-29,23670.0,3620.0,9470.0,2510.0,50000
7150,6772,2025-08-14,21650.0,3160.0,8660.0,2200.0,150000
7151,143,2025-10-25,30610.0,2970.0,12240.0,4450.0,0
7152,5321,2026-05-16,29480.0,4770.0,11790.0,3260.0,0
7153,7348,2026-04-14,20540.0,6560.0,8210.0,2380.0,150000
7154,2762,2025-05-25,23330.0,3030.0,9330.0,3060.0,300000
7155,3436,2026-07-27,18620.0,3510.0,7450.0,2780.0,0
7156,6623,2025-05-19,7220.0,960.0,2890.0,820.0,0
7157,4661,2026-07-20,32510.0,3510.0,13000.0,2560.0,50000
7158,6615,2026-05-07,25110.0,5680.0,10040.0,2620.0,0
7159,2432,2025-11-08,29610.0,7190.0,11850.0,3140.0,300000
7160,5812,2024-10-10,14590.0,2460.0,5840.0,2320.0,0
7161,7070,2025-09-10,14030.0,3290.0,5610.0,1420.0,50000
7162,4513,2026-03-02,39990.0,9060.0,15990.0,4020.0,50000
7163,1849,2026-01-25,25780.0,2180.0,10310.0,3210.0,50000
7164,6452,2025-01-05,26810.0,2890.0,10720.0,3290.0,300000
7165,2697,2025-03-02,32220.0,5820.0,12890.0,2620.0,50000
7166,1718,2026-02-09,84760.0,8020.0,33910.0,4060.0,0
7167,5487,2026-01-17,17620.0,3280.0,7050.0,2330.0,0
7168,3073,2026-03-08,12530.0,3340.0,5010.0,1550.0,50000
7169,1068,2025-01-01,12490.0,1520.0,5000.0,1360.0,150000
7170,2787,2026-03-19,13310.0,2450.0,5320.0,1670.0,300000
7171,5963,2025-04-16,25330.0,4460.0,10130.0,1980.0,0
7172,5218,2025-03-11,28050.0,4260.0,11220.0,3790.0,300000
7173,3792,2026-08-09,36230.0,6930.0,14490.0,4470.0,50000
7174,1289,2024-09-21,26650.0,3540.0,10660.0,2540.0,0
7175,3872,2025-05-02,17240.0,2180.0,6900.0,1700.0,0
7176,1807,2025-03-22,17620.0,3620.0,7050.0,1700.0,0
7177,6284,2025-11-20,46760.0,3750.0,18700.0,4940.0,150000
7178,1505,2025-08-15,15840.0,2400.0,6340.0,2060.0,0
7179,3309,2025-08-15,23870.0,6490.0,9550.0,1820.0,300000
7180,7118,2024-10-01,28230.0,4330.0,11290.0,2330.0,150000
7181,5113,2026-07-13,26350.0,4990.0,10540.0,2740.0,50000
7182,5049,2025-09-12,18980.0,3220.0,7590.0,2250.0,0
7183,2952,2025-08-08,20410.0,4290.0,8160.0,2190.0,0
7184,72,2026-02-04,28330.0,2940.0,11330.0,3390.0,300000
7185,1691,2025-06-18,45340.0,7810.0,18140.0,5820.0,0
7186,7358,2024-09-09,44550.0,8820.0,17820.0,3860.0,50000
7187,5388,2025-07-16,25230.0,3240.0,10090.0,2670.0,0
7188,1345,2026-02-26,23830.0,5710.0,9530.0,2370.0,150000
7189,6251,2025-10-19,29850.0,5300.0,11940.0,2950.0,0
7190,3304,2026-05-17,17660.0,3550.0,7060.0,2140.0,0
7191,3114,2025-05-09,52400.0,5330.0,20960.0,5820.0,0
7192,7870,2026-04-21,29660.0,5410.0,11870.0,3580.0,50000
7193,883,2026-06-05,37480.0,3810.0,14990.0,3840.0,0
7194,4235,2025-08-02,25780.0,2750.0,10310.0,2200.0,50000
7195,2663,2025-10-02,27450.0,5410.0,10980.0,2960.0,0
7196,7851,2026-05-02,33300.0,3920.0,13320.0,3070.0,0
7197,7007,2025-05-10,14540.0,3390.0,5820.0,1210.0,300000
7198,6417,2026-01-02,23870.0,4430.0,9550.0,3930.0,0
7199,1505,2024-11-03,15840.0,3160.0,6340.0,2060.0,0
7200,2464,2026-05-23,20480.0,1570.0,8190.0,1640.0,0
7201,2554,2025-11-21,20830.0,2240.0,8330.0,1830.0,0
7202,733,2024-12-18,19960.0,4080.0,7980.0,1530.0,0
7203,1749,2026-08-02,22870.0,3450.0,9150.0,2480.0,0
7204,3925,2024-09-23,20150.0,2400.0,8060.0,2730.0,300000
7205,424,2025-09-03,26350.0,5120.0,10540.0,2890.0,0
7206,3479,2025-09-28,12670.0,1130.0,5070.0,1550.0,0
7207,1592,2025-12-21,22630.0,4540.0,9050.0,2160.0,0
7208,4486,2026-02-05,33780.0,5040.0,13510.0,3610.0,0
7209,4438,2026-02-21,26760.0,6270.0,10700.0,3150.0,150000
7210,5042,2025-07-07,23830.0,2300.0,9530.0,3110.0,0
7211,4710,2026-02-26,17210.0,2240.0,6880.0,1870.0,0
7212,493,2026-05-26,26500.0,4720.0,10600.0,2650.0,0
7213,192,2024-09-15,22690.0,4730.0,9070.0,2230.0,0
7214,499,2025-04-03,8510.0,2630.0,3400.0,1140.0,0
7215,4918,2026-04-03,16870.0,3940.0,6750.0,1710.0,0
7216,5832,2024-09-21,23090.0,4560.0,9240.0,2330.0,0
7217,1257,2025-09-07,22360.0,2040.0,8940.0,2430.0,150000
7218,1969,2024-09-12,23190.0,2490.0,9280.0,2090.0,300000
7219,4323,2026-08-08,12430.0,2190.0,4970.0,1100.0,0
7220,5491,2025-10-11,16020.0,3680.0,6410.0,1510.0,50000
7221,2187,2025-12-03,48550.0,8300.0,19420.0,4510.0,0
7222,7000,2025-12-17,37130.0,3820.0,14850.0,0.0,0
7223,817,2025-08-06,16910.0,3370.0,6760.0,2170.0,150000
7224,3221,2025-01-05,17410.0,4040.0,6960.0,1900.0,0
7225,7283,2024-08-31,20190.0,4400.0,8080.0,2620.0,300000
7226,1474,2024-12-07,29930.0,3200.0,11970.0,3830.0,50000
7227,1087,2026-01-09,20530.0,3450.0,8210.0,1830.0,300000
7228,4200,2025-05-11,26470.0,2980.0,10590.0,2980.0,0
7229,1875,2025-09-12,17020.0,3720.0,6810.0,1740.0,0
7230,871,2025-10-22,38990.0,6920.0,15600.0,4180.0,0
7231,4764,2026-05-30,22100.0,5100.0,8840.0,2390.0,150000
7232,2043,2026-05-23,22700.0,4050.0,9080.0,3230.0,0
7233,273,2024-12-01,20440.0,2300.0,8180.0,2900.0,150000
7234,1030,2024-08-26,29270.0,3060.0,11710.0,2060.0,300000
7235,3219,2024-09-21,23630.0,2170.0,9450.0,1840.0,150000
7236,6328,2026-07-23,17720.0,2350.0,7090.0,1790.0,0
7237,4070,2026-03-11,46690.0,5750.0,18680.0,5820.0,0
7238,1052,2025-10-27,28910.0,5390.0,11560.0,2800.0,150000
7239,4034,2025-12-18,21400.0,2940.0,8560.0,1850.0,50000
7240,1574,2025-12-21,6050.0,1200.0,2420.0,690.0,0
7241,3191,2025-05-30,25440.0,3900.0,10180.0,2790.0,300000
7242,4389,2025-10-29,32770.0,2910.0,13110.0,3200.0,0
7243,7539,2026-02-14,33330.0,3910.0,13330.0,3800.0,50000
7244,7412,2026-04-06,13010.0,2910.0,5200.0,1110.0,300000
7245,7748,2025-08-11,37700.0,3750.0,15080.0,3200.0,300000
7246,3798,2025-03-10,20970.0,2330.0,8390.0,2670.0,50000
7247,3290,2026-04-10,19830.0,3230.0,7930.0,1870.0,0
7248,6321,2025-04-28,33030.0,5130.0,13210.0,1960.0,0
7249,7467,2026-01-23,31360.0,5340.0,12540.0,4270.0,300000
7250,3748,2025-01-02,34400.0,3770.0,13760.0,3180.0,150000
7251,2106,2025-01-20,29930.0,4380.0,11970.0,4240.0,150000
7252,5389,2026-05-09,43340.0,6800.0,17340.0,5290.0,0
7253,308,2024-08-25,31100.0,3590.0,12440.0,3910.0,0
7254,7738,2026-08-14,12440.0,1330.0,4980.0,1440.0,150000
7255,3360,2026-01-12,23560.0,3500.0,9420.0,3140.0,300000
7256,5073,2025-02-18,8690.0,1630.0,3470.0,660.0,0
7257,3177,2026-03-09,17040.0,2400.0,6820.0,1690.0,0
7258,1252,2025-07-09,22000.0,4890.0,8800.0,2490.0,0
7259,5367,2025-10-20,60900.0,8710.0,24360.0,5220.0,300000
7260,2748,2025-06-27,20840.0,2460.0,8340.0,2460.0,0
7261,1518,2026-01-03,32750.0,4330.0,13100.0,4400.0,150000
7262,6227,2025-01-25,14300.0,2400.0,5720.0,1580.0,300000
7263,5306,2026-06-29,18210.0,3580.0,7290.0,2050.0,300000
7264,6396,2026-05-13,31110.0,2990.0,12440.0,3820.0,150000
7265,1379,2024-11-21,29690.0,3160.0,11880.0,3700.0,0
7266,5870,2026-01-14,18610.0,2830.0,7440.0,2250.0,0
7267,5816,2025-05-09,45210.0,5680.0,18090.0,3730.0,300000
7268,6139,2026-05-16,18890.0,2950.0,7550.0,1130.0,300000
7269,4892,2024-10-15,24360.0,2830.0,9740.0,2270.0,50000
7270,4993,2026-03-27,13550.0,2880.0,5420.0,1440.0,50000
7271,1962,2025-11-19,12040.0,1920.0,4820.0,1760.0,0
7272,4306,2026-07-08,35980.0,3780.0,14390.0,4170.0,300000
7273,2864,2025-09-05,12230.0,3270.0,4890.0,1380.0,0
7274,7976,2026-04-06,7820.0,1040.0,3130.0,1010.0,150000
7275,2657,2025-09-20,43110.0,3780.0,17240.0,4350.0,0
7276,2495,2026-01-20,22150.0,5150.0,8860.0,2910.0,0
7277,6604,2025-10-02,30230.0,3930.0,12090.0,1920.0,0
7278,5064,2024-11-28,28230.0,4400.0,11290.0,2800.0,300000
7279,4568,2025-03-01,28450.0,4900.0,11380.0,4230.0,0
7280,7888,2026-03-26,11410.0,1620.0,4560.0,1200.0,0
7281,6514,2026-02-05,21590.0,5650.0,8640.0,2980.0,0
7282,7044,2026-04-02,31180.0,3470.0,12470.0,2390.0,300000
7283,4006,2026-06-25,42780.0,8160.0,17110.0,3780.0,300000
7284,3564,2025-10-24,38250.0,7370.0,15300.0,3780.0,300000
7285,923,2024-10-19,35200.0,2490.0,14080.0,4500.0,0
7286,4233,2024-12-31,24390.0,4700.0,9760.0,2550.0,300000
7287,4463,2026-05-30,29600.0,5180.0,11840.0,3250.0,0
7288,2960,2025-08-07,22570.0,5390.0,9030.0,1810.0,0
7289,184,2025-03-24,30900.0,5610.0,12360.0,3290.0,150000
7290,7756,2025-01-15,17720.0,3580.0,7090.0,2250.0,0
7291,3359,2024-09-12,29470.0,5320.0,11790.0,3010.0,0
7292,6616,2025-01-10,23430.0,2990.0,9370.0,3050.0,0
7293,1399,2025-04-24,40460.0,3430.0,16180.0,5560.0,150000
7294,6798,2026-01-07,16530.0,2070.0,6610.0,2150.0,0
7295,2797,2025-03-15,32440.0,6300.0,12980.0,2090.0,150000
7296,537,2024-08-22,18620.0,4370.0,7450.0,1860.0,50000
7297,7679,2025-12-12,27230.0,4310.0,10890.0,2780.0,50000
7298,6946,2026-06-28,10330.0,1110.0,4130.0,730.0,0
7299,5699,2025-01-05,25270.0,3870.0,10110.0,3450.0,0
7300,1274,2025-08-24,18350.0,3740.0,7340.0,1890.0,0
7301,2968,2026-06-30,31340.0,4430.0,12540.0,3440.0,0
7302,6654,2025-02-15,21090.0,3490.0,8440.0,1510.0,300000
7303,6774,2026-02-16,10730.0,2130.0,4290.0,950.0,0
7304,3050,2026-05-12,21560.0,2910.0,8620.0,1790.0,0
7305,1097,2025-06-22,41430.0,8090.0,16570.0,4880.0,150000
7306,1306,2025-03-23,34020.0,4700.0,13610.0,4270.0,0
7307,916,2026-05-10,12240.0,1800.0,4900.0,1280.0,0
7308,7528,2024-09-16,24090.0,4510.0,9640.0,2430.0,0
7309,3082,2025-04-02,33280.0,3730.0,13310.0,3080.0,0
7310,7379,2025-07-30,16210.0,2890.0,6480.0,1700.0,0
7311,4248,2026-03-22,16180.0,3540.0,6470.0,1780.0,0
7312,1029,2025-10-16,25200.0,5150.0,10080.0,2940.0,0
7313,5315,2025-06-06,17810.0,3860.0,7120.0,2230.0,0
7314,1978,2025-01-30,27980.0,4790.0,11190.0,2340.0,0
7315,3355,2026-01-06,30630.0,5820.0,12250.0,3750.0,0
7316,2512,2025-12-29,37800.0,8000.0,15120.0,2920.0,0
7317,7281,2026-04-25,22340.0,2440.0,8940.0,2540.0,300000
7318,271,2024-09-21,20950.0,4040.0,8380.0,2480.0,150000
7319,1187,2025-10-28,26840.0,5960.0,10730.0,2520.0,150000
7320,4556,2025-08-05,23460.0,3700.0,9390.0,3350.0,300000
7321,4201,2024-09-25,11910.0,1660.0,4760.0,1390.0,150000
7322,3765,2024-11-17,27190.0,6440.0,10880.0,2220.0,150000
7323,7724,2024-09-01,17660.0,2360.0,7060.0,1880.0,0
7324,7450,2025-08-21,26020.0,5170.0,10410.0,2910.0,0
7325,5807,2026-05-23,21280.0,3760.0,8510.0,2310.0,150000
7326,6306,2025-12-13,29480.0,4260.0,11790.0,3390.0,50000
7327,2399,2025-08-25,21570.0,6110.0,8630.0,2860.0,150000
7328,4530,2025-09-11,42010.0,3790.0,16800.0,5450.0,0
7329,6996,2024-12-13,16340.0,2350.0,6540.0,1390.0,0
7330,4236,2026-01-08,17320.0,3970.0,6930.0,1890.0,0
7331,5591,2026-01-30,20630.0,2530.0,8250.0,1900.0,0
7332,7300,2025-04-03,34890.0,5320.0,13960.0,3370.0,0
7333,4183,2024-09-10,24940.0,2260.0,9980.0,2630.0,0
7334,1712,2025-06-19,23090.0,5090.0,9240.0,2620.0,0
7335,2231,2025-04-22,13010.0,3890.0,5200.0,1330.0,300000
7336,6512,2026-05-20,8260.0,860.0,3300.0,800.0,0
7337,129,2026-06-10,30370.0,5910.0,12150.0,3490.0,50000
7338,1270,2024-10-11,45380.0,6330.0,18150.0,5950.0,0
7339,3673,2024-10-16,26950.0,4480.0,10780.0,2700.0,50000
7340,1602,2024-11-18,28830.0,4870.0,11530.0,3580.0,300000
7341,4766,2024-11-15,25280.0,4120.0,10110.0,3300.0,0
7342,3971,2025-08-26,43910.0,6300.0,17560.0,5480.0,150000
7343,7546,2024-12-01,25250.0,3230.0,10100.0,2780.0,150000
7344,4245,2026-07-03,16190.0,3380.0,6480.0,2080.0,150000
7345,5081,2026-07-24,13880.0,1880.0,5550.0,1880.0,50000
7346,4948,2024-11-14,23030.0,4700.0,9210.0,3780.0,300000
7347,5553,2024-12-03,36850.0,5270.0,14740.0,3180.0,300000
7348,628,2025-05-20,36990.0,6730.0,14800.0,3970.0,0
7349,3798,2024-10-09,20970.0,4410.0,8390.0,2670.0,0
7350,5589,2024-11-18,18380.0,3430.0,7350.0,1750.0,50000
7351,6590,2026-04-16,34750.0,6930.0,13900.0,4500.0,300000
7352,2045,2026-03-07,19080.0,3840.0,7630.0,1500.0,0
7353,3553,2025-09-20,27590.0,6010.0,11040.0,2380.0,0
7354,4980,2026-04-19,36440.0,3650.0,14580.0,3720.0,0
7355,2342,2024-09-03,18820.0,2920.0,7530.0,1910.0,150000
7356,5885,2026-02-28,38850.0,4850.0,15540.0,4160.0,300000
7357,3215,2025-10-31,6350.0,990.0,2540.0,0.0,0
7358,250,2025-11-06,25930.0,2430.0,10370.0,2490.0,150000
7359,2926,2026-07-21,26080.0,5090.0,10430.0,3040.0,300000
7360,5044,2026-06-26,17810.0,1700.0,7120.0,1400.0,50000
7361,975,2025-09-04,43680.0,4410.0,17470.0,4100.0,50000
7362,1326,2026-01-06,8480.0,1300.0,3390.0,780.0,0
7363,7193,2025-07-31,7040.0,1850.0,2820.0,770.0,50000
7364,6933,2025-11-15,15720.0,2390.0,6290.0,1430.0,0
7365,984,2024-09-10,25400.0,2130.0,10160.0,2890.0,150000
7366,889,2025-01-14,21210.0,4360.0,8480.0,2600.0,150000
7367,2938,2025-06-16,27040.0,5790.0,10820.0,4060.0,50000
7368,2118,2024-09-09,21420.0,2860.0,8570.0,2740.0,50000
7369,2673,2025-07-20,25140.0,6590.0,10060.0,2500.0,0
7370,4971,2025-07-13,28210.0,5900.0,11280.0,3200.0,0
7371,7280,2025-06-02,37260.0,9320.0,14900.0,3300.0,0
7372,7532,2025-03-01,26040.0,4200.0,10420.0,2320.0,0
7373,1327,2026-07-25,35320.0,3460.0,14130.0,4360.0,50000
7374,471,2024-10-01,21870.0,3300.0,8750.0,2940.0,0
7375,1988,2024-12-25,18180.0,2620.0,7270.0,1780.0,0
7376,91,2025-05-29,36650.0,4620.0,14660.0,1880.0,150000
7377,530,2025-04-30,24940.0,4430.0,9980.0,3000.0,300000
7378,4757,2026-03-31,25860.0,2930.0,10340.0,3160.0,0
7379,4060,2024-12-25,20500.0,3740.0,8200.0,2870.0,0
7380,4835,2024-08-22,35740.0,5710.0,14290.0,4050.0,0
7381,2774,2025-03-05,10520.0,2530.0,4210.0,1340.0,150000
7382,4968,2025-08-26,34690.0,3130.0,13880.0,3590.0,150000
7383,1687,2025-03-14,27500.0,4950.0,11000.0,2630.0,50000
7384,192,2025-11-30,22690.0,4990.0,9070.0,2230.0,50000
7385,1987,2024-10-16,32180.0,4850.0,12870.0,4040.0,150000
7386,3624,2026-02-03,22630.0,4470.0,9050.0,1620.0,0
7387,7410,2024-09-29,12870.0,1740.0,5150.0,1720.0,0
7388,2186,2025-09-07,19290.0,4820.0,7710.0,2300.0,0
7389,4441,2024-12-05,6750.0,1320.0,2700.0,830.0,0
7390,7348,2025-01-24,20540.0,5890.0,8210.0,2380.0,0
7391,1009,2025-08-20,25710.0,3630.0,10290.0,2750.0,50000
7392,3784,2026-02-28,17950.0,2990.0,7180.0,1440.0,0
7393,6647,2025-01-07,25100.0,4510.0,10040.0,3420.0,300000
7394,4299,2025-07-28,14970.0,3320.0,5990.0,1680.0,0
7395,4669,2024-11-18,24730.0,5260.0,9890.0,2200.0,0
7396,4288,2024-11-02,38590.0,7460.0,15430.0,4450.0,50000
7397,2053,2025-08-27,22730.0,3920.0,9090.0,2010.0,0
7398,6010,2025-11-23,24960.0,3080.0,9980.0,2190.0,300000
7399,3309,2025-12-03,23870.0,4580.0,9550.0,1820.0,0
7400,1717,2025-09-28,23620.0,4660.0,9450.0,2870.0,0
7401,311,2026-01-07,22470.0,4270.0,8990.0,2040.0,0
7402,6693,2026-05-31,30000.0,6440.0,12000.0,2680.0,50000
7403,6200,2026-01-14,55520.0,3470.0,22210.0,2930.0,50000
7404,4539,2025-04-04,33210.0,5460.0,13280.0,3440.0,50000
7405,1261,2025-02-11,24840.0,3910.0,9940.0,2610.0,300000
7406,4966,2026-07-29,39920.0,5480.0,15970.0,3470.0,50000
7407,3933,2025-11-16,18500.0,3470.0,7400.0,0.0,300000
7408,3269,2025-08-04,20110.0,4190.0,8040.0,1550.0,50000
7409,585,2026-07-06,17380.0,2680.0,6950.0,2420.0,50000
7410,5691,2026-01-01,24150.0,4150.0,9660.0,3180.0,300000
7411,2800,2025-02-24,21660.0,5120.0,8660.0,1930.0,0
7412,5634,2026-01-18,18770.0,3410.0,7510.0,2160.0,0
7413,7617,2025-06-11,16250.0,1600.0,6500.0,1700.0,300000
7414,360,2026-04-23,33960.0,3020.0,13580.0,4550.0,50000
7415,5820,2025-09-16,36740.0,3450.0,14700.0,5940.0,0
7416,2867,2025-09-23,35410.0,7980.0,14160.0,3780.0,0
7417,6174,2024-09-27,30390.0,4950.0,12160.0,3140.0,0
7418,5899,2025-03-12,39560.0,6180.0,15820.0,3420.0,0
7419,2012,2024-10-09,19420.0,2060.0,7770.0,1630.0,0
7420,6252,2026-07-27,17270.0,2150.0,6910.0,2110.0,0
7421,4940,2025-10-28,41030.0,5650.0,16410.0,5000.0,0
7422,4007,2026-04-15,24430.0,3910.0,9770.0,2450.0,0
7423,1626,2025-04-17,26380.0,5710.0,10550.0,3220.0,0
7424,2765,2026-07-25,12670.0,2910.0,5070.0,1660.0,50000
7425,891,2026-05-01,30930.0,6430.0,12370.0,4230.0,0
7426,6088,2025-10-21,32100.0,6010.0,12840.0,3940.0,300000
7427,6079,2025-12-03,17080.0,3010.0,6830.0,2200.0,150000
7428,5056,2025-02-08,19020.0,3430.0,7610.0,2100.0,50000
7429,5565,2024-10-04,27540.0,5040.0,11020.0,2840.0,50000
7430,7037,2026-05-23,25170.0,5740.0,10070.0,2810.0,0
7431,5558,2025-02-21,24160.0,4380.0,9660.0,1970.0,0
7432,732,2025-12-03,25630.0,3850.0,10250.0,1920.0,300000
7433,3962,2025-03-08,20060.0,2460.0,8020.0,2340.0,50000
7434,4702,2026-08-10,13120.0,3260.0,5250.0,1780.0,0
7435,2505,2025-11-21,23940.0,2960.0,9570.0,2660.0,0
7436,615,2026-05-04,17030.0,2600.0,6810.0,1700.0,0
7437,3807,2026-07-24,39810.0,3150.0,15920.0,0.0,50000
7438,6842,2025-10-01,24940.0,4950.0,9980.0,2460.0,50000
7439,6101,2026-03-01,32660.0,7020.0,13060.0,3940.0,150000
7440,1720,2026-05-27,29880.0,5110.0,11950.0,2100.0,0
7441,7663,2024-10-18,13600.0,1950.0,5440.0,1070.0,0
7442,4770,2025-06-14,20780.0,2950.0,8310.0,2220.0,50000
7443,5367,2025-09-28,60900.0,5530.0,24360.0,5220.0,50000
7444,6687,2025-08-10,34990.0,7930.0,14000.0,4740.0,300000
7445,1588,2026-03-02,27500.0,2990.0,11000.0,3690.0,300000
7446,7001,2025-03-08,28910.0,5530.0,11570.0,3470.0,0
7447,1612,2026-05-18,47290.0,5140.0,18910.0,5400.0,0
7448,897,2024-10-15,30130.0,4990.0,12050.0,2920.0,0
7449,5559,2024-10-29,49090.0,7610.0,19630.0,5190.0,0
7450,278,2024-11-15,19910.0,5230.0,7970.0,1570.0,300000
7451,4648,2026-01-17,45240.0,4570.0,18100.0,0.0,0
7452,1637,2025-10-19,36450.0,7770.0,14580.0,4060.0,50000
7453,2159,2025-04-05,6550.0,1470.0,2620.0,770.0,300000
7454,2433,2025-11-07,39540.0,3960.0,15810.0,5040.0,50000
7455,3905,2026-03-04,26550.0,2670.0,10620.0,3140.0,0
7456,4857,2025-09-14,25750.0,3910.0,10300.0,3580.0,150000
7457,3263,2026-04-30,36430.0,4880.0,14570.0,0.0,0
7458,7658,2024-11-05,26450.0,3650.0,10580.0,2930.0,0
7459,6838,2024-11-25,16100.0,5040.0,6440.0,1790.0,300000
7460,1450,2025-03-17,34130.0,4990.0,13650.0,3780.0,300000
7461,4501,2025-06-02,32470.0,6930.0,12990.0,4660.0,0
7462,5455,2025-12-12,20690.0,3000.0,8280.0,1990.0,0
7463,1233,2026-07-15,29150.0,3580.0,11660.0,2200.0,0
7464,4118,2025-09-29,34410.0,5800.0,13760.0,2520.0,50000
7465,678,2025-07-14,20700.0,3490.0,8280.0,2300.0,0
7466,2659,2025-09-16,36040.0,4390.0,14410.0,3700.0,0
7467,2029,2025-09-15,28510.0,4390.0,11400.0,4170.0,0
7468,5328,2025-11-18,34680.0,5080.0,13870.0,3990.0,300000
7469,6152,2025-08-19,16810.0,2820.0,6720.0,1670.0,150000
7470,6846,2026-03-22,19810.0,4100.0,7930.0,2500.0,0
7471,3759,2025-08-14,32370.0,8380.0,12950.0,2590.0,150000
7472,5905,2024-09-04,19330.0,3760.0,7730.0,1830.0,50000
7473,4625,2025-10-03,32290.0,3720.0,12910.0,4110.0,150000
7474,2038,2025-02-08,24960.0,4130.0,9980.0,2740.0,300000
7475,2650,2024-12-18,27900.0,5360.0,11160.0,3120.0,50000
7476,5773,2026-08-18,27410.0,3890.0,10960.0,2830.0,50000
7477,657,2024-12-28,31330.0,6690.0,12530.0,3370.0,300000
7478,166,2024-12-03,36070.0,3280.0,14430.0,4030.0,0
7479,4945,2025-11-26,26890.0,3540.0,10760.0,3530.0,0
7480,4592,2026-07-27,31250.0,6210.0,12500.0,3750.0,0
7481,590,2024-11-27,10110.0,1930.0,4040.0,1500.0,0
7482,4525,2026-05-10,20060.0,4460.0,8020.0,2260.0,50000
7483,2822,2025-05-02,20210.0,4470.0,8090.0,2650.0,0
7484,4259,2024-12-06,20420.0,4290.0,8170.0,1910.0,50000
7485,6510,2025-03-03,23970.0,2370.0,9590.0,2450.0,50000
7486,7694,2026-04-14,28830.0,3540.0,11530.0,2500.0,300000
7487,1263,2025-03-29,36040.0,4370.0,14410.0,3910.0,300000
7488,72,2024-11-16,28330.0,3410.0,11330.0,3390.0,0
7489,3517,2026-01-20,5820.0,800.0,2330.0,600.0,0
7490,4751,2026-07-30,40820.0,3970.0,16330.0,4530.0,0
7491,7990,2025-10-06,13660.0,2360.0,5470.0,1380.0,300000
7492,3581,2024-11-18,11710.0,2830.0,4680.0,1220.0,300000
7493,7963,2026-05-11,19110.0,2200.0,7640.0,2010.0,150000
7494,269,2025-04-18,30200.0,5820.0,12080.0,3100.0,150000
7495,1777,2026-08-17,16740.0,4460.0,6700.0,1950.0,0
7496,2463,2025-07-06,21600.0,4050.0,8640.0,2130.0,0
7497,1269,2025-10-31,51310.0,8740.0,20520.0,4280.0,50000
7498,1016,2025-08-30,23690.0,4180.0,9480.0,3230.0,0
7499,2723,2024-09-19,38550.0,5630.0,15420.0,4760.0,300000
7500,1084,2025-03-30,29130.0,4380.0,11650.0,4130.0,300000
7501,4102,2025-10-27,11990.0,1730.0,4800.0,1140.0,300000
7502,7877,2025-07-17,12120.0,2730.0,4850.0,1180.0,50000
7503,5078,2025-08-17,32440.0,4040.0,12970.0,3280.0,0
7504,6714,2024-11-22,33130.0,6500.0,13250.0,3530.0,0
7505,7985,2025-01-24,46220.0,3310.0,18490.0,2510.0,0
7506,407,2024-08-28,9820.0,2180.0,3930.0,930.0,0
7507,7385,2025-08-04,30520.0,3300.0,12210.0,3550.0,50000
7508,6050,2026-06-09,21710.0,4830.0,8680.0,1960.0,0
7509,6170,2026-04-18,29820.0,6340.0,11930.0,2300.0,50000
7510,7983,2025-10-15,19370.0,2220.0,7750.0,2610.0,0
7511,3077,2026-07-23,61020.0,5650.0,24410.0,2130.0,50000
7512,986,2025-07-16,8510.0,1510.0,3400.0,980.0,150000
7513,3604,2026-04-19,36570.0,7590.0,14630.0,3470.0,0
7514,4486,2025-07-15,33780.0,5120.0,13510.0,3610.0,0
7515,710,2026-04-20,21630.0,5700.0,8650.0,1190.0,300000
7516,2619,2025-09-09,17130.0,3330.0,6850.0,1630.0,0
7517,5568,2025-02-28,17590.0,4410.0,7040.0,2470.0,0
7518,4850,2025-03-10,23660.0,2630.0,9470.0,2960.0,300000
7519,6290,2025-07-31,17600.0,2530.0,7040.0,1810.0,150000
7520,1412,2026-01-27,32850.0,5070.0,13140.0,3950.0,0
7521,6929,2026-08-12,11640.0,1630.0,4660.0,1490.0,300000
7522,5369,2025-06-12,33030.0,6820.0,13210.0,3840.0,0
7523,4622,2025-07-25,31810.0,5530.0,12730.0,2930.0,50000
7524,1486,2026-07-18,18990.0,2470.0,7600.0,1830.0,300000
7525,6157,2025-12-26,31220.0,4970.0,12490.0,2710.0,0
7526,2951,2024-11-13,14140.0,2280.0,5660.0,1810.0,50000
7527,6528,2025-03-13,26580.0,4690.0,10630.0,2930.0,0
7528,4652,2026-01-14,24050.0,6180.0,9620.0,2290.0,0
7529,2935,2025-12-24,8280.0,1320.0,3310.0,840.0,0
7530,7567,2026-01-21,30970.0,5540.0,12390.0,4360.0,0
7531,4115,2026-07-09,21450.0,3720.0,8580.0,2340.0,0
7532,4671,2025-11-13,31510.0,5560.0,12600.0,4510.0,0
7533,7659,2026-03-18,25000.0,5850.0,10000.0,2020.0,0
7534,6895,2025-01-02,20540.0,3460.0,8220.0,2910.0,0
7535,1004,2026-02-04,20170.0,5440.0,8070.0,2280.0,300000
7536,2467,2025-10-20,43500.0,5620.0,17400.0,3780.0,50000
7537,7505,2026-02-17,30590.0,5980.0,12240.0,3870.0,0
7538,2467,2026-03-11,43500.0,4160.0,17400.0,3780.0,50000
7539,1939,2025-09-13,24640.0,5570.0,9860.0,3820.0,300000
7540,1940,2026-04-13,23610.0,3160.0,9440.0,2590.0,0
7541,1636,2024-09-18,14210.0,1630.0,5680.0,1900.0,0
7542,1699,2025-05-03,12950.0,1210.0,5180.0,1540.0,0
7543,6266,2026-06-19,25710.0,4040.0,10290.0,2360.0,0
7544,4528,2025-06-27,8650.0,1210.0,3460.0,620.0,0
7545,2092,2024-11-11,29830.0,6230.0,11930.0,4310.0,150000
7546,1896,2026-04-18,32580.0,6160.0,13030.0,3550.0,150000
7547,6040,2025-12-13,33090.0,3370.0,13240.0,3860.0,150000
7548,5437,2025-01-19,36850.0,4960.0,14740.0,4340.0,50000
7549,6525,2025-09-12,26150.0,6830.0,10460.0,2970.0,0
7550,4241,2025-04-14,9360.0,1130.0,3740.0,1220.0,300000
7551,3399,2025-09-01,23370.0,5250.0,9350.0,2660.0,150000
7552,6507,2025-12-17,20640.0,4400.0,8250.0,2900.0,50000
7553,1074,2026-03-21,38740.0,5330.0,15490.0,3630.0,0
7554,5185,2024-09-13,18770.0,3290.0,7510.0,1820.0,50000
7555,2403,2025-11-23,36340.0,4160.0,14540.0,4540.0,150000
7556,4896,2026-05-28,34950.0,3860.0,13980.0,5240.0,300000
7557,7332,2026-04-30,16630.0,4280.0,6650.0,2060.0,0
7558,3213,2025-10-30,25220.0,3540.0,10090.0,2020.0,50000
7559,4038,2026-03-09,9170.0,1460.0,3670.0,1090.0,50000
7560,6970,2025-02-27,32450.0,4700.0,12980.0,3300.0,300000
7561,1152,2025-12-25,20750.0,4760.0,8300.0,2160.0,0
7562,2446,2025-11-14,18750.0,2550.0,7500.0,2160.0,0
7563,1957,2026-08-03,27130.0,3530.0,10850.0,3350.0,0
7564,7024,2025-05-09,29790.0,6400.0,11920.0,3750.0,50000
7565,4559,2026-05-28,11970.0,1470.0,4790.0,1090.0,0
7566,5871,2025-08-13,15770.0,1950.0,6310.0,970.0,150000
7567,6142,2024-11-20,23740.0,4430.0,9500.0,2860.0,0
7568,3908,2025-06-13,30560.0,5270.0,12220.0,3170.0,50000
7569,808,2025-06-04,34340.0,5320.0,13740.0,3220.0,50000
7570,187,2024-09-30,20970.0,2230.0,8390.0,2420.0,0
7571,5840,2025-06-18,10170.0,2610.0,4070.0,1480.0,300000
7572,4828,2026-01-01,27680.0,3610.0,11070.0,2890.0,0
7573,6032,2026-02-17,28420.0,2270.0,11370.0,2380.0,50000
7574,5310,2025-07-08,18070.0,1740.0,7230.0,2540.0,300000
7575,5508,2024-11-21,33890.0,3960.0,13560.0,3540.0,150000
7576,4525,2026-07-01,20060.0,3970.0,8020.0,2260.0,50000
7577,7002,2025-08-02,42200.0,5890.0,16880.0,5370.0,300000
7578,1308,2025-10-17,18630.0,4080.0,7450.0,1340.0,300000
7579,2285,2024-10-26,16310.0,3140.0,6530.0,1600.0,50000
7580,5314,2025-03-03,36340.0,7660.0,14530.0,4070.0,300000
7581,5407,2024-12-13,18400.0,2970.0,7360.0,3040.0,150000
7582,4867,2025-12-07,43560.0,6180.0,17420.0,4890.0,0
7583,758,2025-08-31,18350.0,3140.0,7340.0,1750.0,50000
7584,4232,2026-07-31,32060.0,3080.0,12820.0,4940.0,0
7585,4888,2026-04-14,16130.0,2770.0,6450.0,1930.0,0
7586,3855,2026-06-04,17490.0,3330.0,7000.0,2130.0,300000
7587,4267,2024-10-26,33750.0,4780.0,13500.0,3530.0,150000
7588,2207,2026-01-01,23890.0,4140.0,9560.0,2070.0,0
7589,6345,2025-06-28,29370.0,5560.0,11750.0,4100.0,0
7590,3559,2025-03-18,29840.0,4550.0,11940.0,2710.0,50000
7591,1581,2025-05-29,43990.0,9820.0,17600.0,5040.0,150000
7592,962,2026-06-04,16250.0,1960.0,6500.0,2070.0,0
7593,3848,2026-08-09,23820.0,3200.0,9530.0,2440.0,0
7594,6727,2024-09-17,22830.0,4020.0,9130.0,2560.0,0
7595,3576,2024-11-06,45070.0,7440.0,18030.0,4190.0,0
7596,876,2025-01-15,23030.0,2660.0,9210.0,1180.0,0
7597,2419,2026-05-29,21740.0,4260.0,8700.0,2140.0,0
7598,4199,2025-08-15,30440.0,2320.0,12170.0,2740.0,300000
7599,1002,2024-12-22,17720.0,2760.0,7090.0,2240.0,0
7600,5245,2025-05-31,28260.0,4640.0,11300.0,2910.0,0
7601,3385,2024-11-27,24500.0,3430.0,9800.0,2700.0,0
7602,7120,2024-12-04,27240.0,3670.0,10890.0,3010.0,0
7603,4067,2025-07-18,33570.0,5760.0,13430.0,3620.0,0
7604,2846,2024-09-27,13600.0,2940.0,5440.0,1710.0,300000
7605,1482,2025-03-23,37110.0,5980.0,14850.0,3390.0,150000
7606,3302,2025-02-05,17820.0,2380.0,7130.0,2120.0,0
7607,658,2026-03-01,15860.0,1950.0,6340.0,1770.0,0
7608,7026,2026-03-31,17330.0,3580.0,6930.0,1860.0,150000
7609,5317,2026-01-02,15530.0,2340.0,6210.0,1800.0,300000
7610,2781,2026-06-05,31560.0,8250.0,12620.0,3580.0,300000
7611,423,2026-01-08,28310.0,6910.0,11330.0,2940.0,150000
7612,6716,2024-11-29,23290.0,6140.0,9320.0,2660.0,0
7613,3682,2026-04-16,31940.0,3940.0,12780.0,3410.0,0
7614,4267,2026-06-09,33750.0,3800.0,13500.0,3530.0,300000
7615,7550,2025-05-17,35480.0,5780.0,14190.0,5070.0,0
7616,6317,2025-12-26,19600.0,4350.0,7840.0,2080.0,0
7617,2711,2025-08-28,27490.0,4560.0,11000.0,2310.0,0
7618,453,2024-10-03,27900.0,3610.0,11160.0,2200.0,0
7619,2398,2026-01-24,24360.0,3970.0,9740.0,3580.0,300000
7620,1976,2025-07-20,26620.0,5390.0,10650.0,1970.0,50000
7621,1658,2025-11-17,20020.0,3630.0,8010.0,2270.0,0
7622,2542,2026-01-08,18310.0,4110.0,7320.0,1810.0,0
7623,6764,2025-05-19,24350.0,2060.0,9740.0,2330.0,300000
7624,3076,2025-10-20,17930.0,2370.0,7170.0,1860.0,50000
7625,3165,2025-11-02,26490.0,4010.0,10600.0,3430.0,50000
7626,2967,2025-08-02,31520.0,5090.0,12610.0,2420.0,0
7627,2054,2025-04-29,18770.0,4030.0,7510.0,2690.0,0
7628,288,2026-02-24,34230.0,6540.0,13690.0,4200.0,0
7629,5738,2025-09-14,20830.0,2870.0,8330.0,1930.0,0
7630,3218,2025-06-22,14910.0,1680.0,5970.0,1060.0,0
7631,3855,2025-03-24,17490.0,2910.0,7000.0,2130.0,300000
7632,1448,2025-07-24,22910.0,5520.0,9160.0,3290.0,0
7633,6010,2025-09-22,24960.0,4680.0,9980.0,2190.0,150000
7634,608,2026-07-28,22620.0,2560.0,9050.0,2810.0,300000
7635,4553,2025-04-11,18980.0,3540.0,7590.0,2550.0,0
7636,1765,2025-05-16,24120.0,2280.0,9650.0,3150.0,0
7637,1226,2024-10-24,25980.0,2100.0,10390.0,2920.0,0
7638,1236,2025-09-13,44580.0,3710.0,17830.0,3780.0,150000
7639,1030,2025-10-05,29270.0,4040.0,11710.0,2060.0,0
7640,2672,2025-12-09,22120.0,2820.0,8850.0,1950.0,0
7641,6520,2025-02-03,16880.0,5320.0,6750.0,2500.0,0
7642,3963,2026-04-12,16920.0,2560.0,6770.0,1930.0,0
7643,4543,2025-03-11,24670.0,3670.0,9870.0,2940.0,150000
7644,4931,2025-01-14,31570.0,2930.0,12630.0,4140.0,300000
7645,3178,2025-04-29,25370.0,5200.0,10150.0,2060.0,0
7646,3723,2025-01-17,23580.0,3480.0,9430.0,2460.0,300000
7647,4907,2026-05-23,27530.0,4940.0,11010.0,1860.0,0
7648,5521,2026-02-11,23720.0,5420.0,9490.0,2300.0,150000
7649,7264,2024-12-20,44120.0,7620.0,17650.0,4930.0,0
7650,5508,2025-03-21,33890.0,5850.0,13560.0,3540.0,0
7651,5055,2026-05-16,38050.0,10620.0,15220.0,4490.0,0
7652,1476,2024-10-14,20690.0,2240.0,8280.0,3080.0,50000
7653,2897,2026-01-23,20240.0,2430.0,8100.0,3220.0,0
7654,809,2024-09-30,21380.0,4330.0,8550.0,2610.0,0
7655,979,2026-01-28,10190.0,2090.0,4080.0,900.0,0
7656,2464,2025-04-29,20480.0,2150.0,8190.0,1640.0,0
7657,726,2026-01-24,20270.0,5940.0,8110.0,2620.0,0
7658,7672,2026-02-08,40750.0,4400.0,16300.0,4820.0,150000
7659,2502,2026-02-14,18820.0,3920.0,7530.0,2130.0,0
7660,3363,2025-03-12,29590.0,5430.0,11840.0,0.0,0
7661,7702,2024-12-22,26590.0,3400.0,10640.0,3180.0,0
7662,1217,2026-07-14,27660.0,3330.0,11060.0,2600.0,0
7663,4052,2025-02-15,21890.0,4490.0,8760.0,2690.0,300000
7664,2198,2025-03-08,16960.0,2300.0,6780.0,2590.0,0
7665,6000,2025-02-14,41080.0,7090.0,16430.0,4340.0,150000
7666,2807,2025-03-30,25440.0,5160.0,10180.0,2830.0,0
7667,779,2025-06-17,14220.0,3810.0,5690.0,1120.0,0
7668,973,2026-06-15,14350.0,1800.0,5740.0,1880.0,300000
7669,2811,2025-08-25,13660.0,1990.0,5460.0,1540.0,0
7670,7146,2026-02-06,19220.0,1760.0,7690.0,1830.0,0
7671,5635,2025-11-02,31900.0,7150.0,12760.0,2410.0,300000
7672,5513,2025-01-21,30260.0,4600.0,12100.0,3670.0,0
7673,7484,2025-04-08,24120.0,4500.0,9650.0,2550.0,0
7674,2124,2025-11-11,30190.0,5990.0,12080.0,3510.0,300000
7675,599,2025-06-16,27430.0,3370.0,10970.0,2690.0,0
7676,3342,2026-01-24,29500.0,4600.0,11800.0,2890.0,0
7677,225,2025-05-07,26330.0,6270.0,10530.0,2600.0,150000
7678,5650,2026-02-22,13330.0,3270.0,5330.0,1930.0,0
7679,6257,2026-07-28,28730.0,4710.0,11490.0,3520.0,0
7680,6395,2025-01-31,13200.0,2480.0,5280.0,1490.0,0
7681,7401,2025-06-10,12480.0,1470.0,4990.0,1740.0,0
7682,841,2024-11-16,28180.0,5060.0,11270.0,3190.0,0
7683,1815,2025-08-14,21160.0,2940.0,8470.0,2400.0,0
7684,4810,2025-10-13,17320.0,4600.0,6930.0,1910.0,0
7685,1107,2025-11-17,23320.0,2250.0,9330.0,2770.0,300000
7686,125,2026-04-01,35720.0,9500.0,14290.0,4580.0,150000
7687,3247,2025-02-25,24780.0,5090.0,9910.0,1930.0,0
7688,5189,2025-08-03,13290.0,2840.0,5310.0,1080.0,50000
7689,7215,2026-05-01,24520.0,2880.0,9810.0,2300.0,0
7690,2932,2025-06-03,17620.0,4550.0,7050.0,1750.0,150000
7691,5376,2025-11-19,16540.0,2930.0,6610.0,1970.0,300000
7692,5847,2025-12-17,25280.0,4080.0,10110.0,2250.0,0
7693,4126,2025-07-26,27840.0,3720.0,11140.0,2260.0,150000
7694,6425,2024-08-21,18400.0,4110.0,7360.0,2730.0,0
7695,2972,2025-07-13,14340.0,4130.0,5730.0,1980.0,0
7696,2018,2026-08-02,9990.0,1080.0,4000.0,940.0,150000
7697,7405,2025-03-01,16260.0,3160.0,6510.0,1770.0,0
7698,7416,2024-10-28,30650.0,5540.0,12260.0,2680.0,300000
7699,2416,2024-08-20,27440.0,4220.0,10980.0,2780.0,300000
7700,4591,2025-01-05,24060.0,5250.0,9620.0,2510.0,0
7701,3097,2025-05-14,52630.0,5100.0,21050.0,5490.0,150000
7702,1610,2025-08-28,40300.0,4370.0,16120.0,5280.0,150000
7703,718,2025-05-24,18100.0,3490.0,7240.0,2370.0,0
7704,3562,2025-01-08,36970.0,4950.0,14790.0,3950.0,0
7705,1017,2024-09-10,12690.0,3080.0,5070.0,1150.0,150000
7706,3566,2024-10-16,18480.0,2930.0,7390.0,2140.0,300000
7707,5434,2026-03-04,30000.0,6040.0,12000.0,3360.0,0
7708,4702,2026-01-26,13120.0,3120.0,5250.0,1780.0,0
7709,4471,2025-08-02,19490.0,3800.0,7800.0,2700.0,150000
7710,6783,2025-10-04,45810.0,7230.0,18320.0,5340.0,0
7711,1961,2026-08-09,23080.0,4800.0,9230.0,2540.0,50000
7712,1049,2024-12-07,13410.0,1790.0,5360.0,1980.0,50000
7713,1358,2026-06-09,20140.0,2890.0,8050.0,2300.0,0
7714,3427,2025-07-03,39160.0,4400.0,15670.0,2820.0,150000
7715,116,2026-01-12,17390.0,3500.0,6950.0,2670.0,0
7716,2096,2024-11-07,21150.0,3300.0,8460.0,2510.0,0
7717,7906,2026-07-07,22710.0,3940.0,9080.0,2030.0,0
7718,1802,2025-01-24,26660.0,2310.0,10660.0,2520.0,300000
7719,2147,2024-11-26,32760.0,7020.0,13100.0,3640.0,0
7720,5579,2025-01-15,30370.0,4300.0,12150.0,3330.0,150000
7721,5643,2025-11-03,39770.0,8270.0,15910.0,3740.0,0
7722,1621,2024-10-28,29610.0,3930.0,11840.0,3950.0,0
7723,6549,2026-05-18,28570.0,4280.0,11430.0,3050.0,0
7724,7382,2024-09-05,16590.0,4230.0,6640.0,1540.0,0
7725,4781,2026-06-23,30160.0,5100.0,12060.0,3860.0,0
7726,2951,2024-12-13,14140.0,2870.0,5660.0,1810.0,150000
7727,6647,2026-08-01,25100.0,6280.0,10040.0,3420.0,50000
7728,3793,2024-10-09,25040.0,4590.0,10020.0,2620.0,0
7729,5568,2025-05-04,17590.0,2020.0,7040.0,2470.0,0
7730,2942,2025-01-24,45380.0,7850.0,18150.0,5900.0,50000
7731,5696,2026-07-14,35000.0,7320.0,14000.0,4040.0,0
7732,6402,2025-01-25,14680.0,3140.0,5870.0,1980.0,50000
7733,6988,2025-06-30,25180.0,6380.0,10070.0,3300.0,300000
7734,6265,2024-09-17,17190.0,3630.0,6880.0,2150.0,0
7735,4906,2025-09-20,20150.0,3800.0,8060.0,2830.0,0
7736,978,2026-06-23,26140.0,3260.0,10460.0,2620.0,300000
7737,6198,2025-01-05,28950.0,5440.0,11580.0,3600.0,300000
7738,3067,2025-06-22,31630.0,6230.0,12650.0,3250.0,0
7739,5451,2025-08-17,20010.0,2100.0,8000.0,3260.0,0
7740,784,2026-04-16,11270.0,2390.0,4510.0,940.0,150000
7741,241,2025-08-06,24600.0,2750.0,9840.0,3140.0,0
7742,5875,2025-03-25,19000.0,3030.0,7600.0,2320.0,50000
7743,1554,2024-09-22,37000.0,6440.0,14800.0,3350.0,150000
7744,4579,2026-02-11,22800.0,3800.0,9120.0,2340.0,50000
7745,1013,2024-09-23,24650.0,5770.0,9860.0,2790.0,300000
7746,187,2024-12-27,20970.0,2880.0,8390.0,2420.0,150000
7747,1882,2025-11-17,33340.0,6860.0,13330.0,3370.0,150000
7748,6800,2026-06-20,12770.0,2390.0,5110.0,1020.0,0
7749,6406,2025-12-30,20220.0,4260.0,8090.0,2470.0,50000
7750,5049,2026-04-13,18980.0,4120.0,7590.0,2250.0,150000
7751,5484,2024-10-14,19070.0,3190.0,7630.0,2190.0,50000
7752,4587,2025-12-02,24800.0,4620.0,9920.0,3060.0,300000
7753,431,2026-08-12,17350.0,2120.0,6940.0,2380.0,50000
7754,239,2026-08-04,33870.0,4940.0,13550.0,4350.0,300000
7755,6448,2025-07-18,14830.0,2070.0,5930.0,2030.0,0
7756,2346,2026-07-07,30730.0,6120.0,12290.0,3570.0,0
7757,76,2026-05-13,29890.0,4990.0,11960.0,4020.0,150000
7758,7868,2025-09-15,31010.0,6840.0,12400.0,3980.0,0
7759,1357,2025-02-22,13110.0,2830.0,5240.0,1700.0,0
7760,6020,2025-10-31,37540.0,6240.0,15020.0,4540.0,300000
7761,7143,2024-11-23,20400.0,3370.0,8160.0,2240.0,0
7762,5878,2025-11-24,26040.0,5480.0,10420.0,2790.0,300000
7763,6786,2025-07-12,41820.0,6800.0,16730.0,4990.0,300000
7764,7642,2025-11-21,42180.0,3100.0,16870.0,4090.0,0
7765,4923,2026-04-22,18030.0,2520.0,7210.0,1770.0,0
7766,2331,2026-01-17,41680.0,7610.0,16670.0,3380.0,300000
7767,4687,2025-12-31,25150.0,4780.0,10060.0,2780.0,50000
7768,6216,2025-07-29,13610.0,1980.0,5440.0,1520.0,300000
7769,7431,2025-02-27,23880.0,4760.0,9550.0,2500.0,50000
7770,6847,2025-05-19,13040.0,2310.0,5220.0,1930.0,150000
7771,1903,2026-04-03,16320.0,2360.0,6530.0,1740.0,0
7772,6007,2026-03-11,44160.0,7280.0,17660.0,5500.0,0
7773,4014,2024-10-28,38860.0,7600.0,15540.0,2240.0,50000
7774,4671,2025-03-25,31510.0,6620.0,12600.0,4510.0,0
7775,7144,2025-05-19,21700.0,5200.0,8680.0,2360.0,0
7776,4988,2025-04-01,22620.0,2740.0,9050.0,2910.0,0
7777,2060,2025-09-01,20230.0,4600.0,8090.0,1900.0,150000
7778,141,2026-02-15,31630.0,3440.0,12650.0,3550.0,0
7779,1790,2024-09-06,18430.0,4300.0,7370.0,2420.0,150000
7780,3627,2025-05-23,13750.0,3830.0,5500.0,1340.0,0
7781,17,2026-08-15,25190.0,3020.0,10080.0,2840.0,50000
7782,5183,2026-07-08,16010.0,2420.0,6400.0,1940.0,0
7783,4349,2025-03-29,30280.0,2390.0,12110.0,3290.0,50000
7784,465,2025-02-14,16200.0,4040.0,6480.0,1780.0,50000
7785,4472,2025-02-09,21070.0,3780.0,8430.0,2210.0,50000
7786,1828,2025-06-03,30530.0,4770.0,12210.0,3860.0,0
7787,3029,2025-06-25,30930.0,4390.0,12370.0,3500.0,300000
7788,520,2025-03-15,18360.0,3890.0,7340.0,970.0,50000
7789,5957,2024-11-09,16200.0,3360.0,6480.0,0.0,50000
7790,90,2026-04-01,32620.0,5360.0,13050.0,3860.0,0
7791,4816,2026-06-12,29200.0,3980.0,11680.0,3820.0,300000
7792,2852,2025-03-12,28110.0,3580.0,11250.0,3820.0,0
7793,2844,2025-11-09,17700.0,2020.0,7080.0,1540.0,300000
7794,4726,2025-05-04,6940.0,1430.0,2780.0,690.0,300000
7795,1885,2026-05-21,24630.0,2880.0,9850.0,3000.0,300000
7796,7343,2025-07-23,34130.0,3940.0,13650.0,3060.0,50000
7797,4172,2025-05-05,16740.0,2210.0,6700.0,1910.0,50000
7798,7781,2025-02-15,29820.0,6530.0,11930.0,3280.0,0
7799,926,2026-04-08,29400.0,5190.0,11760.0,3320.0,0
7800,3735,2025-06-25,28340.0,4110.0,11340.0,3460.0,150000
7801,6544,2025-12-31,35700.0,3580.0,14280.0,2970.0,300000
7802,5902,2026-03-29,40110.0,7890.0,16040.0,4080.0,0
7803,970,2026-01-01,21480.0,4970.0,8590.0,3160.0,0
7804,1095,2025-04-05,11130.0,1530.0,4450.0,1540.0,0
7805,6125,2024-08-22,9420.0,1350.0,3770.0,0.0,50000
7806,7348,2025-04-25,20540.0,5990.0,8210.0,2380.0,0
7807,3196,2025-10-22,32260.0,4090.0,12900.0,3060.0,50000
7808,1405,2024-12-26,27380.0,4670.0,10950.0,3340.0,0
7809,3365,2025-01-13,46840.0,5410.0,18740.0,5920.0,150000
7810,6941,2026-08-12,20090.0,3410.0,8040.0,2340.0,0
7811,4291,2026-02-08,18420.0,2690.0,7370.0,0.0,150000
7812,3983,2025-04-09,23020.0,3770.0,9210.0,2560.0,0
7813,4324,2025-06-21,30160.0,5180.0,12060.0,3080.0,50000
7814,7599,2026-02-27,31390.0,4100.0,12560.0,3800.0,50000
7815,4014,2024-11-16,38860.0,4260.0,15540.0,2240.0,0
7816,5556,2025-02-01,27780.0,2910.0,11110.0,2740.0,50000
7817,7955,2025-11-22,20470.0,4240.0,8190.0,1990.0,0
7818,4557,2026-06-25,26250.0,3310.0,10500.0,2500.0,150000
7819,4714,2025-06-19,17900.0,2500.0,7160.0,1540.0,50000
7820,3093,2026-08-04,31230.0,6330.0,12490.0,3090.0,300000
7821,4160,2025-01-30,32780.0,6850.0,13110.0,3840.0,0
7822,6309,2026-01-25,30770.0,3030.0,12310.0,2700.0,0
7823,2075,2025-11-24,34040.0,4280.0,13620.0,3360.0,0
7824,7479,2025-10-27,19770.0,2490.0,7910.0,2190.0,0
7825,7156,2026-06-15,23260.0,3600.0,9310.0,3300.0,300000
7826,285,2025-04-26,18240.0,2630.0,7300.0,2050.0,150000
7827,5780,2025-02-09,24170.0,6390.0,9670.0,1870.0,50000
7828,6425,2026-04-07,18400.0,2290.0,7360.0,2730.0,50000
7829,4934,2025-01-06,9490.0,1170.0,3800.0,1220.0,150000
7830,4927,2025-04-16,34700.0,5300.0,13880.0,3310.0,0
7831,1188,2024-09-14,30760.0,6480.0,12300.0,3100.0,0
7832,3970,2026-02-15,34350.0,5280.0,13740.0,3590.0,300000
7833,2966,2026-05-10,17090.0,4270.0,6830.0,1800.0,0
7834,4320,2025-07-24,12060.0,1660.0,4830.0,1660.0,50000
7835,784,2025-05-06,11270.0,1660.0,4510.0,940.0,0
7836,7314,2025-04-09,45730.0,5500.0,18290.0,5430.0,0
7837,7109,2026-05-10,36960.0,7200.0,14780.0,3340.0,0
7838,950,2026-03-22,29260.0,3580.0,11700.0,2670.0,0
7839,3940,2026-01-15,19780.0,2780.0,7910.0,2340.0,300000
7840,7198,2026-03-02,21730.0,2690.0,8690.0,2170.0,0
7841,45,2026-02-05,26150.0,6580.0,10460.0,3010.0,150000
7842,1811,2024-12-29,16850.0,2940.0,6740.0,2020.0,0
7843,4567,2026-05-15,28030.0,5420.0,11210.0,2620.0,0
7844,2082,2026-06-17,27540.0,3590.0,11020.0,3520.0,50000
7845,6797,2026-07-07,27700.0,3320.0,11080.0,3150.0,0
7846,3499,2024-08-29,15990.0,2610.0,6390.0,1550.0,50000
7847,830,2025-07-28,31060.0,5600.0,12420.0,4500.0,0
7848,1910,2026-03-05,23750.0,4620.0,9500.0,3070.0,0
7849,6365,2024-10-07,41100.0,5050.0,16440.0,6140.0,0
7850,5988,2026-02-09,34400.0,2650.0,13760.0,3160.0,150000
7851,2582,2025-11-09,25790.0,4420.0,10320.0,2540.0,0
7852,692,2026-06-07,38870.0,3890.0,15550.0,2860.0,50000
7853,4020,2024-10-26,17160.0,3160.0,6860.0,0.0,0
7854,5487,2024-11-07,17620.0,2460.0,7050.0,2330.0,0
7855,932,2024-11-09,29220.0,5860.0,11690.0,4020.0,150000
7856,4937,2025-09-14,12450.0,2230.0,4980.0,1320.0,0
7857,7911,2026-01-08,33300.0,4830.0,13320.0,3200.0,0
7858,7155,2026-07-23,14980.0,3270.0,5990.0,1510.0,300000
7859,6035,2026-03-20,34310.0,8480.0,13720.0,4290.0,0
7860,5670,2025-11-04,33800.0,3790.0,13520.0,2350.0,0
7861,6726,2026-01-25,9550.0,1170.0,3820.0,970.0,0
7862,7284,2024-10-02,27710.0,4030.0,11080.0,3760.0,0
7863,6383,2025-12-05,26290.0,2790.0,10510.0,3020.0,0
7864,3407,2025-08-20,25710.0,4970.0,10290.0,2760.0,0
7865,6585,2025-08-13,23680.0,4880.0,9470.0,2750.0,300000
7866,148,2025-03-11,21220.0,3730.0,8490.0,2370.0,300000
7867,1033,2025-05-14,22490.0,2480.0,9000.0,2540.0,0
7868,1312,2025-11-07,22810.0,3640.0,9120.0,2260.0,50000
7869,388,2026-06-01,14840.0,3290.0,5940.0,1510.0,0
7870,3122,2025-05-27,16390.0,2430.0,6560.0,2000.0,300000
7871,1874,2026-01-19,22190.0,4000.0,8880.0,2860.0,0
7872,3589,2025-09-24,16780.0,4210.0,6710.0,2020.0,150000
7873,916,2026-08-02,12240.0,3740.0,4900.0,1280.0,0
7874,1879,2026-02-15,29300.0,5070.0,11720.0,2820.0,150000
7875,6782,2026-04-25,19680.0,4910.0,7870.0,2500.0,0
7876,7755,2025-10-19,24070.0,5720.0,9630.0,2270.0,50000
7877,3749,2026-05-28,45770.0,8160.0,18310.0,4460.0,0
7878,278,2025-12-23,19910.0,3400.0,7970.0,1570.0,150000
7879,1978,2025-09-23,27980.0,5550.0,11190.0,2340.0,150000
7880,1860,2025-09-06,14180.0,1800.0,5670.0,1310.0,0
7881,3037,2024-12-29,29810.0,5650.0,11920.0,3220.0,0
7882,3372,2026-02-26,36450.0,7220.0,14580.0,3940.0,0
7883,5922,2025-04-08,11210.0,1430.0,4480.0,1290.0,300000
7884,6733,2025-04-18,21330.0,2970.0,8530.0,2580.0,300000
7885,5930,2026-03-20,16890.0,2330.0,6760.0,1790.0,0
7886,6793,2026-06-18,14630.0,2260.0,5850.0,1590.0,0
7887,4714,2025-11-19,17900.0,5540.0,7160.0,1540.0,0
7888,5727,2025-06-30,27780.0,4650.0,11110.0,3150.0,50000
7889,2183,2025-02-08,10940.0,1850.0,4370.0,1120.0,300000
7890,4676,2024-09-20,18250.0,3040.0,7300.0,2020.0,0
7891,1171,2026-07-12,30520.0,4380.0,12210.0,2280.0,150000
7892,490,2026-04-19,34340.0,3170.0,13740.0,4440.0,0
7893,2526,2025-01-17,16990.0,1730.0,6800.0,1540.0,300000
7894,1183,2025-10-27,33320.0,8190.0,13330.0,4140.0,50000
7895,4480,2025-10-22,28550.0,4910.0,11420.0,3300.0,150000
7896,4259,2025-04-12,20420.0,5260.0,8170.0,1910.0,0
7897,2489,2026-06-23,22030.0,4170.0,8810.0,2500.0,0
7898,1877,2026-04-27,42760.0,7040.0,17100.0,4100.0,150000
7899,5309,2024-10-10,45230.0,5000.0,18090.0,2690.0,0
7900,2463,2026-05-17,21600.0,3640.0,8640.0,2130.0,150000
7901,5459,2026-01-26,23710.0,5410.0,9490.0,2450.0,50000
7902,1631,2024-12-26,36010.0,5600.0,14400.0,2540.0,50000
7903,5301,2026-07-30,35240.0,4570.0,14100.0,4180.0,300000
7904,288,2026-04-13,34230.0,5660.0,13690.0,4200.0,0
7905,5954,2025-08-15,15420.0,3860.0,6170.0,1950.0,0
7906,4283,2025-12-01,24100.0,3890.0,9640.0,2810.0,50000
7907,1908,2026-05-23,32420.0,3060.0,12970.0,3100.0,0
7908,1162,2025-04-02,11450.0,1720.0,4580.0,1020.0,0
7909,130,2024-12-01,22280.0,5660.0,8910.0,1930.0,0
7910,6338,2026-01-22,18710.0,4400.0,7480.0,1900.0,0
7911,2364,2024-12-03,32360.0,4960.0,12940.0,3980.0,0
7912,7953,2025-02-25,18890.0,1970.0,7560.0,1870.0,0
7913,5984,2024-10-24,20900.0,4490.0,8360.0,2560.0,300000
7914,144,2024-10-03,24390.0,4310.0,9760.0,2750.0,0
7915,16,2025-03-06,35950.0,3540.0,14380.0,4320.0,0
7916,7470,2024-11-22,29190.0,3980.0,11680.0,3060.0,50000
7917,6567,2025-12-13,26840.0,3160.0,10730.0,3100.0,0
7918,245,2024-10-25,14960.0,2410.0,5980.0,1740.0,0
7919,927,2025-12-04,21200.0,4540.0,8480.0,2000.0,0
7920,3179,2024-10-22,19400.0,3540.0,7760.0,3090.0,0
7921,7256,2026-02-16,28340.0,5270.0,11340.0,3840.0,0
7922,2177,2025-04-29,35970.0,7560.0,14390.0,5220.0,50000
7923,5003,2025-01-28,20490.0,3660.0,8200.0,2400.0,0
7924,887,2025-10-17,42790.0,9540.0,17120.0,4100.0,0
7925,341,2025-09-05,15200.0,2010.0,6080.0,1370.0,0
7926,2052,2024-09-18,40220.0,7840.0,16090.0,3820.0,50000
7927,3399,2026-03-07,23370.0,4400.0,9350.0,2660.0,0
7928,5530,2025-04-30,18080.0,2730.0,7230.0,1890.0,50000
7929,3951,2025-11-19,26900.0,5850.0,10760.0,2650.0,0
7930,306,2026-07-22,12220.0,3130.0,4890.0,1500.0,0
7931,908,2025-12-02,33970.0,6100.0,13590.0,2830.0,300000
7932,2655,2025-03-17,20560.0,5590.0,8220.0,3090.0,150000
7933,3793,2025-01-15,25040.0,4840.0,10020.0,2620.0,0
7934,7393,2024-12-23,13380.0,2680.0,5350.0,1530.0,0
7935,4043,2026-05-08,33600.0,7750.0,13440.0,4350.0,300000
7936,1372,2026-03-28,18510.0,1940.0,7400.0,1970.0,150000
7937,7136,2025-01-03,25450.0,5400.0,10180.0,2580.0,0
7938,321,2025-12-18,23470.0,4160.0,9390.0,2060.0,50000
7939,4655,2025-08-19,31240.0,7300.0,12500.0,2890.0,150000
7940,4060,2025-04-02,20500.0,3490.0,8200.0,2870.0,150000
7941,5301,2026-06-01,35240.0,4260.0,14100.0,4180.0,50000
7942,6762,2024-12-05,9760.0,1640.0,3900.0,1080.0,0
7943,6855,2025-11-04,29490.0,4830.0,11800.0,2960.0,50000
7944,5506,2024-10-23,40810.0,8240.0,16320.0,5260.0,150000
7945,5738,2026-01-10,20830.0,2350.0,8330.0,1930.0,50000
7946,7960,2025-04-03,30380.0,3780.0,12150.0,2900.0,300000
7947,7940,2026-02-28,31040.0,4540.0,12420.0,3750.0,0
7948,1132,2025-10-03,18270.0,2840.0,7310.0,1890.0,0
7949,2579,2024-09-26,15600.0,2980.0,6240.0,1690.0,150000
7950,6554,2025-10-05,23630.0,2690.0,9450.0,3080.0,50000
7951,4043,2025-03-04,33600.0,4510.0,13440.0,4350.0,150000
7952,3368,2025-06-12,31040.0,6970.0,12420.0,3410.0,0
7953,818,2025-01-13,24840.0,3890.0,9940.0,2660.0,300000
7954,5291,2025-07-21,43660.0,4390.0,17460.0,4860.0,0
7955,7499,2024-10-14,20330.0,1970.0,8130.0,2840.0,0
7956,6637,2025-12-16,28520.0,6040.0,11410.0,3300.0,150000
7957,7363,2025-06-30,22310.0,4790.0,8920.0,1820.0,150000
7958,12,2026-02-27,28360.0,6030.0,11340.0,2460.0,0
7959,195,2026-08-18,26760.0,5870.0,10700.0,2310.0,0
7960,2538,2026-01-21,30910.0,3030.0,12360.0,3740.0,300000
7961,2843,2026-02-09,34150.0,3800.0,13660.0,3990.0,300000
7962,7025,2025-11-04,23880.0,4800.0,9550.0,3510.0,0
7963,2230,2026-02-07,33720.0,8300.0,13490.0,4080.0,0
7964,3010,2024-12-15,25640.0,2540.0,10250.0,2180.0,300000
7965,7985,2025-03-05,46220.0,2360.0,18490.0,2510.0,0
7966,4752,2025-07-01,31980.0,5860.0,12790.0,3260.0,0
7967,6018,2025-09-04,28630.0,3090.0,11450.0,2860.0,0
7968,7484,2025-05-14,24120.0,3000.0,9650.0,2550.0,0
7969,6838,2025-05-21,16100.0,5210.0,6440.0,1790.0,300000
7970,2078,2025-07-07,34680.0,5480.0,13870.0,4110.0,150000
7971,5716,2025-06-20,32550.0,5750.0,13020.0,3940.0,300000
7972,7846,2025-11-04,36950.0,5870.0,14780.0,3780.0,50000
7973,3868,2025-07-16,20700.0,3800.0,8280.0,1560.0,0
7974,7961,2025-04-08,22650.0,3790.0,9060.0,2330.0,0
7975,5216,2025-12-21,17510.0,1690.0,7000.0,2900.0,0
7976,7549,2026-04-06,16570.0,2900.0,6630.0,1520.0,150000
7977,4874,2025-02-12,34830.0,6290.0,13930.0,5460.0,300000
7978,444,2024-09-11,7170.0,2710.0,2870.0,830.0,0
7979,298,2024-11-06,31920.0,6720.0,12770.0,3450.0,150000
7980,4904,2025-12-26,18930.0,3460.0,7570.0,2280.0,0
7981,5857,2024-10-08,29740.0,3040.0,11900.0,3420.0,0
7982,845,2025-02-01,26340.0,5290.0,10530.0,2620.0,300000
7983,1016,2024-09-16,23690.0,5100.0,9480.0,3230.0,0
7984,1385,2024-09-17,28220.0,4300.0,11290.0,3340.0,50000
7985,1398,2026-02-13,35100.0,5960.0,14040.0,2860.0,0
7986,554,2025-09-26,15980.0,4580.0,6390.0,2190.0,300000
7987,2351,2025-10-22,19990.0,4180.0,8000.0,1380.0,300000
7988,4517,2025-10-31,21140.0,3690.0,8450.0,1920.0,150000
7989,1270,2024-11-09,45380.0,9360.0,18150.0,5950.0,0
7990,7888,2026-05-06,11410.0,1520.0,4560.0,1200.0,0
7991,1261,2025-02-20,24840.0,4260.0,9940.0,2610.0,0
7992,7702,2025-02-21,26590.0,2250.0,10640.0,3180.0,0
7993,185,2025-01-27,26060.0,4360.0,10420.0,2620.0,300000
7994,4564,2026-02-23,35050.0,3020.0,14020.0,3200.0,150000
7995,6898,2025-11-30,25130.0,4120.0,10050.0,2830.0,0
7996,2411,2026-07-20,30240.0,5050.0,12100.0,3300.0,300000
7997,5403,2025-02-18,22740.0,3600.0,9090.0,0.0,0
7998,5673,2025-12-16,30850.0,5130.0,12340.0,3680.0,0
7999,4432,2024-10-07,21100.0,6240.0,8440.0,2460.0,50000
8000,2210,2025-04-22,20040.0,4300.0,8010.0,2220.0,300000
